2025-03-25 00:02:19,452 - 
================================================================================
2025-03-25 00:02:19,452 - >>> 自动预测系统启动 <<<
2025-03-25 00:02:19,452 - ================================================================================

2025-03-25 00:02:19,452 - 自动预测系统启动
2025-03-25 00:02:19,452 - 当前日期: 20250325, 时间: 00:02:19
2025-03-25 00:02:19,452 - 
================================================================================
2025-03-25 00:02:19,452 - >>> 开始执行预测 <<<
2025-03-25 00:02:19,452 - ================================================================================

2025-03-25 00:02:19,452 - 开始执行预测
2025-03-25 00:02:19,453 - 扫描预测数据文件目录: D:\my-vue-project\wind-power-forecast\backend\auto_scripts\precsv\supershortcsv\20250325
2025-03-25 00:02:19,454 - 检查模型目录: D:\my-vue-project\wind-power-forecast\backend\auto_scripts\models\supershortmodel\20250325
2025-03-25 00:02:19,454 - 未找到best_models目录，检查传统模型文件
2025-03-25 00:02:19,454 - 未找到任何可用模型文件
2025-03-25 00:02:19,454 - ❌ 未有可用模型，无法执行预测
2025-03-25 00:02:19,454 - 
================================================================================
2025-03-25 00:02:19,454 - >>> 预测任务结束 <<<
2025-03-25 00:02:19,454 - ================================================================================

2025-03-25 00:02:19,454 - 预测任务结束
2025-03-25 00:07:20,894 - 
================================================================================
2025-03-25 00:07:20,894 - >>> 自动预测系统启动 <<<
2025-03-25 00:07:20,894 - ================================================================================

2025-03-25 00:07:20,894 - 自动预测系统启动
2025-03-25 00:07:20,894 - 当前日期: 20250325, 时间: 00:07:20
2025-03-25 00:07:20,895 - 
================================================================================
2025-03-25 00:07:20,895 - >>> 开始执行预测 <<<
2025-03-25 00:07:20,895 - ================================================================================

2025-03-25 00:07:20,895 - 开始执行预测
2025-03-25 00:07:20,895 - 扫描预测数据文件目录: D:\my-vue-project\wind-power-forecast\backend\auto_scripts\precsv\supershortcsv\20250325
2025-03-25 00:07:20,895 - 检查模型目录: D:\my-vue-project\wind-power-forecast\backend\auto_scripts\models\supershortmodel\20250325
2025-03-25 00:07:20,895 - 未找到best_models目录，检查传统模型文件
2025-03-25 00:07:20,895 - 未找到任何可用模型文件
2025-03-25 00:07:20,895 - ❌ 未有可用模型，无法执行预测
2025-03-25 00:07:20,895 - 
================================================================================
2025-03-25 00:07:20,895 - >>> 预测任务结束 <<<
2025-03-25 00:07:20,895 - ================================================================================

2025-03-25 00:07:20,895 - 预测任务结束
2025-03-25 00:12:22,112 - 
================================================================================
2025-03-25 00:12:22,112 - >>> 自动预测系统启动 <<<
2025-03-25 00:12:22,112 - ================================================================================

2025-03-25 00:12:22,112 - 自动预测系统启动
2025-03-25 00:12:22,112 - 当前日期: 20250325, 时间: 00:12:22
2025-03-25 00:12:22,112 - 
================================================================================
2025-03-25 00:12:22,112 - >>> 开始执行预测 <<<
2025-03-25 00:12:22,112 - ================================================================================

2025-03-25 00:12:22,112 - 开始执行预测
2025-03-25 00:12:22,112 - 扫描预测数据文件目录: D:\my-vue-project\wind-power-forecast\backend\auto_scripts\precsv\supershortcsv\20250325
2025-03-25 00:12:22,112 - 检查模型目录: D:\my-vue-project\wind-power-forecast\backend\auto_scripts\models\supershortmodel\20250325
2025-03-25 00:12:22,112 - 未找到best_models目录，检查传统模型文件
2025-03-25 00:12:22,112 - 未找到任何可用模型文件
2025-03-25 00:12:22,113 - ❌ 未有可用模型，无法执行预测
2025-03-25 00:12:22,113 - 
================================================================================
2025-03-25 00:12:22,113 - >>> 预测任务结束 <<<
2025-03-25 00:12:22,113 - ================================================================================

2025-03-25 00:12:22,113 - 预测任务结束
2025-03-25 00:17:23,566 - 
================================================================================
2025-03-25 00:17:23,566 - >>> 自动预测系统启动 <<<
2025-03-25 00:17:23,566 - ================================================================================

2025-03-25 00:17:23,566 - 自动预测系统启动
2025-03-25 00:17:23,566 - 当前日期: 20250325, 时间: 00:17:23
2025-03-25 00:17:23,566 - 
================================================================================
2025-03-25 00:17:23,566 - >>> 开始执行预测 <<<
2025-03-25 00:17:23,566 - ================================================================================

2025-03-25 00:17:23,567 - 开始执行预测
2025-03-25 00:17:23,567 - 扫描预测数据文件目录: D:\my-vue-project\wind-power-forecast\backend\auto_scripts\precsv\supershortcsv\20250325
2025-03-25 00:17:23,567 - 检查模型目录: D:\my-vue-project\wind-power-forecast\backend\auto_scripts\models\supershortmodel\20250325
2025-03-25 00:17:23,567 - 未找到best_models目录，检查传统模型文件
2025-03-25 00:17:23,567 - 未找到任何可用模型文件
2025-03-25 00:17:23,567 - ❌ 未有可用模型，无法执行预测
2025-03-25 00:17:23,567 - 
================================================================================
2025-03-25 00:17:23,567 - >>> 预测任务结束 <<<
2025-03-25 00:17:23,567 - ================================================================================

2025-03-25 00:17:23,567 - 预测任务结束
2025-03-25 00:22:25,216 - 
================================================================================
2025-03-25 00:22:25,216 - >>> 自动预测系统启动 <<<
2025-03-25 00:22:25,216 - ================================================================================

2025-03-25 00:22:25,216 - 自动预测系统启动
2025-03-25 00:22:25,216 - 当前日期: 20250325, 时间: 00:22:25
2025-03-25 00:22:25,216 - 
================================================================================
2025-03-25 00:22:25,216 - >>> 开始执行预测 <<<
2025-03-25 00:22:25,216 - ================================================================================

2025-03-25 00:22:25,216 - 开始执行预测
2025-03-25 00:22:25,217 - 扫描预测数据文件目录: D:\my-vue-project\wind-power-forecast\backend\auto_scripts\precsv\supershortcsv\20250325
2025-03-25 00:22:25,217 - 检查模型目录: D:\my-vue-project\wind-power-forecast\backend\auto_scripts\models\supershortmodel\20250325
2025-03-25 00:22:25,217 - 未找到best_models目录，检查传统模型文件
2025-03-25 00:22:25,217 - 未找到任何可用模型文件
2025-03-25 00:22:25,217 - ❌ 未有可用模型，无法执行预测
2025-03-25 00:22:25,217 - 
================================================================================
2025-03-25 00:22:25,217 - >>> 预测任务结束 <<<
2025-03-25 00:22:25,217 - ================================================================================

2025-03-25 00:22:25,217 - 预测任务结束
2025-03-25 00:27:26,646 - 
================================================================================
2025-03-25 00:27:26,646 - >>> 自动预测系统启动 <<<
2025-03-25 00:27:26,647 - ================================================================================

2025-03-25 00:27:26,647 - 自动预测系统启动
2025-03-25 00:27:26,647 - 当前日期: 20250325, 时间: 00:27:26
2025-03-25 00:27:26,647 - 
================================================================================
2025-03-25 00:27:26,647 - >>> 开始执行预测 <<<
2025-03-25 00:27:26,647 - ================================================================================

2025-03-25 00:27:26,647 - 开始执行预测
2025-03-25 00:27:26,647 - 扫描预测数据文件目录: D:\my-vue-project\wind-power-forecast\backend\auto_scripts\precsv\supershortcsv\20250325
2025-03-25 00:27:26,647 - 检查模型目录: D:\my-vue-project\wind-power-forecast\backend\auto_scripts\models\supershortmodel\20250325
2025-03-25 00:27:26,647 - 未找到best_models目录，检查传统模型文件
2025-03-25 00:27:26,647 - 未找到任何可用模型文件
2025-03-25 00:27:26,647 - ❌ 未有可用模型，无法执行预测
2025-03-25 00:27:26,647 - 
================================================================================
2025-03-25 00:27:26,647 - >>> 预测任务结束 <<<
2025-03-25 00:27:26,647 - ================================================================================

2025-03-25 00:27:26,647 - 预测任务结束
2025-03-25 00:32:28,152 - 
================================================================================
2025-03-25 00:32:28,152 - >>> 自动预测系统启动 <<<
2025-03-25 00:32:28,152 - ================================================================================

2025-03-25 00:32:28,152 - 自动预测系统启动
2025-03-25 00:32:28,152 - 当前日期: 20250325, 时间: 00:32:28
2025-03-25 00:32:28,152 - 
================================================================================
2025-03-25 00:32:28,152 - >>> 开始执行预测 <<<
2025-03-25 00:32:28,152 - ================================================================================

2025-03-25 00:32:28,152 - 开始执行预测
2025-03-25 00:32:28,153 - 扫描预测数据文件目录: D:\my-vue-project\wind-power-forecast\backend\auto_scripts\precsv\supershortcsv\20250325
2025-03-25 00:32:28,153 - 检查模型目录: D:\my-vue-project\wind-power-forecast\backend\auto_scripts\models\supershortmodel\20250325
2025-03-25 00:32:28,153 - 未找到best_models目录，检查传统模型文件
2025-03-25 00:32:28,153 - 未找到任何可用模型文件
2025-03-25 00:32:28,153 - ❌ 未有可用模型，无法执行预测
2025-03-25 00:32:28,153 - 
================================================================================
2025-03-25 00:32:28,153 - >>> 预测任务结束 <<<
2025-03-25 00:32:28,153 - ================================================================================

2025-03-25 00:32:28,153 - 预测任务结束
2025-03-25 00:37:29,517 - 
================================================================================
2025-03-25 00:37:29,518 - >>> 自动预测系统启动 <<<
2025-03-25 00:37:29,518 - ================================================================================

2025-03-25 00:37:29,518 - 自动预测系统启动
2025-03-25 00:37:29,518 - 当前日期: 20250325, 时间: 00:37:29
2025-03-25 00:37:29,518 - 
================================================================================
2025-03-25 00:37:29,518 - >>> 开始执行预测 <<<
2025-03-25 00:37:29,518 - ================================================================================

2025-03-25 00:37:29,518 - 开始执行预测
2025-03-25 00:37:29,518 - 扫描预测数据文件目录: D:\my-vue-project\wind-power-forecast\backend\auto_scripts\precsv\supershortcsv\20250325
2025-03-25 00:37:29,518 - 检查模型目录: D:\my-vue-project\wind-power-forecast\backend\auto_scripts\models\supershortmodel\20250325
2025-03-25 00:37:29,518 - 未找到best_models目录，检查传统模型文件
2025-03-25 00:37:29,518 - 未找到任何可用模型文件
2025-03-25 00:37:29,519 - ❌ 未有可用模型，无法执行预测
2025-03-25 00:37:29,519 - 
================================================================================
2025-03-25 00:37:29,519 - >>> 预测任务结束 <<<
2025-03-25 00:37:29,519 - ================================================================================

2025-03-25 00:37:29,519 - 预测任务结束
2025-03-25 00:42:31,026 - 
================================================================================
2025-03-25 00:42:31,026 - >>> 自动预测系统启动 <<<
2025-03-25 00:42:31,026 - ================================================================================

2025-03-25 00:42:31,026 - 自动预测系统启动
2025-03-25 00:42:31,026 - 当前日期: 20250325, 时间: 00:42:31
2025-03-25 00:42:31,026 - 
================================================================================
2025-03-25 00:42:31,026 - >>> 开始执行预测 <<<
2025-03-25 00:42:31,026 - ================================================================================

2025-03-25 00:42:31,026 - 开始执行预测
2025-03-25 00:42:31,027 - 扫描预测数据文件目录: D:\my-vue-project\wind-power-forecast\backend\auto_scripts\precsv\supershortcsv\20250325
2025-03-25 00:42:31,027 - 检查模型目录: D:\my-vue-project\wind-power-forecast\backend\auto_scripts\models\supershortmodel\20250325
2025-03-25 00:42:31,027 - 未找到best_models目录，检查传统模型文件
2025-03-25 00:42:31,027 - 未找到任何可用模型文件
2025-03-25 00:42:31,027 - ❌ 未有可用模型，无法执行预测
2025-03-25 00:42:31,027 - 
================================================================================
2025-03-25 00:42:31,027 - >>> 预测任务结束 <<<
2025-03-25 00:42:31,027 - ================================================================================

2025-03-25 00:42:31,027 - 预测任务结束
2025-03-25 00:47:32,555 - 
================================================================================
2025-03-25 00:47:32,555 - >>> 自动预测系统启动 <<<
2025-03-25 00:47:32,555 - ================================================================================

2025-03-25 00:47:32,555 - 自动预测系统启动
2025-03-25 00:47:32,555 - 当前日期: 20250325, 时间: 00:47:32
2025-03-25 00:47:32,555 - 
================================================================================
2025-03-25 00:47:32,555 - >>> 开始执行预测 <<<
2025-03-25 00:47:32,555 - ================================================================================

2025-03-25 00:47:32,555 - 开始执行预测
2025-03-25 00:47:32,556 - 扫描预测数据文件目录: D:\my-vue-project\wind-power-forecast\backend\auto_scripts\precsv\supershortcsv\20250325
2025-03-25 00:47:32,556 - 检查模型目录: D:\my-vue-project\wind-power-forecast\backend\auto_scripts\models\supershortmodel\20250325
2025-03-25 00:47:32,556 - 未找到best_models目录，检查传统模型文件
2025-03-25 00:47:32,556 - 未找到任何可用模型文件
2025-03-25 00:47:32,556 - ❌ 未有可用模型，无法执行预测
2025-03-25 00:47:32,556 - 
================================================================================
2025-03-25 00:47:32,556 - >>> 预测任务结束 <<<
2025-03-25 00:47:32,556 - ================================================================================

2025-03-25 00:47:32,556 - 预测任务结束
2025-03-25 00:52:34,145 - 
================================================================================
2025-03-25 00:52:34,145 - >>> 自动预测系统启动 <<<
2025-03-25 00:52:34,145 - ================================================================================

2025-03-25 00:52:34,145 - 自动预测系统启动
2025-03-25 00:52:34,145 - 当前日期: 20250325, 时间: 00:52:34
2025-03-25 00:52:34,145 - 
================================================================================
2025-03-25 00:52:34,145 - >>> 开始执行预测 <<<
2025-03-25 00:52:34,145 - ================================================================================

2025-03-25 00:52:34,145 - 开始执行预测
2025-03-25 00:52:34,145 - 扫描预测数据文件目录: D:\my-vue-project\wind-power-forecast\backend\auto_scripts\precsv\supershortcsv\20250325
2025-03-25 00:52:34,145 - 检查模型目录: D:\my-vue-project\wind-power-forecast\backend\auto_scripts\models\supershortmodel\20250325
2025-03-25 00:52:34,146 - 未找到best_models目录，检查传统模型文件
2025-03-25 00:52:34,146 - 未找到任何可用模型文件
2025-03-25 00:52:34,146 - ❌ 未有可用模型，无法执行预测
2025-03-25 00:52:34,146 - 
================================================================================
2025-03-25 00:52:34,146 - >>> 预测任务结束 <<<
2025-03-25 00:52:34,146 - ================================================================================

2025-03-25 00:52:34,146 - 预测任务结束
2025-03-25 00:57:35,751 - 
================================================================================
2025-03-25 00:57:35,751 - >>> 自动预测系统启动 <<<
2025-03-25 00:57:35,751 - ================================================================================

2025-03-25 00:57:35,751 - 自动预测系统启动
2025-03-25 00:57:35,751 - 当前日期: 20250325, 时间: 00:57:35
2025-03-25 00:57:35,751 - 
================================================================================
2025-03-25 00:57:35,751 - >>> 开始执行预测 <<<
2025-03-25 00:57:35,751 - ================================================================================

2025-03-25 00:57:35,751 - 开始执行预测
2025-03-25 00:57:35,751 - 扫描预测数据文件目录: D:\my-vue-project\wind-power-forecast\backend\auto_scripts\precsv\supershortcsv\20250325
2025-03-25 00:57:35,751 - 检查模型目录: D:\my-vue-project\wind-power-forecast\backend\auto_scripts\models\supershortmodel\20250325
2025-03-25 00:57:35,752 - 未找到best_models目录，检查传统模型文件
2025-03-25 00:57:35,752 - 未找到任何可用模型文件
2025-03-25 00:57:35,752 - ❌ 未有可用模型，无法执行预测
2025-03-25 00:57:35,752 - 
================================================================================
2025-03-25 00:57:35,752 - >>> 预测任务结束 <<<
2025-03-25 00:57:35,752 - ================================================================================

2025-03-25 00:57:35,752 - 预测任务结束
2025-03-25 01:02:37,368 - 
================================================================================
2025-03-25 01:02:37,368 - >>> 自动预测系统启动 <<<
2025-03-25 01:02:37,368 - ================================================================================

2025-03-25 01:02:37,368 - 自动预测系统启动
2025-03-25 01:02:37,368 - 当前日期: 20250325, 时间: 01:02:37
2025-03-25 01:02:37,368 - 
================================================================================
2025-03-25 01:02:37,368 - >>> 开始执行预测 <<<
2025-03-25 01:02:37,368 - ================================================================================

2025-03-25 01:02:37,368 - 开始执行预测
2025-03-25 01:02:37,368 - 扫描预测数据文件目录: D:\my-vue-project\wind-power-forecast\backend\auto_scripts\precsv\supershortcsv\20250325
2025-03-25 01:02:37,368 - 检查模型目录: D:\my-vue-project\wind-power-forecast\backend\auto_scripts\models\supershortmodel\20250325
2025-03-25 01:02:37,369 - 未找到best_models目录，检查传统模型文件
2025-03-25 01:02:37,369 - 未找到任何可用模型文件
2025-03-25 01:02:37,369 - ❌ 未有可用模型，无法执行预测
2025-03-25 01:02:37,369 - 
================================================================================
2025-03-25 01:02:37,369 - >>> 预测任务结束 <<<
2025-03-25 01:02:37,369 - ================================================================================

2025-03-25 01:02:37,369 - 预测任务结束
2025-03-25 01:07:38,931 - 
================================================================================
2025-03-25 01:07:38,931 - >>> 自动预测系统启动 <<<
2025-03-25 01:07:38,931 - ================================================================================

2025-03-25 01:07:38,931 - 自动预测系统启动
2025-03-25 01:07:38,931 - 当前日期: 20250325, 时间: 01:07:38
2025-03-25 01:07:38,931 - 
================================================================================
2025-03-25 01:07:38,932 - >>> 开始执行预测 <<<
2025-03-25 01:07:38,932 - ================================================================================

2025-03-25 01:07:38,932 - 开始执行预测
2025-03-25 01:07:38,932 - 扫描预测数据文件目录: D:\my-vue-project\wind-power-forecast\backend\auto_scripts\precsv\supershortcsv\20250325
2025-03-25 01:07:38,932 - 检查模型目录: D:\my-vue-project\wind-power-forecast\backend\auto_scripts\models\supershortmodel\20250325
2025-03-25 01:07:38,932 - 未找到best_models目录，检查传统模型文件
2025-03-25 01:07:38,932 - 未找到任何可用模型文件
2025-03-25 01:07:38,932 - ❌ 未有可用模型，无法执行预测
2025-03-25 01:07:38,932 - 
================================================================================
2025-03-25 01:07:38,932 - >>> 预测任务结束 <<<
2025-03-25 01:07:38,932 - ================================================================================

2025-03-25 01:07:38,932 - 预测任务结束
2025-03-25 01:12:40,519 - 
================================================================================
2025-03-25 01:12:40,519 - >>> 自动预测系统启动 <<<
2025-03-25 01:12:40,519 - ================================================================================

2025-03-25 01:12:40,519 - 自动预测系统启动
2025-03-25 01:12:40,519 - 当前日期: 20250325, 时间: 01:12:40
2025-03-25 01:12:40,519 - 
================================================================================
2025-03-25 01:12:40,519 - >>> 开始执行预测 <<<
2025-03-25 01:12:40,519 - ================================================================================

2025-03-25 01:12:40,519 - 开始执行预测
2025-03-25 01:12:40,519 - 扫描预测数据文件目录: D:\my-vue-project\wind-power-forecast\backend\auto_scripts\precsv\supershortcsv\20250325
2025-03-25 01:12:40,519 - 检查模型目录: D:\my-vue-project\wind-power-forecast\backend\auto_scripts\models\supershortmodel\20250325
2025-03-25 01:12:40,520 - 未找到best_models目录，检查传统模型文件
2025-03-25 01:12:40,520 - 未找到任何可用模型文件
2025-03-25 01:12:40,520 - ❌ 未有可用模型，无法执行预测
2025-03-25 01:12:40,520 - 
================================================================================
2025-03-25 01:12:40,520 - >>> 预测任务结束 <<<
2025-03-25 01:12:40,520 - ================================================================================

2025-03-25 01:12:40,520 - 预测任务结束
2025-03-25 01:17:41,952 - 
================================================================================
2025-03-25 01:17:41,952 - >>> 自动预测系统启动 <<<
2025-03-25 01:17:41,952 - ================================================================================

2025-03-25 01:17:41,952 - 自动预测系统启动
2025-03-25 01:17:41,952 - 当前日期: 20250325, 时间: 01:17:41
2025-03-25 01:17:41,952 - 
================================================================================
2025-03-25 01:17:41,952 - >>> 开始执行预测 <<<
2025-03-25 01:17:41,952 - ================================================================================

2025-03-25 01:17:41,952 - 开始执行预测
2025-03-25 01:17:41,953 - 扫描预测数据文件目录: D:\my-vue-project\wind-power-forecast\backend\auto_scripts\precsv\supershortcsv\20250325
2025-03-25 01:17:41,953 - 检查模型目录: D:\my-vue-project\wind-power-forecast\backend\auto_scripts\models\supershortmodel\20250325
2025-03-25 01:17:41,953 - 未找到best_models目录，检查传统模型文件
2025-03-25 01:17:41,953 - 未找到任何可用模型文件
2025-03-25 01:17:41,953 - ❌ 未有可用模型，无法执行预测
2025-03-25 01:17:41,953 - 
================================================================================
2025-03-25 01:17:41,953 - >>> 预测任务结束 <<<
2025-03-25 01:17:41,953 - ================================================================================

2025-03-25 01:17:41,953 - 预测任务结束
2025-03-25 01:22:43,579 - 
================================================================================
2025-03-25 01:22:43,579 - >>> 自动预测系统启动 <<<
2025-03-25 01:22:43,579 - ================================================================================

2025-03-25 01:22:43,579 - 自动预测系统启动
2025-03-25 01:22:43,579 - 当前日期: 20250325, 时间: 01:22:43
2025-03-25 01:22:43,579 - 
================================================================================
2025-03-25 01:22:43,580 - >>> 开始执行预测 <<<
2025-03-25 01:22:43,580 - ================================================================================

2025-03-25 01:22:43,580 - 开始执行预测
2025-03-25 01:22:43,580 - 扫描预测数据文件目录: D:\my-vue-project\wind-power-forecast\backend\auto_scripts\precsv\supershortcsv\20250325
2025-03-25 01:22:43,580 - 检查模型目录: D:\my-vue-project\wind-power-forecast\backend\auto_scripts\models\supershortmodel\20250325
2025-03-25 01:22:43,580 - 未找到best_models目录，检查传统模型文件
2025-03-25 01:22:43,580 - 未找到任何可用模型文件
2025-03-25 01:22:43,580 - ❌ 未有可用模型，无法执行预测
2025-03-25 01:22:43,580 - 
================================================================================
2025-03-25 01:22:43,580 - >>> 预测任务结束 <<<
2025-03-25 01:22:43,580 - ================================================================================

2025-03-25 01:22:43,580 - 预测任务结束
2025-03-25 01:27:45,070 - 
================================================================================
2025-03-25 01:27:45,070 - >>> 自动预测系统启动 <<<
2025-03-25 01:27:45,070 - ================================================================================

2025-03-25 01:27:45,070 - 自动预测系统启动
2025-03-25 01:27:45,070 - 当前日期: 20250325, 时间: 01:27:45
2025-03-25 01:27:45,070 - 
================================================================================
2025-03-25 01:27:45,070 - >>> 开始执行预测 <<<
2025-03-25 01:27:45,070 - ================================================================================

2025-03-25 01:27:45,070 - 开始执行预测
2025-03-25 01:27:45,071 - 扫描预测数据文件目录: D:\my-vue-project\wind-power-forecast\backend\auto_scripts\precsv\supershortcsv\20250325
2025-03-25 01:27:45,071 - 检查模型目录: D:\my-vue-project\wind-power-forecast\backend\auto_scripts\models\supershortmodel\20250325
2025-03-25 01:27:45,071 - 未找到best_models目录，检查传统模型文件
2025-03-25 01:27:45,071 - 未找到任何可用模型文件
2025-03-25 01:27:45,071 - ❌ 未有可用模型，无法执行预测
2025-03-25 01:27:45,071 - 
================================================================================
2025-03-25 01:27:45,071 - >>> 预测任务结束 <<<
2025-03-25 01:27:45,071 - ================================================================================

2025-03-25 01:27:45,071 - 预测任务结束
2025-03-25 01:32:46,653 - 
================================================================================
2025-03-25 01:32:46,653 - >>> 自动预测系统启动 <<<
2025-03-25 01:32:46,653 - ================================================================================

2025-03-25 01:32:46,653 - 自动预测系统启动
2025-03-25 01:32:46,653 - 当前日期: 20250325, 时间: 01:32:46
2025-03-25 01:32:46,653 - 
================================================================================
2025-03-25 01:32:46,653 - >>> 开始执行预测 <<<
2025-03-25 01:32:46,653 - ================================================================================

2025-03-25 01:32:46,653 - 开始执行预测
2025-03-25 01:32:46,654 - 扫描预测数据文件目录: D:\my-vue-project\wind-power-forecast\backend\auto_scripts\precsv\supershortcsv\20250325
2025-03-25 01:32:46,654 - 检查模型目录: D:\my-vue-project\wind-power-forecast\backend\auto_scripts\models\supershortmodel\20250325
2025-03-25 01:32:46,654 - 未找到best_models目录，检查传统模型文件
2025-03-25 01:32:46,654 - 未找到任何可用模型文件
2025-03-25 01:32:46,654 - ❌ 未有可用模型，无法执行预测
2025-03-25 01:32:46,654 - 
================================================================================
2025-03-25 01:32:46,654 - >>> 预测任务结束 <<<
2025-03-25 01:32:46,654 - ================================================================================

2025-03-25 01:32:46,654 - 预测任务结束
2025-03-25 01:37:48,115 - 
================================================================================
2025-03-25 01:37:48,115 - >>> 自动预测系统启动 <<<
2025-03-25 01:37:48,115 - ================================================================================

2025-03-25 01:37:48,115 - 自动预测系统启动
2025-03-25 01:37:48,115 - 当前日期: 20250325, 时间: 01:37:48
2025-03-25 01:37:48,116 - 
================================================================================
2025-03-25 01:37:48,116 - >>> 开始执行预测 <<<
2025-03-25 01:37:48,116 - ================================================================================

2025-03-25 01:37:48,116 - 开始执行预测
2025-03-25 01:37:48,116 - 扫描预测数据文件目录: D:\my-vue-project\wind-power-forecast\backend\auto_scripts\precsv\supershortcsv\20250325
2025-03-25 01:37:48,116 - 检查模型目录: D:\my-vue-project\wind-power-forecast\backend\auto_scripts\models\supershortmodel\20250325
2025-03-25 01:37:48,116 - 未找到best_models目录，检查传统模型文件
2025-03-25 01:37:48,116 - 未找到任何可用模型文件
2025-03-25 01:37:48,116 - ❌ 未有可用模型，无法执行预测
2025-03-25 01:37:48,116 - 
================================================================================
2025-03-25 01:37:48,116 - >>> 预测任务结束 <<<
2025-03-25 01:37:48,116 - ================================================================================

2025-03-25 01:37:48,116 - 预测任务结束
2025-03-25 01:42:49,672 - 
================================================================================
2025-03-25 01:42:49,673 - >>> 自动预测系统启动 <<<
2025-03-25 01:42:49,673 - ================================================================================

2025-03-25 01:42:49,673 - 自动预测系统启动
2025-03-25 01:42:49,673 - 当前日期: 20250325, 时间: 01:42:49
2025-03-25 01:42:49,673 - 
================================================================================
2025-03-25 01:42:49,673 - >>> 开始执行预测 <<<
2025-03-25 01:42:49,673 - ================================================================================

2025-03-25 01:42:49,673 - 开始执行预测
2025-03-25 01:42:49,673 - 扫描预测数据文件目录: D:\my-vue-project\wind-power-forecast\backend\auto_scripts\precsv\supershortcsv\20250325
2025-03-25 01:42:49,673 - 检查模型目录: D:\my-vue-project\wind-power-forecast\backend\auto_scripts\models\supershortmodel\20250325
2025-03-25 01:42:49,673 - 未找到best_models目录，检查传统模型文件
2025-03-25 01:42:49,673 - 未找到任何可用模型文件
2025-03-25 01:42:49,673 - ❌ 未有可用模型，无法执行预测
2025-03-25 01:42:49,673 - 
================================================================================
2025-03-25 01:42:49,674 - >>> 预测任务结束 <<<
2025-03-25 01:42:49,674 - ================================================================================

2025-03-25 01:42:49,674 - 预测任务结束
2025-03-25 01:47:51,144 - 
================================================================================
2025-03-25 01:47:51,144 - >>> 自动预测系统启动 <<<
2025-03-25 01:47:51,144 - ================================================================================

2025-03-25 01:47:51,144 - 自动预测系统启动
2025-03-25 01:47:51,144 - 当前日期: 20250325, 时间: 01:47:51
2025-03-25 01:47:51,145 - 
================================================================================
2025-03-25 01:47:51,145 - >>> 开始执行预测 <<<
2025-03-25 01:47:51,145 - ================================================================================

2025-03-25 01:47:51,145 - 开始执行预测
2025-03-25 01:47:51,145 - 扫描预测数据文件目录: D:\my-vue-project\wind-power-forecast\backend\auto_scripts\precsv\supershortcsv\20250325
2025-03-25 01:47:51,145 - 检查模型目录: D:\my-vue-project\wind-power-forecast\backend\auto_scripts\models\supershortmodel\20250325
2025-03-25 01:47:51,145 - 未找到best_models目录，检查传统模型文件
2025-03-25 01:47:51,145 - 未找到任何可用模型文件
2025-03-25 01:47:51,145 - ❌ 未有可用模型，无法执行预测
2025-03-25 01:47:51,145 - 
================================================================================
2025-03-25 01:47:51,145 - >>> 预测任务结束 <<<
2025-03-25 01:47:51,145 - ================================================================================

2025-03-25 01:47:51,145 - 预测任务结束
2025-03-25 01:52:52,627 - 
================================================================================
2025-03-25 01:52:52,627 - >>> 自动预测系统启动 <<<
2025-03-25 01:52:52,627 - ================================================================================

2025-03-25 01:52:52,627 - 自动预测系统启动
2025-03-25 01:52:52,627 - 当前日期: 20250325, 时间: 01:52:52
2025-03-25 01:52:52,627 - 
================================================================================
2025-03-25 01:52:52,627 - >>> 开始执行预测 <<<
2025-03-25 01:52:52,627 - ================================================================================

2025-03-25 01:52:52,627 - 开始执行预测
2025-03-25 01:52:52,628 - 扫描预测数据文件目录: D:\my-vue-project\wind-power-forecast\backend\auto_scripts\precsv\supershortcsv\20250325
2025-03-25 01:52:52,628 - 检查模型目录: D:\my-vue-project\wind-power-forecast\backend\auto_scripts\models\supershortmodel\20250325
2025-03-25 01:52:52,628 - 未找到best_models目录，检查传统模型文件
2025-03-25 01:52:52,628 - 未找到任何可用模型文件
2025-03-25 01:52:52,628 - ❌ 未有可用模型，无法执行预测
2025-03-25 01:52:52,628 - 
================================================================================
2025-03-25 01:52:52,628 - >>> 预测任务结束 <<<
2025-03-25 01:52:52,628 - ================================================================================

2025-03-25 01:52:52,628 - 预测任务结束
2025-03-25 01:57:53,933 - 
================================================================================
2025-03-25 01:57:53,933 - >>> 自动预测系统启动 <<<
2025-03-25 01:57:53,933 - ================================================================================

2025-03-25 01:57:53,933 - 自动预测系统启动
2025-03-25 01:57:53,933 - 当前日期: 20250325, 时间: 01:57:53
2025-03-25 01:57:53,933 - 
================================================================================
2025-03-25 01:57:53,933 - >>> 开始执行预测 <<<
2025-03-25 01:57:53,933 - ================================================================================

2025-03-25 01:57:53,933 - 开始执行预测
2025-03-25 01:57:53,934 - 扫描预测数据文件目录: D:\my-vue-project\wind-power-forecast\backend\auto_scripts\precsv\supershortcsv\20250325
2025-03-25 01:57:53,934 - 检查模型目录: D:\my-vue-project\wind-power-forecast\backend\auto_scripts\models\supershortmodel\20250325
2025-03-25 01:57:53,934 - 未找到best_models目录，检查传统模型文件
2025-03-25 01:57:53,934 - 未找到任何可用模型文件
2025-03-25 01:57:53,934 - ❌ 未有可用模型，无法执行预测
2025-03-25 01:57:53,934 - 
================================================================================
2025-03-25 01:57:53,934 - >>> 预测任务结束 <<<
2025-03-25 01:57:53,934 - ================================================================================

2025-03-25 01:57:53,934 - 预测任务结束
2025-03-25 02:02:56,355 - 
================================================================================
2025-03-25 02:02:56,356 - >>> 自动预测系统启动 <<<
2025-03-25 02:02:56,356 - ================================================================================

2025-03-25 02:02:56,356 - 自动预测系统启动
2025-03-25 02:02:56,356 - 当前日期: 20250325, 时间: 02:02:56
2025-03-25 02:02:56,356 - 
================================================================================
2025-03-25 02:02:56,356 - >>> 开始执行预测 <<<
2025-03-25 02:02:56,356 - ================================================================================

2025-03-25 02:02:56,356 - 开始执行预测
2025-03-25 02:02:56,357 - 扫描预测数据文件目录: D:\my-vue-project\wind-power-forecast\backend\auto_scripts\precsv\supershortcsv\20250325
2025-03-25 02:02:56,357 - 检查模型目录: D:\my-vue-project\wind-power-forecast\backend\auto_scripts\models\supershortmodel\20250325
2025-03-25 02:02:56,357 - 发现best_models目录: D:\my-vue-project\wind-power-forecast\backend\auto_scripts\models\supershortmodel\20250325\best_models
2025-03-25 02:02:56,357 - 未找到GBDT模型文件
2025-03-25 02:02:56,357 - 未找到DART模型文件
2025-03-25 02:02:56,357 - 未找到GOSS模型文件
2025-03-25 02:02:56,358 - 未找到任何可用模型文件
2025-03-25 02:02:56,358 - ❌ 未有可用模型，无法执行预测
2025-03-25 02:02:56,358 - 
================================================================================
2025-03-25 02:02:56,358 - >>> 预测任务结束 <<<
2025-03-25 02:02:56,358 - ================================================================================

2025-03-25 02:02:56,358 - 预测任务结束
2025-03-25 02:07:58,567 - 
================================================================================
2025-03-25 02:07:58,567 - >>> 自动预测系统启动 <<<
2025-03-25 02:07:58,567 - ================================================================================

2025-03-25 02:07:58,567 - 自动预测系统启动
2025-03-25 02:07:58,568 - 当前日期: 20250325, 时间: 02:07:58
2025-03-25 02:07:58,568 - 
================================================================================
2025-03-25 02:07:58,568 - >>> 开始执行预测 <<<
2025-03-25 02:07:58,568 - ================================================================================

2025-03-25 02:07:58,568 - 开始执行预测
2025-03-25 02:07:58,568 - 扫描预测数据文件目录: D:\my-vue-project\wind-power-forecast\backend\auto_scripts\precsv\supershortcsv\20250325
2025-03-25 02:07:58,568 - 检查模型目录: D:\my-vue-project\wind-power-forecast\backend\auto_scripts\models\supershortmodel\20250325
2025-03-25 02:07:58,569 - 发现best_models目录: D:\my-vue-project\wind-power-forecast\backend\auto_scripts\models\supershortmodel\20250325\best_models
2025-03-25 02:07:58,569 - 未找到GBDT模型文件
2025-03-25 02:07:58,569 - 未找到DART模型文件
2025-03-25 02:07:58,569 - 未找到GOSS模型文件
2025-03-25 02:07:58,569 - 未找到任何可用模型文件
2025-03-25 02:07:58,569 - ❌ 未有可用模型，无法执行预测
2025-03-25 02:07:58,569 - 
================================================================================
2025-03-25 02:07:58,569 - >>> 预测任务结束 <<<
2025-03-25 02:07:58,569 - ================================================================================

2025-03-25 02:07:58,569 - 预测任务结束
2025-03-25 02:13:01,067 - 
================================================================================
2025-03-25 02:13:01,068 - >>> 自动预测系统启动 <<<
2025-03-25 02:13:01,068 - ================================================================================

2025-03-25 02:13:01,068 - 自动预测系统启动
2025-03-25 02:13:01,068 - 当前日期: 20250325, 时间: 02:13:01
2025-03-25 02:13:01,068 - 
================================================================================
2025-03-25 02:13:01,068 - >>> 开始执行预测 <<<
2025-03-25 02:13:01,068 - ================================================================================

2025-03-25 02:13:01,068 - 开始执行预测
2025-03-25 02:13:01,069 - 扫描预测数据文件目录: D:\my-vue-project\wind-power-forecast\backend\auto_scripts\precsv\supershortcsv\20250325
2025-03-25 02:13:01,069 - 检查模型目录: D:\my-vue-project\wind-power-forecast\backend\auto_scripts\models\supershortmodel\20250325
2025-03-25 02:13:01,070 - 发现best_models目录: D:\my-vue-project\wind-power-forecast\backend\auto_scripts\models\supershortmodel\20250325\best_models
2025-03-25 02:13:01,070 - 未找到GBDT模型文件
2025-03-25 02:13:01,070 - 未找到DART模型文件
2025-03-25 02:13:01,070 - 未找到GOSS模型文件
2025-03-25 02:13:01,070 - 未找到任何可用模型文件
2025-03-25 02:13:01,070 - ❌ 未有可用模型，无法执行预测
2025-03-25 02:13:01,070 - 
================================================================================
2025-03-25 02:13:01,070 - >>> 预测任务结束 <<<
2025-03-25 02:13:01,070 - ================================================================================

2025-03-25 02:13:01,071 - 预测任务结束
2025-03-25 02:18:04,248 - 
================================================================================
2025-03-25 02:18:04,249 - >>> 自动预测系统启动 <<<
2025-03-25 02:18:04,249 - ================================================================================

2025-03-25 02:18:04,249 - 自动预测系统启动
2025-03-25 02:18:04,249 - 当前日期: 20250325, 时间: 02:18:04
2025-03-25 02:18:04,249 - 
================================================================================
2025-03-25 02:18:04,249 - >>> 开始执行预测 <<<
2025-03-25 02:18:04,249 - ================================================================================

2025-03-25 02:18:04,249 - 开始执行预测
2025-03-25 02:18:04,251 - 扫描预测数据文件目录: D:\my-vue-project\wind-power-forecast\backend\auto_scripts\precsv\supershortcsv\20250325
2025-03-25 02:18:04,251 - 检查模型目录: D:\my-vue-project\wind-power-forecast\backend\auto_scripts\models\supershortmodel\20250325
2025-03-25 02:18:04,251 - 发现best_models目录: D:\my-vue-project\wind-power-forecast\backend\auto_scripts\models\supershortmodel\20250325\best_models
2025-03-25 02:18:04,252 - 未找到GBDT模型文件
2025-03-25 02:18:04,252 - 未找到DART模型文件
2025-03-25 02:18:04,252 - 未找到GOSS模型文件
2025-03-25 02:18:04,252 - 未找到任何可用模型文件
2025-03-25 02:18:04,252 - ❌ 未有可用模型，无法执行预测
2025-03-25 02:18:04,252 - 
================================================================================
2025-03-25 02:18:04,253 - >>> 预测任务结束 <<<
2025-03-25 02:18:04,253 - ================================================================================

2025-03-25 02:18:04,253 - 预测任务结束
2025-03-25 02:23:07,293 - 
================================================================================
2025-03-25 02:23:07,294 - >>> 自动预测系统启动 <<<
2025-03-25 02:23:07,294 - ================================================================================

2025-03-25 02:23:07,294 - 自动预测系统启动
2025-03-25 02:23:07,294 - 当前日期: 20250325, 时间: 02:23:07
2025-03-25 02:23:07,294 - 
================================================================================
2025-03-25 02:23:07,294 - >>> 开始执行预测 <<<
2025-03-25 02:23:07,294 - ================================================================================

2025-03-25 02:23:07,294 - 开始执行预测
2025-03-25 02:23:07,295 - 扫描预测数据文件目录: D:\my-vue-project\wind-power-forecast\backend\auto_scripts\precsv\supershortcsv\20250325
2025-03-25 02:23:07,295 - 检查模型目录: D:\my-vue-project\wind-power-forecast\backend\auto_scripts\models\supershortmodel\20250325
2025-03-25 02:23:07,295 - 发现best_models目录: D:\my-vue-project\wind-power-forecast\backend\auto_scripts\models\supershortmodel\20250325\best_models
2025-03-25 02:23:07,295 - 未找到GBDT模型文件
2025-03-25 02:23:07,295 - 未找到DART模型文件
2025-03-25 02:23:07,296 - 未找到GOSS模型文件
2025-03-25 02:23:07,296 - 未找到任何可用模型文件
2025-03-25 02:23:07,296 - ❌ 未有可用模型，无法执行预测
2025-03-25 02:23:07,296 - 
================================================================================
2025-03-25 02:23:07,296 - >>> 预测任务结束 <<<
2025-03-25 02:23:07,296 - ================================================================================

2025-03-25 02:23:07,296 - 预测任务结束
2025-03-25 02:28:08,868 - 
================================================================================
2025-03-25 02:28:08,868 - >>> 自动预测系统启动 <<<
2025-03-25 02:28:08,868 - ================================================================================

2025-03-25 02:28:08,868 - 自动预测系统启动
2025-03-25 02:28:08,868 - 当前日期: 20250325, 时间: 02:28:08
2025-03-25 02:28:08,868 - 
================================================================================
2025-03-25 02:28:08,868 - >>> 开始执行预测 <<<
2025-03-25 02:28:08,868 - ================================================================================

2025-03-25 02:28:08,868 - 开始执行预测
2025-03-25 02:28:08,868 - 扫描预测数据文件目录: D:\my-vue-project\wind-power-forecast\backend\auto_scripts\precsv\supershortcsv\20250325
2025-03-25 02:28:08,868 - 检查模型目录: D:\my-vue-project\wind-power-forecast\backend\auto_scripts\models\supershortmodel\20250325
2025-03-25 02:28:08,868 - 发现best_models目录: D:\my-vue-project\wind-power-forecast\backend\auto_scripts\models\supershortmodel\20250325\best_models
2025-03-25 02:28:08,869 - 发现GBDT模型文件: D:\my-vue-project\wind-power-forecast\backend\auto_scripts\models\supershortmodel\20250325\best_models\GBDT.joblib
2025-03-25 02:28:08,869 - 找到 10 个CSV文件
2025-03-25 02:28:08,869 - ✅ 处理预测文件: D:\my-vue-project\wind-power-forecast\backend\auto_scripts\precsv\supershortcsv\20250325\202503250000.csv
2025-03-25 02:28:08,869 - 
============================================================
【风电功率预测开始】
============================================================
2025-03-25 02:28:08,869 - 配置信息:
2025-03-25 02:28:08,869 -   - 数据文件: D:\my-vue-project\wind-power-forecast\backend\auto_scripts\precsv\supershortcsv\20250325\202503250000.csv
2025-03-25 02:28:08,869 -   - 模型目录: D:\my-vue-project\wind-power-forecast\backend\auto_scripts\models\supershortmodel\20250325
2025-03-25 02:28:08,869 -   - 窗口大小: 16
2025-03-25 02:28:08,869 -   - 滞后特征数: 4
2025-03-25 02:28:08,869 - 
============================================================
【预处理新数据】
============================================================
2025-03-25 02:28:08,869 - 加载数据文件: D:\my-vue-project\wind-power-forecast\backend\auto_scripts\precsv\supershortcsv\20250325\202503250000.csv
2025-03-25 02:28:08,876 - 数据加载完成，去除缺失值后共 29 条记录
2025-03-25 02:28:08,917 - 数据前5行预览:
        Timestamp    129.128_1    129.128_2  ...  ws200_13  ws200_14  ws200_15
0  2024/3/11 0:00  15974.26563  16293.82813  ...  4.542173  1.324043  0.865087
1  2024/3/11 0:15  15974.26563  16293.82813  ...  3.899081  0.880606  1.273859
2  2024/3/11 0:30  15974.26563  16293.82813  ...  3.273753  0.778394  1.710350
3  2024/3/11 0:45  15974.26563  16293.82813  ...  2.678660  1.115517  2.157803
4  2024/3/11 1:00  15974.26563  16293.82813  ...  2.139185  1.640399  2.610587

[5 rows x 301 columns]
2025-03-25 02:28:08,917 - 预处理数据...
2025-03-25 02:28:08,920 - 预处理完成，特征维度: (29, 304)
2025-03-25 02:28:08,920 - 执行特征工程，滞后特征数: 4...
2025-03-25 02:28:08,950 - 特征工程完成，特征维度: (26, 859)
2025-03-25 02:28:08,950 - 新数据预处理完成，共 26 个样本
2025-03-25 02:28:08,950 - ✅ 发现最佳模型目录: D:\my-vue-project\wind-power-forecast\backend\auto_scripts\models\supershortmodel\20250325\best_models，尝试使用多模型加权预测
2025-03-25 02:28:08,950 - 
============================================================
【加载多个模型】
============================================================
2025-03-25 02:28:08,950 - 从目录加载模型和 scaler: D:\my-vue-project\wind-power-forecast\backend\auto_scripts\models\supershortmodel\20250325\best_models
2025-03-25 02:28:08,950 - 加载 GBDT 模型和 scaler...
2025-03-25 02:28:09,076 - ✅ 已成功加载 GBDT 模型和对应的 scaler
2025-03-25 02:28:09,076 - 加载 DART 模型和 scaler...
2025-03-25 02:28:09,085 - ✅ 已成功加载 DART 模型和对应的 scaler
2025-03-25 02:28:09,085 - 加载 GOSS 模型和 scaler...
2025-03-25 02:28:09,094 - ✅ 已成功加载 GOSS 模型和对应的 scaler
2025-03-25 02:28:09,094 - 加载完成，共加载了 3 个模型: GBDT, DART, GOSS
2025-03-25 02:28:09,094 - 尝试加载模型权重文件: D:\my-vue-project\wind-power-forecast\backend\auto_scripts\models\supershortmodel\20250325\model_weights.joblib
2025-03-25 02:28:09,094 - ✅ 已加载模型权重: {'GBDT': np.float64(0.0), 'DART': np.float64(0.0), 'GOSS': np.float64(0.9413418792089218), 'INTERCEPT': np.float64(-0.0258769107539365)}
2025-03-25 02:28:09,094 - 
============================================================
【使用多模型加权预测】
============================================================
2025-03-25 02:28:09,095 - 使用自定义权重: {'GBDT': np.float64(0.0), 'DART': np.float64(0.0), 'GOSS': np.float64(0.9413418792089218), 'INTERCEPT': np.float64(-0.0258769107539365)}
2025-03-25 02:28:09,095 - ❌ GBDT 模型权重为0，跳过
2025-03-25 02:28:09,095 - ❌ DART 模型权重为0，跳过
2025-03-25 02:28:09,095 - 使用 GOSS 模型进行预测 (权重: 0.9413)...
2025-03-25 02:28:09,097 - GOSS: 数据标准化完成
2025-03-25 02:28:09,097 - GOSS: 时间窗口创建完成，窗口数量: 11
2025-03-25 02:28:09,152 - ✅ GOSS 模型预测完成，生成了 11 个预测值
2025-03-25 02:28:09,153 -    统计: 最小值=118.97, 最大值=177.46, 平均值=157.97
2025-03-25 02:28:09,153 - 所有预测结果对齐到最小长度: 11
2025-03-25 02:28:09,153 - 开始计算加权平均预测结果...
2025-03-25 02:28:09,153 -   加入 GOSS 模型贡献 (权重: 0.9413)
2025-03-25 02:28:09,153 -   加入常数偏置项 (值: -0.0259)
2025-03-25 02:28:09,153 - 加权平均预测完成，生成了 11 个预测值
2025-03-25 02:28:09,153 - 加权预测结果统计: 最小值=111.96, 最大值=167.03, 平均值=148.67
2025-03-25 02:28:09,153 - ✅ 多模型加权预测完成，使用模型: GBDT, DART, GOSS
2025-03-25 02:28:09,153 - 预测结果数据框创建完成，共 11 行
2025-03-25 02:28:09,156 - ✅ 预测结果已保存到文件: D:\my-vue-project\wind-power-forecast\backend\auto_scripts\results\supershortresult\20250325\prediction_202503250000.csv
2025-03-25 02:28:09,156 - 尝试将预测结果导入数据库...
2025-03-25 02:28:09,156 - 发送HTTP请求到: http://localhost:5000/prediction2database/batch_supershortl_power
2025-03-25 02:28:11,328 - ✅ 数据已成功导入数据库
2025-03-25 02:28:11,328 -    总记录数: 11, 更新: 11, 插入: 0
2025-03-25 02:28:11,328 - 
============================================================
【风电功率预测完成】
============================================================
2025-03-25 02:28:11,328 - 风电功率预测完成
2025-03-25 02:28:11,329 - ✅ 202503250000.csv 预测执行完成
2025-03-25 02:28:11,330 - 已创建预测标志文件: D:\my-vue-project\wind-power-forecast\backend\auto_scripts\scripts\supershort\logs\auto_predict\predict_20250325_00_00.flag
2025-03-25 02:28:11,330 - ✅ 处理预测文件: D:\my-vue-project\wind-power-forecast\backend\auto_scripts\precsv\supershortcsv\20250325\202503250015.csv
2025-03-25 02:28:11,330 - 
============================================================
【风电功率预测开始】
============================================================
2025-03-25 02:28:11,330 - 配置信息:
2025-03-25 02:28:11,330 -   - 数据文件: D:\my-vue-project\wind-power-forecast\backend\auto_scripts\precsv\supershortcsv\20250325\202503250015.csv
2025-03-25 02:28:11,331 -   - 模型目录: D:\my-vue-project\wind-power-forecast\backend\auto_scripts\models\supershortmodel\20250325
2025-03-25 02:28:11,331 -   - 窗口大小: 16
2025-03-25 02:28:11,331 -   - 滞后特征数: 4
2025-03-25 02:28:11,331 - 
============================================================
【预处理新数据】
============================================================
2025-03-25 02:28:11,331 - 加载数据文件: D:\my-vue-project\wind-power-forecast\backend\auto_scripts\precsv\supershortcsv\20250325\202503250015.csv
2025-03-25 02:28:11,335 - 数据加载完成，去除缺失值后共 29 条记录
2025-03-25 02:28:11,375 - 数据前5行预览:
        Timestamp    129.128_1    129.128_2  ...  ws200_13  ws200_14  ws200_15
0  2024/3/11 0:00  15974.26563  16293.82813  ...  4.542173  1.324043  0.865087
1  2024/3/11 0:15  15974.26563  16293.82813  ...  3.899081  0.880606  1.273859
2  2024/3/11 0:30  15974.26563  16293.82813  ...  3.273753  0.778394  1.710350
3  2024/3/11 0:45  15974.26563  16293.82813  ...  2.678660  1.115517  2.157803
4  2024/3/11 1:00  15974.26563  16293.82813  ...  2.139185  1.640399  2.610587

[5 rows x 301 columns]
2025-03-25 02:28:11,375 - 预处理数据...
2025-03-25 02:28:11,377 - 预处理完成，特征维度: (29, 304)
2025-03-25 02:28:11,377 - 执行特征工程，滞后特征数: 4...
2025-03-25 02:28:11,423 - 特征工程完成，特征维度: (26, 859)
2025-03-25 02:28:11,423 - 新数据预处理完成，共 26 个样本
2025-03-25 02:28:11,423 - ✅ 发现最佳模型目录: D:\my-vue-project\wind-power-forecast\backend\auto_scripts\models\supershortmodel\20250325\best_models，尝试使用多模型加权预测
2025-03-25 02:28:11,423 - 
============================================================
【加载多个模型】
============================================================
2025-03-25 02:28:11,423 - 从目录加载模型和 scaler: D:\my-vue-project\wind-power-forecast\backend\auto_scripts\models\supershortmodel\20250325\best_models
2025-03-25 02:28:11,423 - 加载 GBDT 模型和 scaler...
2025-03-25 02:28:11,428 - ✅ 已成功加载 GBDT 模型和对应的 scaler
2025-03-25 02:28:11,428 - 加载 DART 模型和 scaler...
2025-03-25 02:28:11,434 - ✅ 已成功加载 DART 模型和对应的 scaler
2025-03-25 02:28:11,435 - 加载 GOSS 模型和 scaler...
2025-03-25 02:28:11,445 - ✅ 已成功加载 GOSS 模型和对应的 scaler
2025-03-25 02:28:11,446 - 加载完成，共加载了 3 个模型: GBDT, DART, GOSS
2025-03-25 02:28:11,450 - 尝试加载模型权重文件: D:\my-vue-project\wind-power-forecast\backend\auto_scripts\models\supershortmodel\20250325\model_weights.joblib
2025-03-25 02:28:11,450 - ✅ 已加载模型权重: {'GBDT': np.float64(0.0), 'DART': np.float64(0.0), 'GOSS': np.float64(0.9413418792089218), 'INTERCEPT': np.float64(-0.0258769107539365)}
2025-03-25 02:28:11,451 - 
============================================================
【使用多模型加权预测】
============================================================
2025-03-25 02:28:11,451 - 使用自定义权重: {'GBDT': np.float64(0.0), 'DART': np.float64(0.0), 'GOSS': np.float64(0.9413418792089218), 'INTERCEPT': np.float64(-0.0258769107539365)}
2025-03-25 02:28:11,451 - ❌ GBDT 模型权重为0，跳过
2025-03-25 02:28:11,451 - ❌ DART 模型权重为0，跳过
2025-03-25 02:28:11,451 - 使用 GOSS 模型进行预测 (权重: 0.9413)...
2025-03-25 02:28:11,455 - GOSS: 数据标准化完成
2025-03-25 02:28:11,456 - GOSS: 时间窗口创建完成，窗口数量: 11
2025-03-25 02:28:11,458 - ✅ GOSS 模型预测完成，生成了 11 个预测值
2025-03-25 02:28:11,458 -    统计: 最小值=118.97, 最大值=177.46, 平均值=157.97
2025-03-25 02:28:11,458 - 所有预测结果对齐到最小长度: 11
2025-03-25 02:28:11,459 - 开始计算加权平均预测结果...
2025-03-25 02:28:11,459 -   加入 GOSS 模型贡献 (权重: 0.9413)
2025-03-25 02:28:11,459 -   加入常数偏置项 (值: -0.0259)
2025-03-25 02:28:11,459 - 加权平均预测完成，生成了 11 个预测值
2025-03-25 02:28:11,459 - 加权预测结果统计: 最小值=111.96, 最大值=167.03, 平均值=148.67
2025-03-25 02:28:11,459 - ✅ 多模型加权预测完成，使用模型: GBDT, DART, GOSS
2025-03-25 02:28:11,459 - 预测结果数据框创建完成，共 11 行
2025-03-25 02:28:11,460 - ✅ 预测结果已保存到文件: D:\my-vue-project\wind-power-forecast\backend\auto_scripts\results\supershortresult\20250325\prediction_202503250015.csv
2025-03-25 02:28:11,460 - 尝试将预测结果导入数据库...
2025-03-25 02:28:11,461 - 发送HTTP请求到: http://localhost:5000/prediction2database/batch_supershortl_power
2025-03-25 02:28:13,538 - ✅ 数据已成功导入数据库
2025-03-25 02:28:13,538 -    总记录数: 11, 更新: 11, 插入: 0
2025-03-25 02:28:13,538 - 
============================================================
【风电功率预测完成】
============================================================
2025-03-25 02:28:13,538 - 风电功率预测完成
2025-03-25 02:28:13,540 - ✅ 202503250015.csv 预测执行完成
2025-03-25 02:28:13,541 - 已创建预测标志文件: D:\my-vue-project\wind-power-forecast\backend\auto_scripts\scripts\supershort\logs\auto_predict\predict_20250325_00_15.flag
2025-03-25 02:28:13,541 - ✅ 处理预测文件: D:\my-vue-project\wind-power-forecast\backend\auto_scripts\precsv\supershortcsv\20250325\202503250030.csv
2025-03-25 02:28:13,541 - 
============================================================
【风电功率预测开始】
============================================================
2025-03-25 02:28:13,541 - 配置信息:
2025-03-25 02:28:13,541 -   - 数据文件: D:\my-vue-project\wind-power-forecast\backend\auto_scripts\precsv\supershortcsv\20250325\202503250030.csv
2025-03-25 02:28:13,541 -   - 模型目录: D:\my-vue-project\wind-power-forecast\backend\auto_scripts\models\supershortmodel\20250325
2025-03-25 02:28:13,541 -   - 窗口大小: 16
2025-03-25 02:28:13,541 -   - 滞后特征数: 4
2025-03-25 02:28:13,541 - 
============================================================
【预处理新数据】
============================================================
2025-03-25 02:28:13,541 - 加载数据文件: D:\my-vue-project\wind-power-forecast\backend\auto_scripts\precsv\supershortcsv\20250325\202503250030.csv
2025-03-25 02:28:13,546 - 数据加载完成，去除缺失值后共 29 条记录
2025-03-25 02:28:13,585 - 数据前5行预览:
        Timestamp    129.128_1    129.128_2  ...  ws200_13  ws200_14  ws200_15
0  2024/3/11 0:00  15974.26563  16293.82813  ...  4.542173  1.324043  0.865087
1  2024/3/11 0:15  15974.26563  16293.82813  ...  3.899081  0.880606  1.273859
2  2024/3/11 0:30  15974.26563  16293.82813  ...  3.273753  0.778394  1.710350
3  2024/3/11 0:45  15974.26563  16293.82813  ...  2.678660  1.115517  2.157803
4  2024/3/11 1:00  15974.26563  16293.82813  ...  2.139185  1.640399  2.610587

[5 rows x 301 columns]
2025-03-25 02:28:13,585 - 预处理数据...
2025-03-25 02:28:13,586 - 预处理完成，特征维度: (29, 304)
2025-03-25 02:28:13,586 - 执行特征工程，滞后特征数: 4...
2025-03-25 02:28:13,617 - 特征工程完成，特征维度: (26, 859)
2025-03-25 02:28:13,617 - 新数据预处理完成，共 26 个样本
2025-03-25 02:28:13,617 - ✅ 发现最佳模型目录: D:\my-vue-project\wind-power-forecast\backend\auto_scripts\models\supershortmodel\20250325\best_models，尝试使用多模型加权预测
2025-03-25 02:28:13,617 - 
============================================================
【加载多个模型】
============================================================
2025-03-25 02:28:13,617 - 从目录加载模型和 scaler: D:\my-vue-project\wind-power-forecast\backend\auto_scripts\models\supershortmodel\20250325\best_models
2025-03-25 02:28:13,617 - 加载 GBDT 模型和 scaler...
2025-03-25 02:28:13,622 - ✅ 已成功加载 GBDT 模型和对应的 scaler
2025-03-25 02:28:13,622 - 加载 DART 模型和 scaler...
2025-03-25 02:28:13,627 - ✅ 已成功加载 DART 模型和对应的 scaler
2025-03-25 02:28:13,627 - 加载 GOSS 模型和 scaler...
2025-03-25 02:28:13,632 - ✅ 已成功加载 GOSS 模型和对应的 scaler
2025-03-25 02:28:13,632 - 加载完成，共加载了 3 个模型: GBDT, DART, GOSS
2025-03-25 02:28:13,632 - 尝试加载模型权重文件: D:\my-vue-project\wind-power-forecast\backend\auto_scripts\models\supershortmodel\20250325\model_weights.joblib
2025-03-25 02:28:13,633 - ✅ 已加载模型权重: {'GBDT': np.float64(0.0), 'DART': np.float64(0.0), 'GOSS': np.float64(0.9413418792089218), 'INTERCEPT': np.float64(-0.0258769107539365)}
2025-03-25 02:28:13,633 - 
============================================================
【使用多模型加权预测】
============================================================
2025-03-25 02:28:13,633 - 使用自定义权重: {'GBDT': np.float64(0.0), 'DART': np.float64(0.0), 'GOSS': np.float64(0.9413418792089218), 'INTERCEPT': np.float64(-0.0258769107539365)}
2025-03-25 02:28:13,633 - ❌ GBDT 模型权重为0，跳过
2025-03-25 02:28:13,633 - ❌ DART 模型权重为0，跳过
2025-03-25 02:28:13,633 - 使用 GOSS 模型进行预测 (权重: 0.9413)...
2025-03-25 02:28:13,635 - GOSS: 数据标准化完成
2025-03-25 02:28:13,635 - GOSS: 时间窗口创建完成，窗口数量: 11
2025-03-25 02:28:13,637 - ✅ GOSS 模型预测完成，生成了 11 个预测值
2025-03-25 02:28:13,637 -    统计: 最小值=118.97, 最大值=177.46, 平均值=157.97
2025-03-25 02:28:13,637 - 所有预测结果对齐到最小长度: 11
2025-03-25 02:28:13,637 - 开始计算加权平均预测结果...
2025-03-25 02:28:13,637 -   加入 GOSS 模型贡献 (权重: 0.9413)
2025-03-25 02:28:13,637 -   加入常数偏置项 (值: -0.0259)
2025-03-25 02:28:13,637 - 加权平均预测完成，生成了 11 个预测值
2025-03-25 02:28:13,637 - 加权预测结果统计: 最小值=111.96, 最大值=167.03, 平均值=148.67
2025-03-25 02:28:13,637 - ✅ 多模型加权预测完成，使用模型: GBDT, DART, GOSS
2025-03-25 02:28:13,638 - 预测结果数据框创建完成，共 11 行
2025-03-25 02:28:13,639 - ✅ 预测结果已保存到文件: D:\my-vue-project\wind-power-forecast\backend\auto_scripts\results\supershortresult\20250325\prediction_202503250030.csv
2025-03-25 02:28:13,639 - 尝试将预测结果导入数据库...
2025-03-25 02:28:13,639 - 发送HTTP请求到: http://localhost:5000/prediction2database/batch_supershortl_power
2025-03-25 02:28:15,707 - ✅ 数据已成功导入数据库
2025-03-25 02:28:15,707 -    总记录数: 11, 更新: 11, 插入: 0
2025-03-25 02:28:15,707 - 
============================================================
【风电功率预测完成】
============================================================
2025-03-25 02:28:15,707 - 风电功率预测完成
2025-03-25 02:28:15,708 - ✅ 202503250030.csv 预测执行完成
2025-03-25 02:28:15,710 - 已创建预测标志文件: D:\my-vue-project\wind-power-forecast\backend\auto_scripts\scripts\supershort\logs\auto_predict\predict_20250325_00_30.flag
2025-03-25 02:28:15,710 - ✅ 处理预测文件: D:\my-vue-project\wind-power-forecast\backend\auto_scripts\precsv\supershortcsv\20250325\202503250045.csv
2025-03-25 02:28:15,710 - 
============================================================
【风电功率预测开始】
============================================================
2025-03-25 02:28:15,710 - 配置信息:
2025-03-25 02:28:15,710 -   - 数据文件: D:\my-vue-project\wind-power-forecast\backend\auto_scripts\precsv\supershortcsv\20250325\202503250045.csv
2025-03-25 02:28:15,710 -   - 模型目录: D:\my-vue-project\wind-power-forecast\backend\auto_scripts\models\supershortmodel\20250325
2025-03-25 02:28:15,710 -   - 窗口大小: 16
2025-03-25 02:28:15,710 -   - 滞后特征数: 4
2025-03-25 02:28:15,710 - 
============================================================
【预处理新数据】
============================================================
2025-03-25 02:28:15,710 - 加载数据文件: D:\my-vue-project\wind-power-forecast\backend\auto_scripts\precsv\supershortcsv\20250325\202503250045.csv
2025-03-25 02:28:15,715 - 数据加载完成，去除缺失值后共 29 条记录
2025-03-25 02:28:15,757 - 数据前5行预览:
        Timestamp    129.128_1    129.128_2  ...  ws200_13  ws200_14  ws200_15
0  2024/3/11 0:00  15974.26563  16293.82813  ...  4.542173  1.324043  0.865087
1  2024/3/11 0:15  15974.26563  16293.82813  ...  3.899081  0.880606  1.273859
2  2024/3/11 0:30  15974.26563  16293.82813  ...  3.273753  0.778394  1.710350
3  2024/3/11 0:45  15974.26563  16293.82813  ...  2.678660  1.115517  2.157803
4  2024/3/11 1:00  15974.26563  16293.82813  ...  2.139185  1.640399  2.610587

[5 rows x 301 columns]
2025-03-25 02:28:15,757 - 预处理数据...
2025-03-25 02:28:15,758 - 预处理完成，特征维度: (29, 304)
2025-03-25 02:28:15,758 - 执行特征工程，滞后特征数: 4...
2025-03-25 02:28:15,787 - 特征工程完成，特征维度: (26, 859)
2025-03-25 02:28:15,787 - 新数据预处理完成，共 26 个样本
2025-03-25 02:28:15,787 - ✅ 发现最佳模型目录: D:\my-vue-project\wind-power-forecast\backend\auto_scripts\models\supershortmodel\20250325\best_models，尝试使用多模型加权预测
2025-03-25 02:28:15,788 - 
============================================================
【加载多个模型】
============================================================
2025-03-25 02:28:15,788 - 从目录加载模型和 scaler: D:\my-vue-project\wind-power-forecast\backend\auto_scripts\models\supershortmodel\20250325\best_models
2025-03-25 02:28:15,788 - 加载 GBDT 模型和 scaler...
2025-03-25 02:28:15,793 - ✅ 已成功加载 GBDT 模型和对应的 scaler
2025-03-25 02:28:15,793 - 加载 DART 模型和 scaler...
2025-03-25 02:28:15,797 - ✅ 已成功加载 DART 模型和对应的 scaler
2025-03-25 02:28:15,797 - 加载 GOSS 模型和 scaler...
2025-03-25 02:28:15,802 - ✅ 已成功加载 GOSS 模型和对应的 scaler
2025-03-25 02:28:15,802 - 加载完成，共加载了 3 个模型: GBDT, DART, GOSS
2025-03-25 02:28:15,802 - 尝试加载模型权重文件: D:\my-vue-project\wind-power-forecast\backend\auto_scripts\models\supershortmodel\20250325\model_weights.joblib
2025-03-25 02:28:15,802 - ✅ 已加载模型权重: {'GBDT': np.float64(0.0), 'DART': np.float64(0.0), 'GOSS': np.float64(0.9413418792089218), 'INTERCEPT': np.float64(-0.0258769107539365)}
2025-03-25 02:28:15,802 - 
============================================================
【使用多模型加权预测】
============================================================
2025-03-25 02:28:15,802 - 使用自定义权重: {'GBDT': np.float64(0.0), 'DART': np.float64(0.0), 'GOSS': np.float64(0.9413418792089218), 'INTERCEPT': np.float64(-0.0258769107539365)}
2025-03-25 02:28:15,802 - ❌ GBDT 模型权重为0，跳过
2025-03-25 02:28:15,802 - ❌ DART 模型权重为0，跳过
2025-03-25 02:28:15,802 - 使用 GOSS 模型进行预测 (权重: 0.9413)...
2025-03-25 02:28:15,805 - GOSS: 数据标准化完成
2025-03-25 02:28:15,805 - GOSS: 时间窗口创建完成，窗口数量: 11
2025-03-25 02:28:15,807 - ✅ GOSS 模型预测完成，生成了 11 个预测值
2025-03-25 02:28:15,807 -    统计: 最小值=118.97, 最大值=177.46, 平均值=157.97
2025-03-25 02:28:15,807 - 所有预测结果对齐到最小长度: 11
2025-03-25 02:28:15,807 - 开始计算加权平均预测结果...
2025-03-25 02:28:15,807 -   加入 GOSS 模型贡献 (权重: 0.9413)
2025-03-25 02:28:15,807 -   加入常数偏置项 (值: -0.0259)
2025-03-25 02:28:15,807 - 加权平均预测完成，生成了 11 个预测值
2025-03-25 02:28:15,807 - 加权预测结果统计: 最小值=111.96, 最大值=167.03, 平均值=148.67
2025-03-25 02:28:15,807 - ✅ 多模型加权预测完成，使用模型: GBDT, DART, GOSS
2025-03-25 02:28:15,808 - 预测结果数据框创建完成，共 11 行
2025-03-25 02:28:15,808 - ✅ 预测结果已保存到文件: D:\my-vue-project\wind-power-forecast\backend\auto_scripts\results\supershortresult\20250325\prediction_202503250045.csv
2025-03-25 02:28:15,808 - 尝试将预测结果导入数据库...
2025-03-25 02:28:15,809 - 发送HTTP请求到: http://localhost:5000/prediction2database/batch_supershortl_power
2025-03-25 02:28:17,864 - ✅ 数据已成功导入数据库
2025-03-25 02:28:17,864 -    总记录数: 11, 更新: 11, 插入: 0
2025-03-25 02:28:17,864 - 
============================================================
【风电功率预测完成】
============================================================
2025-03-25 02:28:17,864 - 风电功率预测完成
2025-03-25 02:28:17,867 - ✅ 202503250045.csv 预测执行完成
2025-03-25 02:28:17,869 - 已创建预测标志文件: D:\my-vue-project\wind-power-forecast\backend\auto_scripts\scripts\supershort\logs\auto_predict\predict_20250325_00_45.flag
2025-03-25 02:28:17,869 - ✅ 处理预测文件: D:\my-vue-project\wind-power-forecast\backend\auto_scripts\precsv\supershortcsv\20250325\202503250100.csv
2025-03-25 02:28:17,869 - 
============================================================
【风电功率预测开始】
============================================================
2025-03-25 02:28:17,870 - 配置信息:
2025-03-25 02:28:17,870 -   - 数据文件: D:\my-vue-project\wind-power-forecast\backend\auto_scripts\precsv\supershortcsv\20250325\202503250100.csv
2025-03-25 02:28:17,870 -   - 模型目录: D:\my-vue-project\wind-power-forecast\backend\auto_scripts\models\supershortmodel\20250325
2025-03-25 02:28:17,870 -   - 窗口大小: 16
2025-03-25 02:28:17,870 -   - 滞后特征数: 4
2025-03-25 02:28:17,870 - 
============================================================
【预处理新数据】
============================================================
2025-03-25 02:28:17,870 - 加载数据文件: D:\my-vue-project\wind-power-forecast\backend\auto_scripts\precsv\supershortcsv\20250325\202503250100.csv
2025-03-25 02:28:17,879 - 数据加载完成，去除缺失值后共 29 条记录
2025-03-25 02:28:17,919 - 数据前5行预览:
        Timestamp    129.128_1    129.128_2  ...  ws200_13  ws200_14  ws200_15
0  2024/3/11 0:00  15974.26563  16293.82813  ...  4.542173  1.324043  0.865087
1  2024/3/11 0:15  15974.26563  16293.82813  ...  3.899081  0.880606  1.273859
2  2024/3/11 0:30  15974.26563  16293.82813  ...  3.273753  0.778394  1.710350
3  2024/3/11 0:45  15974.26563  16293.82813  ...  2.678660  1.115517  2.157803
4  2024/3/11 1:00  15974.26563  16293.82813  ...  2.139185  1.640399  2.610587

[5 rows x 301 columns]
2025-03-25 02:28:17,920 - 预处理数据...
2025-03-25 02:28:17,921 - 预处理完成，特征维度: (29, 304)
2025-03-25 02:28:17,921 - 执行特征工程，滞后特征数: 4...
2025-03-25 02:28:17,968 - 特征工程完成，特征维度: (26, 859)
2025-03-25 02:28:17,969 - 新数据预处理完成，共 26 个样本
2025-03-25 02:28:17,969 - ✅ 发现最佳模型目录: D:\my-vue-project\wind-power-forecast\backend\auto_scripts\models\supershortmodel\20250325\best_models，尝试使用多模型加权预测
2025-03-25 02:28:17,969 - 
============================================================
【加载多个模型】
============================================================
2025-03-25 02:28:17,969 - 从目录加载模型和 scaler: D:\my-vue-project\wind-power-forecast\backend\auto_scripts\models\supershortmodel\20250325\best_models
2025-03-25 02:28:17,969 - 加载 GBDT 模型和 scaler...
2025-03-25 02:28:17,976 - ✅ 已成功加载 GBDT 模型和对应的 scaler
2025-03-25 02:28:17,976 - 加载 DART 模型和 scaler...
2025-03-25 02:28:17,980 - ✅ 已成功加载 DART 模型和对应的 scaler
2025-03-25 02:28:17,980 - 加载 GOSS 模型和 scaler...
2025-03-25 02:28:17,987 - ✅ 已成功加载 GOSS 模型和对应的 scaler
2025-03-25 02:28:17,987 - 加载完成，共加载了 3 个模型: GBDT, DART, GOSS
2025-03-25 02:28:17,988 - 尝试加载模型权重文件: D:\my-vue-project\wind-power-forecast\backend\auto_scripts\models\supershortmodel\20250325\model_weights.joblib
2025-03-25 02:28:17,988 - ✅ 已加载模型权重: {'GBDT': np.float64(0.0), 'DART': np.float64(0.0), 'GOSS': np.float64(0.9413418792089218), 'INTERCEPT': np.float64(-0.0258769107539365)}
2025-03-25 02:28:17,988 - 
============================================================
【使用多模型加权预测】
============================================================
2025-03-25 02:28:17,988 - 使用自定义权重: {'GBDT': np.float64(0.0), 'DART': np.float64(0.0), 'GOSS': np.float64(0.9413418792089218), 'INTERCEPT': np.float64(-0.0258769107539365)}
2025-03-25 02:28:17,988 - ❌ GBDT 模型权重为0，跳过
2025-03-25 02:28:17,989 - ❌ DART 模型权重为0，跳过
2025-03-25 02:28:17,989 - 使用 GOSS 模型进行预测 (权重: 0.9413)...
2025-03-25 02:28:17,992 - GOSS: 数据标准化完成
2025-03-25 02:28:17,993 - GOSS: 时间窗口创建完成，窗口数量: 11
2025-03-25 02:28:17,995 - ✅ GOSS 模型预测完成，生成了 11 个预测值
2025-03-25 02:28:17,996 -    统计: 最小值=118.97, 最大值=177.46, 平均值=157.97
2025-03-25 02:28:17,996 - 所有预测结果对齐到最小长度: 11
2025-03-25 02:28:17,996 - 开始计算加权平均预测结果...
2025-03-25 02:28:17,996 -   加入 GOSS 模型贡献 (权重: 0.9413)
2025-03-25 02:28:17,996 -   加入常数偏置项 (值: -0.0259)
2025-03-25 02:28:17,996 - 加权平均预测完成，生成了 11 个预测值
2025-03-25 02:28:17,996 - 加权预测结果统计: 最小值=111.96, 最大值=167.03, 平均值=148.67
2025-03-25 02:28:17,996 - ✅ 多模型加权预测完成，使用模型: GBDT, DART, GOSS
2025-03-25 02:28:17,997 - 预测结果数据框创建完成，共 11 行
2025-03-25 02:28:17,998 - ✅ 预测结果已保存到文件: D:\my-vue-project\wind-power-forecast\backend\auto_scripts\results\supershortresult\20250325\prediction_202503250100.csv
2025-03-25 02:28:17,999 - 尝试将预测结果导入数据库...
2025-03-25 02:28:17,999 - 发送HTTP请求到: http://localhost:5000/prediction2database/batch_supershortl_power
2025-03-25 02:28:20,081 - ✅ 数据已成功导入数据库
2025-03-25 02:28:20,081 -    总记录数: 11, 更新: 11, 插入: 0
2025-03-25 02:28:20,081 - 
============================================================
【风电功率预测完成】
============================================================
2025-03-25 02:28:20,081 - 风电功率预测完成
2025-03-25 02:28:20,084 - ✅ 202503250100.csv 预测执行完成
2025-03-25 02:28:20,085 - 已创建预测标志文件: D:\my-vue-project\wind-power-forecast\backend\auto_scripts\scripts\supershort\logs\auto_predict\predict_20250325_01_00.flag
2025-03-25 02:28:20,086 - ✅ 处理预测文件: D:\my-vue-project\wind-power-forecast\backend\auto_scripts\precsv\supershortcsv\20250325\202503250115.csv
2025-03-25 02:28:20,086 - 
============================================================
【风电功率预测开始】
============================================================
2025-03-25 02:28:20,086 - 配置信息:
2025-03-25 02:28:20,086 -   - 数据文件: D:\my-vue-project\wind-power-forecast\backend\auto_scripts\precsv\supershortcsv\20250325\202503250115.csv
2025-03-25 02:28:20,086 -   - 模型目录: D:\my-vue-project\wind-power-forecast\backend\auto_scripts\models\supershortmodel\20250325
2025-03-25 02:28:20,086 -   - 窗口大小: 16
2025-03-25 02:28:20,086 -   - 滞后特征数: 4
2025-03-25 02:28:20,086 - 
============================================================
【预处理新数据】
============================================================
2025-03-25 02:28:20,087 - 加载数据文件: D:\my-vue-project\wind-power-forecast\backend\auto_scripts\precsv\supershortcsv\20250325\202503250115.csv
2025-03-25 02:28:20,096 - 数据加载完成，去除缺失值后共 29 条记录
2025-03-25 02:28:20,139 - 数据前5行预览:
        Timestamp    129.128_1    129.128_2  ...  ws200_13  ws200_14  ws200_15
0  2024/3/11 0:00  15974.26563  16293.82813  ...  4.542173  1.324043  0.865087
1  2024/3/11 0:15  15974.26563  16293.82813  ...  3.899081  0.880606  1.273859
2  2024/3/11 0:30  15974.26563  16293.82813  ...  3.273753  0.778394  1.710350
3  2024/3/11 0:45  15974.26563  16293.82813  ...  2.678660  1.115517  2.157803
4  2024/3/11 1:00  15974.26563  16293.82813  ...  2.139185  1.640399  2.610587

[5 rows x 301 columns]
2025-03-25 02:28:20,139 - 预处理数据...
2025-03-25 02:28:20,140 - 预处理完成，特征维度: (29, 304)
2025-03-25 02:28:20,140 - 执行特征工程，滞后特征数: 4...
2025-03-25 02:28:20,169 - 特征工程完成，特征维度: (26, 859)
2025-03-25 02:28:20,169 - 新数据预处理完成，共 26 个样本
2025-03-25 02:28:20,169 - ✅ 发现最佳模型目录: D:\my-vue-project\wind-power-forecast\backend\auto_scripts\models\supershortmodel\20250325\best_models，尝试使用多模型加权预测
2025-03-25 02:28:20,170 - 
============================================================
【加载多个模型】
============================================================
2025-03-25 02:28:20,170 - 从目录加载模型和 scaler: D:\my-vue-project\wind-power-forecast\backend\auto_scripts\models\supershortmodel\20250325\best_models
2025-03-25 02:28:20,170 - 加载 GBDT 模型和 scaler...
2025-03-25 02:28:20,174 - ✅ 已成功加载 GBDT 模型和对应的 scaler
2025-03-25 02:28:20,175 - 加载 DART 模型和 scaler...
2025-03-25 02:28:20,179 - ✅ 已成功加载 DART 模型和对应的 scaler
2025-03-25 02:28:20,179 - 加载 GOSS 模型和 scaler...
2025-03-25 02:28:20,185 - ✅ 已成功加载 GOSS 模型和对应的 scaler
2025-03-25 02:28:20,185 - 加载完成，共加载了 3 个模型: GBDT, DART, GOSS
2025-03-25 02:28:20,185 - 尝试加载模型权重文件: D:\my-vue-project\wind-power-forecast\backend\auto_scripts\models\supershortmodel\20250325\model_weights.joblib
2025-03-25 02:28:20,185 - ✅ 已加载模型权重: {'GBDT': np.float64(0.0), 'DART': np.float64(0.0), 'GOSS': np.float64(0.9413418792089218), 'INTERCEPT': np.float64(-0.0258769107539365)}
2025-03-25 02:28:20,185 - 
============================================================
【使用多模型加权预测】
============================================================
2025-03-25 02:28:20,186 - 使用自定义权重: {'GBDT': np.float64(0.0), 'DART': np.float64(0.0), 'GOSS': np.float64(0.9413418792089218), 'INTERCEPT': np.float64(-0.0258769107539365)}
2025-03-25 02:28:20,186 - ❌ GBDT 模型权重为0，跳过
2025-03-25 02:28:20,186 - ❌ DART 模型权重为0，跳过
2025-03-25 02:28:20,186 - 使用 GOSS 模型进行预测 (权重: 0.9413)...
2025-03-25 02:28:20,188 - GOSS: 数据标准化完成
2025-03-25 02:28:20,188 - GOSS: 时间窗口创建完成，窗口数量: 11
2025-03-25 02:28:20,190 - ✅ GOSS 模型预测完成，生成了 11 个预测值
2025-03-25 02:28:20,190 -    统计: 最小值=118.97, 最大值=177.46, 平均值=157.97
2025-03-25 02:28:20,190 - 所有预测结果对齐到最小长度: 11
2025-03-25 02:28:20,190 - 开始计算加权平均预测结果...
2025-03-25 02:28:20,190 -   加入 GOSS 模型贡献 (权重: 0.9413)
2025-03-25 02:28:20,190 -   加入常数偏置项 (值: -0.0259)
2025-03-25 02:28:20,190 - 加权平均预测完成，生成了 11 个预测值
2025-03-25 02:28:20,190 - 加权预测结果统计: 最小值=111.96, 最大值=167.03, 平均值=148.67
2025-03-25 02:28:20,190 - ✅ 多模型加权预测完成，使用模型: GBDT, DART, GOSS
2025-03-25 02:28:20,191 - 预测结果数据框创建完成，共 11 行
2025-03-25 02:28:20,191 - ✅ 预测结果已保存到文件: D:\my-vue-project\wind-power-forecast\backend\auto_scripts\results\supershortresult\20250325\prediction_202503250115.csv
2025-03-25 02:28:20,192 - 尝试将预测结果导入数据库...
2025-03-25 02:28:20,192 - 发送HTTP请求到: http://localhost:5000/prediction2database/batch_supershortl_power
2025-03-25 02:28:22,303 - ✅ 数据已成功导入数据库
2025-03-25 02:28:22,303 -    总记录数: 11, 更新: 11, 插入: 0
2025-03-25 02:28:22,303 - 
============================================================
【风电功率预测完成】
============================================================
2025-03-25 02:28:22,304 - 风电功率预测完成
2025-03-25 02:28:22,305 - ✅ 202503250115.csv 预测执行完成
2025-03-25 02:28:22,306 - 已创建预测标志文件: D:\my-vue-project\wind-power-forecast\backend\auto_scripts\scripts\supershort\logs\auto_predict\predict_20250325_01_15.flag
2025-03-25 02:28:22,306 - ✅ 处理预测文件: D:\my-vue-project\wind-power-forecast\backend\auto_scripts\precsv\supershortcsv\20250325\202503250130.csv
2025-03-25 02:28:22,306 - 
============================================================
【风电功率预测开始】
============================================================
2025-03-25 02:28:22,306 - 配置信息:
2025-03-25 02:28:22,306 -   - 数据文件: D:\my-vue-project\wind-power-forecast\backend\auto_scripts\precsv\supershortcsv\20250325\202503250130.csv
2025-03-25 02:28:22,306 -   - 模型目录: D:\my-vue-project\wind-power-forecast\backend\auto_scripts\models\supershortmodel\20250325
2025-03-25 02:28:22,306 -   - 窗口大小: 16
2025-03-25 02:28:22,306 -   - 滞后特征数: 4
2025-03-25 02:28:22,307 - 
============================================================
【预处理新数据】
============================================================
2025-03-25 02:28:22,307 - 加载数据文件: D:\my-vue-project\wind-power-forecast\backend\auto_scripts\precsv\supershortcsv\20250325\202503250130.csv
2025-03-25 02:28:22,312 - 数据加载完成，去除缺失值后共 29 条记录
2025-03-25 02:28:22,350 - 数据前5行预览:
        Timestamp    129.128_1    129.128_2  ...  ws200_13  ws200_14  ws200_15
0  2024/3/11 0:00  15974.26563  16293.82813  ...  4.542173  1.324043  0.865087
1  2024/3/11 0:15  15974.26563  16293.82813  ...  3.899081  0.880606  1.273859
2  2024/3/11 0:30  15974.26563  16293.82813  ...  3.273753  0.778394  1.710350
3  2024/3/11 0:45  15974.26563  16293.82813  ...  2.678660  1.115517  2.157803
4  2024/3/11 1:00  15974.26563  16293.82813  ...  2.139185  1.640399  2.610587

[5 rows x 301 columns]
2025-03-25 02:28:22,350 - 预处理数据...
2025-03-25 02:28:22,352 - 预处理完成，特征维度: (29, 304)
2025-03-25 02:28:22,352 - 执行特征工程，滞后特征数: 4...
2025-03-25 02:28:22,381 - 特征工程完成，特征维度: (26, 859)
2025-03-25 02:28:22,381 - 新数据预处理完成，共 26 个样本
2025-03-25 02:28:22,381 - ✅ 发现最佳模型目录: D:\my-vue-project\wind-power-forecast\backend\auto_scripts\models\supershortmodel\20250325\best_models，尝试使用多模型加权预测
2025-03-25 02:28:22,381 - 
============================================================
【加载多个模型】
============================================================
2025-03-25 02:28:22,381 - 从目录加载模型和 scaler: D:\my-vue-project\wind-power-forecast\backend\auto_scripts\models\supershortmodel\20250325\best_models
2025-03-25 02:28:22,382 - 加载 GBDT 模型和 scaler...
2025-03-25 02:28:22,386 - ✅ 已成功加载 GBDT 模型和对应的 scaler
2025-03-25 02:28:22,387 - 加载 DART 模型和 scaler...
2025-03-25 02:28:22,391 - ✅ 已成功加载 DART 模型和对应的 scaler
2025-03-25 02:28:22,391 - 加载 GOSS 模型和 scaler...
2025-03-25 02:28:22,396 - ✅ 已成功加载 GOSS 模型和对应的 scaler
2025-03-25 02:28:22,396 - 加载完成，共加载了 3 个模型: GBDT, DART, GOSS
2025-03-25 02:28:22,396 - 尝试加载模型权重文件: D:\my-vue-project\wind-power-forecast\backend\auto_scripts\models\supershortmodel\20250325\model_weights.joblib
2025-03-25 02:28:22,396 - ✅ 已加载模型权重: {'GBDT': np.float64(0.0), 'DART': np.float64(0.0), 'GOSS': np.float64(0.9413418792089218), 'INTERCEPT': np.float64(-0.0258769107539365)}
2025-03-25 02:28:22,396 - 
============================================================
【使用多模型加权预测】
============================================================
2025-03-25 02:28:22,397 - 使用自定义权重: {'GBDT': np.float64(0.0), 'DART': np.float64(0.0), 'GOSS': np.float64(0.9413418792089218), 'INTERCEPT': np.float64(-0.0258769107539365)}
2025-03-25 02:28:22,397 - ❌ GBDT 模型权重为0，跳过
2025-03-25 02:28:22,397 - ❌ DART 模型权重为0，跳过
2025-03-25 02:28:22,397 - 使用 GOSS 模型进行预测 (权重: 0.9413)...
2025-03-25 02:28:22,399 - GOSS: 数据标准化完成
2025-03-25 02:28:22,399 - GOSS: 时间窗口创建完成，窗口数量: 11
2025-03-25 02:28:22,401 - ✅ GOSS 模型预测完成，生成了 11 个预测值
2025-03-25 02:28:22,401 -    统计: 最小值=118.97, 最大值=177.46, 平均值=157.97
2025-03-25 02:28:22,401 - 所有预测结果对齐到最小长度: 11
2025-03-25 02:28:22,401 - 开始计算加权平均预测结果...
2025-03-25 02:28:22,401 -   加入 GOSS 模型贡献 (权重: 0.9413)
2025-03-25 02:28:22,401 -   加入常数偏置项 (值: -0.0259)
2025-03-25 02:28:22,401 - 加权平均预测完成，生成了 11 个预测值
2025-03-25 02:28:22,401 - 加权预测结果统计: 最小值=111.96, 最大值=167.03, 平均值=148.67
2025-03-25 02:28:22,401 - ✅ 多模型加权预测完成，使用模型: GBDT, DART, GOSS
2025-03-25 02:28:22,402 - 预测结果数据框创建完成，共 11 行
2025-03-25 02:28:22,403 - ✅ 预测结果已保存到文件: D:\my-vue-project\wind-power-forecast\backend\auto_scripts\results\supershortresult\20250325\prediction_202503250130.csv
2025-03-25 02:28:22,403 - 尝试将预测结果导入数据库...
2025-03-25 02:28:22,403 - 发送HTTP请求到: http://localhost:5000/prediction2database/batch_supershortl_power
2025-03-25 02:28:24,468 - ✅ 数据已成功导入数据库
2025-03-25 02:28:24,468 -    总记录数: 11, 更新: 11, 插入: 0
2025-03-25 02:28:24,468 - 
============================================================
【风电功率预测完成】
============================================================
2025-03-25 02:28:24,468 - 风电功率预测完成
2025-03-25 02:28:24,469 - ✅ 202503250130.csv 预测执行完成
2025-03-25 02:28:24,470 - 已创建预测标志文件: D:\my-vue-project\wind-power-forecast\backend\auto_scripts\scripts\supershort\logs\auto_predict\predict_20250325_01_30.flag
2025-03-25 02:28:24,470 - ✅ 处理预测文件: D:\my-vue-project\wind-power-forecast\backend\auto_scripts\precsv\supershortcsv\20250325\202503250145.csv
2025-03-25 02:28:24,470 - 
============================================================
【风电功率预测开始】
============================================================
2025-03-25 02:28:24,470 - 配置信息:
2025-03-25 02:28:24,470 -   - 数据文件: D:\my-vue-project\wind-power-forecast\backend\auto_scripts\precsv\supershortcsv\20250325\202503250145.csv
2025-03-25 02:28:24,470 -   - 模型目录: D:\my-vue-project\wind-power-forecast\backend\auto_scripts\models\supershortmodel\20250325
2025-03-25 02:28:24,470 -   - 窗口大小: 16
2025-03-25 02:28:24,471 -   - 滞后特征数: 4
2025-03-25 02:28:24,471 - 
============================================================
【预处理新数据】
============================================================
2025-03-25 02:28:24,471 - 加载数据文件: D:\my-vue-project\wind-power-forecast\backend\auto_scripts\precsv\supershortcsv\20250325\202503250145.csv
2025-03-25 02:28:24,476 - 数据加载完成，去除缺失值后共 29 条记录
2025-03-25 02:28:24,515 - 数据前5行预览:
        Timestamp    129.128_1    129.128_2  ...  ws200_13  ws200_14  ws200_15
0  2024/3/11 0:00  15974.26563  16293.82813  ...  4.542173  1.324043  0.865087
1  2024/3/11 0:15  15974.26563  16293.82813  ...  3.899081  0.880606  1.273859
2  2024/3/11 0:30  15974.26563  16293.82813  ...  3.273753  0.778394  1.710350
3  2024/3/11 0:45  15974.26563  16293.82813  ...  2.678660  1.115517  2.157803
4  2024/3/11 1:00  15974.26563  16293.82813  ...  2.139185  1.640399  2.610587

[5 rows x 301 columns]
2025-03-25 02:28:24,515 - 预处理数据...
2025-03-25 02:28:24,516 - 预处理完成，特征维度: (29, 304)
2025-03-25 02:28:24,516 - 执行特征工程，滞后特征数: 4...
2025-03-25 02:28:24,545 - 特征工程完成，特征维度: (26, 859)
2025-03-25 02:28:24,545 - 新数据预处理完成，共 26 个样本
2025-03-25 02:28:24,545 - ✅ 发现最佳模型目录: D:\my-vue-project\wind-power-forecast\backend\auto_scripts\models\supershortmodel\20250325\best_models，尝试使用多模型加权预测
2025-03-25 02:28:24,545 - 
============================================================
【加载多个模型】
============================================================
2025-03-25 02:28:24,545 - 从目录加载模型和 scaler: D:\my-vue-project\wind-power-forecast\backend\auto_scripts\models\supershortmodel\20250325\best_models
2025-03-25 02:28:24,545 - 加载 GBDT 模型和 scaler...
2025-03-25 02:28:24,550 - ✅ 已成功加载 GBDT 模型和对应的 scaler
2025-03-25 02:28:24,551 - 加载 DART 模型和 scaler...
2025-03-25 02:28:24,557 - ✅ 已成功加载 DART 模型和对应的 scaler
2025-03-25 02:28:24,557 - 加载 GOSS 模型和 scaler...
2025-03-25 02:28:24,562 - ✅ 已成功加载 GOSS 模型和对应的 scaler
2025-03-25 02:28:24,562 - 加载完成，共加载了 3 个模型: GBDT, DART, GOSS
2025-03-25 02:28:24,563 - 尝试加载模型权重文件: D:\my-vue-project\wind-power-forecast\backend\auto_scripts\models\supershortmodel\20250325\model_weights.joblib
2025-03-25 02:28:24,563 - ✅ 已加载模型权重: {'GBDT': np.float64(0.0), 'DART': np.float64(0.0), 'GOSS': np.float64(0.9413418792089218), 'INTERCEPT': np.float64(-0.0258769107539365)}
2025-03-25 02:28:24,563 - 
============================================================
【使用多模型加权预测】
============================================================
2025-03-25 02:28:24,563 - 使用自定义权重: {'GBDT': np.float64(0.0), 'DART': np.float64(0.0), 'GOSS': np.float64(0.9413418792089218), 'INTERCEPT': np.float64(-0.0258769107539365)}
2025-03-25 02:28:24,563 - ❌ GBDT 模型权重为0，跳过
2025-03-25 02:28:24,563 - ❌ DART 模型权重为0，跳过
2025-03-25 02:28:24,563 - 使用 GOSS 模型进行预测 (权重: 0.9413)...
2025-03-25 02:28:24,565 - GOSS: 数据标准化完成
2025-03-25 02:28:24,565 - GOSS: 时间窗口创建完成，窗口数量: 11
2025-03-25 02:28:24,567 - ✅ GOSS 模型预测完成，生成了 11 个预测值
2025-03-25 02:28:24,567 -    统计: 最小值=118.97, 最大值=177.46, 平均值=157.97
2025-03-25 02:28:24,567 - 所有预测结果对齐到最小长度: 11
2025-03-25 02:28:24,567 - 开始计算加权平均预测结果...
2025-03-25 02:28:24,567 -   加入 GOSS 模型贡献 (权重: 0.9413)
2025-03-25 02:28:24,568 -   加入常数偏置项 (值: -0.0259)
2025-03-25 02:28:24,568 - 加权平均预测完成，生成了 11 个预测值
2025-03-25 02:28:24,568 - 加权预测结果统计: 最小值=111.96, 最大值=167.03, 平均值=148.67
2025-03-25 02:28:24,568 - ✅ 多模型加权预测完成，使用模型: GBDT, DART, GOSS
2025-03-25 02:28:24,569 - 预测结果数据框创建完成，共 11 行
2025-03-25 02:28:24,570 - ✅ 预测结果已保存到文件: D:\my-vue-project\wind-power-forecast\backend\auto_scripts\results\supershortresult\20250325\prediction_202503250145.csv
2025-03-25 02:28:24,570 - 尝试将预测结果导入数据库...
2025-03-25 02:28:24,570 - 发送HTTP请求到: http://localhost:5000/prediction2database/batch_supershortl_power
2025-03-25 02:28:26,631 - ✅ 数据已成功导入数据库
2025-03-25 02:28:26,631 -    总记录数: 11, 更新: 11, 插入: 0
2025-03-25 02:28:26,631 - 
============================================================
【风电功率预测完成】
============================================================
2025-03-25 02:28:26,631 - 风电功率预测完成
2025-03-25 02:28:26,634 - ✅ 202503250145.csv 预测执行完成
2025-03-25 02:28:26,636 - 已创建预测标志文件: D:\my-vue-project\wind-power-forecast\backend\auto_scripts\scripts\supershort\logs\auto_predict\predict_20250325_01_45.flag
2025-03-25 02:28:26,637 - ✅ 处理预测文件: D:\my-vue-project\wind-power-forecast\backend\auto_scripts\precsv\supershortcsv\20250325\202503250200.csv
2025-03-25 02:28:26,637 - 
============================================================
【风电功率预测开始】
============================================================
2025-03-25 02:28:26,637 - 配置信息:
2025-03-25 02:28:26,637 -   - 数据文件: D:\my-vue-project\wind-power-forecast\backend\auto_scripts\precsv\supershortcsv\20250325\202503250200.csv
2025-03-25 02:28:26,637 -   - 模型目录: D:\my-vue-project\wind-power-forecast\backend\auto_scripts\models\supershortmodel\20250325
2025-03-25 02:28:26,637 -   - 窗口大小: 16
2025-03-25 02:28:26,637 -   - 滞后特征数: 4
2025-03-25 02:28:26,637 - 
============================================================
【预处理新数据】
============================================================
2025-03-25 02:28:26,637 - 加载数据文件: D:\my-vue-project\wind-power-forecast\backend\auto_scripts\precsv\supershortcsv\20250325\202503250200.csv
2025-03-25 02:28:26,645 - 数据加载完成，去除缺失值后共 29 条记录
2025-03-25 02:28:26,683 - 数据前5行预览:
        Timestamp    129.128_1    129.128_2  ...  ws200_13  ws200_14  ws200_15
0  2024/3/11 0:00  15974.26563  16293.82813  ...  4.542173  1.324043  0.865087
1  2024/3/11 0:15  15974.26563  16293.82813  ...  3.899081  0.880606  1.273859
2  2024/3/11 0:30  15974.26563  16293.82813  ...  3.273753  0.778394  1.710350
3  2024/3/11 0:45  15974.26563  16293.82813  ...  2.678660  1.115517  2.157803
4  2024/3/11 1:00  15974.26563  16293.82813  ...  2.139185  1.640399  2.610587

[5 rows x 301 columns]
2025-03-25 02:28:26,683 - 预处理数据...
2025-03-25 02:28:26,685 - 预处理完成，特征维度: (29, 304)
2025-03-25 02:28:26,685 - 执行特征工程，滞后特征数: 4...
2025-03-25 02:28:26,731 - 特征工程完成，特征维度: (26, 859)
2025-03-25 02:28:26,731 - 新数据预处理完成，共 26 个样本
2025-03-25 02:28:26,731 - ✅ 发现最佳模型目录: D:\my-vue-project\wind-power-forecast\backend\auto_scripts\models\supershortmodel\20250325\best_models，尝试使用多模型加权预测
2025-03-25 02:28:26,732 - 
============================================================
【加载多个模型】
============================================================
2025-03-25 02:28:26,732 - 从目录加载模型和 scaler: D:\my-vue-project\wind-power-forecast\backend\auto_scripts\models\supershortmodel\20250325\best_models
2025-03-25 02:28:26,732 - 加载 GBDT 模型和 scaler...
2025-03-25 02:28:26,736 - ✅ 已成功加载 GBDT 模型和对应的 scaler
2025-03-25 02:28:26,737 - 加载 DART 模型和 scaler...
2025-03-25 02:28:26,741 - ✅ 已成功加载 DART 模型和对应的 scaler
2025-03-25 02:28:26,741 - 加载 GOSS 模型和 scaler...
2025-03-25 02:28:26,745 - ✅ 已成功加载 GOSS 模型和对应的 scaler
2025-03-25 02:28:26,745 - 加载完成，共加载了 3 个模型: GBDT, DART, GOSS
2025-03-25 02:28:26,745 - 尝试加载模型权重文件: D:\my-vue-project\wind-power-forecast\backend\auto_scripts\models\supershortmodel\20250325\model_weights.joblib
2025-03-25 02:28:26,746 - ✅ 已加载模型权重: {'GBDT': np.float64(0.0), 'DART': np.float64(0.0), 'GOSS': np.float64(0.9413418792089218), 'INTERCEPT': np.float64(-0.0258769107539365)}
2025-03-25 02:28:26,746 - 
============================================================
【使用多模型加权预测】
============================================================
2025-03-25 02:28:26,746 - 使用自定义权重: {'GBDT': np.float64(0.0), 'DART': np.float64(0.0), 'GOSS': np.float64(0.9413418792089218), 'INTERCEPT': np.float64(-0.0258769107539365)}
2025-03-25 02:28:26,746 - ❌ GBDT 模型权重为0，跳过
2025-03-25 02:28:26,746 - ❌ DART 模型权重为0，跳过
2025-03-25 02:28:26,746 - 使用 GOSS 模型进行预测 (权重: 0.9413)...
2025-03-25 02:28:26,748 - GOSS: 数据标准化完成
2025-03-25 02:28:26,748 - GOSS: 时间窗口创建完成，窗口数量: 11
2025-03-25 02:28:26,750 - ✅ GOSS 模型预测完成，生成了 11 个预测值
2025-03-25 02:28:26,750 -    统计: 最小值=118.97, 最大值=177.46, 平均值=157.97
2025-03-25 02:28:26,750 - 所有预测结果对齐到最小长度: 11
2025-03-25 02:28:26,750 - 开始计算加权平均预测结果...
2025-03-25 02:28:26,750 -   加入 GOSS 模型贡献 (权重: 0.9413)
2025-03-25 02:28:26,750 -   加入常数偏置项 (值: -0.0259)
2025-03-25 02:28:26,750 - 加权平均预测完成，生成了 11 个预测值
2025-03-25 02:28:26,750 - 加权预测结果统计: 最小值=111.96, 最大值=167.03, 平均值=148.67
2025-03-25 02:28:26,750 - ✅ 多模型加权预测完成，使用模型: GBDT, DART, GOSS
2025-03-25 02:28:26,751 - 预测结果数据框创建完成，共 11 行
2025-03-25 02:28:26,752 - ✅ 预测结果已保存到文件: D:\my-vue-project\wind-power-forecast\backend\auto_scripts\results\supershortresult\20250325\prediction_202503250200.csv
2025-03-25 02:28:26,752 - 尝试将预测结果导入数据库...
2025-03-25 02:28:26,752 - 发送HTTP请求到: http://localhost:5000/prediction2database/batch_supershortl_power
2025-03-25 02:28:28,825 - ✅ 数据已成功导入数据库
2025-03-25 02:28:28,825 -    总记录数: 11, 更新: 11, 插入: 0
2025-03-25 02:28:28,825 - 
============================================================
【风电功率预测完成】
============================================================
2025-03-25 02:28:28,825 - 风电功率预测完成
2025-03-25 02:28:28,829 - ✅ 202503250200.csv 预测执行完成
2025-03-25 02:28:28,830 - 已创建预测标志文件: D:\my-vue-project\wind-power-forecast\backend\auto_scripts\scripts\supershort\logs\auto_predict\predict_20250325_02_00.flag
2025-03-25 02:28:28,831 - ✅ 处理预测文件: D:\my-vue-project\wind-power-forecast\backend\auto_scripts\precsv\supershortcsv\20250325\202503250215.csv
2025-03-25 02:28:28,831 - 
============================================================
【风电功率预测开始】
============================================================
2025-03-25 02:28:28,831 - 配置信息:
2025-03-25 02:28:28,831 -   - 数据文件: D:\my-vue-project\wind-power-forecast\backend\auto_scripts\precsv\supershortcsv\20250325\202503250215.csv
2025-03-25 02:28:28,831 -   - 模型目录: D:\my-vue-project\wind-power-forecast\backend\auto_scripts\models\supershortmodel\20250325
2025-03-25 02:28:28,831 -   - 窗口大小: 16
2025-03-25 02:28:28,831 -   - 滞后特征数: 4
2025-03-25 02:28:28,831 - 
============================================================
【预处理新数据】
============================================================
2025-03-25 02:28:28,831 - 加载数据文件: D:\my-vue-project\wind-power-forecast\backend\auto_scripts\precsv\supershortcsv\20250325\202503250215.csv
2025-03-25 02:28:28,837 - 数据加载完成，去除缺失值后共 29 条记录
2025-03-25 02:28:28,875 - 数据前5行预览:
        Timestamp    129.128_1    129.128_2  ...  ws200_13  ws200_14  ws200_15
0  2024/3/11 0:00  15974.26563  16293.82813  ...  4.542173  1.324043  0.865087
1  2024/3/11 0:15  15974.26563  16293.82813  ...  3.899081  0.880606  1.273859
2  2024/3/11 0:30  15974.26563  16293.82813  ...  3.273753  0.778394  1.710350
3  2024/3/11 0:45  15974.26563  16293.82813  ...  2.678660  1.115517  2.157803
4  2024/3/11 1:00  15974.26563  16293.82813  ...  2.139185  1.640399  2.610587

[5 rows x 301 columns]
2025-03-25 02:28:28,875 - 预处理数据...
2025-03-25 02:28:28,876 - 预处理完成，特征维度: (29, 304)
2025-03-25 02:28:28,876 - 执行特征工程，滞后特征数: 4...
2025-03-25 02:28:28,905 - 特征工程完成，特征维度: (26, 859)
2025-03-25 02:28:28,905 - 新数据预处理完成，共 26 个样本
2025-03-25 02:28:28,906 - ✅ 发现最佳模型目录: D:\my-vue-project\wind-power-forecast\backend\auto_scripts\models\supershortmodel\20250325\best_models，尝试使用多模型加权预测
2025-03-25 02:28:28,906 - 
============================================================
【加载多个模型】
============================================================
2025-03-25 02:28:28,906 - 从目录加载模型和 scaler: D:\my-vue-project\wind-power-forecast\backend\auto_scripts\models\supershortmodel\20250325\best_models
2025-03-25 02:28:28,906 - 加载 GBDT 模型和 scaler...
2025-03-25 02:28:28,911 - ✅ 已成功加载 GBDT 模型和对应的 scaler
2025-03-25 02:28:28,911 - 加载 DART 模型和 scaler...
2025-03-25 02:28:28,915 - ✅ 已成功加载 DART 模型和对应的 scaler
2025-03-25 02:28:28,915 - 加载 GOSS 模型和 scaler...
2025-03-25 02:28:28,921 - ✅ 已成功加载 GOSS 模型和对应的 scaler
2025-03-25 02:28:28,921 - 加载完成，共加载了 3 个模型: GBDT, DART, GOSS
2025-03-25 02:28:28,921 - 尝试加载模型权重文件: D:\my-vue-project\wind-power-forecast\backend\auto_scripts\models\supershortmodel\20250325\model_weights.joblib
2025-03-25 02:28:28,921 - ✅ 已加载模型权重: {'GBDT': np.float64(0.0), 'DART': np.float64(0.0), 'GOSS': np.float64(0.9413418792089218), 'INTERCEPT': np.float64(-0.0258769107539365)}
2025-03-25 02:28:28,921 - 
============================================================
【使用多模型加权预测】
============================================================
2025-03-25 02:28:28,921 - 使用自定义权重: {'GBDT': np.float64(0.0), 'DART': np.float64(0.0), 'GOSS': np.float64(0.9413418792089218), 'INTERCEPT': np.float64(-0.0258769107539365)}
2025-03-25 02:28:28,921 - ❌ GBDT 模型权重为0，跳过
2025-03-25 02:28:28,922 - ❌ DART 模型权重为0，跳过
2025-03-25 02:28:28,922 - 使用 GOSS 模型进行预测 (权重: 0.9413)...
2025-03-25 02:28:28,924 - GOSS: 数据标准化完成
2025-03-25 02:28:28,924 - GOSS: 时间窗口创建完成，窗口数量: 11
2025-03-25 02:28:28,925 - ✅ GOSS 模型预测完成，生成了 11 个预测值
2025-03-25 02:28:28,925 -    统计: 最小值=118.97, 最大值=177.46, 平均值=157.97
2025-03-25 02:28:28,926 - 所有预测结果对齐到最小长度: 11
2025-03-25 02:28:28,926 - 开始计算加权平均预测结果...
2025-03-25 02:28:28,926 -   加入 GOSS 模型贡献 (权重: 0.9413)
2025-03-25 02:28:28,926 -   加入常数偏置项 (值: -0.0259)
2025-03-25 02:28:28,926 - 加权平均预测完成，生成了 11 个预测值
2025-03-25 02:28:28,926 - 加权预测结果统计: 最小值=111.96, 最大值=167.03, 平均值=148.67
2025-03-25 02:28:28,926 - ✅ 多模型加权预测完成，使用模型: GBDT, DART, GOSS
2025-03-25 02:28:28,926 - 预测结果数据框创建完成，共 11 行
2025-03-25 02:28:28,927 - ✅ 预测结果已保存到文件: D:\my-vue-project\wind-power-forecast\backend\auto_scripts\results\supershortresult\20250325\prediction_202503250215.csv
2025-03-25 02:28:28,927 - 尝试将预测结果导入数据库...
2025-03-25 02:28:28,927 - 发送HTTP请求到: http://localhost:5000/prediction2database/batch_supershortl_power
2025-03-25 02:28:31,009 - ✅ 数据已成功导入数据库
2025-03-25 02:28:31,009 -    总记录数: 11, 更新: 11, 插入: 0
2025-03-25 02:28:31,009 - 
============================================================
【风电功率预测完成】
============================================================
2025-03-25 02:28:31,009 - 风电功率预测完成
2025-03-25 02:28:31,012 - ✅ 202503250215.csv 预测执行完成
2025-03-25 02:28:31,013 - 已创建预测标志文件: D:\my-vue-project\wind-power-forecast\backend\auto_scripts\scripts\supershort\logs\auto_predict\predict_20250325_02_15.flag
2025-03-25 02:28:31,014 - 本次共处理了 10 个预测文件
2025-03-25 02:28:31,014 - 
================================================================================
2025-03-25 02:28:31,014 - >>> 预测任务结束 <<<
2025-03-25 02:28:31,014 - ================================================================================

2025-03-25 02:28:31,014 - 预测任务结束
2025-03-25 02:33:32,464 - 
================================================================================
2025-03-25 02:33:32,464 - >>> 自动预测系统启动 <<<
2025-03-25 02:33:32,464 - ================================================================================

2025-03-25 02:33:32,464 - 自动预测系统启动
2025-03-25 02:33:32,464 - 当前日期: 20250325, 时间: 02:33:32
2025-03-25 02:33:32,464 - 
================================================================================
2025-03-25 02:33:32,464 - >>> 开始执行预测 <<<
2025-03-25 02:33:32,465 - ================================================================================

2025-03-25 02:33:32,465 - 开始执行预测
2025-03-25 02:33:32,465 - 扫描预测数据文件目录: D:\my-vue-project\wind-power-forecast\backend\auto_scripts\precsv\supershortcsv\20250325
2025-03-25 02:33:32,465 - 检查模型目录: D:\my-vue-project\wind-power-forecast\backend\auto_scripts\models\supershortmodel\20250325
2025-03-25 02:33:32,465 - 发现best_models目录: D:\my-vue-project\wind-power-forecast\backend\auto_scripts\models\supershortmodel\20250325\best_models
2025-03-25 02:33:32,465 - 发现GBDT模型文件: D:\my-vue-project\wind-power-forecast\backend\auto_scripts\models\supershortmodel\20250325\best_models\GBDT.joblib
2025-03-25 02:33:32,465 - 找到 11 个CSV文件
2025-03-25 02:33:32,465 - 该预测文件已处理过 (标志文件: D:\my-vue-project\wind-power-forecast\backend\auto_scripts\scripts\supershort\logs\auto_predict\predict_20250325_00_00.flag)
2025-03-25 02:33:32,466 - ⏩ 跳过已处理的文件: 202503250000.csv
2025-03-25 02:33:32,466 - 该预测文件已处理过 (标志文件: D:\my-vue-project\wind-power-forecast\backend\auto_scripts\scripts\supershort\logs\auto_predict\predict_20250325_00_15.flag)
2025-03-25 02:33:32,466 - ⏩ 跳过已处理的文件: 202503250015.csv
2025-03-25 02:33:32,466 - 该预测文件已处理过 (标志文件: D:\my-vue-project\wind-power-forecast\backend\auto_scripts\scripts\supershort\logs\auto_predict\predict_20250325_00_30.flag)
2025-03-25 02:33:32,466 - ⏩ 跳过已处理的文件: 202503250030.csv
2025-03-25 02:33:32,466 - 该预测文件已处理过 (标志文件: D:\my-vue-project\wind-power-forecast\backend\auto_scripts\scripts\supershort\logs\auto_predict\predict_20250325_00_45.flag)
2025-03-25 02:33:32,466 - ⏩ 跳过已处理的文件: 202503250045.csv
2025-03-25 02:33:32,467 - 该预测文件已处理过 (标志文件: D:\my-vue-project\wind-power-forecast\backend\auto_scripts\scripts\supershort\logs\auto_predict\predict_20250325_01_00.flag)
2025-03-25 02:33:32,467 - ⏩ 跳过已处理的文件: 202503250100.csv
2025-03-25 02:33:32,467 - 该预测文件已处理过 (标志文件: D:\my-vue-project\wind-power-forecast\backend\auto_scripts\scripts\supershort\logs\auto_predict\predict_20250325_01_15.flag)
2025-03-25 02:33:32,467 - ⏩ 跳过已处理的文件: 202503250115.csv
2025-03-25 02:33:32,467 - 该预测文件已处理过 (标志文件: D:\my-vue-project\wind-power-forecast\backend\auto_scripts\scripts\supershort\logs\auto_predict\predict_20250325_01_30.flag)
2025-03-25 02:33:32,467 - ⏩ 跳过已处理的文件: 202503250130.csv
2025-03-25 02:33:32,467 - 该预测文件已处理过 (标志文件: D:\my-vue-project\wind-power-forecast\backend\auto_scripts\scripts\supershort\logs\auto_predict\predict_20250325_01_45.flag)
2025-03-25 02:33:32,467 - ⏩ 跳过已处理的文件: 202503250145.csv
2025-03-25 02:33:32,468 - 该预测文件已处理过 (标志文件: D:\my-vue-project\wind-power-forecast\backend\auto_scripts\scripts\supershort\logs\auto_predict\predict_20250325_02_00.flag)
2025-03-25 02:33:32,468 - ⏩ 跳过已处理的文件: 202503250200.csv
2025-03-25 02:33:32,468 - 该预测文件已处理过 (标志文件: D:\my-vue-project\wind-power-forecast\backend\auto_scripts\scripts\supershort\logs\auto_predict\predict_20250325_02_15.flag)
2025-03-25 02:33:32,468 - ⏩ 跳过已处理的文件: 202503250215.csv
2025-03-25 02:33:32,468 - ✅ 处理预测文件: D:\my-vue-project\wind-power-forecast\backend\auto_scripts\precsv\supershortcsv\20250325\202503250230.csv
2025-03-25 02:33:32,468 - 
============================================================
【风电功率预测开始】
============================================================
2025-03-25 02:33:32,468 - 配置信息:
2025-03-25 02:33:32,468 -   - 数据文件: D:\my-vue-project\wind-power-forecast\backend\auto_scripts\precsv\supershortcsv\20250325\202503250230.csv
2025-03-25 02:33:32,468 -   - 模型目录: D:\my-vue-project\wind-power-forecast\backend\auto_scripts\models\supershortmodel\20250325
2025-03-25 02:33:32,468 -   - 窗口大小: 16
2025-03-25 02:33:32,468 -   - 滞后特征数: 4
2025-03-25 02:33:32,468 - 
============================================================
【预处理新数据】
============================================================
2025-03-25 02:33:32,468 - 加载数据文件: D:\my-vue-project\wind-power-forecast\backend\auto_scripts\precsv\supershortcsv\20250325\202503250230.csv
2025-03-25 02:33:32,474 - 数据加载完成，去除缺失值后共 29 条记录
2025-03-25 02:33:32,516 - 数据前5行预览:
        Timestamp    129.128_1    129.128_2  ...  ws200_13  ws200_14  ws200_15
0  2024/3/11 0:00  15974.26563  16293.82813  ...  4.542173  1.324043  0.865087
1  2024/3/11 0:15  15974.26563  16293.82813  ...  3.899081  0.880606  1.273859
2  2024/3/11 0:30  15974.26563  16293.82813  ...  3.273753  0.778394  1.710350
3  2024/3/11 0:45  15974.26563  16293.82813  ...  2.678660  1.115517  2.157803
4  2024/3/11 1:00  15974.26563  16293.82813  ...  2.139185  1.640399  2.610587

[5 rows x 301 columns]
2025-03-25 02:33:32,516 - 预处理数据...
2025-03-25 02:33:32,519 - 预处理完成，特征维度: (29, 304)
2025-03-25 02:33:32,519 - 执行特征工程，滞后特征数: 4...
2025-03-25 02:33:32,549 - 特征工程完成，特征维度: (26, 859)
2025-03-25 02:33:32,549 - 新数据预处理完成，共 26 个样本
2025-03-25 02:33:32,549 - ✅ 发现最佳模型目录: D:\my-vue-project\wind-power-forecast\backend\auto_scripts\models\supershortmodel\20250325\best_models，尝试使用多模型加权预测
2025-03-25 02:33:32,549 - 
============================================================
【加载多个模型】
============================================================
2025-03-25 02:33:32,549 - 从目录加载模型和 scaler: D:\my-vue-project\wind-power-forecast\backend\auto_scripts\models\supershortmodel\20250325\best_models
2025-03-25 02:33:32,549 - 加载 GBDT 模型和 scaler...
2025-03-25 02:33:32,640 - ✅ 已成功加载 GBDT 模型和对应的 scaler
2025-03-25 02:33:32,641 - 加载 DART 模型和 scaler...
2025-03-25 02:33:32,649 - ✅ 已成功加载 DART 模型和对应的 scaler
2025-03-25 02:33:32,649 - 加载 GOSS 模型和 scaler...
2025-03-25 02:33:32,654 - ✅ 已成功加载 GOSS 模型和对应的 scaler
2025-03-25 02:33:32,654 - 加载完成，共加载了 3 个模型: GBDT, DART, GOSS
2025-03-25 02:33:32,654 - 尝试加载模型权重文件: D:\my-vue-project\wind-power-forecast\backend\auto_scripts\models\supershortmodel\20250325\model_weights.joblib
2025-03-25 02:33:32,654 - ✅ 已加载模型权重: {'GBDT': np.float64(0.0), 'DART': np.float64(0.0), 'GOSS': np.float64(0.9413418792089218), 'INTERCEPT': np.float64(-0.0258769107539365)}
2025-03-25 02:33:32,654 - 
============================================================
【使用多模型加权预测】
============================================================
2025-03-25 02:33:32,654 - 使用自定义权重: {'GBDT': np.float64(0.0), 'DART': np.float64(0.0), 'GOSS': np.float64(0.9413418792089218), 'INTERCEPT': np.float64(-0.0258769107539365)}
2025-03-25 02:33:32,654 - ❌ GBDT 模型权重为0，跳过
2025-03-25 02:33:32,654 - ❌ DART 模型权重为0，跳过
2025-03-25 02:33:32,654 - 使用 GOSS 模型进行预测 (权重: 0.9413)...
2025-03-25 02:33:32,657 - GOSS: 数据标准化完成
2025-03-25 02:33:32,657 - GOSS: 时间窗口创建完成，窗口数量: 11
2025-03-25 02:33:32,702 - ✅ GOSS 模型预测完成，生成了 11 个预测值
2025-03-25 02:33:32,702 -    统计: 最小值=118.97, 最大值=177.46, 平均值=157.97
2025-03-25 02:33:32,703 - 所有预测结果对齐到最小长度: 11
2025-03-25 02:33:32,703 - 开始计算加权平均预测结果...
2025-03-25 02:33:32,703 -   加入 GOSS 模型贡献 (权重: 0.9413)
2025-03-25 02:33:32,703 -   加入常数偏置项 (值: -0.0259)
2025-03-25 02:33:32,703 - 加权平均预测完成，生成了 11 个预测值
2025-03-25 02:33:32,703 - 加权预测结果统计: 最小值=111.96, 最大值=167.03, 平均值=148.67
2025-03-25 02:33:32,703 - ✅ 多模型加权预测完成，使用模型: GBDT, DART, GOSS
2025-03-25 02:33:32,703 - 预测结果数据框创建完成，共 11 行
2025-03-25 02:33:32,705 - ✅ 预测结果已保存到文件: D:\my-vue-project\wind-power-forecast\backend\auto_scripts\results\supershortresult\20250325\prediction_202503250230.csv
2025-03-25 02:33:32,705 - 尝试将预测结果导入数据库...
2025-03-25 02:33:32,705 - 发送HTTP请求到: http://localhost:5000/prediction2database/batch_supershortl_power
2025-03-25 02:33:34,790 - ✅ 数据已成功导入数据库
2025-03-25 02:33:34,790 -    总记录数: 11, 更新: 11, 插入: 0
2025-03-25 02:33:34,790 - 
============================================================
【风电功率预测完成】
============================================================
2025-03-25 02:33:34,790 - 风电功率预测完成
2025-03-25 02:33:34,793 - ✅ 202503250230.csv 预测执行完成
2025-03-25 02:33:34,794 - 已创建预测标志文件: D:\my-vue-project\wind-power-forecast\backend\auto_scripts\scripts\supershort\logs\auto_predict\predict_20250325_02_30.flag
2025-03-25 02:33:34,794 - 本次共处理了 11 个预测文件
2025-03-25 02:33:34,795 - 
================================================================================
2025-03-25 02:33:34,795 - >>> 预测任务结束 <<<
2025-03-25 02:33:34,795 - ================================================================================

2025-03-25 02:33:34,795 - 预测任务结束
2025-03-25 02:38:36,265 - 
================================================================================
2025-03-25 02:38:36,265 - >>> 自动预测系统启动 <<<
2025-03-25 02:38:36,265 - ================================================================================

2025-03-25 02:38:36,265 - 自动预测系统启动
2025-03-25 02:38:36,265 - 当前日期: 20250325, 时间: 02:38:36
2025-03-25 02:38:36,265 - 
================================================================================
2025-03-25 02:38:36,265 - >>> 开始执行预测 <<<
2025-03-25 02:38:36,265 - ================================================================================

2025-03-25 02:38:36,265 - 开始执行预测
2025-03-25 02:38:36,266 - 扫描预测数据文件目录: D:\my-vue-project\wind-power-forecast\backend\auto_scripts\precsv\supershortcsv\20250325
2025-03-25 02:38:36,266 - 检查模型目录: D:\my-vue-project\wind-power-forecast\backend\auto_scripts\models\supershortmodel\20250325
2025-03-25 02:38:36,266 - 发现best_models目录: D:\my-vue-project\wind-power-forecast\backend\auto_scripts\models\supershortmodel\20250325\best_models
2025-03-25 02:38:36,266 - 发现GBDT模型文件: D:\my-vue-project\wind-power-forecast\backend\auto_scripts\models\supershortmodel\20250325\best_models\GBDT.joblib
2025-03-25 02:38:36,266 - 找到 11 个CSV文件
2025-03-25 02:38:36,266 - 该预测文件已处理过 (标志文件: D:\my-vue-project\wind-power-forecast\backend\auto_scripts\scripts\supershort\logs\auto_predict\predict_20250325_00_00.flag)
2025-03-25 02:38:36,266 - ⏩ 跳过已处理的文件: 202503250000.csv
2025-03-25 02:38:36,266 - 该预测文件已处理过 (标志文件: D:\my-vue-project\wind-power-forecast\backend\auto_scripts\scripts\supershort\logs\auto_predict\predict_20250325_00_15.flag)
2025-03-25 02:38:36,266 - ⏩ 跳过已处理的文件: 202503250015.csv
2025-03-25 02:38:36,267 - 该预测文件已处理过 (标志文件: D:\my-vue-project\wind-power-forecast\backend\auto_scripts\scripts\supershort\logs\auto_predict\predict_20250325_00_30.flag)
2025-03-25 02:38:36,267 - ⏩ 跳过已处理的文件: 202503250030.csv
2025-03-25 02:38:36,267 - 该预测文件已处理过 (标志文件: D:\my-vue-project\wind-power-forecast\backend\auto_scripts\scripts\supershort\logs\auto_predict\predict_20250325_00_45.flag)
2025-03-25 02:38:36,267 - ⏩ 跳过已处理的文件: 202503250045.csv
2025-03-25 02:38:36,267 - 该预测文件已处理过 (标志文件: D:\my-vue-project\wind-power-forecast\backend\auto_scripts\scripts\supershort\logs\auto_predict\predict_20250325_01_00.flag)
2025-03-25 02:38:36,267 - ⏩ 跳过已处理的文件: 202503250100.csv
2025-03-25 02:38:36,267 - 该预测文件已处理过 (标志文件: D:\my-vue-project\wind-power-forecast\backend\auto_scripts\scripts\supershort\logs\auto_predict\predict_20250325_01_15.flag)
2025-03-25 02:38:36,267 - ⏩ 跳过已处理的文件: 202503250115.csv
2025-03-25 02:38:36,268 - 该预测文件已处理过 (标志文件: D:\my-vue-project\wind-power-forecast\backend\auto_scripts\scripts\supershort\logs\auto_predict\predict_20250325_01_30.flag)
2025-03-25 02:38:36,268 - ⏩ 跳过已处理的文件: 202503250130.csv
2025-03-25 02:38:36,268 - 该预测文件已处理过 (标志文件: D:\my-vue-project\wind-power-forecast\backend\auto_scripts\scripts\supershort\logs\auto_predict\predict_20250325_01_45.flag)
2025-03-25 02:38:36,268 - ⏩ 跳过已处理的文件: 202503250145.csv
2025-03-25 02:38:36,268 - 该预测文件已处理过 (标志文件: D:\my-vue-project\wind-power-forecast\backend\auto_scripts\scripts\supershort\logs\auto_predict\predict_20250325_02_00.flag)
2025-03-25 02:38:36,268 - ⏩ 跳过已处理的文件: 202503250200.csv
2025-03-25 02:38:36,268 - 该预测文件已处理过 (标志文件: D:\my-vue-project\wind-power-forecast\backend\auto_scripts\scripts\supershort\logs\auto_predict\predict_20250325_02_15.flag)
2025-03-25 02:38:36,268 - ⏩ 跳过已处理的文件: 202503250215.csv
2025-03-25 02:38:36,269 - 该预测文件已处理过 (标志文件: D:\my-vue-project\wind-power-forecast\backend\auto_scripts\scripts\supershort\logs\auto_predict\predict_20250325_02_30.flag)
2025-03-25 02:38:36,269 - ⏩ 跳过已处理的文件: 202503250230.csv
2025-03-25 02:38:36,269 - 本次共处理了 11 个预测文件
2025-03-25 02:38:36,269 - 
================================================================================
2025-03-25 02:38:36,269 - >>> 预测任务结束 <<<
2025-03-25 02:38:36,269 - ================================================================================

2025-03-25 02:38:36,269 - 预测任务结束
2025-03-25 02:43:37,668 - 
================================================================================
2025-03-25 02:43:37,668 - >>> 自动预测系统启动 <<<
2025-03-25 02:43:37,668 - ================================================================================

2025-03-25 02:43:37,668 - 自动预测系统启动
2025-03-25 02:43:37,668 - 当前日期: 20250325, 时间: 02:43:37
2025-03-25 02:43:37,668 - 
================================================================================
2025-03-25 02:43:37,668 - >>> 开始执行预测 <<<
2025-03-25 02:43:37,668 - ================================================================================

2025-03-25 02:43:37,668 - 开始执行预测
2025-03-25 02:43:37,669 - 扫描预测数据文件目录: D:\my-vue-project\wind-power-forecast\backend\auto_scripts\precsv\supershortcsv\20250325
2025-03-25 02:43:37,669 - 检查模型目录: D:\my-vue-project\wind-power-forecast\backend\auto_scripts\models\supershortmodel\20250325
2025-03-25 02:43:37,669 - 发现best_models目录: D:\my-vue-project\wind-power-forecast\backend\auto_scripts\models\supershortmodel\20250325\best_models
2025-03-25 02:43:37,669 - 发现GBDT模型文件: D:\my-vue-project\wind-power-forecast\backend\auto_scripts\models\supershortmodel\20250325\best_models\GBDT.joblib
2025-03-25 02:43:37,669 - 找到 11 个CSV文件
2025-03-25 02:43:37,669 - 该预测文件已处理过 (标志文件: D:\my-vue-project\wind-power-forecast\backend\auto_scripts\scripts\supershort\logs\auto_predict\predict_20250325_00_00.flag)
2025-03-25 02:43:37,669 - ⏩ 跳过已处理的文件: 202503250000.csv
2025-03-25 02:43:37,670 - 该预测文件已处理过 (标志文件: D:\my-vue-project\wind-power-forecast\backend\auto_scripts\scripts\supershort\logs\auto_predict\predict_20250325_00_15.flag)
2025-03-25 02:43:37,670 - ⏩ 跳过已处理的文件: 202503250015.csv
2025-03-25 02:43:37,670 - 该预测文件已处理过 (标志文件: D:\my-vue-project\wind-power-forecast\backend\auto_scripts\scripts\supershort\logs\auto_predict\predict_20250325_00_30.flag)
2025-03-25 02:43:37,670 - ⏩ 跳过已处理的文件: 202503250030.csv
2025-03-25 02:43:37,670 - 该预测文件已处理过 (标志文件: D:\my-vue-project\wind-power-forecast\backend\auto_scripts\scripts\supershort\logs\auto_predict\predict_20250325_00_45.flag)
2025-03-25 02:43:37,670 - ⏩ 跳过已处理的文件: 202503250045.csv
2025-03-25 02:43:37,670 - 该预测文件已处理过 (标志文件: D:\my-vue-project\wind-power-forecast\backend\auto_scripts\scripts\supershort\logs\auto_predict\predict_20250325_01_00.flag)
2025-03-25 02:43:37,670 - ⏩ 跳过已处理的文件: 202503250100.csv
2025-03-25 02:43:37,671 - 该预测文件已处理过 (标志文件: D:\my-vue-project\wind-power-forecast\backend\auto_scripts\scripts\supershort\logs\auto_predict\predict_20250325_01_15.flag)
2025-03-25 02:43:37,671 - ⏩ 跳过已处理的文件: 202503250115.csv
2025-03-25 02:43:37,671 - 该预测文件已处理过 (标志文件: D:\my-vue-project\wind-power-forecast\backend\auto_scripts\scripts\supershort\logs\auto_predict\predict_20250325_01_30.flag)
2025-03-25 02:43:37,671 - ⏩ 跳过已处理的文件: 202503250130.csv
2025-03-25 02:43:37,671 - 该预测文件已处理过 (标志文件: D:\my-vue-project\wind-power-forecast\backend\auto_scripts\scripts\supershort\logs\auto_predict\predict_20250325_01_45.flag)
2025-03-25 02:43:37,671 - ⏩ 跳过已处理的文件: 202503250145.csv
2025-03-25 02:43:37,671 - 该预测文件已处理过 (标志文件: D:\my-vue-project\wind-power-forecast\backend\auto_scripts\scripts\supershort\logs\auto_predict\predict_20250325_02_00.flag)
2025-03-25 02:43:37,671 - ⏩ 跳过已处理的文件: 202503250200.csv
2025-03-25 02:43:37,672 - 该预测文件已处理过 (标志文件: D:\my-vue-project\wind-power-forecast\backend\auto_scripts\scripts\supershort\logs\auto_predict\predict_20250325_02_15.flag)
2025-03-25 02:43:37,672 - ⏩ 跳过已处理的文件: 202503250215.csv
2025-03-25 02:43:37,672 - 该预测文件已处理过 (标志文件: D:\my-vue-project\wind-power-forecast\backend\auto_scripts\scripts\supershort\logs\auto_predict\predict_20250325_02_30.flag)
2025-03-25 02:43:37,672 - ⏩ 跳过已处理的文件: 202503250230.csv
2025-03-25 02:43:37,672 - 本次共处理了 11 个预测文件
2025-03-25 02:43:37,672 - 
================================================================================
2025-03-25 02:43:37,672 - >>> 预测任务结束 <<<
2025-03-25 02:43:37,672 - ================================================================================

2025-03-25 02:43:37,672 - 预测任务结束
2025-03-25 02:48:39,215 - 
================================================================================
2025-03-25 02:48:39,215 - >>> 自动预测系统启动 <<<
2025-03-25 02:48:39,215 - ================================================================================

2025-03-25 02:48:39,215 - 自动预测系统启动
2025-03-25 02:48:39,215 - 当前日期: 20250325, 时间: 02:48:39
2025-03-25 02:48:39,215 - 
================================================================================
2025-03-25 02:48:39,215 - >>> 开始执行预测 <<<
2025-03-25 02:48:39,215 - ================================================================================

2025-03-25 02:48:39,215 - 开始执行预测
2025-03-25 02:48:39,215 - 扫描预测数据文件目录: D:\my-vue-project\wind-power-forecast\backend\auto_scripts\precsv\supershortcsv\20250325
2025-03-25 02:48:39,215 - 检查模型目录: D:\my-vue-project\wind-power-forecast\backend\auto_scripts\models\supershortmodel\20250325
2025-03-25 02:48:39,215 - 发现best_models目录: D:\my-vue-project\wind-power-forecast\backend\auto_scripts\models\supershortmodel\20250325\best_models
2025-03-25 02:48:39,216 - 发现GBDT模型文件: D:\my-vue-project\wind-power-forecast\backend\auto_scripts\models\supershortmodel\20250325\best_models\GBDT.joblib
2025-03-25 02:48:39,216 - 找到 12 个CSV文件
2025-03-25 02:48:39,216 - 该预测文件已处理过 (标志文件: D:\my-vue-project\wind-power-forecast\backend\auto_scripts\scripts\supershort\logs\auto_predict\predict_20250325_00_00.flag)
2025-03-25 02:48:39,216 - ⏩ 跳过已处理的文件: 202503250000.csv
2025-03-25 02:48:39,216 - 该预测文件已处理过 (标志文件: D:\my-vue-project\wind-power-forecast\backend\auto_scripts\scripts\supershort\logs\auto_predict\predict_20250325_00_15.flag)
2025-03-25 02:48:39,216 - ⏩ 跳过已处理的文件: 202503250015.csv
2025-03-25 02:48:39,216 - 该预测文件已处理过 (标志文件: D:\my-vue-project\wind-power-forecast\backend\auto_scripts\scripts\supershort\logs\auto_predict\predict_20250325_00_30.flag)
2025-03-25 02:48:39,216 - ⏩ 跳过已处理的文件: 202503250030.csv
2025-03-25 02:48:39,217 - 该预测文件已处理过 (标志文件: D:\my-vue-project\wind-power-forecast\backend\auto_scripts\scripts\supershort\logs\auto_predict\predict_20250325_00_45.flag)
2025-03-25 02:48:39,217 - ⏩ 跳过已处理的文件: 202503250045.csv
2025-03-25 02:48:39,217 - 该预测文件已处理过 (标志文件: D:\my-vue-project\wind-power-forecast\backend\auto_scripts\scripts\supershort\logs\auto_predict\predict_20250325_01_00.flag)
2025-03-25 02:48:39,217 - ⏩ 跳过已处理的文件: 202503250100.csv
2025-03-25 02:48:39,217 - 该预测文件已处理过 (标志文件: D:\my-vue-project\wind-power-forecast\backend\auto_scripts\scripts\supershort\logs\auto_predict\predict_20250325_01_15.flag)
2025-03-25 02:48:39,217 - ⏩ 跳过已处理的文件: 202503250115.csv
2025-03-25 02:48:39,217 - 该预测文件已处理过 (标志文件: D:\my-vue-project\wind-power-forecast\backend\auto_scripts\scripts\supershort\logs\auto_predict\predict_20250325_01_30.flag)
2025-03-25 02:48:39,217 - ⏩ 跳过已处理的文件: 202503250130.csv
2025-03-25 02:48:39,218 - 该预测文件已处理过 (标志文件: D:\my-vue-project\wind-power-forecast\backend\auto_scripts\scripts\supershort\logs\auto_predict\predict_20250325_01_45.flag)
2025-03-25 02:48:39,218 - ⏩ 跳过已处理的文件: 202503250145.csv
2025-03-25 02:48:39,218 - 该预测文件已处理过 (标志文件: D:\my-vue-project\wind-power-forecast\backend\auto_scripts\scripts\supershort\logs\auto_predict\predict_20250325_02_00.flag)
2025-03-25 02:48:39,218 - ⏩ 跳过已处理的文件: 202503250200.csv
2025-03-25 02:48:39,218 - 该预测文件已处理过 (标志文件: D:\my-vue-project\wind-power-forecast\backend\auto_scripts\scripts\supershort\logs\auto_predict\predict_20250325_02_15.flag)
2025-03-25 02:48:39,218 - ⏩ 跳过已处理的文件: 202503250215.csv
2025-03-25 02:48:39,218 - 该预测文件已处理过 (标志文件: D:\my-vue-project\wind-power-forecast\backend\auto_scripts\scripts\supershort\logs\auto_predict\predict_20250325_02_30.flag)
2025-03-25 02:48:39,219 - ⏩ 跳过已处理的文件: 202503250230.csv
2025-03-25 02:48:39,219 - ✅ 处理预测文件: D:\my-vue-project\wind-power-forecast\backend\auto_scripts\precsv\supershortcsv\20250325\202503250245.csv
2025-03-25 02:48:39,219 - 
============================================================
【风电功率预测开始】
============================================================
2025-03-25 02:48:39,219 - 配置信息:
2025-03-25 02:48:39,219 -   - 数据文件: D:\my-vue-project\wind-power-forecast\backend\auto_scripts\precsv\supershortcsv\20250325\202503250245.csv
2025-03-25 02:48:39,219 -   - 模型目录: D:\my-vue-project\wind-power-forecast\backend\auto_scripts\models\supershortmodel\20250325
2025-03-25 02:48:39,219 -   - 窗口大小: 16
2025-03-25 02:48:39,219 -   - 滞后特征数: 4
2025-03-25 02:48:39,219 - 
============================================================
【预处理新数据】
============================================================
2025-03-25 02:48:39,219 - 加载数据文件: D:\my-vue-project\wind-power-forecast\backend\auto_scripts\precsv\supershortcsv\20250325\202503250245.csv
2025-03-25 02:48:39,224 - 数据加载完成，去除缺失值后共 29 条记录
2025-03-25 02:48:39,264 - 数据前5行预览:
        Timestamp    129.128_1    129.128_2  ...  ws200_13  ws200_14  ws200_15
0  2024/3/11 0:00  15974.26563  16293.82813  ...  4.542173  1.324043  0.865087
1  2024/3/11 0:15  15974.26563  16293.82813  ...  3.899081  0.880606  1.273859
2  2024/3/11 0:30  15974.26563  16293.82813  ...  3.273753  0.778394  1.710350
3  2024/3/11 0:45  15974.26563  16293.82813  ...  2.678660  1.115517  2.157803
4  2024/3/11 1:00  15974.26563  16293.82813  ...  2.139185  1.640399  2.610587

[5 rows x 301 columns]
2025-03-25 02:48:39,264 - 预处理数据...
2025-03-25 02:48:39,267 - 预处理完成，特征维度: (29, 304)
2025-03-25 02:48:39,267 - 执行特征工程，滞后特征数: 4...
2025-03-25 02:48:39,300 - 特征工程完成，特征维度: (26, 859)
2025-03-25 02:48:39,300 - 新数据预处理完成，共 26 个样本
2025-03-25 02:48:39,300 - ✅ 发现最佳模型目录: D:\my-vue-project\wind-power-forecast\backend\auto_scripts\models\supershortmodel\20250325\best_models，尝试使用多模型加权预测
2025-03-25 02:48:39,300 - 
============================================================
【加载多个模型】
============================================================
2025-03-25 02:48:39,300 - 从目录加载模型和 scaler: D:\my-vue-project\wind-power-forecast\backend\auto_scripts\models\supershortmodel\20250325\best_models
2025-03-25 02:48:39,300 - 加载 GBDT 模型和 scaler...
2025-03-25 02:48:39,389 - ✅ 已成功加载 GBDT 模型和对应的 scaler
2025-03-25 02:48:39,390 - 加载 DART 模型和 scaler...
2025-03-25 02:48:39,398 - ✅ 已成功加载 DART 模型和对应的 scaler
2025-03-25 02:48:39,398 - 加载 GOSS 模型和 scaler...
2025-03-25 02:48:39,407 - ✅ 已成功加载 GOSS 模型和对应的 scaler
2025-03-25 02:48:39,407 - 加载完成，共加载了 3 个模型: GBDT, DART, GOSS
2025-03-25 02:48:39,407 - 尝试加载模型权重文件: D:\my-vue-project\wind-power-forecast\backend\auto_scripts\models\supershortmodel\20250325\model_weights.joblib
2025-03-25 02:48:39,408 - ✅ 已加载模型权重: {'GBDT': np.float64(0.0), 'DART': np.float64(0.0), 'GOSS': np.float64(0.9413418792089218), 'INTERCEPT': np.float64(-0.0258769107539365)}
2025-03-25 02:48:39,408 - 
============================================================
【使用多模型加权预测】
============================================================
2025-03-25 02:48:39,408 - 使用自定义权重: {'GBDT': np.float64(0.0), 'DART': np.float64(0.0), 'GOSS': np.float64(0.9413418792089218), 'INTERCEPT': np.float64(-0.0258769107539365)}
2025-03-25 02:48:39,408 - ❌ GBDT 模型权重为0，跳过
2025-03-25 02:48:39,408 - ❌ DART 模型权重为0，跳过
2025-03-25 02:48:39,408 - 使用 GOSS 模型进行预测 (权重: 0.9413)...
2025-03-25 02:48:39,412 - GOSS: 数据标准化完成
2025-03-25 02:48:39,412 - GOSS: 时间窗口创建完成，窗口数量: 11
2025-03-25 02:48:39,461 - ✅ GOSS 模型预测完成，生成了 11 个预测值
2025-03-25 02:48:39,462 -    统计: 最小值=118.97, 最大值=177.46, 平均值=157.97
2025-03-25 02:48:39,462 - 所有预测结果对齐到最小长度: 11
2025-03-25 02:48:39,462 - 开始计算加权平均预测结果...
2025-03-25 02:48:39,462 -   加入 GOSS 模型贡献 (权重: 0.9413)
2025-03-25 02:48:39,462 -   加入常数偏置项 (值: -0.0259)
2025-03-25 02:48:39,462 - 加权平均预测完成，生成了 11 个预测值
2025-03-25 02:48:39,462 - 加权预测结果统计: 最小值=111.96, 最大值=167.03, 平均值=148.67
2025-03-25 02:48:39,462 - ✅ 多模型加权预测完成，使用模型: GBDT, DART, GOSS
2025-03-25 02:48:39,462 - 预测结果数据框创建完成，共 11 行
2025-03-25 02:48:39,464 - ✅ 预测结果已保存到文件: D:\my-vue-project\wind-power-forecast\backend\auto_scripts\results\supershortresult\20250325\prediction_202503250245.csv
2025-03-25 02:48:39,464 - 尝试将预测结果导入数据库...
2025-03-25 02:48:39,464 - 发送HTTP请求到: http://localhost:5000/prediction2database/batch_supershortl_power
2025-03-25 02:48:41,544 - ✅ 数据已成功导入数据库
2025-03-25 02:48:41,544 -    总记录数: 11, 更新: 11, 插入: 0
2025-03-25 02:48:41,544 - 
============================================================
【风电功率预测完成】
============================================================
2025-03-25 02:48:41,544 - 风电功率预测完成
2025-03-25 02:48:41,547 - ✅ 202503250245.csv 预测执行完成
2025-03-25 02:48:41,548 - 已创建预测标志文件: D:\my-vue-project\wind-power-forecast\backend\auto_scripts\scripts\supershort\logs\auto_predict\predict_20250325_02_45.flag
2025-03-25 02:48:41,548 - 本次共处理了 12 个预测文件
2025-03-25 02:48:41,548 - 
================================================================================
2025-03-25 02:48:41,548 - >>> 预测任务结束 <<<
2025-03-25 02:48:41,548 - ================================================================================

2025-03-25 02:48:41,548 - 预测任务结束
2025-03-25 02:53:43,184 - 
================================================================================
2025-03-25 02:53:43,184 - >>> 自动预测系统启动 <<<
2025-03-25 02:53:43,184 - ================================================================================

2025-03-25 02:53:43,184 - 自动预测系统启动
2025-03-25 02:53:43,184 - 当前日期: 20250325, 时间: 02:53:43
2025-03-25 02:53:43,184 - 
================================================================================
2025-03-25 02:53:43,184 - >>> 开始执行预测 <<<
2025-03-25 02:53:43,184 - ================================================================================

2025-03-25 02:53:43,184 - 开始执行预测
2025-03-25 02:53:43,184 - 扫描预测数据文件目录: D:\my-vue-project\wind-power-forecast\backend\auto_scripts\precsv\supershortcsv\20250325
2025-03-25 02:53:43,185 - 检查模型目录: D:\my-vue-project\wind-power-forecast\backend\auto_scripts\models\supershortmodel\20250325
2025-03-25 02:53:43,185 - 发现best_models目录: D:\my-vue-project\wind-power-forecast\backend\auto_scripts\models\supershortmodel\20250325\best_models
2025-03-25 02:53:43,185 - 发现GBDT模型文件: D:\my-vue-project\wind-power-forecast\backend\auto_scripts\models\supershortmodel\20250325\best_models\GBDT.joblib
2025-03-25 02:53:43,185 - 找到 12 个CSV文件
2025-03-25 02:53:43,185 - 该预测文件已处理过 (标志文件: D:\my-vue-project\wind-power-forecast\backend\auto_scripts\scripts\supershort\logs\auto_predict\predict_20250325_00_00.flag)
2025-03-25 02:53:43,185 - ⏩ 跳过已处理的文件: 202503250000.csv
2025-03-25 02:53:43,185 - 该预测文件已处理过 (标志文件: D:\my-vue-project\wind-power-forecast\backend\auto_scripts\scripts\supershort\logs\auto_predict\predict_20250325_00_15.flag)
2025-03-25 02:53:43,185 - ⏩ 跳过已处理的文件: 202503250015.csv
2025-03-25 02:53:43,186 - 该预测文件已处理过 (标志文件: D:\my-vue-project\wind-power-forecast\backend\auto_scripts\scripts\supershort\logs\auto_predict\predict_20250325_00_30.flag)
2025-03-25 02:53:43,186 - ⏩ 跳过已处理的文件: 202503250030.csv
2025-03-25 02:53:43,186 - 该预测文件已处理过 (标志文件: D:\my-vue-project\wind-power-forecast\backend\auto_scripts\scripts\supershort\logs\auto_predict\predict_20250325_00_45.flag)
2025-03-25 02:53:43,186 - ⏩ 跳过已处理的文件: 202503250045.csv
2025-03-25 02:53:43,186 - 该预测文件已处理过 (标志文件: D:\my-vue-project\wind-power-forecast\backend\auto_scripts\scripts\supershort\logs\auto_predict\predict_20250325_01_00.flag)
2025-03-25 02:53:43,186 - ⏩ 跳过已处理的文件: 202503250100.csv
2025-03-25 02:53:43,186 - 该预测文件已处理过 (标志文件: D:\my-vue-project\wind-power-forecast\backend\auto_scripts\scripts\supershort\logs\auto_predict\predict_20250325_01_15.flag)
2025-03-25 02:53:43,186 - ⏩ 跳过已处理的文件: 202503250115.csv
2025-03-25 02:53:43,187 - 该预测文件已处理过 (标志文件: D:\my-vue-project\wind-power-forecast\backend\auto_scripts\scripts\supershort\logs\auto_predict\predict_20250325_01_30.flag)
2025-03-25 02:53:43,187 - ⏩ 跳过已处理的文件: 202503250130.csv
2025-03-25 02:53:43,187 - 该预测文件已处理过 (标志文件: D:\my-vue-project\wind-power-forecast\backend\auto_scripts\scripts\supershort\logs\auto_predict\predict_20250325_01_45.flag)
2025-03-25 02:53:43,187 - ⏩ 跳过已处理的文件: 202503250145.csv
2025-03-25 02:53:43,187 - 该预测文件已处理过 (标志文件: D:\my-vue-project\wind-power-forecast\backend\auto_scripts\scripts\supershort\logs\auto_predict\predict_20250325_02_00.flag)
2025-03-25 02:53:43,187 - ⏩ 跳过已处理的文件: 202503250200.csv
2025-03-25 02:53:43,187 - 该预测文件已处理过 (标志文件: D:\my-vue-project\wind-power-forecast\backend\auto_scripts\scripts\supershort\logs\auto_predict\predict_20250325_02_15.flag)
2025-03-25 02:53:43,188 - ⏩ 跳过已处理的文件: 202503250215.csv
2025-03-25 02:53:43,189 - 该预测文件已处理过 (标志文件: D:\my-vue-project\wind-power-forecast\backend\auto_scripts\scripts\supershort\logs\auto_predict\predict_20250325_02_30.flag)
2025-03-25 02:53:43,189 - ⏩ 跳过已处理的文件: 202503250230.csv
2025-03-25 02:53:43,189 - 该预测文件已处理过 (标志文件: D:\my-vue-project\wind-power-forecast\backend\auto_scripts\scripts\supershort\logs\auto_predict\predict_20250325_02_45.flag)
2025-03-25 02:53:43,189 - ⏩ 跳过已处理的文件: 202503250245.csv
2025-03-25 02:53:43,189 - 本次共处理了 12 个预测文件
2025-03-25 02:53:43,189 - 
================================================================================
2025-03-25 02:53:43,189 - >>> 预测任务结束 <<<
2025-03-25 02:53:43,189 - ================================================================================

2025-03-25 02:53:43,189 - 预测任务结束
2025-03-25 02:58:44,842 - 
================================================================================
2025-03-25 02:58:44,842 - >>> 自动预测系统启动 <<<
2025-03-25 02:58:44,842 - ================================================================================

2025-03-25 02:58:44,842 - 自动预测系统启动
2025-03-25 02:58:44,842 - 当前日期: 20250325, 时间: 02:58:44
2025-03-25 02:58:44,842 - 
================================================================================
2025-03-25 02:58:44,842 - >>> 开始执行预测 <<<
2025-03-25 02:58:44,842 - ================================================================================

2025-03-25 02:58:44,842 - 开始执行预测
2025-03-25 02:58:44,842 - 扫描预测数据文件目录: D:\my-vue-project\wind-power-forecast\backend\auto_scripts\precsv\supershortcsv\20250325
2025-03-25 02:58:44,842 - 检查模型目录: D:\my-vue-project\wind-power-forecast\backend\auto_scripts\models\supershortmodel\20250325
2025-03-25 02:58:44,842 - 发现best_models目录: D:\my-vue-project\wind-power-forecast\backend\auto_scripts\models\supershortmodel\20250325\best_models
2025-03-25 02:58:44,843 - 发现GBDT模型文件: D:\my-vue-project\wind-power-forecast\backend\auto_scripts\models\supershortmodel\20250325\best_models\GBDT.joblib
2025-03-25 02:58:44,843 - 找到 12 个CSV文件
2025-03-25 02:58:44,843 - 该预测文件已处理过 (标志文件: D:\my-vue-project\wind-power-forecast\backend\auto_scripts\scripts\supershort\logs\auto_predict\predict_20250325_00_00.flag)
2025-03-25 02:58:44,843 - ⏩ 跳过已处理的文件: 202503250000.csv
2025-03-25 02:58:44,843 - 该预测文件已处理过 (标志文件: D:\my-vue-project\wind-power-forecast\backend\auto_scripts\scripts\supershort\logs\auto_predict\predict_20250325_00_15.flag)
2025-03-25 02:58:44,843 - ⏩ 跳过已处理的文件: 202503250015.csv
2025-03-25 02:58:44,844 - 该预测文件已处理过 (标志文件: D:\my-vue-project\wind-power-forecast\backend\auto_scripts\scripts\supershort\logs\auto_predict\predict_20250325_00_30.flag)
2025-03-25 02:58:44,844 - ⏩ 跳过已处理的文件: 202503250030.csv
2025-03-25 02:58:44,844 - 该预测文件已处理过 (标志文件: D:\my-vue-project\wind-power-forecast\backend\auto_scripts\scripts\supershort\logs\auto_predict\predict_20250325_00_45.flag)
2025-03-25 02:58:44,844 - ⏩ 跳过已处理的文件: 202503250045.csv
2025-03-25 02:58:44,844 - 该预测文件已处理过 (标志文件: D:\my-vue-project\wind-power-forecast\backend\auto_scripts\scripts\supershort\logs\auto_predict\predict_20250325_01_00.flag)
2025-03-25 02:58:44,844 - ⏩ 跳过已处理的文件: 202503250100.csv
2025-03-25 02:58:44,844 - 该预测文件已处理过 (标志文件: D:\my-vue-project\wind-power-forecast\backend\auto_scripts\scripts\supershort\logs\auto_predict\predict_20250325_01_15.flag)
2025-03-25 02:58:44,844 - ⏩ 跳过已处理的文件: 202503250115.csv
2025-03-25 02:58:44,845 - 该预测文件已处理过 (标志文件: D:\my-vue-project\wind-power-forecast\backend\auto_scripts\scripts\supershort\logs\auto_predict\predict_20250325_01_30.flag)
2025-03-25 02:58:44,845 - ⏩ 跳过已处理的文件: 202503250130.csv
2025-03-25 02:58:44,845 - 该预测文件已处理过 (标志文件: D:\my-vue-project\wind-power-forecast\backend\auto_scripts\scripts\supershort\logs\auto_predict\predict_20250325_01_45.flag)
2025-03-25 02:58:44,845 - ⏩ 跳过已处理的文件: 202503250145.csv
2025-03-25 02:58:44,845 - 该预测文件已处理过 (标志文件: D:\my-vue-project\wind-power-forecast\backend\auto_scripts\scripts\supershort\logs\auto_predict\predict_20250325_02_00.flag)
2025-03-25 02:58:44,845 - ⏩ 跳过已处理的文件: 202503250200.csv
2025-03-25 02:58:44,845 - 该预测文件已处理过 (标志文件: D:\my-vue-project\wind-power-forecast\backend\auto_scripts\scripts\supershort\logs\auto_predict\predict_20250325_02_15.flag)
2025-03-25 02:58:44,845 - ⏩ 跳过已处理的文件: 202503250215.csv
2025-03-25 02:58:44,846 - 该预测文件已处理过 (标志文件: D:\my-vue-project\wind-power-forecast\backend\auto_scripts\scripts\supershort\logs\auto_predict\predict_20250325_02_30.flag)
2025-03-25 02:58:44,846 - ⏩ 跳过已处理的文件: 202503250230.csv
2025-03-25 02:58:44,846 - 该预测文件已处理过 (标志文件: D:\my-vue-project\wind-power-forecast\backend\auto_scripts\scripts\supershort\logs\auto_predict\predict_20250325_02_45.flag)
2025-03-25 02:58:44,846 - ⏩ 跳过已处理的文件: 202503250245.csv
2025-03-25 02:58:44,846 - 本次共处理了 12 个预测文件
2025-03-25 02:58:44,846 - 
================================================================================
2025-03-25 02:58:44,846 - >>> 预测任务结束 <<<
2025-03-25 02:58:44,846 - ================================================================================

2025-03-25 02:58:44,846 - 预测任务结束
2025-03-25 03:03:46,303 - 
================================================================================
2025-03-25 03:03:46,303 - >>> 自动预测系统启动 <<<
2025-03-25 03:03:46,303 - ================================================================================

2025-03-25 03:03:46,303 - 自动预测系统启动
2025-03-25 03:03:46,303 - 当前日期: 20250325, 时间: 03:03:46
2025-03-25 03:03:46,303 - 
================================================================================
2025-03-25 03:03:46,303 - >>> 开始执行预测 <<<
2025-03-25 03:03:46,303 - ================================================================================

2025-03-25 03:03:46,303 - 开始执行预测
2025-03-25 03:03:46,303 - 扫描预测数据文件目录: D:\my-vue-project\wind-power-forecast\backend\auto_scripts\precsv\supershortcsv\20250325
2025-03-25 03:03:46,303 - 检查模型目录: D:\my-vue-project\wind-power-forecast\backend\auto_scripts\models\supershortmodel\20250325
2025-03-25 03:03:46,303 - 发现best_models目录: D:\my-vue-project\wind-power-forecast\backend\auto_scripts\models\supershortmodel\20250325\best_models
2025-03-25 03:03:46,304 - 发现GBDT模型文件: D:\my-vue-project\wind-power-forecast\backend\auto_scripts\models\supershortmodel\20250325\best_models\GBDT.joblib
2025-03-25 03:03:46,304 - 找到 13 个CSV文件
2025-03-25 03:03:46,304 - 该预测文件已处理过 (标志文件: D:\my-vue-project\wind-power-forecast\backend\auto_scripts\scripts\supershort\logs\auto_predict\predict_20250325_00_00.flag)
2025-03-25 03:03:46,304 - ⏩ 跳过已处理的文件: 202503250000.csv
2025-03-25 03:03:46,304 - 该预测文件已处理过 (标志文件: D:\my-vue-project\wind-power-forecast\backend\auto_scripts\scripts\supershort\logs\auto_predict\predict_20250325_00_15.flag)
2025-03-25 03:03:46,304 - ⏩ 跳过已处理的文件: 202503250015.csv
2025-03-25 03:03:46,304 - 该预测文件已处理过 (标志文件: D:\my-vue-project\wind-power-forecast\backend\auto_scripts\scripts\supershort\logs\auto_predict\predict_20250325_00_30.flag)
2025-03-25 03:03:46,305 - ⏩ 跳过已处理的文件: 202503250030.csv
2025-03-25 03:03:46,305 - 该预测文件已处理过 (标志文件: D:\my-vue-project\wind-power-forecast\backend\auto_scripts\scripts\supershort\logs\auto_predict\predict_20250325_00_45.flag)
2025-03-25 03:03:46,305 - ⏩ 跳过已处理的文件: 202503250045.csv
2025-03-25 03:03:46,305 - 该预测文件已处理过 (标志文件: D:\my-vue-project\wind-power-forecast\backend\auto_scripts\scripts\supershort\logs\auto_predict\predict_20250325_01_00.flag)
2025-03-25 03:03:46,305 - ⏩ 跳过已处理的文件: 202503250100.csv
2025-03-25 03:03:46,305 - 该预测文件已处理过 (标志文件: D:\my-vue-project\wind-power-forecast\backend\auto_scripts\scripts\supershort\logs\auto_predict\predict_20250325_01_15.flag)
2025-03-25 03:03:46,305 - ⏩ 跳过已处理的文件: 202503250115.csv
2025-03-25 03:03:46,305 - 该预测文件已处理过 (标志文件: D:\my-vue-project\wind-power-forecast\backend\auto_scripts\scripts\supershort\logs\auto_predict\predict_20250325_01_30.flag)
2025-03-25 03:03:46,306 - ⏩ 跳过已处理的文件: 202503250130.csv
2025-03-25 03:03:46,306 - 该预测文件已处理过 (标志文件: D:\my-vue-project\wind-power-forecast\backend\auto_scripts\scripts\supershort\logs\auto_predict\predict_20250325_01_45.flag)
2025-03-25 03:03:46,306 - ⏩ 跳过已处理的文件: 202503250145.csv
2025-03-25 03:03:46,306 - 该预测文件已处理过 (标志文件: D:\my-vue-project\wind-power-forecast\backend\auto_scripts\scripts\supershort\logs\auto_predict\predict_20250325_02_00.flag)
2025-03-25 03:03:46,306 - ⏩ 跳过已处理的文件: 202503250200.csv
2025-03-25 03:03:46,306 - 该预测文件已处理过 (标志文件: D:\my-vue-project\wind-power-forecast\backend\auto_scripts\scripts\supershort\logs\auto_predict\predict_20250325_02_15.flag)
2025-03-25 03:03:46,306 - ⏩ 跳过已处理的文件: 202503250215.csv
2025-03-25 03:03:46,307 - 该预测文件已处理过 (标志文件: D:\my-vue-project\wind-power-forecast\backend\auto_scripts\scripts\supershort\logs\auto_predict\predict_20250325_02_30.flag)
2025-03-25 03:03:46,307 - ⏩ 跳过已处理的文件: 202503250230.csv
2025-03-25 03:03:46,307 - 该预测文件已处理过 (标志文件: D:\my-vue-project\wind-power-forecast\backend\auto_scripts\scripts\supershort\logs\auto_predict\predict_20250325_02_45.flag)
2025-03-25 03:03:46,307 - ⏩ 跳过已处理的文件: 202503250245.csv
2025-03-25 03:03:46,307 - ✅ 处理预测文件: D:\my-vue-project\wind-power-forecast\backend\auto_scripts\precsv\supershortcsv\20250325\202503250300.csv
2025-03-25 03:03:46,307 - 
============================================================
【风电功率预测开始】
============================================================
2025-03-25 03:03:46,307 - 配置信息:
2025-03-25 03:03:46,307 -   - 数据文件: D:\my-vue-project\wind-power-forecast\backend\auto_scripts\precsv\supershortcsv\20250325\202503250300.csv
2025-03-25 03:03:46,307 -   - 模型目录: D:\my-vue-project\wind-power-forecast\backend\auto_scripts\models\supershortmodel\20250325
2025-03-25 03:03:46,307 -   - 窗口大小: 16
2025-03-25 03:03:46,307 -   - 滞后特征数: 4
2025-03-25 03:03:46,307 - 
============================================================
【预处理新数据】
============================================================
2025-03-25 03:03:46,307 - 加载数据文件: D:\my-vue-project\wind-power-forecast\backend\auto_scripts\precsv\supershortcsv\20250325\202503250300.csv
2025-03-25 03:03:46,312 - 数据加载完成，去除缺失值后共 29 条记录
2025-03-25 03:03:46,352 - 数据前5行预览:
        Timestamp    129.128_1    129.128_2  ...  ws200_13  ws200_14  ws200_15
0  2024/3/11 0:00  15974.26563  16293.82813  ...  4.542173  1.324043  0.865087
1  2024/3/11 0:15  15974.26563  16293.82813  ...  3.899081  0.880606  1.273859
2  2024/3/11 0:30  15974.26563  16293.82813  ...  3.273753  0.778394  1.710350
3  2024/3/11 0:45  15974.26563  16293.82813  ...  2.678660  1.115517  2.157803
4  2024/3/11 1:00  15974.26563  16293.82813  ...  2.139185  1.640399  2.610587

[5 rows x 301 columns]
2025-03-25 03:03:46,352 - 预处理数据...
2025-03-25 03:03:46,354 - 预处理完成，特征维度: (29, 304)
2025-03-25 03:03:46,354 - 执行特征工程，滞后特征数: 4...
2025-03-25 03:03:46,384 - 特征工程完成，特征维度: (26, 859)
2025-03-25 03:03:46,384 - 新数据预处理完成，共 26 个样本
2025-03-25 03:03:46,385 - ✅ 发现最佳模型目录: D:\my-vue-project\wind-power-forecast\backend\auto_scripts\models\supershortmodel\20250325\best_models，尝试使用多模型加权预测
2025-03-25 03:03:46,385 - 
============================================================
【加载多个模型】
============================================================
2025-03-25 03:03:46,385 - 从目录加载模型和 scaler: D:\my-vue-project\wind-power-forecast\backend\auto_scripts\models\supershortmodel\20250325\best_models
2025-03-25 03:03:46,385 - 加载 GBDT 模型和 scaler...
2025-03-25 03:03:46,476 - ✅ 已成功加载 GBDT 模型和对应的 scaler
2025-03-25 03:03:46,476 - 加载 DART 模型和 scaler...
2025-03-25 03:03:46,484 - ✅ 已成功加载 DART 模型和对应的 scaler
2025-03-25 03:03:46,484 - 加载 GOSS 模型和 scaler...
2025-03-25 03:03:46,489 - ✅ 已成功加载 GOSS 模型和对应的 scaler
2025-03-25 03:03:46,489 - 加载完成，共加载了 3 个模型: GBDT, DART, GOSS
2025-03-25 03:03:46,490 - 尝试加载模型权重文件: D:\my-vue-project\wind-power-forecast\backend\auto_scripts\models\supershortmodel\20250325\model_weights.joblib
2025-03-25 03:03:46,490 - ✅ 已加载模型权重: {'GBDT': np.float64(0.0), 'DART': np.float64(0.0), 'GOSS': np.float64(0.9413418792089218), 'INTERCEPT': np.float64(-0.0258769107539365)}
2025-03-25 03:03:46,490 - 
============================================================
【使用多模型加权预测】
============================================================
2025-03-25 03:03:46,490 - 使用自定义权重: {'GBDT': np.float64(0.0), 'DART': np.float64(0.0), 'GOSS': np.float64(0.9413418792089218), 'INTERCEPT': np.float64(-0.0258769107539365)}
2025-03-25 03:03:46,490 - ❌ GBDT 模型权重为0，跳过
2025-03-25 03:03:46,490 - ❌ DART 模型权重为0，跳过
2025-03-25 03:03:46,490 - 使用 GOSS 模型进行预测 (权重: 0.9413)...
2025-03-25 03:03:46,494 - GOSS: 数据标准化完成
2025-03-25 03:03:46,495 - GOSS: 时间窗口创建完成，窗口数量: 11
2025-03-25 03:03:46,543 - ✅ GOSS 模型预测完成，生成了 11 个预测值
2025-03-25 03:03:46,544 -    统计: 最小值=118.97, 最大值=177.46, 平均值=157.97
2025-03-25 03:03:46,544 - 所有预测结果对齐到最小长度: 11
2025-03-25 03:03:46,544 - 开始计算加权平均预测结果...
2025-03-25 03:03:46,544 -   加入 GOSS 模型贡献 (权重: 0.9413)
2025-03-25 03:03:46,544 -   加入常数偏置项 (值: -0.0259)
2025-03-25 03:03:46,544 - 加权平均预测完成，生成了 11 个预测值
2025-03-25 03:03:46,544 - 加权预测结果统计: 最小值=111.96, 最大值=167.03, 平均值=148.67
2025-03-25 03:03:46,544 - ✅ 多模型加权预测完成，使用模型: GBDT, DART, GOSS
2025-03-25 03:03:46,544 - 预测结果数据框创建完成，共 11 行
2025-03-25 03:03:46,546 - ✅ 预测结果已保存到文件: D:\my-vue-project\wind-power-forecast\backend\auto_scripts\results\supershortresult\20250325\prediction_202503250300.csv
2025-03-25 03:03:46,546 - 尝试将预测结果导入数据库...
2025-03-25 03:03:46,546 - 发送HTTP请求到: http://localhost:5000/prediction2database/batch_supershortl_power
2025-03-25 03:03:48,631 - ✅ 数据已成功导入数据库
2025-03-25 03:03:48,631 -    总记录数: 11, 更新: 11, 插入: 0
2025-03-25 03:03:48,631 - 
============================================================
【风电功率预测完成】
============================================================
2025-03-25 03:03:48,631 - 风电功率预测完成
2025-03-25 03:03:48,634 - ✅ 202503250300.csv 预测执行完成
2025-03-25 03:03:48,634 - 已创建预测标志文件: D:\my-vue-project\wind-power-forecast\backend\auto_scripts\scripts\supershort\logs\auto_predict\predict_20250325_03_00.flag
2025-03-25 03:03:48,634 - 本次共处理了 13 个预测文件
2025-03-25 03:03:48,635 - 
================================================================================
2025-03-25 03:03:48,635 - >>> 预测任务结束 <<<
2025-03-25 03:03:48,635 - ================================================================================

2025-03-25 03:03:48,635 - 预测任务结束
2025-03-25 03:08:50,198 - 
================================================================================
2025-03-25 03:08:50,198 - >>> 自动预测系统启动 <<<
2025-03-25 03:08:50,198 - ================================================================================

2025-03-25 03:08:50,198 - 自动预测系统启动
2025-03-25 03:08:50,198 - 当前日期: 20250325, 时间: 03:08:50
2025-03-25 03:08:50,198 - 
================================================================================
2025-03-25 03:08:50,198 - >>> 开始执行预测 <<<
2025-03-25 03:08:50,198 - ================================================================================

2025-03-25 03:08:50,198 - 开始执行预测
2025-03-25 03:08:50,198 - 扫描预测数据文件目录: D:\my-vue-project\wind-power-forecast\backend\auto_scripts\precsv\supershortcsv\20250325
2025-03-25 03:08:50,198 - 检查模型目录: D:\my-vue-project\wind-power-forecast\backend\auto_scripts\models\supershortmodel\20250325
2025-03-25 03:08:50,199 - 发现best_models目录: D:\my-vue-project\wind-power-forecast\backend\auto_scripts\models\supershortmodel\20250325\best_models
2025-03-25 03:08:50,199 - 发现GBDT模型文件: D:\my-vue-project\wind-power-forecast\backend\auto_scripts\models\supershortmodel\20250325\best_models\GBDT.joblib
2025-03-25 03:08:50,199 - 找到 13 个CSV文件
2025-03-25 03:08:50,199 - 该预测文件已处理过 (标志文件: D:\my-vue-project\wind-power-forecast\backend\auto_scripts\scripts\supershort\logs\auto_predict\predict_20250325_00_00.flag)
2025-03-25 03:08:50,199 - ⏩ 跳过已处理的文件: 202503250000.csv
2025-03-25 03:08:50,199 - 该预测文件已处理过 (标志文件: D:\my-vue-project\wind-power-forecast\backend\auto_scripts\scripts\supershort\logs\auto_predict\predict_20250325_00_15.flag)
2025-03-25 03:08:50,199 - ⏩ 跳过已处理的文件: 202503250015.csv
2025-03-25 03:08:50,200 - 该预测文件已处理过 (标志文件: D:\my-vue-project\wind-power-forecast\backend\auto_scripts\scripts\supershort\logs\auto_predict\predict_20250325_00_30.flag)
2025-03-25 03:08:50,200 - ⏩ 跳过已处理的文件: 202503250030.csv
2025-03-25 03:08:50,200 - 该预测文件已处理过 (标志文件: D:\my-vue-project\wind-power-forecast\backend\auto_scripts\scripts\supershort\logs\auto_predict\predict_20250325_00_45.flag)
2025-03-25 03:08:50,200 - ⏩ 跳过已处理的文件: 202503250045.csv
2025-03-25 03:08:50,200 - 该预测文件已处理过 (标志文件: D:\my-vue-project\wind-power-forecast\backend\auto_scripts\scripts\supershort\logs\auto_predict\predict_20250325_01_00.flag)
2025-03-25 03:08:50,201 - ⏩ 跳过已处理的文件: 202503250100.csv
2025-03-25 03:08:50,201 - 该预测文件已处理过 (标志文件: D:\my-vue-project\wind-power-forecast\backend\auto_scripts\scripts\supershort\logs\auto_predict\predict_20250325_01_15.flag)
2025-03-25 03:08:50,201 - ⏩ 跳过已处理的文件: 202503250115.csv
2025-03-25 03:08:50,201 - 该预测文件已处理过 (标志文件: D:\my-vue-project\wind-power-forecast\backend\auto_scripts\scripts\supershort\logs\auto_predict\predict_20250325_01_30.flag)
2025-03-25 03:08:50,201 - ⏩ 跳过已处理的文件: 202503250130.csv
2025-03-25 03:08:50,201 - 该预测文件已处理过 (标志文件: D:\my-vue-project\wind-power-forecast\backend\auto_scripts\scripts\supershort\logs\auto_predict\predict_20250325_01_45.flag)
2025-03-25 03:08:50,201 - ⏩ 跳过已处理的文件: 202503250145.csv
2025-03-25 03:08:50,202 - 该预测文件已处理过 (标志文件: D:\my-vue-project\wind-power-forecast\backend\auto_scripts\scripts\supershort\logs\auto_predict\predict_20250325_02_00.flag)
2025-03-25 03:08:50,202 - ⏩ 跳过已处理的文件: 202503250200.csv
2025-03-25 03:08:50,202 - 该预测文件已处理过 (标志文件: D:\my-vue-project\wind-power-forecast\backend\auto_scripts\scripts\supershort\logs\auto_predict\predict_20250325_02_15.flag)
2025-03-25 03:08:50,202 - ⏩ 跳过已处理的文件: 202503250215.csv
2025-03-25 03:08:50,202 - 该预测文件已处理过 (标志文件: D:\my-vue-project\wind-power-forecast\backend\auto_scripts\scripts\supershort\logs\auto_predict\predict_20250325_02_30.flag)
2025-03-25 03:08:50,202 - ⏩ 跳过已处理的文件: 202503250230.csv
2025-03-25 03:08:50,202 - 该预测文件已处理过 (标志文件: D:\my-vue-project\wind-power-forecast\backend\auto_scripts\scripts\supershort\logs\auto_predict\predict_20250325_02_45.flag)
2025-03-25 03:08:50,202 - ⏩ 跳过已处理的文件: 202503250245.csv
2025-03-25 03:08:50,203 - 该预测文件已处理过 (标志文件: D:\my-vue-project\wind-power-forecast\backend\auto_scripts\scripts\supershort\logs\auto_predict\predict_20250325_03_00.flag)
2025-03-25 03:08:50,203 - ⏩ 跳过已处理的文件: 202503250300.csv
2025-03-25 03:08:50,203 - 本次共处理了 13 个预测文件
2025-03-25 03:08:50,203 - 
================================================================================
2025-03-25 03:08:50,203 - >>> 预测任务结束 <<<
2025-03-25 03:08:50,203 - ================================================================================

2025-03-25 03:08:50,203 - 预测任务结束
2025-03-25 03:13:51,756 - 
================================================================================
2025-03-25 03:13:51,756 - >>> 自动预测系统启动 <<<
2025-03-25 03:13:51,756 - ================================================================================

2025-03-25 03:13:51,756 - 自动预测系统启动
2025-03-25 03:13:51,756 - 当前日期: 20250325, 时间: 03:13:51
2025-03-25 03:13:51,756 - 
================================================================================
2025-03-25 03:13:51,756 - >>> 开始执行预测 <<<
2025-03-25 03:13:51,756 - ================================================================================

2025-03-25 03:13:51,756 - 开始执行预测
2025-03-25 03:13:51,756 - 扫描预测数据文件目录: D:\my-vue-project\wind-power-forecast\backend\auto_scripts\precsv\supershortcsv\20250325
2025-03-25 03:13:51,756 - 检查模型目录: D:\my-vue-project\wind-power-forecast\backend\auto_scripts\models\supershortmodel\20250325
2025-03-25 03:13:51,756 - 发现best_models目录: D:\my-vue-project\wind-power-forecast\backend\auto_scripts\models\supershortmodel\20250325\best_models
2025-03-25 03:13:51,756 - 发现GBDT模型文件: D:\my-vue-project\wind-power-forecast\backend\auto_scripts\models\supershortmodel\20250325\best_models\GBDT.joblib
2025-03-25 03:13:51,757 - 找到 13 个CSV文件
2025-03-25 03:13:51,757 - 该预测文件已处理过 (标志文件: D:\my-vue-project\wind-power-forecast\backend\auto_scripts\scripts\supershort\logs\auto_predict\predict_20250325_00_00.flag)
2025-03-25 03:13:51,757 - ⏩ 跳过已处理的文件: 202503250000.csv
2025-03-25 03:13:51,757 - 该预测文件已处理过 (标志文件: D:\my-vue-project\wind-power-forecast\backend\auto_scripts\scripts\supershort\logs\auto_predict\predict_20250325_00_15.flag)
2025-03-25 03:13:51,757 - ⏩ 跳过已处理的文件: 202503250015.csv
2025-03-25 03:13:51,757 - 该预测文件已处理过 (标志文件: D:\my-vue-project\wind-power-forecast\backend\auto_scripts\scripts\supershort\logs\auto_predict\predict_20250325_00_30.flag)
2025-03-25 03:13:51,757 - ⏩ 跳过已处理的文件: 202503250030.csv
2025-03-25 03:13:51,757 - 该预测文件已处理过 (标志文件: D:\my-vue-project\wind-power-forecast\backend\auto_scripts\scripts\supershort\logs\auto_predict\predict_20250325_00_45.flag)
2025-03-25 03:13:51,758 - ⏩ 跳过已处理的文件: 202503250045.csv
2025-03-25 03:13:51,758 - 该预测文件已处理过 (标志文件: D:\my-vue-project\wind-power-forecast\backend\auto_scripts\scripts\supershort\logs\auto_predict\predict_20250325_01_00.flag)
2025-03-25 03:13:51,758 - ⏩ 跳过已处理的文件: 202503250100.csv
2025-03-25 03:13:51,758 - 该预测文件已处理过 (标志文件: D:\my-vue-project\wind-power-forecast\backend\auto_scripts\scripts\supershort\logs\auto_predict\predict_20250325_01_15.flag)
2025-03-25 03:13:51,758 - ⏩ 跳过已处理的文件: 202503250115.csv
2025-03-25 03:13:51,759 - 该预测文件已处理过 (标志文件: D:\my-vue-project\wind-power-forecast\backend\auto_scripts\scripts\supershort\logs\auto_predict\predict_20250325_01_30.flag)
2025-03-25 03:13:51,759 - ⏩ 跳过已处理的文件: 202503250130.csv
2025-03-25 03:13:51,759 - 该预测文件已处理过 (标志文件: D:\my-vue-project\wind-power-forecast\backend\auto_scripts\scripts\supershort\logs\auto_predict\predict_20250325_01_45.flag)
2025-03-25 03:13:51,759 - ⏩ 跳过已处理的文件: 202503250145.csv
2025-03-25 03:13:51,759 - 该预测文件已处理过 (标志文件: D:\my-vue-project\wind-power-forecast\backend\auto_scripts\scripts\supershort\logs\auto_predict\predict_20250325_02_00.flag)
2025-03-25 03:13:51,759 - ⏩ 跳过已处理的文件: 202503250200.csv
2025-03-25 03:13:51,759 - 该预测文件已处理过 (标志文件: D:\my-vue-project\wind-power-forecast\backend\auto_scripts\scripts\supershort\logs\auto_predict\predict_20250325_02_15.flag)
2025-03-25 03:13:51,759 - ⏩ 跳过已处理的文件: 202503250215.csv
2025-03-25 03:13:51,760 - 该预测文件已处理过 (标志文件: D:\my-vue-project\wind-power-forecast\backend\auto_scripts\scripts\supershort\logs\auto_predict\predict_20250325_02_30.flag)
2025-03-25 03:13:51,760 - ⏩ 跳过已处理的文件: 202503250230.csv
2025-03-25 03:13:51,760 - 该预测文件已处理过 (标志文件: D:\my-vue-project\wind-power-forecast\backend\auto_scripts\scripts\supershort\logs\auto_predict\predict_20250325_02_45.flag)
2025-03-25 03:13:51,760 - ⏩ 跳过已处理的文件: 202503250245.csv
2025-03-25 03:13:51,760 - 该预测文件已处理过 (标志文件: D:\my-vue-project\wind-power-forecast\backend\auto_scripts\scripts\supershort\logs\auto_predict\predict_20250325_03_00.flag)
2025-03-25 03:13:51,760 - ⏩ 跳过已处理的文件: 202503250300.csv
2025-03-25 03:13:51,760 - 本次共处理了 13 个预测文件
2025-03-25 03:13:51,760 - 
================================================================================
2025-03-25 03:13:51,760 - >>> 预测任务结束 <<<
2025-03-25 03:13:51,760 - ================================================================================

2025-03-25 03:13:51,760 - 预测任务结束
2025-03-25 03:18:53,218 - 
================================================================================
2025-03-25 03:18:53,219 - >>> 自动预测系统启动 <<<
2025-03-25 03:18:53,219 - ================================================================================

2025-03-25 03:18:53,219 - 自动预测系统启动
2025-03-25 03:18:53,219 - 当前日期: 20250325, 时间: 03:18:53
2025-03-25 03:18:53,219 - 
================================================================================
2025-03-25 03:18:53,219 - >>> 开始执行预测 <<<
2025-03-25 03:18:53,219 - ================================================================================

2025-03-25 03:18:53,219 - 开始执行预测
2025-03-25 03:18:53,219 - 扫描预测数据文件目录: D:\my-vue-project\wind-power-forecast\backend\auto_scripts\precsv\supershortcsv\20250325
2025-03-25 03:18:53,219 - 检查模型目录: D:\my-vue-project\wind-power-forecast\backend\auto_scripts\models\supershortmodel\20250325
2025-03-25 03:18:53,219 - 发现best_models目录: D:\my-vue-project\wind-power-forecast\backend\auto_scripts\models\supershortmodel\20250325\best_models
2025-03-25 03:18:53,219 - 发现GBDT模型文件: D:\my-vue-project\wind-power-forecast\backend\auto_scripts\models\supershortmodel\20250325\best_models\GBDT.joblib
2025-03-25 03:18:53,220 - 找到 14 个CSV文件
2025-03-25 03:18:53,220 - 该预测文件已处理过 (标志文件: D:\my-vue-project\wind-power-forecast\backend\auto_scripts\scripts\supershort\logs\auto_predict\predict_20250325_00_00.flag)
2025-03-25 03:18:53,220 - ⏩ 跳过已处理的文件: 202503250000.csv
2025-03-25 03:18:53,220 - 该预测文件已处理过 (标志文件: D:\my-vue-project\wind-power-forecast\backend\auto_scripts\scripts\supershort\logs\auto_predict\predict_20250325_00_15.flag)
2025-03-25 03:18:53,220 - ⏩ 跳过已处理的文件: 202503250015.csv
2025-03-25 03:18:53,220 - 该预测文件已处理过 (标志文件: D:\my-vue-project\wind-power-forecast\backend\auto_scripts\scripts\supershort\logs\auto_predict\predict_20250325_00_30.flag)
2025-03-25 03:18:53,220 - ⏩ 跳过已处理的文件: 202503250030.csv
2025-03-25 03:18:53,221 - 该预测文件已处理过 (标志文件: D:\my-vue-project\wind-power-forecast\backend\auto_scripts\scripts\supershort\logs\auto_predict\predict_20250325_00_45.flag)
2025-03-25 03:18:53,221 - ⏩ 跳过已处理的文件: 202503250045.csv
2025-03-25 03:18:53,221 - 该预测文件已处理过 (标志文件: D:\my-vue-project\wind-power-forecast\backend\auto_scripts\scripts\supershort\logs\auto_predict\predict_20250325_01_00.flag)
2025-03-25 03:18:53,221 - ⏩ 跳过已处理的文件: 202503250100.csv
2025-03-25 03:18:53,221 - 该预测文件已处理过 (标志文件: D:\my-vue-project\wind-power-forecast\backend\auto_scripts\scripts\supershort\logs\auto_predict\predict_20250325_01_15.flag)
2025-03-25 03:18:53,221 - ⏩ 跳过已处理的文件: 202503250115.csv
2025-03-25 03:18:53,221 - 该预测文件已处理过 (标志文件: D:\my-vue-project\wind-power-forecast\backend\auto_scripts\scripts\supershort\logs\auto_predict\predict_20250325_01_30.flag)
2025-03-25 03:18:53,221 - ⏩ 跳过已处理的文件: 202503250130.csv
2025-03-25 03:18:53,222 - 该预测文件已处理过 (标志文件: D:\my-vue-project\wind-power-forecast\backend\auto_scripts\scripts\supershort\logs\auto_predict\predict_20250325_01_45.flag)
2025-03-25 03:18:53,222 - ⏩ 跳过已处理的文件: 202503250145.csv
2025-03-25 03:18:53,222 - 该预测文件已处理过 (标志文件: D:\my-vue-project\wind-power-forecast\backend\auto_scripts\scripts\supershort\logs\auto_predict\predict_20250325_02_00.flag)
2025-03-25 03:18:53,222 - ⏩ 跳过已处理的文件: 202503250200.csv
2025-03-25 03:18:53,222 - 该预测文件已处理过 (标志文件: D:\my-vue-project\wind-power-forecast\backend\auto_scripts\scripts\supershort\logs\auto_predict\predict_20250325_02_15.flag)
2025-03-25 03:18:53,222 - ⏩ 跳过已处理的文件: 202503250215.csv
2025-03-25 03:18:53,223 - 该预测文件已处理过 (标志文件: D:\my-vue-project\wind-power-forecast\backend\auto_scripts\scripts\supershort\logs\auto_predict\predict_20250325_02_30.flag)
2025-03-25 03:18:53,223 - ⏩ 跳过已处理的文件: 202503250230.csv
2025-03-25 03:18:53,223 - 该预测文件已处理过 (标志文件: D:\my-vue-project\wind-power-forecast\backend\auto_scripts\scripts\supershort\logs\auto_predict\predict_20250325_02_45.flag)
2025-03-25 03:18:53,223 - ⏩ 跳过已处理的文件: 202503250245.csv
2025-03-25 03:18:53,223 - 该预测文件已处理过 (标志文件: D:\my-vue-project\wind-power-forecast\backend\auto_scripts\scripts\supershort\logs\auto_predict\predict_20250325_03_00.flag)
2025-03-25 03:18:53,223 - ⏩ 跳过已处理的文件: 202503250300.csv
2025-03-25 03:18:53,223 - ✅ 处理预测文件: D:\my-vue-project\wind-power-forecast\backend\auto_scripts\precsv\supershortcsv\20250325\202503250315.csv
2025-03-25 03:18:53,223 - 
============================================================
【风电功率预测开始】
============================================================
2025-03-25 03:18:53,223 - 配置信息:
2025-03-25 03:18:53,223 -   - 数据文件: D:\my-vue-project\wind-power-forecast\backend\auto_scripts\precsv\supershortcsv\20250325\202503250315.csv
2025-03-25 03:18:53,224 -   - 模型目录: D:\my-vue-project\wind-power-forecast\backend\auto_scripts\models\supershortmodel\20250325
2025-03-25 03:18:53,224 -   - 窗口大小: 16
2025-03-25 03:18:53,224 -   - 滞后特征数: 4
2025-03-25 03:18:53,224 - 
============================================================
【预处理新数据】
============================================================
2025-03-25 03:18:53,224 - 加载数据文件: D:\my-vue-project\wind-power-forecast\backend\auto_scripts\precsv\supershortcsv\20250325\202503250315.csv
2025-03-25 03:18:53,229 - 数据加载完成，去除缺失值后共 29 条记录
2025-03-25 03:18:53,269 - 数据前5行预览:
        Timestamp    129.128_1    129.128_2  ...  ws200_13  ws200_14  ws200_15
0  2024/3/11 0:00  15974.26563  16293.82813  ...  4.542173  1.324043  0.865087
1  2024/3/11 0:15  15974.26563  16293.82813  ...  3.899081  0.880606  1.273859
2  2024/3/11 0:30  15974.26563  16293.82813  ...  3.273753  0.778394  1.710350
3  2024/3/11 0:45  15974.26563  16293.82813  ...  2.678660  1.115517  2.157803
4  2024/3/11 1:00  15974.26563  16293.82813  ...  2.139185  1.640399  2.610587

[5 rows x 301 columns]
2025-03-25 03:18:53,269 - 预处理数据...
2025-03-25 03:18:53,272 - 预处理完成，特征维度: (29, 304)
2025-03-25 03:18:53,272 - 执行特征工程，滞后特征数: 4...
2025-03-25 03:18:53,303 - 特征工程完成，特征维度: (26, 859)
2025-03-25 03:18:53,303 - 新数据预处理完成，共 26 个样本
2025-03-25 03:18:53,303 - ✅ 发现最佳模型目录: D:\my-vue-project\wind-power-forecast\backend\auto_scripts\models\supershortmodel\20250325\best_models，尝试使用多模型加权预测
2025-03-25 03:18:53,303 - 
============================================================
【加载多个模型】
============================================================
2025-03-25 03:18:53,303 - 从目录加载模型和 scaler: D:\my-vue-project\wind-power-forecast\backend\auto_scripts\models\supershortmodel\20250325\best_models
2025-03-25 03:18:53,304 - 加载 GBDT 模型和 scaler...
2025-03-25 03:18:53,394 - ✅ 已成功加载 GBDT 模型和对应的 scaler
2025-03-25 03:18:53,394 - 加载 DART 模型和 scaler...
2025-03-25 03:18:53,400 - ✅ 已成功加载 DART 模型和对应的 scaler
2025-03-25 03:18:53,400 - 加载 GOSS 模型和 scaler...
2025-03-25 03:18:53,407 - ✅ 已成功加载 GOSS 模型和对应的 scaler
2025-03-25 03:18:53,407 - 加载完成，共加载了 3 个模型: GBDT, DART, GOSS
2025-03-25 03:18:53,407 - 尝试加载模型权重文件: D:\my-vue-project\wind-power-forecast\backend\auto_scripts\models\supershortmodel\20250325\model_weights.joblib
2025-03-25 03:18:53,407 - ✅ 已加载模型权重: {'GBDT': np.float64(0.0), 'DART': np.float64(0.0), 'GOSS': np.float64(0.9413418792089218), 'INTERCEPT': np.float64(-0.0258769107539365)}
2025-03-25 03:18:53,407 - 
============================================================
【使用多模型加权预测】
============================================================
2025-03-25 03:18:53,407 - 使用自定义权重: {'GBDT': np.float64(0.0), 'DART': np.float64(0.0), 'GOSS': np.float64(0.9413418792089218), 'INTERCEPT': np.float64(-0.0258769107539365)}
2025-03-25 03:18:53,407 - ❌ GBDT 模型权重为0，跳过
2025-03-25 03:18:53,407 - ❌ DART 模型权重为0，跳过
2025-03-25 03:18:53,407 - 使用 GOSS 模型进行预测 (权重: 0.9413)...
2025-03-25 03:18:53,410 - GOSS: 数据标准化完成
2025-03-25 03:18:53,410 - GOSS: 时间窗口创建完成，窗口数量: 11
2025-03-25 03:18:53,454 - ✅ GOSS 模型预测完成，生成了 11 个预测值
2025-03-25 03:18:53,454 -    统计: 最小值=118.97, 最大值=177.46, 平均值=157.97
2025-03-25 03:18:53,454 - 所有预测结果对齐到最小长度: 11
2025-03-25 03:18:53,455 - 开始计算加权平均预测结果...
2025-03-25 03:18:53,456 -   加入 GOSS 模型贡献 (权重: 0.9413)
2025-03-25 03:18:53,456 -   加入常数偏置项 (值: -0.0259)
2025-03-25 03:18:53,456 - 加权平均预测完成，生成了 11 个预测值
2025-03-25 03:18:53,456 - 加权预测结果统计: 最小值=111.96, 最大值=167.03, 平均值=148.67
2025-03-25 03:18:53,456 - ✅ 多模型加权预测完成，使用模型: GBDT, DART, GOSS
2025-03-25 03:18:53,456 - 预测结果数据框创建完成，共 11 行
2025-03-25 03:18:53,457 - ✅ 预测结果已保存到文件: D:\my-vue-project\wind-power-forecast\backend\auto_scripts\results\supershortresult\20250325\prediction_202503250315.csv
2025-03-25 03:18:53,457 - 尝试将预测结果导入数据库...
2025-03-25 03:18:53,457 - 发送HTTP请求到: http://localhost:5000/prediction2database/batch_supershortl_power
2025-03-25 03:18:55,508 - ✅ 数据已成功导入数据库
2025-03-25 03:18:55,508 -    总记录数: 11, 更新: 11, 插入: 0
2025-03-25 03:18:55,508 - 
============================================================
【风电功率预测完成】
============================================================
2025-03-25 03:18:55,508 - 风电功率预测完成
2025-03-25 03:18:55,510 - ✅ 202503250315.csv 预测执行完成
2025-03-25 03:18:55,510 - 已创建预测标志文件: D:\my-vue-project\wind-power-forecast\backend\auto_scripts\scripts\supershort\logs\auto_predict\predict_20250325_03_15.flag
2025-03-25 03:18:55,510 - 本次共处理了 14 个预测文件
2025-03-25 03:18:55,511 - 
================================================================================
2025-03-25 03:18:55,511 - >>> 预测任务结束 <<<
2025-03-25 03:18:55,511 - ================================================================================

2025-03-25 03:18:55,511 - 预测任务结束
2025-03-25 03:23:57,058 - 
================================================================================
2025-03-25 03:23:57,058 - >>> 自动预测系统启动 <<<
2025-03-25 03:23:57,058 - ================================================================================

2025-03-25 03:23:57,058 - 自动预测系统启动
2025-03-25 03:23:57,058 - 当前日期: 20250325, 时间: 03:23:57
2025-03-25 03:23:57,058 - 
================================================================================
2025-03-25 03:23:57,058 - >>> 开始执行预测 <<<
2025-03-25 03:23:57,058 - ================================================================================

2025-03-25 03:23:57,058 - 开始执行预测
2025-03-25 03:23:57,059 - 扫描预测数据文件目录: D:\my-vue-project\wind-power-forecast\backend\auto_scripts\precsv\supershortcsv\20250325
2025-03-25 03:23:57,059 - 检查模型目录: D:\my-vue-project\wind-power-forecast\backend\auto_scripts\models\supershortmodel\20250325
2025-03-25 03:23:57,059 - 发现best_models目录: D:\my-vue-project\wind-power-forecast\backend\auto_scripts\models\supershortmodel\20250325\best_models
2025-03-25 03:23:57,059 - 发现GBDT模型文件: D:\my-vue-project\wind-power-forecast\backend\auto_scripts\models\supershortmodel\20250325\best_models\GBDT.joblib
2025-03-25 03:23:57,059 - 找到 14 个CSV文件
2025-03-25 03:23:57,059 - 该预测文件已处理过 (标志文件: D:\my-vue-project\wind-power-forecast\backend\auto_scripts\scripts\supershort\logs\auto_predict\predict_20250325_00_00.flag)
2025-03-25 03:23:57,059 - ⏩ 跳过已处理的文件: 202503250000.csv
2025-03-25 03:23:57,059 - 该预测文件已处理过 (标志文件: D:\my-vue-project\wind-power-forecast\backend\auto_scripts\scripts\supershort\logs\auto_predict\predict_20250325_00_15.flag)
2025-03-25 03:23:57,059 - ⏩ 跳过已处理的文件: 202503250015.csv
2025-03-25 03:23:57,060 - 该预测文件已处理过 (标志文件: D:\my-vue-project\wind-power-forecast\backend\auto_scripts\scripts\supershort\logs\auto_predict\predict_20250325_00_30.flag)
2025-03-25 03:23:57,060 - ⏩ 跳过已处理的文件: 202503250030.csv
2025-03-25 03:23:57,060 - 该预测文件已处理过 (标志文件: D:\my-vue-project\wind-power-forecast\backend\auto_scripts\scripts\supershort\logs\auto_predict\predict_20250325_00_45.flag)
2025-03-25 03:23:57,060 - ⏩ 跳过已处理的文件: 202503250045.csv
2025-03-25 03:23:57,060 - 该预测文件已处理过 (标志文件: D:\my-vue-project\wind-power-forecast\backend\auto_scripts\scripts\supershort\logs\auto_predict\predict_20250325_01_00.flag)
2025-03-25 03:23:57,060 - ⏩ 跳过已处理的文件: 202503250100.csv
2025-03-25 03:23:57,060 - 该预测文件已处理过 (标志文件: D:\my-vue-project\wind-power-forecast\backend\auto_scripts\scripts\supershort\logs\auto_predict\predict_20250325_01_15.flag)
2025-03-25 03:23:57,060 - ⏩ 跳过已处理的文件: 202503250115.csv
2025-03-25 03:23:57,061 - 该预测文件已处理过 (标志文件: D:\my-vue-project\wind-power-forecast\backend\auto_scripts\scripts\supershort\logs\auto_predict\predict_20250325_01_30.flag)
2025-03-25 03:23:57,061 - ⏩ 跳过已处理的文件: 202503250130.csv
2025-03-25 03:23:57,061 - 该预测文件已处理过 (标志文件: D:\my-vue-project\wind-power-forecast\backend\auto_scripts\scripts\supershort\logs\auto_predict\predict_20250325_01_45.flag)
2025-03-25 03:23:57,061 - ⏩ 跳过已处理的文件: 202503250145.csv
2025-03-25 03:23:57,061 - 该预测文件已处理过 (标志文件: D:\my-vue-project\wind-power-forecast\backend\auto_scripts\scripts\supershort\logs\auto_predict\predict_20250325_02_00.flag)
2025-03-25 03:23:57,061 - ⏩ 跳过已处理的文件: 202503250200.csv
2025-03-25 03:23:57,061 - 该预测文件已处理过 (标志文件: D:\my-vue-project\wind-power-forecast\backend\auto_scripts\scripts\supershort\logs\auto_predict\predict_20250325_02_15.flag)
2025-03-25 03:23:57,061 - ⏩ 跳过已处理的文件: 202503250215.csv
2025-03-25 03:23:57,062 - 该预测文件已处理过 (标志文件: D:\my-vue-project\wind-power-forecast\backend\auto_scripts\scripts\supershort\logs\auto_predict\predict_20250325_02_30.flag)
2025-03-25 03:23:57,062 - ⏩ 跳过已处理的文件: 202503250230.csv
2025-03-25 03:23:57,062 - 该预测文件已处理过 (标志文件: D:\my-vue-project\wind-power-forecast\backend\auto_scripts\scripts\supershort\logs\auto_predict\predict_20250325_02_45.flag)
2025-03-25 03:23:57,062 - ⏩ 跳过已处理的文件: 202503250245.csv
2025-03-25 03:23:57,062 - 该预测文件已处理过 (标志文件: D:\my-vue-project\wind-power-forecast\backend\auto_scripts\scripts\supershort\logs\auto_predict\predict_20250325_03_00.flag)
2025-03-25 03:23:57,062 - ⏩ 跳过已处理的文件: 202503250300.csv
2025-03-25 03:23:57,063 - 该预测文件已处理过 (标志文件: D:\my-vue-project\wind-power-forecast\backend\auto_scripts\scripts\supershort\logs\auto_predict\predict_20250325_03_15.flag)
2025-03-25 03:23:57,063 - ⏩ 跳过已处理的文件: 202503250315.csv
2025-03-25 03:23:57,063 - 本次共处理了 14 个预测文件
2025-03-25 03:23:57,063 - 
================================================================================
2025-03-25 03:23:57,063 - >>> 预测任务结束 <<<
2025-03-25 03:23:57,063 - ================================================================================

2025-03-25 03:23:57,063 - 预测任务结束
2025-03-25 03:28:58,492 - 
================================================================================
2025-03-25 03:28:58,492 - >>> 自动预测系统启动 <<<
2025-03-25 03:28:58,492 - ================================================================================

2025-03-25 03:28:58,492 - 自动预测系统启动
2025-03-25 03:28:58,492 - 当前日期: 20250325, 时间: 03:28:58
2025-03-25 03:28:58,493 - 
================================================================================
2025-03-25 03:28:58,493 - >>> 开始执行预测 <<<
2025-03-25 03:28:58,493 - ================================================================================

2025-03-25 03:28:58,493 - 开始执行预测
2025-03-25 03:28:58,493 - 扫描预测数据文件目录: D:\my-vue-project\wind-power-forecast\backend\auto_scripts\precsv\supershortcsv\20250325
2025-03-25 03:28:58,493 - 检查模型目录: D:\my-vue-project\wind-power-forecast\backend\auto_scripts\models\supershortmodel\20250325
2025-03-25 03:28:58,493 - 发现best_models目录: D:\my-vue-project\wind-power-forecast\backend\auto_scripts\models\supershortmodel\20250325\best_models
2025-03-25 03:28:58,493 - 发现GBDT模型文件: D:\my-vue-project\wind-power-forecast\backend\auto_scripts\models\supershortmodel\20250325\best_models\GBDT.joblib
2025-03-25 03:28:58,493 - 找到 14 个CSV文件
2025-03-25 03:28:58,494 - 该预测文件已处理过 (标志文件: D:\my-vue-project\wind-power-forecast\backend\auto_scripts\scripts\supershort\logs\auto_predict\predict_20250325_00_00.flag)
2025-03-25 03:28:58,494 - ⏩ 跳过已处理的文件: 202503250000.csv
2025-03-25 03:28:58,494 - 该预测文件已处理过 (标志文件: D:\my-vue-project\wind-power-forecast\backend\auto_scripts\scripts\supershort\logs\auto_predict\predict_20250325_00_15.flag)
2025-03-25 03:28:58,494 - ⏩ 跳过已处理的文件: 202503250015.csv
2025-03-25 03:28:58,494 - 该预测文件已处理过 (标志文件: D:\my-vue-project\wind-power-forecast\backend\auto_scripts\scripts\supershort\logs\auto_predict\predict_20250325_00_30.flag)
2025-03-25 03:28:58,494 - ⏩ 跳过已处理的文件: 202503250030.csv
2025-03-25 03:28:58,494 - 该预测文件已处理过 (标志文件: D:\my-vue-project\wind-power-forecast\backend\auto_scripts\scripts\supershort\logs\auto_predict\predict_20250325_00_45.flag)
2025-03-25 03:28:58,494 - ⏩ 跳过已处理的文件: 202503250045.csv
2025-03-25 03:28:58,495 - 该预测文件已处理过 (标志文件: D:\my-vue-project\wind-power-forecast\backend\auto_scripts\scripts\supershort\logs\auto_predict\predict_20250325_01_00.flag)
2025-03-25 03:28:58,495 - ⏩ 跳过已处理的文件: 202503250100.csv
2025-03-25 03:28:58,495 - 该预测文件已处理过 (标志文件: D:\my-vue-project\wind-power-forecast\backend\auto_scripts\scripts\supershort\logs\auto_predict\predict_20250325_01_15.flag)
2025-03-25 03:28:58,495 - ⏩ 跳过已处理的文件: 202503250115.csv
2025-03-25 03:28:58,495 - 该预测文件已处理过 (标志文件: D:\my-vue-project\wind-power-forecast\backend\auto_scripts\scripts\supershort\logs\auto_predict\predict_20250325_01_30.flag)
2025-03-25 03:28:58,495 - ⏩ 跳过已处理的文件: 202503250130.csv
2025-03-25 03:28:58,495 - 该预测文件已处理过 (标志文件: D:\my-vue-project\wind-power-forecast\backend\auto_scripts\scripts\supershort\logs\auto_predict\predict_20250325_01_45.flag)
2025-03-25 03:28:58,495 - ⏩ 跳过已处理的文件: 202503250145.csv
2025-03-25 03:28:58,496 - 该预测文件已处理过 (标志文件: D:\my-vue-project\wind-power-forecast\backend\auto_scripts\scripts\supershort\logs\auto_predict\predict_20250325_02_00.flag)
2025-03-25 03:28:58,496 - ⏩ 跳过已处理的文件: 202503250200.csv
2025-03-25 03:28:58,496 - 该预测文件已处理过 (标志文件: D:\my-vue-project\wind-power-forecast\backend\auto_scripts\scripts\supershort\logs\auto_predict\predict_20250325_02_15.flag)
2025-03-25 03:28:58,496 - ⏩ 跳过已处理的文件: 202503250215.csv
2025-03-25 03:28:58,496 - 该预测文件已处理过 (标志文件: D:\my-vue-project\wind-power-forecast\backend\auto_scripts\scripts\supershort\logs\auto_predict\predict_20250325_02_30.flag)
2025-03-25 03:28:58,496 - ⏩ 跳过已处理的文件: 202503250230.csv
2025-03-25 03:28:58,496 - 该预测文件已处理过 (标志文件: D:\my-vue-project\wind-power-forecast\backend\auto_scripts\scripts\supershort\logs\auto_predict\predict_20250325_02_45.flag)
2025-03-25 03:28:58,496 - ⏩ 跳过已处理的文件: 202503250245.csv
2025-03-25 03:28:58,497 - 该预测文件已处理过 (标志文件: D:\my-vue-project\wind-power-forecast\backend\auto_scripts\scripts\supershort\logs\auto_predict\predict_20250325_03_00.flag)
2025-03-25 03:28:58,497 - ⏩ 跳过已处理的文件: 202503250300.csv
2025-03-25 03:28:58,497 - 该预测文件已处理过 (标志文件: D:\my-vue-project\wind-power-forecast\backend\auto_scripts\scripts\supershort\logs\auto_predict\predict_20250325_03_15.flag)
2025-03-25 03:28:58,497 - ⏩ 跳过已处理的文件: 202503250315.csv
2025-03-25 03:28:58,497 - 本次共处理了 14 个预测文件
2025-03-25 03:28:58,497 - 
================================================================================
2025-03-25 03:28:58,497 - >>> 预测任务结束 <<<
2025-03-25 03:28:58,497 - ================================================================================

2025-03-25 03:28:58,497 - 预测任务结束
2025-03-25 03:33:59,972 - 
================================================================================
2025-03-25 03:33:59,972 - >>> 自动预测系统启动 <<<
2025-03-25 03:33:59,972 - ================================================================================

2025-03-25 03:33:59,972 - 自动预测系统启动
2025-03-25 03:33:59,972 - 当前日期: 20250325, 时间: 03:33:59
2025-03-25 03:33:59,973 - 
================================================================================
2025-03-25 03:33:59,973 - >>> 开始执行预测 <<<
2025-03-25 03:33:59,973 - ================================================================================

2025-03-25 03:33:59,973 - 开始执行预测
2025-03-25 03:33:59,973 - 扫描预测数据文件目录: D:\my-vue-project\wind-power-forecast\backend\auto_scripts\precsv\supershortcsv\20250325
2025-03-25 03:33:59,973 - 检查模型目录: D:\my-vue-project\wind-power-forecast\backend\auto_scripts\models\supershortmodel\20250325
2025-03-25 03:33:59,973 - 发现best_models目录: D:\my-vue-project\wind-power-forecast\backend\auto_scripts\models\supershortmodel\20250325\best_models
2025-03-25 03:33:59,973 - 发现GBDT模型文件: D:\my-vue-project\wind-power-forecast\backend\auto_scripts\models\supershortmodel\20250325\best_models\GBDT.joblib
2025-03-25 03:33:59,973 - 找到 15 个CSV文件
2025-03-25 03:33:59,974 - 该预测文件已处理过 (标志文件: D:\my-vue-project\wind-power-forecast\backend\auto_scripts\scripts\supershort\logs\auto_predict\predict_20250325_00_00.flag)
2025-03-25 03:33:59,974 - ⏩ 跳过已处理的文件: 202503250000.csv
2025-03-25 03:33:59,974 - 该预测文件已处理过 (标志文件: D:\my-vue-project\wind-power-forecast\backend\auto_scripts\scripts\supershort\logs\auto_predict\predict_20250325_00_15.flag)
2025-03-25 03:33:59,974 - ⏩ 跳过已处理的文件: 202503250015.csv
2025-03-25 03:33:59,974 - 该预测文件已处理过 (标志文件: D:\my-vue-project\wind-power-forecast\backend\auto_scripts\scripts\supershort\logs\auto_predict\predict_20250325_00_30.flag)
2025-03-25 03:33:59,974 - ⏩ 跳过已处理的文件: 202503250030.csv
2025-03-25 03:33:59,974 - 该预测文件已处理过 (标志文件: D:\my-vue-project\wind-power-forecast\backend\auto_scripts\scripts\supershort\logs\auto_predict\predict_20250325_00_45.flag)
2025-03-25 03:33:59,974 - ⏩ 跳过已处理的文件: 202503250045.csv
2025-03-25 03:33:59,975 - 该预测文件已处理过 (标志文件: D:\my-vue-project\wind-power-forecast\backend\auto_scripts\scripts\supershort\logs\auto_predict\predict_20250325_01_00.flag)
2025-03-25 03:33:59,975 - ⏩ 跳过已处理的文件: 202503250100.csv
2025-03-25 03:33:59,975 - 该预测文件已处理过 (标志文件: D:\my-vue-project\wind-power-forecast\backend\auto_scripts\scripts\supershort\logs\auto_predict\predict_20250325_01_15.flag)
2025-03-25 03:33:59,975 - ⏩ 跳过已处理的文件: 202503250115.csv
2025-03-25 03:33:59,975 - 该预测文件已处理过 (标志文件: D:\my-vue-project\wind-power-forecast\backend\auto_scripts\scripts\supershort\logs\auto_predict\predict_20250325_01_30.flag)
2025-03-25 03:33:59,975 - ⏩ 跳过已处理的文件: 202503250130.csv
2025-03-25 03:33:59,975 - 该预测文件已处理过 (标志文件: D:\my-vue-project\wind-power-forecast\backend\auto_scripts\scripts\supershort\logs\auto_predict\predict_20250325_01_45.flag)
2025-03-25 03:33:59,975 - ⏩ 跳过已处理的文件: 202503250145.csv
2025-03-25 03:33:59,976 - 该预测文件已处理过 (标志文件: D:\my-vue-project\wind-power-forecast\backend\auto_scripts\scripts\supershort\logs\auto_predict\predict_20250325_02_00.flag)
2025-03-25 03:33:59,976 - ⏩ 跳过已处理的文件: 202503250200.csv
2025-03-25 03:33:59,976 - 该预测文件已处理过 (标志文件: D:\my-vue-project\wind-power-forecast\backend\auto_scripts\scripts\supershort\logs\auto_predict\predict_20250325_02_15.flag)
2025-03-25 03:33:59,976 - ⏩ 跳过已处理的文件: 202503250215.csv
2025-03-25 03:33:59,976 - 该预测文件已处理过 (标志文件: D:\my-vue-project\wind-power-forecast\backend\auto_scripts\scripts\supershort\logs\auto_predict\predict_20250325_02_30.flag)
2025-03-25 03:33:59,976 - ⏩ 跳过已处理的文件: 202503250230.csv
2025-03-25 03:33:59,976 - 该预测文件已处理过 (标志文件: D:\my-vue-project\wind-power-forecast\backend\auto_scripts\scripts\supershort\logs\auto_predict\predict_20250325_02_45.flag)
2025-03-25 03:33:59,976 - ⏩ 跳过已处理的文件: 202503250245.csv
2025-03-25 03:33:59,977 - 该预测文件已处理过 (标志文件: D:\my-vue-project\wind-power-forecast\backend\auto_scripts\scripts\supershort\logs\auto_predict\predict_20250325_03_00.flag)
2025-03-25 03:33:59,977 - ⏩ 跳过已处理的文件: 202503250300.csv
2025-03-25 03:33:59,977 - 该预测文件已处理过 (标志文件: D:\my-vue-project\wind-power-forecast\backend\auto_scripts\scripts\supershort\logs\auto_predict\predict_20250325_03_15.flag)
2025-03-25 03:33:59,977 - ⏩ 跳过已处理的文件: 202503250315.csv
2025-03-25 03:33:59,977 - ✅ 处理预测文件: D:\my-vue-project\wind-power-forecast\backend\auto_scripts\precsv\supershortcsv\20250325\202503250330.csv
2025-03-25 03:33:59,977 - 
============================================================
【风电功率预测开始】
============================================================
2025-03-25 03:33:59,977 - 配置信息:
2025-03-25 03:33:59,977 -   - 数据文件: D:\my-vue-project\wind-power-forecast\backend\auto_scripts\precsv\supershortcsv\20250325\202503250330.csv
2025-03-25 03:33:59,977 -   - 模型目录: D:\my-vue-project\wind-power-forecast\backend\auto_scripts\models\supershortmodel\20250325
2025-03-25 03:33:59,978 -   - 窗口大小: 16
2025-03-25 03:33:59,978 -   - 滞后特征数: 4
2025-03-25 03:33:59,978 - 
============================================================
【预处理新数据】
============================================================
2025-03-25 03:33:59,978 - 加载数据文件: D:\my-vue-project\wind-power-forecast\backend\auto_scripts\precsv\supershortcsv\20250325\202503250330.csv
2025-03-25 03:33:59,982 - 数据加载完成，去除缺失值后共 29 条记录
2025-03-25 03:34:00,023 - 数据前5行预览:
        Timestamp    129.128_1    129.128_2  ...  ws200_13  ws200_14  ws200_15
0  2024/3/11 0:00  15974.26563  16293.82813  ...  4.542173  1.324043  0.865087
1  2024/3/11 0:15  15974.26563  16293.82813  ...  3.899081  0.880606  1.273859
2  2024/3/11 0:30  15974.26563  16293.82813  ...  3.273753  0.778394  1.710350
3  2024/3/11 0:45  15974.26563  16293.82813  ...  2.678660  1.115517  2.157803
4  2024/3/11 1:00  15974.26563  16293.82813  ...  2.139185  1.640399  2.610587

[5 rows x 301 columns]
2025-03-25 03:34:00,023 - 预处理数据...
2025-03-25 03:34:00,026 - 预处理完成，特征维度: (29, 304)
2025-03-25 03:34:00,026 - 执行特征工程，滞后特征数: 4...
2025-03-25 03:34:00,056 - 特征工程完成，特征维度: (26, 859)
2025-03-25 03:34:00,056 - 新数据预处理完成，共 26 个样本
2025-03-25 03:34:00,056 - ✅ 发现最佳模型目录: D:\my-vue-project\wind-power-forecast\backend\auto_scripts\models\supershortmodel\20250325\best_models，尝试使用多模型加权预测
2025-03-25 03:34:00,056 - 
============================================================
【加载多个模型】
============================================================
2025-03-25 03:34:00,056 - 从目录加载模型和 scaler: D:\my-vue-project\wind-power-forecast\backend\auto_scripts\models\supershortmodel\20250325\best_models
2025-03-25 03:34:00,057 - 加载 GBDT 模型和 scaler...
2025-03-25 03:34:00,145 - ✅ 已成功加载 GBDT 模型和对应的 scaler
2025-03-25 03:34:00,145 - 加载 DART 模型和 scaler...
2025-03-25 03:34:00,150 - ✅ 已成功加载 DART 模型和对应的 scaler
2025-03-25 03:34:00,151 - 加载 GOSS 模型和 scaler...
2025-03-25 03:34:00,159 - ✅ 已成功加载 GOSS 模型和对应的 scaler
2025-03-25 03:34:00,159 - 加载完成，共加载了 3 个模型: GBDT, DART, GOSS
2025-03-25 03:34:00,159 - 尝试加载模型权重文件: D:\my-vue-project\wind-power-forecast\backend\auto_scripts\models\supershortmodel\20250325\model_weights.joblib
2025-03-25 03:34:00,159 - ✅ 已加载模型权重: {'GBDT': np.float64(0.0), 'DART': np.float64(0.0), 'GOSS': np.float64(0.9413418792089218), 'INTERCEPT': np.float64(-0.0258769107539365)}
2025-03-25 03:34:00,159 - 
============================================================
【使用多模型加权预测】
============================================================
2025-03-25 03:34:00,159 - 使用自定义权重: {'GBDT': np.float64(0.0), 'DART': np.float64(0.0), 'GOSS': np.float64(0.9413418792089218), 'INTERCEPT': np.float64(-0.0258769107539365)}
2025-03-25 03:34:00,159 - ❌ GBDT 模型权重为0，跳过
2025-03-25 03:34:00,159 - ❌ DART 模型权重为0，跳过
2025-03-25 03:34:00,159 - 使用 GOSS 模型进行预测 (权重: 0.9413)...
2025-03-25 03:34:00,161 - GOSS: 数据标准化完成
2025-03-25 03:34:00,162 - GOSS: 时间窗口创建完成，窗口数量: 11
2025-03-25 03:34:00,209 - ✅ GOSS 模型预测完成，生成了 11 个预测值
2025-03-25 03:34:00,209 -    统计: 最小值=118.97, 最大值=177.46, 平均值=157.97
2025-03-25 03:34:00,209 - 所有预测结果对齐到最小长度: 11
2025-03-25 03:34:00,209 - 开始计算加权平均预测结果...
2025-03-25 03:34:00,209 -   加入 GOSS 模型贡献 (权重: 0.9413)
2025-03-25 03:34:00,210 -   加入常数偏置项 (值: -0.0259)
2025-03-25 03:34:00,210 - 加权平均预测完成，生成了 11 个预测值
2025-03-25 03:34:00,210 - 加权预测结果统计: 最小值=111.96, 最大值=167.03, 平均值=148.67
2025-03-25 03:34:00,210 - ✅ 多模型加权预测完成，使用模型: GBDT, DART, GOSS
2025-03-25 03:34:00,210 - 预测结果数据框创建完成，共 11 行
2025-03-25 03:34:00,212 - ✅ 预测结果已保存到文件: D:\my-vue-project\wind-power-forecast\backend\auto_scripts\results\supershortresult\20250325\prediction_202503250330.csv
2025-03-25 03:34:00,212 - 尝试将预测结果导入数据库...
2025-03-25 03:34:00,212 - 发送HTTP请求到: http://localhost:5000/prediction2database/batch_supershortl_power
2025-03-25 03:34:02,291 - ✅ 数据已成功导入数据库
2025-03-25 03:34:02,291 -    总记录数: 11, 更新: 11, 插入: 0
2025-03-25 03:34:02,291 - 
============================================================
【风电功率预测完成】
============================================================
2025-03-25 03:34:02,291 - 风电功率预测完成
2025-03-25 03:34:02,294 - ✅ 202503250330.csv 预测执行完成
2025-03-25 03:34:02,295 - 已创建预测标志文件: D:\my-vue-project\wind-power-forecast\backend\auto_scripts\scripts\supershort\logs\auto_predict\predict_20250325_03_30.flag
2025-03-25 03:34:02,295 - 本次共处理了 15 个预测文件
2025-03-25 03:34:02,296 - 
================================================================================
2025-03-25 03:34:02,296 - >>> 预测任务结束 <<<
2025-03-25 03:34:02,296 - ================================================================================

2025-03-25 03:34:02,296 - 预测任务结束
2025-03-25 03:39:03,729 - 
================================================================================
2025-03-25 03:39:03,729 - >>> 自动预测系统启动 <<<
2025-03-25 03:39:03,729 - ================================================================================

2025-03-25 03:39:03,729 - 自动预测系统启动
2025-03-25 03:39:03,729 - 当前日期: 20250325, 时间: 03:39:03
2025-03-25 03:39:03,729 - 
================================================================================
2025-03-25 03:39:03,729 - >>> 开始执行预测 <<<
2025-03-25 03:39:03,729 - ================================================================================

2025-03-25 03:39:03,729 - 开始执行预测
2025-03-25 03:39:03,730 - 扫描预测数据文件目录: D:\my-vue-project\wind-power-forecast\backend\auto_scripts\precsv\supershortcsv\20250325
2025-03-25 03:39:03,730 - 检查模型目录: D:\my-vue-project\wind-power-forecast\backend\auto_scripts\models\supershortmodel\20250325
2025-03-25 03:39:03,730 - 发现best_models目录: D:\my-vue-project\wind-power-forecast\backend\auto_scripts\models\supershortmodel\20250325\best_models
2025-03-25 03:39:03,730 - 发现GBDT模型文件: D:\my-vue-project\wind-power-forecast\backend\auto_scripts\models\supershortmodel\20250325\best_models\GBDT.joblib
2025-03-25 03:39:03,730 - 找到 15 个CSV文件
2025-03-25 03:39:03,730 - 该预测文件已处理过 (标志文件: D:\my-vue-project\wind-power-forecast\backend\auto_scripts\scripts\supershort\logs\auto_predict\predict_20250325_00_00.flag)
2025-03-25 03:39:03,730 - ⏩ 跳过已处理的文件: 202503250000.csv
2025-03-25 03:39:03,730 - 该预测文件已处理过 (标志文件: D:\my-vue-project\wind-power-forecast\backend\auto_scripts\scripts\supershort\logs\auto_predict\predict_20250325_00_15.flag)
2025-03-25 03:39:03,731 - ⏩ 跳过已处理的文件: 202503250015.csv
2025-03-25 03:39:03,731 - 该预测文件已处理过 (标志文件: D:\my-vue-project\wind-power-forecast\backend\auto_scripts\scripts\supershort\logs\auto_predict\predict_20250325_00_30.flag)
2025-03-25 03:39:03,731 - ⏩ 跳过已处理的文件: 202503250030.csv
2025-03-25 03:39:03,731 - 该预测文件已处理过 (标志文件: D:\my-vue-project\wind-power-forecast\backend\auto_scripts\scripts\supershort\logs\auto_predict\predict_20250325_00_45.flag)
2025-03-25 03:39:03,731 - ⏩ 跳过已处理的文件: 202503250045.csv
2025-03-25 03:39:03,731 - 该预测文件已处理过 (标志文件: D:\my-vue-project\wind-power-forecast\backend\auto_scripts\scripts\supershort\logs\auto_predict\predict_20250325_01_00.flag)
2025-03-25 03:39:03,731 - ⏩ 跳过已处理的文件: 202503250100.csv
2025-03-25 03:39:03,732 - 该预测文件已处理过 (标志文件: D:\my-vue-project\wind-power-forecast\backend\auto_scripts\scripts\supershort\logs\auto_predict\predict_20250325_01_15.flag)
2025-03-25 03:39:03,732 - ⏩ 跳过已处理的文件: 202503250115.csv
2025-03-25 03:39:03,732 - 该预测文件已处理过 (标志文件: D:\my-vue-project\wind-power-forecast\backend\auto_scripts\scripts\supershort\logs\auto_predict\predict_20250325_01_30.flag)
2025-03-25 03:39:03,732 - ⏩ 跳过已处理的文件: 202503250130.csv
2025-03-25 03:39:03,732 - 该预测文件已处理过 (标志文件: D:\my-vue-project\wind-power-forecast\backend\auto_scripts\scripts\supershort\logs\auto_predict\predict_20250325_01_45.flag)
2025-03-25 03:39:03,732 - ⏩ 跳过已处理的文件: 202503250145.csv
2025-03-25 03:39:03,732 - 该预测文件已处理过 (标志文件: D:\my-vue-project\wind-power-forecast\backend\auto_scripts\scripts\supershort\logs\auto_predict\predict_20250325_02_00.flag)
2025-03-25 03:39:03,732 - ⏩ 跳过已处理的文件: 202503250200.csv
2025-03-25 03:39:03,733 - 该预测文件已处理过 (标志文件: D:\my-vue-project\wind-power-forecast\backend\auto_scripts\scripts\supershort\logs\auto_predict\predict_20250325_02_15.flag)
2025-03-25 03:39:03,733 - ⏩ 跳过已处理的文件: 202503250215.csv
2025-03-25 03:39:03,733 - 该预测文件已处理过 (标志文件: D:\my-vue-project\wind-power-forecast\backend\auto_scripts\scripts\supershort\logs\auto_predict\predict_20250325_02_30.flag)
2025-03-25 03:39:03,733 - ⏩ 跳过已处理的文件: 202503250230.csv
2025-03-25 03:39:03,733 - 该预测文件已处理过 (标志文件: D:\my-vue-project\wind-power-forecast\backend\auto_scripts\scripts\supershort\logs\auto_predict\predict_20250325_02_45.flag)
2025-03-25 03:39:03,733 - ⏩ 跳过已处理的文件: 202503250245.csv
2025-03-25 03:39:03,733 - 该预测文件已处理过 (标志文件: D:\my-vue-project\wind-power-forecast\backend\auto_scripts\scripts\supershort\logs\auto_predict\predict_20250325_03_00.flag)
2025-03-25 03:39:03,733 - ⏩ 跳过已处理的文件: 202503250300.csv
2025-03-25 03:39:03,734 - 该预测文件已处理过 (标志文件: D:\my-vue-project\wind-power-forecast\backend\auto_scripts\scripts\supershort\logs\auto_predict\predict_20250325_03_15.flag)
2025-03-25 03:39:03,734 - ⏩ 跳过已处理的文件: 202503250315.csv
2025-03-25 03:39:03,734 - 该预测文件已处理过 (标志文件: D:\my-vue-project\wind-power-forecast\backend\auto_scripts\scripts\supershort\logs\auto_predict\predict_20250325_03_30.flag)
2025-03-25 03:39:03,734 - ⏩ 跳过已处理的文件: 202503250330.csv
2025-03-25 03:39:03,734 - 本次共处理了 15 个预测文件
2025-03-25 03:39:03,734 - 
================================================================================
2025-03-25 03:39:03,734 - >>> 预测任务结束 <<<
2025-03-25 03:39:03,734 - ================================================================================

2025-03-25 03:39:03,734 - 预测任务结束
2025-03-25 03:44:05,192 - 
================================================================================
2025-03-25 03:44:05,192 - >>> 自动预测系统启动 <<<
2025-03-25 03:44:05,192 - ================================================================================

2025-03-25 03:44:05,192 - 自动预测系统启动
2025-03-25 03:44:05,192 - 当前日期: 20250325, 时间: 03:44:05
2025-03-25 03:44:05,192 - 
================================================================================
2025-03-25 03:44:05,193 - >>> 开始执行预测 <<<
2025-03-25 03:44:05,193 - ================================================================================

2025-03-25 03:44:05,193 - 开始执行预测
2025-03-25 03:44:05,193 - 扫描预测数据文件目录: D:\my-vue-project\wind-power-forecast\backend\auto_scripts\precsv\supershortcsv\20250325
2025-03-25 03:44:05,193 - 检查模型目录: D:\my-vue-project\wind-power-forecast\backend\auto_scripts\models\supershortmodel\20250325
2025-03-25 03:44:05,193 - 发现best_models目录: D:\my-vue-project\wind-power-forecast\backend\auto_scripts\models\supershortmodel\20250325\best_models
2025-03-25 03:44:05,193 - 发现GBDT模型文件: D:\my-vue-project\wind-power-forecast\backend\auto_scripts\models\supershortmodel\20250325\best_models\GBDT.joblib
2025-03-25 03:44:05,193 - 找到 15 个CSV文件
2025-03-25 03:44:05,194 - 该预测文件已处理过 (标志文件: D:\my-vue-project\wind-power-forecast\backend\auto_scripts\scripts\supershort\logs\auto_predict\predict_20250325_00_00.flag)
2025-03-25 03:44:05,194 - ⏩ 跳过已处理的文件: 202503250000.csv
2025-03-25 03:44:05,194 - 该预测文件已处理过 (标志文件: D:\my-vue-project\wind-power-forecast\backend\auto_scripts\scripts\supershort\logs\auto_predict\predict_20250325_00_15.flag)
2025-03-25 03:44:05,194 - ⏩ 跳过已处理的文件: 202503250015.csv
2025-03-25 03:44:05,194 - 该预测文件已处理过 (标志文件: D:\my-vue-project\wind-power-forecast\backend\auto_scripts\scripts\supershort\logs\auto_predict\predict_20250325_00_30.flag)
2025-03-25 03:44:05,194 - ⏩ 跳过已处理的文件: 202503250030.csv
2025-03-25 03:44:05,194 - 该预测文件已处理过 (标志文件: D:\my-vue-project\wind-power-forecast\backend\auto_scripts\scripts\supershort\logs\auto_predict\predict_20250325_00_45.flag)
2025-03-25 03:44:05,194 - ⏩ 跳过已处理的文件: 202503250045.csv
2025-03-25 03:44:05,195 - 该预测文件已处理过 (标志文件: D:\my-vue-project\wind-power-forecast\backend\auto_scripts\scripts\supershort\logs\auto_predict\predict_20250325_01_00.flag)
2025-03-25 03:44:05,195 - ⏩ 跳过已处理的文件: 202503250100.csv
2025-03-25 03:44:05,195 - 该预测文件已处理过 (标志文件: D:\my-vue-project\wind-power-forecast\backend\auto_scripts\scripts\supershort\logs\auto_predict\predict_20250325_01_15.flag)
2025-03-25 03:44:05,195 - ⏩ 跳过已处理的文件: 202503250115.csv
2025-03-25 03:44:05,195 - 该预测文件已处理过 (标志文件: D:\my-vue-project\wind-power-forecast\backend\auto_scripts\scripts\supershort\logs\auto_predict\predict_20250325_01_30.flag)
2025-03-25 03:44:05,195 - ⏩ 跳过已处理的文件: 202503250130.csv
2025-03-25 03:44:05,195 - 该预测文件已处理过 (标志文件: D:\my-vue-project\wind-power-forecast\backend\auto_scripts\scripts\supershort\logs\auto_predict\predict_20250325_01_45.flag)
2025-03-25 03:44:05,195 - ⏩ 跳过已处理的文件: 202503250145.csv
2025-03-25 03:44:05,196 - 该预测文件已处理过 (标志文件: D:\my-vue-project\wind-power-forecast\backend\auto_scripts\scripts\supershort\logs\auto_predict\predict_20250325_02_00.flag)
2025-03-25 03:44:05,196 - ⏩ 跳过已处理的文件: 202503250200.csv
2025-03-25 03:44:05,196 - 该预测文件已处理过 (标志文件: D:\my-vue-project\wind-power-forecast\backend\auto_scripts\scripts\supershort\logs\auto_predict\predict_20250325_02_15.flag)
2025-03-25 03:44:05,196 - ⏩ 跳过已处理的文件: 202503250215.csv
2025-03-25 03:44:05,196 - 该预测文件已处理过 (标志文件: D:\my-vue-project\wind-power-forecast\backend\auto_scripts\scripts\supershort\logs\auto_predict\predict_20250325_02_30.flag)
2025-03-25 03:44:05,196 - ⏩ 跳过已处理的文件: 202503250230.csv
2025-03-25 03:44:05,196 - 该预测文件已处理过 (标志文件: D:\my-vue-project\wind-power-forecast\backend\auto_scripts\scripts\supershort\logs\auto_predict\predict_20250325_02_45.flag)
2025-03-25 03:44:05,196 - ⏩ 跳过已处理的文件: 202503250245.csv
2025-03-25 03:44:05,197 - 该预测文件已处理过 (标志文件: D:\my-vue-project\wind-power-forecast\backend\auto_scripts\scripts\supershort\logs\auto_predict\predict_20250325_03_00.flag)
2025-03-25 03:44:05,197 - ⏩ 跳过已处理的文件: 202503250300.csv
2025-03-25 03:44:05,197 - 该预测文件已处理过 (标志文件: D:\my-vue-project\wind-power-forecast\backend\auto_scripts\scripts\supershort\logs\auto_predict\predict_20250325_03_15.flag)
2025-03-25 03:44:05,197 - ⏩ 跳过已处理的文件: 202503250315.csv
2025-03-25 03:44:05,197 - 该预测文件已处理过 (标志文件: D:\my-vue-project\wind-power-forecast\backend\auto_scripts\scripts\supershort\logs\auto_predict\predict_20250325_03_30.flag)
2025-03-25 03:44:05,197 - ⏩ 跳过已处理的文件: 202503250330.csv
2025-03-25 03:44:05,197 - 本次共处理了 15 个预测文件
2025-03-25 03:44:05,197 - 
================================================================================
2025-03-25 03:44:05,197 - >>> 预测任务结束 <<<
2025-03-25 03:44:05,197 - ================================================================================

2025-03-25 03:44:05,197 - 预测任务结束
2025-03-25 03:49:06,712 - 
================================================================================
2025-03-25 03:49:06,712 - >>> 自动预测系统启动 <<<
2025-03-25 03:49:06,712 - ================================================================================

2025-03-25 03:49:06,712 - 自动预测系统启动
2025-03-25 03:49:06,713 - 当前日期: 20250325, 时间: 03:49:06
2025-03-25 03:49:06,713 - 
================================================================================
2025-03-25 03:49:06,713 - >>> 开始执行预测 <<<
2025-03-25 03:49:06,713 - ================================================================================

2025-03-25 03:49:06,713 - 开始执行预测
2025-03-25 03:49:06,713 - 扫描预测数据文件目录: D:\my-vue-project\wind-power-forecast\backend\auto_scripts\precsv\supershortcsv\20250325
2025-03-25 03:49:06,713 - 检查模型目录: D:\my-vue-project\wind-power-forecast\backend\auto_scripts\models\supershortmodel\20250325
2025-03-25 03:49:06,713 - 发现best_models目录: D:\my-vue-project\wind-power-forecast\backend\auto_scripts\models\supershortmodel\20250325\best_models
2025-03-25 03:49:06,713 - 发现GBDT模型文件: D:\my-vue-project\wind-power-forecast\backend\auto_scripts\models\supershortmodel\20250325\best_models\GBDT.joblib
2025-03-25 03:49:06,713 - 找到 16 个CSV文件
2025-03-25 03:49:06,714 - 该预测文件已处理过 (标志文件: D:\my-vue-project\wind-power-forecast\backend\auto_scripts\scripts\supershort\logs\auto_predict\predict_20250325_00_00.flag)
2025-03-25 03:49:06,714 - ⏩ 跳过已处理的文件: 202503250000.csv
2025-03-25 03:49:06,714 - 该预测文件已处理过 (标志文件: D:\my-vue-project\wind-power-forecast\backend\auto_scripts\scripts\supershort\logs\auto_predict\predict_20250325_00_15.flag)
2025-03-25 03:49:06,714 - ⏩ 跳过已处理的文件: 202503250015.csv
2025-03-25 03:49:06,714 - 该预测文件已处理过 (标志文件: D:\my-vue-project\wind-power-forecast\backend\auto_scripts\scripts\supershort\logs\auto_predict\predict_20250325_00_30.flag)
2025-03-25 03:49:06,714 - ⏩ 跳过已处理的文件: 202503250030.csv
2025-03-25 03:49:06,714 - 该预测文件已处理过 (标志文件: D:\my-vue-project\wind-power-forecast\backend\auto_scripts\scripts\supershort\logs\auto_predict\predict_20250325_00_45.flag)
2025-03-25 03:49:06,714 - ⏩ 跳过已处理的文件: 202503250045.csv
2025-03-25 03:49:06,715 - 该预测文件已处理过 (标志文件: D:\my-vue-project\wind-power-forecast\backend\auto_scripts\scripts\supershort\logs\auto_predict\predict_20250325_01_00.flag)
2025-03-25 03:49:06,715 - ⏩ 跳过已处理的文件: 202503250100.csv
2025-03-25 03:49:06,715 - 该预测文件已处理过 (标志文件: D:\my-vue-project\wind-power-forecast\backend\auto_scripts\scripts\supershort\logs\auto_predict\predict_20250325_01_15.flag)
2025-03-25 03:49:06,715 - ⏩ 跳过已处理的文件: 202503250115.csv
2025-03-25 03:49:06,715 - 该预测文件已处理过 (标志文件: D:\my-vue-project\wind-power-forecast\backend\auto_scripts\scripts\supershort\logs\auto_predict\predict_20250325_01_30.flag)
2025-03-25 03:49:06,715 - ⏩ 跳过已处理的文件: 202503250130.csv
2025-03-25 03:49:06,715 - 该预测文件已处理过 (标志文件: D:\my-vue-project\wind-power-forecast\backend\auto_scripts\scripts\supershort\logs\auto_predict\predict_20250325_01_45.flag)
2025-03-25 03:49:06,715 - ⏩ 跳过已处理的文件: 202503250145.csv
2025-03-25 03:49:06,716 - 该预测文件已处理过 (标志文件: D:\my-vue-project\wind-power-forecast\backend\auto_scripts\scripts\supershort\logs\auto_predict\predict_20250325_02_00.flag)
2025-03-25 03:49:06,716 - ⏩ 跳过已处理的文件: 202503250200.csv
2025-03-25 03:49:06,716 - 该预测文件已处理过 (标志文件: D:\my-vue-project\wind-power-forecast\backend\auto_scripts\scripts\supershort\logs\auto_predict\predict_20250325_02_15.flag)
2025-03-25 03:49:06,716 - ⏩ 跳过已处理的文件: 202503250215.csv
2025-03-25 03:49:06,716 - 该预测文件已处理过 (标志文件: D:\my-vue-project\wind-power-forecast\backend\auto_scripts\scripts\supershort\logs\auto_predict\predict_20250325_02_30.flag)
2025-03-25 03:49:06,716 - ⏩ 跳过已处理的文件: 202503250230.csv
2025-03-25 03:49:06,716 - 该预测文件已处理过 (标志文件: D:\my-vue-project\wind-power-forecast\backend\auto_scripts\scripts\supershort\logs\auto_predict\predict_20250325_02_45.flag)
2025-03-25 03:49:06,716 - ⏩ 跳过已处理的文件: 202503250245.csv
2025-03-25 03:49:06,717 - 该预测文件已处理过 (标志文件: D:\my-vue-project\wind-power-forecast\backend\auto_scripts\scripts\supershort\logs\auto_predict\predict_20250325_03_00.flag)
2025-03-25 03:49:06,717 - ⏩ 跳过已处理的文件: 202503250300.csv
2025-03-25 03:49:06,717 - 该预测文件已处理过 (标志文件: D:\my-vue-project\wind-power-forecast\backend\auto_scripts\scripts\supershort\logs\auto_predict\predict_20250325_03_15.flag)
2025-03-25 03:49:06,717 - ⏩ 跳过已处理的文件: 202503250315.csv
2025-03-25 03:49:06,717 - 该预测文件已处理过 (标志文件: D:\my-vue-project\wind-power-forecast\backend\auto_scripts\scripts\supershort\logs\auto_predict\predict_20250325_03_30.flag)
2025-03-25 03:49:06,717 - ⏩ 跳过已处理的文件: 202503250330.csv
2025-03-25 03:49:06,717 - ✅ 处理预测文件: D:\my-vue-project\wind-power-forecast\backend\auto_scripts\precsv\supershortcsv\20250325\202503250345.csv
2025-03-25 03:49:06,717 - 
============================================================
【风电功率预测开始】
============================================================
2025-03-25 03:49:06,718 - 配置信息:
2025-03-25 03:49:06,718 -   - 数据文件: D:\my-vue-project\wind-power-forecast\backend\auto_scripts\precsv\supershortcsv\20250325\202503250345.csv
2025-03-25 03:49:06,718 -   - 模型目录: D:\my-vue-project\wind-power-forecast\backend\auto_scripts\models\supershortmodel\20250325
2025-03-25 03:49:06,718 -   - 窗口大小: 16
2025-03-25 03:49:06,718 -   - 滞后特征数: 4
2025-03-25 03:49:06,718 - 
============================================================
【预处理新数据】
============================================================
2025-03-25 03:49:06,718 - 加载数据文件: D:\my-vue-project\wind-power-forecast\backend\auto_scripts\precsv\supershortcsv\20250325\202503250345.csv
2025-03-25 03:49:06,723 - 数据加载完成，去除缺失值后共 29 条记录
2025-03-25 03:49:06,763 - 数据前5行预览:
        Timestamp    129.128_1    129.128_2  ...  ws200_13  ws200_14  ws200_15
0  2024/3/11 0:00  15974.26563  16293.82813  ...  4.542173  1.324043  0.865087
1  2024/3/11 0:15  15974.26563  16293.82813  ...  3.899081  0.880606  1.273859
2  2024/3/11 0:30  15974.26563  16293.82813  ...  3.273753  0.778394  1.710350
3  2024/3/11 0:45  15974.26563  16293.82813  ...  2.678660  1.115517  2.157803
4  2024/3/11 1:00  15974.26563  16293.82813  ...  2.139185  1.640399  2.610587

[5 rows x 301 columns]
2025-03-25 03:49:06,763 - 预处理数据...
2025-03-25 03:49:06,766 - 预处理完成，特征维度: (29, 304)
2025-03-25 03:49:06,766 - 执行特征工程，滞后特征数: 4...
2025-03-25 03:49:06,797 - 特征工程完成，特征维度: (26, 859)
2025-03-25 03:49:06,797 - 新数据预处理完成，共 26 个样本
2025-03-25 03:49:06,797 - ✅ 发现最佳模型目录: D:\my-vue-project\wind-power-forecast\backend\auto_scripts\models\supershortmodel\20250325\best_models，尝试使用多模型加权预测
2025-03-25 03:49:06,797 - 
============================================================
【加载多个模型】
============================================================
2025-03-25 03:49:06,797 - 从目录加载模型和 scaler: D:\my-vue-project\wind-power-forecast\backend\auto_scripts\models\supershortmodel\20250325\best_models
2025-03-25 03:49:06,797 - 加载 GBDT 模型和 scaler...
2025-03-25 03:49:06,894 - ✅ 已成功加载 GBDT 模型和对应的 scaler
2025-03-25 03:49:06,894 - 加载 DART 模型和 scaler...
2025-03-25 03:49:06,901 - ✅ 已成功加载 DART 模型和对应的 scaler
2025-03-25 03:49:06,902 - 加载 GOSS 模型和 scaler...
2025-03-25 03:49:06,907 - ✅ 已成功加载 GOSS 模型和对应的 scaler
2025-03-25 03:49:06,907 - 加载完成，共加载了 3 个模型: GBDT, DART, GOSS
2025-03-25 03:49:06,907 - 尝试加载模型权重文件: D:\my-vue-project\wind-power-forecast\backend\auto_scripts\models\supershortmodel\20250325\model_weights.joblib
2025-03-25 03:49:06,907 - ✅ 已加载模型权重: {'GBDT': np.float64(0.0), 'DART': np.float64(0.0), 'GOSS': np.float64(0.9413418792089218), 'INTERCEPT': np.float64(-0.0258769107539365)}
2025-03-25 03:49:06,907 - 
============================================================
【使用多模型加权预测】
============================================================
2025-03-25 03:49:06,907 - 使用自定义权重: {'GBDT': np.float64(0.0), 'DART': np.float64(0.0), 'GOSS': np.float64(0.9413418792089218), 'INTERCEPT': np.float64(-0.0258769107539365)}
2025-03-25 03:49:06,907 - ❌ GBDT 模型权重为0，跳过
2025-03-25 03:49:06,907 - ❌ DART 模型权重为0，跳过
2025-03-25 03:49:06,907 - 使用 GOSS 模型进行预测 (权重: 0.9413)...
2025-03-25 03:49:06,910 - GOSS: 数据标准化完成
2025-03-25 03:49:06,910 - GOSS: 时间窗口创建完成，窗口数量: 11
2025-03-25 03:49:06,955 - ✅ GOSS 模型预测完成，生成了 11 个预测值
2025-03-25 03:49:06,955 -    统计: 最小值=118.97, 最大值=177.46, 平均值=157.97
2025-03-25 03:49:06,955 - 所有预测结果对齐到最小长度: 11
2025-03-25 03:49:06,956 - 开始计算加权平均预测结果...
2025-03-25 03:49:06,956 -   加入 GOSS 模型贡献 (权重: 0.9413)
2025-03-25 03:49:06,956 -   加入常数偏置项 (值: -0.0259)
2025-03-25 03:49:06,956 - 加权平均预测完成，生成了 11 个预测值
2025-03-25 03:49:06,956 - 加权预测结果统计: 最小值=111.96, 最大值=167.03, 平均值=148.67
2025-03-25 03:49:06,956 - ✅ 多模型加权预测完成，使用模型: GBDT, DART, GOSS
2025-03-25 03:49:06,957 - 预测结果数据框创建完成，共 11 行
2025-03-25 03:49:06,958 - ✅ 预测结果已保存到文件: D:\my-vue-project\wind-power-forecast\backend\auto_scripts\results\supershortresult\20250325\prediction_202503250345.csv
2025-03-25 03:49:06,958 - 尝试将预测结果导入数据库...
2025-03-25 03:49:06,958 - 发送HTTP请求到: http://localhost:5000/prediction2database/batch_supershortl_power
2025-03-25 03:49:09,047 - ✅ 数据已成功导入数据库
2025-03-25 03:49:09,047 -    总记录数: 11, 更新: 11, 插入: 0
2025-03-25 03:49:09,047 - 
============================================================
【风电功率预测完成】
============================================================
2025-03-25 03:49:09,047 - 风电功率预测完成
2025-03-25 03:49:09,050 - ✅ 202503250345.csv 预测执行完成
2025-03-25 03:49:09,052 - 已创建预测标志文件: D:\my-vue-project\wind-power-forecast\backend\auto_scripts\scripts\supershort\logs\auto_predict\predict_20250325_03_45.flag
2025-03-25 03:49:09,052 - 本次共处理了 16 个预测文件
2025-03-25 03:49:09,052 - 
================================================================================
2025-03-25 03:49:09,052 - >>> 预测任务结束 <<<
2025-03-25 03:49:09,052 - ================================================================================

2025-03-25 03:49:09,052 - 预测任务结束
2025-03-25 03:54:10,521 - 
================================================================================
2025-03-25 03:54:10,521 - >>> 自动预测系统启动 <<<
2025-03-25 03:54:10,521 - ================================================================================

2025-03-25 03:54:10,521 - 自动预测系统启动
2025-03-25 03:54:10,521 - 当前日期: 20250325, 时间: 03:54:10
2025-03-25 03:54:10,521 - 
================================================================================
2025-03-25 03:54:10,522 - >>> 开始执行预测 <<<
2025-03-25 03:54:10,522 - ================================================================================

2025-03-25 03:54:10,522 - 开始执行预测
2025-03-25 03:54:10,522 - 扫描预测数据文件目录: D:\my-vue-project\wind-power-forecast\backend\auto_scripts\precsv\supershortcsv\20250325
2025-03-25 03:54:10,522 - 检查模型目录: D:\my-vue-project\wind-power-forecast\backend\auto_scripts\models\supershortmodel\20250325
2025-03-25 03:54:10,522 - 发现best_models目录: D:\my-vue-project\wind-power-forecast\backend\auto_scripts\models\supershortmodel\20250325\best_models
2025-03-25 03:54:10,522 - 发现GBDT模型文件: D:\my-vue-project\wind-power-forecast\backend\auto_scripts\models\supershortmodel\20250325\best_models\GBDT.joblib
2025-03-25 03:54:10,522 - 找到 16 个CSV文件
2025-03-25 03:54:10,523 - 该预测文件已处理过 (标志文件: D:\my-vue-project\wind-power-forecast\backend\auto_scripts\scripts\supershort\logs\auto_predict\predict_20250325_00_00.flag)
2025-03-25 03:54:10,523 - ⏩ 跳过已处理的文件: 202503250000.csv
2025-03-25 03:54:10,523 - 该预测文件已处理过 (标志文件: D:\my-vue-project\wind-power-forecast\backend\auto_scripts\scripts\supershort\logs\auto_predict\predict_20250325_00_15.flag)
2025-03-25 03:54:10,523 - ⏩ 跳过已处理的文件: 202503250015.csv
2025-03-25 03:54:10,523 - 该预测文件已处理过 (标志文件: D:\my-vue-project\wind-power-forecast\backend\auto_scripts\scripts\supershort\logs\auto_predict\predict_20250325_00_30.flag)
2025-03-25 03:54:10,523 - ⏩ 跳过已处理的文件: 202503250030.csv
2025-03-25 03:54:10,523 - 该预测文件已处理过 (标志文件: D:\my-vue-project\wind-power-forecast\backend\auto_scripts\scripts\supershort\logs\auto_predict\predict_20250325_00_45.flag)
2025-03-25 03:54:10,523 - ⏩ 跳过已处理的文件: 202503250045.csv
2025-03-25 03:54:10,524 - 该预测文件已处理过 (标志文件: D:\my-vue-project\wind-power-forecast\backend\auto_scripts\scripts\supershort\logs\auto_predict\predict_20250325_01_00.flag)
2025-03-25 03:54:10,524 - ⏩ 跳过已处理的文件: 202503250100.csv
2025-03-25 03:54:10,524 - 该预测文件已处理过 (标志文件: D:\my-vue-project\wind-power-forecast\backend\auto_scripts\scripts\supershort\logs\auto_predict\predict_20250325_01_15.flag)
2025-03-25 03:54:10,524 - ⏩ 跳过已处理的文件: 202503250115.csv
2025-03-25 03:54:10,524 - 该预测文件已处理过 (标志文件: D:\my-vue-project\wind-power-forecast\backend\auto_scripts\scripts\supershort\logs\auto_predict\predict_20250325_01_30.flag)
2025-03-25 03:54:10,524 - ⏩ 跳过已处理的文件: 202503250130.csv
2025-03-25 03:54:10,524 - 该预测文件已处理过 (标志文件: D:\my-vue-project\wind-power-forecast\backend\auto_scripts\scripts\supershort\logs\auto_predict\predict_20250325_01_45.flag)
2025-03-25 03:54:10,524 - ⏩ 跳过已处理的文件: 202503250145.csv
2025-03-25 03:54:10,525 - 该预测文件已处理过 (标志文件: D:\my-vue-project\wind-power-forecast\backend\auto_scripts\scripts\supershort\logs\auto_predict\predict_20250325_02_00.flag)
2025-03-25 03:54:10,525 - ⏩ 跳过已处理的文件: 202503250200.csv
2025-03-25 03:54:10,525 - 该预测文件已处理过 (标志文件: D:\my-vue-project\wind-power-forecast\backend\auto_scripts\scripts\supershort\logs\auto_predict\predict_20250325_02_15.flag)
2025-03-25 03:54:10,525 - ⏩ 跳过已处理的文件: 202503250215.csv
2025-03-25 03:54:10,525 - 该预测文件已处理过 (标志文件: D:\my-vue-project\wind-power-forecast\backend\auto_scripts\scripts\supershort\logs\auto_predict\predict_20250325_02_30.flag)
2025-03-25 03:54:10,525 - ⏩ 跳过已处理的文件: 202503250230.csv
2025-03-25 03:54:10,525 - 该预测文件已处理过 (标志文件: D:\my-vue-project\wind-power-forecast\backend\auto_scripts\scripts\supershort\logs\auto_predict\predict_20250325_02_45.flag)
2025-03-25 03:54:10,526 - ⏩ 跳过已处理的文件: 202503250245.csv
2025-03-25 03:54:10,526 - 该预测文件已处理过 (标志文件: D:\my-vue-project\wind-power-forecast\backend\auto_scripts\scripts\supershort\logs\auto_predict\predict_20250325_03_00.flag)
2025-03-25 03:54:10,526 - ⏩ 跳过已处理的文件: 202503250300.csv
2025-03-25 03:54:10,526 - 该预测文件已处理过 (标志文件: D:\my-vue-project\wind-power-forecast\backend\auto_scripts\scripts\supershort\logs\auto_predict\predict_20250325_03_15.flag)
2025-03-25 03:54:10,526 - ⏩ 跳过已处理的文件: 202503250315.csv
2025-03-25 03:54:10,526 - 该预测文件已处理过 (标志文件: D:\my-vue-project\wind-power-forecast\backend\auto_scripts\scripts\supershort\logs\auto_predict\predict_20250325_03_30.flag)
2025-03-25 03:54:10,526 - ⏩ 跳过已处理的文件: 202503250330.csv
2025-03-25 03:54:10,526 - 该预测文件已处理过 (标志文件: D:\my-vue-project\wind-power-forecast\backend\auto_scripts\scripts\supershort\logs\auto_predict\predict_20250325_03_45.flag)
2025-03-25 03:54:10,527 - ⏩ 跳过已处理的文件: 202503250345.csv
2025-03-25 03:54:10,527 - 本次共处理了 16 个预测文件
2025-03-25 03:54:10,527 - 
================================================================================
2025-03-25 03:54:10,527 - >>> 预测任务结束 <<<
2025-03-25 03:54:10,527 - ================================================================================

2025-03-25 03:54:10,527 - 预测任务结束
2025-03-25 03:59:11,958 - 
================================================================================
2025-03-25 03:59:11,958 - >>> 自动预测系统启动 <<<
2025-03-25 03:59:11,958 - ================================================================================

2025-03-25 03:59:11,958 - 自动预测系统启动
2025-03-25 03:59:11,958 - 当前日期: 20250325, 时间: 03:59:11
2025-03-25 03:59:11,958 - 
================================================================================
2025-03-25 03:59:11,958 - >>> 开始执行预测 <<<
2025-03-25 03:59:11,958 - ================================================================================

2025-03-25 03:59:11,958 - 开始执行预测
2025-03-25 03:59:11,958 - 扫描预测数据文件目录: D:\my-vue-project\wind-power-forecast\backend\auto_scripts\precsv\supershortcsv\20250325
2025-03-25 03:59:11,958 - 检查模型目录: D:\my-vue-project\wind-power-forecast\backend\auto_scripts\models\supershortmodel\20250325
2025-03-25 03:59:11,959 - 发现best_models目录: D:\my-vue-project\wind-power-forecast\backend\auto_scripts\models\supershortmodel\20250325\best_models
2025-03-25 03:59:11,959 - 发现GBDT模型文件: D:\my-vue-project\wind-power-forecast\backend\auto_scripts\models\supershortmodel\20250325\best_models\GBDT.joblib
2025-03-25 03:59:11,959 - 找到 16 个CSV文件
2025-03-25 03:59:11,959 - 该预测文件已处理过 (标志文件: D:\my-vue-project\wind-power-forecast\backend\auto_scripts\scripts\supershort\logs\auto_predict\predict_20250325_00_00.flag)
2025-03-25 03:59:11,959 - ⏩ 跳过已处理的文件: 202503250000.csv
2025-03-25 03:59:11,959 - 该预测文件已处理过 (标志文件: D:\my-vue-project\wind-power-forecast\backend\auto_scripts\scripts\supershort\logs\auto_predict\predict_20250325_00_15.flag)
2025-03-25 03:59:11,959 - ⏩ 跳过已处理的文件: 202503250015.csv
2025-03-25 03:59:11,960 - 该预测文件已处理过 (标志文件: D:\my-vue-project\wind-power-forecast\backend\auto_scripts\scripts\supershort\logs\auto_predict\predict_20250325_00_30.flag)
2025-03-25 03:59:11,960 - ⏩ 跳过已处理的文件: 202503250030.csv
2025-03-25 03:59:11,960 - 该预测文件已处理过 (标志文件: D:\my-vue-project\wind-power-forecast\backend\auto_scripts\scripts\supershort\logs\auto_predict\predict_20250325_00_45.flag)
2025-03-25 03:59:11,960 - ⏩ 跳过已处理的文件: 202503250045.csv
2025-03-25 03:59:11,960 - 该预测文件已处理过 (标志文件: D:\my-vue-project\wind-power-forecast\backend\auto_scripts\scripts\supershort\logs\auto_predict\predict_20250325_01_00.flag)
2025-03-25 03:59:11,960 - ⏩ 跳过已处理的文件: 202503250100.csv
2025-03-25 03:59:11,960 - 该预测文件已处理过 (标志文件: D:\my-vue-project\wind-power-forecast\backend\auto_scripts\scripts\supershort\logs\auto_predict\predict_20250325_01_15.flag)
2025-03-25 03:59:11,960 - ⏩ 跳过已处理的文件: 202503250115.csv
2025-03-25 03:59:11,961 - 该预测文件已处理过 (标志文件: D:\my-vue-project\wind-power-forecast\backend\auto_scripts\scripts\supershort\logs\auto_predict\predict_20250325_01_30.flag)
2025-03-25 03:59:11,961 - ⏩ 跳过已处理的文件: 202503250130.csv
2025-03-25 03:59:11,961 - 该预测文件已处理过 (标志文件: D:\my-vue-project\wind-power-forecast\backend\auto_scripts\scripts\supershort\logs\auto_predict\predict_20250325_01_45.flag)
2025-03-25 03:59:11,961 - ⏩ 跳过已处理的文件: 202503250145.csv
2025-03-25 03:59:11,961 - 该预测文件已处理过 (标志文件: D:\my-vue-project\wind-power-forecast\backend\auto_scripts\scripts\supershort\logs\auto_predict\predict_20250325_02_00.flag)
2025-03-25 03:59:11,961 - ⏩ 跳过已处理的文件: 202503250200.csv
2025-03-25 03:59:11,961 - 该预测文件已处理过 (标志文件: D:\my-vue-project\wind-power-forecast\backend\auto_scripts\scripts\supershort\logs\auto_predict\predict_20250325_02_15.flag)
2025-03-25 03:59:11,961 - ⏩ 跳过已处理的文件: 202503250215.csv
2025-03-25 03:59:11,962 - 该预测文件已处理过 (标志文件: D:\my-vue-project\wind-power-forecast\backend\auto_scripts\scripts\supershort\logs\auto_predict\predict_20250325_02_30.flag)
2025-03-25 03:59:11,962 - ⏩ 跳过已处理的文件: 202503250230.csv
2025-03-25 03:59:11,962 - 该预测文件已处理过 (标志文件: D:\my-vue-project\wind-power-forecast\backend\auto_scripts\scripts\supershort\logs\auto_predict\predict_20250325_02_45.flag)
2025-03-25 03:59:11,962 - ⏩ 跳过已处理的文件: 202503250245.csv
2025-03-25 03:59:11,962 - 该预测文件已处理过 (标志文件: D:\my-vue-project\wind-power-forecast\backend\auto_scripts\scripts\supershort\logs\auto_predict\predict_20250325_03_00.flag)
2025-03-25 03:59:11,962 - ⏩ 跳过已处理的文件: 202503250300.csv
2025-03-25 03:59:11,962 - 该预测文件已处理过 (标志文件: D:\my-vue-project\wind-power-forecast\backend\auto_scripts\scripts\supershort\logs\auto_predict\predict_20250325_03_15.flag)
2025-03-25 03:59:11,962 - ⏩ 跳过已处理的文件: 202503250315.csv
2025-03-25 03:59:11,962 - 该预测文件已处理过 (标志文件: D:\my-vue-project\wind-power-forecast\backend\auto_scripts\scripts\supershort\logs\auto_predict\predict_20250325_03_30.flag)
2025-03-25 03:59:11,963 - ⏩ 跳过已处理的文件: 202503250330.csv
2025-03-25 03:59:11,963 - 该预测文件已处理过 (标志文件: D:\my-vue-project\wind-power-forecast\backend\auto_scripts\scripts\supershort\logs\auto_predict\predict_20250325_03_45.flag)
2025-03-25 03:59:11,963 - ⏩ 跳过已处理的文件: 202503250345.csv
2025-03-25 03:59:11,963 - 本次共处理了 16 个预测文件
2025-03-25 03:59:11,963 - 
================================================================================
2025-03-25 03:59:11,963 - >>> 预测任务结束 <<<
2025-03-25 03:59:11,963 - ================================================================================

2025-03-25 03:59:11,963 - 预测任务结束
2025-03-25 04:04:13,345 - 
================================================================================
2025-03-25 04:04:13,345 - >>> 自动预测系统启动 <<<
2025-03-25 04:04:13,345 - ================================================================================

2025-03-25 04:04:13,345 - 自动预测系统启动
2025-03-25 04:04:13,345 - 当前日期: 20250325, 时间: 04:04:13
2025-03-25 04:04:13,346 - 
================================================================================
2025-03-25 04:04:13,346 - >>> 开始执行预测 <<<
2025-03-25 04:04:13,346 - ================================================================================

2025-03-25 04:04:13,346 - 开始执行预测
2025-03-25 04:04:13,346 - 扫描预测数据文件目录: D:\my-vue-project\wind-power-forecast\backend\auto_scripts\precsv\supershortcsv\20250325
2025-03-25 04:04:13,346 - 检查模型目录: D:\my-vue-project\wind-power-forecast\backend\auto_scripts\models\supershortmodel\20250325
2025-03-25 04:04:13,346 - 发现best_models目录: D:\my-vue-project\wind-power-forecast\backend\auto_scripts\models\supershortmodel\20250325\best_models
2025-03-25 04:04:13,346 - 发现GBDT模型文件: D:\my-vue-project\wind-power-forecast\backend\auto_scripts\models\supershortmodel\20250325\best_models\GBDT.joblib
2025-03-25 04:04:13,346 - 找到 17 个CSV文件
2025-03-25 04:04:13,347 - 该预测文件已处理过 (标志文件: D:\my-vue-project\wind-power-forecast\backend\auto_scripts\scripts\supershort\logs\auto_predict\predict_20250325_00_00.flag)
2025-03-25 04:04:13,347 - ⏩ 跳过已处理的文件: 202503250000.csv
2025-03-25 04:04:13,347 - 该预测文件已处理过 (标志文件: D:\my-vue-project\wind-power-forecast\backend\auto_scripts\scripts\supershort\logs\auto_predict\predict_20250325_00_15.flag)
2025-03-25 04:04:13,347 - ⏩ 跳过已处理的文件: 202503250015.csv
2025-03-25 04:04:13,347 - 该预测文件已处理过 (标志文件: D:\my-vue-project\wind-power-forecast\backend\auto_scripts\scripts\supershort\logs\auto_predict\predict_20250325_00_30.flag)
2025-03-25 04:04:13,347 - ⏩ 跳过已处理的文件: 202503250030.csv
2025-03-25 04:04:13,347 - 该预测文件已处理过 (标志文件: D:\my-vue-project\wind-power-forecast\backend\auto_scripts\scripts\supershort\logs\auto_predict\predict_20250325_00_45.flag)
2025-03-25 04:04:13,347 - ⏩ 跳过已处理的文件: 202503250045.csv
2025-03-25 04:04:13,348 - 该预测文件已处理过 (标志文件: D:\my-vue-project\wind-power-forecast\backend\auto_scripts\scripts\supershort\logs\auto_predict\predict_20250325_01_00.flag)
2025-03-25 04:04:13,348 - ⏩ 跳过已处理的文件: 202503250100.csv
2025-03-25 04:04:13,348 - 该预测文件已处理过 (标志文件: D:\my-vue-project\wind-power-forecast\backend\auto_scripts\scripts\supershort\logs\auto_predict\predict_20250325_01_15.flag)
2025-03-25 04:04:13,348 - ⏩ 跳过已处理的文件: 202503250115.csv
2025-03-25 04:04:13,348 - 该预测文件已处理过 (标志文件: D:\my-vue-project\wind-power-forecast\backend\auto_scripts\scripts\supershort\logs\auto_predict\predict_20250325_01_30.flag)
2025-03-25 04:04:13,348 - ⏩ 跳过已处理的文件: 202503250130.csv
2025-03-25 04:04:13,348 - 该预测文件已处理过 (标志文件: D:\my-vue-project\wind-power-forecast\backend\auto_scripts\scripts\supershort\logs\auto_predict\predict_20250325_01_45.flag)
2025-03-25 04:04:13,348 - ⏩ 跳过已处理的文件: 202503250145.csv
2025-03-25 04:04:13,349 - 该预测文件已处理过 (标志文件: D:\my-vue-project\wind-power-forecast\backend\auto_scripts\scripts\supershort\logs\auto_predict\predict_20250325_02_00.flag)
2025-03-25 04:04:13,349 - ⏩ 跳过已处理的文件: 202503250200.csv
2025-03-25 04:04:13,349 - 该预测文件已处理过 (标志文件: D:\my-vue-project\wind-power-forecast\backend\auto_scripts\scripts\supershort\logs\auto_predict\predict_20250325_02_15.flag)
2025-03-25 04:04:13,349 - ⏩ 跳过已处理的文件: 202503250215.csv
2025-03-25 04:04:13,349 - 该预测文件已处理过 (标志文件: D:\my-vue-project\wind-power-forecast\backend\auto_scripts\scripts\supershort\logs\auto_predict\predict_20250325_02_30.flag)
2025-03-25 04:04:13,349 - ⏩ 跳过已处理的文件: 202503250230.csv
2025-03-25 04:04:13,349 - 该预测文件已处理过 (标志文件: D:\my-vue-project\wind-power-forecast\backend\auto_scripts\scripts\supershort\logs\auto_predict\predict_20250325_02_45.flag)
2025-03-25 04:04:13,350 - ⏩ 跳过已处理的文件: 202503250245.csv
2025-03-25 04:04:13,350 - 该预测文件已处理过 (标志文件: D:\my-vue-project\wind-power-forecast\backend\auto_scripts\scripts\supershort\logs\auto_predict\predict_20250325_03_00.flag)
2025-03-25 04:04:13,350 - ⏩ 跳过已处理的文件: 202503250300.csv
2025-03-25 04:04:13,350 - 该预测文件已处理过 (标志文件: D:\my-vue-project\wind-power-forecast\backend\auto_scripts\scripts\supershort\logs\auto_predict\predict_20250325_03_15.flag)
2025-03-25 04:04:13,350 - ⏩ 跳过已处理的文件: 202503250315.csv
2025-03-25 04:04:13,350 - 该预测文件已处理过 (标志文件: D:\my-vue-project\wind-power-forecast\backend\auto_scripts\scripts\supershort\logs\auto_predict\predict_20250325_03_30.flag)
2025-03-25 04:04:13,350 - ⏩ 跳过已处理的文件: 202503250330.csv
2025-03-25 04:04:13,350 - 该预测文件已处理过 (标志文件: D:\my-vue-project\wind-power-forecast\backend\auto_scripts\scripts\supershort\logs\auto_predict\predict_20250325_03_45.flag)
2025-03-25 04:04:13,351 - ⏩ 跳过已处理的文件: 202503250345.csv
2025-03-25 04:04:13,351 - ✅ 处理预测文件: D:\my-vue-project\wind-power-forecast\backend\auto_scripts\precsv\supershortcsv\20250325\202503250400.csv
2025-03-25 04:04:13,351 - 
============================================================
【风电功率预测开始】
============================================================
2025-03-25 04:04:13,351 - 配置信息:
2025-03-25 04:04:13,351 -   - 数据文件: D:\my-vue-project\wind-power-forecast\backend\auto_scripts\precsv\supershortcsv\20250325\202503250400.csv
2025-03-25 04:04:13,351 -   - 模型目录: D:\my-vue-project\wind-power-forecast\backend\auto_scripts\models\supershortmodel\20250325
2025-03-25 04:04:13,351 -   - 窗口大小: 16
2025-03-25 04:04:13,351 -   - 滞后特征数: 4
2025-03-25 04:04:13,351 - 
============================================================
【预处理新数据】
============================================================
2025-03-25 04:04:13,351 - 加载数据文件: D:\my-vue-project\wind-power-forecast\backend\auto_scripts\precsv\supershortcsv\20250325\202503250400.csv
2025-03-25 04:04:13,356 - 数据加载完成，去除缺失值后共 29 条记录
2025-03-25 04:04:13,397 - 数据前5行预览:
        Timestamp    129.128_1    129.128_2  ...  ws200_13  ws200_14  ws200_15
0  2024/3/11 0:00  15974.26563  16293.82813  ...  4.542173  1.324043  0.865087
1  2024/3/11 0:15  15974.26563  16293.82813  ...  3.899081  0.880606  1.273859
2  2024/3/11 0:30  15974.26563  16293.82813  ...  3.273753  0.778394  1.710350
3  2024/3/11 0:45  15974.26563  16293.82813  ...  2.678660  1.115517  2.157803
4  2024/3/11 1:00  15974.26563  16293.82813  ...  2.139185  1.640399  2.610587

[5 rows x 301 columns]
2025-03-25 04:04:13,397 - 预处理数据...
2025-03-25 04:04:13,400 - 预处理完成，特征维度: (29, 304)
2025-03-25 04:04:13,400 - 执行特征工程，滞后特征数: 4...
2025-03-25 04:04:13,431 - 特征工程完成，特征维度: (26, 859)
2025-03-25 04:04:13,431 - 新数据预处理完成，共 26 个样本
2025-03-25 04:04:13,431 - ✅ 发现最佳模型目录: D:\my-vue-project\wind-power-forecast\backend\auto_scripts\models\supershortmodel\20250325\best_models，尝试使用多模型加权预测
2025-03-25 04:04:13,432 - 
============================================================
【加载多个模型】
============================================================
2025-03-25 04:04:13,432 - 从目录加载模型和 scaler: D:\my-vue-project\wind-power-forecast\backend\auto_scripts\models\supershortmodel\20250325\best_models
2025-03-25 04:04:13,432 - 加载 GBDT 模型和 scaler...
2025-03-25 04:04:13,521 - ✅ 已成功加载 GBDT 模型和对应的 scaler
2025-03-25 04:04:13,521 - 加载 DART 模型和 scaler...
2025-03-25 04:04:13,526 - ✅ 已成功加载 DART 模型和对应的 scaler
2025-03-25 04:04:13,527 - 加载 GOSS 模型和 scaler...
2025-03-25 04:04:13,531 - ✅ 已成功加载 GOSS 模型和对应的 scaler
2025-03-25 04:04:13,531 - 加载完成，共加载了 3 个模型: GBDT, DART, GOSS
2025-03-25 04:04:13,532 - 尝试加载模型权重文件: D:\my-vue-project\wind-power-forecast\backend\auto_scripts\models\supershortmodel\20250325\model_weights.joblib
2025-03-25 04:04:13,532 - ✅ 已加载模型权重: {'GBDT': np.float64(0.0), 'DART': np.float64(0.0), 'GOSS': np.float64(0.9413418792089218), 'INTERCEPT': np.float64(-0.0258769107539365)}
2025-03-25 04:04:13,532 - 
============================================================
【使用多模型加权预测】
============================================================
2025-03-25 04:04:13,532 - 使用自定义权重: {'GBDT': np.float64(0.0), 'DART': np.float64(0.0), 'GOSS': np.float64(0.9413418792089218), 'INTERCEPT': np.float64(-0.0258769107539365)}
2025-03-25 04:04:13,532 - ❌ GBDT 模型权重为0，跳过
2025-03-25 04:04:13,532 - ❌ DART 模型权重为0，跳过
2025-03-25 04:04:13,532 - 使用 GOSS 模型进行预测 (权重: 0.9413)...
2025-03-25 04:04:13,535 - GOSS: 数据标准化完成
2025-03-25 04:04:13,535 - GOSS: 时间窗口创建完成，窗口数量: 11
2025-03-25 04:04:13,589 - ✅ GOSS 模型预测完成，生成了 11 个预测值
2025-03-25 04:04:13,589 -    统计: 最小值=118.97, 最大值=177.46, 平均值=157.97
2025-03-25 04:04:13,590 - 所有预测结果对齐到最小长度: 11
2025-03-25 04:04:13,590 - 开始计算加权平均预测结果...
2025-03-25 04:04:13,590 -   加入 GOSS 模型贡献 (权重: 0.9413)
2025-03-25 04:04:13,590 -   加入常数偏置项 (值: -0.0259)
2025-03-25 04:04:13,590 - 加权平均预测完成，生成了 11 个预测值
2025-03-25 04:04:13,590 - 加权预测结果统计: 最小值=111.96, 最大值=167.03, 平均值=148.67
2025-03-25 04:04:13,590 - ✅ 多模型加权预测完成，使用模型: GBDT, DART, GOSS
2025-03-25 04:04:13,591 - 预测结果数据框创建完成，共 11 行
2025-03-25 04:04:13,592 - ✅ 预测结果已保存到文件: D:\my-vue-project\wind-power-forecast\backend\auto_scripts\results\supershortresult\20250325\prediction_202503250400.csv
2025-03-25 04:04:13,593 - 尝试将预测结果导入数据库...
2025-03-25 04:04:13,593 - 发送HTTP请求到: http://localhost:5000/prediction2database/batch_supershortl_power
2025-03-25 04:04:15,655 - ✅ 数据已成功导入数据库
2025-03-25 04:04:15,655 -    总记录数: 11, 更新: 11, 插入: 0
2025-03-25 04:04:15,655 - 
============================================================
【风电功率预测完成】
============================================================
2025-03-25 04:04:15,655 - 风电功率预测完成
2025-03-25 04:04:15,656 - ✅ 202503250400.csv 预测执行完成
2025-03-25 04:04:15,657 - 已创建预测标志文件: D:\my-vue-project\wind-power-forecast\backend\auto_scripts\scripts\supershort\logs\auto_predict\predict_20250325_04_00.flag
2025-03-25 04:04:15,657 - 本次共处理了 17 个预测文件
2025-03-25 04:04:15,657 - 
================================================================================
2025-03-25 04:04:15,657 - >>> 预测任务结束 <<<
2025-03-25 04:04:15,657 - ================================================================================

2025-03-25 04:04:15,657 - 预测任务结束
2025-03-25 04:09:17,131 - 
================================================================================
2025-03-25 04:09:17,131 - >>> 自动预测系统启动 <<<
2025-03-25 04:09:17,131 - ================================================================================

2025-03-25 04:09:17,131 - 自动预测系统启动
2025-03-25 04:09:17,131 - 当前日期: 20250325, 时间: 04:09:17
2025-03-25 04:09:17,131 - 
================================================================================
2025-03-25 04:09:17,131 - >>> 开始执行预测 <<<
2025-03-25 04:09:17,131 - ================================================================================

2025-03-25 04:09:17,131 - 开始执行预测
2025-03-25 04:09:17,132 - 扫描预测数据文件目录: D:\my-vue-project\wind-power-forecast\backend\auto_scripts\precsv\supershortcsv\20250325
2025-03-25 04:09:17,132 - 检查模型目录: D:\my-vue-project\wind-power-forecast\backend\auto_scripts\models\supershortmodel\20250325
2025-03-25 04:09:17,132 - 发现best_models目录: D:\my-vue-project\wind-power-forecast\backend\auto_scripts\models\supershortmodel\20250325\best_models
2025-03-25 04:09:17,132 - 发现GBDT模型文件: D:\my-vue-project\wind-power-forecast\backend\auto_scripts\models\supershortmodel\20250325\best_models\GBDT.joblib
2025-03-25 04:09:17,132 - 找到 17 个CSV文件
2025-03-25 04:09:17,132 - 该预测文件已处理过 (标志文件: D:\my-vue-project\wind-power-forecast\backend\auto_scripts\scripts\supershort\logs\auto_predict\predict_20250325_00_00.flag)
2025-03-25 04:09:17,132 - ⏩ 跳过已处理的文件: 202503250000.csv
2025-03-25 04:09:17,133 - 该预测文件已处理过 (标志文件: D:\my-vue-project\wind-power-forecast\backend\auto_scripts\scripts\supershort\logs\auto_predict\predict_20250325_00_15.flag)
2025-03-25 04:09:17,133 - ⏩ 跳过已处理的文件: 202503250015.csv
2025-03-25 04:09:17,133 - 该预测文件已处理过 (标志文件: D:\my-vue-project\wind-power-forecast\backend\auto_scripts\scripts\supershort\logs\auto_predict\predict_20250325_00_30.flag)
2025-03-25 04:09:17,133 - ⏩ 跳过已处理的文件: 202503250030.csv
2025-03-25 04:09:17,133 - 该预测文件已处理过 (标志文件: D:\my-vue-project\wind-power-forecast\backend\auto_scripts\scripts\supershort\logs\auto_predict\predict_20250325_00_45.flag)
2025-03-25 04:09:17,133 - ⏩ 跳过已处理的文件: 202503250045.csv
2025-03-25 04:09:17,133 - 该预测文件已处理过 (标志文件: D:\my-vue-project\wind-power-forecast\backend\auto_scripts\scripts\supershort\logs\auto_predict\predict_20250325_01_00.flag)
2025-03-25 04:09:17,133 - ⏩ 跳过已处理的文件: 202503250100.csv
2025-03-25 04:09:17,134 - 该预测文件已处理过 (标志文件: D:\my-vue-project\wind-power-forecast\backend\auto_scripts\scripts\supershort\logs\auto_predict\predict_20250325_01_15.flag)
2025-03-25 04:09:17,134 - ⏩ 跳过已处理的文件: 202503250115.csv
2025-03-25 04:09:17,134 - 该预测文件已处理过 (标志文件: D:\my-vue-project\wind-power-forecast\backend\auto_scripts\scripts\supershort\logs\auto_predict\predict_20250325_01_30.flag)
2025-03-25 04:09:17,134 - ⏩ 跳过已处理的文件: 202503250130.csv
2025-03-25 04:09:17,134 - 该预测文件已处理过 (标志文件: D:\my-vue-project\wind-power-forecast\backend\auto_scripts\scripts\supershort\logs\auto_predict\predict_20250325_01_45.flag)
2025-03-25 04:09:17,134 - ⏩ 跳过已处理的文件: 202503250145.csv
2025-03-25 04:09:17,135 - 该预测文件已处理过 (标志文件: D:\my-vue-project\wind-power-forecast\backend\auto_scripts\scripts\supershort\logs\auto_predict\predict_20250325_02_00.flag)
2025-03-25 04:09:17,135 - ⏩ 跳过已处理的文件: 202503250200.csv
2025-03-25 04:09:17,135 - 该预测文件已处理过 (标志文件: D:\my-vue-project\wind-power-forecast\backend\auto_scripts\scripts\supershort\logs\auto_predict\predict_20250325_02_15.flag)
2025-03-25 04:09:17,135 - ⏩ 跳过已处理的文件: 202503250215.csv
2025-03-25 04:09:17,135 - 该预测文件已处理过 (标志文件: D:\my-vue-project\wind-power-forecast\backend\auto_scripts\scripts\supershort\logs\auto_predict\predict_20250325_02_30.flag)
2025-03-25 04:09:17,135 - ⏩ 跳过已处理的文件: 202503250230.csv
2025-03-25 04:09:17,135 - 该预测文件已处理过 (标志文件: D:\my-vue-project\wind-power-forecast\backend\auto_scripts\scripts\supershort\logs\auto_predict\predict_20250325_02_45.flag)
2025-03-25 04:09:17,135 - ⏩ 跳过已处理的文件: 202503250245.csv
2025-03-25 04:09:17,136 - 该预测文件已处理过 (标志文件: D:\my-vue-project\wind-power-forecast\backend\auto_scripts\scripts\supershort\logs\auto_predict\predict_20250325_03_00.flag)
2025-03-25 04:09:17,136 - ⏩ 跳过已处理的文件: 202503250300.csv
2025-03-25 04:09:17,136 - 该预测文件已处理过 (标志文件: D:\my-vue-project\wind-power-forecast\backend\auto_scripts\scripts\supershort\logs\auto_predict\predict_20250325_03_15.flag)
2025-03-25 04:09:17,136 - ⏩ 跳过已处理的文件: 202503250315.csv
2025-03-25 04:09:17,136 - 该预测文件已处理过 (标志文件: D:\my-vue-project\wind-power-forecast\backend\auto_scripts\scripts\supershort\logs\auto_predict\predict_20250325_03_30.flag)
2025-03-25 04:09:17,136 - ⏩ 跳过已处理的文件: 202503250330.csv
2025-03-25 04:09:17,136 - 该预测文件已处理过 (标志文件: D:\my-vue-project\wind-power-forecast\backend\auto_scripts\scripts\supershort\logs\auto_predict\predict_20250325_03_45.flag)
2025-03-25 04:09:17,136 - ⏩ 跳过已处理的文件: 202503250345.csv
2025-03-25 04:09:17,137 - 该预测文件已处理过 (标志文件: D:\my-vue-project\wind-power-forecast\backend\auto_scripts\scripts\supershort\logs\auto_predict\predict_20250325_04_00.flag)
2025-03-25 04:09:17,137 - ⏩ 跳过已处理的文件: 202503250400.csv
2025-03-25 04:09:17,137 - 本次共处理了 17 个预测文件
2025-03-25 04:09:17,137 - 
================================================================================
2025-03-25 04:09:17,137 - >>> 预测任务结束 <<<
2025-03-25 04:09:17,137 - ================================================================================

2025-03-25 04:09:17,137 - 预测任务结束
2025-03-25 04:14:18,570 - 
================================================================================
2025-03-25 04:14:18,571 - >>> 自动预测系统启动 <<<
2025-03-25 04:14:18,571 - ================================================================================

2025-03-25 04:14:18,571 - 自动预测系统启动
2025-03-25 04:14:18,571 - 当前日期: 20250325, 时间: 04:14:18
2025-03-25 04:14:18,571 - 
================================================================================
2025-03-25 04:14:18,571 - >>> 开始执行预测 <<<
2025-03-25 04:14:18,571 - ================================================================================

2025-03-25 04:14:18,571 - 开始执行预测
2025-03-25 04:14:18,571 - 扫描预测数据文件目录: D:\my-vue-project\wind-power-forecast\backend\auto_scripts\precsv\supershortcsv\20250325
2025-03-25 04:14:18,571 - 检查模型目录: D:\my-vue-project\wind-power-forecast\backend\auto_scripts\models\supershortmodel\20250325
2025-03-25 04:14:18,571 - 发现best_models目录: D:\my-vue-project\wind-power-forecast\backend\auto_scripts\models\supershortmodel\20250325\best_models
2025-03-25 04:14:18,571 - 发现GBDT模型文件: D:\my-vue-project\wind-power-forecast\backend\auto_scripts\models\supershortmodel\20250325\best_models\GBDT.joblib
2025-03-25 04:14:18,572 - 找到 17 个CSV文件
2025-03-25 04:14:18,572 - 该预测文件已处理过 (标志文件: D:\my-vue-project\wind-power-forecast\backend\auto_scripts\scripts\supershort\logs\auto_predict\predict_20250325_00_00.flag)
2025-03-25 04:14:18,572 - ⏩ 跳过已处理的文件: 202503250000.csv
2025-03-25 04:14:18,572 - 该预测文件已处理过 (标志文件: D:\my-vue-project\wind-power-forecast\backend\auto_scripts\scripts\supershort\logs\auto_predict\predict_20250325_00_15.flag)
2025-03-25 04:14:18,572 - ⏩ 跳过已处理的文件: 202503250015.csv
2025-03-25 04:14:18,572 - 该预测文件已处理过 (标志文件: D:\my-vue-project\wind-power-forecast\backend\auto_scripts\scripts\supershort\logs\auto_predict\predict_20250325_00_30.flag)
2025-03-25 04:14:18,572 - ⏩ 跳过已处理的文件: 202503250030.csv
2025-03-25 04:14:18,573 - 该预测文件已处理过 (标志文件: D:\my-vue-project\wind-power-forecast\backend\auto_scripts\scripts\supershort\logs\auto_predict\predict_20250325_00_45.flag)
2025-03-25 04:14:18,573 - ⏩ 跳过已处理的文件: 202503250045.csv
2025-03-25 04:14:18,573 - 该预测文件已处理过 (标志文件: D:\my-vue-project\wind-power-forecast\backend\auto_scripts\scripts\supershort\logs\auto_predict\predict_20250325_01_00.flag)
2025-03-25 04:14:18,573 - ⏩ 跳过已处理的文件: 202503250100.csv
2025-03-25 04:14:18,573 - 该预测文件已处理过 (标志文件: D:\my-vue-project\wind-power-forecast\backend\auto_scripts\scripts\supershort\logs\auto_predict\predict_20250325_01_15.flag)
2025-03-25 04:14:18,573 - ⏩ 跳过已处理的文件: 202503250115.csv
2025-03-25 04:14:18,573 - 该预测文件已处理过 (标志文件: D:\my-vue-project\wind-power-forecast\backend\auto_scripts\scripts\supershort\logs\auto_predict\predict_20250325_01_30.flag)
2025-03-25 04:14:18,573 - ⏩ 跳过已处理的文件: 202503250130.csv
2025-03-25 04:14:18,574 - 该预测文件已处理过 (标志文件: D:\my-vue-project\wind-power-forecast\backend\auto_scripts\scripts\supershort\logs\auto_predict\predict_20250325_01_45.flag)
2025-03-25 04:14:18,574 - ⏩ 跳过已处理的文件: 202503250145.csv
2025-03-25 04:14:18,574 - 该预测文件已处理过 (标志文件: D:\my-vue-project\wind-power-forecast\backend\auto_scripts\scripts\supershort\logs\auto_predict\predict_20250325_02_00.flag)
2025-03-25 04:14:18,574 - ⏩ 跳过已处理的文件: 202503250200.csv
2025-03-25 04:14:18,574 - 该预测文件已处理过 (标志文件: D:\my-vue-project\wind-power-forecast\backend\auto_scripts\scripts\supershort\logs\auto_predict\predict_20250325_02_15.flag)
2025-03-25 04:14:18,574 - ⏩ 跳过已处理的文件: 202503250215.csv
2025-03-25 04:14:18,574 - 该预测文件已处理过 (标志文件: D:\my-vue-project\wind-power-forecast\backend\auto_scripts\scripts\supershort\logs\auto_predict\predict_20250325_02_30.flag)
2025-03-25 04:14:18,574 - ⏩ 跳过已处理的文件: 202503250230.csv
2025-03-25 04:14:18,575 - 该预测文件已处理过 (标志文件: D:\my-vue-project\wind-power-forecast\backend\auto_scripts\scripts\supershort\logs\auto_predict\predict_20250325_02_45.flag)
2025-03-25 04:14:18,575 - ⏩ 跳过已处理的文件: 202503250245.csv
2025-03-25 04:14:18,575 - 该预测文件已处理过 (标志文件: D:\my-vue-project\wind-power-forecast\backend\auto_scripts\scripts\supershort\logs\auto_predict\predict_20250325_03_00.flag)
2025-03-25 04:14:18,575 - ⏩ 跳过已处理的文件: 202503250300.csv
2025-03-25 04:14:18,575 - 该预测文件已处理过 (标志文件: D:\my-vue-project\wind-power-forecast\backend\auto_scripts\scripts\supershort\logs\auto_predict\predict_20250325_03_15.flag)
2025-03-25 04:14:18,575 - ⏩ 跳过已处理的文件: 202503250315.csv
2025-03-25 04:14:18,575 - 该预测文件已处理过 (标志文件: D:\my-vue-project\wind-power-forecast\backend\auto_scripts\scripts\supershort\logs\auto_predict\predict_20250325_03_30.flag)
2025-03-25 04:14:18,575 - ⏩ 跳过已处理的文件: 202503250330.csv
2025-03-25 04:14:18,576 - 该预测文件已处理过 (标志文件: D:\my-vue-project\wind-power-forecast\backend\auto_scripts\scripts\supershort\logs\auto_predict\predict_20250325_03_45.flag)
2025-03-25 04:14:18,576 - ⏩ 跳过已处理的文件: 202503250345.csv
2025-03-25 04:14:18,576 - 该预测文件已处理过 (标志文件: D:\my-vue-project\wind-power-forecast\backend\auto_scripts\scripts\supershort\logs\auto_predict\predict_20250325_04_00.flag)
2025-03-25 04:14:18,576 - ⏩ 跳过已处理的文件: 202503250400.csv
2025-03-25 04:14:18,576 - 本次共处理了 17 个预测文件
2025-03-25 04:14:18,576 - 
================================================================================
2025-03-25 04:14:18,576 - >>> 预测任务结束 <<<
2025-03-25 04:14:18,576 - ================================================================================

2025-03-25 04:14:18,576 - 预测任务结束
2025-03-25 04:19:20,060 - 
================================================================================
2025-03-25 04:19:20,060 - >>> 自动预测系统启动 <<<
2025-03-25 04:19:20,060 - ================================================================================

2025-03-25 04:19:20,060 - 自动预测系统启动
2025-03-25 04:19:20,060 - 当前日期: 20250325, 时间: 04:19:20
2025-03-25 04:19:20,060 - 
================================================================================
2025-03-25 04:19:20,060 - >>> 开始执行预测 <<<
2025-03-25 04:19:20,060 - ================================================================================

2025-03-25 04:19:20,060 - 开始执行预测
2025-03-25 04:19:20,060 - 扫描预测数据文件目录: D:\my-vue-project\wind-power-forecast\backend\auto_scripts\precsv\supershortcsv\20250325
2025-03-25 04:19:20,061 - 检查模型目录: D:\my-vue-project\wind-power-forecast\backend\auto_scripts\models\supershortmodel\20250325
2025-03-25 04:19:20,061 - 发现best_models目录: D:\my-vue-project\wind-power-forecast\backend\auto_scripts\models\supershortmodel\20250325\best_models
2025-03-25 04:19:20,061 - 发现GBDT模型文件: D:\my-vue-project\wind-power-forecast\backend\auto_scripts\models\supershortmodel\20250325\best_models\GBDT.joblib
2025-03-25 04:19:20,061 - 找到 18 个CSV文件
2025-03-25 04:19:20,061 - 该预测文件已处理过 (标志文件: D:\my-vue-project\wind-power-forecast\backend\auto_scripts\scripts\supershort\logs\auto_predict\predict_20250325_00_00.flag)
2025-03-25 04:19:20,061 - ⏩ 跳过已处理的文件: 202503250000.csv
2025-03-25 04:19:20,061 - 该预测文件已处理过 (标志文件: D:\my-vue-project\wind-power-forecast\backend\auto_scripts\scripts\supershort\logs\auto_predict\predict_20250325_00_15.flag)
2025-03-25 04:19:20,061 - ⏩ 跳过已处理的文件: 202503250015.csv
2025-03-25 04:19:20,062 - 该预测文件已处理过 (标志文件: D:\my-vue-project\wind-power-forecast\backend\auto_scripts\scripts\supershort\logs\auto_predict\predict_20250325_00_30.flag)
2025-03-25 04:19:20,062 - ⏩ 跳过已处理的文件: 202503250030.csv
2025-03-25 04:19:20,062 - 该预测文件已处理过 (标志文件: D:\my-vue-project\wind-power-forecast\backend\auto_scripts\scripts\supershort\logs\auto_predict\predict_20250325_00_45.flag)
2025-03-25 04:19:20,062 - ⏩ 跳过已处理的文件: 202503250045.csv
2025-03-25 04:19:20,062 - 该预测文件已处理过 (标志文件: D:\my-vue-project\wind-power-forecast\backend\auto_scripts\scripts\supershort\logs\auto_predict\predict_20250325_01_00.flag)
2025-03-25 04:19:20,062 - ⏩ 跳过已处理的文件: 202503250100.csv
2025-03-25 04:19:20,062 - 该预测文件已处理过 (标志文件: D:\my-vue-project\wind-power-forecast\backend\auto_scripts\scripts\supershort\logs\auto_predict\predict_20250325_01_15.flag)
2025-03-25 04:19:20,062 - ⏩ 跳过已处理的文件: 202503250115.csv
2025-03-25 04:19:20,063 - 该预测文件已处理过 (标志文件: D:\my-vue-project\wind-power-forecast\backend\auto_scripts\scripts\supershort\logs\auto_predict\predict_20250325_01_30.flag)
2025-03-25 04:19:20,063 - ⏩ 跳过已处理的文件: 202503250130.csv
2025-03-25 04:19:20,063 - 该预测文件已处理过 (标志文件: D:\my-vue-project\wind-power-forecast\backend\auto_scripts\scripts\supershort\logs\auto_predict\predict_20250325_01_45.flag)
2025-03-25 04:19:20,063 - ⏩ 跳过已处理的文件: 202503250145.csv
2025-03-25 04:19:20,063 - 该预测文件已处理过 (标志文件: D:\my-vue-project\wind-power-forecast\backend\auto_scripts\scripts\supershort\logs\auto_predict\predict_20250325_02_00.flag)
2025-03-25 04:19:20,063 - ⏩ 跳过已处理的文件: 202503250200.csv
2025-03-25 04:19:20,064 - 该预测文件已处理过 (标志文件: D:\my-vue-project\wind-power-forecast\backend\auto_scripts\scripts\supershort\logs\auto_predict\predict_20250325_02_15.flag)
2025-03-25 04:19:20,064 - ⏩ 跳过已处理的文件: 202503250215.csv
2025-03-25 04:19:20,064 - 该预测文件已处理过 (标志文件: D:\my-vue-project\wind-power-forecast\backend\auto_scripts\scripts\supershort\logs\auto_predict\predict_20250325_02_30.flag)
2025-03-25 04:19:20,064 - ⏩ 跳过已处理的文件: 202503250230.csv
2025-03-25 04:19:20,064 - 该预测文件已处理过 (标志文件: D:\my-vue-project\wind-power-forecast\backend\auto_scripts\scripts\supershort\logs\auto_predict\predict_20250325_02_45.flag)
2025-03-25 04:19:20,064 - ⏩ 跳过已处理的文件: 202503250245.csv
2025-03-25 04:19:20,064 - 该预测文件已处理过 (标志文件: D:\my-vue-project\wind-power-forecast\backend\auto_scripts\scripts\supershort\logs\auto_predict\predict_20250325_03_00.flag)
2025-03-25 04:19:20,064 - ⏩ 跳过已处理的文件: 202503250300.csv
2025-03-25 04:19:20,065 - 该预测文件已处理过 (标志文件: D:\my-vue-project\wind-power-forecast\backend\auto_scripts\scripts\supershort\logs\auto_predict\predict_20250325_03_15.flag)
2025-03-25 04:19:20,065 - ⏩ 跳过已处理的文件: 202503250315.csv
2025-03-25 04:19:20,065 - 该预测文件已处理过 (标志文件: D:\my-vue-project\wind-power-forecast\backend\auto_scripts\scripts\supershort\logs\auto_predict\predict_20250325_03_30.flag)
2025-03-25 04:19:20,065 - ⏩ 跳过已处理的文件: 202503250330.csv
2025-03-25 04:19:20,065 - 该预测文件已处理过 (标志文件: D:\my-vue-project\wind-power-forecast\backend\auto_scripts\scripts\supershort\logs\auto_predict\predict_20250325_03_45.flag)
2025-03-25 04:19:20,065 - ⏩ 跳过已处理的文件: 202503250345.csv
2025-03-25 04:19:20,065 - 该预测文件已处理过 (标志文件: D:\my-vue-project\wind-power-forecast\backend\auto_scripts\scripts\supershort\logs\auto_predict\predict_20250325_04_00.flag)
2025-03-25 04:19:20,065 - ⏩ 跳过已处理的文件: 202503250400.csv
2025-03-25 04:19:20,066 - ✅ 处理预测文件: D:\my-vue-project\wind-power-forecast\backend\auto_scripts\precsv\supershortcsv\20250325\202503250415.csv
2025-03-25 04:19:20,066 - 
============================================================
【风电功率预测开始】
============================================================
2025-03-25 04:19:20,066 - 配置信息:
2025-03-25 04:19:20,066 -   - 数据文件: D:\my-vue-project\wind-power-forecast\backend\auto_scripts\precsv\supershortcsv\20250325\202503250415.csv
2025-03-25 04:19:20,066 -   - 模型目录: D:\my-vue-project\wind-power-forecast\backend\auto_scripts\models\supershortmodel\20250325
2025-03-25 04:19:20,066 -   - 窗口大小: 16
2025-03-25 04:19:20,066 -   - 滞后特征数: 4
2025-03-25 04:19:20,066 - 
============================================================
【预处理新数据】
============================================================
2025-03-25 04:19:20,066 - 加载数据文件: D:\my-vue-project\wind-power-forecast\backend\auto_scripts\precsv\supershortcsv\20250325\202503250415.csv
2025-03-25 04:19:20,071 - 数据加载完成，去除缺失值后共 29 条记录
2025-03-25 04:19:20,125 - 数据前5行预览:
        Timestamp    129.128_1    129.128_2  ...  ws200_13  ws200_14  ws200_15
0  2024/3/11 0:00  15974.26563  16293.82813  ...  4.542173  1.324043  0.865087
1  2024/3/11 0:15  15974.26563  16293.82813  ...  3.899081  0.880606  1.273859
2  2024/3/11 0:30  15974.26563  16293.82813  ...  3.273753  0.778394  1.710350
3  2024/3/11 0:45  15974.26563  16293.82813  ...  2.678660  1.115517  2.157803
4  2024/3/11 1:00  15974.26563  16293.82813  ...  2.139185  1.640399  2.610587

[5 rows x 301 columns]
2025-03-25 04:19:20,126 - 预处理数据...
2025-03-25 04:19:20,128 - 预处理完成，特征维度: (29, 304)
2025-03-25 04:19:20,128 - 执行特征工程，滞后特征数: 4...
2025-03-25 04:19:20,159 - 特征工程完成，特征维度: (26, 859)
2025-03-25 04:19:20,160 - 新数据预处理完成，共 26 个样本
2025-03-25 04:19:20,160 - ✅ 发现最佳模型目录: D:\my-vue-project\wind-power-forecast\backend\auto_scripts\models\supershortmodel\20250325\best_models，尝试使用多模型加权预测
2025-03-25 04:19:20,160 - 
============================================================
【加载多个模型】
============================================================
2025-03-25 04:19:20,160 - 从目录加载模型和 scaler: D:\my-vue-project\wind-power-forecast\backend\auto_scripts\models\supershortmodel\20250325\best_models
2025-03-25 04:19:20,160 - 加载 GBDT 模型和 scaler...
2025-03-25 04:19:20,250 - ✅ 已成功加载 GBDT 模型和对应的 scaler
2025-03-25 04:19:20,250 - 加载 DART 模型和 scaler...
2025-03-25 04:19:20,255 - ✅ 已成功加载 DART 模型和对应的 scaler
2025-03-25 04:19:20,255 - 加载 GOSS 模型和 scaler...
2025-03-25 04:19:20,260 - ✅ 已成功加载 GOSS 模型和对应的 scaler
2025-03-25 04:19:20,260 - 加载完成，共加载了 3 个模型: GBDT, DART, GOSS
2025-03-25 04:19:20,260 - 尝试加载模型权重文件: D:\my-vue-project\wind-power-forecast\backend\auto_scripts\models\supershortmodel\20250325\model_weights.joblib
2025-03-25 04:19:20,260 - ✅ 已加载模型权重: {'GBDT': np.float64(0.0), 'DART': np.float64(0.0), 'GOSS': np.float64(0.9413418792089218), 'INTERCEPT': np.float64(-0.0258769107539365)}
2025-03-25 04:19:20,260 - 
============================================================
【使用多模型加权预测】
============================================================
2025-03-25 04:19:20,260 - 使用自定义权重: {'GBDT': np.float64(0.0), 'DART': np.float64(0.0), 'GOSS': np.float64(0.9413418792089218), 'INTERCEPT': np.float64(-0.0258769107539365)}
2025-03-25 04:19:20,260 - ❌ GBDT 模型权重为0，跳过
2025-03-25 04:19:20,261 - ❌ DART 模型权重为0，跳过
2025-03-25 04:19:20,261 - 使用 GOSS 模型进行预测 (权重: 0.9413)...
2025-03-25 04:19:20,263 - GOSS: 数据标准化完成
2025-03-25 04:19:20,263 - GOSS: 时间窗口创建完成，窗口数量: 11
2025-03-25 04:19:20,312 - ✅ GOSS 模型预测完成，生成了 11 个预测值
2025-03-25 04:19:20,312 -    统计: 最小值=118.97, 最大值=177.46, 平均值=157.97
2025-03-25 04:19:20,312 - 所有预测结果对齐到最小长度: 11
2025-03-25 04:19:20,312 - 开始计算加权平均预测结果...
2025-03-25 04:19:20,313 -   加入 GOSS 模型贡献 (权重: 0.9413)
2025-03-25 04:19:20,313 -   加入常数偏置项 (值: -0.0259)
2025-03-25 04:19:20,313 - 加权平均预测完成，生成了 11 个预测值
2025-03-25 04:19:20,313 - 加权预测结果统计: 最小值=111.96, 最大值=167.03, 平均值=148.67
2025-03-25 04:19:20,313 - ✅ 多模型加权预测完成，使用模型: GBDT, DART, GOSS
2025-03-25 04:19:20,313 - 预测结果数据框创建完成，共 11 行
2025-03-25 04:19:20,315 - ✅ 预测结果已保存到文件: D:\my-vue-project\wind-power-forecast\backend\auto_scripts\results\supershortresult\20250325\prediction_202503250415.csv
2025-03-25 04:19:20,315 - 尝试将预测结果导入数据库...
2025-03-25 04:19:20,315 - 发送HTTP请求到: http://localhost:5000/prediction2database/batch_supershortl_power
2025-03-25 04:19:22,386 - ✅ 数据已成功导入数据库
2025-03-25 04:19:22,386 -    总记录数: 11, 更新: 11, 插入: 0
2025-03-25 04:19:22,386 - 
============================================================
【风电功率预测完成】
============================================================
2025-03-25 04:19:22,386 - 风电功率预测完成
2025-03-25 04:19:22,387 - ✅ 202503250415.csv 预测执行完成
2025-03-25 04:19:22,388 - 已创建预测标志文件: D:\my-vue-project\wind-power-forecast\backend\auto_scripts\scripts\supershort\logs\auto_predict\predict_20250325_04_15.flag
2025-03-25 04:19:22,388 - 本次共处理了 18 个预测文件
2025-03-25 04:19:22,388 - 
================================================================================
2025-03-25 04:19:22,388 - >>> 预测任务结束 <<<
2025-03-25 04:19:22,388 - ================================================================================

2025-03-25 04:19:22,388 - 预测任务结束
2025-03-25 04:24:23,873 - 
================================================================================
2025-03-25 04:24:23,873 - >>> 自动预测系统启动 <<<
2025-03-25 04:24:23,873 - ================================================================================

2025-03-25 04:24:23,873 - 自动预测系统启动
2025-03-25 04:24:23,873 - 当前日期: 20250325, 时间: 04:24:23
2025-03-25 04:24:23,873 - 
================================================================================
2025-03-25 04:24:23,873 - >>> 开始执行预测 <<<
2025-03-25 04:24:23,873 - ================================================================================

2025-03-25 04:24:23,873 - 开始执行预测
2025-03-25 04:24:23,873 - 扫描预测数据文件目录: D:\my-vue-project\wind-power-forecast\backend\auto_scripts\precsv\supershortcsv\20250325
2025-03-25 04:24:23,874 - 检查模型目录: D:\my-vue-project\wind-power-forecast\backend\auto_scripts\models\supershortmodel\20250325
2025-03-25 04:24:23,874 - 发现best_models目录: D:\my-vue-project\wind-power-forecast\backend\auto_scripts\models\supershortmodel\20250325\best_models
2025-03-25 04:24:23,874 - 发现GBDT模型文件: D:\my-vue-project\wind-power-forecast\backend\auto_scripts\models\supershortmodel\20250325\best_models\GBDT.joblib
2025-03-25 04:24:23,874 - 找到 18 个CSV文件
2025-03-25 04:24:23,874 - 该预测文件已处理过 (标志文件: D:\my-vue-project\wind-power-forecast\backend\auto_scripts\scripts\supershort\logs\auto_predict\predict_20250325_00_00.flag)
2025-03-25 04:24:23,874 - ⏩ 跳过已处理的文件: 202503250000.csv
2025-03-25 04:24:23,874 - 该预测文件已处理过 (标志文件: D:\my-vue-project\wind-power-forecast\backend\auto_scripts\scripts\supershort\logs\auto_predict\predict_20250325_00_15.flag)
2025-03-25 04:24:23,874 - ⏩ 跳过已处理的文件: 202503250015.csv
2025-03-25 04:24:23,875 - 该预测文件已处理过 (标志文件: D:\my-vue-project\wind-power-forecast\backend\auto_scripts\scripts\supershort\logs\auto_predict\predict_20250325_00_30.flag)
2025-03-25 04:24:23,875 - ⏩ 跳过已处理的文件: 202503250030.csv
2025-03-25 04:24:23,875 - 该预测文件已处理过 (标志文件: D:\my-vue-project\wind-power-forecast\backend\auto_scripts\scripts\supershort\logs\auto_predict\predict_20250325_00_45.flag)
2025-03-25 04:24:23,875 - ⏩ 跳过已处理的文件: 202503250045.csv
2025-03-25 04:24:23,875 - 该预测文件已处理过 (标志文件: D:\my-vue-project\wind-power-forecast\backend\auto_scripts\scripts\supershort\logs\auto_predict\predict_20250325_01_00.flag)
2025-03-25 04:24:23,875 - ⏩ 跳过已处理的文件: 202503250100.csv
2025-03-25 04:24:23,875 - 该预测文件已处理过 (标志文件: D:\my-vue-project\wind-power-forecast\backend\auto_scripts\scripts\supershort\logs\auto_predict\predict_20250325_01_15.flag)
2025-03-25 04:24:23,875 - ⏩ 跳过已处理的文件: 202503250115.csv
2025-03-25 04:24:23,876 - 该预测文件已处理过 (标志文件: D:\my-vue-project\wind-power-forecast\backend\auto_scripts\scripts\supershort\logs\auto_predict\predict_20250325_01_30.flag)
2025-03-25 04:24:23,876 - ⏩ 跳过已处理的文件: 202503250130.csv
2025-03-25 04:24:23,876 - 该预测文件已处理过 (标志文件: D:\my-vue-project\wind-power-forecast\backend\auto_scripts\scripts\supershort\logs\auto_predict\predict_20250325_01_45.flag)
2025-03-25 04:24:23,876 - ⏩ 跳过已处理的文件: 202503250145.csv
2025-03-25 04:24:23,876 - 该预测文件已处理过 (标志文件: D:\my-vue-project\wind-power-forecast\backend\auto_scripts\scripts\supershort\logs\auto_predict\predict_20250325_02_00.flag)
2025-03-25 04:24:23,876 - ⏩ 跳过已处理的文件: 202503250200.csv
2025-03-25 04:24:23,876 - 该预测文件已处理过 (标志文件: D:\my-vue-project\wind-power-forecast\backend\auto_scripts\scripts\supershort\logs\auto_predict\predict_20250325_02_15.flag)
2025-03-25 04:24:23,876 - ⏩ 跳过已处理的文件: 202503250215.csv
2025-03-25 04:24:23,877 - 该预测文件已处理过 (标志文件: D:\my-vue-project\wind-power-forecast\backend\auto_scripts\scripts\supershort\logs\auto_predict\predict_20250325_02_30.flag)
2025-03-25 04:24:23,877 - ⏩ 跳过已处理的文件: 202503250230.csv
2025-03-25 04:24:23,877 - 该预测文件已处理过 (标志文件: D:\my-vue-project\wind-power-forecast\backend\auto_scripts\scripts\supershort\logs\auto_predict\predict_20250325_02_45.flag)
2025-03-25 04:24:23,877 - ⏩ 跳过已处理的文件: 202503250245.csv
2025-03-25 04:24:23,877 - 该预测文件已处理过 (标志文件: D:\my-vue-project\wind-power-forecast\backend\auto_scripts\scripts\supershort\logs\auto_predict\predict_20250325_03_00.flag)
2025-03-25 04:24:23,877 - ⏩ 跳过已处理的文件: 202503250300.csv
2025-03-25 04:24:23,877 - 该预测文件已处理过 (标志文件: D:\my-vue-project\wind-power-forecast\backend\auto_scripts\scripts\supershort\logs\auto_predict\predict_20250325_03_15.flag)
2025-03-25 04:24:23,877 - ⏩ 跳过已处理的文件: 202503250315.csv
2025-03-25 04:24:23,878 - 该预测文件已处理过 (标志文件: D:\my-vue-project\wind-power-forecast\backend\auto_scripts\scripts\supershort\logs\auto_predict\predict_20250325_03_30.flag)
2025-03-25 04:24:23,878 - ⏩ 跳过已处理的文件: 202503250330.csv
2025-03-25 04:24:23,878 - 该预测文件已处理过 (标志文件: D:\my-vue-project\wind-power-forecast\backend\auto_scripts\scripts\supershort\logs\auto_predict\predict_20250325_03_45.flag)
2025-03-25 04:24:23,878 - ⏩ 跳过已处理的文件: 202503250345.csv
2025-03-25 04:24:23,878 - 该预测文件已处理过 (标志文件: D:\my-vue-project\wind-power-forecast\backend\auto_scripts\scripts\supershort\logs\auto_predict\predict_20250325_04_00.flag)
2025-03-25 04:24:23,878 - ⏩ 跳过已处理的文件: 202503250400.csv
2025-03-25 04:24:23,878 - 该预测文件已处理过 (标志文件: D:\my-vue-project\wind-power-forecast\backend\auto_scripts\scripts\supershort\logs\auto_predict\predict_20250325_04_15.flag)
2025-03-25 04:24:23,878 - ⏩ 跳过已处理的文件: 202503250415.csv
2025-03-25 04:24:23,878 - 本次共处理了 18 个预测文件
2025-03-25 04:24:23,879 - 
================================================================================
2025-03-25 04:24:23,879 - >>> 预测任务结束 <<<
2025-03-25 04:24:23,879 - ================================================================================

2025-03-25 04:24:23,879 - 预测任务结束
2025-03-25 04:29:25,348 - 
================================================================================
2025-03-25 04:29:25,348 - >>> 自动预测系统启动 <<<
2025-03-25 04:29:25,348 - ================================================================================

2025-03-25 04:29:25,348 - 自动预测系统启动
2025-03-25 04:29:25,348 - 当前日期: 20250325, 时间: 04:29:25
2025-03-25 04:29:25,348 - 
================================================================================
2025-03-25 04:29:25,348 - >>> 开始执行预测 <<<
2025-03-25 04:29:25,348 - ================================================================================

2025-03-25 04:29:25,348 - 开始执行预测
2025-03-25 04:29:25,349 - 扫描预测数据文件目录: D:\my-vue-project\wind-power-forecast\backend\auto_scripts\precsv\supershortcsv\20250325
2025-03-25 04:29:25,349 - 检查模型目录: D:\my-vue-project\wind-power-forecast\backend\auto_scripts\models\supershortmodel\20250325
2025-03-25 04:29:25,349 - 发现best_models目录: D:\my-vue-project\wind-power-forecast\backend\auto_scripts\models\supershortmodel\20250325\best_models
2025-03-25 04:29:25,349 - 发现GBDT模型文件: D:\my-vue-project\wind-power-forecast\backend\auto_scripts\models\supershortmodel\20250325\best_models\GBDT.joblib
2025-03-25 04:29:25,349 - 找到 18 个CSV文件
2025-03-25 04:29:25,349 - 该预测文件已处理过 (标志文件: D:\my-vue-project\wind-power-forecast\backend\auto_scripts\scripts\supershort\logs\auto_predict\predict_20250325_00_00.flag)
2025-03-25 04:29:25,349 - ⏩ 跳过已处理的文件: 202503250000.csv
2025-03-25 04:29:25,349 - 该预测文件已处理过 (标志文件: D:\my-vue-project\wind-power-forecast\backend\auto_scripts\scripts\supershort\logs\auto_predict\predict_20250325_00_15.flag)
2025-03-25 04:29:25,349 - ⏩ 跳过已处理的文件: 202503250015.csv
2025-03-25 04:29:25,349 - 该预测文件已处理过 (标志文件: D:\my-vue-project\wind-power-forecast\backend\auto_scripts\scripts\supershort\logs\auto_predict\predict_20250325_00_30.flag)
2025-03-25 04:29:25,349 - ⏩ 跳过已处理的文件: 202503250030.csv
2025-03-25 04:29:25,349 - 该预测文件已处理过 (标志文件: D:\my-vue-project\wind-power-forecast\backend\auto_scripts\scripts\supershort\logs\auto_predict\predict_20250325_00_45.flag)
2025-03-25 04:29:25,350 - ⏩ 跳过已处理的文件: 202503250045.csv
2025-03-25 04:29:25,350 - 该预测文件已处理过 (标志文件: D:\my-vue-project\wind-power-forecast\backend\auto_scripts\scripts\supershort\logs\auto_predict\predict_20250325_01_00.flag)
2025-03-25 04:29:25,350 - ⏩ 跳过已处理的文件: 202503250100.csv
2025-03-25 04:29:25,350 - 该预测文件已处理过 (标志文件: D:\my-vue-project\wind-power-forecast\backend\auto_scripts\scripts\supershort\logs\auto_predict\predict_20250325_01_15.flag)
2025-03-25 04:29:25,350 - ⏩ 跳过已处理的文件: 202503250115.csv
2025-03-25 04:29:25,350 - 该预测文件已处理过 (标志文件: D:\my-vue-project\wind-power-forecast\backend\auto_scripts\scripts\supershort\logs\auto_predict\predict_20250325_01_30.flag)
2025-03-25 04:29:25,350 - ⏩ 跳过已处理的文件: 202503250130.csv
2025-03-25 04:29:25,350 - 该预测文件已处理过 (标志文件: D:\my-vue-project\wind-power-forecast\backend\auto_scripts\scripts\supershort\logs\auto_predict\predict_20250325_01_45.flag)
2025-03-25 04:29:25,351 - ⏩ 跳过已处理的文件: 202503250145.csv
2025-03-25 04:29:25,351 - 该预测文件已处理过 (标志文件: D:\my-vue-project\wind-power-forecast\backend\auto_scripts\scripts\supershort\logs\auto_predict\predict_20250325_02_00.flag)
2025-03-25 04:29:25,351 - ⏩ 跳过已处理的文件: 202503250200.csv
2025-03-25 04:29:25,351 - 该预测文件已处理过 (标志文件: D:\my-vue-project\wind-power-forecast\backend\auto_scripts\scripts\supershort\logs\auto_predict\predict_20250325_02_15.flag)
2025-03-25 04:29:25,351 - ⏩ 跳过已处理的文件: 202503250215.csv
2025-03-25 04:29:25,351 - 该预测文件已处理过 (标志文件: D:\my-vue-project\wind-power-forecast\backend\auto_scripts\scripts\supershort\logs\auto_predict\predict_20250325_02_30.flag)
2025-03-25 04:29:25,351 - ⏩ 跳过已处理的文件: 202503250230.csv
2025-03-25 04:29:25,352 - 该预测文件已处理过 (标志文件: D:\my-vue-project\wind-power-forecast\backend\auto_scripts\scripts\supershort\logs\auto_predict\predict_20250325_02_45.flag)
2025-03-25 04:29:25,352 - ⏩ 跳过已处理的文件: 202503250245.csv
2025-03-25 04:29:25,352 - 该预测文件已处理过 (标志文件: D:\my-vue-project\wind-power-forecast\backend\auto_scripts\scripts\supershort\logs\auto_predict\predict_20250325_03_00.flag)
2025-03-25 04:29:25,352 - ⏩ 跳过已处理的文件: 202503250300.csv
2025-03-25 04:29:25,352 - 该预测文件已处理过 (标志文件: D:\my-vue-project\wind-power-forecast\backend\auto_scripts\scripts\supershort\logs\auto_predict\predict_20250325_03_15.flag)
2025-03-25 04:29:25,352 - ⏩ 跳过已处理的文件: 202503250315.csv
2025-03-25 04:29:25,352 - 该预测文件已处理过 (标志文件: D:\my-vue-project\wind-power-forecast\backend\auto_scripts\scripts\supershort\logs\auto_predict\predict_20250325_03_30.flag)
2025-03-25 04:29:25,352 - ⏩ 跳过已处理的文件: 202503250330.csv
2025-03-25 04:29:25,353 - 该预测文件已处理过 (标志文件: D:\my-vue-project\wind-power-forecast\backend\auto_scripts\scripts\supershort\logs\auto_predict\predict_20250325_03_45.flag)
2025-03-25 04:29:25,353 - ⏩ 跳过已处理的文件: 202503250345.csv
2025-03-25 04:29:25,353 - 该预测文件已处理过 (标志文件: D:\my-vue-project\wind-power-forecast\backend\auto_scripts\scripts\supershort\logs\auto_predict\predict_20250325_04_00.flag)
2025-03-25 04:29:25,353 - ⏩ 跳过已处理的文件: 202503250400.csv
2025-03-25 04:29:25,353 - 该预测文件已处理过 (标志文件: D:\my-vue-project\wind-power-forecast\backend\auto_scripts\scripts\supershort\logs\auto_predict\predict_20250325_04_15.flag)
2025-03-25 04:29:25,353 - ⏩ 跳过已处理的文件: 202503250415.csv
2025-03-25 04:29:25,353 - 本次共处理了 18 个预测文件
2025-03-25 04:29:25,353 - 
================================================================================
2025-03-25 04:29:25,353 - >>> 预测任务结束 <<<
2025-03-25 04:29:25,353 - ================================================================================

2025-03-25 04:29:25,353 - 预测任务结束
2025-03-25 04:34:26,780 - 
================================================================================
2025-03-25 04:34:26,780 - >>> 自动预测系统启动 <<<
2025-03-25 04:34:26,780 - ================================================================================

2025-03-25 04:34:26,780 - 自动预测系统启动
2025-03-25 04:34:26,780 - 当前日期: 20250325, 时间: 04:34:26
2025-03-25 04:34:26,780 - 
================================================================================
2025-03-25 04:34:26,780 - >>> 开始执行预测 <<<
2025-03-25 04:34:26,780 - ================================================================================

2025-03-25 04:34:26,780 - 开始执行预测
2025-03-25 04:34:26,780 - 扫描预测数据文件目录: D:\my-vue-project\wind-power-forecast\backend\auto_scripts\precsv\supershortcsv\20250325
2025-03-25 04:34:26,780 - 检查模型目录: D:\my-vue-project\wind-power-forecast\backend\auto_scripts\models\supershortmodel\20250325
2025-03-25 04:34:26,780 - 发现best_models目录: D:\my-vue-project\wind-power-forecast\backend\auto_scripts\models\supershortmodel\20250325\best_models
2025-03-25 04:34:26,780 - 发现GBDT模型文件: D:\my-vue-project\wind-power-forecast\backend\auto_scripts\models\supershortmodel\20250325\best_models\GBDT.joblib
2025-03-25 04:34:26,781 - 找到 19 个CSV文件
2025-03-25 04:34:26,781 - 该预测文件已处理过 (标志文件: D:\my-vue-project\wind-power-forecast\backend\auto_scripts\scripts\supershort\logs\auto_predict\predict_20250325_00_00.flag)
2025-03-25 04:34:26,781 - ⏩ 跳过已处理的文件: 202503250000.csv
2025-03-25 04:34:26,781 - 该预测文件已处理过 (标志文件: D:\my-vue-project\wind-power-forecast\backend\auto_scripts\scripts\supershort\logs\auto_predict\predict_20250325_00_15.flag)
2025-03-25 04:34:26,781 - ⏩ 跳过已处理的文件: 202503250015.csv
2025-03-25 04:34:26,781 - 该预测文件已处理过 (标志文件: D:\my-vue-project\wind-power-forecast\backend\auto_scripts\scripts\supershort\logs\auto_predict\predict_20250325_00_30.flag)
2025-03-25 04:34:26,781 - ⏩ 跳过已处理的文件: 202503250030.csv
2025-03-25 04:34:26,782 - 该预测文件已处理过 (标志文件: D:\my-vue-project\wind-power-forecast\backend\auto_scripts\scripts\supershort\logs\auto_predict\predict_20250325_00_45.flag)
2025-03-25 04:34:26,782 - ⏩ 跳过已处理的文件: 202503250045.csv
2025-03-25 04:34:26,782 - 该预测文件已处理过 (标志文件: D:\my-vue-project\wind-power-forecast\backend\auto_scripts\scripts\supershort\logs\auto_predict\predict_20250325_01_00.flag)
2025-03-25 04:34:26,782 - ⏩ 跳过已处理的文件: 202503250100.csv
2025-03-25 04:34:26,782 - 该预测文件已处理过 (标志文件: D:\my-vue-project\wind-power-forecast\backend\auto_scripts\scripts\supershort\logs\auto_predict\predict_20250325_01_15.flag)
2025-03-25 04:34:26,782 - ⏩ 跳过已处理的文件: 202503250115.csv
2025-03-25 04:34:26,782 - 该预测文件已处理过 (标志文件: D:\my-vue-project\wind-power-forecast\backend\auto_scripts\scripts\supershort\logs\auto_predict\predict_20250325_01_30.flag)
2025-03-25 04:34:26,783 - ⏩ 跳过已处理的文件: 202503250130.csv
2025-03-25 04:34:26,783 - 该预测文件已处理过 (标志文件: D:\my-vue-project\wind-power-forecast\backend\auto_scripts\scripts\supershort\logs\auto_predict\predict_20250325_01_45.flag)
2025-03-25 04:34:26,783 - ⏩ 跳过已处理的文件: 202503250145.csv
2025-03-25 04:34:26,783 - 该预测文件已处理过 (标志文件: D:\my-vue-project\wind-power-forecast\backend\auto_scripts\scripts\supershort\logs\auto_predict\predict_20250325_02_00.flag)
2025-03-25 04:34:26,783 - ⏩ 跳过已处理的文件: 202503250200.csv
2025-03-25 04:34:26,783 - 该预测文件已处理过 (标志文件: D:\my-vue-project\wind-power-forecast\backend\auto_scripts\scripts\supershort\logs\auto_predict\predict_20250325_02_15.flag)
2025-03-25 04:34:26,783 - ⏩ 跳过已处理的文件: 202503250215.csv
2025-03-25 04:34:26,783 - 该预测文件已处理过 (标志文件: D:\my-vue-project\wind-power-forecast\backend\auto_scripts\scripts\supershort\logs\auto_predict\predict_20250325_02_30.flag)
2025-03-25 04:34:26,784 - ⏩ 跳过已处理的文件: 202503250230.csv
2025-03-25 04:34:26,784 - 该预测文件已处理过 (标志文件: D:\my-vue-project\wind-power-forecast\backend\auto_scripts\scripts\supershort\logs\auto_predict\predict_20250325_02_45.flag)
2025-03-25 04:34:26,784 - ⏩ 跳过已处理的文件: 202503250245.csv
2025-03-25 04:34:26,784 - 该预测文件已处理过 (标志文件: D:\my-vue-project\wind-power-forecast\backend\auto_scripts\scripts\supershort\logs\auto_predict\predict_20250325_03_00.flag)
2025-03-25 04:34:26,784 - ⏩ 跳过已处理的文件: 202503250300.csv
2025-03-25 04:34:26,784 - 该预测文件已处理过 (标志文件: D:\my-vue-project\wind-power-forecast\backend\auto_scripts\scripts\supershort\logs\auto_predict\predict_20250325_03_15.flag)
2025-03-25 04:34:26,784 - ⏩ 跳过已处理的文件: 202503250315.csv
2025-03-25 04:34:26,784 - 该预测文件已处理过 (标志文件: D:\my-vue-project\wind-power-forecast\backend\auto_scripts\scripts\supershort\logs\auto_predict\predict_20250325_03_30.flag)
2025-03-25 04:34:26,785 - ⏩ 跳过已处理的文件: 202503250330.csv
2025-03-25 04:34:26,785 - 该预测文件已处理过 (标志文件: D:\my-vue-project\wind-power-forecast\backend\auto_scripts\scripts\supershort\logs\auto_predict\predict_20250325_03_45.flag)
2025-03-25 04:34:26,785 - ⏩ 跳过已处理的文件: 202503250345.csv
2025-03-25 04:34:26,785 - 该预测文件已处理过 (标志文件: D:\my-vue-project\wind-power-forecast\backend\auto_scripts\scripts\supershort\logs\auto_predict\predict_20250325_04_00.flag)
2025-03-25 04:34:26,785 - ⏩ 跳过已处理的文件: 202503250400.csv
2025-03-25 04:34:26,785 - 该预测文件已处理过 (标志文件: D:\my-vue-project\wind-power-forecast\backend\auto_scripts\scripts\supershort\logs\auto_predict\predict_20250325_04_15.flag)
2025-03-25 04:34:26,785 - ⏩ 跳过已处理的文件: 202503250415.csv
2025-03-25 04:34:26,785 - ✅ 处理预测文件: D:\my-vue-project\wind-power-forecast\backend\auto_scripts\precsv\supershortcsv\20250325\202503250430.csv
2025-03-25 04:34:26,786 - 
============================================================
【风电功率预测开始】
============================================================
2025-03-25 04:34:26,786 - 配置信息:
2025-03-25 04:34:26,786 -   - 数据文件: D:\my-vue-project\wind-power-forecast\backend\auto_scripts\precsv\supershortcsv\20250325\202503250430.csv
2025-03-25 04:34:26,786 -   - 模型目录: D:\my-vue-project\wind-power-forecast\backend\auto_scripts\models\supershortmodel\20250325
2025-03-25 04:34:26,786 -   - 窗口大小: 16
2025-03-25 04:34:26,786 -   - 滞后特征数: 4
2025-03-25 04:34:26,786 - 
============================================================
【预处理新数据】
============================================================
2025-03-25 04:34:26,786 - 加载数据文件: D:\my-vue-project\wind-power-forecast\backend\auto_scripts\precsv\supershortcsv\20250325\202503250430.csv
2025-03-25 04:34:26,791 - 数据加载完成，去除缺失值后共 29 条记录
2025-03-25 04:34:26,831 - 数据前5行预览:
        Timestamp    129.128_1    129.128_2  ...  ws200_13  ws200_14  ws200_15
0  2024/3/11 0:00  15974.26563  16293.82813  ...  4.542173  1.324043  0.865087
1  2024/3/11 0:15  15974.26563  16293.82813  ...  3.899081  0.880606  1.273859
2  2024/3/11 0:30  15974.26563  16293.82813  ...  3.273753  0.778394  1.710350
3  2024/3/11 0:45  15974.26563  16293.82813  ...  2.678660  1.115517  2.157803
4  2024/3/11 1:00  15974.26563  16293.82813  ...  2.139185  1.640399  2.610587

[5 rows x 301 columns]
2025-03-25 04:34:26,831 - 预处理数据...
2025-03-25 04:34:26,833 - 预处理完成，特征维度: (29, 304)
2025-03-25 04:34:26,833 - 执行特征工程，滞后特征数: 4...
2025-03-25 04:34:26,863 - 特征工程完成，特征维度: (26, 859)
2025-03-25 04:34:26,864 - 新数据预处理完成，共 26 个样本
2025-03-25 04:34:26,864 - ✅ 发现最佳模型目录: D:\my-vue-project\wind-power-forecast\backend\auto_scripts\models\supershortmodel\20250325\best_models，尝试使用多模型加权预测
2025-03-25 04:34:26,864 - 
============================================================
【加载多个模型】
============================================================
2025-03-25 04:34:26,864 - 从目录加载模型和 scaler: D:\my-vue-project\wind-power-forecast\backend\auto_scripts\models\supershortmodel\20250325\best_models
2025-03-25 04:34:26,864 - 加载 GBDT 模型和 scaler...
2025-03-25 04:34:26,954 - ✅ 已成功加载 GBDT 模型和对应的 scaler
2025-03-25 04:34:26,954 - 加载 DART 模型和 scaler...
2025-03-25 04:34:26,962 - ✅ 已成功加载 DART 模型和对应的 scaler
2025-03-25 04:34:26,962 - 加载 GOSS 模型和 scaler...
2025-03-25 04:34:26,967 - ✅ 已成功加载 GOSS 模型和对应的 scaler
2025-03-25 04:34:26,967 - 加载完成，共加载了 3 个模型: GBDT, DART, GOSS
2025-03-25 04:34:26,968 - 尝试加载模型权重文件: D:\my-vue-project\wind-power-forecast\backend\auto_scripts\models\supershortmodel\20250325\model_weights.joblib
2025-03-25 04:34:26,968 - ✅ 已加载模型权重: {'GBDT': np.float64(0.0), 'DART': np.float64(0.0), 'GOSS': np.float64(0.9413418792089218), 'INTERCEPT': np.float64(-0.0258769107539365)}
2025-03-25 04:34:26,968 - 
============================================================
【使用多模型加权预测】
============================================================
2025-03-25 04:34:26,968 - 使用自定义权重: {'GBDT': np.float64(0.0), 'DART': np.float64(0.0), 'GOSS': np.float64(0.9413418792089218), 'INTERCEPT': np.float64(-0.0258769107539365)}
2025-03-25 04:34:26,968 - ❌ GBDT 模型权重为0，跳过
2025-03-25 04:34:26,968 - ❌ DART 模型权重为0，跳过
2025-03-25 04:34:26,968 - 使用 GOSS 模型进行预测 (权重: 0.9413)...
2025-03-25 04:34:26,970 - GOSS: 数据标准化完成
2025-03-25 04:34:26,970 - GOSS: 时间窗口创建完成，窗口数量: 11
2025-03-25 04:34:27,019 - ✅ GOSS 模型预测完成，生成了 11 个预测值
2025-03-25 04:34:27,019 -    统计: 最小值=118.97, 最大值=177.46, 平均值=157.97
2025-03-25 04:34:27,019 - 所有预测结果对齐到最小长度: 11
2025-03-25 04:34:27,019 - 开始计算加权平均预测结果...
2025-03-25 04:34:27,019 -   加入 GOSS 模型贡献 (权重: 0.9413)
2025-03-25 04:34:27,019 -   加入常数偏置项 (值: -0.0259)
2025-03-25 04:34:27,019 - 加权平均预测完成，生成了 11 个预测值
2025-03-25 04:34:27,019 - 加权预测结果统计: 最小值=111.96, 最大值=167.03, 平均值=148.67
2025-03-25 04:34:27,019 - ✅ 多模型加权预测完成，使用模型: GBDT, DART, GOSS
2025-03-25 04:34:27,020 - 预测结果数据框创建完成，共 11 行
2025-03-25 04:34:27,022 - ✅ 预测结果已保存到文件: D:\my-vue-project\wind-power-forecast\backend\auto_scripts\results\supershortresult\20250325\prediction_202503250430.csv
2025-03-25 04:34:27,022 - 尝试将预测结果导入数据库...
2025-03-25 04:34:27,023 - 发送HTTP请求到: http://localhost:5000/prediction2database/batch_supershortl_power
2025-03-25 04:34:29,100 - ✅ 数据已成功导入数据库
2025-03-25 04:34:29,100 -    总记录数: 11, 更新: 11, 插入: 0
2025-03-25 04:34:29,100 - 
============================================================
【风电功率预测完成】
============================================================
2025-03-25 04:34:29,100 - 风电功率预测完成
2025-03-25 04:34:29,103 - ✅ 202503250430.csv 预测执行完成
2025-03-25 04:34:29,104 - 已创建预测标志文件: D:\my-vue-project\wind-power-forecast\backend\auto_scripts\scripts\supershort\logs\auto_predict\predict_20250325_04_30.flag
2025-03-25 04:34:29,104 - 本次共处理了 19 个预测文件
2025-03-25 04:34:29,104 - 
================================================================================
2025-03-25 04:34:29,104 - >>> 预测任务结束 <<<
2025-03-25 04:34:29,104 - ================================================================================

2025-03-25 04:34:29,104 - 预测任务结束
2025-03-25 04:39:30,608 - 
================================================================================
2025-03-25 04:39:30,608 - >>> 自动预测系统启动 <<<
2025-03-25 04:39:30,608 - ================================================================================

2025-03-25 04:39:30,608 - 自动预测系统启动
2025-03-25 04:39:30,608 - 当前日期: 20250325, 时间: 04:39:30
2025-03-25 04:39:30,608 - 
================================================================================
2025-03-25 04:39:30,608 - >>> 开始执行预测 <<<
2025-03-25 04:39:30,608 - ================================================================================

2025-03-25 04:39:30,609 - 开始执行预测
2025-03-25 04:39:30,609 - 扫描预测数据文件目录: D:\my-vue-project\wind-power-forecast\backend\auto_scripts\precsv\supershortcsv\20250325
2025-03-25 04:39:30,609 - 检查模型目录: D:\my-vue-project\wind-power-forecast\backend\auto_scripts\models\supershortmodel\20250325
2025-03-25 04:39:30,609 - 发现best_models目录: D:\my-vue-project\wind-power-forecast\backend\auto_scripts\models\supershortmodel\20250325\best_models
2025-03-25 04:39:30,609 - 发现GBDT模型文件: D:\my-vue-project\wind-power-forecast\backend\auto_scripts\models\supershortmodel\20250325\best_models\GBDT.joblib
2025-03-25 04:39:30,609 - 找到 19 个CSV文件
2025-03-25 04:39:30,610 - 该预测文件已处理过 (标志文件: D:\my-vue-project\wind-power-forecast\backend\auto_scripts\scripts\supershort\logs\auto_predict\predict_20250325_00_00.flag)
2025-03-25 04:39:30,610 - ⏩ 跳过已处理的文件: 202503250000.csv
2025-03-25 04:39:30,610 - 该预测文件已处理过 (标志文件: D:\my-vue-project\wind-power-forecast\backend\auto_scripts\scripts\supershort\logs\auto_predict\predict_20250325_00_15.flag)
2025-03-25 04:39:30,610 - ⏩ 跳过已处理的文件: 202503250015.csv
2025-03-25 04:39:30,610 - 该预测文件已处理过 (标志文件: D:\my-vue-project\wind-power-forecast\backend\auto_scripts\scripts\supershort\logs\auto_predict\predict_20250325_00_30.flag)
2025-03-25 04:39:30,610 - ⏩ 跳过已处理的文件: 202503250030.csv
2025-03-25 04:39:30,610 - 该预测文件已处理过 (标志文件: D:\my-vue-project\wind-power-forecast\backend\auto_scripts\scripts\supershort\logs\auto_predict\predict_20250325_00_45.flag)
2025-03-25 04:39:30,610 - ⏩ 跳过已处理的文件: 202503250045.csv
2025-03-25 04:39:30,611 - 该预测文件已处理过 (标志文件: D:\my-vue-project\wind-power-forecast\backend\auto_scripts\scripts\supershort\logs\auto_predict\predict_20250325_01_00.flag)
2025-03-25 04:39:30,611 - ⏩ 跳过已处理的文件: 202503250100.csv
2025-03-25 04:39:30,611 - 该预测文件已处理过 (标志文件: D:\my-vue-project\wind-power-forecast\backend\auto_scripts\scripts\supershort\logs\auto_predict\predict_20250325_01_15.flag)
2025-03-25 04:39:30,611 - ⏩ 跳过已处理的文件: 202503250115.csv
2025-03-25 04:39:30,611 - 该预测文件已处理过 (标志文件: D:\my-vue-project\wind-power-forecast\backend\auto_scripts\scripts\supershort\logs\auto_predict\predict_20250325_01_30.flag)
2025-03-25 04:39:30,611 - ⏩ 跳过已处理的文件: 202503250130.csv
2025-03-25 04:39:30,611 - 该预测文件已处理过 (标志文件: D:\my-vue-project\wind-power-forecast\backend\auto_scripts\scripts\supershort\logs\auto_predict\predict_20250325_01_45.flag)
2025-03-25 04:39:30,611 - ⏩ 跳过已处理的文件: 202503250145.csv
2025-03-25 04:39:30,612 - 该预测文件已处理过 (标志文件: D:\my-vue-project\wind-power-forecast\backend\auto_scripts\scripts\supershort\logs\auto_predict\predict_20250325_02_00.flag)
2025-03-25 04:39:30,612 - ⏩ 跳过已处理的文件: 202503250200.csv
2025-03-25 04:39:30,612 - 该预测文件已处理过 (标志文件: D:\my-vue-project\wind-power-forecast\backend\auto_scripts\scripts\supershort\logs\auto_predict\predict_20250325_02_15.flag)
2025-03-25 04:39:30,612 - ⏩ 跳过已处理的文件: 202503250215.csv
2025-03-25 04:39:30,612 - 该预测文件已处理过 (标志文件: D:\my-vue-project\wind-power-forecast\backend\auto_scripts\scripts\supershort\logs\auto_predict\predict_20250325_02_30.flag)
2025-03-25 04:39:30,612 - ⏩ 跳过已处理的文件: 202503250230.csv
2025-03-25 04:39:30,612 - 该预测文件已处理过 (标志文件: D:\my-vue-project\wind-power-forecast\backend\auto_scripts\scripts\supershort\logs\auto_predict\predict_20250325_02_45.flag)
2025-03-25 04:39:30,612 - ⏩ 跳过已处理的文件: 202503250245.csv
2025-03-25 04:39:30,613 - 该预测文件已处理过 (标志文件: D:\my-vue-project\wind-power-forecast\backend\auto_scripts\scripts\supershort\logs\auto_predict\predict_20250325_03_00.flag)
2025-03-25 04:39:30,613 - ⏩ 跳过已处理的文件: 202503250300.csv
2025-03-25 04:39:30,613 - 该预测文件已处理过 (标志文件: D:\my-vue-project\wind-power-forecast\backend\auto_scripts\scripts\supershort\logs\auto_predict\predict_20250325_03_15.flag)
2025-03-25 04:39:30,613 - ⏩ 跳过已处理的文件: 202503250315.csv
2025-03-25 04:39:30,613 - 该预测文件已处理过 (标志文件: D:\my-vue-project\wind-power-forecast\backend\auto_scripts\scripts\supershort\logs\auto_predict\predict_20250325_03_30.flag)
2025-03-25 04:39:30,613 - ⏩ 跳过已处理的文件: 202503250330.csv
2025-03-25 04:39:30,613 - 该预测文件已处理过 (标志文件: D:\my-vue-project\wind-power-forecast\backend\auto_scripts\scripts\supershort\logs\auto_predict\predict_20250325_03_45.flag)
2025-03-25 04:39:30,613 - ⏩ 跳过已处理的文件: 202503250345.csv
2025-03-25 04:39:30,614 - 该预测文件已处理过 (标志文件: D:\my-vue-project\wind-power-forecast\backend\auto_scripts\scripts\supershort\logs\auto_predict\predict_20250325_04_00.flag)
2025-03-25 04:39:30,614 - ⏩ 跳过已处理的文件: 202503250400.csv
2025-03-25 04:39:30,614 - 该预测文件已处理过 (标志文件: D:\my-vue-project\wind-power-forecast\backend\auto_scripts\scripts\supershort\logs\auto_predict\predict_20250325_04_15.flag)
2025-03-25 04:39:30,614 - ⏩ 跳过已处理的文件: 202503250415.csv
2025-03-25 04:39:30,614 - 该预测文件已处理过 (标志文件: D:\my-vue-project\wind-power-forecast\backend\auto_scripts\scripts\supershort\logs\auto_predict\predict_20250325_04_30.flag)
2025-03-25 04:39:30,614 - ⏩ 跳过已处理的文件: 202503250430.csv
2025-03-25 04:39:30,614 - 本次共处理了 19 个预测文件
2025-03-25 04:39:30,614 - 
================================================================================
2025-03-25 04:39:30,614 - >>> 预测任务结束 <<<
2025-03-25 04:39:30,614 - ================================================================================

2025-03-25 04:39:30,614 - 预测任务结束
2025-03-25 04:44:32,073 - 
================================================================================
2025-03-25 04:44:32,074 - >>> 自动预测系统启动 <<<
2025-03-25 04:44:32,074 - ================================================================================

2025-03-25 04:44:32,074 - 自动预测系统启动
2025-03-25 04:44:32,074 - 当前日期: 20250325, 时间: 04:44:32
2025-03-25 04:44:32,074 - 
================================================================================
2025-03-25 04:44:32,074 - >>> 开始执行预测 <<<
2025-03-25 04:44:32,074 - ================================================================================

2025-03-25 04:44:32,074 - 开始执行预测
2025-03-25 04:44:32,074 - 扫描预测数据文件目录: D:\my-vue-project\wind-power-forecast\backend\auto_scripts\precsv\supershortcsv\20250325
2025-03-25 04:44:32,074 - 检查模型目录: D:\my-vue-project\wind-power-forecast\backend\auto_scripts\models\supershortmodel\20250325
2025-03-25 04:44:32,074 - 发现best_models目录: D:\my-vue-project\wind-power-forecast\backend\auto_scripts\models\supershortmodel\20250325\best_models
2025-03-25 04:44:32,074 - 发现GBDT模型文件: D:\my-vue-project\wind-power-forecast\backend\auto_scripts\models\supershortmodel\20250325\best_models\GBDT.joblib
2025-03-25 04:44:32,075 - 找到 19 个CSV文件
2025-03-25 04:44:32,075 - 该预测文件已处理过 (标志文件: D:\my-vue-project\wind-power-forecast\backend\auto_scripts\scripts\supershort\logs\auto_predict\predict_20250325_00_00.flag)
2025-03-25 04:44:32,075 - ⏩ 跳过已处理的文件: 202503250000.csv
2025-03-25 04:44:32,075 - 该预测文件已处理过 (标志文件: D:\my-vue-project\wind-power-forecast\backend\auto_scripts\scripts\supershort\logs\auto_predict\predict_20250325_00_15.flag)
2025-03-25 04:44:32,075 - ⏩ 跳过已处理的文件: 202503250015.csv
2025-03-25 04:44:32,076 - 该预测文件已处理过 (标志文件: D:\my-vue-project\wind-power-forecast\backend\auto_scripts\scripts\supershort\logs\auto_predict\predict_20250325_00_30.flag)
2025-03-25 04:44:32,076 - ⏩ 跳过已处理的文件: 202503250030.csv
2025-03-25 04:44:32,076 - 该预测文件已处理过 (标志文件: D:\my-vue-project\wind-power-forecast\backend\auto_scripts\scripts\supershort\logs\auto_predict\predict_20250325_00_45.flag)
2025-03-25 04:44:32,076 - ⏩ 跳过已处理的文件: 202503250045.csv
2025-03-25 04:44:32,076 - 该预测文件已处理过 (标志文件: D:\my-vue-project\wind-power-forecast\backend\auto_scripts\scripts\supershort\logs\auto_predict\predict_20250325_01_00.flag)
2025-03-25 04:44:32,076 - ⏩ 跳过已处理的文件: 202503250100.csv
2025-03-25 04:44:32,076 - 该预测文件已处理过 (标志文件: D:\my-vue-project\wind-power-forecast\backend\auto_scripts\scripts\supershort\logs\auto_predict\predict_20250325_01_15.flag)
2025-03-25 04:44:32,076 - ⏩ 跳过已处理的文件: 202503250115.csv
2025-03-25 04:44:32,077 - 该预测文件已处理过 (标志文件: D:\my-vue-project\wind-power-forecast\backend\auto_scripts\scripts\supershort\logs\auto_predict\predict_20250325_01_30.flag)
2025-03-25 04:44:32,077 - ⏩ 跳过已处理的文件: 202503250130.csv
2025-03-25 04:44:32,077 - 该预测文件已处理过 (标志文件: D:\my-vue-project\wind-power-forecast\backend\auto_scripts\scripts\supershort\logs\auto_predict\predict_20250325_01_45.flag)
2025-03-25 04:44:32,077 - ⏩ 跳过已处理的文件: 202503250145.csv
2025-03-25 04:44:32,077 - 该预测文件已处理过 (标志文件: D:\my-vue-project\wind-power-forecast\backend\auto_scripts\scripts\supershort\logs\auto_predict\predict_20250325_02_00.flag)
2025-03-25 04:44:32,077 - ⏩ 跳过已处理的文件: 202503250200.csv
2025-03-25 04:44:32,077 - 该预测文件已处理过 (标志文件: D:\my-vue-project\wind-power-forecast\backend\auto_scripts\scripts\supershort\logs\auto_predict\predict_20250325_02_15.flag)
2025-03-25 04:44:32,077 - ⏩ 跳过已处理的文件: 202503250215.csv
2025-03-25 04:44:32,078 - 该预测文件已处理过 (标志文件: D:\my-vue-project\wind-power-forecast\backend\auto_scripts\scripts\supershort\logs\auto_predict\predict_20250325_02_30.flag)
2025-03-25 04:44:32,078 - ⏩ 跳过已处理的文件: 202503250230.csv
2025-03-25 04:44:32,078 - 该预测文件已处理过 (标志文件: D:\my-vue-project\wind-power-forecast\backend\auto_scripts\scripts\supershort\logs\auto_predict\predict_20250325_02_45.flag)
2025-03-25 04:44:32,078 - ⏩ 跳过已处理的文件: 202503250245.csv
2025-03-25 04:44:32,078 - 该预测文件已处理过 (标志文件: D:\my-vue-project\wind-power-forecast\backend\auto_scripts\scripts\supershort\logs\auto_predict\predict_20250325_03_00.flag)
2025-03-25 04:44:32,078 - ⏩ 跳过已处理的文件: 202503250300.csv
2025-03-25 04:44:32,078 - 该预测文件已处理过 (标志文件: D:\my-vue-project\wind-power-forecast\backend\auto_scripts\scripts\supershort\logs\auto_predict\predict_20250325_03_15.flag)
2025-03-25 04:44:32,078 - ⏩ 跳过已处理的文件: 202503250315.csv
2025-03-25 04:44:32,079 - 该预测文件已处理过 (标志文件: D:\my-vue-project\wind-power-forecast\backend\auto_scripts\scripts\supershort\logs\auto_predict\predict_20250325_03_30.flag)
2025-03-25 04:44:32,079 - ⏩ 跳过已处理的文件: 202503250330.csv
2025-03-25 04:44:32,079 - 该预测文件已处理过 (标志文件: D:\my-vue-project\wind-power-forecast\backend\auto_scripts\scripts\supershort\logs\auto_predict\predict_20250325_03_45.flag)
2025-03-25 04:44:32,079 - ⏩ 跳过已处理的文件: 202503250345.csv
2025-03-25 04:44:32,079 - 该预测文件已处理过 (标志文件: D:\my-vue-project\wind-power-forecast\backend\auto_scripts\scripts\supershort\logs\auto_predict\predict_20250325_04_00.flag)
2025-03-25 04:44:32,079 - ⏩ 跳过已处理的文件: 202503250400.csv
2025-03-25 04:44:32,079 - 该预测文件已处理过 (标志文件: D:\my-vue-project\wind-power-forecast\backend\auto_scripts\scripts\supershort\logs\auto_predict\predict_20250325_04_15.flag)
2025-03-25 04:44:32,079 - ⏩ 跳过已处理的文件: 202503250415.csv
2025-03-25 04:44:32,080 - 该预测文件已处理过 (标志文件: D:\my-vue-project\wind-power-forecast\backend\auto_scripts\scripts\supershort\logs\auto_predict\predict_20250325_04_30.flag)
2025-03-25 04:44:32,080 - ⏩ 跳过已处理的文件: 202503250430.csv
2025-03-25 04:44:32,080 - 本次共处理了 19 个预测文件
2025-03-25 04:44:32,080 - 
================================================================================
2025-03-25 04:44:32,080 - >>> 预测任务结束 <<<
2025-03-25 04:44:32,080 - ================================================================================

2025-03-25 04:44:32,080 - 预测任务结束
2025-03-25 04:49:33,519 - 
================================================================================
2025-03-25 04:49:33,519 - >>> 自动预测系统启动 <<<
2025-03-25 04:49:33,519 - ================================================================================

2025-03-25 04:49:33,519 - 自动预测系统启动
2025-03-25 04:49:33,520 - 当前日期: 20250325, 时间: 04:49:33
2025-03-25 04:49:33,520 - 
================================================================================
2025-03-25 04:49:33,520 - >>> 开始执行预测 <<<
2025-03-25 04:49:33,520 - ================================================================================

2025-03-25 04:49:33,520 - 开始执行预测
2025-03-25 04:49:33,520 - 扫描预测数据文件目录: D:\my-vue-project\wind-power-forecast\backend\auto_scripts\precsv\supershortcsv\20250325
2025-03-25 04:49:33,520 - 检查模型目录: D:\my-vue-project\wind-power-forecast\backend\auto_scripts\models\supershortmodel\20250325
2025-03-25 04:49:33,520 - 发现best_models目录: D:\my-vue-project\wind-power-forecast\backend\auto_scripts\models\supershortmodel\20250325\best_models
2025-03-25 04:49:33,520 - 发现GBDT模型文件: D:\my-vue-project\wind-power-forecast\backend\auto_scripts\models\supershortmodel\20250325\best_models\GBDT.joblib
2025-03-25 04:49:33,520 - 找到 20 个CSV文件
2025-03-25 04:49:33,521 - 该预测文件已处理过 (标志文件: D:\my-vue-project\wind-power-forecast\backend\auto_scripts\scripts\supershort\logs\auto_predict\predict_20250325_00_00.flag)
2025-03-25 04:49:33,521 - ⏩ 跳过已处理的文件: 202503250000.csv
2025-03-25 04:49:33,521 - 该预测文件已处理过 (标志文件: D:\my-vue-project\wind-power-forecast\backend\auto_scripts\scripts\supershort\logs\auto_predict\predict_20250325_00_15.flag)
2025-03-25 04:49:33,521 - ⏩ 跳过已处理的文件: 202503250015.csv
2025-03-25 04:49:33,521 - 该预测文件已处理过 (标志文件: D:\my-vue-project\wind-power-forecast\backend\auto_scripts\scripts\supershort\logs\auto_predict\predict_20250325_00_30.flag)
2025-03-25 04:49:33,521 - ⏩ 跳过已处理的文件: 202503250030.csv
2025-03-25 04:49:33,521 - 该预测文件已处理过 (标志文件: D:\my-vue-project\wind-power-forecast\backend\auto_scripts\scripts\supershort\logs\auto_predict\predict_20250325_00_45.flag)
2025-03-25 04:49:33,522 - ⏩ 跳过已处理的文件: 202503250045.csv
2025-03-25 04:49:33,522 - 该预测文件已处理过 (标志文件: D:\my-vue-project\wind-power-forecast\backend\auto_scripts\scripts\supershort\logs\auto_predict\predict_20250325_01_00.flag)
2025-03-25 04:49:33,522 - ⏩ 跳过已处理的文件: 202503250100.csv
2025-03-25 04:49:33,522 - 该预测文件已处理过 (标志文件: D:\my-vue-project\wind-power-forecast\backend\auto_scripts\scripts\supershort\logs\auto_predict\predict_20250325_01_15.flag)
2025-03-25 04:49:33,522 - ⏩ 跳过已处理的文件: 202503250115.csv
2025-03-25 04:49:33,522 - 该预测文件已处理过 (标志文件: D:\my-vue-project\wind-power-forecast\backend\auto_scripts\scripts\supershort\logs\auto_predict\predict_20250325_01_30.flag)
2025-03-25 04:49:33,522 - ⏩ 跳过已处理的文件: 202503250130.csv
2025-03-25 04:49:33,522 - 该预测文件已处理过 (标志文件: D:\my-vue-project\wind-power-forecast\backend\auto_scripts\scripts\supershort\logs\auto_predict\predict_20250325_01_45.flag)
2025-03-25 04:49:33,523 - ⏩ 跳过已处理的文件: 202503250145.csv
2025-03-25 04:49:33,523 - 该预测文件已处理过 (标志文件: D:\my-vue-project\wind-power-forecast\backend\auto_scripts\scripts\supershort\logs\auto_predict\predict_20250325_02_00.flag)
2025-03-25 04:49:33,523 - ⏩ 跳过已处理的文件: 202503250200.csv
2025-03-25 04:49:33,523 - 该预测文件已处理过 (标志文件: D:\my-vue-project\wind-power-forecast\backend\auto_scripts\scripts\supershort\logs\auto_predict\predict_20250325_02_15.flag)
2025-03-25 04:49:33,523 - ⏩ 跳过已处理的文件: 202503250215.csv
2025-03-25 04:49:33,523 - 该预测文件已处理过 (标志文件: D:\my-vue-project\wind-power-forecast\backend\auto_scripts\scripts\supershort\logs\auto_predict\predict_20250325_02_30.flag)
2025-03-25 04:49:33,523 - ⏩ 跳过已处理的文件: 202503250230.csv
2025-03-25 04:49:33,523 - 该预测文件已处理过 (标志文件: D:\my-vue-project\wind-power-forecast\backend\auto_scripts\scripts\supershort\logs\auto_predict\predict_20250325_02_45.flag)
2025-03-25 04:49:33,524 - ⏩ 跳过已处理的文件: 202503250245.csv
2025-03-25 04:49:33,524 - 该预测文件已处理过 (标志文件: D:\my-vue-project\wind-power-forecast\backend\auto_scripts\scripts\supershort\logs\auto_predict\predict_20250325_03_00.flag)
2025-03-25 04:49:33,524 - ⏩ 跳过已处理的文件: 202503250300.csv
2025-03-25 04:49:33,524 - 该预测文件已处理过 (标志文件: D:\my-vue-project\wind-power-forecast\backend\auto_scripts\scripts\supershort\logs\auto_predict\predict_20250325_03_15.flag)
2025-03-25 04:49:33,524 - ⏩ 跳过已处理的文件: 202503250315.csv
2025-03-25 04:49:33,524 - 该预测文件已处理过 (标志文件: D:\my-vue-project\wind-power-forecast\backend\auto_scripts\scripts\supershort\logs\auto_predict\predict_20250325_03_30.flag)
2025-03-25 04:49:33,524 - ⏩ 跳过已处理的文件: 202503250330.csv
2025-03-25 04:49:33,525 - 该预测文件已处理过 (标志文件: D:\my-vue-project\wind-power-forecast\backend\auto_scripts\scripts\supershort\logs\auto_predict\predict_20250325_03_45.flag)
2025-03-25 04:49:33,525 - ⏩ 跳过已处理的文件: 202503250345.csv
2025-03-25 04:49:33,525 - 该预测文件已处理过 (标志文件: D:\my-vue-project\wind-power-forecast\backend\auto_scripts\scripts\supershort\logs\auto_predict\predict_20250325_04_00.flag)
2025-03-25 04:49:33,525 - ⏩ 跳过已处理的文件: 202503250400.csv
2025-03-25 04:49:33,525 - 该预测文件已处理过 (标志文件: D:\my-vue-project\wind-power-forecast\backend\auto_scripts\scripts\supershort\logs\auto_predict\predict_20250325_04_15.flag)
2025-03-25 04:49:33,525 - ⏩ 跳过已处理的文件: 202503250415.csv
2025-03-25 04:49:33,525 - 该预测文件已处理过 (标志文件: D:\my-vue-project\wind-power-forecast\backend\auto_scripts\scripts\supershort\logs\auto_predict\predict_20250325_04_30.flag)
2025-03-25 04:49:33,525 - ⏩ 跳过已处理的文件: 202503250430.csv
2025-03-25 04:49:33,526 - ✅ 处理预测文件: D:\my-vue-project\wind-power-forecast\backend\auto_scripts\precsv\supershortcsv\20250325\202503250445.csv
2025-03-25 04:49:33,526 - 
============================================================
【风电功率预测开始】
============================================================
2025-03-25 04:49:33,526 - 配置信息:
2025-03-25 04:49:33,526 -   - 数据文件: D:\my-vue-project\wind-power-forecast\backend\auto_scripts\precsv\supershortcsv\20250325\202503250445.csv
2025-03-25 04:49:33,526 -   - 模型目录: D:\my-vue-project\wind-power-forecast\backend\auto_scripts\models\supershortmodel\20250325
2025-03-25 04:49:33,526 -   - 窗口大小: 16
2025-03-25 04:49:33,526 -   - 滞后特征数: 4
2025-03-25 04:49:33,526 - 
============================================================
【预处理新数据】
============================================================
2025-03-25 04:49:33,526 - 加载数据文件: D:\my-vue-project\wind-power-forecast\backend\auto_scripts\precsv\supershortcsv\20250325\202503250445.csv
2025-03-25 04:49:33,531 - 数据加载完成，去除缺失值后共 29 条记录
2025-03-25 04:49:33,571 - 数据前5行预览:
        Timestamp    129.128_1    129.128_2  ...  ws200_13  ws200_14  ws200_15
0  2024/3/11 0:00  15974.26563  16293.82813  ...  4.542173  1.324043  0.865087
1  2024/3/11 0:15  15974.26563  16293.82813  ...  3.899081  0.880606  1.273859
2  2024/3/11 0:30  15974.26563  16293.82813  ...  3.273753  0.778394  1.710350
3  2024/3/11 0:45  15974.26563  16293.82813  ...  2.678660  1.115517  2.157803
4  2024/3/11 1:00  15974.26563  16293.82813  ...  2.139185  1.640399  2.610587

[5 rows x 301 columns]
2025-03-25 04:49:33,571 - 预处理数据...
2025-03-25 04:49:33,573 - 预处理完成，特征维度: (29, 304)
2025-03-25 04:49:33,573 - 执行特征工程，滞后特征数: 4...
2025-03-25 04:49:33,603 - 特征工程完成，特征维度: (26, 859)
2025-03-25 04:49:33,603 - 新数据预处理完成，共 26 个样本
2025-03-25 04:49:33,603 - ✅ 发现最佳模型目录: D:\my-vue-project\wind-power-forecast\backend\auto_scripts\models\supershortmodel\20250325\best_models，尝试使用多模型加权预测
2025-03-25 04:49:33,603 - 
============================================================
【加载多个模型】
============================================================
2025-03-25 04:49:33,603 - 从目录加载模型和 scaler: D:\my-vue-project\wind-power-forecast\backend\auto_scripts\models\supershortmodel\20250325\best_models
2025-03-25 04:49:33,604 - 加载 GBDT 模型和 scaler...
2025-03-25 04:49:33,693 - ✅ 已成功加载 GBDT 模型和对应的 scaler
2025-03-25 04:49:33,694 - 加载 DART 模型和 scaler...
2025-03-25 04:49:33,701 - ✅ 已成功加载 DART 模型和对应的 scaler
2025-03-25 04:49:33,702 - 加载 GOSS 模型和 scaler...
2025-03-25 04:49:33,707 - ✅ 已成功加载 GOSS 模型和对应的 scaler
2025-03-25 04:49:33,708 - 加载完成，共加载了 3 个模型: GBDT, DART, GOSS
2025-03-25 04:49:33,708 - 尝试加载模型权重文件: D:\my-vue-project\wind-power-forecast\backend\auto_scripts\models\supershortmodel\20250325\model_weights.joblib
2025-03-25 04:49:33,708 - ✅ 已加载模型权重: {'GBDT': np.float64(0.0), 'DART': np.float64(0.0), 'GOSS': np.float64(0.9413418792089218), 'INTERCEPT': np.float64(-0.0258769107539365)}
2025-03-25 04:49:33,708 - 
============================================================
【使用多模型加权预测】
============================================================
2025-03-25 04:49:33,708 - 使用自定义权重: {'GBDT': np.float64(0.0), 'DART': np.float64(0.0), 'GOSS': np.float64(0.9413418792089218), 'INTERCEPT': np.float64(-0.0258769107539365)}
2025-03-25 04:49:33,708 - ❌ GBDT 模型权重为0，跳过
2025-03-25 04:49:33,709 - ❌ DART 模型权重为0，跳过
2025-03-25 04:49:33,709 - 使用 GOSS 模型进行预测 (权重: 0.9413)...
2025-03-25 04:49:33,713 - GOSS: 数据标准化完成
2025-03-25 04:49:33,713 - GOSS: 时间窗口创建完成，窗口数量: 11
2025-03-25 04:49:33,764 - ✅ GOSS 模型预测完成，生成了 11 个预测值
2025-03-25 04:49:33,764 -    统计: 最小值=118.97, 最大值=177.46, 平均值=157.97
2025-03-25 04:49:33,764 - 所有预测结果对齐到最小长度: 11
2025-03-25 04:49:33,764 - 开始计算加权平均预测结果...
2025-03-25 04:49:33,765 -   加入 GOSS 模型贡献 (权重: 0.9413)
2025-03-25 04:49:33,765 -   加入常数偏置项 (值: -0.0259)
2025-03-25 04:49:33,765 - 加权平均预测完成，生成了 11 个预测值
2025-03-25 04:49:33,765 - 加权预测结果统计: 最小值=111.96, 最大值=167.03, 平均值=148.67
2025-03-25 04:49:33,765 - ✅ 多模型加权预测完成，使用模型: GBDT, DART, GOSS
2025-03-25 04:49:33,765 - 预测结果数据框创建完成，共 11 行
2025-03-25 04:49:33,767 - ✅ 预测结果已保存到文件: D:\my-vue-project\wind-power-forecast\backend\auto_scripts\results\supershortresult\20250325\prediction_202503250445.csv
2025-03-25 04:49:33,767 - 尝试将预测结果导入数据库...
2025-03-25 04:49:33,767 - 发送HTTP请求到: http://localhost:5000/prediction2database/batch_supershortl_power
2025-03-25 04:49:35,848 - ✅ 数据已成功导入数据库
2025-03-25 04:49:35,848 -    总记录数: 11, 更新: 11, 插入: 0
2025-03-25 04:49:35,848 - 
============================================================
【风电功率预测完成】
============================================================
2025-03-25 04:49:35,848 - 风电功率预测完成
2025-03-25 04:49:35,850 - ✅ 202503250445.csv 预测执行完成
2025-03-25 04:49:35,850 - 已创建预测标志文件: D:\my-vue-project\wind-power-forecast\backend\auto_scripts\scripts\supershort\logs\auto_predict\predict_20250325_04_45.flag
2025-03-25 04:49:35,850 - 本次共处理了 20 个预测文件
2025-03-25 04:49:35,850 - 
================================================================================
2025-03-25 04:49:35,851 - >>> 预测任务结束 <<<
2025-03-25 04:49:35,851 - ================================================================================

2025-03-25 04:49:35,851 - 预测任务结束
2025-03-25 04:54:37,369 - 
================================================================================
2025-03-25 04:54:37,369 - >>> 自动预测系统启动 <<<
2025-03-25 04:54:37,369 - ================================================================================

2025-03-25 04:54:37,369 - 自动预测系统启动
2025-03-25 04:54:37,370 - 当前日期: 20250325, 时间: 04:54:37
2025-03-25 04:54:37,370 - 
================================================================================
2025-03-25 04:54:37,370 - >>> 开始执行预测 <<<
2025-03-25 04:54:37,370 - ================================================================================

2025-03-25 04:54:37,370 - 开始执行预测
2025-03-25 04:54:37,370 - 扫描预测数据文件目录: D:\my-vue-project\wind-power-forecast\backend\auto_scripts\precsv\supershortcsv\20250325
2025-03-25 04:54:37,370 - 检查模型目录: D:\my-vue-project\wind-power-forecast\backend\auto_scripts\models\supershortmodel\20250325
2025-03-25 04:54:37,370 - 发现best_models目录: D:\my-vue-project\wind-power-forecast\backend\auto_scripts\models\supershortmodel\20250325\best_models
2025-03-25 04:54:37,370 - 发现GBDT模型文件: D:\my-vue-project\wind-power-forecast\backend\auto_scripts\models\supershortmodel\20250325\best_models\GBDT.joblib
2025-03-25 04:54:37,370 - 找到 20 个CSV文件
2025-03-25 04:54:37,371 - 该预测文件已处理过 (标志文件: D:\my-vue-project\wind-power-forecast\backend\auto_scripts\scripts\supershort\logs\auto_predict\predict_20250325_00_00.flag)
2025-03-25 04:54:37,371 - ⏩ 跳过已处理的文件: 202503250000.csv
2025-03-25 04:54:37,371 - 该预测文件已处理过 (标志文件: D:\my-vue-project\wind-power-forecast\backend\auto_scripts\scripts\supershort\logs\auto_predict\predict_20250325_00_15.flag)
2025-03-25 04:54:37,371 - ⏩ 跳过已处理的文件: 202503250015.csv
2025-03-25 04:54:37,371 - 该预测文件已处理过 (标志文件: D:\my-vue-project\wind-power-forecast\backend\auto_scripts\scripts\supershort\logs\auto_predict\predict_20250325_00_30.flag)
2025-03-25 04:54:37,371 - ⏩ 跳过已处理的文件: 202503250030.csv
2025-03-25 04:54:37,371 - 该预测文件已处理过 (标志文件: D:\my-vue-project\wind-power-forecast\backend\auto_scripts\scripts\supershort\logs\auto_predict\predict_20250325_00_45.flag)
2025-03-25 04:54:37,371 - ⏩ 跳过已处理的文件: 202503250045.csv
2025-03-25 04:54:37,371 - 该预测文件已处理过 (标志文件: D:\my-vue-project\wind-power-forecast\backend\auto_scripts\scripts\supershort\logs\auto_predict\predict_20250325_01_00.flag)
2025-03-25 04:54:37,371 - ⏩ 跳过已处理的文件: 202503250100.csv
2025-03-25 04:54:37,372 - 该预测文件已处理过 (标志文件: D:\my-vue-project\wind-power-forecast\backend\auto_scripts\scripts\supershort\logs\auto_predict\predict_20250325_01_15.flag)
2025-03-25 04:54:37,372 - ⏩ 跳过已处理的文件: 202503250115.csv
2025-03-25 04:54:37,372 - 该预测文件已处理过 (标志文件: D:\my-vue-project\wind-power-forecast\backend\auto_scripts\scripts\supershort\logs\auto_predict\predict_20250325_01_30.flag)
2025-03-25 04:54:37,372 - ⏩ 跳过已处理的文件: 202503250130.csv
2025-03-25 04:54:37,372 - 该预测文件已处理过 (标志文件: D:\my-vue-project\wind-power-forecast\backend\auto_scripts\scripts\supershort\logs\auto_predict\predict_20250325_01_45.flag)
2025-03-25 04:54:37,372 - ⏩ 跳过已处理的文件: 202503250145.csv
2025-03-25 04:54:37,372 - 该预测文件已处理过 (标志文件: D:\my-vue-project\wind-power-forecast\backend\auto_scripts\scripts\supershort\logs\auto_predict\predict_20250325_02_00.flag)
2025-03-25 04:54:37,372 - ⏩ 跳过已处理的文件: 202503250200.csv
2025-03-25 04:54:37,373 - 该预测文件已处理过 (标志文件: D:\my-vue-project\wind-power-forecast\backend\auto_scripts\scripts\supershort\logs\auto_predict\predict_20250325_02_15.flag)
2025-03-25 04:54:37,373 - ⏩ 跳过已处理的文件: 202503250215.csv
2025-03-25 04:54:37,373 - 该预测文件已处理过 (标志文件: D:\my-vue-project\wind-power-forecast\backend\auto_scripts\scripts\supershort\logs\auto_predict\predict_20250325_02_30.flag)
2025-03-25 04:54:37,373 - ⏩ 跳过已处理的文件: 202503250230.csv
2025-03-25 04:54:37,373 - 该预测文件已处理过 (标志文件: D:\my-vue-project\wind-power-forecast\backend\auto_scripts\scripts\supershort\logs\auto_predict\predict_20250325_02_45.flag)
2025-03-25 04:54:37,373 - ⏩ 跳过已处理的文件: 202503250245.csv
2025-03-25 04:54:37,373 - 该预测文件已处理过 (标志文件: D:\my-vue-project\wind-power-forecast\backend\auto_scripts\scripts\supershort\logs\auto_predict\predict_20250325_03_00.flag)
2025-03-25 04:54:37,373 - ⏩ 跳过已处理的文件: 202503250300.csv
2025-03-25 04:54:37,374 - 该预测文件已处理过 (标志文件: D:\my-vue-project\wind-power-forecast\backend\auto_scripts\scripts\supershort\logs\auto_predict\predict_20250325_03_15.flag)
2025-03-25 04:54:37,374 - ⏩ 跳过已处理的文件: 202503250315.csv
2025-03-25 04:54:37,374 - 该预测文件已处理过 (标志文件: D:\my-vue-project\wind-power-forecast\backend\auto_scripts\scripts\supershort\logs\auto_predict\predict_20250325_03_30.flag)
2025-03-25 04:54:37,374 - ⏩ 跳过已处理的文件: 202503250330.csv
2025-03-25 04:54:37,374 - 该预测文件已处理过 (标志文件: D:\my-vue-project\wind-power-forecast\backend\auto_scripts\scripts\supershort\logs\auto_predict\predict_20250325_03_45.flag)
2025-03-25 04:54:37,374 - ⏩ 跳过已处理的文件: 202503250345.csv
2025-03-25 04:54:37,374 - 该预测文件已处理过 (标志文件: D:\my-vue-project\wind-power-forecast\backend\auto_scripts\scripts\supershort\logs\auto_predict\predict_20250325_04_00.flag)
2025-03-25 04:54:37,374 - ⏩ 跳过已处理的文件: 202503250400.csv
2025-03-25 04:54:37,375 - 该预测文件已处理过 (标志文件: D:\my-vue-project\wind-power-forecast\backend\auto_scripts\scripts\supershort\logs\auto_predict\predict_20250325_04_15.flag)
2025-03-25 04:54:37,375 - ⏩ 跳过已处理的文件: 202503250415.csv
2025-03-25 04:54:37,375 - 该预测文件已处理过 (标志文件: D:\my-vue-project\wind-power-forecast\backend\auto_scripts\scripts\supershort\logs\auto_predict\predict_20250325_04_30.flag)
2025-03-25 04:54:37,375 - ⏩ 跳过已处理的文件: 202503250430.csv
2025-03-25 04:54:37,375 - 该预测文件已处理过 (标志文件: D:\my-vue-project\wind-power-forecast\backend\auto_scripts\scripts\supershort\logs\auto_predict\predict_20250325_04_45.flag)
2025-03-25 04:54:37,375 - ⏩ 跳过已处理的文件: 202503250445.csv
2025-03-25 04:54:37,375 - 本次共处理了 20 个预测文件
2025-03-25 04:54:37,375 - 
================================================================================
2025-03-25 04:54:37,375 - >>> 预测任务结束 <<<
2025-03-25 04:54:37,375 - ================================================================================

2025-03-25 04:54:37,375 - 预测任务结束
2025-03-25 04:59:38,901 - 
================================================================================
2025-03-25 04:59:38,901 - >>> 自动预测系统启动 <<<
2025-03-25 04:59:38,901 - ================================================================================

2025-03-25 04:59:38,901 - 自动预测系统启动
2025-03-25 04:59:38,901 - 当前日期: 20250325, 时间: 04:59:38
2025-03-25 04:59:38,901 - 
================================================================================
2025-03-25 04:59:38,901 - >>> 开始执行预测 <<<
2025-03-25 04:59:38,901 - ================================================================================

2025-03-25 04:59:38,901 - 开始执行预测
2025-03-25 04:59:38,902 - 扫描预测数据文件目录: D:\my-vue-project\wind-power-forecast\backend\auto_scripts\precsv\supershortcsv\20250325
2025-03-25 04:59:38,902 - 检查模型目录: D:\my-vue-project\wind-power-forecast\backend\auto_scripts\models\supershortmodel\20250325
2025-03-25 04:59:38,902 - 发现best_models目录: D:\my-vue-project\wind-power-forecast\backend\auto_scripts\models\supershortmodel\20250325\best_models
2025-03-25 04:59:38,902 - 发现GBDT模型文件: D:\my-vue-project\wind-power-forecast\backend\auto_scripts\models\supershortmodel\20250325\best_models\GBDT.joblib
2025-03-25 04:59:38,902 - 找到 20 个CSV文件
2025-03-25 04:59:38,902 - 该预测文件已处理过 (标志文件: D:\my-vue-project\wind-power-forecast\backend\auto_scripts\scripts\supershort\logs\auto_predict\predict_20250325_00_00.flag)
2025-03-25 04:59:38,902 - ⏩ 跳过已处理的文件: 202503250000.csv
2025-03-25 04:59:38,903 - 该预测文件已处理过 (标志文件: D:\my-vue-project\wind-power-forecast\backend\auto_scripts\scripts\supershort\logs\auto_predict\predict_20250325_00_15.flag)
2025-03-25 04:59:38,903 - ⏩ 跳过已处理的文件: 202503250015.csv
2025-03-25 04:59:38,903 - 该预测文件已处理过 (标志文件: D:\my-vue-project\wind-power-forecast\backend\auto_scripts\scripts\supershort\logs\auto_predict\predict_20250325_00_30.flag)
2025-03-25 04:59:38,903 - ⏩ 跳过已处理的文件: 202503250030.csv
2025-03-25 04:59:38,903 - 该预测文件已处理过 (标志文件: D:\my-vue-project\wind-power-forecast\backend\auto_scripts\scripts\supershort\logs\auto_predict\predict_20250325_00_45.flag)
2025-03-25 04:59:38,903 - ⏩ 跳过已处理的文件: 202503250045.csv
2025-03-25 04:59:38,903 - 该预测文件已处理过 (标志文件: D:\my-vue-project\wind-power-forecast\backend\auto_scripts\scripts\supershort\logs\auto_predict\predict_20250325_01_00.flag)
2025-03-25 04:59:38,903 - ⏩ 跳过已处理的文件: 202503250100.csv
2025-03-25 04:59:38,904 - 该预测文件已处理过 (标志文件: D:\my-vue-project\wind-power-forecast\backend\auto_scripts\scripts\supershort\logs\auto_predict\predict_20250325_01_15.flag)
2025-03-25 04:59:38,904 - ⏩ 跳过已处理的文件: 202503250115.csv
2025-03-25 04:59:38,904 - 该预测文件已处理过 (标志文件: D:\my-vue-project\wind-power-forecast\backend\auto_scripts\scripts\supershort\logs\auto_predict\predict_20250325_01_30.flag)
2025-03-25 04:59:38,904 - ⏩ 跳过已处理的文件: 202503250130.csv
2025-03-25 04:59:38,904 - 该预测文件已处理过 (标志文件: D:\my-vue-project\wind-power-forecast\backend\auto_scripts\scripts\supershort\logs\auto_predict\predict_20250325_01_45.flag)
2025-03-25 04:59:38,904 - ⏩ 跳过已处理的文件: 202503250145.csv
2025-03-25 04:59:38,904 - 该预测文件已处理过 (标志文件: D:\my-vue-project\wind-power-forecast\backend\auto_scripts\scripts\supershort\logs\auto_predict\predict_20250325_02_00.flag)
2025-03-25 04:59:38,904 - ⏩ 跳过已处理的文件: 202503250200.csv
2025-03-25 04:59:38,905 - 该预测文件已处理过 (标志文件: D:\my-vue-project\wind-power-forecast\backend\auto_scripts\scripts\supershort\logs\auto_predict\predict_20250325_02_15.flag)
2025-03-25 04:59:38,905 - ⏩ 跳过已处理的文件: 202503250215.csv
2025-03-25 04:59:38,905 - 该预测文件已处理过 (标志文件: D:\my-vue-project\wind-power-forecast\backend\auto_scripts\scripts\supershort\logs\auto_predict\predict_20250325_02_30.flag)
2025-03-25 04:59:38,905 - ⏩ 跳过已处理的文件: 202503250230.csv
2025-03-25 04:59:38,905 - 该预测文件已处理过 (标志文件: D:\my-vue-project\wind-power-forecast\backend\auto_scripts\scripts\supershort\logs\auto_predict\predict_20250325_02_45.flag)
2025-03-25 04:59:38,905 - ⏩ 跳过已处理的文件: 202503250245.csv
2025-03-25 04:59:38,905 - 该预测文件已处理过 (标志文件: D:\my-vue-project\wind-power-forecast\backend\auto_scripts\scripts\supershort\logs\auto_predict\predict_20250325_03_00.flag)
2025-03-25 04:59:38,905 - ⏩ 跳过已处理的文件: 202503250300.csv
2025-03-25 04:59:38,906 - 该预测文件已处理过 (标志文件: D:\my-vue-project\wind-power-forecast\backend\auto_scripts\scripts\supershort\logs\auto_predict\predict_20250325_03_15.flag)
2025-03-25 04:59:38,906 - ⏩ 跳过已处理的文件: 202503250315.csv
2025-03-25 04:59:38,906 - 该预测文件已处理过 (标志文件: D:\my-vue-project\wind-power-forecast\backend\auto_scripts\scripts\supershort\logs\auto_predict\predict_20250325_03_30.flag)
2025-03-25 04:59:38,906 - ⏩ 跳过已处理的文件: 202503250330.csv
2025-03-25 04:59:38,906 - 该预测文件已处理过 (标志文件: D:\my-vue-project\wind-power-forecast\backend\auto_scripts\scripts\supershort\logs\auto_predict\predict_20250325_03_45.flag)
2025-03-25 04:59:38,906 - ⏩ 跳过已处理的文件: 202503250345.csv
2025-03-25 04:59:38,906 - 该预测文件已处理过 (标志文件: D:\my-vue-project\wind-power-forecast\backend\auto_scripts\scripts\supershort\logs\auto_predict\predict_20250325_04_00.flag)
2025-03-25 04:59:38,906 - ⏩ 跳过已处理的文件: 202503250400.csv
2025-03-25 04:59:38,907 - 该预测文件已处理过 (标志文件: D:\my-vue-project\wind-power-forecast\backend\auto_scripts\scripts\supershort\logs\auto_predict\predict_20250325_04_15.flag)
2025-03-25 04:59:38,907 - ⏩ 跳过已处理的文件: 202503250415.csv
2025-03-25 04:59:38,907 - 该预测文件已处理过 (标志文件: D:\my-vue-project\wind-power-forecast\backend\auto_scripts\scripts\supershort\logs\auto_predict\predict_20250325_04_30.flag)
2025-03-25 04:59:38,907 - ⏩ 跳过已处理的文件: 202503250430.csv
2025-03-25 04:59:38,908 - 该预测文件已处理过 (标志文件: D:\my-vue-project\wind-power-forecast\backend\auto_scripts\scripts\supershort\logs\auto_predict\predict_20250325_04_45.flag)
2025-03-25 04:59:38,908 - ⏩ 跳过已处理的文件: 202503250445.csv
2025-03-25 04:59:38,908 - 本次共处理了 20 个预测文件
2025-03-25 04:59:38,908 - 
================================================================================
2025-03-25 04:59:38,908 - >>> 预测任务结束 <<<
2025-03-25 04:59:38,908 - ================================================================================

2025-03-25 04:59:38,908 - 预测任务结束
2025-03-25 05:04:40,430 - 
================================================================================
2025-03-25 05:04:40,430 - >>> 自动预测系统启动 <<<
2025-03-25 05:04:40,430 - ================================================================================

2025-03-25 05:04:40,430 - 自动预测系统启动
2025-03-25 05:04:40,430 - 当前日期: 20250325, 时间: 05:04:40
2025-03-25 05:04:40,430 - 
================================================================================
2025-03-25 05:04:40,430 - >>> 开始执行预测 <<<
2025-03-25 05:04:40,430 - ================================================================================

2025-03-25 05:04:40,430 - 开始执行预测
2025-03-25 05:04:40,430 - 扫描预测数据文件目录: D:\my-vue-project\wind-power-forecast\backend\auto_scripts\precsv\supershortcsv\20250325
2025-03-25 05:04:40,430 - 检查模型目录: D:\my-vue-project\wind-power-forecast\backend\auto_scripts\models\supershortmodel\20250325
2025-03-25 05:04:40,430 - 发现best_models目录: D:\my-vue-project\wind-power-forecast\backend\auto_scripts\models\supershortmodel\20250325\best_models
2025-03-25 05:04:40,431 - 发现GBDT模型文件: D:\my-vue-project\wind-power-forecast\backend\auto_scripts\models\supershortmodel\20250325\best_models\GBDT.joblib
2025-03-25 05:04:40,431 - 找到 21 个CSV文件
2025-03-25 05:04:40,431 - 该预测文件已处理过 (标志文件: D:\my-vue-project\wind-power-forecast\backend\auto_scripts\scripts\supershort\logs\auto_predict\predict_20250325_00_00.flag)
2025-03-25 05:04:40,431 - ⏩ 跳过已处理的文件: 202503250000.csv
2025-03-25 05:04:40,431 - 该预测文件已处理过 (标志文件: D:\my-vue-project\wind-power-forecast\backend\auto_scripts\scripts\supershort\logs\auto_predict\predict_20250325_00_15.flag)
2025-03-25 05:04:40,431 - ⏩ 跳过已处理的文件: 202503250015.csv
2025-03-25 05:04:40,432 - 该预测文件已处理过 (标志文件: D:\my-vue-project\wind-power-forecast\backend\auto_scripts\scripts\supershort\logs\auto_predict\predict_20250325_00_30.flag)
2025-03-25 05:04:40,432 - ⏩ 跳过已处理的文件: 202503250030.csv
2025-03-25 05:04:40,432 - 该预测文件已处理过 (标志文件: D:\my-vue-project\wind-power-forecast\backend\auto_scripts\scripts\supershort\logs\auto_predict\predict_20250325_00_45.flag)
2025-03-25 05:04:40,432 - ⏩ 跳过已处理的文件: 202503250045.csv
2025-03-25 05:04:40,432 - 该预测文件已处理过 (标志文件: D:\my-vue-project\wind-power-forecast\backend\auto_scripts\scripts\supershort\logs\auto_predict\predict_20250325_01_00.flag)
2025-03-25 05:04:40,432 - ⏩ 跳过已处理的文件: 202503250100.csv
2025-03-25 05:04:40,432 - 该预测文件已处理过 (标志文件: D:\my-vue-project\wind-power-forecast\backend\auto_scripts\scripts\supershort\logs\auto_predict\predict_20250325_01_15.flag)
2025-03-25 05:04:40,432 - ⏩ 跳过已处理的文件: 202503250115.csv
2025-03-25 05:04:40,433 - 该预测文件已处理过 (标志文件: D:\my-vue-project\wind-power-forecast\backend\auto_scripts\scripts\supershort\logs\auto_predict\predict_20250325_01_30.flag)
2025-03-25 05:04:40,433 - ⏩ 跳过已处理的文件: 202503250130.csv
2025-03-25 05:04:40,433 - 该预测文件已处理过 (标志文件: D:\my-vue-project\wind-power-forecast\backend\auto_scripts\scripts\supershort\logs\auto_predict\predict_20250325_01_45.flag)
2025-03-25 05:04:40,433 - ⏩ 跳过已处理的文件: 202503250145.csv
2025-03-25 05:04:40,433 - 该预测文件已处理过 (标志文件: D:\my-vue-project\wind-power-forecast\backend\auto_scripts\scripts\supershort\logs\auto_predict\predict_20250325_02_00.flag)
2025-03-25 05:04:40,433 - ⏩ 跳过已处理的文件: 202503250200.csv
2025-03-25 05:04:40,433 - 该预测文件已处理过 (标志文件: D:\my-vue-project\wind-power-forecast\backend\auto_scripts\scripts\supershort\logs\auto_predict\predict_20250325_02_15.flag)
2025-03-25 05:04:40,433 - ⏩ 跳过已处理的文件: 202503250215.csv
2025-03-25 05:04:40,434 - 该预测文件已处理过 (标志文件: D:\my-vue-project\wind-power-forecast\backend\auto_scripts\scripts\supershort\logs\auto_predict\predict_20250325_02_30.flag)
2025-03-25 05:04:40,434 - ⏩ 跳过已处理的文件: 202503250230.csv
2025-03-25 05:04:40,434 - 该预测文件已处理过 (标志文件: D:\my-vue-project\wind-power-forecast\backend\auto_scripts\scripts\supershort\logs\auto_predict\predict_20250325_02_45.flag)
2025-03-25 05:04:40,434 - ⏩ 跳过已处理的文件: 202503250245.csv
2025-03-25 05:04:40,434 - 该预测文件已处理过 (标志文件: D:\my-vue-project\wind-power-forecast\backend\auto_scripts\scripts\supershort\logs\auto_predict\predict_20250325_03_00.flag)
2025-03-25 05:04:40,434 - ⏩ 跳过已处理的文件: 202503250300.csv
2025-03-25 05:04:40,434 - 该预测文件已处理过 (标志文件: D:\my-vue-project\wind-power-forecast\backend\auto_scripts\scripts\supershort\logs\auto_predict\predict_20250325_03_15.flag)
2025-03-25 05:04:40,434 - ⏩ 跳过已处理的文件: 202503250315.csv
2025-03-25 05:04:40,435 - 该预测文件已处理过 (标志文件: D:\my-vue-project\wind-power-forecast\backend\auto_scripts\scripts\supershort\logs\auto_predict\predict_20250325_03_30.flag)
2025-03-25 05:04:40,435 - ⏩ 跳过已处理的文件: 202503250330.csv
2025-03-25 05:04:40,435 - 该预测文件已处理过 (标志文件: D:\my-vue-project\wind-power-forecast\backend\auto_scripts\scripts\supershort\logs\auto_predict\predict_20250325_03_45.flag)
2025-03-25 05:04:40,435 - ⏩ 跳过已处理的文件: 202503250345.csv
2025-03-25 05:04:40,435 - 该预测文件已处理过 (标志文件: D:\my-vue-project\wind-power-forecast\backend\auto_scripts\scripts\supershort\logs\auto_predict\predict_20250325_04_00.flag)
2025-03-25 05:04:40,435 - ⏩ 跳过已处理的文件: 202503250400.csv
2025-03-25 05:04:40,435 - 该预测文件已处理过 (标志文件: D:\my-vue-project\wind-power-forecast\backend\auto_scripts\scripts\supershort\logs\auto_predict\predict_20250325_04_15.flag)
2025-03-25 05:04:40,435 - ⏩ 跳过已处理的文件: 202503250415.csv
2025-03-25 05:04:40,436 - 该预测文件已处理过 (标志文件: D:\my-vue-project\wind-power-forecast\backend\auto_scripts\scripts\supershort\logs\auto_predict\predict_20250325_04_30.flag)
2025-03-25 05:04:40,436 - ⏩ 跳过已处理的文件: 202503250430.csv
2025-03-25 05:04:40,436 - 该预测文件已处理过 (标志文件: D:\my-vue-project\wind-power-forecast\backend\auto_scripts\scripts\supershort\logs\auto_predict\predict_20250325_04_45.flag)
2025-03-25 05:04:40,436 - ⏩ 跳过已处理的文件: 202503250445.csv
2025-03-25 05:04:40,436 - ✅ 处理预测文件: D:\my-vue-project\wind-power-forecast\backend\auto_scripts\precsv\supershortcsv\20250325\202503250500.csv
2025-03-25 05:04:40,436 - 
============================================================
【风电功率预测开始】
============================================================
2025-03-25 05:04:40,436 - 配置信息:
2025-03-25 05:04:40,436 -   - 数据文件: D:\my-vue-project\wind-power-forecast\backend\auto_scripts\precsv\supershortcsv\20250325\202503250500.csv
2025-03-25 05:04:40,436 -   - 模型目录: D:\my-vue-project\wind-power-forecast\backend\auto_scripts\models\supershortmodel\20250325
2025-03-25 05:04:40,436 -   - 窗口大小: 16
2025-03-25 05:04:40,436 -   - 滞后特征数: 4
2025-03-25 05:04:40,436 - 
============================================================
【预处理新数据】
============================================================
2025-03-25 05:04:40,436 - 加载数据文件: D:\my-vue-project\wind-power-forecast\backend\auto_scripts\precsv\supershortcsv\20250325\202503250500.csv
2025-03-25 05:04:40,442 - 数据加载完成，去除缺失值后共 29 条记录
2025-03-25 05:04:40,482 - 数据前5行预览:
        Timestamp    129.128_1    129.128_2  ...  ws200_13  ws200_14  ws200_15
0  2024/3/11 0:00  15974.26563  16293.82813  ...  4.542173  1.324043  0.865087
1  2024/3/11 0:15  15974.26563  16293.82813  ...  3.899081  0.880606  1.273859
2  2024/3/11 0:30  15974.26563  16293.82813  ...  3.273753  0.778394  1.710350
3  2024/3/11 0:45  15974.26563  16293.82813  ...  2.678660  1.115517  2.157803
4  2024/3/11 1:00  15974.26563  16293.82813  ...  2.139185  1.640399  2.610587

[5 rows x 301 columns]
2025-03-25 05:04:40,482 - 预处理数据...
2025-03-25 05:04:40,485 - 预处理完成，特征维度: (29, 304)
2025-03-25 05:04:40,485 - 执行特征工程，滞后特征数: 4...
2025-03-25 05:04:40,516 - 特征工程完成，特征维度: (26, 859)
2025-03-25 05:04:40,516 - 新数据预处理完成，共 26 个样本
2025-03-25 05:04:40,516 - ✅ 发现最佳模型目录: D:\my-vue-project\wind-power-forecast\backend\auto_scripts\models\supershortmodel\20250325\best_models，尝试使用多模型加权预测
2025-03-25 05:04:40,516 - 
============================================================
【加载多个模型】
============================================================
2025-03-25 05:04:40,516 - 从目录加载模型和 scaler: D:\my-vue-project\wind-power-forecast\backend\auto_scripts\models\supershortmodel\20250325\best_models
2025-03-25 05:04:40,517 - 加载 GBDT 模型和 scaler...
2025-03-25 05:04:40,607 - ✅ 已成功加载 GBDT 模型和对应的 scaler
2025-03-25 05:04:40,607 - 加载 DART 模型和 scaler...
2025-03-25 05:04:40,612 - ✅ 已成功加载 DART 模型和对应的 scaler
2025-03-25 05:04:40,612 - 加载 GOSS 模型和 scaler...
2025-03-25 05:04:40,617 - ✅ 已成功加载 GOSS 模型和对应的 scaler
2025-03-25 05:04:40,617 - 加载完成，共加载了 3 个模型: GBDT, DART, GOSS
2025-03-25 05:04:40,617 - 尝试加载模型权重文件: D:\my-vue-project\wind-power-forecast\backend\auto_scripts\models\supershortmodel\20250325\model_weights.joblib
2025-03-25 05:04:40,617 - ✅ 已加载模型权重: {'GBDT': np.float64(0.0), 'DART': np.float64(0.0), 'GOSS': np.float64(0.9413418792089218), 'INTERCEPT': np.float64(-0.0258769107539365)}
2025-03-25 05:04:40,617 - 
============================================================
【使用多模型加权预测】
============================================================
2025-03-25 05:04:40,617 - 使用自定义权重: {'GBDT': np.float64(0.0), 'DART': np.float64(0.0), 'GOSS': np.float64(0.9413418792089218), 'INTERCEPT': np.float64(-0.0258769107539365)}
2025-03-25 05:04:40,617 - ❌ GBDT 模型权重为0，跳过
2025-03-25 05:04:40,617 - ❌ DART 模型权重为0，跳过
2025-03-25 05:04:40,617 - 使用 GOSS 模型进行预测 (权重: 0.9413)...
2025-03-25 05:04:40,620 - GOSS: 数据标准化完成
2025-03-25 05:04:40,620 - GOSS: 时间窗口创建完成，窗口数量: 11
2025-03-25 05:04:40,666 - ✅ GOSS 模型预测完成，生成了 11 个预测值
2025-03-25 05:04:40,666 -    统计: 最小值=118.97, 最大值=177.46, 平均值=157.97
2025-03-25 05:04:40,666 - 所有预测结果对齐到最小长度: 11
2025-03-25 05:04:40,666 - 开始计算加权平均预测结果...
2025-03-25 05:04:40,666 -   加入 GOSS 模型贡献 (权重: 0.9413)
2025-03-25 05:04:40,666 -   加入常数偏置项 (值: -0.0259)
2025-03-25 05:04:40,666 - 加权平均预测完成，生成了 11 个预测值
2025-03-25 05:04:40,666 - 加权预测结果统计: 最小值=111.96, 最大值=167.03, 平均值=148.67
2025-03-25 05:04:40,666 - ✅ 多模型加权预测完成，使用模型: GBDT, DART, GOSS
2025-03-25 05:04:40,667 - 预测结果数据框创建完成，共 11 行
2025-03-25 05:04:40,668 - ✅ 预测结果已保存到文件: D:\my-vue-project\wind-power-forecast\backend\auto_scripts\results\supershortresult\20250325\prediction_202503250500.csv
2025-03-25 05:04:40,668 - 尝试将预测结果导入数据库...
2025-03-25 05:04:40,669 - 发送HTTP请求到: http://localhost:5000/prediction2database/batch_supershortl_power
2025-03-25 05:04:42,742 - ✅ 数据已成功导入数据库
2025-03-25 05:04:42,742 -    总记录数: 11, 更新: 11, 插入: 0
2025-03-25 05:04:42,742 - 
============================================================
【风电功率预测完成】
============================================================
2025-03-25 05:04:42,742 - 风电功率预测完成
2025-03-25 05:04:42,745 - ✅ 202503250500.csv 预测执行完成
2025-03-25 05:04:42,746 - 已创建预测标志文件: D:\my-vue-project\wind-power-forecast\backend\auto_scripts\scripts\supershort\logs\auto_predict\predict_20250325_05_00.flag
2025-03-25 05:04:42,746 - 本次共处理了 21 个预测文件
2025-03-25 05:04:42,746 - 
================================================================================
2025-03-25 05:04:42,746 - >>> 预测任务结束 <<<
2025-03-25 05:04:42,747 - ================================================================================

2025-03-25 05:04:42,747 - 预测任务结束
2025-03-25 05:09:44,360 - 
================================================================================
2025-03-25 05:09:44,360 - >>> 自动预测系统启动 <<<
2025-03-25 05:09:44,360 - ================================================================================

2025-03-25 05:09:44,361 - 自动预测系统启动
2025-03-25 05:09:44,361 - 当前日期: 20250325, 时间: 05:09:44
2025-03-25 05:09:44,361 - 
================================================================================
2025-03-25 05:09:44,361 - >>> 开始执行预测 <<<
2025-03-25 05:09:44,361 - ================================================================================

2025-03-25 05:09:44,361 - 开始执行预测
2025-03-25 05:09:44,361 - 扫描预测数据文件目录: D:\my-vue-project\wind-power-forecast\backend\auto_scripts\precsv\supershortcsv\20250325
2025-03-25 05:09:44,361 - 检查模型目录: D:\my-vue-project\wind-power-forecast\backend\auto_scripts\models\supershortmodel\20250325
2025-03-25 05:09:44,361 - 发现best_models目录: D:\my-vue-project\wind-power-forecast\backend\auto_scripts\models\supershortmodel\20250325\best_models
2025-03-25 05:09:44,361 - 发现GBDT模型文件: D:\my-vue-project\wind-power-forecast\backend\auto_scripts\models\supershortmodel\20250325\best_models\GBDT.joblib
2025-03-25 05:09:44,361 - 找到 21 个CSV文件
2025-03-25 05:09:44,362 - 该预测文件已处理过 (标志文件: D:\my-vue-project\wind-power-forecast\backend\auto_scripts\scripts\supershort\logs\auto_predict\predict_20250325_00_00.flag)
2025-03-25 05:09:44,362 - ⏩ 跳过已处理的文件: 202503250000.csv
2025-03-25 05:09:44,362 - 该预测文件已处理过 (标志文件: D:\my-vue-project\wind-power-forecast\backend\auto_scripts\scripts\supershort\logs\auto_predict\predict_20250325_00_15.flag)
2025-03-25 05:09:44,362 - ⏩ 跳过已处理的文件: 202503250015.csv
2025-03-25 05:09:44,362 - 该预测文件已处理过 (标志文件: D:\my-vue-project\wind-power-forecast\backend\auto_scripts\scripts\supershort\logs\auto_predict\predict_20250325_00_30.flag)
2025-03-25 05:09:44,362 - ⏩ 跳过已处理的文件: 202503250030.csv
2025-03-25 05:09:44,363 - 该预测文件已处理过 (标志文件: D:\my-vue-project\wind-power-forecast\backend\auto_scripts\scripts\supershort\logs\auto_predict\predict_20250325_00_45.flag)
2025-03-25 05:09:44,363 - ⏩ 跳过已处理的文件: 202503250045.csv
2025-03-25 05:09:44,363 - 该预测文件已处理过 (标志文件: D:\my-vue-project\wind-power-forecast\backend\auto_scripts\scripts\supershort\logs\auto_predict\predict_20250325_01_00.flag)
2025-03-25 05:09:44,363 - ⏩ 跳过已处理的文件: 202503250100.csv
2025-03-25 05:09:44,363 - 该预测文件已处理过 (标志文件: D:\my-vue-project\wind-power-forecast\backend\auto_scripts\scripts\supershort\logs\auto_predict\predict_20250325_01_15.flag)
2025-03-25 05:09:44,363 - ⏩ 跳过已处理的文件: 202503250115.csv
2025-03-25 05:09:44,363 - 该预测文件已处理过 (标志文件: D:\my-vue-project\wind-power-forecast\backend\auto_scripts\scripts\supershort\logs\auto_predict\predict_20250325_01_30.flag)
2025-03-25 05:09:44,363 - ⏩ 跳过已处理的文件: 202503250130.csv
2025-03-25 05:09:44,364 - 该预测文件已处理过 (标志文件: D:\my-vue-project\wind-power-forecast\backend\auto_scripts\scripts\supershort\logs\auto_predict\predict_20250325_01_45.flag)
2025-03-25 05:09:44,364 - ⏩ 跳过已处理的文件: 202503250145.csv
2025-03-25 05:09:44,364 - 该预测文件已处理过 (标志文件: D:\my-vue-project\wind-power-forecast\backend\auto_scripts\scripts\supershort\logs\auto_predict\predict_20250325_02_00.flag)
2025-03-25 05:09:44,364 - ⏩ 跳过已处理的文件: 202503250200.csv
2025-03-25 05:09:44,364 - 该预测文件已处理过 (标志文件: D:\my-vue-project\wind-power-forecast\backend\auto_scripts\scripts\supershort\logs\auto_predict\predict_20250325_02_15.flag)
2025-03-25 05:09:44,364 - ⏩ 跳过已处理的文件: 202503250215.csv
2025-03-25 05:09:44,364 - 该预测文件已处理过 (标志文件: D:\my-vue-project\wind-power-forecast\backend\auto_scripts\scripts\supershort\logs\auto_predict\predict_20250325_02_30.flag)
2025-03-25 05:09:44,364 - ⏩ 跳过已处理的文件: 202503250230.csv
2025-03-25 05:09:44,365 - 该预测文件已处理过 (标志文件: D:\my-vue-project\wind-power-forecast\backend\auto_scripts\scripts\supershort\logs\auto_predict\predict_20250325_02_45.flag)
2025-03-25 05:09:44,365 - ⏩ 跳过已处理的文件: 202503250245.csv
2025-03-25 05:09:44,365 - 该预测文件已处理过 (标志文件: D:\my-vue-project\wind-power-forecast\backend\auto_scripts\scripts\supershort\logs\auto_predict\predict_20250325_03_00.flag)
2025-03-25 05:09:44,365 - ⏩ 跳过已处理的文件: 202503250300.csv
2025-03-25 05:09:44,365 - 该预测文件已处理过 (标志文件: D:\my-vue-project\wind-power-forecast\backend\auto_scripts\scripts\supershort\logs\auto_predict\predict_20250325_03_15.flag)
2025-03-25 05:09:44,365 - ⏩ 跳过已处理的文件: 202503250315.csv
2025-03-25 05:09:44,365 - 该预测文件已处理过 (标志文件: D:\my-vue-project\wind-power-forecast\backend\auto_scripts\scripts\supershort\logs\auto_predict\predict_20250325_03_30.flag)
2025-03-25 05:09:44,365 - ⏩ 跳过已处理的文件: 202503250330.csv
2025-03-25 05:09:44,366 - 该预测文件已处理过 (标志文件: D:\my-vue-project\wind-power-forecast\backend\auto_scripts\scripts\supershort\logs\auto_predict\predict_20250325_03_45.flag)
2025-03-25 05:09:44,366 - ⏩ 跳过已处理的文件: 202503250345.csv
2025-03-25 05:09:44,366 - 该预测文件已处理过 (标志文件: D:\my-vue-project\wind-power-forecast\backend\auto_scripts\scripts\supershort\logs\auto_predict\predict_20250325_04_00.flag)
2025-03-25 05:09:44,366 - ⏩ 跳过已处理的文件: 202503250400.csv
2025-03-25 05:09:44,366 - 该预测文件已处理过 (标志文件: D:\my-vue-project\wind-power-forecast\backend\auto_scripts\scripts\supershort\logs\auto_predict\predict_20250325_04_15.flag)
2025-03-25 05:09:44,366 - ⏩ 跳过已处理的文件: 202503250415.csv
2025-03-25 05:09:44,366 - 该预测文件已处理过 (标志文件: D:\my-vue-project\wind-power-forecast\backend\auto_scripts\scripts\supershort\logs\auto_predict\predict_20250325_04_30.flag)
2025-03-25 05:09:44,366 - ⏩ 跳过已处理的文件: 202503250430.csv
2025-03-25 05:09:44,367 - 该预测文件已处理过 (标志文件: D:\my-vue-project\wind-power-forecast\backend\auto_scripts\scripts\supershort\logs\auto_predict\predict_20250325_04_45.flag)
2025-03-25 05:09:44,367 - ⏩ 跳过已处理的文件: 202503250445.csv
2025-03-25 05:09:44,367 - 该预测文件已处理过 (标志文件: D:\my-vue-project\wind-power-forecast\backend\auto_scripts\scripts\supershort\logs\auto_predict\predict_20250325_05_00.flag)
2025-03-25 05:09:44,367 - ⏩ 跳过已处理的文件: 202503250500.csv
2025-03-25 05:09:44,367 - 本次共处理了 21 个预测文件
2025-03-25 05:09:44,367 - 
================================================================================
2025-03-25 05:09:44,367 - >>> 预测任务结束 <<<
2025-03-25 05:09:44,367 - ================================================================================

2025-03-25 05:09:44,367 - 预测任务结束
2025-03-25 05:14:45,887 - 
================================================================================
2025-03-25 05:14:45,887 - >>> 自动预测系统启动 <<<
2025-03-25 05:14:45,887 - ================================================================================

2025-03-25 05:14:45,887 - 自动预测系统启动
2025-03-25 05:14:45,888 - 当前日期: 20250325, 时间: 05:14:45
2025-03-25 05:14:45,888 - 
================================================================================
2025-03-25 05:14:45,888 - >>> 开始执行预测 <<<
2025-03-25 05:14:45,888 - ================================================================================

2025-03-25 05:14:45,888 - 开始执行预测
2025-03-25 05:14:45,888 - 扫描预测数据文件目录: D:\my-vue-project\wind-power-forecast\backend\auto_scripts\precsv\supershortcsv\20250325
2025-03-25 05:14:45,888 - 检查模型目录: D:\my-vue-project\wind-power-forecast\backend\auto_scripts\models\supershortmodel\20250325
2025-03-25 05:14:45,888 - 发现best_models目录: D:\my-vue-project\wind-power-forecast\backend\auto_scripts\models\supershortmodel\20250325\best_models
2025-03-25 05:14:45,888 - 发现GBDT模型文件: D:\my-vue-project\wind-power-forecast\backend\auto_scripts\models\supershortmodel\20250325\best_models\GBDT.joblib
2025-03-25 05:14:45,888 - 找到 21 个CSV文件
2025-03-25 05:14:45,889 - 该预测文件已处理过 (标志文件: D:\my-vue-project\wind-power-forecast\backend\auto_scripts\scripts\supershort\logs\auto_predict\predict_20250325_00_00.flag)
2025-03-25 05:14:45,889 - ⏩ 跳过已处理的文件: 202503250000.csv
2025-03-25 05:14:45,889 - 该预测文件已处理过 (标志文件: D:\my-vue-project\wind-power-forecast\backend\auto_scripts\scripts\supershort\logs\auto_predict\predict_20250325_00_15.flag)
2025-03-25 05:14:45,889 - ⏩ 跳过已处理的文件: 202503250015.csv
2025-03-25 05:14:45,889 - 该预测文件已处理过 (标志文件: D:\my-vue-project\wind-power-forecast\backend\auto_scripts\scripts\supershort\logs\auto_predict\predict_20250325_00_30.flag)
2025-03-25 05:14:45,889 - ⏩ 跳过已处理的文件: 202503250030.csv
2025-03-25 05:14:45,889 - 该预测文件已处理过 (标志文件: D:\my-vue-project\wind-power-forecast\backend\auto_scripts\scripts\supershort\logs\auto_predict\predict_20250325_00_45.flag)
2025-03-25 05:14:45,889 - ⏩ 跳过已处理的文件: 202503250045.csv
2025-03-25 05:14:45,890 - 该预测文件已处理过 (标志文件: D:\my-vue-project\wind-power-forecast\backend\auto_scripts\scripts\supershort\logs\auto_predict\predict_20250325_01_00.flag)
2025-03-25 05:14:45,890 - ⏩ 跳过已处理的文件: 202503250100.csv
2025-03-25 05:14:45,890 - 该预测文件已处理过 (标志文件: D:\my-vue-project\wind-power-forecast\backend\auto_scripts\scripts\supershort\logs\auto_predict\predict_20250325_01_15.flag)
2025-03-25 05:14:45,890 - ⏩ 跳过已处理的文件: 202503250115.csv
2025-03-25 05:14:45,890 - 该预测文件已处理过 (标志文件: D:\my-vue-project\wind-power-forecast\backend\auto_scripts\scripts\supershort\logs\auto_predict\predict_20250325_01_30.flag)
2025-03-25 05:14:45,890 - ⏩ 跳过已处理的文件: 202503250130.csv
2025-03-25 05:14:45,890 - 该预测文件已处理过 (标志文件: D:\my-vue-project\wind-power-forecast\backend\auto_scripts\scripts\supershort\logs\auto_predict\predict_20250325_01_45.flag)
2025-03-25 05:14:45,891 - ⏩ 跳过已处理的文件: 202503250145.csv
2025-03-25 05:14:45,891 - 该预测文件已处理过 (标志文件: D:\my-vue-project\wind-power-forecast\backend\auto_scripts\scripts\supershort\logs\auto_predict\predict_20250325_02_00.flag)
2025-03-25 05:14:45,891 - ⏩ 跳过已处理的文件: 202503250200.csv
2025-03-25 05:14:45,891 - 该预测文件已处理过 (标志文件: D:\my-vue-project\wind-power-forecast\backend\auto_scripts\scripts\supershort\logs\auto_predict\predict_20250325_02_15.flag)
2025-03-25 05:14:45,891 - ⏩ 跳过已处理的文件: 202503250215.csv
2025-03-25 05:14:45,891 - 该预测文件已处理过 (标志文件: D:\my-vue-project\wind-power-forecast\backend\auto_scripts\scripts\supershort\logs\auto_predict\predict_20250325_02_30.flag)
2025-03-25 05:14:45,891 - ⏩ 跳过已处理的文件: 202503250230.csv
2025-03-25 05:14:45,891 - 该预测文件已处理过 (标志文件: D:\my-vue-project\wind-power-forecast\backend\auto_scripts\scripts\supershort\logs\auto_predict\predict_20250325_02_45.flag)
2025-03-25 05:14:45,892 - ⏩ 跳过已处理的文件: 202503250245.csv
2025-03-25 05:14:45,892 - 该预测文件已处理过 (标志文件: D:\my-vue-project\wind-power-forecast\backend\auto_scripts\scripts\supershort\logs\auto_predict\predict_20250325_03_00.flag)
2025-03-25 05:14:45,892 - ⏩ 跳过已处理的文件: 202503250300.csv
2025-03-25 05:14:45,892 - 该预测文件已处理过 (标志文件: D:\my-vue-project\wind-power-forecast\backend\auto_scripts\scripts\supershort\logs\auto_predict\predict_20250325_03_15.flag)
2025-03-25 05:14:45,892 - ⏩ 跳过已处理的文件: 202503250315.csv
2025-03-25 05:14:45,892 - 该预测文件已处理过 (标志文件: D:\my-vue-project\wind-power-forecast\backend\auto_scripts\scripts\supershort\logs\auto_predict\predict_20250325_03_30.flag)
2025-03-25 05:14:45,892 - ⏩ 跳过已处理的文件: 202503250330.csv
2025-03-25 05:14:45,893 - 该预测文件已处理过 (标志文件: D:\my-vue-project\wind-power-forecast\backend\auto_scripts\scripts\supershort\logs\auto_predict\predict_20250325_03_45.flag)
2025-03-25 05:14:45,893 - ⏩ 跳过已处理的文件: 202503250345.csv
2025-03-25 05:14:45,893 - 该预测文件已处理过 (标志文件: D:\my-vue-project\wind-power-forecast\backend\auto_scripts\scripts\supershort\logs\auto_predict\predict_20250325_04_00.flag)
2025-03-25 05:14:45,893 - ⏩ 跳过已处理的文件: 202503250400.csv
2025-03-25 05:14:45,894 - 该预测文件已处理过 (标志文件: D:\my-vue-project\wind-power-forecast\backend\auto_scripts\scripts\supershort\logs\auto_predict\predict_20250325_04_15.flag)
2025-03-25 05:14:45,894 - ⏩ 跳过已处理的文件: 202503250415.csv
2025-03-25 05:14:45,894 - 该预测文件已处理过 (标志文件: D:\my-vue-project\wind-power-forecast\backend\auto_scripts\scripts\supershort\logs\auto_predict\predict_20250325_04_30.flag)
2025-03-25 05:14:45,894 - ⏩ 跳过已处理的文件: 202503250430.csv
2025-03-25 05:14:45,894 - 该预测文件已处理过 (标志文件: D:\my-vue-project\wind-power-forecast\backend\auto_scripts\scripts\supershort\logs\auto_predict\predict_20250325_04_45.flag)
2025-03-25 05:14:45,894 - ⏩ 跳过已处理的文件: 202503250445.csv
2025-03-25 05:14:45,894 - 该预测文件已处理过 (标志文件: D:\my-vue-project\wind-power-forecast\backend\auto_scripts\scripts\supershort\logs\auto_predict\predict_20250325_05_00.flag)
2025-03-25 05:14:45,895 - ⏩ 跳过已处理的文件: 202503250500.csv
2025-03-25 05:14:45,895 - 本次共处理了 21 个预测文件
2025-03-25 05:14:45,895 - 
================================================================================
2025-03-25 05:14:45,895 - >>> 预测任务结束 <<<
2025-03-25 05:14:45,895 - ================================================================================

2025-03-25 05:14:45,895 - 预测任务结束
2025-03-25 05:19:47,400 - 
================================================================================
2025-03-25 05:19:47,400 - >>> 自动预测系统启动 <<<
2025-03-25 05:19:47,400 - ================================================================================

2025-03-25 05:19:47,400 - 自动预测系统启动
2025-03-25 05:19:47,400 - 当前日期: 20250325, 时间: 05:19:47
2025-03-25 05:19:47,400 - 
================================================================================
2025-03-25 05:19:47,400 - >>> 开始执行预测 <<<
2025-03-25 05:19:47,400 - ================================================================================

2025-03-25 05:19:47,400 - 开始执行预测
2025-03-25 05:19:47,400 - 扫描预测数据文件目录: D:\my-vue-project\wind-power-forecast\backend\auto_scripts\precsv\supershortcsv\20250325
2025-03-25 05:19:47,401 - 检查模型目录: D:\my-vue-project\wind-power-forecast\backend\auto_scripts\models\supershortmodel\20250325
2025-03-25 05:19:47,401 - 发现best_models目录: D:\my-vue-project\wind-power-forecast\backend\auto_scripts\models\supershortmodel\20250325\best_models
2025-03-25 05:19:47,401 - 发现GBDT模型文件: D:\my-vue-project\wind-power-forecast\backend\auto_scripts\models\supershortmodel\20250325\best_models\GBDT.joblib
2025-03-25 05:19:47,401 - 找到 22 个CSV文件
2025-03-25 05:19:47,401 - 该预测文件已处理过 (标志文件: D:\my-vue-project\wind-power-forecast\backend\auto_scripts\scripts\supershort\logs\auto_predict\predict_20250325_00_00.flag)
2025-03-25 05:19:47,401 - ⏩ 跳过已处理的文件: 202503250000.csv
2025-03-25 05:19:47,401 - 该预测文件已处理过 (标志文件: D:\my-vue-project\wind-power-forecast\backend\auto_scripts\scripts\supershort\logs\auto_predict\predict_20250325_00_15.flag)
2025-03-25 05:19:47,401 - ⏩ 跳过已处理的文件: 202503250015.csv
2025-03-25 05:19:47,402 - 该预测文件已处理过 (标志文件: D:\my-vue-project\wind-power-forecast\backend\auto_scripts\scripts\supershort\logs\auto_predict\predict_20250325_00_30.flag)
2025-03-25 05:19:47,402 - ⏩ 跳过已处理的文件: 202503250030.csv
2025-03-25 05:19:47,402 - 该预测文件已处理过 (标志文件: D:\my-vue-project\wind-power-forecast\backend\auto_scripts\scripts\supershort\logs\auto_predict\predict_20250325_00_45.flag)
2025-03-25 05:19:47,402 - ⏩ 跳过已处理的文件: 202503250045.csv
2025-03-25 05:19:47,402 - 该预测文件已处理过 (标志文件: D:\my-vue-project\wind-power-forecast\backend\auto_scripts\scripts\supershort\logs\auto_predict\predict_20250325_01_00.flag)
2025-03-25 05:19:47,402 - ⏩ 跳过已处理的文件: 202503250100.csv
2025-03-25 05:19:47,403 - 该预测文件已处理过 (标志文件: D:\my-vue-project\wind-power-forecast\backend\auto_scripts\scripts\supershort\logs\auto_predict\predict_20250325_01_15.flag)
2025-03-25 05:19:47,403 - ⏩ 跳过已处理的文件: 202503250115.csv
2025-03-25 05:19:47,403 - 该预测文件已处理过 (标志文件: D:\my-vue-project\wind-power-forecast\backend\auto_scripts\scripts\supershort\logs\auto_predict\predict_20250325_01_30.flag)
2025-03-25 05:19:47,403 - ⏩ 跳过已处理的文件: 202503250130.csv
2025-03-25 05:19:47,403 - 该预测文件已处理过 (标志文件: D:\my-vue-project\wind-power-forecast\backend\auto_scripts\scripts\supershort\logs\auto_predict\predict_20250325_01_45.flag)
2025-03-25 05:19:47,403 - ⏩ 跳过已处理的文件: 202503250145.csv
2025-03-25 05:19:47,403 - 该预测文件已处理过 (标志文件: D:\my-vue-project\wind-power-forecast\backend\auto_scripts\scripts\supershort\logs\auto_predict\predict_20250325_02_00.flag)
2025-03-25 05:19:47,404 - ⏩ 跳过已处理的文件: 202503250200.csv
2025-03-25 05:19:47,404 - 该预测文件已处理过 (标志文件: D:\my-vue-project\wind-power-forecast\backend\auto_scripts\scripts\supershort\logs\auto_predict\predict_20250325_02_15.flag)
2025-03-25 05:19:47,404 - ⏩ 跳过已处理的文件: 202503250215.csv
2025-03-25 05:19:47,404 - 该预测文件已处理过 (标志文件: D:\my-vue-project\wind-power-forecast\backend\auto_scripts\scripts\supershort\logs\auto_predict\predict_20250325_02_30.flag)
2025-03-25 05:19:47,404 - ⏩ 跳过已处理的文件: 202503250230.csv
2025-03-25 05:19:47,404 - 该预测文件已处理过 (标志文件: D:\my-vue-project\wind-power-forecast\backend\auto_scripts\scripts\supershort\logs\auto_predict\predict_20250325_02_45.flag)
2025-03-25 05:19:47,404 - ⏩ 跳过已处理的文件: 202503250245.csv
2025-03-25 05:19:47,404 - 该预测文件已处理过 (标志文件: D:\my-vue-project\wind-power-forecast\backend\auto_scripts\scripts\supershort\logs\auto_predict\predict_20250325_03_00.flag)
2025-03-25 05:19:47,404 - ⏩ 跳过已处理的文件: 202503250300.csv
2025-03-25 05:19:47,405 - 该预测文件已处理过 (标志文件: D:\my-vue-project\wind-power-forecast\backend\auto_scripts\scripts\supershort\logs\auto_predict\predict_20250325_03_15.flag)
2025-03-25 05:19:47,405 - ⏩ 跳过已处理的文件: 202503250315.csv
2025-03-25 05:19:47,405 - 该预测文件已处理过 (标志文件: D:\my-vue-project\wind-power-forecast\backend\auto_scripts\scripts\supershort\logs\auto_predict\predict_20250325_03_30.flag)
2025-03-25 05:19:47,405 - ⏩ 跳过已处理的文件: 202503250330.csv
2025-03-25 05:19:47,405 - 该预测文件已处理过 (标志文件: D:\my-vue-project\wind-power-forecast\backend\auto_scripts\scripts\supershort\logs\auto_predict\predict_20250325_03_45.flag)
2025-03-25 05:19:47,405 - ⏩ 跳过已处理的文件: 202503250345.csv
2025-03-25 05:19:47,405 - 该预测文件已处理过 (标志文件: D:\my-vue-project\wind-power-forecast\backend\auto_scripts\scripts\supershort\logs\auto_predict\predict_20250325_04_00.flag)
2025-03-25 05:19:47,405 - ⏩ 跳过已处理的文件: 202503250400.csv
2025-03-25 05:19:47,406 - 该预测文件已处理过 (标志文件: D:\my-vue-project\wind-power-forecast\backend\auto_scripts\scripts\supershort\logs\auto_predict\predict_20250325_04_15.flag)
2025-03-25 05:19:47,406 - ⏩ 跳过已处理的文件: 202503250415.csv
2025-03-25 05:19:47,406 - 该预测文件已处理过 (标志文件: D:\my-vue-project\wind-power-forecast\backend\auto_scripts\scripts\supershort\logs\auto_predict\predict_20250325_04_30.flag)
2025-03-25 05:19:47,406 - ⏩ 跳过已处理的文件: 202503250430.csv
2025-03-25 05:19:47,406 - 该预测文件已处理过 (标志文件: D:\my-vue-project\wind-power-forecast\backend\auto_scripts\scripts\supershort\logs\auto_predict\predict_20250325_04_45.flag)
2025-03-25 05:19:47,406 - ⏩ 跳过已处理的文件: 202503250445.csv
2025-03-25 05:19:47,406 - 该预测文件已处理过 (标志文件: D:\my-vue-project\wind-power-forecast\backend\auto_scripts\scripts\supershort\logs\auto_predict\predict_20250325_05_00.flag)
2025-03-25 05:19:47,406 - ⏩ 跳过已处理的文件: 202503250500.csv
2025-03-25 05:19:47,407 - ✅ 处理预测文件: D:\my-vue-project\wind-power-forecast\backend\auto_scripts\precsv\supershortcsv\20250325\202503250515.csv
2025-03-25 05:19:47,407 - 
============================================================
【风电功率预测开始】
============================================================
2025-03-25 05:19:47,407 - 配置信息:
2025-03-25 05:19:47,407 -   - 数据文件: D:\my-vue-project\wind-power-forecast\backend\auto_scripts\precsv\supershortcsv\20250325\202503250515.csv
2025-03-25 05:19:47,407 -   - 模型目录: D:\my-vue-project\wind-power-forecast\backend\auto_scripts\models\supershortmodel\20250325
2025-03-25 05:19:47,407 -   - 窗口大小: 16
2025-03-25 05:19:47,407 -   - 滞后特征数: 4
2025-03-25 05:19:47,407 - 
============================================================
【预处理新数据】
============================================================
2025-03-25 05:19:47,407 - 加载数据文件: D:\my-vue-project\wind-power-forecast\backend\auto_scripts\precsv\supershortcsv\20250325\202503250515.csv
2025-03-25 05:19:47,412 - 数据加载完成，去除缺失值后共 29 条记录
2025-03-25 05:19:47,454 - 数据前5行预览:
        Timestamp    129.128_1    129.128_2  ...  ws200_13  ws200_14  ws200_15
0  2024/3/11 0:00  15974.26563  16293.82813  ...  4.542173  1.324043  0.865087
1  2024/3/11 0:15  15974.26563  16293.82813  ...  3.899081  0.880606  1.273859
2  2024/3/11 0:30  15974.26563  16293.82813  ...  3.273753  0.778394  1.710350
3  2024/3/11 0:45  15974.26563  16293.82813  ...  2.678660  1.115517  2.157803
4  2024/3/11 1:00  15974.26563  16293.82813  ...  2.139185  1.640399  2.610587

[5 rows x 301 columns]
2025-03-25 05:19:47,454 - 预处理数据...
2025-03-25 05:19:47,456 - 预处理完成，特征维度: (29, 304)
2025-03-25 05:19:47,456 - 执行特征工程，滞后特征数: 4...
2025-03-25 05:19:47,486 - 特征工程完成，特征维度: (26, 859)
2025-03-25 05:19:47,487 - 新数据预处理完成，共 26 个样本
2025-03-25 05:19:47,487 - ✅ 发现最佳模型目录: D:\my-vue-project\wind-power-forecast\backend\auto_scripts\models\supershortmodel\20250325\best_models，尝试使用多模型加权预测
2025-03-25 05:19:47,487 - 
============================================================
【加载多个模型】
============================================================
2025-03-25 05:19:47,487 - 从目录加载模型和 scaler: D:\my-vue-project\wind-power-forecast\backend\auto_scripts\models\supershortmodel\20250325\best_models
2025-03-25 05:19:47,487 - 加载 GBDT 模型和 scaler...
2025-03-25 05:19:47,579 - ✅ 已成功加载 GBDT 模型和对应的 scaler
2025-03-25 05:19:47,580 - 加载 DART 模型和 scaler...
2025-03-25 05:19:47,585 - ✅ 已成功加载 DART 模型和对应的 scaler
2025-03-25 05:19:47,586 - 加载 GOSS 模型和 scaler...
2025-03-25 05:19:47,593 - ✅ 已成功加载 GOSS 模型和对应的 scaler
2025-03-25 05:19:47,593 - 加载完成，共加载了 3 个模型: GBDT, DART, GOSS
2025-03-25 05:19:47,593 - 尝试加载模型权重文件: D:\my-vue-project\wind-power-forecast\backend\auto_scripts\models\supershortmodel\20250325\model_weights.joblib
2025-03-25 05:19:47,594 - ✅ 已加载模型权重: {'GBDT': np.float64(0.0), 'DART': np.float64(0.0), 'GOSS': np.float64(0.9413418792089218), 'INTERCEPT': np.float64(-0.0258769107539365)}
2025-03-25 05:19:47,594 - 
============================================================
【使用多模型加权预测】
============================================================
2025-03-25 05:19:47,594 - 使用自定义权重: {'GBDT': np.float64(0.0), 'DART': np.float64(0.0), 'GOSS': np.float64(0.9413418792089218), 'INTERCEPT': np.float64(-0.0258769107539365)}
2025-03-25 05:19:47,594 - ❌ GBDT 模型权重为0，跳过
2025-03-25 05:19:47,594 - ❌ DART 模型权重为0，跳过
2025-03-25 05:19:47,594 - 使用 GOSS 模型进行预测 (权重: 0.9413)...
2025-03-25 05:19:47,596 - GOSS: 数据标准化完成
2025-03-25 05:19:47,596 - GOSS: 时间窗口创建完成，窗口数量: 11
2025-03-25 05:19:47,641 - ✅ GOSS 模型预测完成，生成了 11 个预测值
2025-03-25 05:19:47,641 -    统计: 最小值=118.97, 最大值=177.46, 平均值=157.97
2025-03-25 05:19:47,641 - 所有预测结果对齐到最小长度: 11
2025-03-25 05:19:47,641 - 开始计算加权平均预测结果...
2025-03-25 05:19:47,641 -   加入 GOSS 模型贡献 (权重: 0.9413)
2025-03-25 05:19:47,641 -   加入常数偏置项 (值: -0.0259)
2025-03-25 05:19:47,641 - 加权平均预测完成，生成了 11 个预测值
2025-03-25 05:19:47,641 - 加权预测结果统计: 最小值=111.96, 最大值=167.03, 平均值=148.67
2025-03-25 05:19:47,641 - ✅ 多模型加权预测完成，使用模型: GBDT, DART, GOSS
2025-03-25 05:19:47,642 - 预测结果数据框创建完成，共 11 行
2025-03-25 05:19:47,643 - ✅ 预测结果已保存到文件: D:\my-vue-project\wind-power-forecast\backend\auto_scripts\results\supershortresult\20250325\prediction_202503250515.csv
2025-03-25 05:19:47,643 - 尝试将预测结果导入数据库...
2025-03-25 05:19:47,644 - 发送HTTP请求到: http://localhost:5000/prediction2database/batch_supershortl_power
2025-03-25 05:19:49,718 - ✅ 数据已成功导入数据库
2025-03-25 05:19:49,718 -    总记录数: 11, 更新: 11, 插入: 0
2025-03-25 05:19:49,718 - 
============================================================
【风电功率预测完成】
============================================================
2025-03-25 05:19:49,718 - 风电功率预测完成
2025-03-25 05:19:49,720 - ✅ 202503250515.csv 预测执行完成
2025-03-25 05:19:49,720 - 已创建预测标志文件: D:\my-vue-project\wind-power-forecast\backend\auto_scripts\scripts\supershort\logs\auto_predict\predict_20250325_05_15.flag
2025-03-25 05:19:49,721 - 本次共处理了 22 个预测文件
2025-03-25 05:19:49,721 - 
================================================================================
2025-03-25 05:19:49,721 - >>> 预测任务结束 <<<
2025-03-25 05:19:49,721 - ================================================================================

2025-03-25 05:19:49,721 - 预测任务结束
2025-03-25 05:24:51,160 - 
================================================================================
2025-03-25 05:24:51,160 - >>> 自动预测系统启动 <<<
2025-03-25 05:24:51,160 - ================================================================================

2025-03-25 05:24:51,160 - 自动预测系统启动
2025-03-25 05:24:51,160 - 当前日期: 20250325, 时间: 05:24:51
2025-03-25 05:24:51,160 - 
================================================================================
2025-03-25 05:24:51,160 - >>> 开始执行预测 <<<
2025-03-25 05:24:51,160 - ================================================================================

2025-03-25 05:24:51,160 - 开始执行预测
2025-03-25 05:24:51,161 - 扫描预测数据文件目录: D:\my-vue-project\wind-power-forecast\backend\auto_scripts\precsv\supershortcsv\20250325
2025-03-25 05:24:51,161 - 检查模型目录: D:\my-vue-project\wind-power-forecast\backend\auto_scripts\models\supershortmodel\20250325
2025-03-25 05:24:51,161 - 发现best_models目录: D:\my-vue-project\wind-power-forecast\backend\auto_scripts\models\supershortmodel\20250325\best_models
2025-03-25 05:24:51,161 - 发现GBDT模型文件: D:\my-vue-project\wind-power-forecast\backend\auto_scripts\models\supershortmodel\20250325\best_models\GBDT.joblib
2025-03-25 05:24:51,161 - 找到 22 个CSV文件
2025-03-25 05:24:51,161 - 该预测文件已处理过 (标志文件: D:\my-vue-project\wind-power-forecast\backend\auto_scripts\scripts\supershort\logs\auto_predict\predict_20250325_00_00.flag)
2025-03-25 05:24:51,161 - ⏩ 跳过已处理的文件: 202503250000.csv
2025-03-25 05:24:51,162 - 该预测文件已处理过 (标志文件: D:\my-vue-project\wind-power-forecast\backend\auto_scripts\scripts\supershort\logs\auto_predict\predict_20250325_00_15.flag)
2025-03-25 05:24:51,162 - ⏩ 跳过已处理的文件: 202503250015.csv
2025-03-25 05:24:51,162 - 该预测文件已处理过 (标志文件: D:\my-vue-project\wind-power-forecast\backend\auto_scripts\scripts\supershort\logs\auto_predict\predict_20250325_00_30.flag)
2025-03-25 05:24:51,162 - ⏩ 跳过已处理的文件: 202503250030.csv
2025-03-25 05:24:51,162 - 该预测文件已处理过 (标志文件: D:\my-vue-project\wind-power-forecast\backend\auto_scripts\scripts\supershort\logs\auto_predict\predict_20250325_00_45.flag)
2025-03-25 05:24:51,162 - ⏩ 跳过已处理的文件: 202503250045.csv
2025-03-25 05:24:51,162 - 该预测文件已处理过 (标志文件: D:\my-vue-project\wind-power-forecast\backend\auto_scripts\scripts\supershort\logs\auto_predict\predict_20250325_01_00.flag)
2025-03-25 05:24:51,162 - ⏩ 跳过已处理的文件: 202503250100.csv
2025-03-25 05:24:51,163 - 该预测文件已处理过 (标志文件: D:\my-vue-project\wind-power-forecast\backend\auto_scripts\scripts\supershort\logs\auto_predict\predict_20250325_01_15.flag)
2025-03-25 05:24:51,163 - ⏩ 跳过已处理的文件: 202503250115.csv
2025-03-25 05:24:51,163 - 该预测文件已处理过 (标志文件: D:\my-vue-project\wind-power-forecast\backend\auto_scripts\scripts\supershort\logs\auto_predict\predict_20250325_01_30.flag)
2025-03-25 05:24:51,163 - ⏩ 跳过已处理的文件: 202503250130.csv
2025-03-25 05:24:51,163 - 该预测文件已处理过 (标志文件: D:\my-vue-project\wind-power-forecast\backend\auto_scripts\scripts\supershort\logs\auto_predict\predict_20250325_01_45.flag)
2025-03-25 05:24:51,163 - ⏩ 跳过已处理的文件: 202503250145.csv
2025-03-25 05:24:51,163 - 该预测文件已处理过 (标志文件: D:\my-vue-project\wind-power-forecast\backend\auto_scripts\scripts\supershort\logs\auto_predict\predict_20250325_02_00.flag)
2025-03-25 05:24:51,163 - ⏩ 跳过已处理的文件: 202503250200.csv
2025-03-25 05:24:51,164 - 该预测文件已处理过 (标志文件: D:\my-vue-project\wind-power-forecast\backend\auto_scripts\scripts\supershort\logs\auto_predict\predict_20250325_02_15.flag)
2025-03-25 05:24:51,164 - ⏩ 跳过已处理的文件: 202503250215.csv
2025-03-25 05:24:51,164 - 该预测文件已处理过 (标志文件: D:\my-vue-project\wind-power-forecast\backend\auto_scripts\scripts\supershort\logs\auto_predict\predict_20250325_02_30.flag)
2025-03-25 05:24:51,164 - ⏩ 跳过已处理的文件: 202503250230.csv
2025-03-25 05:24:51,164 - 该预测文件已处理过 (标志文件: D:\my-vue-project\wind-power-forecast\backend\auto_scripts\scripts\supershort\logs\auto_predict\predict_20250325_02_45.flag)
2025-03-25 05:24:51,164 - ⏩ 跳过已处理的文件: 202503250245.csv
2025-03-25 05:24:51,164 - 该预测文件已处理过 (标志文件: D:\my-vue-project\wind-power-forecast\backend\auto_scripts\scripts\supershort\logs\auto_predict\predict_20250325_03_00.flag)
2025-03-25 05:24:51,164 - ⏩ 跳过已处理的文件: 202503250300.csv
2025-03-25 05:24:51,165 - 该预测文件已处理过 (标志文件: D:\my-vue-project\wind-power-forecast\backend\auto_scripts\scripts\supershort\logs\auto_predict\predict_20250325_03_15.flag)
2025-03-25 05:24:51,165 - ⏩ 跳过已处理的文件: 202503250315.csv
2025-03-25 05:24:51,165 - 该预测文件已处理过 (标志文件: D:\my-vue-project\wind-power-forecast\backend\auto_scripts\scripts\supershort\logs\auto_predict\predict_20250325_03_30.flag)
2025-03-25 05:24:51,165 - ⏩ 跳过已处理的文件: 202503250330.csv
2025-03-25 05:24:51,165 - 该预测文件已处理过 (标志文件: D:\my-vue-project\wind-power-forecast\backend\auto_scripts\scripts\supershort\logs\auto_predict\predict_20250325_03_45.flag)
2025-03-25 05:24:51,165 - ⏩ 跳过已处理的文件: 202503250345.csv
2025-03-25 05:24:51,165 - 该预测文件已处理过 (标志文件: D:\my-vue-project\wind-power-forecast\backend\auto_scripts\scripts\supershort\logs\auto_predict\predict_20250325_04_00.flag)
2025-03-25 05:24:51,166 - ⏩ 跳过已处理的文件: 202503250400.csv
2025-03-25 05:24:51,166 - 该预测文件已处理过 (标志文件: D:\my-vue-project\wind-power-forecast\backend\auto_scripts\scripts\supershort\logs\auto_predict\predict_20250325_04_15.flag)
2025-03-25 05:24:51,166 - ⏩ 跳过已处理的文件: 202503250415.csv
2025-03-25 05:24:51,166 - 该预测文件已处理过 (标志文件: D:\my-vue-project\wind-power-forecast\backend\auto_scripts\scripts\supershort\logs\auto_predict\predict_20250325_04_30.flag)
2025-03-25 05:24:51,166 - ⏩ 跳过已处理的文件: 202503250430.csv
2025-03-25 05:24:51,166 - 该预测文件已处理过 (标志文件: D:\my-vue-project\wind-power-forecast\backend\auto_scripts\scripts\supershort\logs\auto_predict\predict_20250325_04_45.flag)
2025-03-25 05:24:51,166 - ⏩ 跳过已处理的文件: 202503250445.csv
2025-03-25 05:24:51,167 - 该预测文件已处理过 (标志文件: D:\my-vue-project\wind-power-forecast\backend\auto_scripts\scripts\supershort\logs\auto_predict\predict_20250325_05_00.flag)
2025-03-25 05:24:51,167 - ⏩ 跳过已处理的文件: 202503250500.csv
2025-03-25 05:24:51,167 - 该预测文件已处理过 (标志文件: D:\my-vue-project\wind-power-forecast\backend\auto_scripts\scripts\supershort\logs\auto_predict\predict_20250325_05_15.flag)
2025-03-25 05:24:51,167 - ⏩ 跳过已处理的文件: 202503250515.csv
2025-03-25 05:24:51,167 - 本次共处理了 22 个预测文件
2025-03-25 05:24:51,167 - 
================================================================================
2025-03-25 05:24:51,167 - >>> 预测任务结束 <<<
2025-03-25 05:24:51,167 - ================================================================================

2025-03-25 05:24:51,167 - 预测任务结束
2025-03-25 05:29:52,665 - 
================================================================================
2025-03-25 05:29:52,666 - >>> 自动预测系统启动 <<<
2025-03-25 05:29:52,666 - ================================================================================

2025-03-25 05:29:52,666 - 自动预测系统启动
2025-03-25 05:29:52,666 - 当前日期: 20250325, 时间: 05:29:52
2025-03-25 05:29:52,666 - 
================================================================================
2025-03-25 05:29:52,666 - >>> 开始执行预测 <<<
2025-03-25 05:29:52,666 - ================================================================================

2025-03-25 05:29:52,666 - 开始执行预测
2025-03-25 05:29:52,666 - 扫描预测数据文件目录: D:\my-vue-project\wind-power-forecast\backend\auto_scripts\precsv\supershortcsv\20250325
2025-03-25 05:29:52,666 - 检查模型目录: D:\my-vue-project\wind-power-forecast\backend\auto_scripts\models\supershortmodel\20250325
2025-03-25 05:29:52,666 - 发现best_models目录: D:\my-vue-project\wind-power-forecast\backend\auto_scripts\models\supershortmodel\20250325\best_models
2025-03-25 05:29:52,666 - 发现GBDT模型文件: D:\my-vue-project\wind-power-forecast\backend\auto_scripts\models\supershortmodel\20250325\best_models\GBDT.joblib
2025-03-25 05:29:52,667 - 找到 22 个CSV文件
2025-03-25 05:29:52,667 - 该预测文件已处理过 (标志文件: D:\my-vue-project\wind-power-forecast\backend\auto_scripts\scripts\supershort\logs\auto_predict\predict_20250325_00_00.flag)
2025-03-25 05:29:52,667 - ⏩ 跳过已处理的文件: 202503250000.csv
2025-03-25 05:29:52,667 - 该预测文件已处理过 (标志文件: D:\my-vue-project\wind-power-forecast\backend\auto_scripts\scripts\supershort\logs\auto_predict\predict_20250325_00_15.flag)
2025-03-25 05:29:52,667 - ⏩ 跳过已处理的文件: 202503250015.csv
2025-03-25 05:29:52,667 - 该预测文件已处理过 (标志文件: D:\my-vue-project\wind-power-forecast\backend\auto_scripts\scripts\supershort\logs\auto_predict\predict_20250325_00_30.flag)
2025-03-25 05:29:52,667 - ⏩ 跳过已处理的文件: 202503250030.csv
2025-03-25 05:29:52,668 - 该预测文件已处理过 (标志文件: D:\my-vue-project\wind-power-forecast\backend\auto_scripts\scripts\supershort\logs\auto_predict\predict_20250325_00_45.flag)
2025-03-25 05:29:52,668 - ⏩ 跳过已处理的文件: 202503250045.csv
2025-03-25 05:29:52,668 - 该预测文件已处理过 (标志文件: D:\my-vue-project\wind-power-forecast\backend\auto_scripts\scripts\supershort\logs\auto_predict\predict_20250325_01_00.flag)
2025-03-25 05:29:52,668 - ⏩ 跳过已处理的文件: 202503250100.csv
2025-03-25 05:29:52,668 - 该预测文件已处理过 (标志文件: D:\my-vue-project\wind-power-forecast\backend\auto_scripts\scripts\supershort\logs\auto_predict\predict_20250325_01_15.flag)
2025-03-25 05:29:52,668 - ⏩ 跳过已处理的文件: 202503250115.csv
2025-03-25 05:29:52,668 - 该预测文件已处理过 (标志文件: D:\my-vue-project\wind-power-forecast\backend\auto_scripts\scripts\supershort\logs\auto_predict\predict_20250325_01_30.flag)
2025-03-25 05:29:52,668 - ⏩ 跳过已处理的文件: 202503250130.csv
2025-03-25 05:29:52,669 - 该预测文件已处理过 (标志文件: D:\my-vue-project\wind-power-forecast\backend\auto_scripts\scripts\supershort\logs\auto_predict\predict_20250325_01_45.flag)
2025-03-25 05:29:52,669 - ⏩ 跳过已处理的文件: 202503250145.csv
2025-03-25 05:29:52,669 - 该预测文件已处理过 (标志文件: D:\my-vue-project\wind-power-forecast\backend\auto_scripts\scripts\supershort\logs\auto_predict\predict_20250325_02_00.flag)
2025-03-25 05:29:52,669 - ⏩ 跳过已处理的文件: 202503250200.csv
2025-03-25 05:29:52,669 - 该预测文件已处理过 (标志文件: D:\my-vue-project\wind-power-forecast\backend\auto_scripts\scripts\supershort\logs\auto_predict\predict_20250325_02_15.flag)
2025-03-25 05:29:52,669 - ⏩ 跳过已处理的文件: 202503250215.csv
2025-03-25 05:29:52,669 - 该预测文件已处理过 (标志文件: D:\my-vue-project\wind-power-forecast\backend\auto_scripts\scripts\supershort\logs\auto_predict\predict_20250325_02_30.flag)
2025-03-25 05:29:52,669 - ⏩ 跳过已处理的文件: 202503250230.csv
2025-03-25 05:29:52,670 - 该预测文件已处理过 (标志文件: D:\my-vue-project\wind-power-forecast\backend\auto_scripts\scripts\supershort\logs\auto_predict\predict_20250325_02_45.flag)
2025-03-25 05:29:52,670 - ⏩ 跳过已处理的文件: 202503250245.csv
2025-03-25 05:29:52,670 - 该预测文件已处理过 (标志文件: D:\my-vue-project\wind-power-forecast\backend\auto_scripts\scripts\supershort\logs\auto_predict\predict_20250325_03_00.flag)
2025-03-25 05:29:52,670 - ⏩ 跳过已处理的文件: 202503250300.csv
2025-03-25 05:29:52,670 - 该预测文件已处理过 (标志文件: D:\my-vue-project\wind-power-forecast\backend\auto_scripts\scripts\supershort\logs\auto_predict\predict_20250325_03_15.flag)
2025-03-25 05:29:52,670 - ⏩ 跳过已处理的文件: 202503250315.csv
2025-03-25 05:29:52,670 - 该预测文件已处理过 (标志文件: D:\my-vue-project\wind-power-forecast\backend\auto_scripts\scripts\supershort\logs\auto_predict\predict_20250325_03_30.flag)
2025-03-25 05:29:52,670 - ⏩ 跳过已处理的文件: 202503250330.csv
2025-03-25 05:29:52,671 - 该预测文件已处理过 (标志文件: D:\my-vue-project\wind-power-forecast\backend\auto_scripts\scripts\supershort\logs\auto_predict\predict_20250325_03_45.flag)
2025-03-25 05:29:52,671 - ⏩ 跳过已处理的文件: 202503250345.csv
2025-03-25 05:29:52,671 - 该预测文件已处理过 (标志文件: D:\my-vue-project\wind-power-forecast\backend\auto_scripts\scripts\supershort\logs\auto_predict\predict_20250325_04_00.flag)
2025-03-25 05:29:52,671 - ⏩ 跳过已处理的文件: 202503250400.csv
2025-03-25 05:29:52,671 - 该预测文件已处理过 (标志文件: D:\my-vue-project\wind-power-forecast\backend\auto_scripts\scripts\supershort\logs\auto_predict\predict_20250325_04_15.flag)
2025-03-25 05:29:52,671 - ⏩ 跳过已处理的文件: 202503250415.csv
2025-03-25 05:29:52,671 - 该预测文件已处理过 (标志文件: D:\my-vue-project\wind-power-forecast\backend\auto_scripts\scripts\supershort\logs\auto_predict\predict_20250325_04_30.flag)
2025-03-25 05:29:52,671 - ⏩ 跳过已处理的文件: 202503250430.csv
2025-03-25 05:29:52,672 - 该预测文件已处理过 (标志文件: D:\my-vue-project\wind-power-forecast\backend\auto_scripts\scripts\supershort\logs\auto_predict\predict_20250325_04_45.flag)
2025-03-25 05:29:52,672 - ⏩ 跳过已处理的文件: 202503250445.csv
2025-03-25 05:29:52,672 - 该预测文件已处理过 (标志文件: D:\my-vue-project\wind-power-forecast\backend\auto_scripts\scripts\supershort\logs\auto_predict\predict_20250325_05_00.flag)
2025-03-25 05:29:52,672 - ⏩ 跳过已处理的文件: 202503250500.csv
2025-03-25 05:29:52,672 - 该预测文件已处理过 (标志文件: D:\my-vue-project\wind-power-forecast\backend\auto_scripts\scripts\supershort\logs\auto_predict\predict_20250325_05_15.flag)
2025-03-25 05:29:52,672 - ⏩ 跳过已处理的文件: 202503250515.csv
2025-03-25 05:29:52,672 - 本次共处理了 22 个预测文件
2025-03-25 05:29:52,672 - 
================================================================================
2025-03-25 05:29:52,672 - >>> 预测任务结束 <<<
2025-03-25 05:29:52,672 - ================================================================================

2025-03-25 05:29:52,672 - 预测任务结束
2025-03-25 05:34:54,014 - 
================================================================================
2025-03-25 05:34:54,014 - >>> 自动预测系统启动 <<<
2025-03-25 05:34:54,014 - ================================================================================

2025-03-25 05:34:54,014 - 自动预测系统启动
2025-03-25 05:34:54,014 - 当前日期: 20250325, 时间: 05:34:54
2025-03-25 05:34:54,015 - 
================================================================================
2025-03-25 05:34:54,015 - >>> 开始执行预测 <<<
2025-03-25 05:34:54,015 - ================================================================================

2025-03-25 05:34:54,015 - 开始执行预测
2025-03-25 05:34:54,015 - 扫描预测数据文件目录: D:\my-vue-project\wind-power-forecast\backend\auto_scripts\precsv\supershortcsv\20250325
2025-03-25 05:34:54,015 - 检查模型目录: D:\my-vue-project\wind-power-forecast\backend\auto_scripts\models\supershortmodel\20250325
2025-03-25 05:34:54,015 - 发现best_models目录: D:\my-vue-project\wind-power-forecast\backend\auto_scripts\models\supershortmodel\20250325\best_models
2025-03-25 05:34:54,015 - 发现GBDT模型文件: D:\my-vue-project\wind-power-forecast\backend\auto_scripts\models\supershortmodel\20250325\best_models\GBDT.joblib
2025-03-25 05:34:54,015 - 找到 23 个CSV文件
2025-03-25 05:34:54,016 - 该预测文件已处理过 (标志文件: D:\my-vue-project\wind-power-forecast\backend\auto_scripts\scripts\supershort\logs\auto_predict\predict_20250325_00_00.flag)
2025-03-25 05:34:54,016 - ⏩ 跳过已处理的文件: 202503250000.csv
2025-03-25 05:34:54,016 - 该预测文件已处理过 (标志文件: D:\my-vue-project\wind-power-forecast\backend\auto_scripts\scripts\supershort\logs\auto_predict\predict_20250325_00_15.flag)
2025-03-25 05:34:54,016 - ⏩ 跳过已处理的文件: 202503250015.csv
2025-03-25 05:34:54,016 - 该预测文件已处理过 (标志文件: D:\my-vue-project\wind-power-forecast\backend\auto_scripts\scripts\supershort\logs\auto_predict\predict_20250325_00_30.flag)
2025-03-25 05:34:54,016 - ⏩ 跳过已处理的文件: 202503250030.csv
2025-03-25 05:34:54,017 - 该预测文件已处理过 (标志文件: D:\my-vue-project\wind-power-forecast\backend\auto_scripts\scripts\supershort\logs\auto_predict\predict_20250325_00_45.flag)
2025-03-25 05:34:54,017 - ⏩ 跳过已处理的文件: 202503250045.csv
2025-03-25 05:34:54,017 - 该预测文件已处理过 (标志文件: D:\my-vue-project\wind-power-forecast\backend\auto_scripts\scripts\supershort\logs\auto_predict\predict_20250325_01_00.flag)
2025-03-25 05:34:54,017 - ⏩ 跳过已处理的文件: 202503250100.csv
2025-03-25 05:34:54,017 - 该预测文件已处理过 (标志文件: D:\my-vue-project\wind-power-forecast\backend\auto_scripts\scripts\supershort\logs\auto_predict\predict_20250325_01_15.flag)
2025-03-25 05:34:54,017 - ⏩ 跳过已处理的文件: 202503250115.csv
2025-03-25 05:34:54,017 - 该预测文件已处理过 (标志文件: D:\my-vue-project\wind-power-forecast\backend\auto_scripts\scripts\supershort\logs\auto_predict\predict_20250325_01_30.flag)
2025-03-25 05:34:54,017 - ⏩ 跳过已处理的文件: 202503250130.csv
2025-03-25 05:34:54,018 - 该预测文件已处理过 (标志文件: D:\my-vue-project\wind-power-forecast\backend\auto_scripts\scripts\supershort\logs\auto_predict\predict_20250325_01_45.flag)
2025-03-25 05:34:54,018 - ⏩ 跳过已处理的文件: 202503250145.csv
2025-03-25 05:34:54,018 - 该预测文件已处理过 (标志文件: D:\my-vue-project\wind-power-forecast\backend\auto_scripts\scripts\supershort\logs\auto_predict\predict_20250325_02_00.flag)
2025-03-25 05:34:54,018 - ⏩ 跳过已处理的文件: 202503250200.csv
2025-03-25 05:34:54,018 - 该预测文件已处理过 (标志文件: D:\my-vue-project\wind-power-forecast\backend\auto_scripts\scripts\supershort\logs\auto_predict\predict_20250325_02_15.flag)
2025-03-25 05:34:54,018 - ⏩ 跳过已处理的文件: 202503250215.csv
2025-03-25 05:34:54,018 - 该预测文件已处理过 (标志文件: D:\my-vue-project\wind-power-forecast\backend\auto_scripts\scripts\supershort\logs\auto_predict\predict_20250325_02_30.flag)
2025-03-25 05:34:54,018 - ⏩ 跳过已处理的文件: 202503250230.csv
2025-03-25 05:34:54,019 - 该预测文件已处理过 (标志文件: D:\my-vue-project\wind-power-forecast\backend\auto_scripts\scripts\supershort\logs\auto_predict\predict_20250325_02_45.flag)
2025-03-25 05:34:54,019 - ⏩ 跳过已处理的文件: 202503250245.csv
2025-03-25 05:34:54,019 - 该预测文件已处理过 (标志文件: D:\my-vue-project\wind-power-forecast\backend\auto_scripts\scripts\supershort\logs\auto_predict\predict_20250325_03_00.flag)
2025-03-25 05:34:54,019 - ⏩ 跳过已处理的文件: 202503250300.csv
2025-03-25 05:34:54,019 - 该预测文件已处理过 (标志文件: D:\my-vue-project\wind-power-forecast\backend\auto_scripts\scripts\supershort\logs\auto_predict\predict_20250325_03_15.flag)
2025-03-25 05:34:54,019 - ⏩ 跳过已处理的文件: 202503250315.csv
2025-03-25 05:34:54,019 - 该预测文件已处理过 (标志文件: D:\my-vue-project\wind-power-forecast\backend\auto_scripts\scripts\supershort\logs\auto_predict\predict_20250325_03_30.flag)
2025-03-25 05:34:54,019 - ⏩ 跳过已处理的文件: 202503250330.csv
2025-03-25 05:34:54,020 - 该预测文件已处理过 (标志文件: D:\my-vue-project\wind-power-forecast\backend\auto_scripts\scripts\supershort\logs\auto_predict\predict_20250325_03_45.flag)
2025-03-25 05:34:54,020 - ⏩ 跳过已处理的文件: 202503250345.csv
2025-03-25 05:34:54,020 - 该预测文件已处理过 (标志文件: D:\my-vue-project\wind-power-forecast\backend\auto_scripts\scripts\supershort\logs\auto_predict\predict_20250325_04_00.flag)
2025-03-25 05:34:54,020 - ⏩ 跳过已处理的文件: 202503250400.csv
2025-03-25 05:34:54,020 - 该预测文件已处理过 (标志文件: D:\my-vue-project\wind-power-forecast\backend\auto_scripts\scripts\supershort\logs\auto_predict\predict_20250325_04_15.flag)
2025-03-25 05:34:54,020 - ⏩ 跳过已处理的文件: 202503250415.csv
2025-03-25 05:34:54,020 - 该预测文件已处理过 (标志文件: D:\my-vue-project\wind-power-forecast\backend\auto_scripts\scripts\supershort\logs\auto_predict\predict_20250325_04_30.flag)
2025-03-25 05:34:54,020 - ⏩ 跳过已处理的文件: 202503250430.csv
2025-03-25 05:34:54,021 - 该预测文件已处理过 (标志文件: D:\my-vue-project\wind-power-forecast\backend\auto_scripts\scripts\supershort\logs\auto_predict\predict_20250325_04_45.flag)
2025-03-25 05:34:54,021 - ⏩ 跳过已处理的文件: 202503250445.csv
2025-03-25 05:34:54,021 - 该预测文件已处理过 (标志文件: D:\my-vue-project\wind-power-forecast\backend\auto_scripts\scripts\supershort\logs\auto_predict\predict_20250325_05_00.flag)
2025-03-25 05:34:54,021 - ⏩ 跳过已处理的文件: 202503250500.csv
2025-03-25 05:34:54,021 - 该预测文件已处理过 (标志文件: D:\my-vue-project\wind-power-forecast\backend\auto_scripts\scripts\supershort\logs\auto_predict\predict_20250325_05_15.flag)
2025-03-25 05:34:54,021 - ⏩ 跳过已处理的文件: 202503250515.csv
2025-03-25 05:34:54,021 - ✅ 处理预测文件: D:\my-vue-project\wind-power-forecast\backend\auto_scripts\precsv\supershortcsv\20250325\202503250530.csv
2025-03-25 05:34:54,022 - 
============================================================
【风电功率预测开始】
============================================================
2025-03-25 05:34:54,022 - 配置信息:
2025-03-25 05:34:54,022 -   - 数据文件: D:\my-vue-project\wind-power-forecast\backend\auto_scripts\precsv\supershortcsv\20250325\202503250530.csv
2025-03-25 05:34:54,022 -   - 模型目录: D:\my-vue-project\wind-power-forecast\backend\auto_scripts\models\supershortmodel\20250325
2025-03-25 05:34:54,022 -   - 窗口大小: 16
2025-03-25 05:34:54,022 -   - 滞后特征数: 4
2025-03-25 05:34:54,022 - 
============================================================
【预处理新数据】
============================================================
2025-03-25 05:34:54,022 - 加载数据文件: D:\my-vue-project\wind-power-forecast\backend\auto_scripts\precsv\supershortcsv\20250325\202503250530.csv
2025-03-25 05:34:54,027 - 数据加载完成，去除缺失值后共 29 条记录
2025-03-25 05:34:54,067 - 数据前5行预览:
        Timestamp    129.128_1    129.128_2  ...  ws200_13  ws200_14  ws200_15
0  2024/3/11 0:00  15974.26563  16293.82813  ...  4.542173  1.324043  0.865087
1  2024/3/11 0:15  15974.26563  16293.82813  ...  3.899081  0.880606  1.273859
2  2024/3/11 0:30  15974.26563  16293.82813  ...  3.273753  0.778394  1.710350
3  2024/3/11 0:45  15974.26563  16293.82813  ...  2.678660  1.115517  2.157803
4  2024/3/11 1:00  15974.26563  16293.82813  ...  2.139185  1.640399  2.610587

[5 rows x 301 columns]
2025-03-25 05:34:54,067 - 预处理数据...
2025-03-25 05:34:54,069 - 预处理完成，特征维度: (29, 304)
2025-03-25 05:34:54,069 - 执行特征工程，滞后特征数: 4...
2025-03-25 05:34:54,100 - 特征工程完成，特征维度: (26, 859)
2025-03-25 05:34:54,100 - 新数据预处理完成，共 26 个样本
2025-03-25 05:34:54,100 - ✅ 发现最佳模型目录: D:\my-vue-project\wind-power-forecast\backend\auto_scripts\models\supershortmodel\20250325\best_models，尝试使用多模型加权预测
2025-03-25 05:34:54,100 - 
============================================================
【加载多个模型】
============================================================
2025-03-25 05:34:54,100 - 从目录加载模型和 scaler: D:\my-vue-project\wind-power-forecast\backend\auto_scripts\models\supershortmodel\20250325\best_models
2025-03-25 05:34:54,101 - 加载 GBDT 模型和 scaler...
2025-03-25 05:34:54,191 - ✅ 已成功加载 GBDT 模型和对应的 scaler
2025-03-25 05:34:54,191 - 加载 DART 模型和 scaler...
2025-03-25 05:34:54,196 - ✅ 已成功加载 DART 模型和对应的 scaler
2025-03-25 05:34:54,196 - 加载 GOSS 模型和 scaler...
2025-03-25 05:34:54,201 - ✅ 已成功加载 GOSS 模型和对应的 scaler
2025-03-25 05:34:54,201 - 加载完成，共加载了 3 个模型: GBDT, DART, GOSS
2025-03-25 05:34:54,202 - 尝试加载模型权重文件: D:\my-vue-project\wind-power-forecast\backend\auto_scripts\models\supershortmodel\20250325\model_weights.joblib
2025-03-25 05:34:54,202 - ✅ 已加载模型权重: {'GBDT': np.float64(0.0), 'DART': np.float64(0.0), 'GOSS': np.float64(0.9413418792089218), 'INTERCEPT': np.float64(-0.0258769107539365)}
2025-03-25 05:34:54,202 - 
============================================================
【使用多模型加权预测】
============================================================
2025-03-25 05:34:54,202 - 使用自定义权重: {'GBDT': np.float64(0.0), 'DART': np.float64(0.0), 'GOSS': np.float64(0.9413418792089218), 'INTERCEPT': np.float64(-0.0258769107539365)}
2025-03-25 05:34:54,202 - ❌ GBDT 模型权重为0，跳过
2025-03-25 05:34:54,202 - ❌ DART 模型权重为0，跳过
2025-03-25 05:34:54,202 - 使用 GOSS 模型进行预测 (权重: 0.9413)...
2025-03-25 05:34:54,204 - GOSS: 数据标准化完成
2025-03-25 05:34:54,204 - GOSS: 时间窗口创建完成，窗口数量: 11
2025-03-25 05:34:54,251 - ✅ GOSS 模型预测完成，生成了 11 个预测值
2025-03-25 05:34:54,251 -    统计: 最小值=118.97, 最大值=177.46, 平均值=157.97
2025-03-25 05:34:54,251 - 所有预测结果对齐到最小长度: 11
2025-03-25 05:34:54,251 - 开始计算加权平均预测结果...
2025-03-25 05:34:54,252 -   加入 GOSS 模型贡献 (权重: 0.9413)
2025-03-25 05:34:54,252 -   加入常数偏置项 (值: -0.0259)
2025-03-25 05:34:54,252 - 加权平均预测完成，生成了 11 个预测值
2025-03-25 05:34:54,252 - 加权预测结果统计: 最小值=111.96, 最大值=167.03, 平均值=148.67
2025-03-25 05:34:54,252 - ✅ 多模型加权预测完成，使用模型: GBDT, DART, GOSS
2025-03-25 05:34:54,252 - 预测结果数据框创建完成，共 11 行
2025-03-25 05:34:54,254 - ✅ 预测结果已保存到文件: D:\my-vue-project\wind-power-forecast\backend\auto_scripts\results\supershortresult\20250325\prediction_202503250530.csv
2025-03-25 05:34:54,254 - 尝试将预测结果导入数据库...
2025-03-25 05:34:54,254 - 发送HTTP请求到: http://localhost:5000/prediction2database/batch_supershortl_power
2025-03-25 05:34:56,333 - ✅ 数据已成功导入数据库
2025-03-25 05:34:56,333 -    总记录数: 11, 更新: 11, 插入: 0
2025-03-25 05:34:56,334 - 
============================================================
【风电功率预测完成】
============================================================
2025-03-25 05:34:56,334 - 风电功率预测完成
2025-03-25 05:34:56,337 - ✅ 202503250530.csv 预测执行完成
2025-03-25 05:34:56,338 - 已创建预测标志文件: D:\my-vue-project\wind-power-forecast\backend\auto_scripts\scripts\supershort\logs\auto_predict\predict_20250325_05_30.flag
2025-03-25 05:34:56,338 - 本次共处理了 23 个预测文件
2025-03-25 05:34:56,338 - 
================================================================================
2025-03-25 05:34:56,338 - >>> 预测任务结束 <<<
2025-03-25 05:34:56,339 - ================================================================================

2025-03-25 05:34:56,339 - 预测任务结束
2025-03-25 05:39:57,816 - 
================================================================================
2025-03-25 05:39:57,816 - >>> 自动预测系统启动 <<<
2025-03-25 05:39:57,816 - ================================================================================

2025-03-25 05:39:57,816 - 自动预测系统启动
2025-03-25 05:39:57,816 - 当前日期: 20250325, 时间: 05:39:57
2025-03-25 05:39:57,816 - 
================================================================================
2025-03-25 05:39:57,816 - >>> 开始执行预测 <<<
2025-03-25 05:39:57,816 - ================================================================================

2025-03-25 05:39:57,816 - 开始执行预测
2025-03-25 05:39:57,817 - 扫描预测数据文件目录: D:\my-vue-project\wind-power-forecast\backend\auto_scripts\precsv\supershortcsv\20250325
2025-03-25 05:39:57,817 - 检查模型目录: D:\my-vue-project\wind-power-forecast\backend\auto_scripts\models\supershortmodel\20250325
2025-03-25 05:39:57,817 - 发现best_models目录: D:\my-vue-project\wind-power-forecast\backend\auto_scripts\models\supershortmodel\20250325\best_models
2025-03-25 05:39:57,817 - 发现GBDT模型文件: D:\my-vue-project\wind-power-forecast\backend\auto_scripts\models\supershortmodel\20250325\best_models\GBDT.joblib
2025-03-25 05:39:57,817 - 找到 23 个CSV文件
2025-03-25 05:39:57,817 - 该预测文件已处理过 (标志文件: D:\my-vue-project\wind-power-forecast\backend\auto_scripts\scripts\supershort\logs\auto_predict\predict_20250325_00_00.flag)
2025-03-25 05:39:57,817 - ⏩ 跳过已处理的文件: 202503250000.csv
2025-03-25 05:39:57,817 - 该预测文件已处理过 (标志文件: D:\my-vue-project\wind-power-forecast\backend\auto_scripts\scripts\supershort\logs\auto_predict\predict_20250325_00_15.flag)
2025-03-25 05:39:57,818 - ⏩ 跳过已处理的文件: 202503250015.csv
2025-03-25 05:39:57,818 - 该预测文件已处理过 (标志文件: D:\my-vue-project\wind-power-forecast\backend\auto_scripts\scripts\supershort\logs\auto_predict\predict_20250325_00_30.flag)
2025-03-25 05:39:57,818 - ⏩ 跳过已处理的文件: 202503250030.csv
2025-03-25 05:39:57,818 - 该预测文件已处理过 (标志文件: D:\my-vue-project\wind-power-forecast\backend\auto_scripts\scripts\supershort\logs\auto_predict\predict_20250325_00_45.flag)
2025-03-25 05:39:57,818 - ⏩ 跳过已处理的文件: 202503250045.csv
2025-03-25 05:39:57,818 - 该预测文件已处理过 (标志文件: D:\my-vue-project\wind-power-forecast\backend\auto_scripts\scripts\supershort\logs\auto_predict\predict_20250325_01_00.flag)
2025-03-25 05:39:57,818 - ⏩ 跳过已处理的文件: 202503250100.csv
2025-03-25 05:39:57,818 - 该预测文件已处理过 (标志文件: D:\my-vue-project\wind-power-forecast\backend\auto_scripts\scripts\supershort\logs\auto_predict\predict_20250325_01_15.flag)
2025-03-25 05:39:57,819 - ⏩ 跳过已处理的文件: 202503250115.csv
2025-03-25 05:39:57,819 - 该预测文件已处理过 (标志文件: D:\my-vue-project\wind-power-forecast\backend\auto_scripts\scripts\supershort\logs\auto_predict\predict_20250325_01_30.flag)
2025-03-25 05:39:57,819 - ⏩ 跳过已处理的文件: 202503250130.csv
2025-03-25 05:39:57,819 - 该预测文件已处理过 (标志文件: D:\my-vue-project\wind-power-forecast\backend\auto_scripts\scripts\supershort\logs\auto_predict\predict_20250325_01_45.flag)
2025-03-25 05:39:57,819 - ⏩ 跳过已处理的文件: 202503250145.csv
2025-03-25 05:39:57,819 - 该预测文件已处理过 (标志文件: D:\my-vue-project\wind-power-forecast\backend\auto_scripts\scripts\supershort\logs\auto_predict\predict_20250325_02_00.flag)
2025-03-25 05:39:57,819 - ⏩ 跳过已处理的文件: 202503250200.csv
2025-03-25 05:39:57,819 - 该预测文件已处理过 (标志文件: D:\my-vue-project\wind-power-forecast\backend\auto_scripts\scripts\supershort\logs\auto_predict\predict_20250325_02_15.flag)
2025-03-25 05:39:57,819 - ⏩ 跳过已处理的文件: 202503250215.csv
2025-03-25 05:39:57,820 - 该预测文件已处理过 (标志文件: D:\my-vue-project\wind-power-forecast\backend\auto_scripts\scripts\supershort\logs\auto_predict\predict_20250325_02_30.flag)
2025-03-25 05:39:57,820 - ⏩ 跳过已处理的文件: 202503250230.csv
2025-03-25 05:39:57,820 - 该预测文件已处理过 (标志文件: D:\my-vue-project\wind-power-forecast\backend\auto_scripts\scripts\supershort\logs\auto_predict\predict_20250325_02_45.flag)
2025-03-25 05:39:57,820 - ⏩ 跳过已处理的文件: 202503250245.csv
2025-03-25 05:39:57,820 - 该预测文件已处理过 (标志文件: D:\my-vue-project\wind-power-forecast\backend\auto_scripts\scripts\supershort\logs\auto_predict\predict_20250325_03_00.flag)
2025-03-25 05:39:57,820 - ⏩ 跳过已处理的文件: 202503250300.csv
2025-03-25 05:39:57,820 - 该预测文件已处理过 (标志文件: D:\my-vue-project\wind-power-forecast\backend\auto_scripts\scripts\supershort\logs\auto_predict\predict_20250325_03_15.flag)
2025-03-25 05:39:57,820 - ⏩ 跳过已处理的文件: 202503250315.csv
2025-03-25 05:39:57,821 - 该预测文件已处理过 (标志文件: D:\my-vue-project\wind-power-forecast\backend\auto_scripts\scripts\supershort\logs\auto_predict\predict_20250325_03_30.flag)
2025-03-25 05:39:57,821 - ⏩ 跳过已处理的文件: 202503250330.csv
2025-03-25 05:39:57,821 - 该预测文件已处理过 (标志文件: D:\my-vue-project\wind-power-forecast\backend\auto_scripts\scripts\supershort\logs\auto_predict\predict_20250325_03_45.flag)
2025-03-25 05:39:57,821 - ⏩ 跳过已处理的文件: 202503250345.csv
2025-03-25 05:39:57,821 - 该预测文件已处理过 (标志文件: D:\my-vue-project\wind-power-forecast\backend\auto_scripts\scripts\supershort\logs\auto_predict\predict_20250325_04_00.flag)
2025-03-25 05:39:57,821 - ⏩ 跳过已处理的文件: 202503250400.csv
2025-03-25 05:39:57,821 - 该预测文件已处理过 (标志文件: D:\my-vue-project\wind-power-forecast\backend\auto_scripts\scripts\supershort\logs\auto_predict\predict_20250325_04_15.flag)
2025-03-25 05:39:57,821 - ⏩ 跳过已处理的文件: 202503250415.csv
2025-03-25 05:39:57,822 - 该预测文件已处理过 (标志文件: D:\my-vue-project\wind-power-forecast\backend\auto_scripts\scripts\supershort\logs\auto_predict\predict_20250325_04_30.flag)
2025-03-25 05:39:57,822 - ⏩ 跳过已处理的文件: 202503250430.csv
2025-03-25 05:39:57,822 - 该预测文件已处理过 (标志文件: D:\my-vue-project\wind-power-forecast\backend\auto_scripts\scripts\supershort\logs\auto_predict\predict_20250325_04_45.flag)
2025-03-25 05:39:57,822 - ⏩ 跳过已处理的文件: 202503250445.csv
2025-03-25 05:39:57,822 - 该预测文件已处理过 (标志文件: D:\my-vue-project\wind-power-forecast\backend\auto_scripts\scripts\supershort\logs\auto_predict\predict_20250325_05_00.flag)
2025-03-25 05:39:57,822 - ⏩ 跳过已处理的文件: 202503250500.csv
2025-03-25 05:39:57,822 - 该预测文件已处理过 (标志文件: D:\my-vue-project\wind-power-forecast\backend\auto_scripts\scripts\supershort\logs\auto_predict\predict_20250325_05_15.flag)
2025-03-25 05:39:57,822 - ⏩ 跳过已处理的文件: 202503250515.csv
2025-03-25 05:39:57,823 - 该预测文件已处理过 (标志文件: D:\my-vue-project\wind-power-forecast\backend\auto_scripts\scripts\supershort\logs\auto_predict\predict_20250325_05_30.flag)
2025-03-25 05:39:57,823 - ⏩ 跳过已处理的文件: 202503250530.csv
2025-03-25 05:39:57,823 - 本次共处理了 23 个预测文件
2025-03-25 05:39:57,823 - 
================================================================================
2025-03-25 05:39:57,823 - >>> 预测任务结束 <<<
2025-03-25 05:39:57,823 - ================================================================================

2025-03-25 05:39:57,823 - 预测任务结束
2025-03-25 05:44:59,397 - 
================================================================================
2025-03-25 05:44:59,397 - >>> 自动预测系统启动 <<<
2025-03-25 05:44:59,397 - ================================================================================

2025-03-25 05:44:59,397 - 自动预测系统启动
2025-03-25 05:44:59,397 - 当前日期: 20250325, 时间: 05:44:59
2025-03-25 05:44:59,397 - 
================================================================================
2025-03-25 05:44:59,397 - >>> 开始执行预测 <<<
2025-03-25 05:44:59,397 - ================================================================================

2025-03-25 05:44:59,397 - 开始执行预测
2025-03-25 05:44:59,397 - 扫描预测数据文件目录: D:\my-vue-project\wind-power-forecast\backend\auto_scripts\precsv\supershortcsv\20250325
2025-03-25 05:44:59,397 - 检查模型目录: D:\my-vue-project\wind-power-forecast\backend\auto_scripts\models\supershortmodel\20250325
2025-03-25 05:44:59,398 - 发现best_models目录: D:\my-vue-project\wind-power-forecast\backend\auto_scripts\models\supershortmodel\20250325\best_models
2025-03-25 05:44:59,398 - 发现GBDT模型文件: D:\my-vue-project\wind-power-forecast\backend\auto_scripts\models\supershortmodel\20250325\best_models\GBDT.joblib
2025-03-25 05:44:59,398 - 找到 23 个CSV文件
2025-03-25 05:44:59,398 - 该预测文件已处理过 (标志文件: D:\my-vue-project\wind-power-forecast\backend\auto_scripts\scripts\supershort\logs\auto_predict\predict_20250325_00_00.flag)
2025-03-25 05:44:59,398 - ⏩ 跳过已处理的文件: 202503250000.csv
2025-03-25 05:44:59,398 - 该预测文件已处理过 (标志文件: D:\my-vue-project\wind-power-forecast\backend\auto_scripts\scripts\supershort\logs\auto_predict\predict_20250325_00_15.flag)
2025-03-25 05:44:59,398 - ⏩ 跳过已处理的文件: 202503250015.csv
2025-03-25 05:44:59,399 - 该预测文件已处理过 (标志文件: D:\my-vue-project\wind-power-forecast\backend\auto_scripts\scripts\supershort\logs\auto_predict\predict_20250325_00_30.flag)
2025-03-25 05:44:59,399 - ⏩ 跳过已处理的文件: 202503250030.csv
2025-03-25 05:44:59,399 - 该预测文件已处理过 (标志文件: D:\my-vue-project\wind-power-forecast\backend\auto_scripts\scripts\supershort\logs\auto_predict\predict_20250325_00_45.flag)
2025-03-25 05:44:59,399 - ⏩ 跳过已处理的文件: 202503250045.csv
2025-03-25 05:44:59,399 - 该预测文件已处理过 (标志文件: D:\my-vue-project\wind-power-forecast\backend\auto_scripts\scripts\supershort\logs\auto_predict\predict_20250325_01_00.flag)
2025-03-25 05:44:59,399 - ⏩ 跳过已处理的文件: 202503250100.csv
2025-03-25 05:44:59,399 - 该预测文件已处理过 (标志文件: D:\my-vue-project\wind-power-forecast\backend\auto_scripts\scripts\supershort\logs\auto_predict\predict_20250325_01_15.flag)
2025-03-25 05:44:59,399 - ⏩ 跳过已处理的文件: 202503250115.csv
2025-03-25 05:44:59,400 - 该预测文件已处理过 (标志文件: D:\my-vue-project\wind-power-forecast\backend\auto_scripts\scripts\supershort\logs\auto_predict\predict_20250325_01_30.flag)
2025-03-25 05:44:59,400 - ⏩ 跳过已处理的文件: 202503250130.csv
2025-03-25 05:44:59,400 - 该预测文件已处理过 (标志文件: D:\my-vue-project\wind-power-forecast\backend\auto_scripts\scripts\supershort\logs\auto_predict\predict_20250325_01_45.flag)
2025-03-25 05:44:59,400 - ⏩ 跳过已处理的文件: 202503250145.csv
2025-03-25 05:44:59,400 - 该预测文件已处理过 (标志文件: D:\my-vue-project\wind-power-forecast\backend\auto_scripts\scripts\supershort\logs\auto_predict\predict_20250325_02_00.flag)
2025-03-25 05:44:59,400 - ⏩ 跳过已处理的文件: 202503250200.csv
2025-03-25 05:44:59,400 - 该预测文件已处理过 (标志文件: D:\my-vue-project\wind-power-forecast\backend\auto_scripts\scripts\supershort\logs\auto_predict\predict_20250325_02_15.flag)
2025-03-25 05:44:59,400 - ⏩ 跳过已处理的文件: 202503250215.csv
2025-03-25 05:44:59,401 - 该预测文件已处理过 (标志文件: D:\my-vue-project\wind-power-forecast\backend\auto_scripts\scripts\supershort\logs\auto_predict\predict_20250325_02_30.flag)
2025-03-25 05:44:59,401 - ⏩ 跳过已处理的文件: 202503250230.csv
2025-03-25 05:44:59,401 - 该预测文件已处理过 (标志文件: D:\my-vue-project\wind-power-forecast\backend\auto_scripts\scripts\supershort\logs\auto_predict\predict_20250325_02_45.flag)
2025-03-25 05:44:59,401 - ⏩ 跳过已处理的文件: 202503250245.csv
2025-03-25 05:44:59,401 - 该预测文件已处理过 (标志文件: D:\my-vue-project\wind-power-forecast\backend\auto_scripts\scripts\supershort\logs\auto_predict\predict_20250325_03_00.flag)
2025-03-25 05:44:59,401 - ⏩ 跳过已处理的文件: 202503250300.csv
2025-03-25 05:44:59,401 - 该预测文件已处理过 (标志文件: D:\my-vue-project\wind-power-forecast\backend\auto_scripts\scripts\supershort\logs\auto_predict\predict_20250325_03_15.flag)
2025-03-25 05:44:59,401 - ⏩ 跳过已处理的文件: 202503250315.csv
2025-03-25 05:44:59,402 - 该预测文件已处理过 (标志文件: D:\my-vue-project\wind-power-forecast\backend\auto_scripts\scripts\supershort\logs\auto_predict\predict_20250325_03_30.flag)
2025-03-25 05:44:59,402 - ⏩ 跳过已处理的文件: 202503250330.csv
2025-03-25 05:44:59,402 - 该预测文件已处理过 (标志文件: D:\my-vue-project\wind-power-forecast\backend\auto_scripts\scripts\supershort\logs\auto_predict\predict_20250325_03_45.flag)
2025-03-25 05:44:59,402 - ⏩ 跳过已处理的文件: 202503250345.csv
2025-03-25 05:44:59,402 - 该预测文件已处理过 (标志文件: D:\my-vue-project\wind-power-forecast\backend\auto_scripts\scripts\supershort\logs\auto_predict\predict_20250325_04_00.flag)
2025-03-25 05:44:59,402 - ⏩ 跳过已处理的文件: 202503250400.csv
2025-03-25 05:44:59,402 - 该预测文件已处理过 (标志文件: D:\my-vue-project\wind-power-forecast\backend\auto_scripts\scripts\supershort\logs\auto_predict\predict_20250325_04_15.flag)
2025-03-25 05:44:59,402 - ⏩ 跳过已处理的文件: 202503250415.csv
2025-03-25 05:44:59,403 - 该预测文件已处理过 (标志文件: D:\my-vue-project\wind-power-forecast\backend\auto_scripts\scripts\supershort\logs\auto_predict\predict_20250325_04_30.flag)
2025-03-25 05:44:59,403 - ⏩ 跳过已处理的文件: 202503250430.csv
2025-03-25 05:44:59,403 - 该预测文件已处理过 (标志文件: D:\my-vue-project\wind-power-forecast\backend\auto_scripts\scripts\supershort\logs\auto_predict\predict_20250325_04_45.flag)
2025-03-25 05:44:59,403 - ⏩ 跳过已处理的文件: 202503250445.csv
2025-03-25 05:44:59,403 - 该预测文件已处理过 (标志文件: D:\my-vue-project\wind-power-forecast\backend\auto_scripts\scripts\supershort\logs\auto_predict\predict_20250325_05_00.flag)
2025-03-25 05:44:59,403 - ⏩ 跳过已处理的文件: 202503250500.csv
2025-03-25 05:44:59,403 - 该预测文件已处理过 (标志文件: D:\my-vue-project\wind-power-forecast\backend\auto_scripts\scripts\supershort\logs\auto_predict\predict_20250325_05_15.flag)
2025-03-25 05:44:59,403 - ⏩ 跳过已处理的文件: 202503250515.csv
2025-03-25 05:44:59,404 - 该预测文件已处理过 (标志文件: D:\my-vue-project\wind-power-forecast\backend\auto_scripts\scripts\supershort\logs\auto_predict\predict_20250325_05_30.flag)
2025-03-25 05:44:59,404 - ⏩ 跳过已处理的文件: 202503250530.csv
2025-03-25 05:44:59,404 - 本次共处理了 23 个预测文件
2025-03-25 05:44:59,404 - 
================================================================================
2025-03-25 05:44:59,404 - >>> 预测任务结束 <<<
2025-03-25 05:44:59,404 - ================================================================================

2025-03-25 05:44:59,404 - 预测任务结束
2025-03-25 05:50:00,841 - 
================================================================================
2025-03-25 05:50:00,841 - >>> 自动预测系统启动 <<<
2025-03-25 05:50:00,841 - ================================================================================

2025-03-25 05:50:00,841 - 自动预测系统启动
2025-03-25 05:50:00,842 - 当前日期: 20250325, 时间: 05:50:00
2025-03-25 05:50:00,842 - 
================================================================================
2025-03-25 05:50:00,842 - >>> 开始执行预测 <<<
2025-03-25 05:50:00,842 - ================================================================================

2025-03-25 05:50:00,842 - 开始执行预测
2025-03-25 05:50:00,842 - 扫描预测数据文件目录: D:\my-vue-project\wind-power-forecast\backend\auto_scripts\precsv\supershortcsv\20250325
2025-03-25 05:50:00,842 - 检查模型目录: D:\my-vue-project\wind-power-forecast\backend\auto_scripts\models\supershortmodel\20250325
2025-03-25 05:50:00,842 - 发现best_models目录: D:\my-vue-project\wind-power-forecast\backend\auto_scripts\models\supershortmodel\20250325\best_models
2025-03-25 05:50:00,842 - 发现GBDT模型文件: D:\my-vue-project\wind-power-forecast\backend\auto_scripts\models\supershortmodel\20250325\best_models\GBDT.joblib
2025-03-25 05:50:00,842 - 找到 24 个CSV文件
2025-03-25 05:50:00,843 - 该预测文件已处理过 (标志文件: D:\my-vue-project\wind-power-forecast\backend\auto_scripts\scripts\supershort\logs\auto_predict\predict_20250325_00_00.flag)
2025-03-25 05:50:00,843 - ⏩ 跳过已处理的文件: 202503250000.csv
2025-03-25 05:50:00,843 - 该预测文件已处理过 (标志文件: D:\my-vue-project\wind-power-forecast\backend\auto_scripts\scripts\supershort\logs\auto_predict\predict_20250325_00_15.flag)
2025-03-25 05:50:00,843 - ⏩ 跳过已处理的文件: 202503250015.csv
2025-03-25 05:50:00,843 - 该预测文件已处理过 (标志文件: D:\my-vue-project\wind-power-forecast\backend\auto_scripts\scripts\supershort\logs\auto_predict\predict_20250325_00_30.flag)
2025-03-25 05:50:00,843 - ⏩ 跳过已处理的文件: 202503250030.csv
2025-03-25 05:50:00,844 - 该预测文件已处理过 (标志文件: D:\my-vue-project\wind-power-forecast\backend\auto_scripts\scripts\supershort\logs\auto_predict\predict_20250325_00_45.flag)
2025-03-25 05:50:00,844 - ⏩ 跳过已处理的文件: 202503250045.csv
2025-03-25 05:50:00,844 - 该预测文件已处理过 (标志文件: D:\my-vue-project\wind-power-forecast\backend\auto_scripts\scripts\supershort\logs\auto_predict\predict_20250325_01_00.flag)
2025-03-25 05:50:00,844 - ⏩ 跳过已处理的文件: 202503250100.csv
2025-03-25 05:50:00,844 - 该预测文件已处理过 (标志文件: D:\my-vue-project\wind-power-forecast\backend\auto_scripts\scripts\supershort\logs\auto_predict\predict_20250325_01_15.flag)
2025-03-25 05:50:00,844 - ⏩ 跳过已处理的文件: 202503250115.csv
2025-03-25 05:50:00,844 - 该预测文件已处理过 (标志文件: D:\my-vue-project\wind-power-forecast\backend\auto_scripts\scripts\supershort\logs\auto_predict\predict_20250325_01_30.flag)
2025-03-25 05:50:00,844 - ⏩ 跳过已处理的文件: 202503250130.csv
2025-03-25 05:50:00,845 - 该预测文件已处理过 (标志文件: D:\my-vue-project\wind-power-forecast\backend\auto_scripts\scripts\supershort\logs\auto_predict\predict_20250325_01_45.flag)
2025-03-25 05:50:00,845 - ⏩ 跳过已处理的文件: 202503250145.csv
2025-03-25 05:50:00,845 - 该预测文件已处理过 (标志文件: D:\my-vue-project\wind-power-forecast\backend\auto_scripts\scripts\supershort\logs\auto_predict\predict_20250325_02_00.flag)
2025-03-25 05:50:00,845 - ⏩ 跳过已处理的文件: 202503250200.csv
2025-03-25 05:50:00,845 - 该预测文件已处理过 (标志文件: D:\my-vue-project\wind-power-forecast\backend\auto_scripts\scripts\supershort\logs\auto_predict\predict_20250325_02_15.flag)
2025-03-25 05:50:00,845 - ⏩ 跳过已处理的文件: 202503250215.csv
2025-03-25 05:50:00,845 - 该预测文件已处理过 (标志文件: D:\my-vue-project\wind-power-forecast\backend\auto_scripts\scripts\supershort\logs\auto_predict\predict_20250325_02_30.flag)
2025-03-25 05:50:00,845 - ⏩ 跳过已处理的文件: 202503250230.csv
2025-03-25 05:50:00,846 - 该预测文件已处理过 (标志文件: D:\my-vue-project\wind-power-forecast\backend\auto_scripts\scripts\supershort\logs\auto_predict\predict_20250325_02_45.flag)
2025-03-25 05:50:00,846 - ⏩ 跳过已处理的文件: 202503250245.csv
2025-03-25 05:50:00,846 - 该预测文件已处理过 (标志文件: D:\my-vue-project\wind-power-forecast\backend\auto_scripts\scripts\supershort\logs\auto_predict\predict_20250325_03_00.flag)
2025-03-25 05:50:00,846 - ⏩ 跳过已处理的文件: 202503250300.csv
2025-03-25 05:50:00,846 - 该预测文件已处理过 (标志文件: D:\my-vue-project\wind-power-forecast\backend\auto_scripts\scripts\supershort\logs\auto_predict\predict_20250325_03_15.flag)
2025-03-25 05:50:00,846 - ⏩ 跳过已处理的文件: 202503250315.csv
2025-03-25 05:50:00,846 - 该预测文件已处理过 (标志文件: D:\my-vue-project\wind-power-forecast\backend\auto_scripts\scripts\supershort\logs\auto_predict\predict_20250325_03_30.flag)
2025-03-25 05:50:00,846 - ⏩ 跳过已处理的文件: 202503250330.csv
2025-03-25 05:50:00,847 - 该预测文件已处理过 (标志文件: D:\my-vue-project\wind-power-forecast\backend\auto_scripts\scripts\supershort\logs\auto_predict\predict_20250325_03_45.flag)
2025-03-25 05:50:00,847 - ⏩ 跳过已处理的文件: 202503250345.csv
2025-03-25 05:50:00,847 - 该预测文件已处理过 (标志文件: D:\my-vue-project\wind-power-forecast\backend\auto_scripts\scripts\supershort\logs\auto_predict\predict_20250325_04_00.flag)
2025-03-25 05:50:00,847 - ⏩ 跳过已处理的文件: 202503250400.csv
2025-03-25 05:50:00,847 - 该预测文件已处理过 (标志文件: D:\my-vue-project\wind-power-forecast\backend\auto_scripts\scripts\supershort\logs\auto_predict\predict_20250325_04_15.flag)
2025-03-25 05:50:00,847 - ⏩ 跳过已处理的文件: 202503250415.csv
2025-03-25 05:50:00,847 - 该预测文件已处理过 (标志文件: D:\my-vue-project\wind-power-forecast\backend\auto_scripts\scripts\supershort\logs\auto_predict\predict_20250325_04_30.flag)
2025-03-25 05:50:00,847 - ⏩ 跳过已处理的文件: 202503250430.csv
2025-03-25 05:50:00,848 - 该预测文件已处理过 (标志文件: D:\my-vue-project\wind-power-forecast\backend\auto_scripts\scripts\supershort\logs\auto_predict\predict_20250325_04_45.flag)
2025-03-25 05:50:00,848 - ⏩ 跳过已处理的文件: 202503250445.csv
2025-03-25 05:50:00,848 - 该预测文件已处理过 (标志文件: D:\my-vue-project\wind-power-forecast\backend\auto_scripts\scripts\supershort\logs\auto_predict\predict_20250325_05_00.flag)
2025-03-25 05:50:00,848 - ⏩ 跳过已处理的文件: 202503250500.csv
2025-03-25 05:50:00,848 - 该预测文件已处理过 (标志文件: D:\my-vue-project\wind-power-forecast\backend\auto_scripts\scripts\supershort\logs\auto_predict\predict_20250325_05_15.flag)
2025-03-25 05:50:00,848 - ⏩ 跳过已处理的文件: 202503250515.csv
2025-03-25 05:50:00,848 - 该预测文件已处理过 (标志文件: D:\my-vue-project\wind-power-forecast\backend\auto_scripts\scripts\supershort\logs\auto_predict\predict_20250325_05_30.flag)
2025-03-25 05:50:00,848 - ⏩ 跳过已处理的文件: 202503250530.csv
2025-03-25 05:50:00,849 - ✅ 处理预测文件: D:\my-vue-project\wind-power-forecast\backend\auto_scripts\precsv\supershortcsv\20250325\202503250545.csv
2025-03-25 05:50:00,849 - 
============================================================
【风电功率预测开始】
============================================================
2025-03-25 05:50:00,849 - 配置信息:
2025-03-25 05:50:00,849 -   - 数据文件: D:\my-vue-project\wind-power-forecast\backend\auto_scripts\precsv\supershortcsv\20250325\202503250545.csv
2025-03-25 05:50:00,849 -   - 模型目录: D:\my-vue-project\wind-power-forecast\backend\auto_scripts\models\supershortmodel\20250325
2025-03-25 05:50:00,849 -   - 窗口大小: 16
2025-03-25 05:50:00,849 -   - 滞后特征数: 4
2025-03-25 05:50:00,849 - 
============================================================
【预处理新数据】
============================================================
2025-03-25 05:50:00,849 - 加载数据文件: D:\my-vue-project\wind-power-forecast\backend\auto_scripts\precsv\supershortcsv\20250325\202503250545.csv
2025-03-25 05:50:00,854 - 数据加载完成，去除缺失值后共 29 条记录
2025-03-25 05:50:00,901 - 数据前5行预览:
        Timestamp    129.128_1    129.128_2  ...  ws200_13  ws200_14  ws200_15
0  2024/3/11 0:00  15974.26563  16293.82813  ...  4.542173  1.324043  0.865087
1  2024/3/11 0:15  15974.26563  16293.82813  ...  3.899081  0.880606  1.273859
2  2024/3/11 0:30  15974.26563  16293.82813  ...  3.273753  0.778394  1.710350
3  2024/3/11 0:45  15974.26563  16293.82813  ...  2.678660  1.115517  2.157803
4  2024/3/11 1:00  15974.26563  16293.82813  ...  2.139185  1.640399  2.610587

[5 rows x 301 columns]
2025-03-25 05:50:00,901 - 预处理数据...
2025-03-25 05:50:00,904 - 预处理完成，特征维度: (29, 304)
2025-03-25 05:50:00,904 - 执行特征工程，滞后特征数: 4...
2025-03-25 05:50:00,934 - 特征工程完成，特征维度: (26, 859)
2025-03-25 05:50:00,934 - 新数据预处理完成，共 26 个样本
2025-03-25 05:50:00,934 - ✅ 发现最佳模型目录: D:\my-vue-project\wind-power-forecast\backend\auto_scripts\models\supershortmodel\20250325\best_models，尝试使用多模型加权预测
2025-03-25 05:50:00,934 - 
============================================================
【加载多个模型】
============================================================
2025-03-25 05:50:00,934 - 从目录加载模型和 scaler: D:\my-vue-project\wind-power-forecast\backend\auto_scripts\models\supershortmodel\20250325\best_models
2025-03-25 05:50:00,934 - 加载 GBDT 模型和 scaler...
2025-03-25 05:50:01,025 - ✅ 已成功加载 GBDT 模型和对应的 scaler
2025-03-25 05:50:01,026 - 加载 DART 模型和 scaler...
2025-03-25 05:50:01,033 - ✅ 已成功加载 DART 模型和对应的 scaler
2025-03-25 05:50:01,034 - 加载 GOSS 模型和 scaler...
2025-03-25 05:50:01,043 - ✅ 已成功加载 GOSS 模型和对应的 scaler
2025-03-25 05:50:01,043 - 加载完成，共加载了 3 个模型: GBDT, DART, GOSS
2025-03-25 05:50:01,043 - 尝试加载模型权重文件: D:\my-vue-project\wind-power-forecast\backend\auto_scripts\models\supershortmodel\20250325\model_weights.joblib
2025-03-25 05:50:01,043 - ✅ 已加载模型权重: {'GBDT': np.float64(0.0), 'DART': np.float64(0.0), 'GOSS': np.float64(0.9413418792089218), 'INTERCEPT': np.float64(-0.0258769107539365)}
2025-03-25 05:50:01,043 - 
============================================================
【使用多模型加权预测】
============================================================
2025-03-25 05:50:01,043 - 使用自定义权重: {'GBDT': np.float64(0.0), 'DART': np.float64(0.0), 'GOSS': np.float64(0.9413418792089218), 'INTERCEPT': np.float64(-0.0258769107539365)}
2025-03-25 05:50:01,044 - ❌ GBDT 模型权重为0，跳过
2025-03-25 05:50:01,044 - ❌ DART 模型权重为0，跳过
2025-03-25 05:50:01,044 - 使用 GOSS 模型进行预测 (权重: 0.9413)...
2025-03-25 05:50:01,048 - GOSS: 数据标准化完成
2025-03-25 05:50:01,048 - GOSS: 时间窗口创建完成，窗口数量: 11
2025-03-25 05:50:01,097 - ✅ GOSS 模型预测完成，生成了 11 个预测值
2025-03-25 05:50:01,097 -    统计: 最小值=118.97, 最大值=177.46, 平均值=157.97
2025-03-25 05:50:01,097 - 所有预测结果对齐到最小长度: 11
2025-03-25 05:50:01,097 - 开始计算加权平均预测结果...
2025-03-25 05:50:01,097 -   加入 GOSS 模型贡献 (权重: 0.9413)
2025-03-25 05:50:01,097 -   加入常数偏置项 (值: -0.0259)
2025-03-25 05:50:01,097 - 加权平均预测完成，生成了 11 个预测值
2025-03-25 05:50:01,097 - 加权预测结果统计: 最小值=111.96, 最大值=167.03, 平均值=148.67
2025-03-25 05:50:01,097 - ✅ 多模型加权预测完成，使用模型: GBDT, DART, GOSS
2025-03-25 05:50:01,098 - 预测结果数据框创建完成，共 11 行
2025-03-25 05:50:01,099 - ✅ 预测结果已保存到文件: D:\my-vue-project\wind-power-forecast\backend\auto_scripts\results\supershortresult\20250325\prediction_202503250545.csv
2025-03-25 05:50:01,100 - 尝试将预测结果导入数据库...
2025-03-25 05:50:01,100 - 发送HTTP请求到: http://localhost:5000/prediction2database/batch_supershortl_power
2025-03-25 05:50:03,149 - ✅ 数据已成功导入数据库
2025-03-25 05:50:03,149 -    总记录数: 11, 更新: 11, 插入: 0
2025-03-25 05:50:03,149 - 
============================================================
【风电功率预测完成】
============================================================
2025-03-25 05:50:03,149 - 风电功率预测完成
2025-03-25 05:50:03,150 - ✅ 202503250545.csv 预测执行完成
2025-03-25 05:50:03,151 - 已创建预测标志文件: D:\my-vue-project\wind-power-forecast\backend\auto_scripts\scripts\supershort\logs\auto_predict\predict_20250325_05_45.flag
2025-03-25 05:50:03,151 - 本次共处理了 24 个预测文件
2025-03-25 05:50:03,151 - 
================================================================================
2025-03-25 05:50:03,151 - >>> 预测任务结束 <<<
2025-03-25 05:50:03,151 - ================================================================================

2025-03-25 05:50:03,151 - 预测任务结束
2025-03-25 05:55:04,567 - 
================================================================================
2025-03-25 05:55:04,567 - >>> 自动预测系统启动 <<<
2025-03-25 05:55:04,567 - ================================================================================

2025-03-25 05:55:04,567 - 自动预测系统启动
2025-03-25 05:55:04,567 - 当前日期: 20250325, 时间: 05:55:04
2025-03-25 05:55:04,567 - 
================================================================================
2025-03-25 05:55:04,567 - >>> 开始执行预测 <<<
2025-03-25 05:55:04,567 - ================================================================================

2025-03-25 05:55:04,567 - 开始执行预测
2025-03-25 05:55:04,568 - 扫描预测数据文件目录: D:\my-vue-project\wind-power-forecast\backend\auto_scripts\precsv\supershortcsv\20250325
2025-03-25 05:55:04,568 - 检查模型目录: D:\my-vue-project\wind-power-forecast\backend\auto_scripts\models\supershortmodel\20250325
2025-03-25 05:55:04,568 - 发现best_models目录: D:\my-vue-project\wind-power-forecast\backend\auto_scripts\models\supershortmodel\20250325\best_models
2025-03-25 05:55:04,568 - 发现GBDT模型文件: D:\my-vue-project\wind-power-forecast\backend\auto_scripts\models\supershortmodel\20250325\best_models\GBDT.joblib
2025-03-25 05:55:04,568 - 找到 24 个CSV文件
2025-03-25 05:55:04,568 - 该预测文件已处理过 (标志文件: D:\my-vue-project\wind-power-forecast\backend\auto_scripts\scripts\supershort\logs\auto_predict\predict_20250325_00_00.flag)
2025-03-25 05:55:04,568 - ⏩ 跳过已处理的文件: 202503250000.csv
2025-03-25 05:55:04,569 - 该预测文件已处理过 (标志文件: D:\my-vue-project\wind-power-forecast\backend\auto_scripts\scripts\supershort\logs\auto_predict\predict_20250325_00_15.flag)
2025-03-25 05:55:04,569 - ⏩ 跳过已处理的文件: 202503250015.csv
2025-03-25 05:55:04,569 - 该预测文件已处理过 (标志文件: D:\my-vue-project\wind-power-forecast\backend\auto_scripts\scripts\supershort\logs\auto_predict\predict_20250325_00_30.flag)
2025-03-25 05:55:04,569 - ⏩ 跳过已处理的文件: 202503250030.csv
2025-03-25 05:55:04,569 - 该预测文件已处理过 (标志文件: D:\my-vue-project\wind-power-forecast\backend\auto_scripts\scripts\supershort\logs\auto_predict\predict_20250325_00_45.flag)
2025-03-25 05:55:04,569 - ⏩ 跳过已处理的文件: 202503250045.csv
2025-03-25 05:55:04,569 - 该预测文件已处理过 (标志文件: D:\my-vue-project\wind-power-forecast\backend\auto_scripts\scripts\supershort\logs\auto_predict\predict_20250325_01_00.flag)
2025-03-25 05:55:04,569 - ⏩ 跳过已处理的文件: 202503250100.csv
2025-03-25 05:55:04,570 - 该预测文件已处理过 (标志文件: D:\my-vue-project\wind-power-forecast\backend\auto_scripts\scripts\supershort\logs\auto_predict\predict_20250325_01_15.flag)
2025-03-25 05:55:04,570 - ⏩ 跳过已处理的文件: 202503250115.csv
2025-03-25 05:55:04,570 - 该预测文件已处理过 (标志文件: D:\my-vue-project\wind-power-forecast\backend\auto_scripts\scripts\supershort\logs\auto_predict\predict_20250325_01_30.flag)
2025-03-25 05:55:04,570 - ⏩ 跳过已处理的文件: 202503250130.csv
2025-03-25 05:55:04,570 - 该预测文件已处理过 (标志文件: D:\my-vue-project\wind-power-forecast\backend\auto_scripts\scripts\supershort\logs\auto_predict\predict_20250325_01_45.flag)
2025-03-25 05:55:04,570 - ⏩ 跳过已处理的文件: 202503250145.csv
2025-03-25 05:55:04,571 - 该预测文件已处理过 (标志文件: D:\my-vue-project\wind-power-forecast\backend\auto_scripts\scripts\supershort\logs\auto_predict\predict_20250325_02_00.flag)
2025-03-25 05:55:04,571 - ⏩ 跳过已处理的文件: 202503250200.csv
2025-03-25 05:55:04,571 - 该预测文件已处理过 (标志文件: D:\my-vue-project\wind-power-forecast\backend\auto_scripts\scripts\supershort\logs\auto_predict\predict_20250325_02_15.flag)
2025-03-25 05:55:04,571 - ⏩ 跳过已处理的文件: 202503250215.csv
2025-03-25 05:55:04,571 - 该预测文件已处理过 (标志文件: D:\my-vue-project\wind-power-forecast\backend\auto_scripts\scripts\supershort\logs\auto_predict\predict_20250325_02_30.flag)
2025-03-25 05:55:04,571 - ⏩ 跳过已处理的文件: 202503250230.csv
2025-03-25 05:55:04,571 - 该预测文件已处理过 (标志文件: D:\my-vue-project\wind-power-forecast\backend\auto_scripts\scripts\supershort\logs\auto_predict\predict_20250325_02_45.flag)
2025-03-25 05:55:04,571 - ⏩ 跳过已处理的文件: 202503250245.csv
2025-03-25 05:55:04,572 - 该预测文件已处理过 (标志文件: D:\my-vue-project\wind-power-forecast\backend\auto_scripts\scripts\supershort\logs\auto_predict\predict_20250325_03_00.flag)
2025-03-25 05:55:04,572 - ⏩ 跳过已处理的文件: 202503250300.csv
2025-03-25 05:55:04,572 - 该预测文件已处理过 (标志文件: D:\my-vue-project\wind-power-forecast\backend\auto_scripts\scripts\supershort\logs\auto_predict\predict_20250325_03_15.flag)
2025-03-25 05:55:04,572 - ⏩ 跳过已处理的文件: 202503250315.csv
2025-03-25 05:55:04,572 - 该预测文件已处理过 (标志文件: D:\my-vue-project\wind-power-forecast\backend\auto_scripts\scripts\supershort\logs\auto_predict\predict_20250325_03_30.flag)
2025-03-25 05:55:04,572 - ⏩ 跳过已处理的文件: 202503250330.csv
2025-03-25 05:55:04,572 - 该预测文件已处理过 (标志文件: D:\my-vue-project\wind-power-forecast\backend\auto_scripts\scripts\supershort\logs\auto_predict\predict_20250325_03_45.flag)
2025-03-25 05:55:04,572 - ⏩ 跳过已处理的文件: 202503250345.csv
2025-03-25 05:55:04,573 - 该预测文件已处理过 (标志文件: D:\my-vue-project\wind-power-forecast\backend\auto_scripts\scripts\supershort\logs\auto_predict\predict_20250325_04_00.flag)
2025-03-25 05:55:04,573 - ⏩ 跳过已处理的文件: 202503250400.csv
2025-03-25 05:55:04,573 - 该预测文件已处理过 (标志文件: D:\my-vue-project\wind-power-forecast\backend\auto_scripts\scripts\supershort\logs\auto_predict\predict_20250325_04_15.flag)
2025-03-25 05:55:04,573 - ⏩ 跳过已处理的文件: 202503250415.csv
2025-03-25 05:55:04,573 - 该预测文件已处理过 (标志文件: D:\my-vue-project\wind-power-forecast\backend\auto_scripts\scripts\supershort\logs\auto_predict\predict_20250325_04_30.flag)
2025-03-25 05:55:04,573 - ⏩ 跳过已处理的文件: 202503250430.csv
2025-03-25 05:55:04,573 - 该预测文件已处理过 (标志文件: D:\my-vue-project\wind-power-forecast\backend\auto_scripts\scripts\supershort\logs\auto_predict\predict_20250325_04_45.flag)
2025-03-25 05:55:04,573 - ⏩ 跳过已处理的文件: 202503250445.csv
2025-03-25 05:55:04,574 - 该预测文件已处理过 (标志文件: D:\my-vue-project\wind-power-forecast\backend\auto_scripts\scripts\supershort\logs\auto_predict\predict_20250325_05_00.flag)
2025-03-25 05:55:04,574 - ⏩ 跳过已处理的文件: 202503250500.csv
2025-03-25 05:55:04,574 - 该预测文件已处理过 (标志文件: D:\my-vue-project\wind-power-forecast\backend\auto_scripts\scripts\supershort\logs\auto_predict\predict_20250325_05_15.flag)
2025-03-25 05:55:04,574 - ⏩ 跳过已处理的文件: 202503250515.csv
2025-03-25 05:55:04,574 - 该预测文件已处理过 (标志文件: D:\my-vue-project\wind-power-forecast\backend\auto_scripts\scripts\supershort\logs\auto_predict\predict_20250325_05_30.flag)
2025-03-25 05:55:04,574 - ⏩ 跳过已处理的文件: 202503250530.csv
2025-03-25 05:55:04,574 - 该预测文件已处理过 (标志文件: D:\my-vue-project\wind-power-forecast\backend\auto_scripts\scripts\supershort\logs\auto_predict\predict_20250325_05_45.flag)
2025-03-25 05:55:04,574 - ⏩ 跳过已处理的文件: 202503250545.csv
2025-03-25 05:55:04,575 - 本次共处理了 24 个预测文件
2025-03-25 05:55:04,575 - 
================================================================================
2025-03-25 05:55:04,575 - >>> 预测任务结束 <<<
2025-03-25 05:55:04,575 - ================================================================================

2025-03-25 05:55:04,575 - 预测任务结束
2025-03-25 06:00:05,930 - 
================================================================================
2025-03-25 06:00:05,930 - >>> 自动预测系统启动 <<<
2025-03-25 06:00:05,930 - ================================================================================

2025-03-25 06:00:05,930 - 自动预测系统启动
2025-03-25 06:00:05,931 - 当前日期: 20250325, 时间: 06:00:05
2025-03-25 06:00:05,931 - 
================================================================================
2025-03-25 06:00:05,931 - >>> 开始执行预测 <<<
2025-03-25 06:00:05,931 - ================================================================================

2025-03-25 06:00:05,931 - 开始执行预测
2025-03-25 06:00:05,931 - 扫描预测数据文件目录: D:\my-vue-project\wind-power-forecast\backend\auto_scripts\precsv\supershortcsv\20250325
2025-03-25 06:00:05,931 - 检查模型目录: D:\my-vue-project\wind-power-forecast\backend\auto_scripts\models\supershortmodel\20250325
2025-03-25 06:00:05,931 - 发现best_models目录: D:\my-vue-project\wind-power-forecast\backend\auto_scripts\models\supershortmodel\20250325\best_models
2025-03-25 06:00:05,931 - 发现GBDT模型文件: D:\my-vue-project\wind-power-forecast\backend\auto_scripts\models\supershortmodel\20250325\best_models\GBDT.joblib
2025-03-25 06:00:05,931 - 找到 24 个CSV文件
2025-03-25 06:00:05,932 - 该预测文件已处理过 (标志文件: D:\my-vue-project\wind-power-forecast\backend\auto_scripts\scripts\supershort\logs\auto_predict\predict_20250325_00_00.flag)
2025-03-25 06:00:05,932 - ⏩ 跳过已处理的文件: 202503250000.csv
2025-03-25 06:00:05,932 - 该预测文件已处理过 (标志文件: D:\my-vue-project\wind-power-forecast\backend\auto_scripts\scripts\supershort\logs\auto_predict\predict_20250325_00_15.flag)
2025-03-25 06:00:05,932 - ⏩ 跳过已处理的文件: 202503250015.csv
2025-03-25 06:00:05,932 - 该预测文件已处理过 (标志文件: D:\my-vue-project\wind-power-forecast\backend\auto_scripts\scripts\supershort\logs\auto_predict\predict_20250325_00_30.flag)
2025-03-25 06:00:05,932 - ⏩ 跳过已处理的文件: 202503250030.csv
2025-03-25 06:00:05,932 - 该预测文件已处理过 (标志文件: D:\my-vue-project\wind-power-forecast\backend\auto_scripts\scripts\supershort\logs\auto_predict\predict_20250325_00_45.flag)
2025-03-25 06:00:05,933 - ⏩ 跳过已处理的文件: 202503250045.csv
2025-03-25 06:00:05,933 - 该预测文件已处理过 (标志文件: D:\my-vue-project\wind-power-forecast\backend\auto_scripts\scripts\supershort\logs\auto_predict\predict_20250325_01_00.flag)
2025-03-25 06:00:05,933 - ⏩ 跳过已处理的文件: 202503250100.csv
2025-03-25 06:00:05,933 - 该预测文件已处理过 (标志文件: D:\my-vue-project\wind-power-forecast\backend\auto_scripts\scripts\supershort\logs\auto_predict\predict_20250325_01_15.flag)
2025-03-25 06:00:05,933 - ⏩ 跳过已处理的文件: 202503250115.csv
2025-03-25 06:00:05,933 - 该预测文件已处理过 (标志文件: D:\my-vue-project\wind-power-forecast\backend\auto_scripts\scripts\supershort\logs\auto_predict\predict_20250325_01_30.flag)
2025-03-25 06:00:05,933 - ⏩ 跳过已处理的文件: 202503250130.csv
2025-03-25 06:00:05,933 - 该预测文件已处理过 (标志文件: D:\my-vue-project\wind-power-forecast\backend\auto_scripts\scripts\supershort\logs\auto_predict\predict_20250325_01_45.flag)
2025-03-25 06:00:05,934 - ⏩ 跳过已处理的文件: 202503250145.csv
2025-03-25 06:00:05,934 - 该预测文件已处理过 (标志文件: D:\my-vue-project\wind-power-forecast\backend\auto_scripts\scripts\supershort\logs\auto_predict\predict_20250325_02_00.flag)
2025-03-25 06:00:05,934 - ⏩ 跳过已处理的文件: 202503250200.csv
2025-03-25 06:00:05,934 - 该预测文件已处理过 (标志文件: D:\my-vue-project\wind-power-forecast\backend\auto_scripts\scripts\supershort\logs\auto_predict\predict_20250325_02_15.flag)
2025-03-25 06:00:05,934 - ⏩ 跳过已处理的文件: 202503250215.csv
2025-03-25 06:00:05,934 - 该预测文件已处理过 (标志文件: D:\my-vue-project\wind-power-forecast\backend\auto_scripts\scripts\supershort\logs\auto_predict\predict_20250325_02_30.flag)
2025-03-25 06:00:05,934 - ⏩ 跳过已处理的文件: 202503250230.csv
2025-03-25 06:00:05,934 - 该预测文件已处理过 (标志文件: D:\my-vue-project\wind-power-forecast\backend\auto_scripts\scripts\supershort\logs\auto_predict\predict_20250325_02_45.flag)
2025-03-25 06:00:05,935 - ⏩ 跳过已处理的文件: 202503250245.csv
2025-03-25 06:00:05,935 - 该预测文件已处理过 (标志文件: D:\my-vue-project\wind-power-forecast\backend\auto_scripts\scripts\supershort\logs\auto_predict\predict_20250325_03_00.flag)
2025-03-25 06:00:05,935 - ⏩ 跳过已处理的文件: 202503250300.csv
2025-03-25 06:00:05,935 - 该预测文件已处理过 (标志文件: D:\my-vue-project\wind-power-forecast\backend\auto_scripts\scripts\supershort\logs\auto_predict\predict_20250325_03_15.flag)
2025-03-25 06:00:05,935 - ⏩ 跳过已处理的文件: 202503250315.csv
2025-03-25 06:00:05,935 - 该预测文件已处理过 (标志文件: D:\my-vue-project\wind-power-forecast\backend\auto_scripts\scripts\supershort\logs\auto_predict\predict_20250325_03_30.flag)
2025-03-25 06:00:05,935 - ⏩ 跳过已处理的文件: 202503250330.csv
2025-03-25 06:00:05,936 - 该预测文件已处理过 (标志文件: D:\my-vue-project\wind-power-forecast\backend\auto_scripts\scripts\supershort\logs\auto_predict\predict_20250325_03_45.flag)
2025-03-25 06:00:05,936 - ⏩ 跳过已处理的文件: 202503250345.csv
2025-03-25 06:00:05,936 - 该预测文件已处理过 (标志文件: D:\my-vue-project\wind-power-forecast\backend\auto_scripts\scripts\supershort\logs\auto_predict\predict_20250325_04_00.flag)
2025-03-25 06:00:05,936 - ⏩ 跳过已处理的文件: 202503250400.csv
2025-03-25 06:00:05,936 - 该预测文件已处理过 (标志文件: D:\my-vue-project\wind-power-forecast\backend\auto_scripts\scripts\supershort\logs\auto_predict\predict_20250325_04_15.flag)
2025-03-25 06:00:05,936 - ⏩ 跳过已处理的文件: 202503250415.csv
2025-03-25 06:00:05,936 - 该预测文件已处理过 (标志文件: D:\my-vue-project\wind-power-forecast\backend\auto_scripts\scripts\supershort\logs\auto_predict\predict_20250325_04_30.flag)
2025-03-25 06:00:05,936 - ⏩ 跳过已处理的文件: 202503250430.csv
2025-03-25 06:00:05,937 - 该预测文件已处理过 (标志文件: D:\my-vue-project\wind-power-forecast\backend\auto_scripts\scripts\supershort\logs\auto_predict\predict_20250325_04_45.flag)
2025-03-25 06:00:05,937 - ⏩ 跳过已处理的文件: 202503250445.csv
2025-03-25 06:00:05,937 - 该预测文件已处理过 (标志文件: D:\my-vue-project\wind-power-forecast\backend\auto_scripts\scripts\supershort\logs\auto_predict\predict_20250325_05_00.flag)
2025-03-25 06:00:05,937 - ⏩ 跳过已处理的文件: 202503250500.csv
2025-03-25 06:00:05,937 - 该预测文件已处理过 (标志文件: D:\my-vue-project\wind-power-forecast\backend\auto_scripts\scripts\supershort\logs\auto_predict\predict_20250325_05_15.flag)
2025-03-25 06:00:05,937 - ⏩ 跳过已处理的文件: 202503250515.csv
2025-03-25 06:00:05,937 - 该预测文件已处理过 (标志文件: D:\my-vue-project\wind-power-forecast\backend\auto_scripts\scripts\supershort\logs\auto_predict\predict_20250325_05_30.flag)
2025-03-25 06:00:05,937 - ⏩ 跳过已处理的文件: 202503250530.csv
2025-03-25 06:00:05,937 - 该预测文件已处理过 (标志文件: D:\my-vue-project\wind-power-forecast\backend\auto_scripts\scripts\supershort\logs\auto_predict\predict_20250325_05_45.flag)
2025-03-25 06:00:05,938 - ⏩ 跳过已处理的文件: 202503250545.csv
2025-03-25 06:00:05,938 - 本次共处理了 24 个预测文件
2025-03-25 06:00:05,938 - 
================================================================================
2025-03-25 06:00:05,938 - >>> 预测任务结束 <<<
2025-03-25 06:00:05,938 - ================================================================================

2025-03-25 06:00:05,938 - 预测任务结束
2025-03-25 06:05:07,436 - 
================================================================================
2025-03-25 06:05:07,437 - >>> 自动预测系统启动 <<<
2025-03-25 06:05:07,437 - ================================================================================

2025-03-25 06:05:07,437 - 自动预测系统启动
2025-03-25 06:05:07,437 - 当前日期: 20250325, 时间: 06:05:07
2025-03-25 06:05:07,437 - 
================================================================================
2025-03-25 06:05:07,437 - >>> 开始执行预测 <<<
2025-03-25 06:05:07,437 - ================================================================================

2025-03-25 06:05:07,437 - 开始执行预测
2025-03-25 06:05:07,437 - 扫描预测数据文件目录: D:\my-vue-project\wind-power-forecast\backend\auto_scripts\precsv\supershortcsv\20250325
2025-03-25 06:05:07,437 - 检查模型目录: D:\my-vue-project\wind-power-forecast\backend\auto_scripts\models\supershortmodel\20250325
2025-03-25 06:05:07,437 - 发现best_models目录: D:\my-vue-project\wind-power-forecast\backend\auto_scripts\models\supershortmodel\20250325\best_models
2025-03-25 06:05:07,437 - 发现GBDT模型文件: D:\my-vue-project\wind-power-forecast\backend\auto_scripts\models\supershortmodel\20250325\best_models\GBDT.joblib
2025-03-25 06:05:07,438 - 找到 25 个CSV文件
2025-03-25 06:05:07,438 - 该预测文件已处理过 (标志文件: D:\my-vue-project\wind-power-forecast\backend\auto_scripts\scripts\supershort\logs\auto_predict\predict_20250325_00_00.flag)
2025-03-25 06:05:07,438 - ⏩ 跳过已处理的文件: 202503250000.csv
2025-03-25 06:05:07,438 - 该预测文件已处理过 (标志文件: D:\my-vue-project\wind-power-forecast\backend\auto_scripts\scripts\supershort\logs\auto_predict\predict_20250325_00_15.flag)
2025-03-25 06:05:07,438 - ⏩ 跳过已处理的文件: 202503250015.csv
2025-03-25 06:05:07,438 - 该预测文件已处理过 (标志文件: D:\my-vue-project\wind-power-forecast\backend\auto_scripts\scripts\supershort\logs\auto_predict\predict_20250325_00_30.flag)
2025-03-25 06:05:07,438 - ⏩ 跳过已处理的文件: 202503250030.csv
2025-03-25 06:05:07,439 - 该预测文件已处理过 (标志文件: D:\my-vue-project\wind-power-forecast\backend\auto_scripts\scripts\supershort\logs\auto_predict\predict_20250325_00_45.flag)
2025-03-25 06:05:07,439 - ⏩ 跳过已处理的文件: 202503250045.csv
2025-03-25 06:05:07,439 - 该预测文件已处理过 (标志文件: D:\my-vue-project\wind-power-forecast\backend\auto_scripts\scripts\supershort\logs\auto_predict\predict_20250325_01_00.flag)
2025-03-25 06:05:07,439 - ⏩ 跳过已处理的文件: 202503250100.csv
2025-03-25 06:05:07,439 - 该预测文件已处理过 (标志文件: D:\my-vue-project\wind-power-forecast\backend\auto_scripts\scripts\supershort\logs\auto_predict\predict_20250325_01_15.flag)
2025-03-25 06:05:07,439 - ⏩ 跳过已处理的文件: 202503250115.csv
2025-03-25 06:05:07,439 - 该预测文件已处理过 (标志文件: D:\my-vue-project\wind-power-forecast\backend\auto_scripts\scripts\supershort\logs\auto_predict\predict_20250325_01_30.flag)
2025-03-25 06:05:07,439 - ⏩ 跳过已处理的文件: 202503250130.csv
2025-03-25 06:05:07,440 - 该预测文件已处理过 (标志文件: D:\my-vue-project\wind-power-forecast\backend\auto_scripts\scripts\supershort\logs\auto_predict\predict_20250325_01_45.flag)
2025-03-25 06:05:07,440 - ⏩ 跳过已处理的文件: 202503250145.csv
2025-03-25 06:05:07,440 - 该预测文件已处理过 (标志文件: D:\my-vue-project\wind-power-forecast\backend\auto_scripts\scripts\supershort\logs\auto_predict\predict_20250325_02_00.flag)
2025-03-25 06:05:07,440 - ⏩ 跳过已处理的文件: 202503250200.csv
2025-03-25 06:05:07,441 - 该预测文件已处理过 (标志文件: D:\my-vue-project\wind-power-forecast\backend\auto_scripts\scripts\supershort\logs\auto_predict\predict_20250325_02_15.flag)
2025-03-25 06:05:07,441 - ⏩ 跳过已处理的文件: 202503250215.csv
2025-03-25 06:05:07,441 - 该预测文件已处理过 (标志文件: D:\my-vue-project\wind-power-forecast\backend\auto_scripts\scripts\supershort\logs\auto_predict\predict_20250325_02_30.flag)
2025-03-25 06:05:07,441 - ⏩ 跳过已处理的文件: 202503250230.csv
2025-03-25 06:05:07,441 - 该预测文件已处理过 (标志文件: D:\my-vue-project\wind-power-forecast\backend\auto_scripts\scripts\supershort\logs\auto_predict\predict_20250325_02_45.flag)
2025-03-25 06:05:07,441 - ⏩ 跳过已处理的文件: 202503250245.csv
2025-03-25 06:05:07,441 - 该预测文件已处理过 (标志文件: D:\my-vue-project\wind-power-forecast\backend\auto_scripts\scripts\supershort\logs\auto_predict\predict_20250325_03_00.flag)
2025-03-25 06:05:07,441 - ⏩ 跳过已处理的文件: 202503250300.csv
2025-03-25 06:05:07,442 - 该预测文件已处理过 (标志文件: D:\my-vue-project\wind-power-forecast\backend\auto_scripts\scripts\supershort\logs\auto_predict\predict_20250325_03_15.flag)
2025-03-25 06:05:07,442 - ⏩ 跳过已处理的文件: 202503250315.csv
2025-03-25 06:05:07,442 - 该预测文件已处理过 (标志文件: D:\my-vue-project\wind-power-forecast\backend\auto_scripts\scripts\supershort\logs\auto_predict\predict_20250325_03_30.flag)
2025-03-25 06:05:07,442 - ⏩ 跳过已处理的文件: 202503250330.csv
2025-03-25 06:05:07,442 - 该预测文件已处理过 (标志文件: D:\my-vue-project\wind-power-forecast\backend\auto_scripts\scripts\supershort\logs\auto_predict\predict_20250325_03_45.flag)
2025-03-25 06:05:07,442 - ⏩ 跳过已处理的文件: 202503250345.csv
2025-03-25 06:05:07,442 - 该预测文件已处理过 (标志文件: D:\my-vue-project\wind-power-forecast\backend\auto_scripts\scripts\supershort\logs\auto_predict\predict_20250325_04_00.flag)
2025-03-25 06:05:07,442 - ⏩ 跳过已处理的文件: 202503250400.csv
2025-03-25 06:05:07,443 - 该预测文件已处理过 (标志文件: D:\my-vue-project\wind-power-forecast\backend\auto_scripts\scripts\supershort\logs\auto_predict\predict_20250325_04_15.flag)
2025-03-25 06:05:07,443 - ⏩ 跳过已处理的文件: 202503250415.csv
2025-03-25 06:05:07,443 - 该预测文件已处理过 (标志文件: D:\my-vue-project\wind-power-forecast\backend\auto_scripts\scripts\supershort\logs\auto_predict\predict_20250325_04_30.flag)
2025-03-25 06:05:07,443 - ⏩ 跳过已处理的文件: 202503250430.csv
2025-03-25 06:05:07,443 - 该预测文件已处理过 (标志文件: D:\my-vue-project\wind-power-forecast\backend\auto_scripts\scripts\supershort\logs\auto_predict\predict_20250325_04_45.flag)
2025-03-25 06:05:07,443 - ⏩ 跳过已处理的文件: 202503250445.csv
2025-03-25 06:05:07,443 - 该预测文件已处理过 (标志文件: D:\my-vue-project\wind-power-forecast\backend\auto_scripts\scripts\supershort\logs\auto_predict\predict_20250325_05_00.flag)
2025-03-25 06:05:07,443 - ⏩ 跳过已处理的文件: 202503250500.csv
2025-03-25 06:05:07,444 - 该预测文件已处理过 (标志文件: D:\my-vue-project\wind-power-forecast\backend\auto_scripts\scripts\supershort\logs\auto_predict\predict_20250325_05_15.flag)
2025-03-25 06:05:07,444 - ⏩ 跳过已处理的文件: 202503250515.csv
2025-03-25 06:05:07,444 - 该预测文件已处理过 (标志文件: D:\my-vue-project\wind-power-forecast\backend\auto_scripts\scripts\supershort\logs\auto_predict\predict_20250325_05_30.flag)
2025-03-25 06:05:07,444 - ⏩ 跳过已处理的文件: 202503250530.csv
2025-03-25 06:05:07,444 - 该预测文件已处理过 (标志文件: D:\my-vue-project\wind-power-forecast\backend\auto_scripts\scripts\supershort\logs\auto_predict\predict_20250325_05_45.flag)
2025-03-25 06:05:07,444 - ⏩ 跳过已处理的文件: 202503250545.csv
2025-03-25 06:05:07,444 - ✅ 处理预测文件: D:\my-vue-project\wind-power-forecast\backend\auto_scripts\precsv\supershortcsv\20250325\202503250600.csv
2025-03-25 06:05:07,445 - 
============================================================
【风电功率预测开始】
============================================================
2025-03-25 06:05:07,445 - 配置信息:
2025-03-25 06:05:07,445 -   - 数据文件: D:\my-vue-project\wind-power-forecast\backend\auto_scripts\precsv\supershortcsv\20250325\202503250600.csv
2025-03-25 06:05:07,445 -   - 模型目录: D:\my-vue-project\wind-power-forecast\backend\auto_scripts\models\supershortmodel\20250325
2025-03-25 06:05:07,445 -   - 窗口大小: 16
2025-03-25 06:05:07,445 -   - 滞后特征数: 4
2025-03-25 06:05:07,445 - 
============================================================
【预处理新数据】
============================================================
2025-03-25 06:05:07,445 - 加载数据文件: D:\my-vue-project\wind-power-forecast\backend\auto_scripts\precsv\supershortcsv\20250325\202503250600.csv
2025-03-25 06:05:07,450 - 数据加载完成，去除缺失值后共 29 条记录
2025-03-25 06:05:07,491 - 数据前5行预览:
        Timestamp    129.128_1    129.128_2  ...  ws200_13  ws200_14  ws200_15
0  2024/3/11 0:00  15974.26563  16293.82813  ...  4.542173  1.324043  0.865087
1  2024/3/11 0:15  15974.26563  16293.82813  ...  3.899081  0.880606  1.273859
2  2024/3/11 0:30  15974.26563  16293.82813  ...  3.273753  0.778394  1.710350
3  2024/3/11 0:45  15974.26563  16293.82813  ...  2.678660  1.115517  2.157803
4  2024/3/11 1:00  15974.26563  16293.82813  ...  2.139185  1.640399  2.610587

[5 rows x 301 columns]
2025-03-25 06:05:07,491 - 预处理数据...
2025-03-25 06:05:07,493 - 预处理完成，特征维度: (29, 304)
2025-03-25 06:05:07,493 - 执行特征工程，滞后特征数: 4...
2025-03-25 06:05:07,524 - 特征工程完成，特征维度: (26, 859)
2025-03-25 06:05:07,524 - 新数据预处理完成，共 26 个样本
2025-03-25 06:05:07,524 - ✅ 发现最佳模型目录: D:\my-vue-project\wind-power-forecast\backend\auto_scripts\models\supershortmodel\20250325\best_models，尝试使用多模型加权预测
2025-03-25 06:05:07,524 - 
============================================================
【加载多个模型】
============================================================
2025-03-25 06:05:07,524 - 从目录加载模型和 scaler: D:\my-vue-project\wind-power-forecast\backend\auto_scripts\models\supershortmodel\20250325\best_models
2025-03-25 06:05:07,525 - 加载 GBDT 模型和 scaler...
2025-03-25 06:05:07,615 - ✅ 已成功加载 GBDT 模型和对应的 scaler
2025-03-25 06:05:07,616 - 加载 DART 模型和 scaler...
2025-03-25 06:05:07,621 - ✅ 已成功加载 DART 模型和对应的 scaler
2025-03-25 06:05:07,621 - 加载 GOSS 模型和 scaler...
2025-03-25 06:05:07,626 - ✅ 已成功加载 GOSS 模型和对应的 scaler
2025-03-25 06:05:07,626 - 加载完成，共加载了 3 个模型: GBDT, DART, GOSS
2025-03-25 06:05:07,626 - 尝试加载模型权重文件: D:\my-vue-project\wind-power-forecast\backend\auto_scripts\models\supershortmodel\20250325\model_weights.joblib
2025-03-25 06:05:07,626 - ✅ 已加载模型权重: {'GBDT': np.float64(0.0), 'DART': np.float64(0.0), 'GOSS': np.float64(0.9413418792089218), 'INTERCEPT': np.float64(-0.0258769107539365)}
2025-03-25 06:05:07,626 - 
============================================================
【使用多模型加权预测】
============================================================
2025-03-25 06:05:07,626 - 使用自定义权重: {'GBDT': np.float64(0.0), 'DART': np.float64(0.0), 'GOSS': np.float64(0.9413418792089218), 'INTERCEPT': np.float64(-0.0258769107539365)}
2025-03-25 06:05:07,626 - ❌ GBDT 模型权重为0，跳过
2025-03-25 06:05:07,627 - ❌ DART 模型权重为0，跳过
2025-03-25 06:05:07,627 - 使用 GOSS 模型进行预测 (权重: 0.9413)...
2025-03-25 06:05:07,629 - GOSS: 数据标准化完成
2025-03-25 06:05:07,629 - GOSS: 时间窗口创建完成，窗口数量: 11
2025-03-25 06:05:07,673 - ✅ GOSS 模型预测完成，生成了 11 个预测值
2025-03-25 06:05:07,673 -    统计: 最小值=118.97, 最大值=177.46, 平均值=157.97
2025-03-25 06:05:07,673 - 所有预测结果对齐到最小长度: 11
2025-03-25 06:05:07,673 - 开始计算加权平均预测结果...
2025-03-25 06:05:07,673 -   加入 GOSS 模型贡献 (权重: 0.9413)
2025-03-25 06:05:07,673 -   加入常数偏置项 (值: -0.0259)
2025-03-25 06:05:07,673 - 加权平均预测完成，生成了 11 个预测值
2025-03-25 06:05:07,673 - 加权预测结果统计: 最小值=111.96, 最大值=167.03, 平均值=148.67
2025-03-25 06:05:07,673 - ✅ 多模型加权预测完成，使用模型: GBDT, DART, GOSS
2025-03-25 06:05:07,674 - 预测结果数据框创建完成，共 11 行
2025-03-25 06:05:07,676 - ✅ 预测结果已保存到文件: D:\my-vue-project\wind-power-forecast\backend\auto_scripts\results\supershortresult\20250325\prediction_202503250600.csv
2025-03-25 06:05:07,676 - 尝试将预测结果导入数据库...
2025-03-25 06:05:07,676 - 发送HTTP请求到: http://localhost:5000/prediction2database/batch_supershortl_power
2025-03-25 06:05:09,766 - ✅ 数据已成功导入数据库
2025-03-25 06:05:09,766 -    总记录数: 11, 更新: 11, 插入: 0
2025-03-25 06:05:09,766 - 
============================================================
【风电功率预测完成】
============================================================
2025-03-25 06:05:09,766 - 风电功率预测完成
2025-03-25 06:05:09,769 - ✅ 202503250600.csv 预测执行完成
2025-03-25 06:05:09,770 - 已创建预测标志文件: D:\my-vue-project\wind-power-forecast\backend\auto_scripts\scripts\supershort\logs\auto_predict\predict_20250325_06_00.flag
2025-03-25 06:05:09,770 - 本次共处理了 25 个预测文件
2025-03-25 06:05:09,770 - 
================================================================================
2025-03-25 06:05:09,771 - >>> 预测任务结束 <<<
2025-03-25 06:05:09,771 - ================================================================================

2025-03-25 06:05:09,771 - 预测任务结束
2025-03-25 06:10:11,289 - 
================================================================================
2025-03-25 06:10:11,289 - >>> 自动预测系统启动 <<<
2025-03-25 06:10:11,289 - ================================================================================

2025-03-25 06:10:11,289 - 自动预测系统启动
2025-03-25 06:10:11,289 - 当前日期: 20250325, 时间: 06:10:11
2025-03-25 06:10:11,289 - 
================================================================================
2025-03-25 06:10:11,289 - >>> 开始执行预测 <<<
2025-03-25 06:10:11,289 - ================================================================================

2025-03-25 06:10:11,289 - 开始执行预测
2025-03-25 06:10:11,289 - 扫描预测数据文件目录: D:\my-vue-project\wind-power-forecast\backend\auto_scripts\precsv\supershortcsv\20250325
2025-03-25 06:10:11,290 - 检查模型目录: D:\my-vue-project\wind-power-forecast\backend\auto_scripts\models\supershortmodel\20250325
2025-03-25 06:10:11,290 - 发现best_models目录: D:\my-vue-project\wind-power-forecast\backend\auto_scripts\models\supershortmodel\20250325\best_models
2025-03-25 06:10:11,290 - 发现GBDT模型文件: D:\my-vue-project\wind-power-forecast\backend\auto_scripts\models\supershortmodel\20250325\best_models\GBDT.joblib
2025-03-25 06:10:11,290 - 找到 25 个CSV文件
2025-03-25 06:10:11,290 - 该预测文件已处理过 (标志文件: D:\my-vue-project\wind-power-forecast\backend\auto_scripts\scripts\supershort\logs\auto_predict\predict_20250325_00_00.flag)
2025-03-25 06:10:11,290 - ⏩ 跳过已处理的文件: 202503250000.csv
2025-03-25 06:10:11,290 - 该预测文件已处理过 (标志文件: D:\my-vue-project\wind-power-forecast\backend\auto_scripts\scripts\supershort\logs\auto_predict\predict_20250325_00_15.flag)
2025-03-25 06:10:11,290 - ⏩ 跳过已处理的文件: 202503250015.csv
2025-03-25 06:10:11,291 - 该预测文件已处理过 (标志文件: D:\my-vue-project\wind-power-forecast\backend\auto_scripts\scripts\supershort\logs\auto_predict\predict_20250325_00_30.flag)
2025-03-25 06:10:11,291 - ⏩ 跳过已处理的文件: 202503250030.csv
2025-03-25 06:10:11,291 - 该预测文件已处理过 (标志文件: D:\my-vue-project\wind-power-forecast\backend\auto_scripts\scripts\supershort\logs\auto_predict\predict_20250325_00_45.flag)
2025-03-25 06:10:11,291 - ⏩ 跳过已处理的文件: 202503250045.csv
2025-03-25 06:10:11,291 - 该预测文件已处理过 (标志文件: D:\my-vue-project\wind-power-forecast\backend\auto_scripts\scripts\supershort\logs\auto_predict\predict_20250325_01_00.flag)
2025-03-25 06:10:11,291 - ⏩ 跳过已处理的文件: 202503250100.csv
2025-03-25 06:10:11,291 - 该预测文件已处理过 (标志文件: D:\my-vue-project\wind-power-forecast\backend\auto_scripts\scripts\supershort\logs\auto_predict\predict_20250325_01_15.flag)
2025-03-25 06:10:11,292 - ⏩ 跳过已处理的文件: 202503250115.csv
2025-03-25 06:10:11,292 - 该预测文件已处理过 (标志文件: D:\my-vue-project\wind-power-forecast\backend\auto_scripts\scripts\supershort\logs\auto_predict\predict_20250325_01_30.flag)
2025-03-25 06:10:11,292 - ⏩ 跳过已处理的文件: 202503250130.csv
2025-03-25 06:10:11,292 - 该预测文件已处理过 (标志文件: D:\my-vue-project\wind-power-forecast\backend\auto_scripts\scripts\supershort\logs\auto_predict\predict_20250325_01_45.flag)
2025-03-25 06:10:11,292 - ⏩ 跳过已处理的文件: 202503250145.csv
2025-03-25 06:10:11,292 - 该预测文件已处理过 (标志文件: D:\my-vue-project\wind-power-forecast\backend\auto_scripts\scripts\supershort\logs\auto_predict\predict_20250325_02_00.flag)
2025-03-25 06:10:11,292 - ⏩ 跳过已处理的文件: 202503250200.csv
2025-03-25 06:10:11,292 - 该预测文件已处理过 (标志文件: D:\my-vue-project\wind-power-forecast\backend\auto_scripts\scripts\supershort\logs\auto_predict\predict_20250325_02_15.flag)
2025-03-25 06:10:11,293 - ⏩ 跳过已处理的文件: 202503250215.csv
2025-03-25 06:10:11,293 - 该预测文件已处理过 (标志文件: D:\my-vue-project\wind-power-forecast\backend\auto_scripts\scripts\supershort\logs\auto_predict\predict_20250325_02_30.flag)
2025-03-25 06:10:11,293 - ⏩ 跳过已处理的文件: 202503250230.csv
2025-03-25 06:10:11,293 - 该预测文件已处理过 (标志文件: D:\my-vue-project\wind-power-forecast\backend\auto_scripts\scripts\supershort\logs\auto_predict\predict_20250325_02_45.flag)
2025-03-25 06:10:11,293 - ⏩ 跳过已处理的文件: 202503250245.csv
2025-03-25 06:10:11,293 - 该预测文件已处理过 (标志文件: D:\my-vue-project\wind-power-forecast\backend\auto_scripts\scripts\supershort\logs\auto_predict\predict_20250325_03_00.flag)
2025-03-25 06:10:11,293 - ⏩ 跳过已处理的文件: 202503250300.csv
2025-03-25 06:10:11,293 - 该预测文件已处理过 (标志文件: D:\my-vue-project\wind-power-forecast\backend\auto_scripts\scripts\supershort\logs\auto_predict\predict_20250325_03_15.flag)
2025-03-25 06:10:11,293 - ⏩ 跳过已处理的文件: 202503250315.csv
2025-03-25 06:10:11,294 - 该预测文件已处理过 (标志文件: D:\my-vue-project\wind-power-forecast\backend\auto_scripts\scripts\supershort\logs\auto_predict\predict_20250325_03_30.flag)
2025-03-25 06:10:11,294 - ⏩ 跳过已处理的文件: 202503250330.csv
2025-03-25 06:10:11,294 - 该预测文件已处理过 (标志文件: D:\my-vue-project\wind-power-forecast\backend\auto_scripts\scripts\supershort\logs\auto_predict\predict_20250325_03_45.flag)
2025-03-25 06:10:11,294 - ⏩ 跳过已处理的文件: 202503250345.csv
2025-03-25 06:10:11,294 - 该预测文件已处理过 (标志文件: D:\my-vue-project\wind-power-forecast\backend\auto_scripts\scripts\supershort\logs\auto_predict\predict_20250325_04_00.flag)
2025-03-25 06:10:11,294 - ⏩ 跳过已处理的文件: 202503250400.csv
2025-03-25 06:10:11,294 - 该预测文件已处理过 (标志文件: D:\my-vue-project\wind-power-forecast\backend\auto_scripts\scripts\supershort\logs\auto_predict\predict_20250325_04_15.flag)
2025-03-25 06:10:11,294 - ⏩ 跳过已处理的文件: 202503250415.csv
2025-03-25 06:10:11,295 - 该预测文件已处理过 (标志文件: D:\my-vue-project\wind-power-forecast\backend\auto_scripts\scripts\supershort\logs\auto_predict\predict_20250325_04_30.flag)
2025-03-25 06:10:11,295 - ⏩ 跳过已处理的文件: 202503250430.csv
2025-03-25 06:10:11,295 - 该预测文件已处理过 (标志文件: D:\my-vue-project\wind-power-forecast\backend\auto_scripts\scripts\supershort\logs\auto_predict\predict_20250325_04_45.flag)
2025-03-25 06:10:11,295 - ⏩ 跳过已处理的文件: 202503250445.csv
2025-03-25 06:10:11,295 - 该预测文件已处理过 (标志文件: D:\my-vue-project\wind-power-forecast\backend\auto_scripts\scripts\supershort\logs\auto_predict\predict_20250325_05_00.flag)
2025-03-25 06:10:11,295 - ⏩ 跳过已处理的文件: 202503250500.csv
2025-03-25 06:10:11,295 - 该预测文件已处理过 (标志文件: D:\my-vue-project\wind-power-forecast\backend\auto_scripts\scripts\supershort\logs\auto_predict\predict_20250325_05_15.flag)
2025-03-25 06:10:11,296 - ⏩ 跳过已处理的文件: 202503250515.csv
2025-03-25 06:10:11,296 - 该预测文件已处理过 (标志文件: D:\my-vue-project\wind-power-forecast\backend\auto_scripts\scripts\supershort\logs\auto_predict\predict_20250325_05_30.flag)
2025-03-25 06:10:11,296 - ⏩ 跳过已处理的文件: 202503250530.csv
2025-03-25 06:10:11,296 - 该预测文件已处理过 (标志文件: D:\my-vue-project\wind-power-forecast\backend\auto_scripts\scripts\supershort\logs\auto_predict\predict_20250325_05_45.flag)
2025-03-25 06:10:11,296 - ⏩ 跳过已处理的文件: 202503250545.csv
2025-03-25 06:10:11,296 - 该预测文件已处理过 (标志文件: D:\my-vue-project\wind-power-forecast\backend\auto_scripts\scripts\supershort\logs\auto_predict\predict_20250325_06_00.flag)
2025-03-25 06:10:11,296 - ⏩ 跳过已处理的文件: 202503250600.csv
2025-03-25 06:10:11,296 - 本次共处理了 25 个预测文件
2025-03-25 06:10:11,296 - 
================================================================================
2025-03-25 06:10:11,296 - >>> 预测任务结束 <<<
2025-03-25 06:10:11,296 - ================================================================================

2025-03-25 06:10:11,296 - 预测任务结束
2025-03-25 06:15:12,794 - 
================================================================================
2025-03-25 06:15:12,794 - >>> 自动预测系统启动 <<<
2025-03-25 06:15:12,794 - ================================================================================

2025-03-25 06:15:12,794 - 自动预测系统启动
2025-03-25 06:15:12,794 - 当前日期: 20250325, 时间: 06:15:12
2025-03-25 06:15:12,794 - 
================================================================================
2025-03-25 06:15:12,794 - >>> 开始执行预测 <<<
2025-03-25 06:15:12,794 - ================================================================================

2025-03-25 06:15:12,794 - 开始执行预测
2025-03-25 06:15:12,795 - 扫描预测数据文件目录: D:\my-vue-project\wind-power-forecast\backend\auto_scripts\precsv\supershortcsv\20250325
2025-03-25 06:15:12,795 - 检查模型目录: D:\my-vue-project\wind-power-forecast\backend\auto_scripts\models\supershortmodel\20250325
2025-03-25 06:15:12,795 - 发现best_models目录: D:\my-vue-project\wind-power-forecast\backend\auto_scripts\models\supershortmodel\20250325\best_models
2025-03-25 06:15:12,795 - 发现GBDT模型文件: D:\my-vue-project\wind-power-forecast\backend\auto_scripts\models\supershortmodel\20250325\best_models\GBDT.joblib
2025-03-25 06:15:12,795 - 找到 25 个CSV文件
2025-03-25 06:15:12,795 - 该预测文件已处理过 (标志文件: D:\my-vue-project\wind-power-forecast\backend\auto_scripts\scripts\supershort\logs\auto_predict\predict_20250325_00_00.flag)
2025-03-25 06:15:12,795 - ⏩ 跳过已处理的文件: 202503250000.csv
2025-03-25 06:15:12,796 - 该预测文件已处理过 (标志文件: D:\my-vue-project\wind-power-forecast\backend\auto_scripts\scripts\supershort\logs\auto_predict\predict_20250325_00_15.flag)
2025-03-25 06:15:12,796 - ⏩ 跳过已处理的文件: 202503250015.csv
2025-03-25 06:15:12,796 - 该预测文件已处理过 (标志文件: D:\my-vue-project\wind-power-forecast\backend\auto_scripts\scripts\supershort\logs\auto_predict\predict_20250325_00_30.flag)
2025-03-25 06:15:12,796 - ⏩ 跳过已处理的文件: 202503250030.csv
2025-03-25 06:15:12,796 - 该预测文件已处理过 (标志文件: D:\my-vue-project\wind-power-forecast\backend\auto_scripts\scripts\supershort\logs\auto_predict\predict_20250325_00_45.flag)
2025-03-25 06:15:12,796 - ⏩ 跳过已处理的文件: 202503250045.csv
2025-03-25 06:15:12,796 - 该预测文件已处理过 (标志文件: D:\my-vue-project\wind-power-forecast\backend\auto_scripts\scripts\supershort\logs\auto_predict\predict_20250325_01_00.flag)
2025-03-25 06:15:12,796 - ⏩ 跳过已处理的文件: 202503250100.csv
2025-03-25 06:15:12,797 - 该预测文件已处理过 (标志文件: D:\my-vue-project\wind-power-forecast\backend\auto_scripts\scripts\supershort\logs\auto_predict\predict_20250325_01_15.flag)
2025-03-25 06:15:12,797 - ⏩ 跳过已处理的文件: 202503250115.csv
2025-03-25 06:15:12,797 - 该预测文件已处理过 (标志文件: D:\my-vue-project\wind-power-forecast\backend\auto_scripts\scripts\supershort\logs\auto_predict\predict_20250325_01_30.flag)
2025-03-25 06:15:12,797 - ⏩ 跳过已处理的文件: 202503250130.csv
2025-03-25 06:15:12,797 - 该预测文件已处理过 (标志文件: D:\my-vue-project\wind-power-forecast\backend\auto_scripts\scripts\supershort\logs\auto_predict\predict_20250325_01_45.flag)
2025-03-25 06:15:12,797 - ⏩ 跳过已处理的文件: 202503250145.csv
2025-03-25 06:15:12,797 - 该预测文件已处理过 (标志文件: D:\my-vue-project\wind-power-forecast\backend\auto_scripts\scripts\supershort\logs\auto_predict\predict_20250325_02_00.flag)
2025-03-25 06:15:12,797 - ⏩ 跳过已处理的文件: 202503250200.csv
2025-03-25 06:15:12,798 - 该预测文件已处理过 (标志文件: D:\my-vue-project\wind-power-forecast\backend\auto_scripts\scripts\supershort\logs\auto_predict\predict_20250325_02_15.flag)
2025-03-25 06:15:12,798 - ⏩ 跳过已处理的文件: 202503250215.csv
2025-03-25 06:15:12,798 - 该预测文件已处理过 (标志文件: D:\my-vue-project\wind-power-forecast\backend\auto_scripts\scripts\supershort\logs\auto_predict\predict_20250325_02_30.flag)
2025-03-25 06:15:12,798 - ⏩ 跳过已处理的文件: 202503250230.csv
2025-03-25 06:15:12,798 - 该预测文件已处理过 (标志文件: D:\my-vue-project\wind-power-forecast\backend\auto_scripts\scripts\supershort\logs\auto_predict\predict_20250325_02_45.flag)
2025-03-25 06:15:12,798 - ⏩ 跳过已处理的文件: 202503250245.csv
2025-03-25 06:15:12,798 - 该预测文件已处理过 (标志文件: D:\my-vue-project\wind-power-forecast\backend\auto_scripts\scripts\supershort\logs\auto_predict\predict_20250325_03_00.flag)
2025-03-25 06:15:12,798 - ⏩ 跳过已处理的文件: 202503250300.csv
2025-03-25 06:15:12,799 - 该预测文件已处理过 (标志文件: D:\my-vue-project\wind-power-forecast\backend\auto_scripts\scripts\supershort\logs\auto_predict\predict_20250325_03_15.flag)
2025-03-25 06:15:12,799 - ⏩ 跳过已处理的文件: 202503250315.csv
2025-03-25 06:15:12,799 - 该预测文件已处理过 (标志文件: D:\my-vue-project\wind-power-forecast\backend\auto_scripts\scripts\supershort\logs\auto_predict\predict_20250325_03_30.flag)
2025-03-25 06:15:12,799 - ⏩ 跳过已处理的文件: 202503250330.csv
2025-03-25 06:15:12,799 - 该预测文件已处理过 (标志文件: D:\my-vue-project\wind-power-forecast\backend\auto_scripts\scripts\supershort\logs\auto_predict\predict_20250325_03_45.flag)
2025-03-25 06:15:12,799 - ⏩ 跳过已处理的文件: 202503250345.csv
2025-03-25 06:15:12,799 - 该预测文件已处理过 (标志文件: D:\my-vue-project\wind-power-forecast\backend\auto_scripts\scripts\supershort\logs\auto_predict\predict_20250325_04_00.flag)
2025-03-25 06:15:12,799 - ⏩ 跳过已处理的文件: 202503250400.csv
2025-03-25 06:15:12,800 - 该预测文件已处理过 (标志文件: D:\my-vue-project\wind-power-forecast\backend\auto_scripts\scripts\supershort\logs\auto_predict\predict_20250325_04_15.flag)
2025-03-25 06:15:12,800 - ⏩ 跳过已处理的文件: 202503250415.csv
2025-03-25 06:15:12,800 - 该预测文件已处理过 (标志文件: D:\my-vue-project\wind-power-forecast\backend\auto_scripts\scripts\supershort\logs\auto_predict\predict_20250325_04_30.flag)
2025-03-25 06:15:12,800 - ⏩ 跳过已处理的文件: 202503250430.csv
2025-03-25 06:15:12,800 - 该预测文件已处理过 (标志文件: D:\my-vue-project\wind-power-forecast\backend\auto_scripts\scripts\supershort\logs\auto_predict\predict_20250325_04_45.flag)
2025-03-25 06:15:12,800 - ⏩ 跳过已处理的文件: 202503250445.csv
2025-03-25 06:15:12,801 - 该预测文件已处理过 (标志文件: D:\my-vue-project\wind-power-forecast\backend\auto_scripts\scripts\supershort\logs\auto_predict\predict_20250325_05_00.flag)
2025-03-25 06:15:12,801 - ⏩ 跳过已处理的文件: 202503250500.csv
2025-03-25 06:15:12,801 - 该预测文件已处理过 (标志文件: D:\my-vue-project\wind-power-forecast\backend\auto_scripts\scripts\supershort\logs\auto_predict\predict_20250325_05_15.flag)
2025-03-25 06:15:12,801 - ⏩ 跳过已处理的文件: 202503250515.csv
2025-03-25 06:15:12,801 - 该预测文件已处理过 (标志文件: D:\my-vue-project\wind-power-forecast\backend\auto_scripts\scripts\supershort\logs\auto_predict\predict_20250325_05_30.flag)
2025-03-25 06:15:12,801 - ⏩ 跳过已处理的文件: 202503250530.csv
2025-03-25 06:15:12,801 - 该预测文件已处理过 (标志文件: D:\my-vue-project\wind-power-forecast\backend\auto_scripts\scripts\supershort\logs\auto_predict\predict_20250325_05_45.flag)
2025-03-25 06:15:12,801 - ⏩ 跳过已处理的文件: 202503250545.csv
2025-03-25 06:15:12,802 - 该预测文件已处理过 (标志文件: D:\my-vue-project\wind-power-forecast\backend\auto_scripts\scripts\supershort\logs\auto_predict\predict_20250325_06_00.flag)
2025-03-25 06:15:12,802 - ⏩ 跳过已处理的文件: 202503250600.csv
2025-03-25 06:15:12,802 - 本次共处理了 25 个预测文件
2025-03-25 06:15:12,802 - 
================================================================================
2025-03-25 06:15:12,802 - >>> 预测任务结束 <<<
2025-03-25 06:15:12,802 - ================================================================================

2025-03-25 06:15:12,802 - 预测任务结束
2025-03-25 06:20:14,388 - 
================================================================================
2025-03-25 06:20:14,389 - >>> 自动预测系统启动 <<<
2025-03-25 06:20:14,389 - ================================================================================

2025-03-25 06:20:14,389 - 自动预测系统启动
2025-03-25 06:20:14,389 - 当前日期: 20250325, 时间: 06:20:14
2025-03-25 06:20:14,389 - 
================================================================================
2025-03-25 06:20:14,389 - >>> 开始执行预测 <<<
2025-03-25 06:20:14,389 - ================================================================================

2025-03-25 06:20:14,389 - 开始执行预测
2025-03-25 06:20:14,389 - 扫描预测数据文件目录: D:\my-vue-project\wind-power-forecast\backend\auto_scripts\precsv\supershortcsv\20250325
2025-03-25 06:20:14,389 - 检查模型目录: D:\my-vue-project\wind-power-forecast\backend\auto_scripts\models\supershortmodel\20250325
2025-03-25 06:20:14,389 - 发现best_models目录: D:\my-vue-project\wind-power-forecast\backend\auto_scripts\models\supershortmodel\20250325\best_models
2025-03-25 06:20:14,390 - 发现GBDT模型文件: D:\my-vue-project\wind-power-forecast\backend\auto_scripts\models\supershortmodel\20250325\best_models\GBDT.joblib
2025-03-25 06:20:14,390 - 找到 26 个CSV文件
2025-03-25 06:20:14,390 - 该预测文件已处理过 (标志文件: D:\my-vue-project\wind-power-forecast\backend\auto_scripts\scripts\supershort\logs\auto_predict\predict_20250325_00_00.flag)
2025-03-25 06:20:14,390 - ⏩ 跳过已处理的文件: 202503250000.csv
2025-03-25 06:20:14,390 - 该预测文件已处理过 (标志文件: D:\my-vue-project\wind-power-forecast\backend\auto_scripts\scripts\supershort\logs\auto_predict\predict_20250325_00_15.flag)
2025-03-25 06:20:14,390 - ⏩ 跳过已处理的文件: 202503250015.csv
2025-03-25 06:20:14,391 - 该预测文件已处理过 (标志文件: D:\my-vue-project\wind-power-forecast\backend\auto_scripts\scripts\supershort\logs\auto_predict\predict_20250325_00_30.flag)
2025-03-25 06:20:14,391 - ⏩ 跳过已处理的文件: 202503250030.csv
2025-03-25 06:20:14,391 - 该预测文件已处理过 (标志文件: D:\my-vue-project\wind-power-forecast\backend\auto_scripts\scripts\supershort\logs\auto_predict\predict_20250325_00_45.flag)
2025-03-25 06:20:14,391 - ⏩ 跳过已处理的文件: 202503250045.csv
2025-03-25 06:20:14,391 - 该预测文件已处理过 (标志文件: D:\my-vue-project\wind-power-forecast\backend\auto_scripts\scripts\supershort\logs\auto_predict\predict_20250325_01_00.flag)
2025-03-25 06:20:14,391 - ⏩ 跳过已处理的文件: 202503250100.csv
2025-03-25 06:20:14,391 - 该预测文件已处理过 (标志文件: D:\my-vue-project\wind-power-forecast\backend\auto_scripts\scripts\supershort\logs\auto_predict\predict_20250325_01_15.flag)
2025-03-25 06:20:14,391 - ⏩ 跳过已处理的文件: 202503250115.csv
2025-03-25 06:20:14,392 - 该预测文件已处理过 (标志文件: D:\my-vue-project\wind-power-forecast\backend\auto_scripts\scripts\supershort\logs\auto_predict\predict_20250325_01_30.flag)
2025-03-25 06:20:14,392 - ⏩ 跳过已处理的文件: 202503250130.csv
2025-03-25 06:20:14,392 - 该预测文件已处理过 (标志文件: D:\my-vue-project\wind-power-forecast\backend\auto_scripts\scripts\supershort\logs\auto_predict\predict_20250325_01_45.flag)
2025-03-25 06:20:14,392 - ⏩ 跳过已处理的文件: 202503250145.csv
2025-03-25 06:20:14,392 - 该预测文件已处理过 (标志文件: D:\my-vue-project\wind-power-forecast\backend\auto_scripts\scripts\supershort\logs\auto_predict\predict_20250325_02_00.flag)
2025-03-25 06:20:14,392 - ⏩ 跳过已处理的文件: 202503250200.csv
2025-03-25 06:20:14,392 - 该预测文件已处理过 (标志文件: D:\my-vue-project\wind-power-forecast\backend\auto_scripts\scripts\supershort\logs\auto_predict\predict_20250325_02_15.flag)
2025-03-25 06:20:14,392 - ⏩ 跳过已处理的文件: 202503250215.csv
2025-03-25 06:20:14,393 - 该预测文件已处理过 (标志文件: D:\my-vue-project\wind-power-forecast\backend\auto_scripts\scripts\supershort\logs\auto_predict\predict_20250325_02_30.flag)
2025-03-25 06:20:14,393 - ⏩ 跳过已处理的文件: 202503250230.csv
2025-03-25 06:20:14,393 - 该预测文件已处理过 (标志文件: D:\my-vue-project\wind-power-forecast\backend\auto_scripts\scripts\supershort\logs\auto_predict\predict_20250325_02_45.flag)
2025-03-25 06:20:14,393 - ⏩ 跳过已处理的文件: 202503250245.csv
2025-03-25 06:20:14,393 - 该预测文件已处理过 (标志文件: D:\my-vue-project\wind-power-forecast\backend\auto_scripts\scripts\supershort\logs\auto_predict\predict_20250325_03_00.flag)
2025-03-25 06:20:14,393 - ⏩ 跳过已处理的文件: 202503250300.csv
2025-03-25 06:20:14,393 - 该预测文件已处理过 (标志文件: D:\my-vue-project\wind-power-forecast\backend\auto_scripts\scripts\supershort\logs\auto_predict\predict_20250325_03_15.flag)
2025-03-25 06:20:14,393 - ⏩ 跳过已处理的文件: 202503250315.csv
2025-03-25 06:20:14,394 - 该预测文件已处理过 (标志文件: D:\my-vue-project\wind-power-forecast\backend\auto_scripts\scripts\supershort\logs\auto_predict\predict_20250325_03_30.flag)
2025-03-25 06:20:14,394 - ⏩ 跳过已处理的文件: 202503250330.csv
2025-03-25 06:20:14,394 - 该预测文件已处理过 (标志文件: D:\my-vue-project\wind-power-forecast\backend\auto_scripts\scripts\supershort\logs\auto_predict\predict_20250325_03_45.flag)
2025-03-25 06:20:14,394 - ⏩ 跳过已处理的文件: 202503250345.csv
2025-03-25 06:20:14,394 - 该预测文件已处理过 (标志文件: D:\my-vue-project\wind-power-forecast\backend\auto_scripts\scripts\supershort\logs\auto_predict\predict_20250325_04_00.flag)
2025-03-25 06:20:14,394 - ⏩ 跳过已处理的文件: 202503250400.csv
2025-03-25 06:20:14,394 - 该预测文件已处理过 (标志文件: D:\my-vue-project\wind-power-forecast\backend\auto_scripts\scripts\supershort\logs\auto_predict\predict_20250325_04_15.flag)
2025-03-25 06:20:14,394 - ⏩ 跳过已处理的文件: 202503250415.csv
2025-03-25 06:20:14,395 - 该预测文件已处理过 (标志文件: D:\my-vue-project\wind-power-forecast\backend\auto_scripts\scripts\supershort\logs\auto_predict\predict_20250325_04_30.flag)
2025-03-25 06:20:14,395 - ⏩ 跳过已处理的文件: 202503250430.csv
2025-03-25 06:20:14,395 - 该预测文件已处理过 (标志文件: D:\my-vue-project\wind-power-forecast\backend\auto_scripts\scripts\supershort\logs\auto_predict\predict_20250325_04_45.flag)
2025-03-25 06:20:14,395 - ⏩ 跳过已处理的文件: 202503250445.csv
2025-03-25 06:20:14,395 - 该预测文件已处理过 (标志文件: D:\my-vue-project\wind-power-forecast\backend\auto_scripts\scripts\supershort\logs\auto_predict\predict_20250325_05_00.flag)
2025-03-25 06:20:14,395 - ⏩ 跳过已处理的文件: 202503250500.csv
2025-03-25 06:20:14,395 - 该预测文件已处理过 (标志文件: D:\my-vue-project\wind-power-forecast\backend\auto_scripts\scripts\supershort\logs\auto_predict\predict_20250325_05_15.flag)
2025-03-25 06:20:14,395 - ⏩ 跳过已处理的文件: 202503250515.csv
2025-03-25 06:20:14,396 - 该预测文件已处理过 (标志文件: D:\my-vue-project\wind-power-forecast\backend\auto_scripts\scripts\supershort\logs\auto_predict\predict_20250325_05_30.flag)
2025-03-25 06:20:14,396 - ⏩ 跳过已处理的文件: 202503250530.csv
2025-03-25 06:20:14,396 - 该预测文件已处理过 (标志文件: D:\my-vue-project\wind-power-forecast\backend\auto_scripts\scripts\supershort\logs\auto_predict\predict_20250325_05_45.flag)
2025-03-25 06:20:14,396 - ⏩ 跳过已处理的文件: 202503250545.csv
2025-03-25 06:20:14,396 - 该预测文件已处理过 (标志文件: D:\my-vue-project\wind-power-forecast\backend\auto_scripts\scripts\supershort\logs\auto_predict\predict_20250325_06_00.flag)
2025-03-25 06:20:14,396 - ⏩ 跳过已处理的文件: 202503250600.csv
2025-03-25 06:20:14,396 - ✅ 处理预测文件: D:\my-vue-project\wind-power-forecast\backend\auto_scripts\precsv\supershortcsv\20250325\202503250615.csv
2025-03-25 06:20:14,397 - 
============================================================
【风电功率预测开始】
============================================================
2025-03-25 06:20:14,397 - 配置信息:
2025-03-25 06:20:14,397 -   - 数据文件: D:\my-vue-project\wind-power-forecast\backend\auto_scripts\precsv\supershortcsv\20250325\202503250615.csv
2025-03-25 06:20:14,397 -   - 模型目录: D:\my-vue-project\wind-power-forecast\backend\auto_scripts\models\supershortmodel\20250325
2025-03-25 06:20:14,397 -   - 窗口大小: 16
2025-03-25 06:20:14,397 -   - 滞后特征数: 4
2025-03-25 06:20:14,397 - 
============================================================
【预处理新数据】
============================================================
2025-03-25 06:20:14,397 - 加载数据文件: D:\my-vue-project\wind-power-forecast\backend\auto_scripts\precsv\supershortcsv\20250325\202503250615.csv
2025-03-25 06:20:14,402 - 数据加载完成，去除缺失值后共 29 条记录
2025-03-25 06:20:14,442 - 数据前5行预览:
        Timestamp    129.128_1    129.128_2  ...  ws200_13  ws200_14  ws200_15
0  2024/3/11 0:00  15974.26563  16293.82813  ...  4.542173  1.324043  0.865087
1  2024/3/11 0:15  15974.26563  16293.82813  ...  3.899081  0.880606  1.273859
2  2024/3/11 0:30  15974.26563  16293.82813  ...  3.273753  0.778394  1.710350
3  2024/3/11 0:45  15974.26563  16293.82813  ...  2.678660  1.115517  2.157803
4  2024/3/11 1:00  15974.26563  16293.82813  ...  2.139185  1.640399  2.610587

[5 rows x 301 columns]
2025-03-25 06:20:14,442 - 预处理数据...
2025-03-25 06:20:14,444 - 预处理完成，特征维度: (29, 304)
2025-03-25 06:20:14,444 - 执行特征工程，滞后特征数: 4...
2025-03-25 06:20:14,475 - 特征工程完成，特征维度: (26, 859)
2025-03-25 06:20:14,475 - 新数据预处理完成，共 26 个样本
2025-03-25 06:20:14,475 - ✅ 发现最佳模型目录: D:\my-vue-project\wind-power-forecast\backend\auto_scripts\models\supershortmodel\20250325\best_models，尝试使用多模型加权预测
2025-03-25 06:20:14,475 - 
============================================================
【加载多个模型】
============================================================
2025-03-25 06:20:14,475 - 从目录加载模型和 scaler: D:\my-vue-project\wind-power-forecast\backend\auto_scripts\models\supershortmodel\20250325\best_models
2025-03-25 06:20:14,475 - 加载 GBDT 模型和 scaler...
2025-03-25 06:20:14,565 - ✅ 已成功加载 GBDT 模型和对应的 scaler
2025-03-25 06:20:14,565 - 加载 DART 模型和 scaler...
2025-03-25 06:20:14,573 - ✅ 已成功加载 DART 模型和对应的 scaler
2025-03-25 06:20:14,573 - 加载 GOSS 模型和 scaler...
2025-03-25 06:20:14,578 - ✅ 已成功加载 GOSS 模型和对应的 scaler
2025-03-25 06:20:14,579 - 加载完成，共加载了 3 个模型: GBDT, DART, GOSS
2025-03-25 06:20:14,579 - 尝试加载模型权重文件: D:\my-vue-project\wind-power-forecast\backend\auto_scripts\models\supershortmodel\20250325\model_weights.joblib
2025-03-25 06:20:14,579 - ✅ 已加载模型权重: {'GBDT': np.float64(0.0), 'DART': np.float64(0.0), 'GOSS': np.float64(0.9413418792089218), 'INTERCEPT': np.float64(-0.0258769107539365)}
2025-03-25 06:20:14,579 - 
============================================================
【使用多模型加权预测】
============================================================
2025-03-25 06:20:14,579 - 使用自定义权重: {'GBDT': np.float64(0.0), 'DART': np.float64(0.0), 'GOSS': np.float64(0.9413418792089218), 'INTERCEPT': np.float64(-0.0258769107539365)}
2025-03-25 06:20:14,579 - ❌ GBDT 模型权重为0，跳过
2025-03-25 06:20:14,579 - ❌ DART 模型权重为0，跳过
2025-03-25 06:20:14,579 - 使用 GOSS 模型进行预测 (权重: 0.9413)...
2025-03-25 06:20:14,581 - GOSS: 数据标准化完成
2025-03-25 06:20:14,582 - GOSS: 时间窗口创建完成，窗口数量: 11
2025-03-25 06:20:14,629 - ✅ GOSS 模型预测完成，生成了 11 个预测值
2025-03-25 06:20:14,629 -    统计: 最小值=118.97, 最大值=177.46, 平均值=157.97
2025-03-25 06:20:14,629 - 所有预测结果对齐到最小长度: 11
2025-03-25 06:20:14,629 - 开始计算加权平均预测结果...
2025-03-25 06:20:14,629 -   加入 GOSS 模型贡献 (权重: 0.9413)
2025-03-25 06:20:14,629 -   加入常数偏置项 (值: -0.0259)
2025-03-25 06:20:14,629 - 加权平均预测完成，生成了 11 个预测值
2025-03-25 06:20:14,629 - 加权预测结果统计: 最小值=111.96, 最大值=167.03, 平均值=148.67
2025-03-25 06:20:14,629 - ✅ 多模型加权预测完成，使用模型: GBDT, DART, GOSS
2025-03-25 06:20:14,630 - 预测结果数据框创建完成，共 11 行
2025-03-25 06:20:14,631 - ✅ 预测结果已保存到文件: D:\my-vue-project\wind-power-forecast\backend\auto_scripts\results\supershortresult\20250325\prediction_202503250615.csv
2025-03-25 06:20:14,631 - 尝试将预测结果导入数据库...
2025-03-25 06:20:14,631 - 发送HTTP请求到: http://localhost:5000/prediction2database/batch_supershortl_power
2025-03-25 06:20:16,727 - ✅ 数据已成功导入数据库
2025-03-25 06:20:16,727 -    总记录数: 11, 更新: 11, 插入: 0
2025-03-25 06:20:16,727 - 
============================================================
【风电功率预测完成】
============================================================
2025-03-25 06:20:16,728 - 风电功率预测完成
2025-03-25 06:20:16,731 - ✅ 202503250615.csv 预测执行完成
2025-03-25 06:20:16,732 - 已创建预测标志文件: D:\my-vue-project\wind-power-forecast\backend\auto_scripts\scripts\supershort\logs\auto_predict\predict_20250325_06_15.flag
2025-03-25 06:20:16,732 - 本次共处理了 26 个预测文件
2025-03-25 06:20:16,732 - 
================================================================================
2025-03-25 06:20:16,732 - >>> 预测任务结束 <<<
2025-03-25 06:20:16,732 - ================================================================================

2025-03-25 06:20:16,733 - 预测任务结束
2025-03-25 06:25:18,324 - 
================================================================================
2025-03-25 06:25:18,324 - >>> 自动预测系统启动 <<<
2025-03-25 06:25:18,324 - ================================================================================

2025-03-25 06:25:18,324 - 自动预测系统启动
2025-03-25 06:25:18,324 - 当前日期: 20250325, 时间: 06:25:18
2025-03-25 06:25:18,324 - 
================================================================================
2025-03-25 06:25:18,324 - >>> 开始执行预测 <<<
2025-03-25 06:25:18,324 - ================================================================================

2025-03-25 06:25:18,324 - 开始执行预测
2025-03-25 06:25:18,325 - 扫描预测数据文件目录: D:\my-vue-project\wind-power-forecast\backend\auto_scripts\precsv\supershortcsv\20250325
2025-03-25 06:25:18,325 - 检查模型目录: D:\my-vue-project\wind-power-forecast\backend\auto_scripts\models\supershortmodel\20250325
2025-03-25 06:25:18,325 - 发现best_models目录: D:\my-vue-project\wind-power-forecast\backend\auto_scripts\models\supershortmodel\20250325\best_models
2025-03-25 06:25:18,325 - 发现GBDT模型文件: D:\my-vue-project\wind-power-forecast\backend\auto_scripts\models\supershortmodel\20250325\best_models\GBDT.joblib
2025-03-25 06:25:18,325 - 找到 26 个CSV文件
2025-03-25 06:25:18,325 - 该预测文件已处理过 (标志文件: D:\my-vue-project\wind-power-forecast\backend\auto_scripts\scripts\supershort\logs\auto_predict\predict_20250325_00_00.flag)
2025-03-25 06:25:18,325 - ⏩ 跳过已处理的文件: 202503250000.csv
2025-03-25 06:25:18,326 - 该预测文件已处理过 (标志文件: D:\my-vue-project\wind-power-forecast\backend\auto_scripts\scripts\supershort\logs\auto_predict\predict_20250325_00_15.flag)
2025-03-25 06:25:18,326 - ⏩ 跳过已处理的文件: 202503250015.csv
2025-03-25 06:25:18,326 - 该预测文件已处理过 (标志文件: D:\my-vue-project\wind-power-forecast\backend\auto_scripts\scripts\supershort\logs\auto_predict\predict_20250325_00_30.flag)
2025-03-25 06:25:18,326 - ⏩ 跳过已处理的文件: 202503250030.csv
2025-03-25 06:25:18,326 - 该预测文件已处理过 (标志文件: D:\my-vue-project\wind-power-forecast\backend\auto_scripts\scripts\supershort\logs\auto_predict\predict_20250325_00_45.flag)
2025-03-25 06:25:18,326 - ⏩ 跳过已处理的文件: 202503250045.csv
2025-03-25 06:25:18,326 - 该预测文件已处理过 (标志文件: D:\my-vue-project\wind-power-forecast\backend\auto_scripts\scripts\supershort\logs\auto_predict\predict_20250325_01_00.flag)
2025-03-25 06:25:18,326 - ⏩ 跳过已处理的文件: 202503250100.csv
2025-03-25 06:25:18,327 - 该预测文件已处理过 (标志文件: D:\my-vue-project\wind-power-forecast\backend\auto_scripts\scripts\supershort\logs\auto_predict\predict_20250325_01_15.flag)
2025-03-25 06:25:18,327 - ⏩ 跳过已处理的文件: 202503250115.csv
2025-03-25 06:25:18,327 - 该预测文件已处理过 (标志文件: D:\my-vue-project\wind-power-forecast\backend\auto_scripts\scripts\supershort\logs\auto_predict\predict_20250325_01_30.flag)
2025-03-25 06:25:18,327 - ⏩ 跳过已处理的文件: 202503250130.csv
2025-03-25 06:25:18,327 - 该预测文件已处理过 (标志文件: D:\my-vue-project\wind-power-forecast\backend\auto_scripts\scripts\supershort\logs\auto_predict\predict_20250325_01_45.flag)
2025-03-25 06:25:18,327 - ⏩ 跳过已处理的文件: 202503250145.csv
2025-03-25 06:25:18,327 - 该预测文件已处理过 (标志文件: D:\my-vue-project\wind-power-forecast\backend\auto_scripts\scripts\supershort\logs\auto_predict\predict_20250325_02_00.flag)
2025-03-25 06:25:18,327 - ⏩ 跳过已处理的文件: 202503250200.csv
2025-03-25 06:25:18,328 - 该预测文件已处理过 (标志文件: D:\my-vue-project\wind-power-forecast\backend\auto_scripts\scripts\supershort\logs\auto_predict\predict_20250325_02_15.flag)
2025-03-25 06:25:18,328 - ⏩ 跳过已处理的文件: 202503250215.csv
2025-03-25 06:25:18,328 - 该预测文件已处理过 (标志文件: D:\my-vue-project\wind-power-forecast\backend\auto_scripts\scripts\supershort\logs\auto_predict\predict_20250325_02_30.flag)
2025-03-25 06:25:18,328 - ⏩ 跳过已处理的文件: 202503250230.csv
2025-03-25 06:25:18,328 - 该预测文件已处理过 (标志文件: D:\my-vue-project\wind-power-forecast\backend\auto_scripts\scripts\supershort\logs\auto_predict\predict_20250325_02_45.flag)
2025-03-25 06:25:18,328 - ⏩ 跳过已处理的文件: 202503250245.csv
2025-03-25 06:25:18,328 - 该预测文件已处理过 (标志文件: D:\my-vue-project\wind-power-forecast\backend\auto_scripts\scripts\supershort\logs\auto_predict\predict_20250325_03_00.flag)
2025-03-25 06:25:18,329 - ⏩ 跳过已处理的文件: 202503250300.csv
2025-03-25 06:25:18,329 - 该预测文件已处理过 (标志文件: D:\my-vue-project\wind-power-forecast\backend\auto_scripts\scripts\supershort\logs\auto_predict\predict_20250325_03_15.flag)
2025-03-25 06:25:18,329 - ⏩ 跳过已处理的文件: 202503250315.csv
2025-03-25 06:25:18,329 - 该预测文件已处理过 (标志文件: D:\my-vue-project\wind-power-forecast\backend\auto_scripts\scripts\supershort\logs\auto_predict\predict_20250325_03_30.flag)
2025-03-25 06:25:18,329 - ⏩ 跳过已处理的文件: 202503250330.csv
2025-03-25 06:25:18,329 - 该预测文件已处理过 (标志文件: D:\my-vue-project\wind-power-forecast\backend\auto_scripts\scripts\supershort\logs\auto_predict\predict_20250325_03_45.flag)
2025-03-25 06:25:18,329 - ⏩ 跳过已处理的文件: 202503250345.csv
2025-03-25 06:25:18,329 - 该预测文件已处理过 (标志文件: D:\my-vue-project\wind-power-forecast\backend\auto_scripts\scripts\supershort\logs\auto_predict\predict_20250325_04_00.flag)
2025-03-25 06:25:18,330 - ⏩ 跳过已处理的文件: 202503250400.csv
2025-03-25 06:25:18,330 - 该预测文件已处理过 (标志文件: D:\my-vue-project\wind-power-forecast\backend\auto_scripts\scripts\supershort\logs\auto_predict\predict_20250325_04_15.flag)
2025-03-25 06:25:18,330 - ⏩ 跳过已处理的文件: 202503250415.csv
2025-03-25 06:25:18,330 - 该预测文件已处理过 (标志文件: D:\my-vue-project\wind-power-forecast\backend\auto_scripts\scripts\supershort\logs\auto_predict\predict_20250325_04_30.flag)
2025-03-25 06:25:18,330 - ⏩ 跳过已处理的文件: 202503250430.csv
2025-03-25 06:25:18,330 - 该预测文件已处理过 (标志文件: D:\my-vue-project\wind-power-forecast\backend\auto_scripts\scripts\supershort\logs\auto_predict\predict_20250325_04_45.flag)
2025-03-25 06:25:18,330 - ⏩ 跳过已处理的文件: 202503250445.csv
2025-03-25 06:25:18,330 - 该预测文件已处理过 (标志文件: D:\my-vue-project\wind-power-forecast\backend\auto_scripts\scripts\supershort\logs\auto_predict\predict_20250325_05_00.flag)
2025-03-25 06:25:18,330 - ⏩ 跳过已处理的文件: 202503250500.csv
2025-03-25 06:25:18,331 - 该预测文件已处理过 (标志文件: D:\my-vue-project\wind-power-forecast\backend\auto_scripts\scripts\supershort\logs\auto_predict\predict_20250325_05_15.flag)
2025-03-25 06:25:18,331 - ⏩ 跳过已处理的文件: 202503250515.csv
2025-03-25 06:25:18,331 - 该预测文件已处理过 (标志文件: D:\my-vue-project\wind-power-forecast\backend\auto_scripts\scripts\supershort\logs\auto_predict\predict_20250325_05_30.flag)
2025-03-25 06:25:18,331 - ⏩ 跳过已处理的文件: 202503250530.csv
2025-03-25 06:25:18,331 - 该预测文件已处理过 (标志文件: D:\my-vue-project\wind-power-forecast\backend\auto_scripts\scripts\supershort\logs\auto_predict\predict_20250325_05_45.flag)
2025-03-25 06:25:18,331 - ⏩ 跳过已处理的文件: 202503250545.csv
2025-03-25 06:25:18,331 - 该预测文件已处理过 (标志文件: D:\my-vue-project\wind-power-forecast\backend\auto_scripts\scripts\supershort\logs\auto_predict\predict_20250325_06_00.flag)
2025-03-25 06:25:18,331 - ⏩ 跳过已处理的文件: 202503250600.csv
2025-03-25 06:25:18,332 - 该预测文件已处理过 (标志文件: D:\my-vue-project\wind-power-forecast\backend\auto_scripts\scripts\supershort\logs\auto_predict\predict_20250325_06_15.flag)
2025-03-25 06:25:18,332 - ⏩ 跳过已处理的文件: 202503250615.csv
2025-03-25 06:25:18,332 - 本次共处理了 26 个预测文件
2025-03-25 06:25:18,332 - 
================================================================================
2025-03-25 06:25:18,332 - >>> 预测任务结束 <<<
2025-03-25 06:25:18,332 - ================================================================================

2025-03-25 06:25:18,332 - 预测任务结束
2025-03-25 06:30:19,940 - 
================================================================================
2025-03-25 06:30:19,940 - >>> 自动预测系统启动 <<<
2025-03-25 06:30:19,940 - ================================================================================

2025-03-25 06:30:19,940 - 自动预测系统启动
2025-03-25 06:30:19,940 - 当前日期: 20250325, 时间: 06:30:19
2025-03-25 06:30:19,941 - 
================================================================================
2025-03-25 06:30:19,941 - >>> 开始执行预测 <<<
2025-03-25 06:30:19,941 - ================================================================================

2025-03-25 06:30:19,941 - 开始执行预测
2025-03-25 06:30:19,941 - 扫描预测数据文件目录: D:\my-vue-project\wind-power-forecast\backend\auto_scripts\precsv\supershortcsv\20250325
2025-03-25 06:30:19,941 - 检查模型目录: D:\my-vue-project\wind-power-forecast\backend\auto_scripts\models\supershortmodel\20250325
2025-03-25 06:30:19,941 - 发现best_models目录: D:\my-vue-project\wind-power-forecast\backend\auto_scripts\models\supershortmodel\20250325\best_models
2025-03-25 06:30:19,941 - 发现GBDT模型文件: D:\my-vue-project\wind-power-forecast\backend\auto_scripts\models\supershortmodel\20250325\best_models\GBDT.joblib
2025-03-25 06:30:19,941 - 找到 26 个CSV文件
2025-03-25 06:30:19,943 - 该预测文件已处理过 (标志文件: D:\my-vue-project\wind-power-forecast\backend\auto_scripts\scripts\supershort\logs\auto_predict\predict_20250325_00_00.flag)
2025-03-25 06:30:19,943 - ⏩ 跳过已处理的文件: 202503250000.csv
2025-03-25 06:30:19,943 - 该预测文件已处理过 (标志文件: D:\my-vue-project\wind-power-forecast\backend\auto_scripts\scripts\supershort\logs\auto_predict\predict_20250325_00_15.flag)
2025-03-25 06:30:19,943 - ⏩ 跳过已处理的文件: 202503250015.csv
2025-03-25 06:30:19,943 - 该预测文件已处理过 (标志文件: D:\my-vue-project\wind-power-forecast\backend\auto_scripts\scripts\supershort\logs\auto_predict\predict_20250325_00_30.flag)
2025-03-25 06:30:19,943 - ⏩ 跳过已处理的文件: 202503250030.csv
2025-03-25 06:30:19,943 - 该预测文件已处理过 (标志文件: D:\my-vue-project\wind-power-forecast\backend\auto_scripts\scripts\supershort\logs\auto_predict\predict_20250325_00_45.flag)
2025-03-25 06:30:19,944 - ⏩ 跳过已处理的文件: 202503250045.csv
2025-03-25 06:30:19,944 - 该预测文件已处理过 (标志文件: D:\my-vue-project\wind-power-forecast\backend\auto_scripts\scripts\supershort\logs\auto_predict\predict_20250325_01_00.flag)
2025-03-25 06:30:19,944 - ⏩ 跳过已处理的文件: 202503250100.csv
2025-03-25 06:30:19,944 - 该预测文件已处理过 (标志文件: D:\my-vue-project\wind-power-forecast\backend\auto_scripts\scripts\supershort\logs\auto_predict\predict_20250325_01_15.flag)
2025-03-25 06:30:19,944 - ⏩ 跳过已处理的文件: 202503250115.csv
2025-03-25 06:30:19,944 - 该预测文件已处理过 (标志文件: D:\my-vue-project\wind-power-forecast\backend\auto_scripts\scripts\supershort\logs\auto_predict\predict_20250325_01_30.flag)
2025-03-25 06:30:19,944 - ⏩ 跳过已处理的文件: 202503250130.csv
2025-03-25 06:30:19,945 - 该预测文件已处理过 (标志文件: D:\my-vue-project\wind-power-forecast\backend\auto_scripts\scripts\supershort\logs\auto_predict\predict_20250325_01_45.flag)
2025-03-25 06:30:19,945 - ⏩ 跳过已处理的文件: 202503250145.csv
2025-03-25 06:30:19,945 - 该预测文件已处理过 (标志文件: D:\my-vue-project\wind-power-forecast\backend\auto_scripts\scripts\supershort\logs\auto_predict\predict_20250325_02_00.flag)
2025-03-25 06:30:19,945 - ⏩ 跳过已处理的文件: 202503250200.csv
2025-03-25 06:30:19,945 - 该预测文件已处理过 (标志文件: D:\my-vue-project\wind-power-forecast\backend\auto_scripts\scripts\supershort\logs\auto_predict\predict_20250325_02_15.flag)
2025-03-25 06:30:19,945 - ⏩ 跳过已处理的文件: 202503250215.csv
2025-03-25 06:30:19,945 - 该预测文件已处理过 (标志文件: D:\my-vue-project\wind-power-forecast\backend\auto_scripts\scripts\supershort\logs\auto_predict\predict_20250325_02_30.flag)
2025-03-25 06:30:19,945 - ⏩ 跳过已处理的文件: 202503250230.csv
2025-03-25 06:30:19,946 - 该预测文件已处理过 (标志文件: D:\my-vue-project\wind-power-forecast\backend\auto_scripts\scripts\supershort\logs\auto_predict\predict_20250325_02_45.flag)
2025-03-25 06:30:19,946 - ⏩ 跳过已处理的文件: 202503250245.csv
2025-03-25 06:30:19,946 - 该预测文件已处理过 (标志文件: D:\my-vue-project\wind-power-forecast\backend\auto_scripts\scripts\supershort\logs\auto_predict\predict_20250325_03_00.flag)
2025-03-25 06:30:19,946 - ⏩ 跳过已处理的文件: 202503250300.csv
2025-03-25 06:30:19,946 - 该预测文件已处理过 (标志文件: D:\my-vue-project\wind-power-forecast\backend\auto_scripts\scripts\supershort\logs\auto_predict\predict_20250325_03_15.flag)
2025-03-25 06:30:19,946 - ⏩ 跳过已处理的文件: 202503250315.csv
2025-03-25 06:30:19,946 - 该预测文件已处理过 (标志文件: D:\my-vue-project\wind-power-forecast\backend\auto_scripts\scripts\supershort\logs\auto_predict\predict_20250325_03_30.flag)
2025-03-25 06:30:19,946 - ⏩ 跳过已处理的文件: 202503250330.csv
2025-03-25 06:30:19,947 - 该预测文件已处理过 (标志文件: D:\my-vue-project\wind-power-forecast\backend\auto_scripts\scripts\supershort\logs\auto_predict\predict_20250325_03_45.flag)
2025-03-25 06:30:19,947 - ⏩ 跳过已处理的文件: 202503250345.csv
2025-03-25 06:30:19,947 - 该预测文件已处理过 (标志文件: D:\my-vue-project\wind-power-forecast\backend\auto_scripts\scripts\supershort\logs\auto_predict\predict_20250325_04_00.flag)
2025-03-25 06:30:19,947 - ⏩ 跳过已处理的文件: 202503250400.csv
2025-03-25 06:30:19,947 - 该预测文件已处理过 (标志文件: D:\my-vue-project\wind-power-forecast\backend\auto_scripts\scripts\supershort\logs\auto_predict\predict_20250325_04_15.flag)
2025-03-25 06:30:19,947 - ⏩ 跳过已处理的文件: 202503250415.csv
2025-03-25 06:30:19,947 - 该预测文件已处理过 (标志文件: D:\my-vue-project\wind-power-forecast\backend\auto_scripts\scripts\supershort\logs\auto_predict\predict_20250325_04_30.flag)
2025-03-25 06:30:19,947 - ⏩ 跳过已处理的文件: 202503250430.csv
2025-03-25 06:30:19,948 - 该预测文件已处理过 (标志文件: D:\my-vue-project\wind-power-forecast\backend\auto_scripts\scripts\supershort\logs\auto_predict\predict_20250325_04_45.flag)
2025-03-25 06:30:19,948 - ⏩ 跳过已处理的文件: 202503250445.csv
2025-03-25 06:30:19,948 - 该预测文件已处理过 (标志文件: D:\my-vue-project\wind-power-forecast\backend\auto_scripts\scripts\supershort\logs\auto_predict\predict_20250325_05_00.flag)
2025-03-25 06:30:19,948 - ⏩ 跳过已处理的文件: 202503250500.csv
2025-03-25 06:30:19,948 - 该预测文件已处理过 (标志文件: D:\my-vue-project\wind-power-forecast\backend\auto_scripts\scripts\supershort\logs\auto_predict\predict_20250325_05_15.flag)
2025-03-25 06:30:19,948 - ⏩ 跳过已处理的文件: 202503250515.csv
2025-03-25 06:30:19,948 - 该预测文件已处理过 (标志文件: D:\my-vue-project\wind-power-forecast\backend\auto_scripts\scripts\supershort\logs\auto_predict\predict_20250325_05_30.flag)
2025-03-25 06:30:19,948 - ⏩ 跳过已处理的文件: 202503250530.csv
2025-03-25 06:30:19,949 - 该预测文件已处理过 (标志文件: D:\my-vue-project\wind-power-forecast\backend\auto_scripts\scripts\supershort\logs\auto_predict\predict_20250325_05_45.flag)
2025-03-25 06:30:19,949 - ⏩ 跳过已处理的文件: 202503250545.csv
2025-03-25 06:30:19,949 - 该预测文件已处理过 (标志文件: D:\my-vue-project\wind-power-forecast\backend\auto_scripts\scripts\supershort\logs\auto_predict\predict_20250325_06_00.flag)
2025-03-25 06:30:19,949 - ⏩ 跳过已处理的文件: 202503250600.csv
2025-03-25 06:30:19,949 - 该预测文件已处理过 (标志文件: D:\my-vue-project\wind-power-forecast\backend\auto_scripts\scripts\supershort\logs\auto_predict\predict_20250325_06_15.flag)
2025-03-25 06:30:19,949 - ⏩ 跳过已处理的文件: 202503250615.csv
2025-03-25 06:30:19,949 - 本次共处理了 26 个预测文件
2025-03-25 06:30:19,949 - 
================================================================================
2025-03-25 06:30:19,949 - >>> 预测任务结束 <<<
2025-03-25 06:30:19,949 - ================================================================================

2025-03-25 06:30:19,949 - 预测任务结束
2025-03-25 06:35:21,292 - 
================================================================================
2025-03-25 06:35:21,292 - >>> 自动预测系统启动 <<<
2025-03-25 06:35:21,292 - ================================================================================

2025-03-25 06:35:21,292 - 自动预测系统启动
2025-03-25 06:35:21,292 - 当前日期: 20250325, 时间: 06:35:21
2025-03-25 06:35:21,292 - 
================================================================================
2025-03-25 06:35:21,292 - >>> 开始执行预测 <<<
2025-03-25 06:35:21,292 - ================================================================================

2025-03-25 06:35:21,292 - 开始执行预测
2025-03-25 06:35:21,293 - 扫描预测数据文件目录: D:\my-vue-project\wind-power-forecast\backend\auto_scripts\precsv\supershortcsv\20250325
2025-03-25 06:35:21,293 - 检查模型目录: D:\my-vue-project\wind-power-forecast\backend\auto_scripts\models\supershortmodel\20250325
2025-03-25 06:35:21,293 - 发现best_models目录: D:\my-vue-project\wind-power-forecast\backend\auto_scripts\models\supershortmodel\20250325\best_models
2025-03-25 06:35:21,293 - 发现GBDT模型文件: D:\my-vue-project\wind-power-forecast\backend\auto_scripts\models\supershortmodel\20250325\best_models\GBDT.joblib
2025-03-25 06:35:21,293 - 找到 27 个CSV文件
2025-03-25 06:35:21,293 - 该预测文件已处理过 (标志文件: D:\my-vue-project\wind-power-forecast\backend\auto_scripts\scripts\supershort\logs\auto_predict\predict_20250325_00_00.flag)
2025-03-25 06:35:21,293 - ⏩ 跳过已处理的文件: 202503250000.csv
2025-03-25 06:35:21,294 - 该预测文件已处理过 (标志文件: D:\my-vue-project\wind-power-forecast\backend\auto_scripts\scripts\supershort\logs\auto_predict\predict_20250325_00_15.flag)
2025-03-25 06:35:21,294 - ⏩ 跳过已处理的文件: 202503250015.csv
2025-03-25 06:35:21,294 - 该预测文件已处理过 (标志文件: D:\my-vue-project\wind-power-forecast\backend\auto_scripts\scripts\supershort\logs\auto_predict\predict_20250325_00_30.flag)
2025-03-25 06:35:21,294 - ⏩ 跳过已处理的文件: 202503250030.csv
2025-03-25 06:35:21,294 - 该预测文件已处理过 (标志文件: D:\my-vue-project\wind-power-forecast\backend\auto_scripts\scripts\supershort\logs\auto_predict\predict_20250325_00_45.flag)
2025-03-25 06:35:21,294 - ⏩ 跳过已处理的文件: 202503250045.csv
2025-03-25 06:35:21,294 - 该预测文件已处理过 (标志文件: D:\my-vue-project\wind-power-forecast\backend\auto_scripts\scripts\supershort\logs\auto_predict\predict_20250325_01_00.flag)
2025-03-25 06:35:21,294 - ⏩ 跳过已处理的文件: 202503250100.csv
2025-03-25 06:35:21,295 - 该预测文件已处理过 (标志文件: D:\my-vue-project\wind-power-forecast\backend\auto_scripts\scripts\supershort\logs\auto_predict\predict_20250325_01_15.flag)
2025-03-25 06:35:21,295 - ⏩ 跳过已处理的文件: 202503250115.csv
2025-03-25 06:35:21,295 - 该预测文件已处理过 (标志文件: D:\my-vue-project\wind-power-forecast\backend\auto_scripts\scripts\supershort\logs\auto_predict\predict_20250325_01_30.flag)
2025-03-25 06:35:21,295 - ⏩ 跳过已处理的文件: 202503250130.csv
2025-03-25 06:35:21,295 - 该预测文件已处理过 (标志文件: D:\my-vue-project\wind-power-forecast\backend\auto_scripts\scripts\supershort\logs\auto_predict\predict_20250325_01_45.flag)
2025-03-25 06:35:21,295 - ⏩ 跳过已处理的文件: 202503250145.csv
2025-03-25 06:35:21,296 - 该预测文件已处理过 (标志文件: D:\my-vue-project\wind-power-forecast\backend\auto_scripts\scripts\supershort\logs\auto_predict\predict_20250325_02_00.flag)
2025-03-25 06:35:21,296 - ⏩ 跳过已处理的文件: 202503250200.csv
2025-03-25 06:35:21,296 - 该预测文件已处理过 (标志文件: D:\my-vue-project\wind-power-forecast\backend\auto_scripts\scripts\supershort\logs\auto_predict\predict_20250325_02_15.flag)
2025-03-25 06:35:21,296 - ⏩ 跳过已处理的文件: 202503250215.csv
2025-03-25 06:35:21,296 - 该预测文件已处理过 (标志文件: D:\my-vue-project\wind-power-forecast\backend\auto_scripts\scripts\supershort\logs\auto_predict\predict_20250325_02_30.flag)
2025-03-25 06:35:21,296 - ⏩ 跳过已处理的文件: 202503250230.csv
2025-03-25 06:35:21,296 - 该预测文件已处理过 (标志文件: D:\my-vue-project\wind-power-forecast\backend\auto_scripts\scripts\supershort\logs\auto_predict\predict_20250325_02_45.flag)
2025-03-25 06:35:21,296 - ⏩ 跳过已处理的文件: 202503250245.csv
2025-03-25 06:35:21,297 - 该预测文件已处理过 (标志文件: D:\my-vue-project\wind-power-forecast\backend\auto_scripts\scripts\supershort\logs\auto_predict\predict_20250325_03_00.flag)
2025-03-25 06:35:21,297 - ⏩ 跳过已处理的文件: 202503250300.csv
2025-03-25 06:35:21,297 - 该预测文件已处理过 (标志文件: D:\my-vue-project\wind-power-forecast\backend\auto_scripts\scripts\supershort\logs\auto_predict\predict_20250325_03_15.flag)
2025-03-25 06:35:21,297 - ⏩ 跳过已处理的文件: 202503250315.csv
2025-03-25 06:35:21,297 - 该预测文件已处理过 (标志文件: D:\my-vue-project\wind-power-forecast\backend\auto_scripts\scripts\supershort\logs\auto_predict\predict_20250325_03_30.flag)
2025-03-25 06:35:21,297 - ⏩ 跳过已处理的文件: 202503250330.csv
2025-03-25 06:35:21,297 - 该预测文件已处理过 (标志文件: D:\my-vue-project\wind-power-forecast\backend\auto_scripts\scripts\supershort\logs\auto_predict\predict_20250325_03_45.flag)
2025-03-25 06:35:21,297 - ⏩ 跳过已处理的文件: 202503250345.csv
2025-03-25 06:35:21,298 - 该预测文件已处理过 (标志文件: D:\my-vue-project\wind-power-forecast\backend\auto_scripts\scripts\supershort\logs\auto_predict\predict_20250325_04_00.flag)
2025-03-25 06:35:21,298 - ⏩ 跳过已处理的文件: 202503250400.csv
2025-03-25 06:35:21,298 - 该预测文件已处理过 (标志文件: D:\my-vue-project\wind-power-forecast\backend\auto_scripts\scripts\supershort\logs\auto_predict\predict_20250325_04_15.flag)
2025-03-25 06:35:21,298 - ⏩ 跳过已处理的文件: 202503250415.csv
2025-03-25 06:35:21,298 - 该预测文件已处理过 (标志文件: D:\my-vue-project\wind-power-forecast\backend\auto_scripts\scripts\supershort\logs\auto_predict\predict_20250325_04_30.flag)
2025-03-25 06:35:21,298 - ⏩ 跳过已处理的文件: 202503250430.csv
2025-03-25 06:35:21,298 - 该预测文件已处理过 (标志文件: D:\my-vue-project\wind-power-forecast\backend\auto_scripts\scripts\supershort\logs\auto_predict\predict_20250325_04_45.flag)
2025-03-25 06:35:21,298 - ⏩ 跳过已处理的文件: 202503250445.csv
2025-03-25 06:35:21,298 - 该预测文件已处理过 (标志文件: D:\my-vue-project\wind-power-forecast\backend\auto_scripts\scripts\supershort\logs\auto_predict\predict_20250325_05_00.flag)
2025-03-25 06:35:21,299 - ⏩ 跳过已处理的文件: 202503250500.csv
2025-03-25 06:35:21,299 - 该预测文件已处理过 (标志文件: D:\my-vue-project\wind-power-forecast\backend\auto_scripts\scripts\supershort\logs\auto_predict\predict_20250325_05_15.flag)
2025-03-25 06:35:21,299 - ⏩ 跳过已处理的文件: 202503250515.csv
2025-03-25 06:35:21,299 - 该预测文件已处理过 (标志文件: D:\my-vue-project\wind-power-forecast\backend\auto_scripts\scripts\supershort\logs\auto_predict\predict_20250325_05_30.flag)
2025-03-25 06:35:21,299 - ⏩ 跳过已处理的文件: 202503250530.csv
2025-03-25 06:35:21,299 - 该预测文件已处理过 (标志文件: D:\my-vue-project\wind-power-forecast\backend\auto_scripts\scripts\supershort\logs\auto_predict\predict_20250325_05_45.flag)
2025-03-25 06:35:21,299 - ⏩ 跳过已处理的文件: 202503250545.csv
2025-03-25 06:35:21,299 - 该预测文件已处理过 (标志文件: D:\my-vue-project\wind-power-forecast\backend\auto_scripts\scripts\supershort\logs\auto_predict\predict_20250325_06_00.flag)
2025-03-25 06:35:21,300 - ⏩ 跳过已处理的文件: 202503250600.csv
2025-03-25 06:35:21,300 - 该预测文件已处理过 (标志文件: D:\my-vue-project\wind-power-forecast\backend\auto_scripts\scripts\supershort\logs\auto_predict\predict_20250325_06_15.flag)
2025-03-25 06:35:21,300 - ⏩ 跳过已处理的文件: 202503250615.csv
2025-03-25 06:35:21,300 - ✅ 处理预测文件: D:\my-vue-project\wind-power-forecast\backend\auto_scripts\precsv\supershortcsv\20250325\202503250630.csv
2025-03-25 06:35:21,300 - 
============================================================
【风电功率预测开始】
============================================================
2025-03-25 06:35:21,300 - 配置信息:
2025-03-25 06:35:21,300 -   - 数据文件: D:\my-vue-project\wind-power-forecast\backend\auto_scripts\precsv\supershortcsv\20250325\202503250630.csv
2025-03-25 06:35:21,300 -   - 模型目录: D:\my-vue-project\wind-power-forecast\backend\auto_scripts\models\supershortmodel\20250325
2025-03-25 06:35:21,300 -   - 窗口大小: 16
2025-03-25 06:35:21,300 -   - 滞后特征数: 4
2025-03-25 06:35:21,300 - 
============================================================
【预处理新数据】
============================================================
2025-03-25 06:35:21,300 - 加载数据文件: D:\my-vue-project\wind-power-forecast\backend\auto_scripts\precsv\supershortcsv\20250325\202503250630.csv
2025-03-25 06:35:21,305 - 数据加载完成，去除缺失值后共 29 条记录
2025-03-25 06:35:21,345 - 数据前5行预览:
        Timestamp    129.128_1    129.128_2  ...  ws200_13  ws200_14  ws200_15
0  2024/3/11 0:00  15974.26563  16293.82813  ...  4.542173  1.324043  0.865087
1  2024/3/11 0:15  15974.26563  16293.82813  ...  3.899081  0.880606  1.273859
2  2024/3/11 0:30  15974.26563  16293.82813  ...  3.273753  0.778394  1.710350
3  2024/3/11 0:45  15974.26563  16293.82813  ...  2.678660  1.115517  2.157803
4  2024/3/11 1:00  15974.26563  16293.82813  ...  2.139185  1.640399  2.610587

[5 rows x 301 columns]
2025-03-25 06:35:21,345 - 预处理数据...
2025-03-25 06:35:21,347 - 预处理完成，特征维度: (29, 304)
2025-03-25 06:35:21,347 - 执行特征工程，滞后特征数: 4...
2025-03-25 06:35:21,378 - 特征工程完成，特征维度: (26, 859)
2025-03-25 06:35:21,378 - 新数据预处理完成，共 26 个样本
2025-03-25 06:35:21,378 - ✅ 发现最佳模型目录: D:\my-vue-project\wind-power-forecast\backend\auto_scripts\models\supershortmodel\20250325\best_models，尝试使用多模型加权预测
2025-03-25 06:35:21,378 - 
============================================================
【加载多个模型】
============================================================
2025-03-25 06:35:21,378 - 从目录加载模型和 scaler: D:\my-vue-project\wind-power-forecast\backend\auto_scripts\models\supershortmodel\20250325\best_models
2025-03-25 06:35:21,378 - 加载 GBDT 模型和 scaler...
2025-03-25 06:35:21,468 - ✅ 已成功加载 GBDT 模型和对应的 scaler
2025-03-25 06:35:21,468 - 加载 DART 模型和 scaler...
2025-03-25 06:35:21,474 - ✅ 已成功加载 DART 模型和对应的 scaler
2025-03-25 06:35:21,474 - 加载 GOSS 模型和 scaler...
2025-03-25 06:35:21,483 - ✅ 已成功加载 GOSS 模型和对应的 scaler
2025-03-25 06:35:21,483 - 加载完成，共加载了 3 个模型: GBDT, DART, GOSS
2025-03-25 06:35:21,483 - 尝试加载模型权重文件: D:\my-vue-project\wind-power-forecast\backend\auto_scripts\models\supershortmodel\20250325\model_weights.joblib
2025-03-25 06:35:21,483 - ✅ 已加载模型权重: {'GBDT': np.float64(0.0), 'DART': np.float64(0.0), 'GOSS': np.float64(0.9413418792089218), 'INTERCEPT': np.float64(-0.0258769107539365)}
2025-03-25 06:35:21,483 - 
============================================================
【使用多模型加权预测】
============================================================
2025-03-25 06:35:21,483 - 使用自定义权重: {'GBDT': np.float64(0.0), 'DART': np.float64(0.0), 'GOSS': np.float64(0.9413418792089218), 'INTERCEPT': np.float64(-0.0258769107539365)}
2025-03-25 06:35:21,484 - ❌ GBDT 模型权重为0，跳过
2025-03-25 06:35:21,484 - ❌ DART 模型权重为0，跳过
2025-03-25 06:35:21,484 - 使用 GOSS 模型进行预测 (权重: 0.9413)...
2025-03-25 06:35:21,488 - GOSS: 数据标准化完成
2025-03-25 06:35:21,488 - GOSS: 时间窗口创建完成，窗口数量: 11
2025-03-25 06:35:21,534 - ✅ GOSS 模型预测完成，生成了 11 个预测值
2025-03-25 06:35:21,534 -    统计: 最小值=118.97, 最大值=177.46, 平均值=157.97
2025-03-25 06:35:21,534 - 所有预测结果对齐到最小长度: 11
2025-03-25 06:35:21,534 - 开始计算加权平均预测结果...
2025-03-25 06:35:21,534 -   加入 GOSS 模型贡献 (权重: 0.9413)
2025-03-25 06:35:21,534 -   加入常数偏置项 (值: -0.0259)
2025-03-25 06:35:21,534 - 加权平均预测完成，生成了 11 个预测值
2025-03-25 06:35:21,534 - 加权预测结果统计: 最小值=111.96, 最大值=167.03, 平均值=148.67
2025-03-25 06:35:21,535 - ✅ 多模型加权预测完成，使用模型: GBDT, DART, GOSS
2025-03-25 06:35:21,535 - 预测结果数据框创建完成，共 11 行
2025-03-25 06:35:21,537 - ✅ 预测结果已保存到文件: D:\my-vue-project\wind-power-forecast\backend\auto_scripts\results\supershortresult\20250325\prediction_202503250630.csv
2025-03-25 06:35:21,537 - 尝试将预测结果导入数据库...
2025-03-25 06:35:21,537 - 发送HTTP请求到: http://localhost:5000/prediction2database/batch_supershortl_power
2025-03-25 06:35:23,616 - ✅ 数据已成功导入数据库
2025-03-25 06:35:23,616 -    总记录数: 11, 更新: 11, 插入: 0
2025-03-25 06:35:23,616 - 
============================================================
【风电功率预测完成】
============================================================
2025-03-25 06:35:23,616 - 风电功率预测完成
2025-03-25 06:35:23,618 - ✅ 202503250630.csv 预测执行完成
2025-03-25 06:35:23,618 - 已创建预测标志文件: D:\my-vue-project\wind-power-forecast\backend\auto_scripts\scripts\supershort\logs\auto_predict\predict_20250325_06_30.flag
2025-03-25 06:35:23,618 - 本次共处理了 27 个预测文件
2025-03-25 06:35:23,619 - 
================================================================================
2025-03-25 06:35:23,619 - >>> 预测任务结束 <<<
2025-03-25 06:35:23,619 - ================================================================================

2025-03-25 06:35:23,619 - 预测任务结束
2025-03-25 06:40:25,117 - 
================================================================================
2025-03-25 06:40:25,117 - >>> 自动预测系统启动 <<<
2025-03-25 06:40:25,117 - ================================================================================

2025-03-25 06:40:25,117 - 自动预测系统启动
2025-03-25 06:40:25,117 - 当前日期: 20250325, 时间: 06:40:25
2025-03-25 06:40:25,117 - 
================================================================================
2025-03-25 06:40:25,117 - >>> 开始执行预测 <<<
2025-03-25 06:40:25,117 - ================================================================================

2025-03-25 06:40:25,117 - 开始执行预测
2025-03-25 06:40:25,118 - 扫描预测数据文件目录: D:\my-vue-project\wind-power-forecast\backend\auto_scripts\precsv\supershortcsv\20250325
2025-03-25 06:40:25,118 - 检查模型目录: D:\my-vue-project\wind-power-forecast\backend\auto_scripts\models\supershortmodel\20250325
2025-03-25 06:40:25,118 - 发现best_models目录: D:\my-vue-project\wind-power-forecast\backend\auto_scripts\models\supershortmodel\20250325\best_models
2025-03-25 06:40:25,118 - 发现GBDT模型文件: D:\my-vue-project\wind-power-forecast\backend\auto_scripts\models\supershortmodel\20250325\best_models\GBDT.joblib
2025-03-25 06:40:25,118 - 找到 27 个CSV文件
2025-03-25 06:40:25,118 - 该预测文件已处理过 (标志文件: D:\my-vue-project\wind-power-forecast\backend\auto_scripts\scripts\supershort\logs\auto_predict\predict_20250325_00_00.flag)
2025-03-25 06:40:25,118 - ⏩ 跳过已处理的文件: 202503250000.csv
2025-03-25 06:40:25,119 - 该预测文件已处理过 (标志文件: D:\my-vue-project\wind-power-forecast\backend\auto_scripts\scripts\supershort\logs\auto_predict\predict_20250325_00_15.flag)
2025-03-25 06:40:25,119 - ⏩ 跳过已处理的文件: 202503250015.csv
2025-03-25 06:40:25,119 - 该预测文件已处理过 (标志文件: D:\my-vue-project\wind-power-forecast\backend\auto_scripts\scripts\supershort\logs\auto_predict\predict_20250325_00_30.flag)
2025-03-25 06:40:25,119 - ⏩ 跳过已处理的文件: 202503250030.csv
2025-03-25 06:40:25,119 - 该预测文件已处理过 (标志文件: D:\my-vue-project\wind-power-forecast\backend\auto_scripts\scripts\supershort\logs\auto_predict\predict_20250325_00_45.flag)
2025-03-25 06:40:25,119 - ⏩ 跳过已处理的文件: 202503250045.csv
2025-03-25 06:40:25,119 - 该预测文件已处理过 (标志文件: D:\my-vue-project\wind-power-forecast\backend\auto_scripts\scripts\supershort\logs\auto_predict\predict_20250325_01_00.flag)
2025-03-25 06:40:25,119 - ⏩ 跳过已处理的文件: 202503250100.csv
2025-03-25 06:40:25,120 - 该预测文件已处理过 (标志文件: D:\my-vue-project\wind-power-forecast\backend\auto_scripts\scripts\supershort\logs\auto_predict\predict_20250325_01_15.flag)
2025-03-25 06:40:25,120 - ⏩ 跳过已处理的文件: 202503250115.csv
2025-03-25 06:40:25,120 - 该预测文件已处理过 (标志文件: D:\my-vue-project\wind-power-forecast\backend\auto_scripts\scripts\supershort\logs\auto_predict\predict_20250325_01_30.flag)
2025-03-25 06:40:25,120 - ⏩ 跳过已处理的文件: 202503250130.csv
2025-03-25 06:40:25,120 - 该预测文件已处理过 (标志文件: D:\my-vue-project\wind-power-forecast\backend\auto_scripts\scripts\supershort\logs\auto_predict\predict_20250325_01_45.flag)
2025-03-25 06:40:25,120 - ⏩ 跳过已处理的文件: 202503250145.csv
2025-03-25 06:40:25,120 - 该预测文件已处理过 (标志文件: D:\my-vue-project\wind-power-forecast\backend\auto_scripts\scripts\supershort\logs\auto_predict\predict_20250325_02_00.flag)
2025-03-25 06:40:25,120 - ⏩ 跳过已处理的文件: 202503250200.csv
2025-03-25 06:40:25,121 - 该预测文件已处理过 (标志文件: D:\my-vue-project\wind-power-forecast\backend\auto_scripts\scripts\supershort\logs\auto_predict\predict_20250325_02_15.flag)
2025-03-25 06:40:25,121 - ⏩ 跳过已处理的文件: 202503250215.csv
2025-03-25 06:40:25,121 - 该预测文件已处理过 (标志文件: D:\my-vue-project\wind-power-forecast\backend\auto_scripts\scripts\supershort\logs\auto_predict\predict_20250325_02_30.flag)
2025-03-25 06:40:25,121 - ⏩ 跳过已处理的文件: 202503250230.csv
2025-03-25 06:40:25,121 - 该预测文件已处理过 (标志文件: D:\my-vue-project\wind-power-forecast\backend\auto_scripts\scripts\supershort\logs\auto_predict\predict_20250325_02_45.flag)
2025-03-25 06:40:25,121 - ⏩ 跳过已处理的文件: 202503250245.csv
2025-03-25 06:40:25,121 - 该预测文件已处理过 (标志文件: D:\my-vue-project\wind-power-forecast\backend\auto_scripts\scripts\supershort\logs\auto_predict\predict_20250325_03_00.flag)
2025-03-25 06:40:25,126 - ⏩ 跳过已处理的文件: 202503250300.csv
2025-03-25 06:40:25,126 - 该预测文件已处理过 (标志文件: D:\my-vue-project\wind-power-forecast\backend\auto_scripts\scripts\supershort\logs\auto_predict\predict_20250325_03_15.flag)
2025-03-25 06:40:25,126 - ⏩ 跳过已处理的文件: 202503250315.csv
2025-03-25 06:40:25,126 - 该预测文件已处理过 (标志文件: D:\my-vue-project\wind-power-forecast\backend\auto_scripts\scripts\supershort\logs\auto_predict\predict_20250325_03_30.flag)
2025-03-25 06:40:25,126 - ⏩ 跳过已处理的文件: 202503250330.csv
2025-03-25 06:40:25,127 - 该预测文件已处理过 (标志文件: D:\my-vue-project\wind-power-forecast\backend\auto_scripts\scripts\supershort\logs\auto_predict\predict_20250325_03_45.flag)
2025-03-25 06:40:25,127 - ⏩ 跳过已处理的文件: 202503250345.csv
2025-03-25 06:40:25,127 - 该预测文件已处理过 (标志文件: D:\my-vue-project\wind-power-forecast\backend\auto_scripts\scripts\supershort\logs\auto_predict\predict_20250325_04_00.flag)
2025-03-25 06:40:25,127 - ⏩ 跳过已处理的文件: 202503250400.csv
2025-03-25 06:40:25,127 - 该预测文件已处理过 (标志文件: D:\my-vue-project\wind-power-forecast\backend\auto_scripts\scripts\supershort\logs\auto_predict\predict_20250325_04_15.flag)
2025-03-25 06:40:25,127 - ⏩ 跳过已处理的文件: 202503250415.csv
2025-03-25 06:40:25,127 - 该预测文件已处理过 (标志文件: D:\my-vue-project\wind-power-forecast\backend\auto_scripts\scripts\supershort\logs\auto_predict\predict_20250325_04_30.flag)
2025-03-25 06:40:25,127 - ⏩ 跳过已处理的文件: 202503250430.csv
2025-03-25 06:40:25,128 - 该预测文件已处理过 (标志文件: D:\my-vue-project\wind-power-forecast\backend\auto_scripts\scripts\supershort\logs\auto_predict\predict_20250325_04_45.flag)
2025-03-25 06:40:25,128 - ⏩ 跳过已处理的文件: 202503250445.csv
2025-03-25 06:40:25,128 - 该预测文件已处理过 (标志文件: D:\my-vue-project\wind-power-forecast\backend\auto_scripts\scripts\supershort\logs\auto_predict\predict_20250325_05_00.flag)
2025-03-25 06:40:25,128 - ⏩ 跳过已处理的文件: 202503250500.csv
2025-03-25 06:40:25,128 - 该预测文件已处理过 (标志文件: D:\my-vue-project\wind-power-forecast\backend\auto_scripts\scripts\supershort\logs\auto_predict\predict_20250325_05_15.flag)
2025-03-25 06:40:25,128 - ⏩ 跳过已处理的文件: 202503250515.csv
2025-03-25 06:40:25,128 - 该预测文件已处理过 (标志文件: D:\my-vue-project\wind-power-forecast\backend\auto_scripts\scripts\supershort\logs\auto_predict\predict_20250325_05_30.flag)
2025-03-25 06:40:25,128 - ⏩ 跳过已处理的文件: 202503250530.csv
2025-03-25 06:40:25,129 - 该预测文件已处理过 (标志文件: D:\my-vue-project\wind-power-forecast\backend\auto_scripts\scripts\supershort\logs\auto_predict\predict_20250325_05_45.flag)
2025-03-25 06:40:25,129 - ⏩ 跳过已处理的文件: 202503250545.csv
2025-03-25 06:40:25,129 - 该预测文件已处理过 (标志文件: D:\my-vue-project\wind-power-forecast\backend\auto_scripts\scripts\supershort\logs\auto_predict\predict_20250325_06_00.flag)
2025-03-25 06:40:25,129 - ⏩ 跳过已处理的文件: 202503250600.csv
2025-03-25 06:40:25,129 - 该预测文件已处理过 (标志文件: D:\my-vue-project\wind-power-forecast\backend\auto_scripts\scripts\supershort\logs\auto_predict\predict_20250325_06_15.flag)
2025-03-25 06:40:25,129 - ⏩ 跳过已处理的文件: 202503250615.csv
2025-03-25 06:40:25,129 - 该预测文件已处理过 (标志文件: D:\my-vue-project\wind-power-forecast\backend\auto_scripts\scripts\supershort\logs\auto_predict\predict_20250325_06_30.flag)
2025-03-25 06:40:25,129 - ⏩ 跳过已处理的文件: 202503250630.csv
2025-03-25 06:40:25,129 - 本次共处理了 27 个预测文件
2025-03-25 06:40:25,130 - 
================================================================================
2025-03-25 06:40:25,130 - >>> 预测任务结束 <<<
2025-03-25 06:40:25,130 - ================================================================================

2025-03-25 06:40:25,130 - 预测任务结束
2025-03-25 06:45:26,612 - 
================================================================================
2025-03-25 06:45:26,612 - >>> 自动预测系统启动 <<<
2025-03-25 06:45:26,612 - ================================================================================

2025-03-25 06:45:26,612 - 自动预测系统启动
2025-03-25 06:45:26,612 - 当前日期: 20250325, 时间: 06:45:26
2025-03-25 06:45:26,612 - 
================================================================================
2025-03-25 06:45:26,613 - >>> 开始执行预测 <<<
2025-03-25 06:45:26,613 - ================================================================================

2025-03-25 06:45:26,613 - 开始执行预测
2025-03-25 06:45:26,613 - 扫描预测数据文件目录: D:\my-vue-project\wind-power-forecast\backend\auto_scripts\precsv\supershortcsv\20250325
2025-03-25 06:45:26,613 - 检查模型目录: D:\my-vue-project\wind-power-forecast\backend\auto_scripts\models\supershortmodel\20250325
2025-03-25 06:45:26,613 - 发现best_models目录: D:\my-vue-project\wind-power-forecast\backend\auto_scripts\models\supershortmodel\20250325\best_models
2025-03-25 06:45:26,613 - 发现GBDT模型文件: D:\my-vue-project\wind-power-forecast\backend\auto_scripts\models\supershortmodel\20250325\best_models\GBDT.joblib
2025-03-25 06:45:26,613 - 找到 28 个CSV文件
2025-03-25 06:45:26,614 - 该预测文件已处理过 (标志文件: D:\my-vue-project\wind-power-forecast\backend\auto_scripts\scripts\supershort\logs\auto_predict\predict_20250325_00_00.flag)
2025-03-25 06:45:26,614 - ⏩ 跳过已处理的文件: 202503250000.csv
2025-03-25 06:45:26,614 - 该预测文件已处理过 (标志文件: D:\my-vue-project\wind-power-forecast\backend\auto_scripts\scripts\supershort\logs\auto_predict\predict_20250325_00_15.flag)
2025-03-25 06:45:26,614 - ⏩ 跳过已处理的文件: 202503250015.csv
2025-03-25 06:45:26,614 - 该预测文件已处理过 (标志文件: D:\my-vue-project\wind-power-forecast\backend\auto_scripts\scripts\supershort\logs\auto_predict\predict_20250325_00_30.flag)
2025-03-25 06:45:26,614 - ⏩ 跳过已处理的文件: 202503250030.csv
2025-03-25 06:45:26,614 - 该预测文件已处理过 (标志文件: D:\my-vue-project\wind-power-forecast\backend\auto_scripts\scripts\supershort\logs\auto_predict\predict_20250325_00_45.flag)
2025-03-25 06:45:26,614 - ⏩ 跳过已处理的文件: 202503250045.csv
2025-03-25 06:45:26,615 - 该预测文件已处理过 (标志文件: D:\my-vue-project\wind-power-forecast\backend\auto_scripts\scripts\supershort\logs\auto_predict\predict_20250325_01_00.flag)
2025-03-25 06:45:26,615 - ⏩ 跳过已处理的文件: 202503250100.csv
2025-03-25 06:45:26,615 - 该预测文件已处理过 (标志文件: D:\my-vue-project\wind-power-forecast\backend\auto_scripts\scripts\supershort\logs\auto_predict\predict_20250325_01_15.flag)
2025-03-25 06:45:26,615 - ⏩ 跳过已处理的文件: 202503250115.csv
2025-03-25 06:45:26,615 - 该预测文件已处理过 (标志文件: D:\my-vue-project\wind-power-forecast\backend\auto_scripts\scripts\supershort\logs\auto_predict\predict_20250325_01_30.flag)
2025-03-25 06:45:26,615 - ⏩ 跳过已处理的文件: 202503250130.csv
2025-03-25 06:45:26,615 - 该预测文件已处理过 (标志文件: D:\my-vue-project\wind-power-forecast\backend\auto_scripts\scripts\supershort\logs\auto_predict\predict_20250325_01_45.flag)
2025-03-25 06:45:26,615 - ⏩ 跳过已处理的文件: 202503250145.csv
2025-03-25 06:45:26,616 - 该预测文件已处理过 (标志文件: D:\my-vue-project\wind-power-forecast\backend\auto_scripts\scripts\supershort\logs\auto_predict\predict_20250325_02_00.flag)
2025-03-25 06:45:26,616 - ⏩ 跳过已处理的文件: 202503250200.csv
2025-03-25 06:45:26,616 - 该预测文件已处理过 (标志文件: D:\my-vue-project\wind-power-forecast\backend\auto_scripts\scripts\supershort\logs\auto_predict\predict_20250325_02_15.flag)
2025-03-25 06:45:26,616 - ⏩ 跳过已处理的文件: 202503250215.csv
2025-03-25 06:45:26,616 - 该预测文件已处理过 (标志文件: D:\my-vue-project\wind-power-forecast\backend\auto_scripts\scripts\supershort\logs\auto_predict\predict_20250325_02_30.flag)
2025-03-25 06:45:26,616 - ⏩ 跳过已处理的文件: 202503250230.csv
2025-03-25 06:45:26,616 - 该预测文件已处理过 (标志文件: D:\my-vue-project\wind-power-forecast\backend\auto_scripts\scripts\supershort\logs\auto_predict\predict_20250325_02_45.flag)
2025-03-25 06:45:26,616 - ⏩ 跳过已处理的文件: 202503250245.csv
2025-03-25 06:45:26,617 - 该预测文件已处理过 (标志文件: D:\my-vue-project\wind-power-forecast\backend\auto_scripts\scripts\supershort\logs\auto_predict\predict_20250325_03_00.flag)
2025-03-25 06:45:26,617 - ⏩ 跳过已处理的文件: 202503250300.csv
2025-03-25 06:45:26,617 - 该预测文件已处理过 (标志文件: D:\my-vue-project\wind-power-forecast\backend\auto_scripts\scripts\supershort\logs\auto_predict\predict_20250325_03_15.flag)
2025-03-25 06:45:26,617 - ⏩ 跳过已处理的文件: 202503250315.csv
2025-03-25 06:45:26,617 - 该预测文件已处理过 (标志文件: D:\my-vue-project\wind-power-forecast\backend\auto_scripts\scripts\supershort\logs\auto_predict\predict_20250325_03_30.flag)
2025-03-25 06:45:26,617 - ⏩ 跳过已处理的文件: 202503250330.csv
2025-03-25 06:45:26,617 - 该预测文件已处理过 (标志文件: D:\my-vue-project\wind-power-forecast\backend\auto_scripts\scripts\supershort\logs\auto_predict\predict_20250325_03_45.flag)
2025-03-25 06:45:26,617 - ⏩ 跳过已处理的文件: 202503250345.csv
2025-03-25 06:45:26,618 - 该预测文件已处理过 (标志文件: D:\my-vue-project\wind-power-forecast\backend\auto_scripts\scripts\supershort\logs\auto_predict\predict_20250325_04_00.flag)
2025-03-25 06:45:26,618 - ⏩ 跳过已处理的文件: 202503250400.csv
2025-03-25 06:45:26,618 - 该预测文件已处理过 (标志文件: D:\my-vue-project\wind-power-forecast\backend\auto_scripts\scripts\supershort\logs\auto_predict\predict_20250325_04_15.flag)
2025-03-25 06:45:26,618 - ⏩ 跳过已处理的文件: 202503250415.csv
2025-03-25 06:45:26,618 - 该预测文件已处理过 (标志文件: D:\my-vue-project\wind-power-forecast\backend\auto_scripts\scripts\supershort\logs\auto_predict\predict_20250325_04_30.flag)
2025-03-25 06:45:26,618 - ⏩ 跳过已处理的文件: 202503250430.csv
2025-03-25 06:45:26,618 - 该预测文件已处理过 (标志文件: D:\my-vue-project\wind-power-forecast\backend\auto_scripts\scripts\supershort\logs\auto_predict\predict_20250325_04_45.flag)
2025-03-25 06:45:26,618 - ⏩ 跳过已处理的文件: 202503250445.csv
2025-03-25 06:45:26,619 - 该预测文件已处理过 (标志文件: D:\my-vue-project\wind-power-forecast\backend\auto_scripts\scripts\supershort\logs\auto_predict\predict_20250325_05_00.flag)
2025-03-25 06:45:26,619 - ⏩ 跳过已处理的文件: 202503250500.csv
2025-03-25 06:45:26,619 - 该预测文件已处理过 (标志文件: D:\my-vue-project\wind-power-forecast\backend\auto_scripts\scripts\supershort\logs\auto_predict\predict_20250325_05_15.flag)
2025-03-25 06:45:26,619 - ⏩ 跳过已处理的文件: 202503250515.csv
2025-03-25 06:45:26,619 - 该预测文件已处理过 (标志文件: D:\my-vue-project\wind-power-forecast\backend\auto_scripts\scripts\supershort\logs\auto_predict\predict_20250325_05_30.flag)
2025-03-25 06:45:26,619 - ⏩ 跳过已处理的文件: 202503250530.csv
2025-03-25 06:45:26,619 - 该预测文件已处理过 (标志文件: D:\my-vue-project\wind-power-forecast\backend\auto_scripts\scripts\supershort\logs\auto_predict\predict_20250325_05_45.flag)
2025-03-25 06:45:26,619 - ⏩ 跳过已处理的文件: 202503250545.csv
2025-03-25 06:45:26,620 - 该预测文件已处理过 (标志文件: D:\my-vue-project\wind-power-forecast\backend\auto_scripts\scripts\supershort\logs\auto_predict\predict_20250325_06_00.flag)
2025-03-25 06:45:26,620 - ⏩ 跳过已处理的文件: 202503250600.csv
2025-03-25 06:45:26,620 - 该预测文件已处理过 (标志文件: D:\my-vue-project\wind-power-forecast\backend\auto_scripts\scripts\supershort\logs\auto_predict\predict_20250325_06_15.flag)
2025-03-25 06:45:26,620 - ⏩ 跳过已处理的文件: 202503250615.csv
2025-03-25 06:45:26,620 - 该预测文件已处理过 (标志文件: D:\my-vue-project\wind-power-forecast\backend\auto_scripts\scripts\supershort\logs\auto_predict\predict_20250325_06_30.flag)
2025-03-25 06:45:26,620 - ⏩ 跳过已处理的文件: 202503250630.csv
2025-03-25 06:45:26,620 - ✅ 处理预测文件: D:\my-vue-project\wind-power-forecast\backend\auto_scripts\precsv\supershortcsv\20250325\202503250645.csv
2025-03-25 06:45:26,620 - 
============================================================
【风电功率预测开始】
============================================================
2025-03-25 06:45:26,621 - 配置信息:
2025-03-25 06:45:26,621 -   - 数据文件: D:\my-vue-project\wind-power-forecast\backend\auto_scripts\precsv\supershortcsv\20250325\202503250645.csv
2025-03-25 06:45:26,621 -   - 模型目录: D:\my-vue-project\wind-power-forecast\backend\auto_scripts\models\supershortmodel\20250325
2025-03-25 06:45:26,621 -   - 窗口大小: 16
2025-03-25 06:45:26,621 -   - 滞后特征数: 4
2025-03-25 06:45:26,621 - 
============================================================
【预处理新数据】
============================================================
2025-03-25 06:45:26,621 - 加载数据文件: D:\my-vue-project\wind-power-forecast\backend\auto_scripts\precsv\supershortcsv\20250325\202503250645.csv
2025-03-25 06:45:26,626 - 数据加载完成，去除缺失值后共 29 条记录
2025-03-25 06:45:26,666 - 数据前5行预览:
        Timestamp    129.128_1    129.128_2  ...  ws200_13  ws200_14  ws200_15
0  2024/3/11 0:00  15974.26563  16293.82813  ...  4.542173  1.324043  0.865087
1  2024/3/11 0:15  15974.26563  16293.82813  ...  3.899081  0.880606  1.273859
2  2024/3/11 0:30  15974.26563  16293.82813  ...  3.273753  0.778394  1.710350
3  2024/3/11 0:45  15974.26563  16293.82813  ...  2.678660  1.115517  2.157803
4  2024/3/11 1:00  15974.26563  16293.82813  ...  2.139185  1.640399  2.610587

[5 rows x 301 columns]
2025-03-25 06:45:26,666 - 预处理数据...
2025-03-25 06:45:26,668 - 预处理完成，特征维度: (29, 304)
2025-03-25 06:45:26,668 - 执行特征工程，滞后特征数: 4...
2025-03-25 06:45:26,699 - 特征工程完成，特征维度: (26, 859)
2025-03-25 06:45:26,699 - 新数据预处理完成，共 26 个样本
2025-03-25 06:45:26,699 - ✅ 发现最佳模型目录: D:\my-vue-project\wind-power-forecast\backend\auto_scripts\models\supershortmodel\20250325\best_models，尝试使用多模型加权预测
2025-03-25 06:45:26,699 - 
============================================================
【加载多个模型】
============================================================
2025-03-25 06:45:26,699 - 从目录加载模型和 scaler: D:\my-vue-project\wind-power-forecast\backend\auto_scripts\models\supershortmodel\20250325\best_models
2025-03-25 06:45:26,699 - 加载 GBDT 模型和 scaler...
2025-03-25 06:45:26,789 - ✅ 已成功加载 GBDT 模型和对应的 scaler
2025-03-25 06:45:26,789 - 加载 DART 模型和 scaler...
2025-03-25 06:45:26,794 - ✅ 已成功加载 DART 模型和对应的 scaler
2025-03-25 06:45:26,794 - 加载 GOSS 模型和 scaler...
2025-03-25 06:45:26,799 - ✅ 已成功加载 GOSS 模型和对应的 scaler
2025-03-25 06:45:26,799 - 加载完成，共加载了 3 个模型: GBDT, DART, GOSS
2025-03-25 06:45:26,799 - 尝试加载模型权重文件: D:\my-vue-project\wind-power-forecast\backend\auto_scripts\models\supershortmodel\20250325\model_weights.joblib
2025-03-25 06:45:26,800 - ✅ 已加载模型权重: {'GBDT': np.float64(0.0), 'DART': np.float64(0.0), 'GOSS': np.float64(0.9413418792089218), 'INTERCEPT': np.float64(-0.0258769107539365)}
2025-03-25 06:45:26,800 - 
============================================================
【使用多模型加权预测】
============================================================
2025-03-25 06:45:26,800 - 使用自定义权重: {'GBDT': np.float64(0.0), 'DART': np.float64(0.0), 'GOSS': np.float64(0.9413418792089218), 'INTERCEPT': np.float64(-0.0258769107539365)}
2025-03-25 06:45:26,800 - ❌ GBDT 模型权重为0，跳过
2025-03-25 06:45:26,800 - ❌ DART 模型权重为0，跳过
2025-03-25 06:45:26,800 - 使用 GOSS 模型进行预测 (权重: 0.9413)...
2025-03-25 06:45:26,802 - GOSS: 数据标准化完成
2025-03-25 06:45:26,802 - GOSS: 时间窗口创建完成，窗口数量: 11
2025-03-25 06:45:26,846 - ✅ GOSS 模型预测完成，生成了 11 个预测值
2025-03-25 06:45:26,846 -    统计: 最小值=118.97, 最大值=177.46, 平均值=157.97
2025-03-25 06:45:26,847 - 所有预测结果对齐到最小长度: 11
2025-03-25 06:45:26,847 - 开始计算加权平均预测结果...
2025-03-25 06:45:26,847 -   加入 GOSS 模型贡献 (权重: 0.9413)
2025-03-25 06:45:26,847 -   加入常数偏置项 (值: -0.0259)
2025-03-25 06:45:26,847 - 加权平均预测完成，生成了 11 个预测值
2025-03-25 06:45:26,847 - 加权预测结果统计: 最小值=111.96, 最大值=167.03, 平均值=148.67
2025-03-25 06:45:26,847 - ✅ 多模型加权预测完成，使用模型: GBDT, DART, GOSS
2025-03-25 06:45:26,847 - 预测结果数据框创建完成，共 11 行
2025-03-25 06:45:26,849 - ✅ 预测结果已保存到文件: D:\my-vue-project\wind-power-forecast\backend\auto_scripts\results\supershortresult\20250325\prediction_202503250645.csv
2025-03-25 06:45:26,849 - 尝试将预测结果导入数据库...
2025-03-25 06:45:26,849 - 发送HTTP请求到: http://localhost:5000/prediction2database/batch_supershortl_power
2025-03-25 06:45:28,927 - ✅ 数据已成功导入数据库
2025-03-25 06:45:28,927 -    总记录数: 11, 更新: 11, 插入: 0
2025-03-25 06:45:28,927 - 
============================================================
【风电功率预测完成】
============================================================
2025-03-25 06:45:28,927 - 风电功率预测完成
2025-03-25 06:45:28,930 - ✅ 202503250645.csv 预测执行完成
2025-03-25 06:45:28,931 - 已创建预测标志文件: D:\my-vue-project\wind-power-forecast\backend\auto_scripts\scripts\supershort\logs\auto_predict\predict_20250325_06_45.flag
2025-03-25 06:45:28,931 - 本次共处理了 28 个预测文件
2025-03-25 06:45:28,931 - 
================================================================================
2025-03-25 06:45:28,931 - >>> 预测任务结束 <<<
2025-03-25 06:45:28,932 - ================================================================================

2025-03-25 06:45:28,932 - 预测任务结束
2025-03-25 06:50:30,500 - 
================================================================================
2025-03-25 06:50:30,500 - >>> 自动预测系统启动 <<<
2025-03-25 06:50:30,500 - ================================================================================

2025-03-25 06:50:30,500 - 自动预测系统启动
2025-03-25 06:50:30,500 - 当前日期: 20250325, 时间: 06:50:30
2025-03-25 06:50:30,500 - 
================================================================================
2025-03-25 06:50:30,500 - >>> 开始执行预测 <<<
2025-03-25 06:50:30,500 - ================================================================================

2025-03-25 06:50:30,500 - 开始执行预测
2025-03-25 06:50:30,501 - 扫描预测数据文件目录: D:\my-vue-project\wind-power-forecast\backend\auto_scripts\precsv\supershortcsv\20250325
2025-03-25 06:50:30,501 - 检查模型目录: D:\my-vue-project\wind-power-forecast\backend\auto_scripts\models\supershortmodel\20250325
2025-03-25 06:50:30,501 - 发现best_models目录: D:\my-vue-project\wind-power-forecast\backend\auto_scripts\models\supershortmodel\20250325\best_models
2025-03-25 06:50:30,501 - 发现GBDT模型文件: D:\my-vue-project\wind-power-forecast\backend\auto_scripts\models\supershortmodel\20250325\best_models\GBDT.joblib
2025-03-25 06:50:30,501 - 找到 28 个CSV文件
2025-03-25 06:50:30,501 - 该预测文件已处理过 (标志文件: D:\my-vue-project\wind-power-forecast\backend\auto_scripts\scripts\supershort\logs\auto_predict\predict_20250325_00_00.flag)
2025-03-25 06:50:30,501 - ⏩ 跳过已处理的文件: 202503250000.csv
2025-03-25 06:50:30,502 - 该预测文件已处理过 (标志文件: D:\my-vue-project\wind-power-forecast\backend\auto_scripts\scripts\supershort\logs\auto_predict\predict_20250325_00_15.flag)
2025-03-25 06:50:30,502 - ⏩ 跳过已处理的文件: 202503250015.csv
2025-03-25 06:50:30,502 - 该预测文件已处理过 (标志文件: D:\my-vue-project\wind-power-forecast\backend\auto_scripts\scripts\supershort\logs\auto_predict\predict_20250325_00_30.flag)
2025-03-25 06:50:30,502 - ⏩ 跳过已处理的文件: 202503250030.csv
2025-03-25 06:50:30,502 - 该预测文件已处理过 (标志文件: D:\my-vue-project\wind-power-forecast\backend\auto_scripts\scripts\supershort\logs\auto_predict\predict_20250325_00_45.flag)
2025-03-25 06:50:30,502 - ⏩ 跳过已处理的文件: 202503250045.csv
2025-03-25 06:50:30,502 - 该预测文件已处理过 (标志文件: D:\my-vue-project\wind-power-forecast\backend\auto_scripts\scripts\supershort\logs\auto_predict\predict_20250325_01_00.flag)
2025-03-25 06:50:30,502 - ⏩ 跳过已处理的文件: 202503250100.csv
2025-03-25 06:50:30,503 - 该预测文件已处理过 (标志文件: D:\my-vue-project\wind-power-forecast\backend\auto_scripts\scripts\supershort\logs\auto_predict\predict_20250325_01_15.flag)
2025-03-25 06:50:30,503 - ⏩ 跳过已处理的文件: 202503250115.csv
2025-03-25 06:50:30,503 - 该预测文件已处理过 (标志文件: D:\my-vue-project\wind-power-forecast\backend\auto_scripts\scripts\supershort\logs\auto_predict\predict_20250325_01_30.flag)
2025-03-25 06:50:30,503 - ⏩ 跳过已处理的文件: 202503250130.csv
2025-03-25 06:50:30,503 - 该预测文件已处理过 (标志文件: D:\my-vue-project\wind-power-forecast\backend\auto_scripts\scripts\supershort\logs\auto_predict\predict_20250325_01_45.flag)
2025-03-25 06:50:30,503 - ⏩ 跳过已处理的文件: 202503250145.csv
2025-03-25 06:50:30,503 - 该预测文件已处理过 (标志文件: D:\my-vue-project\wind-power-forecast\backend\auto_scripts\scripts\supershort\logs\auto_predict\predict_20250325_02_00.flag)
2025-03-25 06:50:30,503 - ⏩ 跳过已处理的文件: 202503250200.csv
2025-03-25 06:50:30,504 - 该预测文件已处理过 (标志文件: D:\my-vue-project\wind-power-forecast\backend\auto_scripts\scripts\supershort\logs\auto_predict\predict_20250325_02_15.flag)
2025-03-25 06:50:30,504 - ⏩ 跳过已处理的文件: 202503250215.csv
2025-03-25 06:50:30,504 - 该预测文件已处理过 (标志文件: D:\my-vue-project\wind-power-forecast\backend\auto_scripts\scripts\supershort\logs\auto_predict\predict_20250325_02_30.flag)
2025-03-25 06:50:30,504 - ⏩ 跳过已处理的文件: 202503250230.csv
2025-03-25 06:50:30,504 - 该预测文件已处理过 (标志文件: D:\my-vue-project\wind-power-forecast\backend\auto_scripts\scripts\supershort\logs\auto_predict\predict_20250325_02_45.flag)
2025-03-25 06:50:30,505 - ⏩ 跳过已处理的文件: 202503250245.csv
2025-03-25 06:50:30,505 - 该预测文件已处理过 (标志文件: D:\my-vue-project\wind-power-forecast\backend\auto_scripts\scripts\supershort\logs\auto_predict\predict_20250325_03_00.flag)
2025-03-25 06:50:30,505 - ⏩ 跳过已处理的文件: 202503250300.csv
2025-03-25 06:50:30,505 - 该预测文件已处理过 (标志文件: D:\my-vue-project\wind-power-forecast\backend\auto_scripts\scripts\supershort\logs\auto_predict\predict_20250325_03_15.flag)
2025-03-25 06:50:30,505 - ⏩ 跳过已处理的文件: 202503250315.csv
2025-03-25 06:50:30,505 - 该预测文件已处理过 (标志文件: D:\my-vue-project\wind-power-forecast\backend\auto_scripts\scripts\supershort\logs\auto_predict\predict_20250325_03_30.flag)
2025-03-25 06:50:30,505 - ⏩ 跳过已处理的文件: 202503250330.csv
2025-03-25 06:50:30,506 - 该预测文件已处理过 (标志文件: D:\my-vue-project\wind-power-forecast\backend\auto_scripts\scripts\supershort\logs\auto_predict\predict_20250325_03_45.flag)
2025-03-25 06:50:30,506 - ⏩ 跳过已处理的文件: 202503250345.csv
2025-03-25 06:50:30,506 - 该预测文件已处理过 (标志文件: D:\my-vue-project\wind-power-forecast\backend\auto_scripts\scripts\supershort\logs\auto_predict\predict_20250325_04_00.flag)
2025-03-25 06:50:30,506 - ⏩ 跳过已处理的文件: 202503250400.csv
2025-03-25 06:50:30,506 - 该预测文件已处理过 (标志文件: D:\my-vue-project\wind-power-forecast\backend\auto_scripts\scripts\supershort\logs\auto_predict\predict_20250325_04_15.flag)
2025-03-25 06:50:30,506 - ⏩ 跳过已处理的文件: 202503250415.csv
2025-03-25 06:50:30,506 - 该预测文件已处理过 (标志文件: D:\my-vue-project\wind-power-forecast\backend\auto_scripts\scripts\supershort\logs\auto_predict\predict_20250325_04_30.flag)
2025-03-25 06:50:30,506 - ⏩ 跳过已处理的文件: 202503250430.csv
2025-03-25 06:50:30,507 - 该预测文件已处理过 (标志文件: D:\my-vue-project\wind-power-forecast\backend\auto_scripts\scripts\supershort\logs\auto_predict\predict_20250325_04_45.flag)
2025-03-25 06:50:30,507 - ⏩ 跳过已处理的文件: 202503250445.csv
2025-03-25 06:50:30,507 - 该预测文件已处理过 (标志文件: D:\my-vue-project\wind-power-forecast\backend\auto_scripts\scripts\supershort\logs\auto_predict\predict_20250325_05_00.flag)
2025-03-25 06:50:30,507 - ⏩ 跳过已处理的文件: 202503250500.csv
2025-03-25 06:50:30,507 - 该预测文件已处理过 (标志文件: D:\my-vue-project\wind-power-forecast\backend\auto_scripts\scripts\supershort\logs\auto_predict\predict_20250325_05_15.flag)
2025-03-25 06:50:30,507 - ⏩ 跳过已处理的文件: 202503250515.csv
2025-03-25 06:50:30,507 - 该预测文件已处理过 (标志文件: D:\my-vue-project\wind-power-forecast\backend\auto_scripts\scripts\supershort\logs\auto_predict\predict_20250325_05_30.flag)
2025-03-25 06:50:30,507 - ⏩ 跳过已处理的文件: 202503250530.csv
2025-03-25 06:50:30,508 - 该预测文件已处理过 (标志文件: D:\my-vue-project\wind-power-forecast\backend\auto_scripts\scripts\supershort\logs\auto_predict\predict_20250325_05_45.flag)
2025-03-25 06:50:30,508 - ⏩ 跳过已处理的文件: 202503250545.csv
2025-03-25 06:50:30,508 - 该预测文件已处理过 (标志文件: D:\my-vue-project\wind-power-forecast\backend\auto_scripts\scripts\supershort\logs\auto_predict\predict_20250325_06_00.flag)
2025-03-25 06:50:30,508 - ⏩ 跳过已处理的文件: 202503250600.csv
2025-03-25 06:50:30,508 - 该预测文件已处理过 (标志文件: D:\my-vue-project\wind-power-forecast\backend\auto_scripts\scripts\supershort\logs\auto_predict\predict_20250325_06_15.flag)
2025-03-25 06:50:30,508 - ⏩ 跳过已处理的文件: 202503250615.csv
2025-03-25 06:50:30,508 - 该预测文件已处理过 (标志文件: D:\my-vue-project\wind-power-forecast\backend\auto_scripts\scripts\supershort\logs\auto_predict\predict_20250325_06_30.flag)
2025-03-25 06:50:30,508 - ⏩ 跳过已处理的文件: 202503250630.csv
2025-03-25 06:50:30,509 - 该预测文件已处理过 (标志文件: D:\my-vue-project\wind-power-forecast\backend\auto_scripts\scripts\supershort\logs\auto_predict\predict_20250325_06_45.flag)
2025-03-25 06:50:30,509 - ⏩ 跳过已处理的文件: 202503250645.csv
2025-03-25 06:50:30,509 - 本次共处理了 28 个预测文件
2025-03-25 06:50:30,509 - 
================================================================================
2025-03-25 06:50:30,509 - >>> 预测任务结束 <<<
2025-03-25 06:50:30,509 - ================================================================================

2025-03-25 06:50:30,509 - 预测任务结束
2025-03-25 06:55:31,954 - 
================================================================================
2025-03-25 06:55:31,954 - >>> 自动预测系统启动 <<<
2025-03-25 06:55:31,954 - ================================================================================

2025-03-25 06:55:31,954 - 自动预测系统启动
2025-03-25 06:55:31,954 - 当前日期: 20250325, 时间: 06:55:31
2025-03-25 06:55:31,954 - 
================================================================================
2025-03-25 06:55:31,954 - >>> 开始执行预测 <<<
2025-03-25 06:55:31,954 - ================================================================================

2025-03-25 06:55:31,954 - 开始执行预测
2025-03-25 06:55:31,954 - 扫描预测数据文件目录: D:\my-vue-project\wind-power-forecast\backend\auto_scripts\precsv\supershortcsv\20250325
2025-03-25 06:55:31,954 - 检查模型目录: D:\my-vue-project\wind-power-forecast\backend\auto_scripts\models\supershortmodel\20250325
2025-03-25 06:55:31,954 - 发现best_models目录: D:\my-vue-project\wind-power-forecast\backend\auto_scripts\models\supershortmodel\20250325\best_models
2025-03-25 06:55:31,955 - 发现GBDT模型文件: D:\my-vue-project\wind-power-forecast\backend\auto_scripts\models\supershortmodel\20250325\best_models\GBDT.joblib
2025-03-25 06:55:31,955 - 找到 28 个CSV文件
2025-03-25 06:55:31,955 - 该预测文件已处理过 (标志文件: D:\my-vue-project\wind-power-forecast\backend\auto_scripts\scripts\supershort\logs\auto_predict\predict_20250325_00_00.flag)
2025-03-25 06:55:31,955 - ⏩ 跳过已处理的文件: 202503250000.csv
2025-03-25 06:55:31,955 - 该预测文件已处理过 (标志文件: D:\my-vue-project\wind-power-forecast\backend\auto_scripts\scripts\supershort\logs\auto_predict\predict_20250325_00_15.flag)
2025-03-25 06:55:31,955 - ⏩ 跳过已处理的文件: 202503250015.csv
2025-03-25 06:55:31,956 - 该预测文件已处理过 (标志文件: D:\my-vue-project\wind-power-forecast\backend\auto_scripts\scripts\supershort\logs\auto_predict\predict_20250325_00_30.flag)
2025-03-25 06:55:31,956 - ⏩ 跳过已处理的文件: 202503250030.csv
2025-03-25 06:55:31,956 - 该预测文件已处理过 (标志文件: D:\my-vue-project\wind-power-forecast\backend\auto_scripts\scripts\supershort\logs\auto_predict\predict_20250325_00_45.flag)
2025-03-25 06:55:31,956 - ⏩ 跳过已处理的文件: 202503250045.csv
2025-03-25 06:55:31,956 - 该预测文件已处理过 (标志文件: D:\my-vue-project\wind-power-forecast\backend\auto_scripts\scripts\supershort\logs\auto_predict\predict_20250325_01_00.flag)
2025-03-25 06:55:31,956 - ⏩ 跳过已处理的文件: 202503250100.csv
2025-03-25 06:55:31,956 - 该预测文件已处理过 (标志文件: D:\my-vue-project\wind-power-forecast\backend\auto_scripts\scripts\supershort\logs\auto_predict\predict_20250325_01_15.flag)
2025-03-25 06:55:31,956 - ⏩ 跳过已处理的文件: 202503250115.csv
2025-03-25 06:55:31,957 - 该预测文件已处理过 (标志文件: D:\my-vue-project\wind-power-forecast\backend\auto_scripts\scripts\supershort\logs\auto_predict\predict_20250325_01_30.flag)
2025-03-25 06:55:31,957 - ⏩ 跳过已处理的文件: 202503250130.csv
2025-03-25 06:55:31,957 - 该预测文件已处理过 (标志文件: D:\my-vue-project\wind-power-forecast\backend\auto_scripts\scripts\supershort\logs\auto_predict\predict_20250325_01_45.flag)
2025-03-25 06:55:31,957 - ⏩ 跳过已处理的文件: 202503250145.csv
2025-03-25 06:55:31,957 - 该预测文件已处理过 (标志文件: D:\my-vue-project\wind-power-forecast\backend\auto_scripts\scripts\supershort\logs\auto_predict\predict_20250325_02_00.flag)
2025-03-25 06:55:31,957 - ⏩ 跳过已处理的文件: 202503250200.csv
2025-03-25 06:55:31,958 - 该预测文件已处理过 (标志文件: D:\my-vue-project\wind-power-forecast\backend\auto_scripts\scripts\supershort\logs\auto_predict\predict_20250325_02_15.flag)
2025-03-25 06:55:31,958 - ⏩ 跳过已处理的文件: 202503250215.csv
2025-03-25 06:55:31,958 - 该预测文件已处理过 (标志文件: D:\my-vue-project\wind-power-forecast\backend\auto_scripts\scripts\supershort\logs\auto_predict\predict_20250325_02_30.flag)
2025-03-25 06:55:31,958 - ⏩ 跳过已处理的文件: 202503250230.csv
2025-03-25 06:55:31,958 - 该预测文件已处理过 (标志文件: D:\my-vue-project\wind-power-forecast\backend\auto_scripts\scripts\supershort\logs\auto_predict\predict_20250325_02_45.flag)
2025-03-25 06:55:31,958 - ⏩ 跳过已处理的文件: 202503250245.csv
2025-03-25 06:55:31,959 - 该预测文件已处理过 (标志文件: D:\my-vue-project\wind-power-forecast\backend\auto_scripts\scripts\supershort\logs\auto_predict\predict_20250325_03_00.flag)
2025-03-25 06:55:31,959 - ⏩ 跳过已处理的文件: 202503250300.csv
2025-03-25 06:55:31,959 - 该预测文件已处理过 (标志文件: D:\my-vue-project\wind-power-forecast\backend\auto_scripts\scripts\supershort\logs\auto_predict\predict_20250325_03_15.flag)
2025-03-25 06:55:31,959 - ⏩ 跳过已处理的文件: 202503250315.csv
2025-03-25 06:55:31,959 - 该预测文件已处理过 (标志文件: D:\my-vue-project\wind-power-forecast\backend\auto_scripts\scripts\supershort\logs\auto_predict\predict_20250325_03_30.flag)
2025-03-25 06:55:31,959 - ⏩ 跳过已处理的文件: 202503250330.csv
2025-03-25 06:55:31,960 - 该预测文件已处理过 (标志文件: D:\my-vue-project\wind-power-forecast\backend\auto_scripts\scripts\supershort\logs\auto_predict\predict_20250325_03_45.flag)
2025-03-25 06:55:31,960 - ⏩ 跳过已处理的文件: 202503250345.csv
2025-03-25 06:55:31,960 - 该预测文件已处理过 (标志文件: D:\my-vue-project\wind-power-forecast\backend\auto_scripts\scripts\supershort\logs\auto_predict\predict_20250325_04_00.flag)
2025-03-25 06:55:31,960 - ⏩ 跳过已处理的文件: 202503250400.csv
2025-03-25 06:55:31,960 - 该预测文件已处理过 (标志文件: D:\my-vue-project\wind-power-forecast\backend\auto_scripts\scripts\supershort\logs\auto_predict\predict_20250325_04_15.flag)
2025-03-25 06:55:31,960 - ⏩ 跳过已处理的文件: 202503250415.csv
2025-03-25 06:55:31,960 - 该预测文件已处理过 (标志文件: D:\my-vue-project\wind-power-forecast\backend\auto_scripts\scripts\supershort\logs\auto_predict\predict_20250325_04_30.flag)
2025-03-25 06:55:31,960 - ⏩ 跳过已处理的文件: 202503250430.csv
2025-03-25 06:55:31,961 - 该预测文件已处理过 (标志文件: D:\my-vue-project\wind-power-forecast\backend\auto_scripts\scripts\supershort\logs\auto_predict\predict_20250325_04_45.flag)
2025-03-25 06:55:31,961 - ⏩ 跳过已处理的文件: 202503250445.csv
2025-03-25 06:55:31,961 - 该预测文件已处理过 (标志文件: D:\my-vue-project\wind-power-forecast\backend\auto_scripts\scripts\supershort\logs\auto_predict\predict_20250325_05_00.flag)
2025-03-25 06:55:31,961 - ⏩ 跳过已处理的文件: 202503250500.csv
2025-03-25 06:55:31,961 - 该预测文件已处理过 (标志文件: D:\my-vue-project\wind-power-forecast\backend\auto_scripts\scripts\supershort\logs\auto_predict\predict_20250325_05_15.flag)
2025-03-25 06:55:31,961 - ⏩ 跳过已处理的文件: 202503250515.csv
2025-03-25 06:55:31,961 - 该预测文件已处理过 (标志文件: D:\my-vue-project\wind-power-forecast\backend\auto_scripts\scripts\supershort\logs\auto_predict\predict_20250325_05_30.flag)
2025-03-25 06:55:31,961 - ⏩ 跳过已处理的文件: 202503250530.csv
2025-03-25 06:55:31,962 - 该预测文件已处理过 (标志文件: D:\my-vue-project\wind-power-forecast\backend\auto_scripts\scripts\supershort\logs\auto_predict\predict_20250325_05_45.flag)
2025-03-25 06:55:31,962 - ⏩ 跳过已处理的文件: 202503250545.csv
2025-03-25 06:55:31,962 - 该预测文件已处理过 (标志文件: D:\my-vue-project\wind-power-forecast\backend\auto_scripts\scripts\supershort\logs\auto_predict\predict_20250325_06_00.flag)
2025-03-25 06:55:31,962 - ⏩ 跳过已处理的文件: 202503250600.csv
2025-03-25 06:55:31,962 - 该预测文件已处理过 (标志文件: D:\my-vue-project\wind-power-forecast\backend\auto_scripts\scripts\supershort\logs\auto_predict\predict_20250325_06_15.flag)
2025-03-25 06:55:31,962 - ⏩ 跳过已处理的文件: 202503250615.csv
2025-03-25 06:55:31,962 - 该预测文件已处理过 (标志文件: D:\my-vue-project\wind-power-forecast\backend\auto_scripts\scripts\supershort\logs\auto_predict\predict_20250325_06_30.flag)
2025-03-25 06:55:31,962 - ⏩ 跳过已处理的文件: 202503250630.csv
2025-03-25 06:55:31,963 - 该预测文件已处理过 (标志文件: D:\my-vue-project\wind-power-forecast\backend\auto_scripts\scripts\supershort\logs\auto_predict\predict_20250325_06_45.flag)
2025-03-25 06:55:31,963 - ⏩ 跳过已处理的文件: 202503250645.csv
2025-03-25 06:55:31,963 - 本次共处理了 28 个预测文件
2025-03-25 06:55:31,963 - 
================================================================================
2025-03-25 06:55:31,963 - >>> 预测任务结束 <<<
2025-03-25 06:55:31,963 - ================================================================================

2025-03-25 06:55:31,963 - 预测任务结束
2025-03-25 07:00:33,523 - 
================================================================================
2025-03-25 07:00:33,523 - >>> 自动预测系统启动 <<<
2025-03-25 07:00:33,523 - ================================================================================

2025-03-25 07:00:33,523 - 自动预测系统启动
2025-03-25 07:00:33,524 - 当前日期: 20250325, 时间: 07:00:33
2025-03-25 07:00:33,524 - 
================================================================================
2025-03-25 07:00:33,524 - >>> 开始执行预测 <<<
2025-03-25 07:00:33,524 - ================================================================================

2025-03-25 07:00:33,524 - 开始执行预测
2025-03-25 07:00:33,524 - 扫描预测数据文件目录: D:\my-vue-project\wind-power-forecast\backend\auto_scripts\precsv\supershortcsv\20250325
2025-03-25 07:00:33,524 - 检查模型目录: D:\my-vue-project\wind-power-forecast\backend\auto_scripts\models\supershortmodel\20250325
2025-03-25 07:00:33,524 - 发现best_models目录: D:\my-vue-project\wind-power-forecast\backend\auto_scripts\models\supershortmodel\20250325\best_models
2025-03-25 07:00:33,524 - 发现GBDT模型文件: D:\my-vue-project\wind-power-forecast\backend\auto_scripts\models\supershortmodel\20250325\best_models\GBDT.joblib
2025-03-25 07:00:33,524 - 找到 29 个CSV文件
2025-03-25 07:00:33,525 - 该预测文件已处理过 (标志文件: D:\my-vue-project\wind-power-forecast\backend\auto_scripts\scripts\supershort\logs\auto_predict\predict_20250325_00_00.flag)
2025-03-25 07:00:33,525 - ⏩ 跳过已处理的文件: 202503250000.csv
2025-03-25 07:00:33,525 - 该预测文件已处理过 (标志文件: D:\my-vue-project\wind-power-forecast\backend\auto_scripts\scripts\supershort\logs\auto_predict\predict_20250325_00_15.flag)
2025-03-25 07:00:33,525 - ⏩ 跳过已处理的文件: 202503250015.csv
2025-03-25 07:00:33,525 - 该预测文件已处理过 (标志文件: D:\my-vue-project\wind-power-forecast\backend\auto_scripts\scripts\supershort\logs\auto_predict\predict_20250325_00_30.flag)
2025-03-25 07:00:33,525 - ⏩ 跳过已处理的文件: 202503250030.csv
2025-03-25 07:00:33,525 - 该预测文件已处理过 (标志文件: D:\my-vue-project\wind-power-forecast\backend\auto_scripts\scripts\supershort\logs\auto_predict\predict_20250325_00_45.flag)
2025-03-25 07:00:33,526 - ⏩ 跳过已处理的文件: 202503250045.csv
2025-03-25 07:00:33,526 - 该预测文件已处理过 (标志文件: D:\my-vue-project\wind-power-forecast\backend\auto_scripts\scripts\supershort\logs\auto_predict\predict_20250325_01_00.flag)
2025-03-25 07:00:33,526 - ⏩ 跳过已处理的文件: 202503250100.csv
2025-03-25 07:00:33,526 - 该预测文件已处理过 (标志文件: D:\my-vue-project\wind-power-forecast\backend\auto_scripts\scripts\supershort\logs\auto_predict\predict_20250325_01_15.flag)
2025-03-25 07:00:33,526 - ⏩ 跳过已处理的文件: 202503250115.csv
2025-03-25 07:00:33,526 - 该预测文件已处理过 (标志文件: D:\my-vue-project\wind-power-forecast\backend\auto_scripts\scripts\supershort\logs\auto_predict\predict_20250325_01_30.flag)
2025-03-25 07:00:33,526 - ⏩ 跳过已处理的文件: 202503250130.csv
2025-03-25 07:00:33,527 - 该预测文件已处理过 (标志文件: D:\my-vue-project\wind-power-forecast\backend\auto_scripts\scripts\supershort\logs\auto_predict\predict_20250325_01_45.flag)
2025-03-25 07:00:33,527 - ⏩ 跳过已处理的文件: 202503250145.csv
2025-03-25 07:00:33,527 - 该预测文件已处理过 (标志文件: D:\my-vue-project\wind-power-forecast\backend\auto_scripts\scripts\supershort\logs\auto_predict\predict_20250325_02_00.flag)
2025-03-25 07:00:33,527 - ⏩ 跳过已处理的文件: 202503250200.csv
2025-03-25 07:00:33,527 - 该预测文件已处理过 (标志文件: D:\my-vue-project\wind-power-forecast\backend\auto_scripts\scripts\supershort\logs\auto_predict\predict_20250325_02_15.flag)
2025-03-25 07:00:33,527 - ⏩ 跳过已处理的文件: 202503250215.csv
2025-03-25 07:00:33,527 - 该预测文件已处理过 (标志文件: D:\my-vue-project\wind-power-forecast\backend\auto_scripts\scripts\supershort\logs\auto_predict\predict_20250325_02_30.flag)
2025-03-25 07:00:33,527 - ⏩ 跳过已处理的文件: 202503250230.csv
2025-03-25 07:00:33,528 - 该预测文件已处理过 (标志文件: D:\my-vue-project\wind-power-forecast\backend\auto_scripts\scripts\supershort\logs\auto_predict\predict_20250325_02_45.flag)
2025-03-25 07:00:33,528 - ⏩ 跳过已处理的文件: 202503250245.csv
2025-03-25 07:00:33,528 - 该预测文件已处理过 (标志文件: D:\my-vue-project\wind-power-forecast\backend\auto_scripts\scripts\supershort\logs\auto_predict\predict_20250325_03_00.flag)
2025-03-25 07:00:33,528 - ⏩ 跳过已处理的文件: 202503250300.csv
2025-03-25 07:00:33,528 - 该预测文件已处理过 (标志文件: D:\my-vue-project\wind-power-forecast\backend\auto_scripts\scripts\supershort\logs\auto_predict\predict_20250325_03_15.flag)
2025-03-25 07:00:33,528 - ⏩ 跳过已处理的文件: 202503250315.csv
2025-03-25 07:00:33,528 - 该预测文件已处理过 (标志文件: D:\my-vue-project\wind-power-forecast\backend\auto_scripts\scripts\supershort\logs\auto_predict\predict_20250325_03_30.flag)
2025-03-25 07:00:33,528 - ⏩ 跳过已处理的文件: 202503250330.csv
2025-03-25 07:00:33,529 - 该预测文件已处理过 (标志文件: D:\my-vue-project\wind-power-forecast\backend\auto_scripts\scripts\supershort\logs\auto_predict\predict_20250325_03_45.flag)
2025-03-25 07:00:33,529 - ⏩ 跳过已处理的文件: 202503250345.csv
2025-03-25 07:00:33,529 - 该预测文件已处理过 (标志文件: D:\my-vue-project\wind-power-forecast\backend\auto_scripts\scripts\supershort\logs\auto_predict\predict_20250325_04_00.flag)
2025-03-25 07:00:33,529 - ⏩ 跳过已处理的文件: 202503250400.csv
2025-03-25 07:00:33,529 - 该预测文件已处理过 (标志文件: D:\my-vue-project\wind-power-forecast\backend\auto_scripts\scripts\supershort\logs\auto_predict\predict_20250325_04_15.flag)
2025-03-25 07:00:33,529 - ⏩ 跳过已处理的文件: 202503250415.csv
2025-03-25 07:00:33,529 - 该预测文件已处理过 (标志文件: D:\my-vue-project\wind-power-forecast\backend\auto_scripts\scripts\supershort\logs\auto_predict\predict_20250325_04_30.flag)
2025-03-25 07:00:33,529 - ⏩ 跳过已处理的文件: 202503250430.csv
2025-03-25 07:00:33,530 - 该预测文件已处理过 (标志文件: D:\my-vue-project\wind-power-forecast\backend\auto_scripts\scripts\supershort\logs\auto_predict\predict_20250325_04_45.flag)
2025-03-25 07:00:33,530 - ⏩ 跳过已处理的文件: 202503250445.csv
2025-03-25 07:00:33,530 - 该预测文件已处理过 (标志文件: D:\my-vue-project\wind-power-forecast\backend\auto_scripts\scripts\supershort\logs\auto_predict\predict_20250325_05_00.flag)
2025-03-25 07:00:33,530 - ⏩ 跳过已处理的文件: 202503250500.csv
2025-03-25 07:00:33,530 - 该预测文件已处理过 (标志文件: D:\my-vue-project\wind-power-forecast\backend\auto_scripts\scripts\supershort\logs\auto_predict\predict_20250325_05_15.flag)
2025-03-25 07:00:33,530 - ⏩ 跳过已处理的文件: 202503250515.csv
2025-03-25 07:00:33,530 - 该预测文件已处理过 (标志文件: D:\my-vue-project\wind-power-forecast\backend\auto_scripts\scripts\supershort\logs\auto_predict\predict_20250325_05_30.flag)
2025-03-25 07:00:33,530 - ⏩ 跳过已处理的文件: 202503250530.csv
2025-03-25 07:00:33,531 - 该预测文件已处理过 (标志文件: D:\my-vue-project\wind-power-forecast\backend\auto_scripts\scripts\supershort\logs\auto_predict\predict_20250325_05_45.flag)
2025-03-25 07:00:33,531 - ⏩ 跳过已处理的文件: 202503250545.csv
2025-03-25 07:00:33,531 - 该预测文件已处理过 (标志文件: D:\my-vue-project\wind-power-forecast\backend\auto_scripts\scripts\supershort\logs\auto_predict\predict_20250325_06_00.flag)
2025-03-25 07:00:33,531 - ⏩ 跳过已处理的文件: 202503250600.csv
2025-03-25 07:00:33,531 - 该预测文件已处理过 (标志文件: D:\my-vue-project\wind-power-forecast\backend\auto_scripts\scripts\supershort\logs\auto_predict\predict_20250325_06_15.flag)
2025-03-25 07:00:33,531 - ⏩ 跳过已处理的文件: 202503250615.csv
2025-03-25 07:00:33,532 - 该预测文件已处理过 (标志文件: D:\my-vue-project\wind-power-forecast\backend\auto_scripts\scripts\supershort\logs\auto_predict\predict_20250325_06_30.flag)
2025-03-25 07:00:33,532 - ⏩ 跳过已处理的文件: 202503250630.csv
2025-03-25 07:00:33,532 - 该预测文件已处理过 (标志文件: D:\my-vue-project\wind-power-forecast\backend\auto_scripts\scripts\supershort\logs\auto_predict\predict_20250325_06_45.flag)
2025-03-25 07:00:33,532 - ⏩ 跳过已处理的文件: 202503250645.csv
2025-03-25 07:00:33,532 - ✅ 处理预测文件: D:\my-vue-project\wind-power-forecast\backend\auto_scripts\precsv\supershortcsv\20250325\202503250700.csv
2025-03-25 07:00:33,532 - 
============================================================
【风电功率预测开始】
============================================================
2025-03-25 07:00:33,532 - 配置信息:
2025-03-25 07:00:33,532 -   - 数据文件: D:\my-vue-project\wind-power-forecast\backend\auto_scripts\precsv\supershortcsv\20250325\202503250700.csv
2025-03-25 07:00:33,532 -   - 模型目录: D:\my-vue-project\wind-power-forecast\backend\auto_scripts\models\supershortmodel\20250325
2025-03-25 07:00:33,532 -   - 窗口大小: 16
2025-03-25 07:00:33,532 -   - 滞后特征数: 4
2025-03-25 07:00:33,532 - 
============================================================
【预处理新数据】
============================================================
2025-03-25 07:00:33,532 - 加载数据文件: D:\my-vue-project\wind-power-forecast\backend\auto_scripts\precsv\supershortcsv\20250325\202503250700.csv
2025-03-25 07:00:33,537 - 数据加载完成，去除缺失值后共 29 条记录
2025-03-25 07:00:33,577 - 数据前5行预览:
        Timestamp    129.128_1    129.128_2  ...  ws200_13  ws200_14  ws200_15
0  2024/3/11 0:00  15974.26563  16293.82813  ...  4.542173  1.324043  0.865087
1  2024/3/11 0:15  15974.26563  16293.82813  ...  3.899081  0.880606  1.273859
2  2024/3/11 0:30  15974.26563  16293.82813  ...  3.273753  0.778394  1.710350
3  2024/3/11 0:45  15974.26563  16293.82813  ...  2.678660  1.115517  2.157803
4  2024/3/11 1:00  15974.26563  16293.82813  ...  2.139185  1.640399  2.610587

[5 rows x 301 columns]
2025-03-25 07:00:33,577 - 预处理数据...
2025-03-25 07:00:33,579 - 预处理完成，特征维度: (29, 304)
2025-03-25 07:00:33,579 - 执行特征工程，滞后特征数: 4...
2025-03-25 07:00:33,609 - 特征工程完成，特征维度: (26, 859)
2025-03-25 07:00:33,610 - 新数据预处理完成，共 26 个样本
2025-03-25 07:00:33,610 - ✅ 发现最佳模型目录: D:\my-vue-project\wind-power-forecast\backend\auto_scripts\models\supershortmodel\20250325\best_models，尝试使用多模型加权预测
2025-03-25 07:00:33,610 - 
============================================================
【加载多个模型】
============================================================
2025-03-25 07:00:33,610 - 从目录加载模型和 scaler: D:\my-vue-project\wind-power-forecast\backend\auto_scripts\models\supershortmodel\20250325\best_models
2025-03-25 07:00:33,610 - 加载 GBDT 模型和 scaler...
2025-03-25 07:00:33,701 - ✅ 已成功加载 GBDT 模型和对应的 scaler
2025-03-25 07:00:33,702 - 加载 DART 模型和 scaler...
2025-03-25 07:00:33,709 - ✅ 已成功加载 DART 模型和对应的 scaler
2025-03-25 07:00:33,709 - 加载 GOSS 模型和 scaler...
2025-03-25 07:00:33,714 - ✅ 已成功加载 GOSS 模型和对应的 scaler
2025-03-25 07:00:33,714 - 加载完成，共加载了 3 个模型: GBDT, DART, GOSS
2025-03-25 07:00:33,714 - 尝试加载模型权重文件: D:\my-vue-project\wind-power-forecast\backend\auto_scripts\models\supershortmodel\20250325\model_weights.joblib
2025-03-25 07:00:33,715 - ✅ 已加载模型权重: {'GBDT': np.float64(0.0), 'DART': np.float64(0.0), 'GOSS': np.float64(0.9413418792089218), 'INTERCEPT': np.float64(-0.0258769107539365)}
2025-03-25 07:00:33,715 - 
============================================================
【使用多模型加权预测】
============================================================
2025-03-25 07:00:33,715 - 使用自定义权重: {'GBDT': np.float64(0.0), 'DART': np.float64(0.0), 'GOSS': np.float64(0.9413418792089218), 'INTERCEPT': np.float64(-0.0258769107539365)}
2025-03-25 07:00:33,715 - ❌ GBDT 模型权重为0，跳过
2025-03-25 07:00:33,715 - ❌ DART 模型权重为0，跳过
2025-03-25 07:00:33,715 - 使用 GOSS 模型进行预测 (权重: 0.9413)...
2025-03-25 07:00:33,717 - GOSS: 数据标准化完成
2025-03-25 07:00:33,717 - GOSS: 时间窗口创建完成，窗口数量: 11
2025-03-25 07:00:33,763 - ✅ GOSS 模型预测完成，生成了 11 个预测值
2025-03-25 07:00:33,763 -    统计: 最小值=118.97, 最大值=177.46, 平均值=157.97
2025-03-25 07:00:33,763 - 所有预测结果对齐到最小长度: 11
2025-03-25 07:00:33,763 - 开始计算加权平均预测结果...
2025-03-25 07:00:33,763 -   加入 GOSS 模型贡献 (权重: 0.9413)
2025-03-25 07:00:33,763 -   加入常数偏置项 (值: -0.0259)
2025-03-25 07:00:33,763 - 加权平均预测完成，生成了 11 个预测值
2025-03-25 07:00:33,763 - 加权预测结果统计: 最小值=111.96, 最大值=167.03, 平均值=148.67
2025-03-25 07:00:33,763 - ✅ 多模型加权预测完成，使用模型: GBDT, DART, GOSS
2025-03-25 07:00:33,764 - 预测结果数据框创建完成，共 11 行
2025-03-25 07:00:33,765 - ✅ 预测结果已保存到文件: D:\my-vue-project\wind-power-forecast\backend\auto_scripts\results\supershortresult\20250325\prediction_202503250700.csv
2025-03-25 07:00:33,766 - 尝试将预测结果导入数据库...
2025-03-25 07:00:33,766 - 发送HTTP请求到: http://localhost:5000/prediction2database/batch_supershortl_power
2025-03-25 07:00:35,852 - ✅ 数据已成功导入数据库
2025-03-25 07:00:35,852 -    总记录数: 11, 更新: 11, 插入: 0
2025-03-25 07:00:35,853 - 
============================================================
【风电功率预测完成】
============================================================
2025-03-25 07:00:35,853 - 风电功率预测完成
2025-03-25 07:00:35,855 - ✅ 202503250700.csv 预测执行完成
2025-03-25 07:00:35,855 - 已创建预测标志文件: D:\my-vue-project\wind-power-forecast\backend\auto_scripts\scripts\supershort\logs\auto_predict\predict_20250325_07_00.flag
2025-03-25 07:00:35,855 - 本次共处理了 29 个预测文件
2025-03-25 07:00:35,856 - 
================================================================================
2025-03-25 07:00:35,856 - >>> 预测任务结束 <<<
2025-03-25 07:00:35,856 - ================================================================================

2025-03-25 07:00:35,856 - 预测任务结束
2025-03-25 07:05:37,294 - 
================================================================================
2025-03-25 07:05:37,294 - >>> 自动预测系统启动 <<<
2025-03-25 07:05:37,294 - ================================================================================

2025-03-25 07:05:37,294 - 自动预测系统启动
2025-03-25 07:05:37,294 - 当前日期: 20250325, 时间: 07:05:37
2025-03-25 07:05:37,294 - 
================================================================================
2025-03-25 07:05:37,295 - >>> 开始执行预测 <<<
2025-03-25 07:05:37,295 - ================================================================================

2025-03-25 07:05:37,295 - 开始执行预测
2025-03-25 07:05:37,295 - 扫描预测数据文件目录: D:\my-vue-project\wind-power-forecast\backend\auto_scripts\precsv\supershortcsv\20250325
2025-03-25 07:05:37,295 - 检查模型目录: D:\my-vue-project\wind-power-forecast\backend\auto_scripts\models\supershortmodel\20250325
2025-03-25 07:05:37,295 - 发现best_models目录: D:\my-vue-project\wind-power-forecast\backend\auto_scripts\models\supershortmodel\20250325\best_models
2025-03-25 07:05:37,295 - 发现GBDT模型文件: D:\my-vue-project\wind-power-forecast\backend\auto_scripts\models\supershortmodel\20250325\best_models\GBDT.joblib
2025-03-25 07:05:37,295 - 找到 29 个CSV文件
2025-03-25 07:05:37,296 - 该预测文件已处理过 (标志文件: D:\my-vue-project\wind-power-forecast\backend\auto_scripts\scripts\supershort\logs\auto_predict\predict_20250325_00_00.flag)
2025-03-25 07:05:37,296 - ⏩ 跳过已处理的文件: 202503250000.csv
2025-03-25 07:05:37,296 - 该预测文件已处理过 (标志文件: D:\my-vue-project\wind-power-forecast\backend\auto_scripts\scripts\supershort\logs\auto_predict\predict_20250325_00_15.flag)
2025-03-25 07:05:37,296 - ⏩ 跳过已处理的文件: 202503250015.csv
2025-03-25 07:05:37,296 - 该预测文件已处理过 (标志文件: D:\my-vue-project\wind-power-forecast\backend\auto_scripts\scripts\supershort\logs\auto_predict\predict_20250325_00_30.flag)
2025-03-25 07:05:37,296 - ⏩ 跳过已处理的文件: 202503250030.csv
2025-03-25 07:05:37,296 - 该预测文件已处理过 (标志文件: D:\my-vue-project\wind-power-forecast\backend\auto_scripts\scripts\supershort\logs\auto_predict\predict_20250325_00_45.flag)
2025-03-25 07:05:37,297 - ⏩ 跳过已处理的文件: 202503250045.csv
2025-03-25 07:05:37,297 - 该预测文件已处理过 (标志文件: D:\my-vue-project\wind-power-forecast\backend\auto_scripts\scripts\supershort\logs\auto_predict\predict_20250325_01_00.flag)
2025-03-25 07:05:37,297 - ⏩ 跳过已处理的文件: 202503250100.csv
2025-03-25 07:05:37,297 - 该预测文件已处理过 (标志文件: D:\my-vue-project\wind-power-forecast\backend\auto_scripts\scripts\supershort\logs\auto_predict\predict_20250325_01_15.flag)
2025-03-25 07:05:37,297 - ⏩ 跳过已处理的文件: 202503250115.csv
2025-03-25 07:05:37,297 - 该预测文件已处理过 (标志文件: D:\my-vue-project\wind-power-forecast\backend\auto_scripts\scripts\supershort\logs\auto_predict\predict_20250325_01_30.flag)
2025-03-25 07:05:37,297 - ⏩ 跳过已处理的文件: 202503250130.csv
2025-03-25 07:05:37,297 - 该预测文件已处理过 (标志文件: D:\my-vue-project\wind-power-forecast\backend\auto_scripts\scripts\supershort\logs\auto_predict\predict_20250325_01_45.flag)
2025-03-25 07:05:37,298 - ⏩ 跳过已处理的文件: 202503250145.csv
2025-03-25 07:05:37,298 - 该预测文件已处理过 (标志文件: D:\my-vue-project\wind-power-forecast\backend\auto_scripts\scripts\supershort\logs\auto_predict\predict_20250325_02_00.flag)
2025-03-25 07:05:37,298 - ⏩ 跳过已处理的文件: 202503250200.csv
2025-03-25 07:05:37,298 - 该预测文件已处理过 (标志文件: D:\my-vue-project\wind-power-forecast\backend\auto_scripts\scripts\supershort\logs\auto_predict\predict_20250325_02_15.flag)
2025-03-25 07:05:37,298 - ⏩ 跳过已处理的文件: 202503250215.csv
2025-03-25 07:05:37,298 - 该预测文件已处理过 (标志文件: D:\my-vue-project\wind-power-forecast\backend\auto_scripts\scripts\supershort\logs\auto_predict\predict_20250325_02_30.flag)
2025-03-25 07:05:37,298 - ⏩ 跳过已处理的文件: 202503250230.csv
2025-03-25 07:05:37,299 - 该预测文件已处理过 (标志文件: D:\my-vue-project\wind-power-forecast\backend\auto_scripts\scripts\supershort\logs\auto_predict\predict_20250325_02_45.flag)
2025-03-25 07:05:37,299 - ⏩ 跳过已处理的文件: 202503250245.csv
2025-03-25 07:05:37,299 - 该预测文件已处理过 (标志文件: D:\my-vue-project\wind-power-forecast\backend\auto_scripts\scripts\supershort\logs\auto_predict\predict_20250325_03_00.flag)
2025-03-25 07:05:37,299 - ⏩ 跳过已处理的文件: 202503250300.csv
2025-03-25 07:05:37,299 - 该预测文件已处理过 (标志文件: D:\my-vue-project\wind-power-forecast\backend\auto_scripts\scripts\supershort\logs\auto_predict\predict_20250325_03_15.flag)
2025-03-25 07:05:37,299 - ⏩ 跳过已处理的文件: 202503250315.csv
2025-03-25 07:05:37,299 - 该预测文件已处理过 (标志文件: D:\my-vue-project\wind-power-forecast\backend\auto_scripts\scripts\supershort\logs\auto_predict\predict_20250325_03_30.flag)
2025-03-25 07:05:37,299 - ⏩ 跳过已处理的文件: 202503250330.csv
2025-03-25 07:05:37,300 - 该预测文件已处理过 (标志文件: D:\my-vue-project\wind-power-forecast\backend\auto_scripts\scripts\supershort\logs\auto_predict\predict_20250325_03_45.flag)
2025-03-25 07:05:37,300 - ⏩ 跳过已处理的文件: 202503250345.csv
2025-03-25 07:05:37,300 - 该预测文件已处理过 (标志文件: D:\my-vue-project\wind-power-forecast\backend\auto_scripts\scripts\supershort\logs\auto_predict\predict_20250325_04_00.flag)
2025-03-25 07:05:37,300 - ⏩ 跳过已处理的文件: 202503250400.csv
2025-03-25 07:05:37,300 - 该预测文件已处理过 (标志文件: D:\my-vue-project\wind-power-forecast\backend\auto_scripts\scripts\supershort\logs\auto_predict\predict_20250325_04_15.flag)
2025-03-25 07:05:37,300 - ⏩ 跳过已处理的文件: 202503250415.csv
2025-03-25 07:05:37,300 - 该预测文件已处理过 (标志文件: D:\my-vue-project\wind-power-forecast\backend\auto_scripts\scripts\supershort\logs\auto_predict\predict_20250325_04_30.flag)
2025-03-25 07:05:37,300 - ⏩ 跳过已处理的文件: 202503250430.csv
2025-03-25 07:05:37,301 - 该预测文件已处理过 (标志文件: D:\my-vue-project\wind-power-forecast\backend\auto_scripts\scripts\supershort\logs\auto_predict\predict_20250325_04_45.flag)
2025-03-25 07:05:37,301 - ⏩ 跳过已处理的文件: 202503250445.csv
2025-03-25 07:05:37,301 - 该预测文件已处理过 (标志文件: D:\my-vue-project\wind-power-forecast\backend\auto_scripts\scripts\supershort\logs\auto_predict\predict_20250325_05_00.flag)
2025-03-25 07:05:37,301 - ⏩ 跳过已处理的文件: 202503250500.csv
2025-03-25 07:05:37,301 - 该预测文件已处理过 (标志文件: D:\my-vue-project\wind-power-forecast\backend\auto_scripts\scripts\supershort\logs\auto_predict\predict_20250325_05_15.flag)
2025-03-25 07:05:37,301 - ⏩ 跳过已处理的文件: 202503250515.csv
2025-03-25 07:05:37,302 - 该预测文件已处理过 (标志文件: D:\my-vue-project\wind-power-forecast\backend\auto_scripts\scripts\supershort\logs\auto_predict\predict_20250325_05_30.flag)
2025-03-25 07:05:37,302 - ⏩ 跳过已处理的文件: 202503250530.csv
2025-03-25 07:05:37,302 - 该预测文件已处理过 (标志文件: D:\my-vue-project\wind-power-forecast\backend\auto_scripts\scripts\supershort\logs\auto_predict\predict_20250325_05_45.flag)
2025-03-25 07:05:37,302 - ⏩ 跳过已处理的文件: 202503250545.csv
2025-03-25 07:05:37,302 - 该预测文件已处理过 (标志文件: D:\my-vue-project\wind-power-forecast\backend\auto_scripts\scripts\supershort\logs\auto_predict\predict_20250325_06_00.flag)
2025-03-25 07:05:37,302 - ⏩ 跳过已处理的文件: 202503250600.csv
2025-03-25 07:05:37,302 - 该预测文件已处理过 (标志文件: D:\my-vue-project\wind-power-forecast\backend\auto_scripts\scripts\supershort\logs\auto_predict\predict_20250325_06_15.flag)
2025-03-25 07:05:37,302 - ⏩ 跳过已处理的文件: 202503250615.csv
2025-03-25 07:05:37,303 - 该预测文件已处理过 (标志文件: D:\my-vue-project\wind-power-forecast\backend\auto_scripts\scripts\supershort\logs\auto_predict\predict_20250325_06_30.flag)
2025-03-25 07:05:37,303 - ⏩ 跳过已处理的文件: 202503250630.csv
2025-03-25 07:05:37,303 - 该预测文件已处理过 (标志文件: D:\my-vue-project\wind-power-forecast\backend\auto_scripts\scripts\supershort\logs\auto_predict\predict_20250325_06_45.flag)
2025-03-25 07:05:37,303 - ⏩ 跳过已处理的文件: 202503250645.csv
2025-03-25 07:05:37,303 - 该预测文件已处理过 (标志文件: D:\my-vue-project\wind-power-forecast\backend\auto_scripts\scripts\supershort\logs\auto_predict\predict_20250325_07_00.flag)
2025-03-25 07:05:37,303 - ⏩ 跳过已处理的文件: 202503250700.csv
2025-03-25 07:05:37,303 - 本次共处理了 29 个预测文件
2025-03-25 07:05:37,303 - 
================================================================================
2025-03-25 07:05:37,303 - >>> 预测任务结束 <<<
2025-03-25 07:05:37,303 - ================================================================================

2025-03-25 07:05:37,303 - 预测任务结束
2025-03-25 07:10:38,866 - 
================================================================================
2025-03-25 07:10:38,867 - >>> 自动预测系统启动 <<<
2025-03-25 07:10:38,867 - ================================================================================

2025-03-25 07:10:38,867 - 自动预测系统启动
2025-03-25 07:10:38,867 - 当前日期: 20250325, 时间: 07:10:38
2025-03-25 07:10:38,867 - 
================================================================================
2025-03-25 07:10:38,867 - >>> 开始执行预测 <<<
2025-03-25 07:10:38,867 - ================================================================================

2025-03-25 07:10:38,867 - 开始执行预测
2025-03-25 07:10:38,867 - 扫描预测数据文件目录: D:\my-vue-project\wind-power-forecast\backend\auto_scripts\precsv\supershortcsv\20250325
2025-03-25 07:10:38,867 - 检查模型目录: D:\my-vue-project\wind-power-forecast\backend\auto_scripts\models\supershortmodel\20250325
2025-03-25 07:10:38,867 - 发现best_models目录: D:\my-vue-project\wind-power-forecast\backend\auto_scripts\models\supershortmodel\20250325\best_models
2025-03-25 07:10:38,867 - 发现GBDT模型文件: D:\my-vue-project\wind-power-forecast\backend\auto_scripts\models\supershortmodel\20250325\best_models\GBDT.joblib
2025-03-25 07:10:38,868 - 找到 29 个CSV文件
2025-03-25 07:10:38,868 - 该预测文件已处理过 (标志文件: D:\my-vue-project\wind-power-forecast\backend\auto_scripts\scripts\supershort\logs\auto_predict\predict_20250325_00_00.flag)
2025-03-25 07:10:38,868 - ⏩ 跳过已处理的文件: 202503250000.csv
2025-03-25 07:10:38,868 - 该预测文件已处理过 (标志文件: D:\my-vue-project\wind-power-forecast\backend\auto_scripts\scripts\supershort\logs\auto_predict\predict_20250325_00_15.flag)
2025-03-25 07:10:38,868 - ⏩ 跳过已处理的文件: 202503250015.csv
2025-03-25 07:10:38,868 - 该预测文件已处理过 (标志文件: D:\my-vue-project\wind-power-forecast\backend\auto_scripts\scripts\supershort\logs\auto_predict\predict_20250325_00_30.flag)
2025-03-25 07:10:38,868 - ⏩ 跳过已处理的文件: 202503250030.csv
2025-03-25 07:10:38,869 - 该预测文件已处理过 (标志文件: D:\my-vue-project\wind-power-forecast\backend\auto_scripts\scripts\supershort\logs\auto_predict\predict_20250325_00_45.flag)
2025-03-25 07:10:38,869 - ⏩ 跳过已处理的文件: 202503250045.csv
2025-03-25 07:10:38,869 - 该预测文件已处理过 (标志文件: D:\my-vue-project\wind-power-forecast\backend\auto_scripts\scripts\supershort\logs\auto_predict\predict_20250325_01_00.flag)
2025-03-25 07:10:38,869 - ⏩ 跳过已处理的文件: 202503250100.csv
2025-03-25 07:10:38,869 - 该预测文件已处理过 (标志文件: D:\my-vue-project\wind-power-forecast\backend\auto_scripts\scripts\supershort\logs\auto_predict\predict_20250325_01_15.flag)
2025-03-25 07:10:38,869 - ⏩ 跳过已处理的文件: 202503250115.csv
2025-03-25 07:10:38,869 - 该预测文件已处理过 (标志文件: D:\my-vue-project\wind-power-forecast\backend\auto_scripts\scripts\supershort\logs\auto_predict\predict_20250325_01_30.flag)
2025-03-25 07:10:38,870 - ⏩ 跳过已处理的文件: 202503250130.csv
2025-03-25 07:10:38,870 - 该预测文件已处理过 (标志文件: D:\my-vue-project\wind-power-forecast\backend\auto_scripts\scripts\supershort\logs\auto_predict\predict_20250325_01_45.flag)
2025-03-25 07:10:38,870 - ⏩ 跳过已处理的文件: 202503250145.csv
2025-03-25 07:10:38,870 - 该预测文件已处理过 (标志文件: D:\my-vue-project\wind-power-forecast\backend\auto_scripts\scripts\supershort\logs\auto_predict\predict_20250325_02_00.flag)
2025-03-25 07:10:38,870 - ⏩ 跳过已处理的文件: 202503250200.csv
2025-03-25 07:10:38,870 - 该预测文件已处理过 (标志文件: D:\my-vue-project\wind-power-forecast\backend\auto_scripts\scripts\supershort\logs\auto_predict\predict_20250325_02_15.flag)
2025-03-25 07:10:38,870 - ⏩ 跳过已处理的文件: 202503250215.csv
2025-03-25 07:10:38,871 - 该预测文件已处理过 (标志文件: D:\my-vue-project\wind-power-forecast\backend\auto_scripts\scripts\supershort\logs\auto_predict\predict_20250325_02_30.flag)
2025-03-25 07:10:38,871 - ⏩ 跳过已处理的文件: 202503250230.csv
2025-03-25 07:10:38,871 - 该预测文件已处理过 (标志文件: D:\my-vue-project\wind-power-forecast\backend\auto_scripts\scripts\supershort\logs\auto_predict\predict_20250325_02_45.flag)
2025-03-25 07:10:38,871 - ⏩ 跳过已处理的文件: 202503250245.csv
2025-03-25 07:10:38,871 - 该预测文件已处理过 (标志文件: D:\my-vue-project\wind-power-forecast\backend\auto_scripts\scripts\supershort\logs\auto_predict\predict_20250325_03_00.flag)
2025-03-25 07:10:38,871 - ⏩ 跳过已处理的文件: 202503250300.csv
2025-03-25 07:10:38,871 - 该预测文件已处理过 (标志文件: D:\my-vue-project\wind-power-forecast\backend\auto_scripts\scripts\supershort\logs\auto_predict\predict_20250325_03_15.flag)
2025-03-25 07:10:38,871 - ⏩ 跳过已处理的文件: 202503250315.csv
2025-03-25 07:10:38,872 - 该预测文件已处理过 (标志文件: D:\my-vue-project\wind-power-forecast\backend\auto_scripts\scripts\supershort\logs\auto_predict\predict_20250325_03_30.flag)
2025-03-25 07:10:38,872 - ⏩ 跳过已处理的文件: 202503250330.csv
2025-03-25 07:10:38,872 - 该预测文件已处理过 (标志文件: D:\my-vue-project\wind-power-forecast\backend\auto_scripts\scripts\supershort\logs\auto_predict\predict_20250325_03_45.flag)
2025-03-25 07:10:38,872 - ⏩ 跳过已处理的文件: 202503250345.csv
2025-03-25 07:10:38,872 - 该预测文件已处理过 (标志文件: D:\my-vue-project\wind-power-forecast\backend\auto_scripts\scripts\supershort\logs\auto_predict\predict_20250325_04_00.flag)
2025-03-25 07:10:38,872 - ⏩ 跳过已处理的文件: 202503250400.csv
2025-03-25 07:10:38,872 - 该预测文件已处理过 (标志文件: D:\my-vue-project\wind-power-forecast\backend\auto_scripts\scripts\supershort\logs\auto_predict\predict_20250325_04_15.flag)
2025-03-25 07:10:38,872 - ⏩ 跳过已处理的文件: 202503250415.csv
2025-03-25 07:10:38,873 - 该预测文件已处理过 (标志文件: D:\my-vue-project\wind-power-forecast\backend\auto_scripts\scripts\supershort\logs\auto_predict\predict_20250325_04_30.flag)
2025-03-25 07:10:38,873 - ⏩ 跳过已处理的文件: 202503250430.csv
2025-03-25 07:10:38,873 - 该预测文件已处理过 (标志文件: D:\my-vue-project\wind-power-forecast\backend\auto_scripts\scripts\supershort\logs\auto_predict\predict_20250325_04_45.flag)
2025-03-25 07:10:38,873 - ⏩ 跳过已处理的文件: 202503250445.csv
2025-03-25 07:10:38,873 - 该预测文件已处理过 (标志文件: D:\my-vue-project\wind-power-forecast\backend\auto_scripts\scripts\supershort\logs\auto_predict\predict_20250325_05_00.flag)
2025-03-25 07:10:38,873 - ⏩ 跳过已处理的文件: 202503250500.csv
2025-03-25 07:10:38,873 - 该预测文件已处理过 (标志文件: D:\my-vue-project\wind-power-forecast\backend\auto_scripts\scripts\supershort\logs\auto_predict\predict_20250325_05_15.flag)
2025-03-25 07:10:38,873 - ⏩ 跳过已处理的文件: 202503250515.csv
2025-03-25 07:10:38,874 - 该预测文件已处理过 (标志文件: D:\my-vue-project\wind-power-forecast\backend\auto_scripts\scripts\supershort\logs\auto_predict\predict_20250325_05_30.flag)
2025-03-25 07:10:38,874 - ⏩ 跳过已处理的文件: 202503250530.csv
2025-03-25 07:10:38,874 - 该预测文件已处理过 (标志文件: D:\my-vue-project\wind-power-forecast\backend\auto_scripts\scripts\supershort\logs\auto_predict\predict_20250325_05_45.flag)
2025-03-25 07:10:38,874 - ⏩ 跳过已处理的文件: 202503250545.csv
2025-03-25 07:10:38,874 - 该预测文件已处理过 (标志文件: D:\my-vue-project\wind-power-forecast\backend\auto_scripts\scripts\supershort\logs\auto_predict\predict_20250325_06_00.flag)
2025-03-25 07:10:38,874 - ⏩ 跳过已处理的文件: 202503250600.csv
2025-03-25 07:10:38,874 - 该预测文件已处理过 (标志文件: D:\my-vue-project\wind-power-forecast\backend\auto_scripts\scripts\supershort\logs\auto_predict\predict_20250325_06_15.flag)
2025-03-25 07:10:38,874 - ⏩ 跳过已处理的文件: 202503250615.csv
2025-03-25 07:10:38,875 - 该预测文件已处理过 (标志文件: D:\my-vue-project\wind-power-forecast\backend\auto_scripts\scripts\supershort\logs\auto_predict\predict_20250325_06_30.flag)
2025-03-25 07:10:38,875 - ⏩ 跳过已处理的文件: 202503250630.csv
2025-03-25 07:10:38,875 - 该预测文件已处理过 (标志文件: D:\my-vue-project\wind-power-forecast\backend\auto_scripts\scripts\supershort\logs\auto_predict\predict_20250325_06_45.flag)
2025-03-25 07:10:38,875 - ⏩ 跳过已处理的文件: 202503250645.csv
2025-03-25 07:10:38,875 - 该预测文件已处理过 (标志文件: D:\my-vue-project\wind-power-forecast\backend\auto_scripts\scripts\supershort\logs\auto_predict\predict_20250325_07_00.flag)
2025-03-25 07:10:38,875 - ⏩ 跳过已处理的文件: 202503250700.csv
2025-03-25 07:10:38,875 - 本次共处理了 29 个预测文件
2025-03-25 07:10:38,875 - 
================================================================================
2025-03-25 07:10:38,875 - >>> 预测任务结束 <<<
2025-03-25 07:10:38,875 - ================================================================================

2025-03-25 07:10:38,875 - 预测任务结束
2025-03-25 07:15:40,321 - 
================================================================================
2025-03-25 07:15:40,321 - >>> 自动预测系统启动 <<<
2025-03-25 07:15:40,321 - ================================================================================

2025-03-25 07:15:40,321 - 自动预测系统启动
2025-03-25 07:15:40,321 - 当前日期: 20250325, 时间: 07:15:40
2025-03-25 07:15:40,321 - 
================================================================================
2025-03-25 07:15:40,321 - >>> 开始执行预测 <<<
2025-03-25 07:15:40,321 - ================================================================================

2025-03-25 07:15:40,321 - 开始执行预测
2025-03-25 07:15:40,321 - 扫描预测数据文件目录: D:\my-vue-project\wind-power-forecast\backend\auto_scripts\precsv\supershortcsv\20250325
2025-03-25 07:15:40,321 - 检查模型目录: D:\my-vue-project\wind-power-forecast\backend\auto_scripts\models\supershortmodel\20250325
2025-03-25 07:15:40,321 - 发现best_models目录: D:\my-vue-project\wind-power-forecast\backend\auto_scripts\models\supershortmodel\20250325\best_models
2025-03-25 07:15:40,322 - 发现GBDT模型文件: D:\my-vue-project\wind-power-forecast\backend\auto_scripts\models\supershortmodel\20250325\best_models\GBDT.joblib
2025-03-25 07:15:40,322 - 找到 30 个CSV文件
2025-03-25 07:15:40,322 - 该预测文件已处理过 (标志文件: D:\my-vue-project\wind-power-forecast\backend\auto_scripts\scripts\supershort\logs\auto_predict\predict_20250325_00_00.flag)
2025-03-25 07:15:40,322 - ⏩ 跳过已处理的文件: 202503250000.csv
2025-03-25 07:15:40,322 - 该预测文件已处理过 (标志文件: D:\my-vue-project\wind-power-forecast\backend\auto_scripts\scripts\supershort\logs\auto_predict\predict_20250325_00_15.flag)
2025-03-25 07:15:40,322 - ⏩ 跳过已处理的文件: 202503250015.csv
2025-03-25 07:15:40,323 - 该预测文件已处理过 (标志文件: D:\my-vue-project\wind-power-forecast\backend\auto_scripts\scripts\supershort\logs\auto_predict\predict_20250325_00_30.flag)
2025-03-25 07:15:40,323 - ⏩ 跳过已处理的文件: 202503250030.csv
2025-03-25 07:15:40,323 - 该预测文件已处理过 (标志文件: D:\my-vue-project\wind-power-forecast\backend\auto_scripts\scripts\supershort\logs\auto_predict\predict_20250325_00_45.flag)
2025-03-25 07:15:40,323 - ⏩ 跳过已处理的文件: 202503250045.csv
2025-03-25 07:15:40,323 - 该预测文件已处理过 (标志文件: D:\my-vue-project\wind-power-forecast\backend\auto_scripts\scripts\supershort\logs\auto_predict\predict_20250325_01_00.flag)
2025-03-25 07:15:40,323 - ⏩ 跳过已处理的文件: 202503250100.csv
2025-03-25 07:15:40,323 - 该预测文件已处理过 (标志文件: D:\my-vue-project\wind-power-forecast\backend\auto_scripts\scripts\supershort\logs\auto_predict\predict_20250325_01_15.flag)
2025-03-25 07:15:40,323 - ⏩ 跳过已处理的文件: 202503250115.csv
2025-03-25 07:15:40,324 - 该预测文件已处理过 (标志文件: D:\my-vue-project\wind-power-forecast\backend\auto_scripts\scripts\supershort\logs\auto_predict\predict_20250325_01_30.flag)
2025-03-25 07:15:40,324 - ⏩ 跳过已处理的文件: 202503250130.csv
2025-03-25 07:15:40,324 - 该预测文件已处理过 (标志文件: D:\my-vue-project\wind-power-forecast\backend\auto_scripts\scripts\supershort\logs\auto_predict\predict_20250325_01_45.flag)
2025-03-25 07:15:40,324 - ⏩ 跳过已处理的文件: 202503250145.csv
2025-03-25 07:15:40,324 - 该预测文件已处理过 (标志文件: D:\my-vue-project\wind-power-forecast\backend\auto_scripts\scripts\supershort\logs\auto_predict\predict_20250325_02_00.flag)
2025-03-25 07:15:40,324 - ⏩ 跳过已处理的文件: 202503250200.csv
2025-03-25 07:15:40,324 - 该预测文件已处理过 (标志文件: D:\my-vue-project\wind-power-forecast\backend\auto_scripts\scripts\supershort\logs\auto_predict\predict_20250325_02_15.flag)
2025-03-25 07:15:40,324 - ⏩ 跳过已处理的文件: 202503250215.csv
2025-03-25 07:15:40,325 - 该预测文件已处理过 (标志文件: D:\my-vue-project\wind-power-forecast\backend\auto_scripts\scripts\supershort\logs\auto_predict\predict_20250325_02_30.flag)
2025-03-25 07:15:40,325 - ⏩ 跳过已处理的文件: 202503250230.csv
2025-03-25 07:15:40,325 - 该预测文件已处理过 (标志文件: D:\my-vue-project\wind-power-forecast\backend\auto_scripts\scripts\supershort\logs\auto_predict\predict_20250325_02_45.flag)
2025-03-25 07:15:40,325 - ⏩ 跳过已处理的文件: 202503250245.csv
2025-03-25 07:15:40,325 - 该预测文件已处理过 (标志文件: D:\my-vue-project\wind-power-forecast\backend\auto_scripts\scripts\supershort\logs\auto_predict\predict_20250325_03_00.flag)
2025-03-25 07:15:40,325 - ⏩ 跳过已处理的文件: 202503250300.csv
2025-03-25 07:15:40,325 - 该预测文件已处理过 (标志文件: D:\my-vue-project\wind-power-forecast\backend\auto_scripts\scripts\supershort\logs\auto_predict\predict_20250325_03_15.flag)
2025-03-25 07:15:40,325 - ⏩ 跳过已处理的文件: 202503250315.csv
2025-03-25 07:15:40,326 - 该预测文件已处理过 (标志文件: D:\my-vue-project\wind-power-forecast\backend\auto_scripts\scripts\supershort\logs\auto_predict\predict_20250325_03_30.flag)
2025-03-25 07:15:40,326 - ⏩ 跳过已处理的文件: 202503250330.csv
2025-03-25 07:15:40,326 - 该预测文件已处理过 (标志文件: D:\my-vue-project\wind-power-forecast\backend\auto_scripts\scripts\supershort\logs\auto_predict\predict_20250325_03_45.flag)
2025-03-25 07:15:40,326 - ⏩ 跳过已处理的文件: 202503250345.csv
2025-03-25 07:15:40,326 - 该预测文件已处理过 (标志文件: D:\my-vue-project\wind-power-forecast\backend\auto_scripts\scripts\supershort\logs\auto_predict\predict_20250325_04_00.flag)
2025-03-25 07:15:40,326 - ⏩ 跳过已处理的文件: 202503250400.csv
2025-03-25 07:15:40,326 - 该预测文件已处理过 (标志文件: D:\my-vue-project\wind-power-forecast\backend\auto_scripts\scripts\supershort\logs\auto_predict\predict_20250325_04_15.flag)
2025-03-25 07:15:40,326 - ⏩ 跳过已处理的文件: 202503250415.csv
2025-03-25 07:15:40,327 - 该预测文件已处理过 (标志文件: D:\my-vue-project\wind-power-forecast\backend\auto_scripts\scripts\supershort\logs\auto_predict\predict_20250325_04_30.flag)
2025-03-25 07:15:40,327 - ⏩ 跳过已处理的文件: 202503250430.csv
2025-03-25 07:15:40,327 - 该预测文件已处理过 (标志文件: D:\my-vue-project\wind-power-forecast\backend\auto_scripts\scripts\supershort\logs\auto_predict\predict_20250325_04_45.flag)
2025-03-25 07:15:40,327 - ⏩ 跳过已处理的文件: 202503250445.csv
2025-03-25 07:15:40,327 - 该预测文件已处理过 (标志文件: D:\my-vue-project\wind-power-forecast\backend\auto_scripts\scripts\supershort\logs\auto_predict\predict_20250325_05_00.flag)
2025-03-25 07:15:40,327 - ⏩ 跳过已处理的文件: 202503250500.csv
2025-03-25 07:15:40,327 - 该预测文件已处理过 (标志文件: D:\my-vue-project\wind-power-forecast\backend\auto_scripts\scripts\supershort\logs\auto_predict\predict_20250325_05_15.flag)
2025-03-25 07:15:40,327 - ⏩ 跳过已处理的文件: 202503250515.csv
2025-03-25 07:15:40,328 - 该预测文件已处理过 (标志文件: D:\my-vue-project\wind-power-forecast\backend\auto_scripts\scripts\supershort\logs\auto_predict\predict_20250325_05_30.flag)
2025-03-25 07:15:40,328 - ⏩ 跳过已处理的文件: 202503250530.csv
2025-03-25 07:15:40,328 - 该预测文件已处理过 (标志文件: D:\my-vue-project\wind-power-forecast\backend\auto_scripts\scripts\supershort\logs\auto_predict\predict_20250325_05_45.flag)
2025-03-25 07:15:40,328 - ⏩ 跳过已处理的文件: 202503250545.csv
2025-03-25 07:15:40,328 - 该预测文件已处理过 (标志文件: D:\my-vue-project\wind-power-forecast\backend\auto_scripts\scripts\supershort\logs\auto_predict\predict_20250325_06_00.flag)
2025-03-25 07:15:40,328 - ⏩ 跳过已处理的文件: 202503250600.csv
2025-03-25 07:15:40,328 - 该预测文件已处理过 (标志文件: D:\my-vue-project\wind-power-forecast\backend\auto_scripts\scripts\supershort\logs\auto_predict\predict_20250325_06_15.flag)
2025-03-25 07:15:40,328 - ⏩ 跳过已处理的文件: 202503250615.csv
2025-03-25 07:15:40,329 - 该预测文件已处理过 (标志文件: D:\my-vue-project\wind-power-forecast\backend\auto_scripts\scripts\supershort\logs\auto_predict\predict_20250325_06_30.flag)
2025-03-25 07:15:40,329 - ⏩ 跳过已处理的文件: 202503250630.csv
2025-03-25 07:15:40,329 - 该预测文件已处理过 (标志文件: D:\my-vue-project\wind-power-forecast\backend\auto_scripts\scripts\supershort\logs\auto_predict\predict_20250325_06_45.flag)
2025-03-25 07:15:40,329 - ⏩ 跳过已处理的文件: 202503250645.csv
2025-03-25 07:15:40,329 - 该预测文件已处理过 (标志文件: D:\my-vue-project\wind-power-forecast\backend\auto_scripts\scripts\supershort\logs\auto_predict\predict_20250325_07_00.flag)
2025-03-25 07:15:40,329 - ⏩ 跳过已处理的文件: 202503250700.csv
2025-03-25 07:15:40,329 - ✅ 处理预测文件: D:\my-vue-project\wind-power-forecast\backend\auto_scripts\precsv\supershortcsv\20250325\202503250715.csv
2025-03-25 07:15:40,330 - 
============================================================
【风电功率预测开始】
============================================================
2025-03-25 07:15:40,330 - 配置信息:
2025-03-25 07:15:40,330 -   - 数据文件: D:\my-vue-project\wind-power-forecast\backend\auto_scripts\precsv\supershortcsv\20250325\202503250715.csv
2025-03-25 07:15:40,330 -   - 模型目录: D:\my-vue-project\wind-power-forecast\backend\auto_scripts\models\supershortmodel\20250325
2025-03-25 07:15:40,330 -   - 窗口大小: 16
2025-03-25 07:15:40,330 -   - 滞后特征数: 4
2025-03-25 07:15:40,330 - 
============================================================
【预处理新数据】
============================================================
2025-03-25 07:15:40,330 - 加载数据文件: D:\my-vue-project\wind-power-forecast\backend\auto_scripts\precsv\supershortcsv\20250325\202503250715.csv
2025-03-25 07:15:40,335 - 数据加载完成，去除缺失值后共 29 条记录
2025-03-25 07:15:40,375 - 数据前5行预览:
        Timestamp    129.128_1    129.128_2  ...  ws200_13  ws200_14  ws200_15
0  2024/3/11 0:00  15974.26563  16293.82813  ...  4.542173  1.324043  0.865087
1  2024/3/11 0:15  15974.26563  16293.82813  ...  3.899081  0.880606  1.273859
2  2024/3/11 0:30  15974.26563  16293.82813  ...  3.273753  0.778394  1.710350
3  2024/3/11 0:45  15974.26563  16293.82813  ...  2.678660  1.115517  2.157803
4  2024/3/11 1:00  15974.26563  16293.82813  ...  2.139185  1.640399  2.610587

[5 rows x 301 columns]
2025-03-25 07:15:40,375 - 预处理数据...
2025-03-25 07:15:40,378 - 预处理完成，特征维度: (29, 304)
2025-03-25 07:15:40,378 - 执行特征工程，滞后特征数: 4...
2025-03-25 07:15:40,408 - 特征工程完成，特征维度: (26, 859)
2025-03-25 07:15:40,408 - 新数据预处理完成，共 26 个样本
2025-03-25 07:15:40,409 - ✅ 发现最佳模型目录: D:\my-vue-project\wind-power-forecast\backend\auto_scripts\models\supershortmodel\20250325\best_models，尝试使用多模型加权预测
2025-03-25 07:15:40,409 - 
============================================================
【加载多个模型】
============================================================
2025-03-25 07:15:40,409 - 从目录加载模型和 scaler: D:\my-vue-project\wind-power-forecast\backend\auto_scripts\models\supershortmodel\20250325\best_models
2025-03-25 07:15:40,409 - 加载 GBDT 模型和 scaler...
2025-03-25 07:15:40,501 - ✅ 已成功加载 GBDT 模型和对应的 scaler
2025-03-25 07:15:40,501 - 加载 DART 模型和 scaler...
2025-03-25 07:15:40,509 - ✅ 已成功加载 DART 模型和对应的 scaler
2025-03-25 07:15:40,509 - 加载 GOSS 模型和 scaler...
2025-03-25 07:15:40,514 - ✅ 已成功加载 GOSS 模型和对应的 scaler
2025-03-25 07:15:40,514 - 加载完成，共加载了 3 个模型: GBDT, DART, GOSS
2025-03-25 07:15:40,514 - 尝试加载模型权重文件: D:\my-vue-project\wind-power-forecast\backend\auto_scripts\models\supershortmodel\20250325\model_weights.joblib
2025-03-25 07:15:40,514 - ✅ 已加载模型权重: {'GBDT': np.float64(0.0), 'DART': np.float64(0.0), 'GOSS': np.float64(0.9413418792089218), 'INTERCEPT': np.float64(-0.0258769107539365)}
2025-03-25 07:15:40,514 - 
============================================================
【使用多模型加权预测】
============================================================
2025-03-25 07:15:40,514 - 使用自定义权重: {'GBDT': np.float64(0.0), 'DART': np.float64(0.0), 'GOSS': np.float64(0.9413418792089218), 'INTERCEPT': np.float64(-0.0258769107539365)}
2025-03-25 07:15:40,515 - ❌ GBDT 模型权重为0，跳过
2025-03-25 07:15:40,515 - ❌ DART 模型权重为0，跳过
2025-03-25 07:15:40,515 - 使用 GOSS 模型进行预测 (权重: 0.9413)...
2025-03-25 07:15:40,517 - GOSS: 数据标准化完成
2025-03-25 07:15:40,517 - GOSS: 时间窗口创建完成，窗口数量: 11
2025-03-25 07:15:40,562 - ✅ GOSS 模型预测完成，生成了 11 个预测值
2025-03-25 07:15:40,562 -    统计: 最小值=118.97, 最大值=177.46, 平均值=157.97
2025-03-25 07:15:40,562 - 所有预测结果对齐到最小长度: 11
2025-03-25 07:15:40,562 - 开始计算加权平均预测结果...
2025-03-25 07:15:40,562 -   加入 GOSS 模型贡献 (权重: 0.9413)
2025-03-25 07:15:40,562 -   加入常数偏置项 (值: -0.0259)
2025-03-25 07:15:40,562 - 加权平均预测完成，生成了 11 个预测值
2025-03-25 07:15:40,562 - 加权预测结果统计: 最小值=111.96, 最大值=167.03, 平均值=148.67
2025-03-25 07:15:40,562 - ✅ 多模型加权预测完成，使用模型: GBDT, DART, GOSS
2025-03-25 07:15:40,563 - 预测结果数据框创建完成，共 11 行
2025-03-25 07:15:40,564 - ✅ 预测结果已保存到文件: D:\my-vue-project\wind-power-forecast\backend\auto_scripts\results\supershortresult\20250325\prediction_202503250715.csv
2025-03-25 07:15:40,564 - 尝试将预测结果导入数据库...
2025-03-25 07:15:40,565 - 发送HTTP请求到: http://localhost:5000/prediction2database/batch_supershortl_power
2025-03-25 07:15:42,629 - ✅ 数据已成功导入数据库
2025-03-25 07:15:42,629 -    总记录数: 11, 更新: 11, 插入: 0
2025-03-25 07:15:42,629 - 
============================================================
【风电功率预测完成】
============================================================
2025-03-25 07:15:42,629 - 风电功率预测完成
2025-03-25 07:15:42,630 - ✅ 202503250715.csv 预测执行完成
2025-03-25 07:15:42,631 - 已创建预测标志文件: D:\my-vue-project\wind-power-forecast\backend\auto_scripts\scripts\supershort\logs\auto_predict\predict_20250325_07_15.flag
2025-03-25 07:15:42,631 - 本次共处理了 30 个预测文件
2025-03-25 07:15:42,631 - 
================================================================================
2025-03-25 07:15:42,631 - >>> 预测任务结束 <<<
2025-03-25 07:15:42,631 - ================================================================================

2025-03-25 07:15:42,631 - 预测任务结束
2025-03-25 07:20:44,117 - 
================================================================================
2025-03-25 07:20:44,117 - >>> 自动预测系统启动 <<<
2025-03-25 07:20:44,117 - ================================================================================

2025-03-25 07:20:44,117 - 自动预测系统启动
2025-03-25 07:20:44,117 - 当前日期: 20250325, 时间: 07:20:44
2025-03-25 07:20:44,117 - 
================================================================================
2025-03-25 07:20:44,117 - >>> 开始执行预测 <<<
2025-03-25 07:20:44,117 - ================================================================================

2025-03-25 07:20:44,117 - 开始执行预测
2025-03-25 07:20:44,117 - 扫描预测数据文件目录: D:\my-vue-project\wind-power-forecast\backend\auto_scripts\precsv\supershortcsv\20250325
2025-03-25 07:20:44,117 - 检查模型目录: D:\my-vue-project\wind-power-forecast\backend\auto_scripts\models\supershortmodel\20250325
2025-03-25 07:20:44,118 - 发现best_models目录: D:\my-vue-project\wind-power-forecast\backend\auto_scripts\models\supershortmodel\20250325\best_models
2025-03-25 07:20:44,118 - 发现GBDT模型文件: D:\my-vue-project\wind-power-forecast\backend\auto_scripts\models\supershortmodel\20250325\best_models\GBDT.joblib
2025-03-25 07:20:44,118 - 找到 30 个CSV文件
2025-03-25 07:20:44,118 - 该预测文件已处理过 (标志文件: D:\my-vue-project\wind-power-forecast\backend\auto_scripts\scripts\supershort\logs\auto_predict\predict_20250325_00_00.flag)
2025-03-25 07:20:44,118 - ⏩ 跳过已处理的文件: 202503250000.csv
2025-03-25 07:20:44,118 - 该预测文件已处理过 (标志文件: D:\my-vue-project\wind-power-forecast\backend\auto_scripts\scripts\supershort\logs\auto_predict\predict_20250325_00_15.flag)
2025-03-25 07:20:44,118 - ⏩ 跳过已处理的文件: 202503250015.csv
2025-03-25 07:20:44,119 - 该预测文件已处理过 (标志文件: D:\my-vue-project\wind-power-forecast\backend\auto_scripts\scripts\supershort\logs\auto_predict\predict_20250325_00_30.flag)
2025-03-25 07:20:44,119 - ⏩ 跳过已处理的文件: 202503250030.csv
2025-03-25 07:20:44,119 - 该预测文件已处理过 (标志文件: D:\my-vue-project\wind-power-forecast\backend\auto_scripts\scripts\supershort\logs\auto_predict\predict_20250325_00_45.flag)
2025-03-25 07:20:44,119 - ⏩ 跳过已处理的文件: 202503250045.csv
2025-03-25 07:20:44,119 - 该预测文件已处理过 (标志文件: D:\my-vue-project\wind-power-forecast\backend\auto_scripts\scripts\supershort\logs\auto_predict\predict_20250325_01_00.flag)
2025-03-25 07:20:44,119 - ⏩ 跳过已处理的文件: 202503250100.csv
2025-03-25 07:20:44,119 - 该预测文件已处理过 (标志文件: D:\my-vue-project\wind-power-forecast\backend\auto_scripts\scripts\supershort\logs\auto_predict\predict_20250325_01_15.flag)
2025-03-25 07:20:44,120 - ⏩ 跳过已处理的文件: 202503250115.csv
2025-03-25 07:20:44,120 - 该预测文件已处理过 (标志文件: D:\my-vue-project\wind-power-forecast\backend\auto_scripts\scripts\supershort\logs\auto_predict\predict_20250325_01_30.flag)
2025-03-25 07:20:44,120 - ⏩ 跳过已处理的文件: 202503250130.csv
2025-03-25 07:20:44,120 - 该预测文件已处理过 (标志文件: D:\my-vue-project\wind-power-forecast\backend\auto_scripts\scripts\supershort\logs\auto_predict\predict_20250325_01_45.flag)
2025-03-25 07:20:44,120 - ⏩ 跳过已处理的文件: 202503250145.csv
2025-03-25 07:20:44,120 - 该预测文件已处理过 (标志文件: D:\my-vue-project\wind-power-forecast\backend\auto_scripts\scripts\supershort\logs\auto_predict\predict_20250325_02_00.flag)
2025-03-25 07:20:44,120 - ⏩ 跳过已处理的文件: 202503250200.csv
2025-03-25 07:20:44,120 - 该预测文件已处理过 (标志文件: D:\my-vue-project\wind-power-forecast\backend\auto_scripts\scripts\supershort\logs\auto_predict\predict_20250325_02_15.flag)
2025-03-25 07:20:44,121 - ⏩ 跳过已处理的文件: 202503250215.csv
2025-03-25 07:20:44,121 - 该预测文件已处理过 (标志文件: D:\my-vue-project\wind-power-forecast\backend\auto_scripts\scripts\supershort\logs\auto_predict\predict_20250325_02_30.flag)
2025-03-25 07:20:44,121 - ⏩ 跳过已处理的文件: 202503250230.csv
2025-03-25 07:20:44,121 - 该预测文件已处理过 (标志文件: D:\my-vue-project\wind-power-forecast\backend\auto_scripts\scripts\supershort\logs\auto_predict\predict_20250325_02_45.flag)
2025-03-25 07:20:44,121 - ⏩ 跳过已处理的文件: 202503250245.csv
2025-03-25 07:20:44,121 - 该预测文件已处理过 (标志文件: D:\my-vue-project\wind-power-forecast\backend\auto_scripts\scripts\supershort\logs\auto_predict\predict_20250325_03_00.flag)
2025-03-25 07:20:44,121 - ⏩ 跳过已处理的文件: 202503250300.csv
2025-03-25 07:20:44,121 - 该预测文件已处理过 (标志文件: D:\my-vue-project\wind-power-forecast\backend\auto_scripts\scripts\supershort\logs\auto_predict\predict_20250325_03_15.flag)
2025-03-25 07:20:44,121 - ⏩ 跳过已处理的文件: 202503250315.csv
2025-03-25 07:20:44,122 - 该预测文件已处理过 (标志文件: D:\my-vue-project\wind-power-forecast\backend\auto_scripts\scripts\supershort\logs\auto_predict\predict_20250325_03_30.flag)
2025-03-25 07:20:44,122 - ⏩ 跳过已处理的文件: 202503250330.csv
2025-03-25 07:20:44,122 - 该预测文件已处理过 (标志文件: D:\my-vue-project\wind-power-forecast\backend\auto_scripts\scripts\supershort\logs\auto_predict\predict_20250325_03_45.flag)
2025-03-25 07:20:44,122 - ⏩ 跳过已处理的文件: 202503250345.csv
2025-03-25 07:20:44,122 - 该预测文件已处理过 (标志文件: D:\my-vue-project\wind-power-forecast\backend\auto_scripts\scripts\supershort\logs\auto_predict\predict_20250325_04_00.flag)
2025-03-25 07:20:44,122 - ⏩ 跳过已处理的文件: 202503250400.csv
2025-03-25 07:20:44,122 - 该预测文件已处理过 (标志文件: D:\my-vue-project\wind-power-forecast\backend\auto_scripts\scripts\supershort\logs\auto_predict\predict_20250325_04_15.flag)
2025-03-25 07:20:44,122 - ⏩ 跳过已处理的文件: 202503250415.csv
2025-03-25 07:20:44,123 - 该预测文件已处理过 (标志文件: D:\my-vue-project\wind-power-forecast\backend\auto_scripts\scripts\supershort\logs\auto_predict\predict_20250325_04_30.flag)
2025-03-25 07:20:44,123 - ⏩ 跳过已处理的文件: 202503250430.csv
2025-03-25 07:20:44,123 - 该预测文件已处理过 (标志文件: D:\my-vue-project\wind-power-forecast\backend\auto_scripts\scripts\supershort\logs\auto_predict\predict_20250325_04_45.flag)
2025-03-25 07:20:44,123 - ⏩ 跳过已处理的文件: 202503250445.csv
2025-03-25 07:20:44,123 - 该预测文件已处理过 (标志文件: D:\my-vue-project\wind-power-forecast\backend\auto_scripts\scripts\supershort\logs\auto_predict\predict_20250325_05_00.flag)
2025-03-25 07:20:44,123 - ⏩ 跳过已处理的文件: 202503250500.csv
2025-03-25 07:20:44,123 - 该预测文件已处理过 (标志文件: D:\my-vue-project\wind-power-forecast\backend\auto_scripts\scripts\supershort\logs\auto_predict\predict_20250325_05_15.flag)
2025-03-25 07:20:44,124 - ⏩ 跳过已处理的文件: 202503250515.csv
2025-03-25 07:20:44,124 - 该预测文件已处理过 (标志文件: D:\my-vue-project\wind-power-forecast\backend\auto_scripts\scripts\supershort\logs\auto_predict\predict_20250325_05_30.flag)
2025-03-25 07:20:44,124 - ⏩ 跳过已处理的文件: 202503250530.csv
2025-03-25 07:20:44,124 - 该预测文件已处理过 (标志文件: D:\my-vue-project\wind-power-forecast\backend\auto_scripts\scripts\supershort\logs\auto_predict\predict_20250325_05_45.flag)
2025-03-25 07:20:44,124 - ⏩ 跳过已处理的文件: 202503250545.csv
2025-03-25 07:20:44,124 - 该预测文件已处理过 (标志文件: D:\my-vue-project\wind-power-forecast\backend\auto_scripts\scripts\supershort\logs\auto_predict\predict_20250325_06_00.flag)
2025-03-25 07:20:44,124 - ⏩ 跳过已处理的文件: 202503250600.csv
2025-03-25 07:20:44,124 - 该预测文件已处理过 (标志文件: D:\my-vue-project\wind-power-forecast\backend\auto_scripts\scripts\supershort\logs\auto_predict\predict_20250325_06_15.flag)
2025-03-25 07:20:44,125 - ⏩ 跳过已处理的文件: 202503250615.csv
2025-03-25 07:20:44,125 - 该预测文件已处理过 (标志文件: D:\my-vue-project\wind-power-forecast\backend\auto_scripts\scripts\supershort\logs\auto_predict\predict_20250325_06_30.flag)
2025-03-25 07:20:44,125 - ⏩ 跳过已处理的文件: 202503250630.csv
2025-03-25 07:20:44,125 - 该预测文件已处理过 (标志文件: D:\my-vue-project\wind-power-forecast\backend\auto_scripts\scripts\supershort\logs\auto_predict\predict_20250325_06_45.flag)
2025-03-25 07:20:44,125 - ⏩ 跳过已处理的文件: 202503250645.csv
2025-03-25 07:20:44,125 - 该预测文件已处理过 (标志文件: D:\my-vue-project\wind-power-forecast\backend\auto_scripts\scripts\supershort\logs\auto_predict\predict_20250325_07_00.flag)
2025-03-25 07:20:44,125 - ⏩ 跳过已处理的文件: 202503250700.csv
2025-03-25 07:20:44,125 - 该预测文件已处理过 (标志文件: D:\my-vue-project\wind-power-forecast\backend\auto_scripts\scripts\supershort\logs\auto_predict\predict_20250325_07_15.flag)
2025-03-25 07:20:44,125 - ⏩ 跳过已处理的文件: 202503250715.csv
2025-03-25 07:20:44,126 - 本次共处理了 30 个预测文件
2025-03-25 07:20:44,126 - 
================================================================================
2025-03-25 07:20:44,126 - >>> 预测任务结束 <<<
2025-03-25 07:20:44,126 - ================================================================================

2025-03-25 07:20:44,126 - 预测任务结束
2025-03-25 07:25:45,500 - 
================================================================================
2025-03-25 07:25:45,500 - >>> 自动预测系统启动 <<<
2025-03-25 07:25:45,500 - ================================================================================

2025-03-25 07:25:45,500 - 自动预测系统启动
2025-03-25 07:25:45,501 - 当前日期: 20250325, 时间: 07:25:45
2025-03-25 07:25:45,501 - 
================================================================================
2025-03-25 07:25:45,501 - >>> 开始执行预测 <<<
2025-03-25 07:25:45,501 - ================================================================================

2025-03-25 07:25:45,501 - 开始执行预测
2025-03-25 07:25:45,501 - 扫描预测数据文件目录: D:\my-vue-project\wind-power-forecast\backend\auto_scripts\precsv\supershortcsv\20250325
2025-03-25 07:25:45,501 - 检查模型目录: D:\my-vue-project\wind-power-forecast\backend\auto_scripts\models\supershortmodel\20250325
2025-03-25 07:25:45,501 - 发现best_models目录: D:\my-vue-project\wind-power-forecast\backend\auto_scripts\models\supershortmodel\20250325\best_models
2025-03-25 07:25:45,501 - 发现GBDT模型文件: D:\my-vue-project\wind-power-forecast\backend\auto_scripts\models\supershortmodel\20250325\best_models\GBDT.joblib
2025-03-25 07:25:45,502 - 找到 30 个CSV文件
2025-03-25 07:25:45,502 - 该预测文件已处理过 (标志文件: D:\my-vue-project\wind-power-forecast\backend\auto_scripts\scripts\supershort\logs\auto_predict\predict_20250325_00_00.flag)
2025-03-25 07:25:45,502 - ⏩ 跳过已处理的文件: 202503250000.csv
2025-03-25 07:25:45,502 - 该预测文件已处理过 (标志文件: D:\my-vue-project\wind-power-forecast\backend\auto_scripts\scripts\supershort\logs\auto_predict\predict_20250325_00_15.flag)
2025-03-25 07:25:45,502 - ⏩ 跳过已处理的文件: 202503250015.csv
2025-03-25 07:25:45,502 - 该预测文件已处理过 (标志文件: D:\my-vue-project\wind-power-forecast\backend\auto_scripts\scripts\supershort\logs\auto_predict\predict_20250325_00_30.flag)
2025-03-25 07:25:45,502 - ⏩ 跳过已处理的文件: 202503250030.csv
2025-03-25 07:25:45,503 - 该预测文件已处理过 (标志文件: D:\my-vue-project\wind-power-forecast\backend\auto_scripts\scripts\supershort\logs\auto_predict\predict_20250325_00_45.flag)
2025-03-25 07:25:45,503 - ⏩ 跳过已处理的文件: 202503250045.csv
2025-03-25 07:25:45,503 - 该预测文件已处理过 (标志文件: D:\my-vue-project\wind-power-forecast\backend\auto_scripts\scripts\supershort\logs\auto_predict\predict_20250325_01_00.flag)
2025-03-25 07:25:45,503 - ⏩ 跳过已处理的文件: 202503250100.csv
2025-03-25 07:25:45,503 - 该预测文件已处理过 (标志文件: D:\my-vue-project\wind-power-forecast\backend\auto_scripts\scripts\supershort\logs\auto_predict\predict_20250325_01_15.flag)
2025-03-25 07:25:45,503 - ⏩ 跳过已处理的文件: 202503250115.csv
2025-03-25 07:25:45,503 - 该预测文件已处理过 (标志文件: D:\my-vue-project\wind-power-forecast\backend\auto_scripts\scripts\supershort\logs\auto_predict\predict_20250325_01_30.flag)
2025-03-25 07:25:45,503 - ⏩ 跳过已处理的文件: 202503250130.csv
2025-03-25 07:25:45,504 - 该预测文件已处理过 (标志文件: D:\my-vue-project\wind-power-forecast\backend\auto_scripts\scripts\supershort\logs\auto_predict\predict_20250325_01_45.flag)
2025-03-25 07:25:45,504 - ⏩ 跳过已处理的文件: 202503250145.csv
2025-03-25 07:25:45,504 - 该预测文件已处理过 (标志文件: D:\my-vue-project\wind-power-forecast\backend\auto_scripts\scripts\supershort\logs\auto_predict\predict_20250325_02_00.flag)
2025-03-25 07:25:45,504 - ⏩ 跳过已处理的文件: 202503250200.csv
2025-03-25 07:25:45,504 - 该预测文件已处理过 (标志文件: D:\my-vue-project\wind-power-forecast\backend\auto_scripts\scripts\supershort\logs\auto_predict\predict_20250325_02_15.flag)
2025-03-25 07:25:45,504 - ⏩ 跳过已处理的文件: 202503250215.csv
2025-03-25 07:25:45,504 - 该预测文件已处理过 (标志文件: D:\my-vue-project\wind-power-forecast\backend\auto_scripts\scripts\supershort\logs\auto_predict\predict_20250325_02_30.flag)
2025-03-25 07:25:45,504 - ⏩ 跳过已处理的文件: 202503250230.csv
2025-03-25 07:25:45,505 - 该预测文件已处理过 (标志文件: D:\my-vue-project\wind-power-forecast\backend\auto_scripts\scripts\supershort\logs\auto_predict\predict_20250325_02_45.flag)
2025-03-25 07:25:45,505 - ⏩ 跳过已处理的文件: 202503250245.csv
2025-03-25 07:25:45,505 - 该预测文件已处理过 (标志文件: D:\my-vue-project\wind-power-forecast\backend\auto_scripts\scripts\supershort\logs\auto_predict\predict_20250325_03_00.flag)
2025-03-25 07:25:45,505 - ⏩ 跳过已处理的文件: 202503250300.csv
2025-03-25 07:25:45,505 - 该预测文件已处理过 (标志文件: D:\my-vue-project\wind-power-forecast\backend\auto_scripts\scripts\supershort\logs\auto_predict\predict_20250325_03_15.flag)
2025-03-25 07:25:45,505 - ⏩ 跳过已处理的文件: 202503250315.csv
2025-03-25 07:25:45,505 - 该预测文件已处理过 (标志文件: D:\my-vue-project\wind-power-forecast\backend\auto_scripts\scripts\supershort\logs\auto_predict\predict_20250325_03_30.flag)
2025-03-25 07:25:45,505 - ⏩ 跳过已处理的文件: 202503250330.csv
2025-03-25 07:25:45,506 - 该预测文件已处理过 (标志文件: D:\my-vue-project\wind-power-forecast\backend\auto_scripts\scripts\supershort\logs\auto_predict\predict_20250325_03_45.flag)
2025-03-25 07:25:45,506 - ⏩ 跳过已处理的文件: 202503250345.csv
2025-03-25 07:25:45,506 - 该预测文件已处理过 (标志文件: D:\my-vue-project\wind-power-forecast\backend\auto_scripts\scripts\supershort\logs\auto_predict\predict_20250325_04_00.flag)
2025-03-25 07:25:45,506 - ⏩ 跳过已处理的文件: 202503250400.csv
2025-03-25 07:25:45,506 - 该预测文件已处理过 (标志文件: D:\my-vue-project\wind-power-forecast\backend\auto_scripts\scripts\supershort\logs\auto_predict\predict_20250325_04_15.flag)
2025-03-25 07:25:45,506 - ⏩ 跳过已处理的文件: 202503250415.csv
2025-03-25 07:25:45,506 - 该预测文件已处理过 (标志文件: D:\my-vue-project\wind-power-forecast\backend\auto_scripts\scripts\supershort\logs\auto_predict\predict_20250325_04_30.flag)
2025-03-25 07:25:45,506 - ⏩ 跳过已处理的文件: 202503250430.csv
2025-03-25 07:25:45,507 - 该预测文件已处理过 (标志文件: D:\my-vue-project\wind-power-forecast\backend\auto_scripts\scripts\supershort\logs\auto_predict\predict_20250325_04_45.flag)
2025-03-25 07:25:45,507 - ⏩ 跳过已处理的文件: 202503250445.csv
2025-03-25 07:25:45,507 - 该预测文件已处理过 (标志文件: D:\my-vue-project\wind-power-forecast\backend\auto_scripts\scripts\supershort\logs\auto_predict\predict_20250325_05_00.flag)
2025-03-25 07:25:45,507 - ⏩ 跳过已处理的文件: 202503250500.csv
2025-03-25 07:25:45,507 - 该预测文件已处理过 (标志文件: D:\my-vue-project\wind-power-forecast\backend\auto_scripts\scripts\supershort\logs\auto_predict\predict_20250325_05_15.flag)
2025-03-25 07:25:45,507 - ⏩ 跳过已处理的文件: 202503250515.csv
2025-03-25 07:25:45,507 - 该预测文件已处理过 (标志文件: D:\my-vue-project\wind-power-forecast\backend\auto_scripts\scripts\supershort\logs\auto_predict\predict_20250325_05_30.flag)
2025-03-25 07:25:45,507 - ⏩ 跳过已处理的文件: 202503250530.csv
2025-03-25 07:25:45,508 - 该预测文件已处理过 (标志文件: D:\my-vue-project\wind-power-forecast\backend\auto_scripts\scripts\supershort\logs\auto_predict\predict_20250325_05_45.flag)
2025-03-25 07:25:45,508 - ⏩ 跳过已处理的文件: 202503250545.csv
2025-03-25 07:25:45,508 - 该预测文件已处理过 (标志文件: D:\my-vue-project\wind-power-forecast\backend\auto_scripts\scripts\supershort\logs\auto_predict\predict_20250325_06_00.flag)
2025-03-25 07:25:45,508 - ⏩ 跳过已处理的文件: 202503250600.csv
2025-03-25 07:25:45,508 - 该预测文件已处理过 (标志文件: D:\my-vue-project\wind-power-forecast\backend\auto_scripts\scripts\supershort\logs\auto_predict\predict_20250325_06_15.flag)
2025-03-25 07:25:45,508 - ⏩ 跳过已处理的文件: 202503250615.csv
2025-03-25 07:25:45,508 - 该预测文件已处理过 (标志文件: D:\my-vue-project\wind-power-forecast\backend\auto_scripts\scripts\supershort\logs\auto_predict\predict_20250325_06_30.flag)
2025-03-25 07:25:45,508 - ⏩ 跳过已处理的文件: 202503250630.csv
2025-03-25 07:25:45,509 - 该预测文件已处理过 (标志文件: D:\my-vue-project\wind-power-forecast\backend\auto_scripts\scripts\supershort\logs\auto_predict\predict_20250325_06_45.flag)
2025-03-25 07:25:45,509 - ⏩ 跳过已处理的文件: 202503250645.csv
2025-03-25 07:25:45,509 - 该预测文件已处理过 (标志文件: D:\my-vue-project\wind-power-forecast\backend\auto_scripts\scripts\supershort\logs\auto_predict\predict_20250325_07_00.flag)
2025-03-25 07:25:45,509 - ⏩ 跳过已处理的文件: 202503250700.csv
2025-03-25 07:25:45,509 - 该预测文件已处理过 (标志文件: D:\my-vue-project\wind-power-forecast\backend\auto_scripts\scripts\supershort\logs\auto_predict\predict_20250325_07_15.flag)
2025-03-25 07:25:45,509 - ⏩ 跳过已处理的文件: 202503250715.csv
2025-03-25 07:25:45,509 - 本次共处理了 30 个预测文件
2025-03-25 07:25:45,509 - 
================================================================================
2025-03-25 07:25:45,509 - >>> 预测任务结束 <<<
2025-03-25 07:25:45,509 - ================================================================================

2025-03-25 07:25:45,509 - 预测任务结束
2025-03-25 07:30:47,004 - 
================================================================================
2025-03-25 07:30:47,004 - >>> 自动预测系统启动 <<<
2025-03-25 07:30:47,004 - ================================================================================

2025-03-25 07:30:47,004 - 自动预测系统启动
2025-03-25 07:30:47,005 - 当前日期: 20250325, 时间: 07:30:47
2025-03-25 07:30:47,005 - 
================================================================================
2025-03-25 07:30:47,005 - >>> 开始执行预测 <<<
2025-03-25 07:30:47,005 - ================================================================================

2025-03-25 07:30:47,005 - 开始执行预测
2025-03-25 07:30:47,005 - 扫描预测数据文件目录: D:\my-vue-project\wind-power-forecast\backend\auto_scripts\precsv\supershortcsv\20250325
2025-03-25 07:30:47,005 - 检查模型目录: D:\my-vue-project\wind-power-forecast\backend\auto_scripts\models\supershortmodel\20250325
2025-03-25 07:30:47,005 - 发现best_models目录: D:\my-vue-project\wind-power-forecast\backend\auto_scripts\models\supershortmodel\20250325\best_models
2025-03-25 07:30:47,005 - 发现GBDT模型文件: D:\my-vue-project\wind-power-forecast\backend\auto_scripts\models\supershortmodel\20250325\best_models\GBDT.joblib
2025-03-25 07:30:47,005 - 找到 31 个CSV文件
2025-03-25 07:30:47,006 - 该预测文件已处理过 (标志文件: D:\my-vue-project\wind-power-forecast\backend\auto_scripts\scripts\supershort\logs\auto_predict\predict_20250325_00_00.flag)
2025-03-25 07:30:47,006 - ⏩ 跳过已处理的文件: 202503250000.csv
2025-03-25 07:30:47,006 - 该预测文件已处理过 (标志文件: D:\my-vue-project\wind-power-forecast\backend\auto_scripts\scripts\supershort\logs\auto_predict\predict_20250325_00_15.flag)
2025-03-25 07:30:47,006 - ⏩ 跳过已处理的文件: 202503250015.csv
2025-03-25 07:30:47,006 - 该预测文件已处理过 (标志文件: D:\my-vue-project\wind-power-forecast\backend\auto_scripts\scripts\supershort\logs\auto_predict\predict_20250325_00_30.flag)
2025-03-25 07:30:47,006 - ⏩ 跳过已处理的文件: 202503250030.csv
2025-03-25 07:30:47,006 - 该预测文件已处理过 (标志文件: D:\my-vue-project\wind-power-forecast\backend\auto_scripts\scripts\supershort\logs\auto_predict\predict_20250325_00_45.flag)
2025-03-25 07:30:47,007 - ⏩ 跳过已处理的文件: 202503250045.csv
2025-03-25 07:30:47,007 - 该预测文件已处理过 (标志文件: D:\my-vue-project\wind-power-forecast\backend\auto_scripts\scripts\supershort\logs\auto_predict\predict_20250325_01_00.flag)
2025-03-25 07:30:47,007 - ⏩ 跳过已处理的文件: 202503250100.csv
2025-03-25 07:30:47,007 - 该预测文件已处理过 (标志文件: D:\my-vue-project\wind-power-forecast\backend\auto_scripts\scripts\supershort\logs\auto_predict\predict_20250325_01_15.flag)
2025-03-25 07:30:47,007 - ⏩ 跳过已处理的文件: 202503250115.csv
2025-03-25 07:30:47,007 - 该预测文件已处理过 (标志文件: D:\my-vue-project\wind-power-forecast\backend\auto_scripts\scripts\supershort\logs\auto_predict\predict_20250325_01_30.flag)
2025-03-25 07:30:47,007 - ⏩ 跳过已处理的文件: 202503250130.csv
2025-03-25 07:30:47,007 - 该预测文件已处理过 (标志文件: D:\my-vue-project\wind-power-forecast\backend\auto_scripts\scripts\supershort\logs\auto_predict\predict_20250325_01_45.flag)
2025-03-25 07:30:47,008 - ⏩ 跳过已处理的文件: 202503250145.csv
2025-03-25 07:30:47,008 - 该预测文件已处理过 (标志文件: D:\my-vue-project\wind-power-forecast\backend\auto_scripts\scripts\supershort\logs\auto_predict\predict_20250325_02_00.flag)
2025-03-25 07:30:47,008 - ⏩ 跳过已处理的文件: 202503250200.csv
2025-03-25 07:30:47,008 - 该预测文件已处理过 (标志文件: D:\my-vue-project\wind-power-forecast\backend\auto_scripts\scripts\supershort\logs\auto_predict\predict_20250325_02_15.flag)
2025-03-25 07:30:47,008 - ⏩ 跳过已处理的文件: 202503250215.csv
2025-03-25 07:30:47,008 - 该预测文件已处理过 (标志文件: D:\my-vue-project\wind-power-forecast\backend\auto_scripts\scripts\supershort\logs\auto_predict\predict_20250325_02_30.flag)
2025-03-25 07:30:47,008 - ⏩ 跳过已处理的文件: 202503250230.csv
2025-03-25 07:30:47,008 - 该预测文件已处理过 (标志文件: D:\my-vue-project\wind-power-forecast\backend\auto_scripts\scripts\supershort\logs\auto_predict\predict_20250325_02_45.flag)
2025-03-25 07:30:47,009 - ⏩ 跳过已处理的文件: 202503250245.csv
2025-03-25 07:30:47,009 - 该预测文件已处理过 (标志文件: D:\my-vue-project\wind-power-forecast\backend\auto_scripts\scripts\supershort\logs\auto_predict\predict_20250325_03_00.flag)
2025-03-25 07:30:47,009 - ⏩ 跳过已处理的文件: 202503250300.csv
2025-03-25 07:30:47,009 - 该预测文件已处理过 (标志文件: D:\my-vue-project\wind-power-forecast\backend\auto_scripts\scripts\supershort\logs\auto_predict\predict_20250325_03_15.flag)
2025-03-25 07:30:47,009 - ⏩ 跳过已处理的文件: 202503250315.csv
2025-03-25 07:30:47,009 - 该预测文件已处理过 (标志文件: D:\my-vue-project\wind-power-forecast\backend\auto_scripts\scripts\supershort\logs\auto_predict\predict_20250325_03_30.flag)
2025-03-25 07:30:47,009 - ⏩ 跳过已处理的文件: 202503250330.csv
2025-03-25 07:30:47,009 - 该预测文件已处理过 (标志文件: D:\my-vue-project\wind-power-forecast\backend\auto_scripts\scripts\supershort\logs\auto_predict\predict_20250325_03_45.flag)
2025-03-25 07:30:47,009 - ⏩ 跳过已处理的文件: 202503250345.csv
2025-03-25 07:30:47,010 - 该预测文件已处理过 (标志文件: D:\my-vue-project\wind-power-forecast\backend\auto_scripts\scripts\supershort\logs\auto_predict\predict_20250325_04_00.flag)
2025-03-25 07:30:47,010 - ⏩ 跳过已处理的文件: 202503250400.csv
2025-03-25 07:30:47,010 - 该预测文件已处理过 (标志文件: D:\my-vue-project\wind-power-forecast\backend\auto_scripts\scripts\supershort\logs\auto_predict\predict_20250325_04_15.flag)
2025-03-25 07:30:47,010 - ⏩ 跳过已处理的文件: 202503250415.csv
2025-03-25 07:30:47,010 - 该预测文件已处理过 (标志文件: D:\my-vue-project\wind-power-forecast\backend\auto_scripts\scripts\supershort\logs\auto_predict\predict_20250325_04_30.flag)
2025-03-25 07:30:47,010 - ⏩ 跳过已处理的文件: 202503250430.csv
2025-03-25 07:30:47,011 - 该预测文件已处理过 (标志文件: D:\my-vue-project\wind-power-forecast\backend\auto_scripts\scripts\supershort\logs\auto_predict\predict_20250325_04_45.flag)
2025-03-25 07:30:47,011 - ⏩ 跳过已处理的文件: 202503250445.csv
2025-03-25 07:30:47,011 - 该预测文件已处理过 (标志文件: D:\my-vue-project\wind-power-forecast\backend\auto_scripts\scripts\supershort\logs\auto_predict\predict_20250325_05_00.flag)
2025-03-25 07:30:47,011 - ⏩ 跳过已处理的文件: 202503250500.csv
2025-03-25 07:30:47,011 - 该预测文件已处理过 (标志文件: D:\my-vue-project\wind-power-forecast\backend\auto_scripts\scripts\supershort\logs\auto_predict\predict_20250325_05_15.flag)
2025-03-25 07:30:47,011 - ⏩ 跳过已处理的文件: 202503250515.csv
2025-03-25 07:30:47,011 - 该预测文件已处理过 (标志文件: D:\my-vue-project\wind-power-forecast\backend\auto_scripts\scripts\supershort\logs\auto_predict\predict_20250325_05_30.flag)
2025-03-25 07:30:47,011 - ⏩ 跳过已处理的文件: 202503250530.csv
2025-03-25 07:30:47,012 - 该预测文件已处理过 (标志文件: D:\my-vue-project\wind-power-forecast\backend\auto_scripts\scripts\supershort\logs\auto_predict\predict_20250325_05_45.flag)
2025-03-25 07:30:47,012 - ⏩ 跳过已处理的文件: 202503250545.csv
2025-03-25 07:30:47,012 - 该预测文件已处理过 (标志文件: D:\my-vue-project\wind-power-forecast\backend\auto_scripts\scripts\supershort\logs\auto_predict\predict_20250325_06_00.flag)
2025-03-25 07:30:47,012 - ⏩ 跳过已处理的文件: 202503250600.csv
2025-03-25 07:30:47,012 - 该预测文件已处理过 (标志文件: D:\my-vue-project\wind-power-forecast\backend\auto_scripts\scripts\supershort\logs\auto_predict\predict_20250325_06_15.flag)
2025-03-25 07:30:47,012 - ⏩ 跳过已处理的文件: 202503250615.csv
2025-03-25 07:30:47,012 - 该预测文件已处理过 (标志文件: D:\my-vue-project\wind-power-forecast\backend\auto_scripts\scripts\supershort\logs\auto_predict\predict_20250325_06_30.flag)
2025-03-25 07:30:47,012 - ⏩ 跳过已处理的文件: 202503250630.csv
2025-03-25 07:30:47,013 - 该预测文件已处理过 (标志文件: D:\my-vue-project\wind-power-forecast\backend\auto_scripts\scripts\supershort\logs\auto_predict\predict_20250325_06_45.flag)
2025-03-25 07:30:47,013 - ⏩ 跳过已处理的文件: 202503250645.csv
2025-03-25 07:30:47,013 - 该预测文件已处理过 (标志文件: D:\my-vue-project\wind-power-forecast\backend\auto_scripts\scripts\supershort\logs\auto_predict\predict_20250325_07_00.flag)
2025-03-25 07:30:47,013 - ⏩ 跳过已处理的文件: 202503250700.csv
2025-03-25 07:30:47,013 - 该预测文件已处理过 (标志文件: D:\my-vue-project\wind-power-forecast\backend\auto_scripts\scripts\supershort\logs\auto_predict\predict_20250325_07_15.flag)
2025-03-25 07:30:47,013 - ⏩ 跳过已处理的文件: 202503250715.csv
2025-03-25 07:30:47,013 - ✅ 处理预测文件: D:\my-vue-project\wind-power-forecast\backend\auto_scripts\precsv\supershortcsv\20250325\202503250730.csv
2025-03-25 07:30:47,013 - 
============================================================
【风电功率预测开始】
============================================================
2025-03-25 07:30:47,014 - 配置信息:
2025-03-25 07:30:47,014 -   - 数据文件: D:\my-vue-project\wind-power-forecast\backend\auto_scripts\precsv\supershortcsv\20250325\202503250730.csv
2025-03-25 07:30:47,014 -   - 模型目录: D:\my-vue-project\wind-power-forecast\backend\auto_scripts\models\supershortmodel\20250325
2025-03-25 07:30:47,014 -   - 窗口大小: 16
2025-03-25 07:30:47,014 -   - 滞后特征数: 4
2025-03-25 07:30:47,014 - 
============================================================
【预处理新数据】
============================================================
2025-03-25 07:30:47,014 - 加载数据文件: D:\my-vue-project\wind-power-forecast\backend\auto_scripts\precsv\supershortcsv\20250325\202503250730.csv
2025-03-25 07:30:47,018 - 数据加载完成，去除缺失值后共 29 条记录
2025-03-25 07:30:47,059 - 数据前5行预览:
        Timestamp    129.128_1    129.128_2  ...  ws200_13  ws200_14  ws200_15
0  2024/3/11 0:00  15974.26563  16293.82813  ...  4.542173  1.324043  0.865087
1  2024/3/11 0:15  15974.26563  16293.82813  ...  3.899081  0.880606  1.273859
2  2024/3/11 0:30  15974.26563  16293.82813  ...  3.273753  0.778394  1.710350
3  2024/3/11 0:45  15974.26563  16293.82813  ...  2.678660  1.115517  2.157803
4  2024/3/11 1:00  15974.26563  16293.82813  ...  2.139185  1.640399  2.610587

[5 rows x 301 columns]
2025-03-25 07:30:47,059 - 预处理数据...
2025-03-25 07:30:47,062 - 预处理完成，特征维度: (29, 304)
2025-03-25 07:30:47,062 - 执行特征工程，滞后特征数: 4...
2025-03-25 07:30:47,093 - 特征工程完成，特征维度: (26, 859)
2025-03-25 07:30:47,093 - 新数据预处理完成，共 26 个样本
2025-03-25 07:30:47,094 - ✅ 发现最佳模型目录: D:\my-vue-project\wind-power-forecast\backend\auto_scripts\models\supershortmodel\20250325\best_models，尝试使用多模型加权预测
2025-03-25 07:30:47,094 - 
============================================================
【加载多个模型】
============================================================
2025-03-25 07:30:47,094 - 从目录加载模型和 scaler: D:\my-vue-project\wind-power-forecast\backend\auto_scripts\models\supershortmodel\20250325\best_models
2025-03-25 07:30:47,094 - 加载 GBDT 模型和 scaler...
2025-03-25 07:30:47,184 - ✅ 已成功加载 GBDT 模型和对应的 scaler
2025-03-25 07:30:47,184 - 加载 DART 模型和 scaler...
2025-03-25 07:30:47,191 - ✅ 已成功加载 DART 模型和对应的 scaler
2025-03-25 07:30:47,191 - 加载 GOSS 模型和 scaler...
2025-03-25 07:30:47,197 - ✅ 已成功加载 GOSS 模型和对应的 scaler
2025-03-25 07:30:47,197 - 加载完成，共加载了 3 个模型: GBDT, DART, GOSS
2025-03-25 07:30:47,197 - 尝试加载模型权重文件: D:\my-vue-project\wind-power-forecast\backend\auto_scripts\models\supershortmodel\20250325\model_weights.joblib
2025-03-25 07:30:47,197 - ✅ 已加载模型权重: {'GBDT': np.float64(0.0), 'DART': np.float64(0.0), 'GOSS': np.float64(0.9413418792089218), 'INTERCEPT': np.float64(-0.0258769107539365)}
2025-03-25 07:30:47,197 - 
============================================================
【使用多模型加权预测】
============================================================
2025-03-25 07:30:47,197 - 使用自定义权重: {'GBDT': np.float64(0.0), 'DART': np.float64(0.0), 'GOSS': np.float64(0.9413418792089218), 'INTERCEPT': np.float64(-0.0258769107539365)}
2025-03-25 07:30:47,197 - ❌ GBDT 模型权重为0，跳过
2025-03-25 07:30:47,197 - ❌ DART 模型权重为0，跳过
2025-03-25 07:30:47,197 - 使用 GOSS 模型进行预测 (权重: 0.9413)...
2025-03-25 07:30:47,199 - GOSS: 数据标准化完成
2025-03-25 07:30:47,200 - GOSS: 时间窗口创建完成，窗口数量: 11
2025-03-25 07:30:47,246 - ✅ GOSS 模型预测完成，生成了 11 个预测值
2025-03-25 07:30:47,246 -    统计: 最小值=118.97, 最大值=177.46, 平均值=157.97
2025-03-25 07:30:47,246 - 所有预测结果对齐到最小长度: 11
2025-03-25 07:30:47,246 - 开始计算加权平均预测结果...
2025-03-25 07:30:47,246 -   加入 GOSS 模型贡献 (权重: 0.9413)
2025-03-25 07:30:47,246 -   加入常数偏置项 (值: -0.0259)
2025-03-25 07:30:47,246 - 加权平均预测完成，生成了 11 个预测值
2025-03-25 07:30:47,246 - 加权预测结果统计: 最小值=111.96, 最大值=167.03, 平均值=148.67
2025-03-25 07:30:47,246 - ✅ 多模型加权预测完成，使用模型: GBDT, DART, GOSS
2025-03-25 07:30:47,247 - 预测结果数据框创建完成，共 11 行
2025-03-25 07:30:47,248 - ✅ 预测结果已保存到文件: D:\my-vue-project\wind-power-forecast\backend\auto_scripts\results\supershortresult\20250325\prediction_202503250730.csv
2025-03-25 07:30:47,248 - 尝试将预测结果导入数据库...
2025-03-25 07:30:47,248 - 发送HTTP请求到: http://localhost:5000/prediction2database/batch_supershortl_power
2025-03-25 07:30:49,309 - ✅ 数据已成功导入数据库
2025-03-25 07:30:49,309 -    总记录数: 11, 更新: 11, 插入: 0
2025-03-25 07:30:49,309 - 
============================================================
【风电功率预测完成】
============================================================
2025-03-25 07:30:49,309 - 风电功率预测完成
2025-03-25 07:30:49,310 - ✅ 202503250730.csv 预测执行完成
2025-03-25 07:30:49,311 - 已创建预测标志文件: D:\my-vue-project\wind-power-forecast\backend\auto_scripts\scripts\supershort\logs\auto_predict\predict_20250325_07_30.flag
2025-03-25 07:30:49,311 - 本次共处理了 31 个预测文件
2025-03-25 07:30:49,311 - 
================================================================================
2025-03-25 07:30:49,311 - >>> 预测任务结束 <<<
2025-03-25 07:30:49,311 - ================================================================================

2025-03-25 07:30:49,311 - 预测任务结束
2025-03-25 07:35:50,922 - 
================================================================================
2025-03-25 07:35:50,922 - >>> 自动预测系统启动 <<<
2025-03-25 07:35:50,922 - ================================================================================

2025-03-25 07:35:50,922 - 自动预测系统启动
2025-03-25 07:35:50,922 - 当前日期: 20250325, 时间: 07:35:50
2025-03-25 07:35:50,922 - 
================================================================================
2025-03-25 07:35:50,922 - >>> 开始执行预测 <<<
2025-03-25 07:35:50,922 - ================================================================================

2025-03-25 07:35:50,922 - 开始执行预测
2025-03-25 07:35:50,922 - 扫描预测数据文件目录: D:\my-vue-project\wind-power-forecast\backend\auto_scripts\precsv\supershortcsv\20250325
2025-03-25 07:35:50,922 - 检查模型目录: D:\my-vue-project\wind-power-forecast\backend\auto_scripts\models\supershortmodel\20250325
2025-03-25 07:35:50,922 - 发现best_models目录: D:\my-vue-project\wind-power-forecast\backend\auto_scripts\models\supershortmodel\20250325\best_models
2025-03-25 07:35:50,923 - 发现GBDT模型文件: D:\my-vue-project\wind-power-forecast\backend\auto_scripts\models\supershortmodel\20250325\best_models\GBDT.joblib
2025-03-25 07:35:50,923 - 找到 31 个CSV文件
2025-03-25 07:35:50,923 - 该预测文件已处理过 (标志文件: D:\my-vue-project\wind-power-forecast\backend\auto_scripts\scripts\supershort\logs\auto_predict\predict_20250325_00_00.flag)
2025-03-25 07:35:50,923 - ⏩ 跳过已处理的文件: 202503250000.csv
2025-03-25 07:35:50,923 - 该预测文件已处理过 (标志文件: D:\my-vue-project\wind-power-forecast\backend\auto_scripts\scripts\supershort\logs\auto_predict\predict_20250325_00_15.flag)
2025-03-25 07:35:50,923 - ⏩ 跳过已处理的文件: 202503250015.csv
2025-03-25 07:35:50,924 - 该预测文件已处理过 (标志文件: D:\my-vue-project\wind-power-forecast\backend\auto_scripts\scripts\supershort\logs\auto_predict\predict_20250325_00_30.flag)
2025-03-25 07:35:50,924 - ⏩ 跳过已处理的文件: 202503250030.csv
2025-03-25 07:35:50,924 - 该预测文件已处理过 (标志文件: D:\my-vue-project\wind-power-forecast\backend\auto_scripts\scripts\supershort\logs\auto_predict\predict_20250325_00_45.flag)
2025-03-25 07:35:50,924 - ⏩ 跳过已处理的文件: 202503250045.csv
2025-03-25 07:35:50,924 - 该预测文件已处理过 (标志文件: D:\my-vue-project\wind-power-forecast\backend\auto_scripts\scripts\supershort\logs\auto_predict\predict_20250325_01_00.flag)
2025-03-25 07:35:50,924 - ⏩ 跳过已处理的文件: 202503250100.csv
2025-03-25 07:35:50,924 - 该预测文件已处理过 (标志文件: D:\my-vue-project\wind-power-forecast\backend\auto_scripts\scripts\supershort\logs\auto_predict\predict_20250325_01_15.flag)
2025-03-25 07:35:50,924 - ⏩ 跳过已处理的文件: 202503250115.csv
2025-03-25 07:35:50,925 - 该预测文件已处理过 (标志文件: D:\my-vue-project\wind-power-forecast\backend\auto_scripts\scripts\supershort\logs\auto_predict\predict_20250325_01_30.flag)
2025-03-25 07:35:50,925 - ⏩ 跳过已处理的文件: 202503250130.csv
2025-03-25 07:35:50,925 - 该预测文件已处理过 (标志文件: D:\my-vue-project\wind-power-forecast\backend\auto_scripts\scripts\supershort\logs\auto_predict\predict_20250325_01_45.flag)
2025-03-25 07:35:50,925 - ⏩ 跳过已处理的文件: 202503250145.csv
2025-03-25 07:35:50,925 - 该预测文件已处理过 (标志文件: D:\my-vue-project\wind-power-forecast\backend\auto_scripts\scripts\supershort\logs\auto_predict\predict_20250325_02_00.flag)
2025-03-25 07:35:50,925 - ⏩ 跳过已处理的文件: 202503250200.csv
2025-03-25 07:35:50,925 - 该预测文件已处理过 (标志文件: D:\my-vue-project\wind-power-forecast\backend\auto_scripts\scripts\supershort\logs\auto_predict\predict_20250325_02_15.flag)
2025-03-25 07:35:50,925 - ⏩ 跳过已处理的文件: 202503250215.csv
2025-03-25 07:35:50,926 - 该预测文件已处理过 (标志文件: D:\my-vue-project\wind-power-forecast\backend\auto_scripts\scripts\supershort\logs\auto_predict\predict_20250325_02_30.flag)
2025-03-25 07:35:50,926 - ⏩ 跳过已处理的文件: 202503250230.csv
2025-03-25 07:35:50,926 - 该预测文件已处理过 (标志文件: D:\my-vue-project\wind-power-forecast\backend\auto_scripts\scripts\supershort\logs\auto_predict\predict_20250325_02_45.flag)
2025-03-25 07:35:50,926 - ⏩ 跳过已处理的文件: 202503250245.csv
2025-03-25 07:35:50,926 - 该预测文件已处理过 (标志文件: D:\my-vue-project\wind-power-forecast\backend\auto_scripts\scripts\supershort\logs\auto_predict\predict_20250325_03_00.flag)
2025-03-25 07:35:50,926 - ⏩ 跳过已处理的文件: 202503250300.csv
2025-03-25 07:35:50,926 - 该预测文件已处理过 (标志文件: D:\my-vue-project\wind-power-forecast\backend\auto_scripts\scripts\supershort\logs\auto_predict\predict_20250325_03_15.flag)
2025-03-25 07:35:50,926 - ⏩ 跳过已处理的文件: 202503250315.csv
2025-03-25 07:35:50,927 - 该预测文件已处理过 (标志文件: D:\my-vue-project\wind-power-forecast\backend\auto_scripts\scripts\supershort\logs\auto_predict\predict_20250325_03_30.flag)
2025-03-25 07:35:50,927 - ⏩ 跳过已处理的文件: 202503250330.csv
2025-03-25 07:35:50,927 - 该预测文件已处理过 (标志文件: D:\my-vue-project\wind-power-forecast\backend\auto_scripts\scripts\supershort\logs\auto_predict\predict_20250325_03_45.flag)
2025-03-25 07:35:50,927 - ⏩ 跳过已处理的文件: 202503250345.csv
2025-03-25 07:35:50,927 - 该预测文件已处理过 (标志文件: D:\my-vue-project\wind-power-forecast\backend\auto_scripts\scripts\supershort\logs\auto_predict\predict_20250325_04_00.flag)
2025-03-25 07:35:50,927 - ⏩ 跳过已处理的文件: 202503250400.csv
2025-03-25 07:35:50,927 - 该预测文件已处理过 (标志文件: D:\my-vue-project\wind-power-forecast\backend\auto_scripts\scripts\supershort\logs\auto_predict\predict_20250325_04_15.flag)
2025-03-25 07:35:50,927 - ⏩ 跳过已处理的文件: 202503250415.csv
2025-03-25 07:35:50,928 - 该预测文件已处理过 (标志文件: D:\my-vue-project\wind-power-forecast\backend\auto_scripts\scripts\supershort\logs\auto_predict\predict_20250325_04_30.flag)
2025-03-25 07:35:50,928 - ⏩ 跳过已处理的文件: 202503250430.csv
2025-03-25 07:35:50,928 - 该预测文件已处理过 (标志文件: D:\my-vue-project\wind-power-forecast\backend\auto_scripts\scripts\supershort\logs\auto_predict\predict_20250325_04_45.flag)
2025-03-25 07:35:50,928 - ⏩ 跳过已处理的文件: 202503250445.csv
2025-03-25 07:35:50,928 - 该预测文件已处理过 (标志文件: D:\my-vue-project\wind-power-forecast\backend\auto_scripts\scripts\supershort\logs\auto_predict\predict_20250325_05_00.flag)
2025-03-25 07:35:50,928 - ⏩ 跳过已处理的文件: 202503250500.csv
2025-03-25 07:35:50,928 - 该预测文件已处理过 (标志文件: D:\my-vue-project\wind-power-forecast\backend\auto_scripts\scripts\supershort\logs\auto_predict\predict_20250325_05_15.flag)
2025-03-25 07:35:50,928 - ⏩ 跳过已处理的文件: 202503250515.csv
2025-03-25 07:35:50,929 - 该预测文件已处理过 (标志文件: D:\my-vue-project\wind-power-forecast\backend\auto_scripts\scripts\supershort\logs\auto_predict\predict_20250325_05_30.flag)
2025-03-25 07:35:50,929 - ⏩ 跳过已处理的文件: 202503250530.csv
2025-03-25 07:35:50,929 - 该预测文件已处理过 (标志文件: D:\my-vue-project\wind-power-forecast\backend\auto_scripts\scripts\supershort\logs\auto_predict\predict_20250325_05_45.flag)
2025-03-25 07:35:50,929 - ⏩ 跳过已处理的文件: 202503250545.csv
2025-03-25 07:35:50,929 - 该预测文件已处理过 (标志文件: D:\my-vue-project\wind-power-forecast\backend\auto_scripts\scripts\supershort\logs\auto_predict\predict_20250325_06_00.flag)
2025-03-25 07:35:50,929 - ⏩ 跳过已处理的文件: 202503250600.csv
2025-03-25 07:35:50,929 - 该预测文件已处理过 (标志文件: D:\my-vue-project\wind-power-forecast\backend\auto_scripts\scripts\supershort\logs\auto_predict\predict_20250325_06_15.flag)
2025-03-25 07:35:50,929 - ⏩ 跳过已处理的文件: 202503250615.csv
2025-03-25 07:35:50,930 - 该预测文件已处理过 (标志文件: D:\my-vue-project\wind-power-forecast\backend\auto_scripts\scripts\supershort\logs\auto_predict\predict_20250325_06_30.flag)
2025-03-25 07:35:50,930 - ⏩ 跳过已处理的文件: 202503250630.csv
2025-03-25 07:35:50,930 - 该预测文件已处理过 (标志文件: D:\my-vue-project\wind-power-forecast\backend\auto_scripts\scripts\supershort\logs\auto_predict\predict_20250325_06_45.flag)
2025-03-25 07:35:50,930 - ⏩ 跳过已处理的文件: 202503250645.csv
2025-03-25 07:35:50,930 - 该预测文件已处理过 (标志文件: D:\my-vue-project\wind-power-forecast\backend\auto_scripts\scripts\supershort\logs\auto_predict\predict_20250325_07_00.flag)
2025-03-25 07:35:50,930 - ⏩ 跳过已处理的文件: 202503250700.csv
2025-03-25 07:35:50,930 - 该预测文件已处理过 (标志文件: D:\my-vue-project\wind-power-forecast\backend\auto_scripts\scripts\supershort\logs\auto_predict\predict_20250325_07_15.flag)
2025-03-25 07:35:50,930 - ⏩ 跳过已处理的文件: 202503250715.csv
2025-03-25 07:35:50,931 - 该预测文件已处理过 (标志文件: D:\my-vue-project\wind-power-forecast\backend\auto_scripts\scripts\supershort\logs\auto_predict\predict_20250325_07_30.flag)
2025-03-25 07:35:50,931 - ⏩ 跳过已处理的文件: 202503250730.csv
2025-03-25 07:35:50,931 - 本次共处理了 31 个预测文件
2025-03-25 07:35:50,931 - 
================================================================================
2025-03-25 07:35:50,931 - >>> 预测任务结束 <<<
2025-03-25 07:35:50,931 - ================================================================================

2025-03-25 07:35:50,931 - 预测任务结束
2025-03-25 07:40:52,380 - 
================================================================================
2025-03-25 07:40:52,380 - >>> 自动预测系统启动 <<<
2025-03-25 07:40:52,380 - ================================================================================

2025-03-25 07:40:52,380 - 自动预测系统启动
2025-03-25 07:40:52,381 - 当前日期: 20250325, 时间: 07:40:52
2025-03-25 07:40:52,381 - 
================================================================================
2025-03-25 07:40:52,381 - >>> 开始执行预测 <<<
2025-03-25 07:40:52,381 - ================================================================================

2025-03-25 07:40:52,381 - 开始执行预测
2025-03-25 07:40:52,381 - 扫描预测数据文件目录: D:\my-vue-project\wind-power-forecast\backend\auto_scripts\precsv\supershortcsv\20250325
2025-03-25 07:40:52,381 - 检查模型目录: D:\my-vue-project\wind-power-forecast\backend\auto_scripts\models\supershortmodel\20250325
2025-03-25 07:40:52,381 - 发现best_models目录: D:\my-vue-project\wind-power-forecast\backend\auto_scripts\models\supershortmodel\20250325\best_models
2025-03-25 07:40:52,381 - 发现GBDT模型文件: D:\my-vue-project\wind-power-forecast\backend\auto_scripts\models\supershortmodel\20250325\best_models\GBDT.joblib
2025-03-25 07:40:52,381 - 找到 31 个CSV文件
2025-03-25 07:40:52,382 - 该预测文件已处理过 (标志文件: D:\my-vue-project\wind-power-forecast\backend\auto_scripts\scripts\supershort\logs\auto_predict\predict_20250325_00_00.flag)
2025-03-25 07:40:52,382 - ⏩ 跳过已处理的文件: 202503250000.csv
2025-03-25 07:40:52,382 - 该预测文件已处理过 (标志文件: D:\my-vue-project\wind-power-forecast\backend\auto_scripts\scripts\supershort\logs\auto_predict\predict_20250325_00_15.flag)
2025-03-25 07:40:52,382 - ⏩ 跳过已处理的文件: 202503250015.csv
2025-03-25 07:40:52,382 - 该预测文件已处理过 (标志文件: D:\my-vue-project\wind-power-forecast\backend\auto_scripts\scripts\supershort\logs\auto_predict\predict_20250325_00_30.flag)
2025-03-25 07:40:52,382 - ⏩ 跳过已处理的文件: 202503250030.csv
2025-03-25 07:40:52,382 - 该预测文件已处理过 (标志文件: D:\my-vue-project\wind-power-forecast\backend\auto_scripts\scripts\supershort\logs\auto_predict\predict_20250325_00_45.flag)
2025-03-25 07:40:52,383 - ⏩ 跳过已处理的文件: 202503250045.csv
2025-03-25 07:40:52,383 - 该预测文件已处理过 (标志文件: D:\my-vue-project\wind-power-forecast\backend\auto_scripts\scripts\supershort\logs\auto_predict\predict_20250325_01_00.flag)
2025-03-25 07:40:52,383 - ⏩ 跳过已处理的文件: 202503250100.csv
2025-03-25 07:40:52,383 - 该预测文件已处理过 (标志文件: D:\my-vue-project\wind-power-forecast\backend\auto_scripts\scripts\supershort\logs\auto_predict\predict_20250325_01_15.flag)
2025-03-25 07:40:52,383 - ⏩ 跳过已处理的文件: 202503250115.csv
2025-03-25 07:40:52,383 - 该预测文件已处理过 (标志文件: D:\my-vue-project\wind-power-forecast\backend\auto_scripts\scripts\supershort\logs\auto_predict\predict_20250325_01_30.flag)
2025-03-25 07:40:52,383 - ⏩ 跳过已处理的文件: 202503250130.csv
2025-03-25 07:40:52,383 - 该预测文件已处理过 (标志文件: D:\my-vue-project\wind-power-forecast\backend\auto_scripts\scripts\supershort\logs\auto_predict\predict_20250325_01_45.flag)
2025-03-25 07:40:52,383 - ⏩ 跳过已处理的文件: 202503250145.csv
2025-03-25 07:40:52,384 - 该预测文件已处理过 (标志文件: D:\my-vue-project\wind-power-forecast\backend\auto_scripts\scripts\supershort\logs\auto_predict\predict_20250325_02_00.flag)
2025-03-25 07:40:52,384 - ⏩ 跳过已处理的文件: 202503250200.csv
2025-03-25 07:40:52,385 - 该预测文件已处理过 (标志文件: D:\my-vue-project\wind-power-forecast\backend\auto_scripts\scripts\supershort\logs\auto_predict\predict_20250325_02_15.flag)
2025-03-25 07:40:52,385 - ⏩ 跳过已处理的文件: 202503250215.csv
2025-03-25 07:40:52,385 - 该预测文件已处理过 (标志文件: D:\my-vue-project\wind-power-forecast\backend\auto_scripts\scripts\supershort\logs\auto_predict\predict_20250325_02_30.flag)
2025-03-25 07:40:52,385 - ⏩ 跳过已处理的文件: 202503250230.csv
2025-03-25 07:40:52,385 - 该预测文件已处理过 (标志文件: D:\my-vue-project\wind-power-forecast\backend\auto_scripts\scripts\supershort\logs\auto_predict\predict_20250325_02_45.flag)
2025-03-25 07:40:52,385 - ⏩ 跳过已处理的文件: 202503250245.csv
2025-03-25 07:40:52,385 - 该预测文件已处理过 (标志文件: D:\my-vue-project\wind-power-forecast\backend\auto_scripts\scripts\supershort\logs\auto_predict\predict_20250325_03_00.flag)
2025-03-25 07:40:52,386 - ⏩ 跳过已处理的文件: 202503250300.csv
2025-03-25 07:40:52,386 - 该预测文件已处理过 (标志文件: D:\my-vue-project\wind-power-forecast\backend\auto_scripts\scripts\supershort\logs\auto_predict\predict_20250325_03_15.flag)
2025-03-25 07:40:52,386 - ⏩ 跳过已处理的文件: 202503250315.csv
2025-03-25 07:40:52,386 - 该预测文件已处理过 (标志文件: D:\my-vue-project\wind-power-forecast\backend\auto_scripts\scripts\supershort\logs\auto_predict\predict_20250325_03_30.flag)
2025-03-25 07:40:52,386 - ⏩ 跳过已处理的文件: 202503250330.csv
2025-03-25 07:40:52,386 - 该预测文件已处理过 (标志文件: D:\my-vue-project\wind-power-forecast\backend\auto_scripts\scripts\supershort\logs\auto_predict\predict_20250325_03_45.flag)
2025-03-25 07:40:52,386 - ⏩ 跳过已处理的文件: 202503250345.csv
2025-03-25 07:40:52,386 - 该预测文件已处理过 (标志文件: D:\my-vue-project\wind-power-forecast\backend\auto_scripts\scripts\supershort\logs\auto_predict\predict_20250325_04_00.flag)
2025-03-25 07:40:52,387 - ⏩ 跳过已处理的文件: 202503250400.csv
2025-03-25 07:40:52,387 - 该预测文件已处理过 (标志文件: D:\my-vue-project\wind-power-forecast\backend\auto_scripts\scripts\supershort\logs\auto_predict\predict_20250325_04_15.flag)
2025-03-25 07:40:52,387 - ⏩ 跳过已处理的文件: 202503250415.csv
2025-03-25 07:40:52,387 - 该预测文件已处理过 (标志文件: D:\my-vue-project\wind-power-forecast\backend\auto_scripts\scripts\supershort\logs\auto_predict\predict_20250325_04_30.flag)
2025-03-25 07:40:52,387 - ⏩ 跳过已处理的文件: 202503250430.csv
2025-03-25 07:40:52,387 - 该预测文件已处理过 (标志文件: D:\my-vue-project\wind-power-forecast\backend\auto_scripts\scripts\supershort\logs\auto_predict\predict_20250325_04_45.flag)
2025-03-25 07:40:52,387 - ⏩ 跳过已处理的文件: 202503250445.csv
2025-03-25 07:40:52,388 - 该预测文件已处理过 (标志文件: D:\my-vue-project\wind-power-forecast\backend\auto_scripts\scripts\supershort\logs\auto_predict\predict_20250325_05_00.flag)
2025-03-25 07:40:52,388 - ⏩ 跳过已处理的文件: 202503250500.csv
2025-03-25 07:40:52,388 - 该预测文件已处理过 (标志文件: D:\my-vue-project\wind-power-forecast\backend\auto_scripts\scripts\supershort\logs\auto_predict\predict_20250325_05_15.flag)
2025-03-25 07:40:52,388 - ⏩ 跳过已处理的文件: 202503250515.csv
2025-03-25 07:40:52,388 - 该预测文件已处理过 (标志文件: D:\my-vue-project\wind-power-forecast\backend\auto_scripts\scripts\supershort\logs\auto_predict\predict_20250325_05_30.flag)
2025-03-25 07:40:52,388 - ⏩ 跳过已处理的文件: 202503250530.csv
2025-03-25 07:40:52,388 - 该预测文件已处理过 (标志文件: D:\my-vue-project\wind-power-forecast\backend\auto_scripts\scripts\supershort\logs\auto_predict\predict_20250325_05_45.flag)
2025-03-25 07:40:52,388 - ⏩ 跳过已处理的文件: 202503250545.csv
2025-03-25 07:40:52,388 - 该预测文件已处理过 (标志文件: D:\my-vue-project\wind-power-forecast\backend\auto_scripts\scripts\supershort\logs\auto_predict\predict_20250325_06_00.flag)
2025-03-25 07:40:52,389 - ⏩ 跳过已处理的文件: 202503250600.csv
2025-03-25 07:40:52,389 - 该预测文件已处理过 (标志文件: D:\my-vue-project\wind-power-forecast\backend\auto_scripts\scripts\supershort\logs\auto_predict\predict_20250325_06_15.flag)
2025-03-25 07:40:52,389 - ⏩ 跳过已处理的文件: 202503250615.csv
2025-03-25 07:40:52,389 - 该预测文件已处理过 (标志文件: D:\my-vue-project\wind-power-forecast\backend\auto_scripts\scripts\supershort\logs\auto_predict\predict_20250325_06_30.flag)
2025-03-25 07:40:52,389 - ⏩ 跳过已处理的文件: 202503250630.csv
2025-03-25 07:40:52,389 - 该预测文件已处理过 (标志文件: D:\my-vue-project\wind-power-forecast\backend\auto_scripts\scripts\supershort\logs\auto_predict\predict_20250325_06_45.flag)
2025-03-25 07:40:52,389 - ⏩ 跳过已处理的文件: 202503250645.csv
2025-03-25 07:40:52,389 - 该预测文件已处理过 (标志文件: D:\my-vue-project\wind-power-forecast\backend\auto_scripts\scripts\supershort\logs\auto_predict\predict_20250325_07_00.flag)
2025-03-25 07:40:52,390 - ⏩ 跳过已处理的文件: 202503250700.csv
2025-03-25 07:40:52,390 - 该预测文件已处理过 (标志文件: D:\my-vue-project\wind-power-forecast\backend\auto_scripts\scripts\supershort\logs\auto_predict\predict_20250325_07_15.flag)
2025-03-25 07:40:52,390 - ⏩ 跳过已处理的文件: 202503250715.csv
2025-03-25 07:40:52,390 - 该预测文件已处理过 (标志文件: D:\my-vue-project\wind-power-forecast\backend\auto_scripts\scripts\supershort\logs\auto_predict\predict_20250325_07_30.flag)
2025-03-25 07:40:52,390 - ⏩ 跳过已处理的文件: 202503250730.csv
2025-03-25 07:40:52,390 - 本次共处理了 31 个预测文件
2025-03-25 07:40:52,390 - 
================================================================================
2025-03-25 07:40:52,390 - >>> 预测任务结束 <<<
2025-03-25 07:40:52,390 - ================================================================================

2025-03-25 07:40:52,390 - 预测任务结束
2025-03-25 07:45:53,763 - 
================================================================================
2025-03-25 07:45:53,763 - >>> 自动预测系统启动 <<<
2025-03-25 07:45:53,763 - ================================================================================

2025-03-25 07:45:53,763 - 自动预测系统启动
2025-03-25 07:45:53,763 - 当前日期: 20250325, 时间: 07:45:53
2025-03-25 07:45:53,763 - 
================================================================================
2025-03-25 07:45:53,763 - >>> 开始执行预测 <<<
2025-03-25 07:45:53,763 - ================================================================================

2025-03-25 07:45:53,763 - 开始执行预测
2025-03-25 07:45:53,763 - 扫描预测数据文件目录: D:\my-vue-project\wind-power-forecast\backend\auto_scripts\precsv\supershortcsv\20250325
2025-03-25 07:45:53,763 - 检查模型目录: D:\my-vue-project\wind-power-forecast\backend\auto_scripts\models\supershortmodel\20250325
2025-03-25 07:45:53,763 - 发现best_models目录: D:\my-vue-project\wind-power-forecast\backend\auto_scripts\models\supershortmodel\20250325\best_models
2025-03-25 07:45:53,764 - 发现GBDT模型文件: D:\my-vue-project\wind-power-forecast\backend\auto_scripts\models\supershortmodel\20250325\best_models\GBDT.joblib
2025-03-25 07:45:53,764 - 找到 32 个CSV文件
2025-03-25 07:45:53,764 - 该预测文件已处理过 (标志文件: D:\my-vue-project\wind-power-forecast\backend\auto_scripts\scripts\supershort\logs\auto_predict\predict_20250325_00_00.flag)
2025-03-25 07:45:53,764 - ⏩ 跳过已处理的文件: 202503250000.csv
2025-03-25 07:45:53,764 - 该预测文件已处理过 (标志文件: D:\my-vue-project\wind-power-forecast\backend\auto_scripts\scripts\supershort\logs\auto_predict\predict_20250325_00_15.flag)
2025-03-25 07:45:53,764 - ⏩ 跳过已处理的文件: 202503250015.csv
2025-03-25 07:45:53,765 - 该预测文件已处理过 (标志文件: D:\my-vue-project\wind-power-forecast\backend\auto_scripts\scripts\supershort\logs\auto_predict\predict_20250325_00_30.flag)
2025-03-25 07:45:53,765 - ⏩ 跳过已处理的文件: 202503250030.csv
2025-03-25 07:45:53,765 - 该预测文件已处理过 (标志文件: D:\my-vue-project\wind-power-forecast\backend\auto_scripts\scripts\supershort\logs\auto_predict\predict_20250325_00_45.flag)
2025-03-25 07:45:53,765 - ⏩ 跳过已处理的文件: 202503250045.csv
2025-03-25 07:45:53,766 - 该预测文件已处理过 (标志文件: D:\my-vue-project\wind-power-forecast\backend\auto_scripts\scripts\supershort\logs\auto_predict\predict_20250325_01_00.flag)
2025-03-25 07:45:53,766 - ⏩ 跳过已处理的文件: 202503250100.csv
2025-03-25 07:45:53,766 - 该预测文件已处理过 (标志文件: D:\my-vue-project\wind-power-forecast\backend\auto_scripts\scripts\supershort\logs\auto_predict\predict_20250325_01_15.flag)
2025-03-25 07:45:53,766 - ⏩ 跳过已处理的文件: 202503250115.csv
2025-03-25 07:45:53,766 - 该预测文件已处理过 (标志文件: D:\my-vue-project\wind-power-forecast\backend\auto_scripts\scripts\supershort\logs\auto_predict\predict_20250325_01_30.flag)
2025-03-25 07:45:53,766 - ⏩ 跳过已处理的文件: 202503250130.csv
2025-03-25 07:45:53,766 - 该预测文件已处理过 (标志文件: D:\my-vue-project\wind-power-forecast\backend\auto_scripts\scripts\supershort\logs\auto_predict\predict_20250325_01_45.flag)
2025-03-25 07:45:53,766 - ⏩ 跳过已处理的文件: 202503250145.csv
2025-03-25 07:45:53,767 - 该预测文件已处理过 (标志文件: D:\my-vue-project\wind-power-forecast\backend\auto_scripts\scripts\supershort\logs\auto_predict\predict_20250325_02_00.flag)
2025-03-25 07:45:53,767 - ⏩ 跳过已处理的文件: 202503250200.csv
2025-03-25 07:45:53,767 - 该预测文件已处理过 (标志文件: D:\my-vue-project\wind-power-forecast\backend\auto_scripts\scripts\supershort\logs\auto_predict\predict_20250325_02_15.flag)
2025-03-25 07:45:53,767 - ⏩ 跳过已处理的文件: 202503250215.csv
2025-03-25 07:45:53,767 - 该预测文件已处理过 (标志文件: D:\my-vue-project\wind-power-forecast\backend\auto_scripts\scripts\supershort\logs\auto_predict\predict_20250325_02_30.flag)
2025-03-25 07:45:53,767 - ⏩ 跳过已处理的文件: 202503250230.csv
2025-03-25 07:45:53,767 - 该预测文件已处理过 (标志文件: D:\my-vue-project\wind-power-forecast\backend\auto_scripts\scripts\supershort\logs\auto_predict\predict_20250325_02_45.flag)
2025-03-25 07:45:53,767 - ⏩ 跳过已处理的文件: 202503250245.csv
2025-03-25 07:45:53,768 - 该预测文件已处理过 (标志文件: D:\my-vue-project\wind-power-forecast\backend\auto_scripts\scripts\supershort\logs\auto_predict\predict_20250325_03_00.flag)
2025-03-25 07:45:53,768 - ⏩ 跳过已处理的文件: 202503250300.csv
2025-03-25 07:45:53,768 - 该预测文件已处理过 (标志文件: D:\my-vue-project\wind-power-forecast\backend\auto_scripts\scripts\supershort\logs\auto_predict\predict_20250325_03_15.flag)
2025-03-25 07:45:53,768 - ⏩ 跳过已处理的文件: 202503250315.csv
2025-03-25 07:45:53,768 - 该预测文件已处理过 (标志文件: D:\my-vue-project\wind-power-forecast\backend\auto_scripts\scripts\supershort\logs\auto_predict\predict_20250325_03_30.flag)
2025-03-25 07:45:53,768 - ⏩ 跳过已处理的文件: 202503250330.csv
2025-03-25 07:45:53,768 - 该预测文件已处理过 (标志文件: D:\my-vue-project\wind-power-forecast\backend\auto_scripts\scripts\supershort\logs\auto_predict\predict_20250325_03_45.flag)
2025-03-25 07:45:53,768 - ⏩ 跳过已处理的文件: 202503250345.csv
2025-03-25 07:45:53,769 - 该预测文件已处理过 (标志文件: D:\my-vue-project\wind-power-forecast\backend\auto_scripts\scripts\supershort\logs\auto_predict\predict_20250325_04_00.flag)
2025-03-25 07:45:53,769 - ⏩ 跳过已处理的文件: 202503250400.csv
2025-03-25 07:45:53,769 - 该预测文件已处理过 (标志文件: D:\my-vue-project\wind-power-forecast\backend\auto_scripts\scripts\supershort\logs\auto_predict\predict_20250325_04_15.flag)
2025-03-25 07:45:53,769 - ⏩ 跳过已处理的文件: 202503250415.csv
2025-03-25 07:45:53,769 - 该预测文件已处理过 (标志文件: D:\my-vue-project\wind-power-forecast\backend\auto_scripts\scripts\supershort\logs\auto_predict\predict_20250325_04_30.flag)
2025-03-25 07:45:53,769 - ⏩ 跳过已处理的文件: 202503250430.csv
2025-03-25 07:45:53,769 - 该预测文件已处理过 (标志文件: D:\my-vue-project\wind-power-forecast\backend\auto_scripts\scripts\supershort\logs\auto_predict\predict_20250325_04_45.flag)
2025-03-25 07:45:53,769 - ⏩ 跳过已处理的文件: 202503250445.csv
2025-03-25 07:45:53,770 - 该预测文件已处理过 (标志文件: D:\my-vue-project\wind-power-forecast\backend\auto_scripts\scripts\supershort\logs\auto_predict\predict_20250325_05_00.flag)
2025-03-25 07:45:53,770 - ⏩ 跳过已处理的文件: 202503250500.csv
2025-03-25 07:45:53,770 - 该预测文件已处理过 (标志文件: D:\my-vue-project\wind-power-forecast\backend\auto_scripts\scripts\supershort\logs\auto_predict\predict_20250325_05_15.flag)
2025-03-25 07:45:53,770 - ⏩ 跳过已处理的文件: 202503250515.csv
2025-03-25 07:45:53,770 - 该预测文件已处理过 (标志文件: D:\my-vue-project\wind-power-forecast\backend\auto_scripts\scripts\supershort\logs\auto_predict\predict_20250325_05_30.flag)
2025-03-25 07:45:53,770 - ⏩ 跳过已处理的文件: 202503250530.csv
2025-03-25 07:45:53,770 - 该预测文件已处理过 (标志文件: D:\my-vue-project\wind-power-forecast\backend\auto_scripts\scripts\supershort\logs\auto_predict\predict_20250325_05_45.flag)
2025-03-25 07:45:53,770 - ⏩ 跳过已处理的文件: 202503250545.csv
2025-03-25 07:45:53,771 - 该预测文件已处理过 (标志文件: D:\my-vue-project\wind-power-forecast\backend\auto_scripts\scripts\supershort\logs\auto_predict\predict_20250325_06_00.flag)
2025-03-25 07:45:53,771 - ⏩ 跳过已处理的文件: 202503250600.csv
2025-03-25 07:45:53,771 - 该预测文件已处理过 (标志文件: D:\my-vue-project\wind-power-forecast\backend\auto_scripts\scripts\supershort\logs\auto_predict\predict_20250325_06_15.flag)
2025-03-25 07:45:53,771 - ⏩ 跳过已处理的文件: 202503250615.csv
2025-03-25 07:45:53,771 - 该预测文件已处理过 (标志文件: D:\my-vue-project\wind-power-forecast\backend\auto_scripts\scripts\supershort\logs\auto_predict\predict_20250325_06_30.flag)
2025-03-25 07:45:53,771 - ⏩ 跳过已处理的文件: 202503250630.csv
2025-03-25 07:45:53,772 - 该预测文件已处理过 (标志文件: D:\my-vue-project\wind-power-forecast\backend\auto_scripts\scripts\supershort\logs\auto_predict\predict_20250325_06_45.flag)
2025-03-25 07:45:53,772 - ⏩ 跳过已处理的文件: 202503250645.csv
2025-03-25 07:45:53,772 - 该预测文件已处理过 (标志文件: D:\my-vue-project\wind-power-forecast\backend\auto_scripts\scripts\supershort\logs\auto_predict\predict_20250325_07_00.flag)
2025-03-25 07:45:53,772 - ⏩ 跳过已处理的文件: 202503250700.csv
2025-03-25 07:45:53,772 - 该预测文件已处理过 (标志文件: D:\my-vue-project\wind-power-forecast\backend\auto_scripts\scripts\supershort\logs\auto_predict\predict_20250325_07_15.flag)
2025-03-25 07:45:53,772 - ⏩ 跳过已处理的文件: 202503250715.csv
2025-03-25 07:45:53,772 - 该预测文件已处理过 (标志文件: D:\my-vue-project\wind-power-forecast\backend\auto_scripts\scripts\supershort\logs\auto_predict\predict_20250325_07_30.flag)
2025-03-25 07:45:53,772 - ⏩ 跳过已处理的文件: 202503250730.csv
2025-03-25 07:45:53,773 - ✅ 处理预测文件: D:\my-vue-project\wind-power-forecast\backend\auto_scripts\precsv\supershortcsv\20250325\202503250745.csv
2025-03-25 07:45:53,773 - 
============================================================
【风电功率预测开始】
============================================================
2025-03-25 07:45:53,773 - 配置信息:
2025-03-25 07:45:53,773 -   - 数据文件: D:\my-vue-project\wind-power-forecast\backend\auto_scripts\precsv\supershortcsv\20250325\202503250745.csv
2025-03-25 07:45:53,773 -   - 模型目录: D:\my-vue-project\wind-power-forecast\backend\auto_scripts\models\supershortmodel\20250325
2025-03-25 07:45:53,773 -   - 窗口大小: 16
2025-03-25 07:45:53,773 -   - 滞后特征数: 4
2025-03-25 07:45:53,773 - 
============================================================
【预处理新数据】
============================================================
2025-03-25 07:45:53,773 - 加载数据文件: D:\my-vue-project\wind-power-forecast\backend\auto_scripts\precsv\supershortcsv\20250325\202503250745.csv
2025-03-25 07:45:53,778 - 数据加载完成，去除缺失值后共 29 条记录
2025-03-25 07:45:53,817 - 数据前5行预览:
        Timestamp    129.128_1    129.128_2  ...  ws200_13  ws200_14  ws200_15
0  2024/3/11 0:00  15974.26563  16293.82813  ...  4.542173  1.324043  0.865087
1  2024/3/11 0:15  15974.26563  16293.82813  ...  3.899081  0.880606  1.273859
2  2024/3/11 0:30  15974.26563  16293.82813  ...  3.273753  0.778394  1.710350
3  2024/3/11 0:45  15974.26563  16293.82813  ...  2.678660  1.115517  2.157803
4  2024/3/11 1:00  15974.26563  16293.82813  ...  2.139185  1.640399  2.610587

[5 rows x 301 columns]
2025-03-25 07:45:53,817 - 预处理数据...
2025-03-25 07:45:53,820 - 预处理完成，特征维度: (29, 304)
2025-03-25 07:45:53,820 - 执行特征工程，滞后特征数: 4...
2025-03-25 07:45:53,850 - 特征工程完成，特征维度: (26, 859)
2025-03-25 07:45:53,850 - 新数据预处理完成，共 26 个样本
2025-03-25 07:45:53,850 - ✅ 发现最佳模型目录: D:\my-vue-project\wind-power-forecast\backend\auto_scripts\models\supershortmodel\20250325\best_models，尝试使用多模型加权预测
2025-03-25 07:45:53,850 - 
============================================================
【加载多个模型】
============================================================
2025-03-25 07:45:53,850 - 从目录加载模型和 scaler: D:\my-vue-project\wind-power-forecast\backend\auto_scripts\models\supershortmodel\20250325\best_models
2025-03-25 07:45:53,850 - 加载 GBDT 模型和 scaler...
2025-03-25 07:45:53,941 - ✅ 已成功加载 GBDT 模型和对应的 scaler
2025-03-25 07:45:53,941 - 加载 DART 模型和 scaler...
2025-03-25 07:45:53,949 - ✅ 已成功加载 DART 模型和对应的 scaler
2025-03-25 07:45:53,949 - 加载 GOSS 模型和 scaler...
2025-03-25 07:45:53,954 - ✅ 已成功加载 GOSS 模型和对应的 scaler
2025-03-25 07:45:53,954 - 加载完成，共加载了 3 个模型: GBDT, DART, GOSS
2025-03-25 07:45:53,954 - 尝试加载模型权重文件: D:\my-vue-project\wind-power-forecast\backend\auto_scripts\models\supershortmodel\20250325\model_weights.joblib
2025-03-25 07:45:53,954 - ✅ 已加载模型权重: {'GBDT': np.float64(0.0), 'DART': np.float64(0.0), 'GOSS': np.float64(0.9413418792089218), 'INTERCEPT': np.float64(-0.0258769107539365)}
2025-03-25 07:45:53,954 - 
============================================================
【使用多模型加权预测】
============================================================
2025-03-25 07:45:53,954 - 使用自定义权重: {'GBDT': np.float64(0.0), 'DART': np.float64(0.0), 'GOSS': np.float64(0.9413418792089218), 'INTERCEPT': np.float64(-0.0258769107539365)}
2025-03-25 07:45:53,954 - ❌ GBDT 模型权重为0，跳过
2025-03-25 07:45:53,954 - ❌ DART 模型权重为0，跳过
2025-03-25 07:45:53,954 - 使用 GOSS 模型进行预测 (权重: 0.9413)...
2025-03-25 07:45:53,956 - GOSS: 数据标准化完成
2025-03-25 07:45:53,957 - GOSS: 时间窗口创建完成，窗口数量: 11
2025-03-25 07:45:54,003 - ✅ GOSS 模型预测完成，生成了 11 个预测值
2025-03-25 07:45:54,003 -    统计: 最小值=118.97, 最大值=177.46, 平均值=157.97
2025-03-25 07:45:54,003 - 所有预测结果对齐到最小长度: 11
2025-03-25 07:45:54,003 - 开始计算加权平均预测结果...
2025-03-25 07:45:54,003 -   加入 GOSS 模型贡献 (权重: 0.9413)
2025-03-25 07:45:54,003 -   加入常数偏置项 (值: -0.0259)
2025-03-25 07:45:54,003 - 加权平均预测完成，生成了 11 个预测值
2025-03-25 07:45:54,004 - 加权预测结果统计: 最小值=111.96, 最大值=167.03, 平均值=148.67
2025-03-25 07:45:54,004 - ✅ 多模型加权预测完成，使用模型: GBDT, DART, GOSS
2025-03-25 07:45:54,004 - 预测结果数据框创建完成，共 11 行
2025-03-25 07:45:54,009 - ✅ 预测结果已保存到文件: D:\my-vue-project\wind-power-forecast\backend\auto_scripts\results\supershortresult\20250325\prediction_202503250745.csv
2025-03-25 07:45:54,009 - 尝试将预测结果导入数据库...
2025-03-25 07:45:54,010 - 发送HTTP请求到: http://localhost:5000/prediction2database/batch_supershortl_power
2025-03-25 07:45:56,084 - ✅ 数据已成功导入数据库
2025-03-25 07:45:56,084 -    总记录数: 11, 更新: 11, 插入: 0
2025-03-25 07:45:56,084 - 
============================================================
【风电功率预测完成】
============================================================
2025-03-25 07:45:56,085 - 风电功率预测完成
2025-03-25 07:45:56,088 - ✅ 202503250745.csv 预测执行完成
2025-03-25 07:45:56,089 - 已创建预测标志文件: D:\my-vue-project\wind-power-forecast\backend\auto_scripts\scripts\supershort\logs\auto_predict\predict_20250325_07_45.flag
2025-03-25 07:45:56,089 - 本次共处理了 32 个预测文件
2025-03-25 07:45:56,089 - 
================================================================================
2025-03-25 07:45:56,089 - >>> 预测任务结束 <<<
2025-03-25 07:45:56,089 - ================================================================================

2025-03-25 07:45:56,089 - 预测任务结束
2025-03-25 07:50:57,542 - 
================================================================================
2025-03-25 07:50:57,542 - >>> 自动预测系统启动 <<<
2025-03-25 07:50:57,542 - ================================================================================

2025-03-25 07:50:57,542 - 自动预测系统启动
2025-03-25 07:50:57,542 - 当前日期: 20250325, 时间: 07:50:57
2025-03-25 07:50:57,542 - 
================================================================================
2025-03-25 07:50:57,543 - >>> 开始执行预测 <<<
2025-03-25 07:50:57,543 - ================================================================================

2025-03-25 07:50:57,543 - 开始执行预测
2025-03-25 07:50:57,543 - 扫描预测数据文件目录: D:\my-vue-project\wind-power-forecast\backend\auto_scripts\precsv\supershortcsv\20250325
2025-03-25 07:50:57,543 - 检查模型目录: D:\my-vue-project\wind-power-forecast\backend\auto_scripts\models\supershortmodel\20250325
2025-03-25 07:50:57,543 - 发现best_models目录: D:\my-vue-project\wind-power-forecast\backend\auto_scripts\models\supershortmodel\20250325\best_models
2025-03-25 07:50:57,543 - 发现GBDT模型文件: D:\my-vue-project\wind-power-forecast\backend\auto_scripts\models\supershortmodel\20250325\best_models\GBDT.joblib
2025-03-25 07:50:57,543 - 找到 32 个CSV文件
2025-03-25 07:50:57,544 - 该预测文件已处理过 (标志文件: D:\my-vue-project\wind-power-forecast\backend\auto_scripts\scripts\supershort\logs\auto_predict\predict_20250325_00_00.flag)
2025-03-25 07:50:57,544 - ⏩ 跳过已处理的文件: 202503250000.csv
2025-03-25 07:50:57,544 - 该预测文件已处理过 (标志文件: D:\my-vue-project\wind-power-forecast\backend\auto_scripts\scripts\supershort\logs\auto_predict\predict_20250325_00_15.flag)
2025-03-25 07:50:57,544 - ⏩ 跳过已处理的文件: 202503250015.csv
2025-03-25 07:50:57,544 - 该预测文件已处理过 (标志文件: D:\my-vue-project\wind-power-forecast\backend\auto_scripts\scripts\supershort\logs\auto_predict\predict_20250325_00_30.flag)
2025-03-25 07:50:57,544 - ⏩ 跳过已处理的文件: 202503250030.csv
2025-03-25 07:50:57,544 - 该预测文件已处理过 (标志文件: D:\my-vue-project\wind-power-forecast\backend\auto_scripts\scripts\supershort\logs\auto_predict\predict_20250325_00_45.flag)
2025-03-25 07:50:57,544 - ⏩ 跳过已处理的文件: 202503250045.csv
2025-03-25 07:50:57,545 - 该预测文件已处理过 (标志文件: D:\my-vue-project\wind-power-forecast\backend\auto_scripts\scripts\supershort\logs\auto_predict\predict_20250325_01_00.flag)
2025-03-25 07:50:57,545 - ⏩ 跳过已处理的文件: 202503250100.csv
2025-03-25 07:50:57,545 - 该预测文件已处理过 (标志文件: D:\my-vue-project\wind-power-forecast\backend\auto_scripts\scripts\supershort\logs\auto_predict\predict_20250325_01_15.flag)
2025-03-25 07:50:57,545 - ⏩ 跳过已处理的文件: 202503250115.csv
2025-03-25 07:50:57,545 - 该预测文件已处理过 (标志文件: D:\my-vue-project\wind-power-forecast\backend\auto_scripts\scripts\supershort\logs\auto_predict\predict_20250325_01_30.flag)
2025-03-25 07:50:57,545 - ⏩ 跳过已处理的文件: 202503250130.csv
2025-03-25 07:50:57,545 - 该预测文件已处理过 (标志文件: D:\my-vue-project\wind-power-forecast\backend\auto_scripts\scripts\supershort\logs\auto_predict\predict_20250325_01_45.flag)
2025-03-25 07:50:57,545 - ⏩ 跳过已处理的文件: 202503250145.csv
2025-03-25 07:50:57,546 - 该预测文件已处理过 (标志文件: D:\my-vue-project\wind-power-forecast\backend\auto_scripts\scripts\supershort\logs\auto_predict\predict_20250325_02_00.flag)
2025-03-25 07:50:57,546 - ⏩ 跳过已处理的文件: 202503250200.csv
2025-03-25 07:50:57,546 - 该预测文件已处理过 (标志文件: D:\my-vue-project\wind-power-forecast\backend\auto_scripts\scripts\supershort\logs\auto_predict\predict_20250325_02_15.flag)
2025-03-25 07:50:57,546 - ⏩ 跳过已处理的文件: 202503250215.csv
2025-03-25 07:50:57,546 - 该预测文件已处理过 (标志文件: D:\my-vue-project\wind-power-forecast\backend\auto_scripts\scripts\supershort\logs\auto_predict\predict_20250325_02_30.flag)
2025-03-25 07:50:57,546 - ⏩ 跳过已处理的文件: 202503250230.csv
2025-03-25 07:50:57,546 - 该预测文件已处理过 (标志文件: D:\my-vue-project\wind-power-forecast\backend\auto_scripts\scripts\supershort\logs\auto_predict\predict_20250325_02_45.flag)
2025-03-25 07:50:57,547 - ⏩ 跳过已处理的文件: 202503250245.csv
2025-03-25 07:50:57,547 - 该预测文件已处理过 (标志文件: D:\my-vue-project\wind-power-forecast\backend\auto_scripts\scripts\supershort\logs\auto_predict\predict_20250325_03_00.flag)
2025-03-25 07:50:57,547 - ⏩ 跳过已处理的文件: 202503250300.csv
2025-03-25 07:50:57,547 - 该预测文件已处理过 (标志文件: D:\my-vue-project\wind-power-forecast\backend\auto_scripts\scripts\supershort\logs\auto_predict\predict_20250325_03_15.flag)
2025-03-25 07:50:57,547 - ⏩ 跳过已处理的文件: 202503250315.csv
2025-03-25 07:50:57,547 - 该预测文件已处理过 (标志文件: D:\my-vue-project\wind-power-forecast\backend\auto_scripts\scripts\supershort\logs\auto_predict\predict_20250325_03_30.flag)
2025-03-25 07:50:57,547 - ⏩ 跳过已处理的文件: 202503250330.csv
2025-03-25 07:50:57,547 - 该预测文件已处理过 (标志文件: D:\my-vue-project\wind-power-forecast\backend\auto_scripts\scripts\supershort\logs\auto_predict\predict_20250325_03_45.flag)
2025-03-25 07:50:57,548 - ⏩ 跳过已处理的文件: 202503250345.csv
2025-03-25 07:50:57,548 - 该预测文件已处理过 (标志文件: D:\my-vue-project\wind-power-forecast\backend\auto_scripts\scripts\supershort\logs\auto_predict\predict_20250325_04_00.flag)
2025-03-25 07:50:57,548 - ⏩ 跳过已处理的文件: 202503250400.csv
2025-03-25 07:50:57,548 - 该预测文件已处理过 (标志文件: D:\my-vue-project\wind-power-forecast\backend\auto_scripts\scripts\supershort\logs\auto_predict\predict_20250325_04_15.flag)
2025-03-25 07:50:57,548 - ⏩ 跳过已处理的文件: 202503250415.csv
2025-03-25 07:50:57,548 - 该预测文件已处理过 (标志文件: D:\my-vue-project\wind-power-forecast\backend\auto_scripts\scripts\supershort\logs\auto_predict\predict_20250325_04_30.flag)
2025-03-25 07:50:57,548 - ⏩ 跳过已处理的文件: 202503250430.csv
2025-03-25 07:50:57,548 - 该预测文件已处理过 (标志文件: D:\my-vue-project\wind-power-forecast\backend\auto_scripts\scripts\supershort\logs\auto_predict\predict_20250325_04_45.flag)
2025-03-25 07:50:57,549 - ⏩ 跳过已处理的文件: 202503250445.csv
2025-03-25 07:50:57,549 - 该预测文件已处理过 (标志文件: D:\my-vue-project\wind-power-forecast\backend\auto_scripts\scripts\supershort\logs\auto_predict\predict_20250325_05_00.flag)
2025-03-25 07:50:57,549 - ⏩ 跳过已处理的文件: 202503250500.csv
2025-03-25 07:50:57,549 - 该预测文件已处理过 (标志文件: D:\my-vue-project\wind-power-forecast\backend\auto_scripts\scripts\supershort\logs\auto_predict\predict_20250325_05_15.flag)
2025-03-25 07:50:57,549 - ⏩ 跳过已处理的文件: 202503250515.csv
2025-03-25 07:50:57,549 - 该预测文件已处理过 (标志文件: D:\my-vue-project\wind-power-forecast\backend\auto_scripts\scripts\supershort\logs\auto_predict\predict_20250325_05_30.flag)
2025-03-25 07:50:57,549 - ⏩ 跳过已处理的文件: 202503250530.csv
2025-03-25 07:50:57,550 - 该预测文件已处理过 (标志文件: D:\my-vue-project\wind-power-forecast\backend\auto_scripts\scripts\supershort\logs\auto_predict\predict_20250325_05_45.flag)
2025-03-25 07:50:57,550 - ⏩ 跳过已处理的文件: 202503250545.csv
2025-03-25 07:50:57,550 - 该预测文件已处理过 (标志文件: D:\my-vue-project\wind-power-forecast\backend\auto_scripts\scripts\supershort\logs\auto_predict\predict_20250325_06_00.flag)
2025-03-25 07:50:57,550 - ⏩ 跳过已处理的文件: 202503250600.csv
2025-03-25 07:50:57,550 - 该预测文件已处理过 (标志文件: D:\my-vue-project\wind-power-forecast\backend\auto_scripts\scripts\supershort\logs\auto_predict\predict_20250325_06_15.flag)
2025-03-25 07:50:57,550 - ⏩ 跳过已处理的文件: 202503250615.csv
2025-03-25 07:50:57,550 - 该预测文件已处理过 (标志文件: D:\my-vue-project\wind-power-forecast\backend\auto_scripts\scripts\supershort\logs\auto_predict\predict_20250325_06_30.flag)
2025-03-25 07:50:57,551 - ⏩ 跳过已处理的文件: 202503250630.csv
2025-03-25 07:50:57,551 - 该预测文件已处理过 (标志文件: D:\my-vue-project\wind-power-forecast\backend\auto_scripts\scripts\supershort\logs\auto_predict\predict_20250325_06_45.flag)
2025-03-25 07:50:57,551 - ⏩ 跳过已处理的文件: 202503250645.csv
2025-03-25 07:50:57,551 - 该预测文件已处理过 (标志文件: D:\my-vue-project\wind-power-forecast\backend\auto_scripts\scripts\supershort\logs\auto_predict\predict_20250325_07_00.flag)
2025-03-25 07:50:57,551 - ⏩ 跳过已处理的文件: 202503250700.csv
2025-03-25 07:50:57,551 - 该预测文件已处理过 (标志文件: D:\my-vue-project\wind-power-forecast\backend\auto_scripts\scripts\supershort\logs\auto_predict\predict_20250325_07_15.flag)
2025-03-25 07:50:57,551 - ⏩ 跳过已处理的文件: 202503250715.csv
2025-03-25 07:50:57,551 - 该预测文件已处理过 (标志文件: D:\my-vue-project\wind-power-forecast\backend\auto_scripts\scripts\supershort\logs\auto_predict\predict_20250325_07_30.flag)
2025-03-25 07:50:57,552 - ⏩ 跳过已处理的文件: 202503250730.csv
2025-03-25 07:50:57,552 - 该预测文件已处理过 (标志文件: D:\my-vue-project\wind-power-forecast\backend\auto_scripts\scripts\supershort\logs\auto_predict\predict_20250325_07_45.flag)
2025-03-25 07:50:57,552 - ⏩ 跳过已处理的文件: 202503250745.csv
2025-03-25 07:50:57,552 - 本次共处理了 32 个预测文件
2025-03-25 07:50:57,552 - 
================================================================================
2025-03-25 07:50:57,552 - >>> 预测任务结束 <<<
2025-03-25 07:50:57,552 - ================================================================================

2025-03-25 07:50:57,552 - 预测任务结束
2025-03-25 07:55:59,028 - 
================================================================================
2025-03-25 07:55:59,029 - >>> 自动预测系统启动 <<<
2025-03-25 07:55:59,029 - ================================================================================

2025-03-25 07:55:59,029 - 自动预测系统启动
2025-03-25 07:55:59,029 - 当前日期: 20250325, 时间: 07:55:59
2025-03-25 07:55:59,029 - 
================================================================================
2025-03-25 07:55:59,029 - >>> 开始执行预测 <<<
2025-03-25 07:55:59,029 - ================================================================================

2025-03-25 07:55:59,029 - 开始执行预测
2025-03-25 07:55:59,029 - 扫描预测数据文件目录: D:\my-vue-project\wind-power-forecast\backend\auto_scripts\precsv\supershortcsv\20250325
2025-03-25 07:55:59,029 - 检查模型目录: D:\my-vue-project\wind-power-forecast\backend\auto_scripts\models\supershortmodel\20250325
2025-03-25 07:55:59,029 - 发现best_models目录: D:\my-vue-project\wind-power-forecast\backend\auto_scripts\models\supershortmodel\20250325\best_models
2025-03-25 07:55:59,029 - 发现GBDT模型文件: D:\my-vue-project\wind-power-forecast\backend\auto_scripts\models\supershortmodel\20250325\best_models\GBDT.joblib
2025-03-25 07:55:59,030 - 找到 32 个CSV文件
2025-03-25 07:55:59,030 - 该预测文件已处理过 (标志文件: D:\my-vue-project\wind-power-forecast\backend\auto_scripts\scripts\supershort\logs\auto_predict\predict_20250325_00_00.flag)
2025-03-25 07:55:59,030 - ⏩ 跳过已处理的文件: 202503250000.csv
2025-03-25 07:55:59,030 - 该预测文件已处理过 (标志文件: D:\my-vue-project\wind-power-forecast\backend\auto_scripts\scripts\supershort\logs\auto_predict\predict_20250325_00_15.flag)
2025-03-25 07:55:59,030 - ⏩ 跳过已处理的文件: 202503250015.csv
2025-03-25 07:55:59,030 - 该预测文件已处理过 (标志文件: D:\my-vue-project\wind-power-forecast\backend\auto_scripts\scripts\supershort\logs\auto_predict\predict_20250325_00_30.flag)
2025-03-25 07:55:59,031 - ⏩ 跳过已处理的文件: 202503250030.csv
2025-03-25 07:55:59,031 - 该预测文件已处理过 (标志文件: D:\my-vue-project\wind-power-forecast\backend\auto_scripts\scripts\supershort\logs\auto_predict\predict_20250325_00_45.flag)
2025-03-25 07:55:59,031 - ⏩ 跳过已处理的文件: 202503250045.csv
2025-03-25 07:55:59,031 - 该预测文件已处理过 (标志文件: D:\my-vue-project\wind-power-forecast\backend\auto_scripts\scripts\supershort\logs\auto_predict\predict_20250325_01_00.flag)
2025-03-25 07:55:59,031 - ⏩ 跳过已处理的文件: 202503250100.csv
2025-03-25 07:55:59,031 - 该预测文件已处理过 (标志文件: D:\my-vue-project\wind-power-forecast\backend\auto_scripts\scripts\supershort\logs\auto_predict\predict_20250325_01_15.flag)
2025-03-25 07:55:59,031 - ⏩ 跳过已处理的文件: 202503250115.csv
2025-03-25 07:55:59,032 - 该预测文件已处理过 (标志文件: D:\my-vue-project\wind-power-forecast\backend\auto_scripts\scripts\supershort\logs\auto_predict\predict_20250325_01_30.flag)
2025-03-25 07:55:59,032 - ⏩ 跳过已处理的文件: 202503250130.csv
2025-03-25 07:55:59,032 - 该预测文件已处理过 (标志文件: D:\my-vue-project\wind-power-forecast\backend\auto_scripts\scripts\supershort\logs\auto_predict\predict_20250325_01_45.flag)
2025-03-25 07:55:59,032 - ⏩ 跳过已处理的文件: 202503250145.csv
2025-03-25 07:55:59,032 - 该预测文件已处理过 (标志文件: D:\my-vue-project\wind-power-forecast\backend\auto_scripts\scripts\supershort\logs\auto_predict\predict_20250325_02_00.flag)
2025-03-25 07:55:59,032 - ⏩ 跳过已处理的文件: 202503250200.csv
2025-03-25 07:55:59,032 - 该预测文件已处理过 (标志文件: D:\my-vue-project\wind-power-forecast\backend\auto_scripts\scripts\supershort\logs\auto_predict\predict_20250325_02_15.flag)
2025-03-25 07:55:59,032 - ⏩ 跳过已处理的文件: 202503250215.csv
2025-03-25 07:55:59,032 - 该预测文件已处理过 (标志文件: D:\my-vue-project\wind-power-forecast\backend\auto_scripts\scripts\supershort\logs\auto_predict\predict_20250325_02_30.flag)
2025-03-25 07:55:59,033 - ⏩ 跳过已处理的文件: 202503250230.csv
2025-03-25 07:55:59,033 - 该预测文件已处理过 (标志文件: D:\my-vue-project\wind-power-forecast\backend\auto_scripts\scripts\supershort\logs\auto_predict\predict_20250325_02_45.flag)
2025-03-25 07:55:59,033 - ⏩ 跳过已处理的文件: 202503250245.csv
2025-03-25 07:55:59,033 - 该预测文件已处理过 (标志文件: D:\my-vue-project\wind-power-forecast\backend\auto_scripts\scripts\supershort\logs\auto_predict\predict_20250325_03_00.flag)
2025-03-25 07:55:59,033 - ⏩ 跳过已处理的文件: 202503250300.csv
2025-03-25 07:55:59,033 - 该预测文件已处理过 (标志文件: D:\my-vue-project\wind-power-forecast\backend\auto_scripts\scripts\supershort\logs\auto_predict\predict_20250325_03_15.flag)
2025-03-25 07:55:59,033 - ⏩ 跳过已处理的文件: 202503250315.csv
2025-03-25 07:55:59,033 - 该预测文件已处理过 (标志文件: D:\my-vue-project\wind-power-forecast\backend\auto_scripts\scripts\supershort\logs\auto_predict\predict_20250325_03_30.flag)
2025-03-25 07:55:59,034 - ⏩ 跳过已处理的文件: 202503250330.csv
2025-03-25 07:55:59,034 - 该预测文件已处理过 (标志文件: D:\my-vue-project\wind-power-forecast\backend\auto_scripts\scripts\supershort\logs\auto_predict\predict_20250325_03_45.flag)
2025-03-25 07:55:59,034 - ⏩ 跳过已处理的文件: 202503250345.csv
2025-03-25 07:55:59,034 - 该预测文件已处理过 (标志文件: D:\my-vue-project\wind-power-forecast\backend\auto_scripts\scripts\supershort\logs\auto_predict\predict_20250325_04_00.flag)
2025-03-25 07:55:59,034 - ⏩ 跳过已处理的文件: 202503250400.csv
2025-03-25 07:55:59,034 - 该预测文件已处理过 (标志文件: D:\my-vue-project\wind-power-forecast\backend\auto_scripts\scripts\supershort\logs\auto_predict\predict_20250325_04_15.flag)
2025-03-25 07:55:59,034 - ⏩ 跳过已处理的文件: 202503250415.csv
2025-03-25 07:55:59,034 - 该预测文件已处理过 (标志文件: D:\my-vue-project\wind-power-forecast\backend\auto_scripts\scripts\supershort\logs\auto_predict\predict_20250325_04_30.flag)
2025-03-25 07:55:59,035 - ⏩ 跳过已处理的文件: 202503250430.csv
2025-03-25 07:55:59,035 - 该预测文件已处理过 (标志文件: D:\my-vue-project\wind-power-forecast\backend\auto_scripts\scripts\supershort\logs\auto_predict\predict_20250325_04_45.flag)
2025-03-25 07:55:59,035 - ⏩ 跳过已处理的文件: 202503250445.csv
2025-03-25 07:55:59,035 - 该预测文件已处理过 (标志文件: D:\my-vue-project\wind-power-forecast\backend\auto_scripts\scripts\supershort\logs\auto_predict\predict_20250325_05_00.flag)
2025-03-25 07:55:59,035 - ⏩ 跳过已处理的文件: 202503250500.csv
2025-03-25 07:55:59,035 - 该预测文件已处理过 (标志文件: D:\my-vue-project\wind-power-forecast\backend\auto_scripts\scripts\supershort\logs\auto_predict\predict_20250325_05_15.flag)
2025-03-25 07:55:59,035 - ⏩ 跳过已处理的文件: 202503250515.csv
2025-03-25 07:55:59,035 - 该预测文件已处理过 (标志文件: D:\my-vue-project\wind-power-forecast\backend\auto_scripts\scripts\supershort\logs\auto_predict\predict_20250325_05_30.flag)
2025-03-25 07:55:59,036 - ⏩ 跳过已处理的文件: 202503250530.csv
2025-03-25 07:55:59,036 - 该预测文件已处理过 (标志文件: D:\my-vue-project\wind-power-forecast\backend\auto_scripts\scripts\supershort\logs\auto_predict\predict_20250325_05_45.flag)
2025-03-25 07:55:59,036 - ⏩ 跳过已处理的文件: 202503250545.csv
2025-03-25 07:55:59,036 - 该预测文件已处理过 (标志文件: D:\my-vue-project\wind-power-forecast\backend\auto_scripts\scripts\supershort\logs\auto_predict\predict_20250325_06_00.flag)
2025-03-25 07:55:59,036 - ⏩ 跳过已处理的文件: 202503250600.csv
2025-03-25 07:55:59,036 - 该预测文件已处理过 (标志文件: D:\my-vue-project\wind-power-forecast\backend\auto_scripts\scripts\supershort\logs\auto_predict\predict_20250325_06_15.flag)
2025-03-25 07:55:59,036 - ⏩ 跳过已处理的文件: 202503250615.csv
2025-03-25 07:55:59,036 - 该预测文件已处理过 (标志文件: D:\my-vue-project\wind-power-forecast\backend\auto_scripts\scripts\supershort\logs\auto_predict\predict_20250325_06_30.flag)
2025-03-25 07:55:59,037 - ⏩ 跳过已处理的文件: 202503250630.csv
2025-03-25 07:55:59,037 - 该预测文件已处理过 (标志文件: D:\my-vue-project\wind-power-forecast\backend\auto_scripts\scripts\supershort\logs\auto_predict\predict_20250325_06_45.flag)
2025-03-25 07:55:59,037 - ⏩ 跳过已处理的文件: 202503250645.csv
2025-03-25 07:55:59,037 - 该预测文件已处理过 (标志文件: D:\my-vue-project\wind-power-forecast\backend\auto_scripts\scripts\supershort\logs\auto_predict\predict_20250325_07_00.flag)
2025-03-25 07:55:59,037 - ⏩ 跳过已处理的文件: 202503250700.csv
2025-03-25 07:55:59,037 - 该预测文件已处理过 (标志文件: D:\my-vue-project\wind-power-forecast\backend\auto_scripts\scripts\supershort\logs\auto_predict\predict_20250325_07_15.flag)
2025-03-25 07:55:59,037 - ⏩ 跳过已处理的文件: 202503250715.csv
2025-03-25 07:55:59,037 - 该预测文件已处理过 (标志文件: D:\my-vue-project\wind-power-forecast\backend\auto_scripts\scripts\supershort\logs\auto_predict\predict_20250325_07_30.flag)
2025-03-25 07:55:59,037 - ⏩ 跳过已处理的文件: 202503250730.csv
2025-03-25 07:55:59,038 - 该预测文件已处理过 (标志文件: D:\my-vue-project\wind-power-forecast\backend\auto_scripts\scripts\supershort\logs\auto_predict\predict_20250325_07_45.flag)
2025-03-25 07:55:59,038 - ⏩ 跳过已处理的文件: 202503250745.csv
2025-03-25 07:55:59,038 - 本次共处理了 32 个预测文件
2025-03-25 07:55:59,038 - 
================================================================================
2025-03-25 07:55:59,038 - >>> 预测任务结束 <<<
2025-03-25 07:55:59,038 - ================================================================================

2025-03-25 07:55:59,038 - 预测任务结束
2025-03-25 08:01:00,598 - 
================================================================================
2025-03-25 08:01:00,598 - >>> 自动预测系统启动 <<<
2025-03-25 08:01:00,599 - ================================================================================

2025-03-25 08:01:00,599 - 自动预测系统启动
2025-03-25 08:01:00,599 - 当前日期: 20250325, 时间: 08:01:00
2025-03-25 08:01:00,599 - 
================================================================================
2025-03-25 08:01:00,599 - >>> 开始执行预测 <<<
2025-03-25 08:01:00,599 - ================================================================================

2025-03-25 08:01:00,599 - 开始执行预测
2025-03-25 08:01:00,599 - 扫描预测数据文件目录: D:\my-vue-project\wind-power-forecast\backend\auto_scripts\precsv\supershortcsv\20250325
2025-03-25 08:01:00,599 - 检查模型目录: D:\my-vue-project\wind-power-forecast\backend\auto_scripts\models\supershortmodel\20250325
2025-03-25 08:01:00,599 - 发现best_models目录: D:\my-vue-project\wind-power-forecast\backend\auto_scripts\models\supershortmodel\20250325\best_models
2025-03-25 08:01:00,599 - 发现GBDT模型文件: D:\my-vue-project\wind-power-forecast\backend\auto_scripts\models\supershortmodel\20250325\best_models\GBDT.joblib
2025-03-25 08:01:00,600 - 找到 33 个CSV文件
2025-03-25 08:01:00,600 - 该预测文件已处理过 (标志文件: D:\my-vue-project\wind-power-forecast\backend\auto_scripts\scripts\supershort\logs\auto_predict\predict_20250325_00_00.flag)
2025-03-25 08:01:00,600 - ⏩ 跳过已处理的文件: 202503250000.csv
2025-03-25 08:01:00,600 - 该预测文件已处理过 (标志文件: D:\my-vue-project\wind-power-forecast\backend\auto_scripts\scripts\supershort\logs\auto_predict\predict_20250325_00_15.flag)
2025-03-25 08:01:00,600 - ⏩ 跳过已处理的文件: 202503250015.csv
2025-03-25 08:01:00,600 - 该预测文件已处理过 (标志文件: D:\my-vue-project\wind-power-forecast\backend\auto_scripts\scripts\supershort\logs\auto_predict\predict_20250325_00_30.flag)
2025-03-25 08:01:00,600 - ⏩ 跳过已处理的文件: 202503250030.csv
2025-03-25 08:01:00,601 - 该预测文件已处理过 (标志文件: D:\my-vue-project\wind-power-forecast\backend\auto_scripts\scripts\supershort\logs\auto_predict\predict_20250325_00_45.flag)
2025-03-25 08:01:00,601 - ⏩ 跳过已处理的文件: 202503250045.csv
2025-03-25 08:01:00,601 - 该预测文件已处理过 (标志文件: D:\my-vue-project\wind-power-forecast\backend\auto_scripts\scripts\supershort\logs\auto_predict\predict_20250325_01_00.flag)
2025-03-25 08:01:00,601 - ⏩ 跳过已处理的文件: 202503250100.csv
2025-03-25 08:01:00,601 - 该预测文件已处理过 (标志文件: D:\my-vue-project\wind-power-forecast\backend\auto_scripts\scripts\supershort\logs\auto_predict\predict_20250325_01_15.flag)
2025-03-25 08:01:00,601 - ⏩ 跳过已处理的文件: 202503250115.csv
2025-03-25 08:01:00,601 - 该预测文件已处理过 (标志文件: D:\my-vue-project\wind-power-forecast\backend\auto_scripts\scripts\supershort\logs\auto_predict\predict_20250325_01_30.flag)
2025-03-25 08:01:00,601 - ⏩ 跳过已处理的文件: 202503250130.csv
2025-03-25 08:01:00,602 - 该预测文件已处理过 (标志文件: D:\my-vue-project\wind-power-forecast\backend\auto_scripts\scripts\supershort\logs\auto_predict\predict_20250325_01_45.flag)
2025-03-25 08:01:00,602 - ⏩ 跳过已处理的文件: 202503250145.csv
2025-03-25 08:01:00,602 - 该预测文件已处理过 (标志文件: D:\my-vue-project\wind-power-forecast\backend\auto_scripts\scripts\supershort\logs\auto_predict\predict_20250325_02_00.flag)
2025-03-25 08:01:00,602 - ⏩ 跳过已处理的文件: 202503250200.csv
2025-03-25 08:01:00,602 - 该预测文件已处理过 (标志文件: D:\my-vue-project\wind-power-forecast\backend\auto_scripts\scripts\supershort\logs\auto_predict\predict_20250325_02_15.flag)
2025-03-25 08:01:00,602 - ⏩ 跳过已处理的文件: 202503250215.csv
2025-03-25 08:01:00,602 - 该预测文件已处理过 (标志文件: D:\my-vue-project\wind-power-forecast\backend\auto_scripts\scripts\supershort\logs\auto_predict\predict_20250325_02_30.flag)
2025-03-25 08:01:00,602 - ⏩ 跳过已处理的文件: 202503250230.csv
2025-03-25 08:01:00,603 - 该预测文件已处理过 (标志文件: D:\my-vue-project\wind-power-forecast\backend\auto_scripts\scripts\supershort\logs\auto_predict\predict_20250325_02_45.flag)
2025-03-25 08:01:00,603 - ⏩ 跳过已处理的文件: 202503250245.csv
2025-03-25 08:01:00,603 - 该预测文件已处理过 (标志文件: D:\my-vue-project\wind-power-forecast\backend\auto_scripts\scripts\supershort\logs\auto_predict\predict_20250325_03_00.flag)
2025-03-25 08:01:00,603 - ⏩ 跳过已处理的文件: 202503250300.csv
2025-03-25 08:01:00,603 - 该预测文件已处理过 (标志文件: D:\my-vue-project\wind-power-forecast\backend\auto_scripts\scripts\supershort\logs\auto_predict\predict_20250325_03_15.flag)
2025-03-25 08:01:00,603 - ⏩ 跳过已处理的文件: 202503250315.csv
2025-03-25 08:01:00,603 - 该预测文件已处理过 (标志文件: D:\my-vue-project\wind-power-forecast\backend\auto_scripts\scripts\supershort\logs\auto_predict\predict_20250325_03_30.flag)
2025-03-25 08:01:00,603 - ⏩ 跳过已处理的文件: 202503250330.csv
2025-03-25 08:01:00,604 - 该预测文件已处理过 (标志文件: D:\my-vue-project\wind-power-forecast\backend\auto_scripts\scripts\supershort\logs\auto_predict\predict_20250325_03_45.flag)
2025-03-25 08:01:00,604 - ⏩ 跳过已处理的文件: 202503250345.csv
2025-03-25 08:01:00,604 - 该预测文件已处理过 (标志文件: D:\my-vue-project\wind-power-forecast\backend\auto_scripts\scripts\supershort\logs\auto_predict\predict_20250325_04_00.flag)
2025-03-25 08:01:00,604 - ⏩ 跳过已处理的文件: 202503250400.csv
2025-03-25 08:01:00,605 - 该预测文件已处理过 (标志文件: D:\my-vue-project\wind-power-forecast\backend\auto_scripts\scripts\supershort\logs\auto_predict\predict_20250325_04_15.flag)
2025-03-25 08:01:00,605 - ⏩ 跳过已处理的文件: 202503250415.csv
2025-03-25 08:01:00,605 - 该预测文件已处理过 (标志文件: D:\my-vue-project\wind-power-forecast\backend\auto_scripts\scripts\supershort\logs\auto_predict\predict_20250325_04_30.flag)
2025-03-25 08:01:00,605 - ⏩ 跳过已处理的文件: 202503250430.csv
2025-03-25 08:01:00,605 - 该预测文件已处理过 (标志文件: D:\my-vue-project\wind-power-forecast\backend\auto_scripts\scripts\supershort\logs\auto_predict\predict_20250325_04_45.flag)
2025-03-25 08:01:00,605 - ⏩ 跳过已处理的文件: 202503250445.csv
2025-03-25 08:01:00,605 - 该预测文件已处理过 (标志文件: D:\my-vue-project\wind-power-forecast\backend\auto_scripts\scripts\supershort\logs\auto_predict\predict_20250325_05_00.flag)
2025-03-25 08:01:00,605 - ⏩ 跳过已处理的文件: 202503250500.csv
2025-03-25 08:01:00,606 - 该预测文件已处理过 (标志文件: D:\my-vue-project\wind-power-forecast\backend\auto_scripts\scripts\supershort\logs\auto_predict\predict_20250325_05_15.flag)
2025-03-25 08:01:00,606 - ⏩ 跳过已处理的文件: 202503250515.csv
2025-03-25 08:01:00,606 - 该预测文件已处理过 (标志文件: D:\my-vue-project\wind-power-forecast\backend\auto_scripts\scripts\supershort\logs\auto_predict\predict_20250325_05_30.flag)
2025-03-25 08:01:00,606 - ⏩ 跳过已处理的文件: 202503250530.csv
2025-03-25 08:01:00,606 - 该预测文件已处理过 (标志文件: D:\my-vue-project\wind-power-forecast\backend\auto_scripts\scripts\supershort\logs\auto_predict\predict_20250325_05_45.flag)
2025-03-25 08:01:00,606 - ⏩ 跳过已处理的文件: 202503250545.csv
2025-03-25 08:01:00,606 - 该预测文件已处理过 (标志文件: D:\my-vue-project\wind-power-forecast\backend\auto_scripts\scripts\supershort\logs\auto_predict\predict_20250325_06_00.flag)
2025-03-25 08:01:00,606 - ⏩ 跳过已处理的文件: 202503250600.csv
2025-03-25 08:01:00,607 - 该预测文件已处理过 (标志文件: D:\my-vue-project\wind-power-forecast\backend\auto_scripts\scripts\supershort\logs\auto_predict\predict_20250325_06_15.flag)
2025-03-25 08:01:00,607 - ⏩ 跳过已处理的文件: 202503250615.csv
2025-03-25 08:01:00,607 - 该预测文件已处理过 (标志文件: D:\my-vue-project\wind-power-forecast\backend\auto_scripts\scripts\supershort\logs\auto_predict\predict_20250325_06_30.flag)
2025-03-25 08:01:00,607 - ⏩ 跳过已处理的文件: 202503250630.csv
2025-03-25 08:01:00,607 - 该预测文件已处理过 (标志文件: D:\my-vue-project\wind-power-forecast\backend\auto_scripts\scripts\supershort\logs\auto_predict\predict_20250325_06_45.flag)
2025-03-25 08:01:00,607 - ⏩ 跳过已处理的文件: 202503250645.csv
2025-03-25 08:01:00,607 - 该预测文件已处理过 (标志文件: D:\my-vue-project\wind-power-forecast\backend\auto_scripts\scripts\supershort\logs\auto_predict\predict_20250325_07_00.flag)
2025-03-25 08:01:00,607 - ⏩ 跳过已处理的文件: 202503250700.csv
2025-03-25 08:01:00,608 - 该预测文件已处理过 (标志文件: D:\my-vue-project\wind-power-forecast\backend\auto_scripts\scripts\supershort\logs\auto_predict\predict_20250325_07_15.flag)
2025-03-25 08:01:00,608 - ⏩ 跳过已处理的文件: 202503250715.csv
2025-03-25 08:01:00,608 - 该预测文件已处理过 (标志文件: D:\my-vue-project\wind-power-forecast\backend\auto_scripts\scripts\supershort\logs\auto_predict\predict_20250325_07_30.flag)
2025-03-25 08:01:00,608 - ⏩ 跳过已处理的文件: 202503250730.csv
2025-03-25 08:01:00,608 - 该预测文件已处理过 (标志文件: D:\my-vue-project\wind-power-forecast\backend\auto_scripts\scripts\supershort\logs\auto_predict\predict_20250325_07_45.flag)
2025-03-25 08:01:00,608 - ⏩ 跳过已处理的文件: 202503250745.csv
2025-03-25 08:01:00,608 - ✅ 处理预测文件: D:\my-vue-project\wind-power-forecast\backend\auto_scripts\precsv\supershortcsv\20250325\202503250800.csv
2025-03-25 08:01:00,609 - 
============================================================
【风电功率预测开始】
============================================================
2025-03-25 08:01:00,609 - 配置信息:
2025-03-25 08:01:00,609 -   - 数据文件: D:\my-vue-project\wind-power-forecast\backend\auto_scripts\precsv\supershortcsv\20250325\202503250800.csv
2025-03-25 08:01:00,609 -   - 模型目录: D:\my-vue-project\wind-power-forecast\backend\auto_scripts\models\supershortmodel\20250325
2025-03-25 08:01:00,609 -   - 窗口大小: 16
2025-03-25 08:01:00,609 -   - 滞后特征数: 4
2025-03-25 08:01:00,609 - 
============================================================
【预处理新数据】
============================================================
2025-03-25 08:01:00,609 - 加载数据文件: D:\my-vue-project\wind-power-forecast\backend\auto_scripts\precsv\supershortcsv\20250325\202503250800.csv
2025-03-25 08:01:00,614 - 数据加载完成，去除缺失值后共 29 条记录
2025-03-25 08:01:00,658 - 数据前5行预览:
        Timestamp    129.128_1    129.128_2  ...  ws200_13  ws200_14  ws200_15
0  2024/3/11 0:00  15974.26563  16293.82813  ...  4.542173  1.324043  0.865087
1  2024/3/11 0:15  15974.26563  16293.82813  ...  3.899081  0.880606  1.273859
2  2024/3/11 0:30  15974.26563  16293.82813  ...  3.273753  0.778394  1.710350
3  2024/3/11 0:45  15974.26563  16293.82813  ...  2.678660  1.115517  2.157803
4  2024/3/11 1:00  15974.26563  16293.82813  ...  2.139185  1.640399  2.610587

[5 rows x 301 columns]
2025-03-25 08:01:00,658 - 预处理数据...
2025-03-25 08:01:00,661 - 预处理完成，特征维度: (29, 304)
2025-03-25 08:01:00,661 - 执行特征工程，滞后特征数: 4...
2025-03-25 08:01:00,691 - 特征工程完成，特征维度: (26, 859)
2025-03-25 08:01:00,691 - 新数据预处理完成，共 26 个样本
2025-03-25 08:01:00,692 - ✅ 发现最佳模型目录: D:\my-vue-project\wind-power-forecast\backend\auto_scripts\models\supershortmodel\20250325\best_models，尝试使用多模型加权预测
2025-03-25 08:01:00,692 - 
============================================================
【加载多个模型】
============================================================
2025-03-25 08:01:00,692 - 从目录加载模型和 scaler: D:\my-vue-project\wind-power-forecast\backend\auto_scripts\models\supershortmodel\20250325\best_models
2025-03-25 08:01:00,692 - 加载 GBDT 模型和 scaler...
2025-03-25 08:01:00,782 - ✅ 已成功加载 GBDT 模型和对应的 scaler
2025-03-25 08:01:00,782 - 加载 DART 模型和 scaler...
2025-03-25 08:01:00,788 - ✅ 已成功加载 DART 模型和对应的 scaler
2025-03-25 08:01:00,788 - 加载 GOSS 模型和 scaler...
2025-03-25 08:01:00,796 - ✅ 已成功加载 GOSS 模型和对应的 scaler
2025-03-25 08:01:00,796 - 加载完成，共加载了 3 个模型: GBDT, DART, GOSS
2025-03-25 08:01:00,796 - 尝试加载模型权重文件: D:\my-vue-project\wind-power-forecast\backend\auto_scripts\models\supershortmodel\20250325\model_weights.joblib
2025-03-25 08:01:00,796 - ✅ 已加载模型权重: {'GBDT': np.float64(0.0), 'DART': np.float64(0.0), 'GOSS': np.float64(0.9413418792089218), 'INTERCEPT': np.float64(-0.0258769107539365)}
2025-03-25 08:01:00,796 - 
============================================================
【使用多模型加权预测】
============================================================
2025-03-25 08:01:00,796 - 使用自定义权重: {'GBDT': np.float64(0.0), 'DART': np.float64(0.0), 'GOSS': np.float64(0.9413418792089218), 'INTERCEPT': np.float64(-0.0258769107539365)}
2025-03-25 08:01:00,796 - ❌ GBDT 模型权重为0，跳过
2025-03-25 08:01:00,797 - ❌ DART 模型权重为0，跳过
2025-03-25 08:01:00,797 - 使用 GOSS 模型进行预测 (权重: 0.9413)...
2025-03-25 08:01:00,799 - GOSS: 数据标准化完成
2025-03-25 08:01:00,799 - GOSS: 时间窗口创建完成，窗口数量: 11
2025-03-25 08:01:00,844 - ✅ GOSS 模型预测完成，生成了 11 个预测值
2025-03-25 08:01:00,844 -    统计: 最小值=118.97, 最大值=177.46, 平均值=157.97
2025-03-25 08:01:00,844 - 所有预测结果对齐到最小长度: 11
2025-03-25 08:01:00,844 - 开始计算加权平均预测结果...
2025-03-25 08:01:00,845 -   加入 GOSS 模型贡献 (权重: 0.9413)
2025-03-25 08:01:00,845 -   加入常数偏置项 (值: -0.0259)
2025-03-25 08:01:00,845 - 加权平均预测完成，生成了 11 个预测值
2025-03-25 08:01:00,845 - 加权预测结果统计: 最小值=111.96, 最大值=167.03, 平均值=148.67
2025-03-25 08:01:00,845 - ✅ 多模型加权预测完成，使用模型: GBDT, DART, GOSS
2025-03-25 08:01:00,845 - 预测结果数据框创建完成，共 11 行
2025-03-25 08:01:00,847 - ✅ 预测结果已保存到文件: D:\my-vue-project\wind-power-forecast\backend\auto_scripts\results\supershortresult\20250325\prediction_202503250800.csv
2025-03-25 08:01:00,847 - 尝试将预测结果导入数据库...
2025-03-25 08:01:00,847 - 发送HTTP请求到: http://localhost:5000/prediction2database/batch_supershortl_power
2025-03-25 08:01:02,926 - ✅ 数据已成功导入数据库
2025-03-25 08:01:02,926 -    总记录数: 11, 更新: 11, 插入: 0
2025-03-25 08:01:02,927 - 
============================================================
【风电功率预测完成】
============================================================
2025-03-25 08:01:02,927 - 风电功率预测完成
2025-03-25 08:01:02,930 - ✅ 202503250800.csv 预测执行完成
2025-03-25 08:01:02,931 - 已创建预测标志文件: D:\my-vue-project\wind-power-forecast\backend\auto_scripts\scripts\supershort\logs\auto_predict\predict_20250325_08_00.flag
2025-03-25 08:01:02,931 - 本次共处理了 33 个预测文件
2025-03-25 08:01:02,932 - 
================================================================================
2025-03-25 08:01:02,932 - >>> 预测任务结束 <<<
2025-03-25 08:01:02,932 - ================================================================================

2025-03-25 08:01:02,932 - 预测任务结束
2025-03-25 08:06:04,396 - 
================================================================================
2025-03-25 08:06:04,396 - >>> 自动预测系统启动 <<<
2025-03-25 08:06:04,396 - ================================================================================

2025-03-25 08:06:04,396 - 自动预测系统启动
2025-03-25 08:06:04,396 - 当前日期: 20250325, 时间: 08:06:04
2025-03-25 08:06:04,396 - 
================================================================================
2025-03-25 08:06:04,396 - >>> 开始执行预测 <<<
2025-03-25 08:06:04,396 - ================================================================================

2025-03-25 08:06:04,396 - 开始执行预测
2025-03-25 08:06:04,397 - 扫描预测数据文件目录: D:\my-vue-project\wind-power-forecast\backend\auto_scripts\precsv\supershortcsv\20250325
2025-03-25 08:06:04,397 - 检查模型目录: D:\my-vue-project\wind-power-forecast\backend\auto_scripts\models\supershortmodel\20250325
2025-03-25 08:06:04,397 - 发现best_models目录: D:\my-vue-project\wind-power-forecast\backend\auto_scripts\models\supershortmodel\20250325\best_models
2025-03-25 08:06:04,397 - 发现GBDT模型文件: D:\my-vue-project\wind-power-forecast\backend\auto_scripts\models\supershortmodel\20250325\best_models\GBDT.joblib
2025-03-25 08:06:04,397 - 找到 33 个CSV文件
2025-03-25 08:06:04,397 - 该预测文件已处理过 (标志文件: D:\my-vue-project\wind-power-forecast\backend\auto_scripts\scripts\supershort\logs\auto_predict\predict_20250325_00_00.flag)
2025-03-25 08:06:04,398 - ⏩ 跳过已处理的文件: 202503250000.csv
2025-03-25 08:06:04,398 - 该预测文件已处理过 (标志文件: D:\my-vue-project\wind-power-forecast\backend\auto_scripts\scripts\supershort\logs\auto_predict\predict_20250325_00_15.flag)
2025-03-25 08:06:04,398 - ⏩ 跳过已处理的文件: 202503250015.csv
2025-03-25 08:06:04,398 - 该预测文件已处理过 (标志文件: D:\my-vue-project\wind-power-forecast\backend\auto_scripts\scripts\supershort\logs\auto_predict\predict_20250325_00_30.flag)
2025-03-25 08:06:04,398 - ⏩ 跳过已处理的文件: 202503250030.csv
2025-03-25 08:06:04,398 - 该预测文件已处理过 (标志文件: D:\my-vue-project\wind-power-forecast\backend\auto_scripts\scripts\supershort\logs\auto_predict\predict_20250325_00_45.flag)
2025-03-25 08:06:04,398 - ⏩ 跳过已处理的文件: 202503250045.csv
2025-03-25 08:06:04,399 - 该预测文件已处理过 (标志文件: D:\my-vue-project\wind-power-forecast\backend\auto_scripts\scripts\supershort\logs\auto_predict\predict_20250325_01_00.flag)
2025-03-25 08:06:04,399 - ⏩ 跳过已处理的文件: 202503250100.csv
2025-03-25 08:06:04,399 - 该预测文件已处理过 (标志文件: D:\my-vue-project\wind-power-forecast\backend\auto_scripts\scripts\supershort\logs\auto_predict\predict_20250325_01_15.flag)
2025-03-25 08:06:04,399 - ⏩ 跳过已处理的文件: 202503250115.csv
2025-03-25 08:06:04,399 - 该预测文件已处理过 (标志文件: D:\my-vue-project\wind-power-forecast\backend\auto_scripts\scripts\supershort\logs\auto_predict\predict_20250325_01_30.flag)
2025-03-25 08:06:04,399 - ⏩ 跳过已处理的文件: 202503250130.csv
2025-03-25 08:06:04,399 - 该预测文件已处理过 (标志文件: D:\my-vue-project\wind-power-forecast\backend\auto_scripts\scripts\supershort\logs\auto_predict\predict_20250325_01_45.flag)
2025-03-25 08:06:04,399 - ⏩ 跳过已处理的文件: 202503250145.csv
2025-03-25 08:06:04,400 - 该预测文件已处理过 (标志文件: D:\my-vue-project\wind-power-forecast\backend\auto_scripts\scripts\supershort\logs\auto_predict\predict_20250325_02_00.flag)
2025-03-25 08:06:04,400 - ⏩ 跳过已处理的文件: 202503250200.csv
2025-03-25 08:06:04,400 - 该预测文件已处理过 (标志文件: D:\my-vue-project\wind-power-forecast\backend\auto_scripts\scripts\supershort\logs\auto_predict\predict_20250325_02_15.flag)
2025-03-25 08:06:04,400 - ⏩ 跳过已处理的文件: 202503250215.csv
2025-03-25 08:06:04,400 - 该预测文件已处理过 (标志文件: D:\my-vue-project\wind-power-forecast\backend\auto_scripts\scripts\supershort\logs\auto_predict\predict_20250325_02_30.flag)
2025-03-25 08:06:04,400 - ⏩ 跳过已处理的文件: 202503250230.csv
2025-03-25 08:06:04,400 - 该预测文件已处理过 (标志文件: D:\my-vue-project\wind-power-forecast\backend\auto_scripts\scripts\supershort\logs\auto_predict\predict_20250325_02_45.flag)
2025-03-25 08:06:04,400 - ⏩ 跳过已处理的文件: 202503250245.csv
2025-03-25 08:06:04,401 - 该预测文件已处理过 (标志文件: D:\my-vue-project\wind-power-forecast\backend\auto_scripts\scripts\supershort\logs\auto_predict\predict_20250325_03_00.flag)
2025-03-25 08:06:04,401 - ⏩ 跳过已处理的文件: 202503250300.csv
2025-03-25 08:06:04,401 - 该预测文件已处理过 (标志文件: D:\my-vue-project\wind-power-forecast\backend\auto_scripts\scripts\supershort\logs\auto_predict\predict_20250325_03_15.flag)
2025-03-25 08:06:04,401 - ⏩ 跳过已处理的文件: 202503250315.csv
2025-03-25 08:06:04,401 - 该预测文件已处理过 (标志文件: D:\my-vue-project\wind-power-forecast\backend\auto_scripts\scripts\supershort\logs\auto_predict\predict_20250325_03_30.flag)
2025-03-25 08:06:04,401 - ⏩ 跳过已处理的文件: 202503250330.csv
2025-03-25 08:06:04,401 - 该预测文件已处理过 (标志文件: D:\my-vue-project\wind-power-forecast\backend\auto_scripts\scripts\supershort\logs\auto_predict\predict_20250325_03_45.flag)
2025-03-25 08:06:04,401 - ⏩ 跳过已处理的文件: 202503250345.csv
2025-03-25 08:06:04,402 - 该预测文件已处理过 (标志文件: D:\my-vue-project\wind-power-forecast\backend\auto_scripts\scripts\supershort\logs\auto_predict\predict_20250325_04_00.flag)
2025-03-25 08:06:04,402 - ⏩ 跳过已处理的文件: 202503250400.csv
2025-03-25 08:06:04,402 - 该预测文件已处理过 (标志文件: D:\my-vue-project\wind-power-forecast\backend\auto_scripts\scripts\supershort\logs\auto_predict\predict_20250325_04_15.flag)
2025-03-25 08:06:04,402 - ⏩ 跳过已处理的文件: 202503250415.csv
2025-03-25 08:06:04,402 - 该预测文件已处理过 (标志文件: D:\my-vue-project\wind-power-forecast\backend\auto_scripts\scripts\supershort\logs\auto_predict\predict_20250325_04_30.flag)
2025-03-25 08:06:04,402 - ⏩ 跳过已处理的文件: 202503250430.csv
2025-03-25 08:06:04,402 - 该预测文件已处理过 (标志文件: D:\my-vue-project\wind-power-forecast\backend\auto_scripts\scripts\supershort\logs\auto_predict\predict_20250325_04_45.flag)
2025-03-25 08:06:04,402 - ⏩ 跳过已处理的文件: 202503250445.csv
2025-03-25 08:06:04,403 - 该预测文件已处理过 (标志文件: D:\my-vue-project\wind-power-forecast\backend\auto_scripts\scripts\supershort\logs\auto_predict\predict_20250325_05_00.flag)
2025-03-25 08:06:04,403 - ⏩ 跳过已处理的文件: 202503250500.csv
2025-03-25 08:06:04,403 - 该预测文件已处理过 (标志文件: D:\my-vue-project\wind-power-forecast\backend\auto_scripts\scripts\supershort\logs\auto_predict\predict_20250325_05_15.flag)
2025-03-25 08:06:04,403 - ⏩ 跳过已处理的文件: 202503250515.csv
2025-03-25 08:06:04,403 - 该预测文件已处理过 (标志文件: D:\my-vue-project\wind-power-forecast\backend\auto_scripts\scripts\supershort\logs\auto_predict\predict_20250325_05_30.flag)
2025-03-25 08:06:04,403 - ⏩ 跳过已处理的文件: 202503250530.csv
2025-03-25 08:06:04,403 - 该预测文件已处理过 (标志文件: D:\my-vue-project\wind-power-forecast\backend\auto_scripts\scripts\supershort\logs\auto_predict\predict_20250325_05_45.flag)
2025-03-25 08:06:04,403 - ⏩ 跳过已处理的文件: 202503250545.csv
2025-03-25 08:06:04,404 - 该预测文件已处理过 (标志文件: D:\my-vue-project\wind-power-forecast\backend\auto_scripts\scripts\supershort\logs\auto_predict\predict_20250325_06_00.flag)
2025-03-25 08:06:04,404 - ⏩ 跳过已处理的文件: 202503250600.csv
2025-03-25 08:06:04,404 - 该预测文件已处理过 (标志文件: D:\my-vue-project\wind-power-forecast\backend\auto_scripts\scripts\supershort\logs\auto_predict\predict_20250325_06_15.flag)
2025-03-25 08:06:04,404 - ⏩ 跳过已处理的文件: 202503250615.csv
2025-03-25 08:06:04,404 - 该预测文件已处理过 (标志文件: D:\my-vue-project\wind-power-forecast\backend\auto_scripts\scripts\supershort\logs\auto_predict\predict_20250325_06_30.flag)
2025-03-25 08:06:04,404 - ⏩ 跳过已处理的文件: 202503250630.csv
2025-03-25 08:06:04,404 - 该预测文件已处理过 (标志文件: D:\my-vue-project\wind-power-forecast\backend\auto_scripts\scripts\supershort\logs\auto_predict\predict_20250325_06_45.flag)
2025-03-25 08:06:04,404 - ⏩ 跳过已处理的文件: 202503250645.csv
2025-03-25 08:06:04,405 - 该预测文件已处理过 (标志文件: D:\my-vue-project\wind-power-forecast\backend\auto_scripts\scripts\supershort\logs\auto_predict\predict_20250325_07_00.flag)
2025-03-25 08:06:04,405 - ⏩ 跳过已处理的文件: 202503250700.csv
2025-03-25 08:06:04,405 - 该预测文件已处理过 (标志文件: D:\my-vue-project\wind-power-forecast\backend\auto_scripts\scripts\supershort\logs\auto_predict\predict_20250325_07_15.flag)
2025-03-25 08:06:04,405 - ⏩ 跳过已处理的文件: 202503250715.csv
2025-03-25 08:06:04,405 - 该预测文件已处理过 (标志文件: D:\my-vue-project\wind-power-forecast\backend\auto_scripts\scripts\supershort\logs\auto_predict\predict_20250325_07_30.flag)
2025-03-25 08:06:04,405 - ⏩ 跳过已处理的文件: 202503250730.csv
2025-03-25 08:06:04,405 - 该预测文件已处理过 (标志文件: D:\my-vue-project\wind-power-forecast\backend\auto_scripts\scripts\supershort\logs\auto_predict\predict_20250325_07_45.flag)
2025-03-25 08:06:04,405 - ⏩ 跳过已处理的文件: 202503250745.csv
2025-03-25 08:06:04,406 - 该预测文件已处理过 (标志文件: D:\my-vue-project\wind-power-forecast\backend\auto_scripts\scripts\supershort\logs\auto_predict\predict_20250325_08_00.flag)
2025-03-25 08:06:04,406 - ⏩ 跳过已处理的文件: 202503250800.csv
2025-03-25 08:06:04,406 - 本次共处理了 33 个预测文件
2025-03-25 08:06:04,406 - 
================================================================================
2025-03-25 08:06:04,406 - >>> 预测任务结束 <<<
2025-03-25 08:06:04,406 - ================================================================================

2025-03-25 08:06:04,406 - 预测任务结束
2025-03-25 08:11:05,901 - 
================================================================================
2025-03-25 08:11:05,901 - >>> 自动预测系统启动 <<<
2025-03-25 08:11:05,901 - ================================================================================

2025-03-25 08:11:05,901 - 自动预测系统启动
2025-03-25 08:11:05,901 - 当前日期: 20250325, 时间: 08:11:05
2025-03-25 08:11:05,901 - 
================================================================================
2025-03-25 08:11:05,901 - >>> 开始执行预测 <<<
2025-03-25 08:11:05,901 - ================================================================================

2025-03-25 08:11:05,901 - 开始执行预测
2025-03-25 08:11:05,901 - 扫描预测数据文件目录: D:\my-vue-project\wind-power-forecast\backend\auto_scripts\precsv\supershortcsv\20250325
2025-03-25 08:11:05,902 - 检查模型目录: D:\my-vue-project\wind-power-forecast\backend\auto_scripts\models\supershortmodel\20250325
2025-03-25 08:11:05,902 - 发现best_models目录: D:\my-vue-project\wind-power-forecast\backend\auto_scripts\models\supershortmodel\20250325\best_models
2025-03-25 08:11:05,902 - 发现GBDT模型文件: D:\my-vue-project\wind-power-forecast\backend\auto_scripts\models\supershortmodel\20250325\best_models\GBDT.joblib
2025-03-25 08:11:05,902 - 找到 33 个CSV文件
2025-03-25 08:11:05,902 - 该预测文件已处理过 (标志文件: D:\my-vue-project\wind-power-forecast\backend\auto_scripts\scripts\supershort\logs\auto_predict\predict_20250325_00_00.flag)
2025-03-25 08:11:05,902 - ⏩ 跳过已处理的文件: 202503250000.csv
2025-03-25 08:11:05,903 - 该预测文件已处理过 (标志文件: D:\my-vue-project\wind-power-forecast\backend\auto_scripts\scripts\supershort\logs\auto_predict\predict_20250325_00_15.flag)
2025-03-25 08:11:05,903 - ⏩ 跳过已处理的文件: 202503250015.csv
2025-03-25 08:11:05,903 - 该预测文件已处理过 (标志文件: D:\my-vue-project\wind-power-forecast\backend\auto_scripts\scripts\supershort\logs\auto_predict\predict_20250325_00_30.flag)
2025-03-25 08:11:05,903 - ⏩ 跳过已处理的文件: 202503250030.csv
2025-03-25 08:11:05,903 - 该预测文件已处理过 (标志文件: D:\my-vue-project\wind-power-forecast\backend\auto_scripts\scripts\supershort\logs\auto_predict\predict_20250325_00_45.flag)
2025-03-25 08:11:05,903 - ⏩ 跳过已处理的文件: 202503250045.csv
2025-03-25 08:11:05,904 - 该预测文件已处理过 (标志文件: D:\my-vue-project\wind-power-forecast\backend\auto_scripts\scripts\supershort\logs\auto_predict\predict_20250325_01_00.flag)
2025-03-25 08:11:05,904 - ⏩ 跳过已处理的文件: 202503250100.csv
2025-03-25 08:11:05,904 - 该预测文件已处理过 (标志文件: D:\my-vue-project\wind-power-forecast\backend\auto_scripts\scripts\supershort\logs\auto_predict\predict_20250325_01_15.flag)
2025-03-25 08:11:05,904 - ⏩ 跳过已处理的文件: 202503250115.csv
2025-03-25 08:11:05,904 - 该预测文件已处理过 (标志文件: D:\my-vue-project\wind-power-forecast\backend\auto_scripts\scripts\supershort\logs\auto_predict\predict_20250325_01_30.flag)
2025-03-25 08:11:05,904 - ⏩ 跳过已处理的文件: 202503250130.csv
2025-03-25 08:11:05,904 - 该预测文件已处理过 (标志文件: D:\my-vue-project\wind-power-forecast\backend\auto_scripts\scripts\supershort\logs\auto_predict\predict_20250325_01_45.flag)
2025-03-25 08:11:05,905 - ⏩ 跳过已处理的文件: 202503250145.csv
2025-03-25 08:11:05,905 - 该预测文件已处理过 (标志文件: D:\my-vue-project\wind-power-forecast\backend\auto_scripts\scripts\supershort\logs\auto_predict\predict_20250325_02_00.flag)
2025-03-25 08:11:05,905 - ⏩ 跳过已处理的文件: 202503250200.csv
2025-03-25 08:11:05,905 - 该预测文件已处理过 (标志文件: D:\my-vue-project\wind-power-forecast\backend\auto_scripts\scripts\supershort\logs\auto_predict\predict_20250325_02_15.flag)
2025-03-25 08:11:05,906 - ⏩ 跳过已处理的文件: 202503250215.csv
2025-03-25 08:11:05,906 - 该预测文件已处理过 (标志文件: D:\my-vue-project\wind-power-forecast\backend\auto_scripts\scripts\supershort\logs\auto_predict\predict_20250325_02_30.flag)
2025-03-25 08:11:05,906 - ⏩ 跳过已处理的文件: 202503250230.csv
2025-03-25 08:11:05,906 - 该预测文件已处理过 (标志文件: D:\my-vue-project\wind-power-forecast\backend\auto_scripts\scripts\supershort\logs\auto_predict\predict_20250325_02_45.flag)
2025-03-25 08:11:05,906 - ⏩ 跳过已处理的文件: 202503250245.csv
2025-03-25 08:11:05,906 - 该预测文件已处理过 (标志文件: D:\my-vue-project\wind-power-forecast\backend\auto_scripts\scripts\supershort\logs\auto_predict\predict_20250325_03_00.flag)
2025-03-25 08:11:05,906 - ⏩ 跳过已处理的文件: 202503250300.csv
2025-03-25 08:11:05,907 - 该预测文件已处理过 (标志文件: D:\my-vue-project\wind-power-forecast\backend\auto_scripts\scripts\supershort\logs\auto_predict\predict_20250325_03_15.flag)
2025-03-25 08:11:05,907 - ⏩ 跳过已处理的文件: 202503250315.csv
2025-03-25 08:11:05,907 - 该预测文件已处理过 (标志文件: D:\my-vue-project\wind-power-forecast\backend\auto_scripts\scripts\supershort\logs\auto_predict\predict_20250325_03_30.flag)
2025-03-25 08:11:05,907 - ⏩ 跳过已处理的文件: 202503250330.csv
2025-03-25 08:11:05,907 - 该预测文件已处理过 (标志文件: D:\my-vue-project\wind-power-forecast\backend\auto_scripts\scripts\supershort\logs\auto_predict\predict_20250325_03_45.flag)
2025-03-25 08:11:05,907 - ⏩ 跳过已处理的文件: 202503250345.csv
2025-03-25 08:11:05,907 - 该预测文件已处理过 (标志文件: D:\my-vue-project\wind-power-forecast\backend\auto_scripts\scripts\supershort\logs\auto_predict\predict_20250325_04_00.flag)
2025-03-25 08:11:05,907 - ⏩ 跳过已处理的文件: 202503250400.csv
2025-03-25 08:11:05,908 - 该预测文件已处理过 (标志文件: D:\my-vue-project\wind-power-forecast\backend\auto_scripts\scripts\supershort\logs\auto_predict\predict_20250325_04_15.flag)
2025-03-25 08:11:05,908 - ⏩ 跳过已处理的文件: 202503250415.csv
2025-03-25 08:11:05,908 - 该预测文件已处理过 (标志文件: D:\my-vue-project\wind-power-forecast\backend\auto_scripts\scripts\supershort\logs\auto_predict\predict_20250325_04_30.flag)
2025-03-25 08:11:05,908 - ⏩ 跳过已处理的文件: 202503250430.csv
2025-03-25 08:11:05,908 - 该预测文件已处理过 (标志文件: D:\my-vue-project\wind-power-forecast\backend\auto_scripts\scripts\supershort\logs\auto_predict\predict_20250325_04_45.flag)
2025-03-25 08:11:05,908 - ⏩ 跳过已处理的文件: 202503250445.csv
2025-03-25 08:11:05,908 - 该预测文件已处理过 (标志文件: D:\my-vue-project\wind-power-forecast\backend\auto_scripts\scripts\supershort\logs\auto_predict\predict_20250325_05_00.flag)
2025-03-25 08:11:05,908 - ⏩ 跳过已处理的文件: 202503250500.csv
2025-03-25 08:11:05,909 - 该预测文件已处理过 (标志文件: D:\my-vue-project\wind-power-forecast\backend\auto_scripts\scripts\supershort\logs\auto_predict\predict_20250325_05_15.flag)
2025-03-25 08:11:05,909 - ⏩ 跳过已处理的文件: 202503250515.csv
2025-03-25 08:11:05,909 - 该预测文件已处理过 (标志文件: D:\my-vue-project\wind-power-forecast\backend\auto_scripts\scripts\supershort\logs\auto_predict\predict_20250325_05_30.flag)
2025-03-25 08:11:05,909 - ⏩ 跳过已处理的文件: 202503250530.csv
2025-03-25 08:11:05,909 - 该预测文件已处理过 (标志文件: D:\my-vue-project\wind-power-forecast\backend\auto_scripts\scripts\supershort\logs\auto_predict\predict_20250325_05_45.flag)
2025-03-25 08:11:05,909 - ⏩ 跳过已处理的文件: 202503250545.csv
2025-03-25 08:11:05,909 - 该预测文件已处理过 (标志文件: D:\my-vue-project\wind-power-forecast\backend\auto_scripts\scripts\supershort\logs\auto_predict\predict_20250325_06_00.flag)
2025-03-25 08:11:05,909 - ⏩ 跳过已处理的文件: 202503250600.csv
2025-03-25 08:11:05,910 - 该预测文件已处理过 (标志文件: D:\my-vue-project\wind-power-forecast\backend\auto_scripts\scripts\supershort\logs\auto_predict\predict_20250325_06_15.flag)
2025-03-25 08:11:05,910 - ⏩ 跳过已处理的文件: 202503250615.csv
2025-03-25 08:11:05,910 - 该预测文件已处理过 (标志文件: D:\my-vue-project\wind-power-forecast\backend\auto_scripts\scripts\supershort\logs\auto_predict\predict_20250325_06_30.flag)
2025-03-25 08:11:05,910 - ⏩ 跳过已处理的文件: 202503250630.csv
2025-03-25 08:11:05,910 - 该预测文件已处理过 (标志文件: D:\my-vue-project\wind-power-forecast\backend\auto_scripts\scripts\supershort\logs\auto_predict\predict_20250325_06_45.flag)
2025-03-25 08:11:05,910 - ⏩ 跳过已处理的文件: 202503250645.csv
2025-03-25 08:11:05,910 - 该预测文件已处理过 (标志文件: D:\my-vue-project\wind-power-forecast\backend\auto_scripts\scripts\supershort\logs\auto_predict\predict_20250325_07_00.flag)
2025-03-25 08:11:05,910 - ⏩ 跳过已处理的文件: 202503250700.csv
2025-03-25 08:11:05,911 - 该预测文件已处理过 (标志文件: D:\my-vue-project\wind-power-forecast\backend\auto_scripts\scripts\supershort\logs\auto_predict\predict_20250325_07_15.flag)
2025-03-25 08:11:05,911 - ⏩ 跳过已处理的文件: 202503250715.csv
2025-03-25 08:11:05,911 - 该预测文件已处理过 (标志文件: D:\my-vue-project\wind-power-forecast\backend\auto_scripts\scripts\supershort\logs\auto_predict\predict_20250325_07_30.flag)
2025-03-25 08:11:05,911 - ⏩ 跳过已处理的文件: 202503250730.csv
2025-03-25 08:11:05,911 - 该预测文件已处理过 (标志文件: D:\my-vue-project\wind-power-forecast\backend\auto_scripts\scripts\supershort\logs\auto_predict\predict_20250325_07_45.flag)
2025-03-25 08:11:05,911 - ⏩ 跳过已处理的文件: 202503250745.csv
2025-03-25 08:11:05,911 - 该预测文件已处理过 (标志文件: D:\my-vue-project\wind-power-forecast\backend\auto_scripts\scripts\supershort\logs\auto_predict\predict_20250325_08_00.flag)
2025-03-25 08:11:05,911 - ⏩ 跳过已处理的文件: 202503250800.csv
2025-03-25 08:11:05,911 - 本次共处理了 33 个预测文件
2025-03-25 08:11:05,911 - 
================================================================================
2025-03-25 08:11:05,911 - >>> 预测任务结束 <<<
2025-03-25 08:11:05,912 - ================================================================================

2025-03-25 08:11:05,912 - 预测任务结束
2025-03-25 08:16:07,353 - 
================================================================================
2025-03-25 08:16:07,353 - >>> 自动预测系统启动 <<<
2025-03-25 08:16:07,353 - ================================================================================

2025-03-25 08:16:07,353 - 自动预测系统启动
2025-03-25 08:16:07,353 - 当前日期: 20250325, 时间: 08:16:07
2025-03-25 08:16:07,353 - 
================================================================================
2025-03-25 08:16:07,353 - >>> 开始执行预测 <<<
2025-03-25 08:16:07,353 - ================================================================================

2025-03-25 08:16:07,353 - 开始执行预测
2025-03-25 08:16:07,353 - 扫描预测数据文件目录: D:\my-vue-project\wind-power-forecast\backend\auto_scripts\precsv\supershortcsv\20250325
2025-03-25 08:16:07,353 - 检查模型目录: D:\my-vue-project\wind-power-forecast\backend\auto_scripts\models\supershortmodel\20250325
2025-03-25 08:16:07,354 - 发现best_models目录: D:\my-vue-project\wind-power-forecast\backend\auto_scripts\models\supershortmodel\20250325\best_models
2025-03-25 08:16:07,354 - 发现GBDT模型文件: D:\my-vue-project\wind-power-forecast\backend\auto_scripts\models\supershortmodel\20250325\best_models\GBDT.joblib
2025-03-25 08:16:07,354 - 找到 34 个CSV文件
2025-03-25 08:16:07,354 - 该预测文件已处理过 (标志文件: D:\my-vue-project\wind-power-forecast\backend\auto_scripts\scripts\supershort\logs\auto_predict\predict_20250325_00_00.flag)
2025-03-25 08:16:07,354 - ⏩ 跳过已处理的文件: 202503250000.csv
2025-03-25 08:16:07,355 - 该预测文件已处理过 (标志文件: D:\my-vue-project\wind-power-forecast\backend\auto_scripts\scripts\supershort\logs\auto_predict\predict_20250325_00_15.flag)
2025-03-25 08:16:07,355 - ⏩ 跳过已处理的文件: 202503250015.csv
2025-03-25 08:16:07,355 - 该预测文件已处理过 (标志文件: D:\my-vue-project\wind-power-forecast\backend\auto_scripts\scripts\supershort\logs\auto_predict\predict_20250325_00_30.flag)
2025-03-25 08:16:07,355 - ⏩ 跳过已处理的文件: 202503250030.csv
2025-03-25 08:16:07,355 - 该预测文件已处理过 (标志文件: D:\my-vue-project\wind-power-forecast\backend\auto_scripts\scripts\supershort\logs\auto_predict\predict_20250325_00_45.flag)
2025-03-25 08:16:07,355 - ⏩ 跳过已处理的文件: 202503250045.csv
2025-03-25 08:16:07,355 - 该预测文件已处理过 (标志文件: D:\my-vue-project\wind-power-forecast\backend\auto_scripts\scripts\supershort\logs\auto_predict\predict_20250325_01_00.flag)
2025-03-25 08:16:07,355 - ⏩ 跳过已处理的文件: 202503250100.csv
2025-03-25 08:16:07,356 - 该预测文件已处理过 (标志文件: D:\my-vue-project\wind-power-forecast\backend\auto_scripts\scripts\supershort\logs\auto_predict\predict_20250325_01_15.flag)
2025-03-25 08:16:07,356 - ⏩ 跳过已处理的文件: 202503250115.csv
2025-03-25 08:16:07,356 - 该预测文件已处理过 (标志文件: D:\my-vue-project\wind-power-forecast\backend\auto_scripts\scripts\supershort\logs\auto_predict\predict_20250325_01_30.flag)
2025-03-25 08:16:07,356 - ⏩ 跳过已处理的文件: 202503250130.csv
2025-03-25 08:16:07,356 - 该预测文件已处理过 (标志文件: D:\my-vue-project\wind-power-forecast\backend\auto_scripts\scripts\supershort\logs\auto_predict\predict_20250325_01_45.flag)
2025-03-25 08:16:07,356 - ⏩ 跳过已处理的文件: 202503250145.csv
2025-03-25 08:16:07,356 - 该预测文件已处理过 (标志文件: D:\my-vue-project\wind-power-forecast\backend\auto_scripts\scripts\supershort\logs\auto_predict\predict_20250325_02_00.flag)
2025-03-25 08:16:07,357 - ⏩ 跳过已处理的文件: 202503250200.csv
2025-03-25 08:16:07,357 - 该预测文件已处理过 (标志文件: D:\my-vue-project\wind-power-forecast\backend\auto_scripts\scripts\supershort\logs\auto_predict\predict_20250325_02_15.flag)
2025-03-25 08:16:07,357 - ⏩ 跳过已处理的文件: 202503250215.csv
2025-03-25 08:16:07,357 - 该预测文件已处理过 (标志文件: D:\my-vue-project\wind-power-forecast\backend\auto_scripts\scripts\supershort\logs\auto_predict\predict_20250325_02_30.flag)
2025-03-25 08:16:07,357 - ⏩ 跳过已处理的文件: 202503250230.csv
2025-03-25 08:16:07,357 - 该预测文件已处理过 (标志文件: D:\my-vue-project\wind-power-forecast\backend\auto_scripts\scripts\supershort\logs\auto_predict\predict_20250325_02_45.flag)
2025-03-25 08:16:07,357 - ⏩ 跳过已处理的文件: 202503250245.csv
2025-03-25 08:16:07,357 - 该预测文件已处理过 (标志文件: D:\my-vue-project\wind-power-forecast\backend\auto_scripts\scripts\supershort\logs\auto_predict\predict_20250325_03_00.flag)
2025-03-25 08:16:07,358 - ⏩ 跳过已处理的文件: 202503250300.csv
2025-03-25 08:16:07,358 - 该预测文件已处理过 (标志文件: D:\my-vue-project\wind-power-forecast\backend\auto_scripts\scripts\supershort\logs\auto_predict\predict_20250325_03_15.flag)
2025-03-25 08:16:07,358 - ⏩ 跳过已处理的文件: 202503250315.csv
2025-03-25 08:16:07,358 - 该预测文件已处理过 (标志文件: D:\my-vue-project\wind-power-forecast\backend\auto_scripts\scripts\supershort\logs\auto_predict\predict_20250325_03_30.flag)
2025-03-25 08:16:07,358 - ⏩ 跳过已处理的文件: 202503250330.csv
2025-03-25 08:16:07,358 - 该预测文件已处理过 (标志文件: D:\my-vue-project\wind-power-forecast\backend\auto_scripts\scripts\supershort\logs\auto_predict\predict_20250325_03_45.flag)
2025-03-25 08:16:07,358 - ⏩ 跳过已处理的文件: 202503250345.csv
2025-03-25 08:16:07,358 - 该预测文件已处理过 (标志文件: D:\my-vue-project\wind-power-forecast\backend\auto_scripts\scripts\supershort\logs\auto_predict\predict_20250325_04_00.flag)
2025-03-25 08:16:07,359 - ⏩ 跳过已处理的文件: 202503250400.csv
2025-03-25 08:16:07,359 - 该预测文件已处理过 (标志文件: D:\my-vue-project\wind-power-forecast\backend\auto_scripts\scripts\supershort\logs\auto_predict\predict_20250325_04_15.flag)
2025-03-25 08:16:07,359 - ⏩ 跳过已处理的文件: 202503250415.csv
2025-03-25 08:16:07,359 - 该预测文件已处理过 (标志文件: D:\my-vue-project\wind-power-forecast\backend\auto_scripts\scripts\supershort\logs\auto_predict\predict_20250325_04_30.flag)
2025-03-25 08:16:07,359 - ⏩ 跳过已处理的文件: 202503250430.csv
2025-03-25 08:16:07,359 - 该预测文件已处理过 (标志文件: D:\my-vue-project\wind-power-forecast\backend\auto_scripts\scripts\supershort\logs\auto_predict\predict_20250325_04_45.flag)
2025-03-25 08:16:07,359 - ⏩ 跳过已处理的文件: 202503250445.csv
2025-03-25 08:16:07,359 - 该预测文件已处理过 (标志文件: D:\my-vue-project\wind-power-forecast\backend\auto_scripts\scripts\supershort\logs\auto_predict\predict_20250325_05_00.flag)
2025-03-25 08:16:07,359 - ⏩ 跳过已处理的文件: 202503250500.csv
2025-03-25 08:16:07,360 - 该预测文件已处理过 (标志文件: D:\my-vue-project\wind-power-forecast\backend\auto_scripts\scripts\supershort\logs\auto_predict\predict_20250325_05_15.flag)
2025-03-25 08:16:07,360 - ⏩ 跳过已处理的文件: 202503250515.csv
2025-03-25 08:16:07,360 - 该预测文件已处理过 (标志文件: D:\my-vue-project\wind-power-forecast\backend\auto_scripts\scripts\supershort\logs\auto_predict\predict_20250325_05_30.flag)
2025-03-25 08:16:07,360 - ⏩ 跳过已处理的文件: 202503250530.csv
2025-03-25 08:16:07,360 - 该预测文件已处理过 (标志文件: D:\my-vue-project\wind-power-forecast\backend\auto_scripts\scripts\supershort\logs\auto_predict\predict_20250325_05_45.flag)
2025-03-25 08:16:07,360 - ⏩ 跳过已处理的文件: 202503250545.csv
2025-03-25 08:16:07,360 - 该预测文件已处理过 (标志文件: D:\my-vue-project\wind-power-forecast\backend\auto_scripts\scripts\supershort\logs\auto_predict\predict_20250325_06_00.flag)
2025-03-25 08:16:07,361 - ⏩ 跳过已处理的文件: 202503250600.csv
2025-03-25 08:16:07,361 - 该预测文件已处理过 (标志文件: D:\my-vue-project\wind-power-forecast\backend\auto_scripts\scripts\supershort\logs\auto_predict\predict_20250325_06_15.flag)
2025-03-25 08:16:07,361 - ⏩ 跳过已处理的文件: 202503250615.csv
2025-03-25 08:16:07,361 - 该预测文件已处理过 (标志文件: D:\my-vue-project\wind-power-forecast\backend\auto_scripts\scripts\supershort\logs\auto_predict\predict_20250325_06_30.flag)
2025-03-25 08:16:07,361 - ⏩ 跳过已处理的文件: 202503250630.csv
2025-03-25 08:16:07,361 - 该预测文件已处理过 (标志文件: D:\my-vue-project\wind-power-forecast\backend\auto_scripts\scripts\supershort\logs\auto_predict\predict_20250325_06_45.flag)
2025-03-25 08:16:07,361 - ⏩ 跳过已处理的文件: 202503250645.csv
2025-03-25 08:16:07,361 - 该预测文件已处理过 (标志文件: D:\my-vue-project\wind-power-forecast\backend\auto_scripts\scripts\supershort\logs\auto_predict\predict_20250325_07_00.flag)
2025-03-25 08:16:07,362 - ⏩ 跳过已处理的文件: 202503250700.csv
2025-03-25 08:16:07,362 - 该预测文件已处理过 (标志文件: D:\my-vue-project\wind-power-forecast\backend\auto_scripts\scripts\supershort\logs\auto_predict\predict_20250325_07_15.flag)
2025-03-25 08:16:07,362 - ⏩ 跳过已处理的文件: 202503250715.csv
2025-03-25 08:16:07,362 - 该预测文件已处理过 (标志文件: D:\my-vue-project\wind-power-forecast\backend\auto_scripts\scripts\supershort\logs\auto_predict\predict_20250325_07_30.flag)
2025-03-25 08:16:07,362 - ⏩ 跳过已处理的文件: 202503250730.csv
2025-03-25 08:16:07,362 - 该预测文件已处理过 (标志文件: D:\my-vue-project\wind-power-forecast\backend\auto_scripts\scripts\supershort\logs\auto_predict\predict_20250325_07_45.flag)
2025-03-25 08:16:07,362 - ⏩ 跳过已处理的文件: 202503250745.csv
2025-03-25 08:16:07,362 - 该预测文件已处理过 (标志文件: D:\my-vue-project\wind-power-forecast\backend\auto_scripts\scripts\supershort\logs\auto_predict\predict_20250325_08_00.flag)
2025-03-25 08:16:07,363 - ⏩ 跳过已处理的文件: 202503250800.csv
2025-03-25 08:16:07,363 - ✅ 处理预测文件: D:\my-vue-project\wind-power-forecast\backend\auto_scripts\precsv\supershortcsv\20250325\202503250815.csv
2025-03-25 08:16:07,363 - 
============================================================
【风电功率预测开始】
============================================================
2025-03-25 08:16:07,363 - 配置信息:
2025-03-25 08:16:07,363 -   - 数据文件: D:\my-vue-project\wind-power-forecast\backend\auto_scripts\precsv\supershortcsv\20250325\202503250815.csv
2025-03-25 08:16:07,363 -   - 模型目录: D:\my-vue-project\wind-power-forecast\backend\auto_scripts\models\supershortmodel\20250325
2025-03-25 08:16:07,363 -   - 窗口大小: 16
2025-03-25 08:16:07,363 -   - 滞后特征数: 4
2025-03-25 08:16:07,363 - 
============================================================
【预处理新数据】
============================================================
2025-03-25 08:16:07,363 - 加载数据文件: D:\my-vue-project\wind-power-forecast\backend\auto_scripts\precsv\supershortcsv\20250325\202503250815.csv
2025-03-25 08:16:07,368 - 数据加载完成，去除缺失值后共 29 条记录
2025-03-25 08:16:07,408 - 数据前5行预览:
        Timestamp    129.128_1    129.128_2  ...  ws200_13  ws200_14  ws200_15
0  2024/3/11 0:00  15974.26563  16293.82813  ...  4.542173  1.324043  0.865087
1  2024/3/11 0:15  15974.26563  16293.82813  ...  3.899081  0.880606  1.273859
2  2024/3/11 0:30  15974.26563  16293.82813  ...  3.273753  0.778394  1.710350
3  2024/3/11 0:45  15974.26563  16293.82813  ...  2.678660  1.115517  2.157803
4  2024/3/11 1:00  15974.26563  16293.82813  ...  2.139185  1.640399  2.610587

[5 rows x 301 columns]
2025-03-25 08:16:07,408 - 预处理数据...
2025-03-25 08:16:07,411 - 预处理完成，特征维度: (29, 304)
2025-03-25 08:16:07,411 - 执行特征工程，滞后特征数: 4...
2025-03-25 08:16:07,441 - 特征工程完成，特征维度: (26, 859)
2025-03-25 08:16:07,441 - 新数据预处理完成，共 26 个样本
2025-03-25 08:16:07,442 - ✅ 发现最佳模型目录: D:\my-vue-project\wind-power-forecast\backend\auto_scripts\models\supershortmodel\20250325\best_models，尝试使用多模型加权预测
2025-03-25 08:16:07,442 - 
============================================================
【加载多个模型】
============================================================
2025-03-25 08:16:07,442 - 从目录加载模型和 scaler: D:\my-vue-project\wind-power-forecast\backend\auto_scripts\models\supershortmodel\20250325\best_models
2025-03-25 08:16:07,442 - 加载 GBDT 模型和 scaler...
2025-03-25 08:16:07,539 - ✅ 已成功加载 GBDT 模型和对应的 scaler
2025-03-25 08:16:07,539 - 加载 DART 模型和 scaler...
2025-03-25 08:16:07,544 - ✅ 已成功加载 DART 模型和对应的 scaler
2025-03-25 08:16:07,544 - 加载 GOSS 模型和 scaler...
2025-03-25 08:16:07,549 - ✅ 已成功加载 GOSS 模型和对应的 scaler
2025-03-25 08:16:07,549 - 加载完成，共加载了 3 个模型: GBDT, DART, GOSS
2025-03-25 08:16:07,549 - 尝试加载模型权重文件: D:\my-vue-project\wind-power-forecast\backend\auto_scripts\models\supershortmodel\20250325\model_weights.joblib
2025-03-25 08:16:07,549 - ✅ 已加载模型权重: {'GBDT': np.float64(0.0), 'DART': np.float64(0.0), 'GOSS': np.float64(0.9413418792089218), 'INTERCEPT': np.float64(-0.0258769107539365)}
2025-03-25 08:16:07,550 - 
============================================================
【使用多模型加权预测】
============================================================
2025-03-25 08:16:07,550 - 使用自定义权重: {'GBDT': np.float64(0.0), 'DART': np.float64(0.0), 'GOSS': np.float64(0.9413418792089218), 'INTERCEPT': np.float64(-0.0258769107539365)}
2025-03-25 08:16:07,550 - ❌ GBDT 模型权重为0，跳过
2025-03-25 08:16:07,550 - ❌ DART 模型权重为0，跳过
2025-03-25 08:16:07,550 - 使用 GOSS 模型进行预测 (权重: 0.9413)...
2025-03-25 08:16:07,552 - GOSS: 数据标准化完成
2025-03-25 08:16:07,552 - GOSS: 时间窗口创建完成，窗口数量: 11
2025-03-25 08:16:07,604 - ✅ GOSS 模型预测完成，生成了 11 个预测值
2025-03-25 08:16:07,604 -    统计: 最小值=118.97, 最大值=177.46, 平均值=157.97
2025-03-25 08:16:07,604 - 所有预测结果对齐到最小长度: 11
2025-03-25 08:16:07,604 - 开始计算加权平均预测结果...
2025-03-25 08:16:07,604 -   加入 GOSS 模型贡献 (权重: 0.9413)
2025-03-25 08:16:07,604 -   加入常数偏置项 (值: -0.0259)
2025-03-25 08:16:07,604 - 加权平均预测完成，生成了 11 个预测值
2025-03-25 08:16:07,604 - 加权预测结果统计: 最小值=111.96, 最大值=167.03, 平均值=148.67
2025-03-25 08:16:07,604 - ✅ 多模型加权预测完成，使用模型: GBDT, DART, GOSS
2025-03-25 08:16:07,605 - 预测结果数据框创建完成，共 11 行
2025-03-25 08:16:07,606 - ✅ 预测结果已保存到文件: D:\my-vue-project\wind-power-forecast\backend\auto_scripts\results\supershortresult\20250325\prediction_202503250815.csv
2025-03-25 08:16:07,606 - 尝试将预测结果导入数据库...
2025-03-25 08:16:07,606 - 发送HTTP请求到: http://localhost:5000/prediction2database/batch_supershortl_power
2025-03-25 08:16:09,682 - ✅ 数据已成功导入数据库
2025-03-25 08:16:09,683 -    总记录数: 11, 更新: 11, 插入: 0
2025-03-25 08:16:09,683 - 
============================================================
【风电功率预测完成】
============================================================
2025-03-25 08:16:09,683 - 风电功率预测完成
2025-03-25 08:16:09,686 - ✅ 202503250815.csv 预测执行完成
2025-03-25 08:16:09,687 - 已创建预测标志文件: D:\my-vue-project\wind-power-forecast\backend\auto_scripts\scripts\supershort\logs\auto_predict\predict_20250325_08_15.flag
2025-03-25 08:16:09,687 - 本次共处理了 34 个预测文件
2025-03-25 08:16:09,687 - 
================================================================================
2025-03-25 08:16:09,687 - >>> 预测任务结束 <<<
2025-03-25 08:16:09,687 - ================================================================================

2025-03-25 08:16:09,688 - 预测任务结束
2025-03-25 08:21:11,156 - 
================================================================================
2025-03-25 08:21:11,156 - >>> 自动预测系统启动 <<<
2025-03-25 08:21:11,156 - ================================================================================

2025-03-25 08:21:11,157 - 自动预测系统启动
2025-03-25 08:21:11,157 - 当前日期: 20250325, 时间: 08:21:11
2025-03-25 08:21:11,157 - 
================================================================================
2025-03-25 08:21:11,157 - >>> 开始执行预测 <<<
2025-03-25 08:21:11,157 - ================================================================================

2025-03-25 08:21:11,157 - 开始执行预测
2025-03-25 08:21:11,157 - 扫描预测数据文件目录: D:\my-vue-project\wind-power-forecast\backend\auto_scripts\precsv\supershortcsv\20250325
2025-03-25 08:21:11,157 - 检查模型目录: D:\my-vue-project\wind-power-forecast\backend\auto_scripts\models\supershortmodel\20250325
2025-03-25 08:21:11,157 - 发现best_models目录: D:\my-vue-project\wind-power-forecast\backend\auto_scripts\models\supershortmodel\20250325\best_models
2025-03-25 08:21:11,157 - 发现GBDT模型文件: D:\my-vue-project\wind-power-forecast\backend\auto_scripts\models\supershortmodel\20250325\best_models\GBDT.joblib
2025-03-25 08:21:11,158 - 找到 34 个CSV文件
2025-03-25 08:21:11,158 - 该预测文件已处理过 (标志文件: D:\my-vue-project\wind-power-forecast\backend\auto_scripts\scripts\supershort\logs\auto_predict\predict_20250325_00_00.flag)
2025-03-25 08:21:11,158 - ⏩ 跳过已处理的文件: 202503250000.csv
2025-03-25 08:21:11,158 - 该预测文件已处理过 (标志文件: D:\my-vue-project\wind-power-forecast\backend\auto_scripts\scripts\supershort\logs\auto_predict\predict_20250325_00_15.flag)
2025-03-25 08:21:11,158 - ⏩ 跳过已处理的文件: 202503250015.csv
2025-03-25 08:21:11,158 - 该预测文件已处理过 (标志文件: D:\my-vue-project\wind-power-forecast\backend\auto_scripts\scripts\supershort\logs\auto_predict\predict_20250325_00_30.flag)
2025-03-25 08:21:11,158 - ⏩ 跳过已处理的文件: 202503250030.csv
2025-03-25 08:21:11,159 - 该预测文件已处理过 (标志文件: D:\my-vue-project\wind-power-forecast\backend\auto_scripts\scripts\supershort\logs\auto_predict\predict_20250325_00_45.flag)
2025-03-25 08:21:11,159 - ⏩ 跳过已处理的文件: 202503250045.csv
2025-03-25 08:21:11,159 - 该预测文件已处理过 (标志文件: D:\my-vue-project\wind-power-forecast\backend\auto_scripts\scripts\supershort\logs\auto_predict\predict_20250325_01_00.flag)
2025-03-25 08:21:11,159 - ⏩ 跳过已处理的文件: 202503250100.csv
2025-03-25 08:21:11,159 - 该预测文件已处理过 (标志文件: D:\my-vue-project\wind-power-forecast\backend\auto_scripts\scripts\supershort\logs\auto_predict\predict_20250325_01_15.flag)
2025-03-25 08:21:11,159 - ⏩ 跳过已处理的文件: 202503250115.csv
2025-03-25 08:21:11,159 - 该预测文件已处理过 (标志文件: D:\my-vue-project\wind-power-forecast\backend\auto_scripts\scripts\supershort\logs\auto_predict\predict_20250325_01_30.flag)
2025-03-25 08:21:11,159 - ⏩ 跳过已处理的文件: 202503250130.csv
2025-03-25 08:21:11,160 - 该预测文件已处理过 (标志文件: D:\my-vue-project\wind-power-forecast\backend\auto_scripts\scripts\supershort\logs\auto_predict\predict_20250325_01_45.flag)
2025-03-25 08:21:11,160 - ⏩ 跳过已处理的文件: 202503250145.csv
2025-03-25 08:21:11,160 - 该预测文件已处理过 (标志文件: D:\my-vue-project\wind-power-forecast\backend\auto_scripts\scripts\supershort\logs\auto_predict\predict_20250325_02_00.flag)
2025-03-25 08:21:11,160 - ⏩ 跳过已处理的文件: 202503250200.csv
2025-03-25 08:21:11,160 - 该预测文件已处理过 (标志文件: D:\my-vue-project\wind-power-forecast\backend\auto_scripts\scripts\supershort\logs\auto_predict\predict_20250325_02_15.flag)
2025-03-25 08:21:11,160 - ⏩ 跳过已处理的文件: 202503250215.csv
2025-03-25 08:21:11,160 - 该预测文件已处理过 (标志文件: D:\my-vue-project\wind-power-forecast\backend\auto_scripts\scripts\supershort\logs\auto_predict\predict_20250325_02_30.flag)
2025-03-25 08:21:11,160 - ⏩ 跳过已处理的文件: 202503250230.csv
2025-03-25 08:21:11,161 - 该预测文件已处理过 (标志文件: D:\my-vue-project\wind-power-forecast\backend\auto_scripts\scripts\supershort\logs\auto_predict\predict_20250325_02_45.flag)
2025-03-25 08:21:11,161 - ⏩ 跳过已处理的文件: 202503250245.csv
2025-03-25 08:21:11,161 - 该预测文件已处理过 (标志文件: D:\my-vue-project\wind-power-forecast\backend\auto_scripts\scripts\supershort\logs\auto_predict\predict_20250325_03_00.flag)
2025-03-25 08:21:11,161 - ⏩ 跳过已处理的文件: 202503250300.csv
2025-03-25 08:21:11,161 - 该预测文件已处理过 (标志文件: D:\my-vue-project\wind-power-forecast\backend\auto_scripts\scripts\supershort\logs\auto_predict\predict_20250325_03_15.flag)
2025-03-25 08:21:11,161 - ⏩ 跳过已处理的文件: 202503250315.csv
2025-03-25 08:21:11,161 - 该预测文件已处理过 (标志文件: D:\my-vue-project\wind-power-forecast\backend\auto_scripts\scripts\supershort\logs\auto_predict\predict_20250325_03_30.flag)
2025-03-25 08:21:11,161 - ⏩ 跳过已处理的文件: 202503250330.csv
2025-03-25 08:21:11,162 - 该预测文件已处理过 (标志文件: D:\my-vue-project\wind-power-forecast\backend\auto_scripts\scripts\supershort\logs\auto_predict\predict_20250325_03_45.flag)
2025-03-25 08:21:11,162 - ⏩ 跳过已处理的文件: 202503250345.csv
2025-03-25 08:21:11,162 - 该预测文件已处理过 (标志文件: D:\my-vue-project\wind-power-forecast\backend\auto_scripts\scripts\supershort\logs\auto_predict\predict_20250325_04_00.flag)
2025-03-25 08:21:11,162 - ⏩ 跳过已处理的文件: 202503250400.csv
2025-03-25 08:21:11,162 - 该预测文件已处理过 (标志文件: D:\my-vue-project\wind-power-forecast\backend\auto_scripts\scripts\supershort\logs\auto_predict\predict_20250325_04_15.flag)
2025-03-25 08:21:11,162 - ⏩ 跳过已处理的文件: 202503250415.csv
2025-03-25 08:21:11,162 - 该预测文件已处理过 (标志文件: D:\my-vue-project\wind-power-forecast\backend\auto_scripts\scripts\supershort\logs\auto_predict\predict_20250325_04_30.flag)
2025-03-25 08:21:11,162 - ⏩ 跳过已处理的文件: 202503250430.csv
2025-03-25 08:21:11,162 - 该预测文件已处理过 (标志文件: D:\my-vue-project\wind-power-forecast\backend\auto_scripts\scripts\supershort\logs\auto_predict\predict_20250325_04_45.flag)
2025-03-25 08:21:11,162 - ⏩ 跳过已处理的文件: 202503250445.csv
2025-03-25 08:21:11,162 - 该预测文件已处理过 (标志文件: D:\my-vue-project\wind-power-forecast\backend\auto_scripts\scripts\supershort\logs\auto_predict\predict_20250325_05_00.flag)
2025-03-25 08:21:11,162 - ⏩ 跳过已处理的文件: 202503250500.csv
2025-03-25 08:21:11,163 - 该预测文件已处理过 (标志文件: D:\my-vue-project\wind-power-forecast\backend\auto_scripts\scripts\supershort\logs\auto_predict\predict_20250325_05_15.flag)
2025-03-25 08:21:11,163 - ⏩ 跳过已处理的文件: 202503250515.csv
2025-03-25 08:21:11,163 - 该预测文件已处理过 (标志文件: D:\my-vue-project\wind-power-forecast\backend\auto_scripts\scripts\supershort\logs\auto_predict\predict_20250325_05_30.flag)
2025-03-25 08:21:11,163 - ⏩ 跳过已处理的文件: 202503250530.csv
2025-03-25 08:21:11,163 - 该预测文件已处理过 (标志文件: D:\my-vue-project\wind-power-forecast\backend\auto_scripts\scripts\supershort\logs\auto_predict\predict_20250325_05_45.flag)
2025-03-25 08:21:11,163 - ⏩ 跳过已处理的文件: 202503250545.csv
2025-03-25 08:21:11,163 - 该预测文件已处理过 (标志文件: D:\my-vue-project\wind-power-forecast\backend\auto_scripts\scripts\supershort\logs\auto_predict\predict_20250325_06_00.flag)
2025-03-25 08:21:11,163 - ⏩ 跳过已处理的文件: 202503250600.csv
2025-03-25 08:21:11,164 - 该预测文件已处理过 (标志文件: D:\my-vue-project\wind-power-forecast\backend\auto_scripts\scripts\supershort\logs\auto_predict\predict_20250325_06_15.flag)
2025-03-25 08:21:11,164 - ⏩ 跳过已处理的文件: 202503250615.csv
2025-03-25 08:21:11,164 - 该预测文件已处理过 (标志文件: D:\my-vue-project\wind-power-forecast\backend\auto_scripts\scripts\supershort\logs\auto_predict\predict_20250325_06_30.flag)
2025-03-25 08:21:11,164 - ⏩ 跳过已处理的文件: 202503250630.csv
2025-03-25 08:21:11,164 - 该预测文件已处理过 (标志文件: D:\my-vue-project\wind-power-forecast\backend\auto_scripts\scripts\supershort\logs\auto_predict\predict_20250325_06_45.flag)
2025-03-25 08:21:11,164 - ⏩ 跳过已处理的文件: 202503250645.csv
2025-03-25 08:21:11,164 - 该预测文件已处理过 (标志文件: D:\my-vue-project\wind-power-forecast\backend\auto_scripts\scripts\supershort\logs\auto_predict\predict_20250325_07_00.flag)
2025-03-25 08:21:11,164 - ⏩ 跳过已处理的文件: 202503250700.csv
2025-03-25 08:21:11,165 - 该预测文件已处理过 (标志文件: D:\my-vue-project\wind-power-forecast\backend\auto_scripts\scripts\supershort\logs\auto_predict\predict_20250325_07_15.flag)
2025-03-25 08:21:11,165 - ⏩ 跳过已处理的文件: 202503250715.csv
2025-03-25 08:21:11,165 - 该预测文件已处理过 (标志文件: D:\my-vue-project\wind-power-forecast\backend\auto_scripts\scripts\supershort\logs\auto_predict\predict_20250325_07_30.flag)
2025-03-25 08:21:11,165 - ⏩ 跳过已处理的文件: 202503250730.csv
2025-03-25 08:21:11,165 - 该预测文件已处理过 (标志文件: D:\my-vue-project\wind-power-forecast\backend\auto_scripts\scripts\supershort\logs\auto_predict\predict_20250325_07_45.flag)
2025-03-25 08:21:11,165 - ⏩ 跳过已处理的文件: 202503250745.csv
2025-03-25 08:21:11,165 - 该预测文件已处理过 (标志文件: D:\my-vue-project\wind-power-forecast\backend\auto_scripts\scripts\supershort\logs\auto_predict\predict_20250325_08_00.flag)
2025-03-25 08:21:11,165 - ⏩ 跳过已处理的文件: 202503250800.csv
2025-03-25 08:21:11,166 - 该预测文件已处理过 (标志文件: D:\my-vue-project\wind-power-forecast\backend\auto_scripts\scripts\supershort\logs\auto_predict\predict_20250325_08_15.flag)
2025-03-25 08:21:11,166 - ⏩ 跳过已处理的文件: 202503250815.csv
2025-03-25 08:21:11,166 - 本次共处理了 34 个预测文件
2025-03-25 08:21:11,166 - 
================================================================================
2025-03-25 08:21:11,166 - >>> 预测任务结束 <<<
2025-03-25 08:21:11,166 - ================================================================================

2025-03-25 08:21:11,166 - 预测任务结束
2025-03-25 08:26:12,664 - 
================================================================================
2025-03-25 08:26:12,664 - >>> 自动预测系统启动 <<<
2025-03-25 08:26:12,664 - ================================================================================

2025-03-25 08:26:12,664 - 自动预测系统启动
2025-03-25 08:26:12,664 - 当前日期: 20250325, 时间: 08:26:12
2025-03-25 08:26:12,664 - 
================================================================================
2025-03-25 08:26:12,664 - >>> 开始执行预测 <<<
2025-03-25 08:26:12,665 - ================================================================================

2025-03-25 08:26:12,665 - 开始执行预测
2025-03-25 08:26:12,665 - 扫描预测数据文件目录: D:\my-vue-project\wind-power-forecast\backend\auto_scripts\precsv\supershortcsv\20250325
2025-03-25 08:26:12,665 - 检查模型目录: D:\my-vue-project\wind-power-forecast\backend\auto_scripts\models\supershortmodel\20250325
2025-03-25 08:26:12,665 - 发现best_models目录: D:\my-vue-project\wind-power-forecast\backend\auto_scripts\models\supershortmodel\20250325\best_models
2025-03-25 08:26:12,665 - 发现GBDT模型文件: D:\my-vue-project\wind-power-forecast\backend\auto_scripts\models\supershortmodel\20250325\best_models\GBDT.joblib
2025-03-25 08:26:12,665 - 找到 34 个CSV文件
2025-03-25 08:26:12,666 - 该预测文件已处理过 (标志文件: D:\my-vue-project\wind-power-forecast\backend\auto_scripts\scripts\supershort\logs\auto_predict\predict_20250325_00_00.flag)
2025-03-25 08:26:12,666 - ⏩ 跳过已处理的文件: 202503250000.csv
2025-03-25 08:26:12,666 - 该预测文件已处理过 (标志文件: D:\my-vue-project\wind-power-forecast\backend\auto_scripts\scripts\supershort\logs\auto_predict\predict_20250325_00_15.flag)
2025-03-25 08:26:12,666 - ⏩ 跳过已处理的文件: 202503250015.csv
2025-03-25 08:26:12,666 - 该预测文件已处理过 (标志文件: D:\my-vue-project\wind-power-forecast\backend\auto_scripts\scripts\supershort\logs\auto_predict\predict_20250325_00_30.flag)
2025-03-25 08:26:12,666 - ⏩ 跳过已处理的文件: 202503250030.csv
2025-03-25 08:26:12,666 - 该预测文件已处理过 (标志文件: D:\my-vue-project\wind-power-forecast\backend\auto_scripts\scripts\supershort\logs\auto_predict\predict_20250325_00_45.flag)
2025-03-25 08:26:12,666 - ⏩ 跳过已处理的文件: 202503250045.csv
2025-03-25 08:26:12,667 - 该预测文件已处理过 (标志文件: D:\my-vue-project\wind-power-forecast\backend\auto_scripts\scripts\supershort\logs\auto_predict\predict_20250325_01_00.flag)
2025-03-25 08:26:12,667 - ⏩ 跳过已处理的文件: 202503250100.csv
2025-03-25 08:26:12,667 - 该预测文件已处理过 (标志文件: D:\my-vue-project\wind-power-forecast\backend\auto_scripts\scripts\supershort\logs\auto_predict\predict_20250325_01_15.flag)
2025-03-25 08:26:12,667 - ⏩ 跳过已处理的文件: 202503250115.csv
2025-03-25 08:26:12,668 - 该预测文件已处理过 (标志文件: D:\my-vue-project\wind-power-forecast\backend\auto_scripts\scripts\supershort\logs\auto_predict\predict_20250325_01_30.flag)
2025-03-25 08:26:12,668 - ⏩ 跳过已处理的文件: 202503250130.csv
2025-03-25 08:26:12,668 - 该预测文件已处理过 (标志文件: D:\my-vue-project\wind-power-forecast\backend\auto_scripts\scripts\supershort\logs\auto_predict\predict_20250325_01_45.flag)
2025-03-25 08:26:12,668 - ⏩ 跳过已处理的文件: 202503250145.csv
2025-03-25 08:26:12,668 - 该预测文件已处理过 (标志文件: D:\my-vue-project\wind-power-forecast\backend\auto_scripts\scripts\supershort\logs\auto_predict\predict_20250325_02_00.flag)
2025-03-25 08:26:12,668 - ⏩ 跳过已处理的文件: 202503250200.csv
2025-03-25 08:26:12,668 - 该预测文件已处理过 (标志文件: D:\my-vue-project\wind-power-forecast\backend\auto_scripts\scripts\supershort\logs\auto_predict\predict_20250325_02_15.flag)
2025-03-25 08:26:12,668 - ⏩ 跳过已处理的文件: 202503250215.csv
2025-03-25 08:26:12,669 - 该预测文件已处理过 (标志文件: D:\my-vue-project\wind-power-forecast\backend\auto_scripts\scripts\supershort\logs\auto_predict\predict_20250325_02_30.flag)
2025-03-25 08:26:12,669 - ⏩ 跳过已处理的文件: 202503250230.csv
2025-03-25 08:26:12,669 - 该预测文件已处理过 (标志文件: D:\my-vue-project\wind-power-forecast\backend\auto_scripts\scripts\supershort\logs\auto_predict\predict_20250325_02_45.flag)
2025-03-25 08:26:12,669 - ⏩ 跳过已处理的文件: 202503250245.csv
2025-03-25 08:26:12,669 - 该预测文件已处理过 (标志文件: D:\my-vue-project\wind-power-forecast\backend\auto_scripts\scripts\supershort\logs\auto_predict\predict_20250325_03_00.flag)
2025-03-25 08:26:12,669 - ⏩ 跳过已处理的文件: 202503250300.csv
2025-03-25 08:26:12,669 - 该预测文件已处理过 (标志文件: D:\my-vue-project\wind-power-forecast\backend\auto_scripts\scripts\supershort\logs\auto_predict\predict_20250325_03_15.flag)
2025-03-25 08:26:12,669 - ⏩ 跳过已处理的文件: 202503250315.csv
2025-03-25 08:26:12,670 - 该预测文件已处理过 (标志文件: D:\my-vue-project\wind-power-forecast\backend\auto_scripts\scripts\supershort\logs\auto_predict\predict_20250325_03_30.flag)
2025-03-25 08:26:12,670 - ⏩ 跳过已处理的文件: 202503250330.csv
2025-03-25 08:26:12,670 - 该预测文件已处理过 (标志文件: D:\my-vue-project\wind-power-forecast\backend\auto_scripts\scripts\supershort\logs\auto_predict\predict_20250325_03_45.flag)
2025-03-25 08:26:12,670 - ⏩ 跳过已处理的文件: 202503250345.csv
2025-03-25 08:26:12,670 - 该预测文件已处理过 (标志文件: D:\my-vue-project\wind-power-forecast\backend\auto_scripts\scripts\supershort\logs\auto_predict\predict_20250325_04_00.flag)
2025-03-25 08:26:12,670 - ⏩ 跳过已处理的文件: 202503250400.csv
2025-03-25 08:26:12,670 - 该预测文件已处理过 (标志文件: D:\my-vue-project\wind-power-forecast\backend\auto_scripts\scripts\supershort\logs\auto_predict\predict_20250325_04_15.flag)
2025-03-25 08:26:12,670 - ⏩ 跳过已处理的文件: 202503250415.csv
2025-03-25 08:26:12,671 - 该预测文件已处理过 (标志文件: D:\my-vue-project\wind-power-forecast\backend\auto_scripts\scripts\supershort\logs\auto_predict\predict_20250325_04_30.flag)
2025-03-25 08:26:12,671 - ⏩ 跳过已处理的文件: 202503250430.csv
2025-03-25 08:26:12,671 - 该预测文件已处理过 (标志文件: D:\my-vue-project\wind-power-forecast\backend\auto_scripts\scripts\supershort\logs\auto_predict\predict_20250325_04_45.flag)
2025-03-25 08:26:12,671 - ⏩ 跳过已处理的文件: 202503250445.csv
2025-03-25 08:26:12,671 - 该预测文件已处理过 (标志文件: D:\my-vue-project\wind-power-forecast\backend\auto_scripts\scripts\supershort\logs\auto_predict\predict_20250325_05_00.flag)
2025-03-25 08:26:12,671 - ⏩ 跳过已处理的文件: 202503250500.csv
2025-03-25 08:26:12,671 - 该预测文件已处理过 (标志文件: D:\my-vue-project\wind-power-forecast\backend\auto_scripts\scripts\supershort\logs\auto_predict\predict_20250325_05_15.flag)
2025-03-25 08:26:12,671 - ⏩ 跳过已处理的文件: 202503250515.csv
2025-03-25 08:26:12,672 - 该预测文件已处理过 (标志文件: D:\my-vue-project\wind-power-forecast\backend\auto_scripts\scripts\supershort\logs\auto_predict\predict_20250325_05_30.flag)
2025-03-25 08:26:12,672 - ⏩ 跳过已处理的文件: 202503250530.csv
2025-03-25 08:26:12,672 - 该预测文件已处理过 (标志文件: D:\my-vue-project\wind-power-forecast\backend\auto_scripts\scripts\supershort\logs\auto_predict\predict_20250325_05_45.flag)
2025-03-25 08:26:12,672 - ⏩ 跳过已处理的文件: 202503250545.csv
2025-03-25 08:26:12,672 - 该预测文件已处理过 (标志文件: D:\my-vue-project\wind-power-forecast\backend\auto_scripts\scripts\supershort\logs\auto_predict\predict_20250325_06_00.flag)
2025-03-25 08:26:12,672 - ⏩ 跳过已处理的文件: 202503250600.csv
2025-03-25 08:26:12,672 - 该预测文件已处理过 (标志文件: D:\my-vue-project\wind-power-forecast\backend\auto_scripts\scripts\supershort\logs\auto_predict\predict_20250325_06_15.flag)
2025-03-25 08:26:12,672 - ⏩ 跳过已处理的文件: 202503250615.csv
2025-03-25 08:26:12,673 - 该预测文件已处理过 (标志文件: D:\my-vue-project\wind-power-forecast\backend\auto_scripts\scripts\supershort\logs\auto_predict\predict_20250325_06_30.flag)
2025-03-25 08:26:12,673 - ⏩ 跳过已处理的文件: 202503250630.csv
2025-03-25 08:26:12,673 - 该预测文件已处理过 (标志文件: D:\my-vue-project\wind-power-forecast\backend\auto_scripts\scripts\supershort\logs\auto_predict\predict_20250325_06_45.flag)
2025-03-25 08:26:12,673 - ⏩ 跳过已处理的文件: 202503250645.csv
2025-03-25 08:26:12,673 - 该预测文件已处理过 (标志文件: D:\my-vue-project\wind-power-forecast\backend\auto_scripts\scripts\supershort\logs\auto_predict\predict_20250325_07_00.flag)
2025-03-25 08:26:12,673 - ⏩ 跳过已处理的文件: 202503250700.csv
2025-03-25 08:26:12,673 - 该预测文件已处理过 (标志文件: D:\my-vue-project\wind-power-forecast\backend\auto_scripts\scripts\supershort\logs\auto_predict\predict_20250325_07_15.flag)
2025-03-25 08:26:12,673 - ⏩ 跳过已处理的文件: 202503250715.csv
2025-03-25 08:26:12,674 - 该预测文件已处理过 (标志文件: D:\my-vue-project\wind-power-forecast\backend\auto_scripts\scripts\supershort\logs\auto_predict\predict_20250325_07_30.flag)
2025-03-25 08:26:12,674 - ⏩ 跳过已处理的文件: 202503250730.csv
2025-03-25 08:26:12,674 - 该预测文件已处理过 (标志文件: D:\my-vue-project\wind-power-forecast\backend\auto_scripts\scripts\supershort\logs\auto_predict\predict_20250325_07_45.flag)
2025-03-25 08:26:12,674 - ⏩ 跳过已处理的文件: 202503250745.csv
2025-03-25 08:26:12,674 - 该预测文件已处理过 (标志文件: D:\my-vue-project\wind-power-forecast\backend\auto_scripts\scripts\supershort\logs\auto_predict\predict_20250325_08_00.flag)
2025-03-25 08:26:12,674 - ⏩ 跳过已处理的文件: 202503250800.csv
2025-03-25 08:26:12,674 - 该预测文件已处理过 (标志文件: D:\my-vue-project\wind-power-forecast\backend\auto_scripts\scripts\supershort\logs\auto_predict\predict_20250325_08_15.flag)
2025-03-25 08:26:12,674 - ⏩ 跳过已处理的文件: 202503250815.csv
2025-03-25 08:26:12,674 - 本次共处理了 34 个预测文件
2025-03-25 08:26:12,674 - 
================================================================================
2025-03-25 08:26:12,674 - >>> 预测任务结束 <<<
2025-03-25 08:26:12,674 - ================================================================================

2025-03-25 08:26:12,675 - 预测任务结束
2025-03-25 08:31:14,066 - 
================================================================================
2025-03-25 08:31:14,066 - >>> 自动预测系统启动 <<<
2025-03-25 08:31:14,066 - ================================================================================

2025-03-25 08:31:14,066 - 自动预测系统启动
2025-03-25 08:31:14,066 - 当前日期: 20250325, 时间: 08:31:14
2025-03-25 08:31:14,066 - 
================================================================================
2025-03-25 08:31:14,066 - >>> 开始执行预测 <<<
2025-03-25 08:31:14,066 - ================================================================================

2025-03-25 08:31:14,066 - 开始执行预测
2025-03-25 08:31:14,067 - 扫描预测数据文件目录: D:\my-vue-project\wind-power-forecast\backend\auto_scripts\precsv\supershortcsv\20250325
2025-03-25 08:31:14,067 - 检查模型目录: D:\my-vue-project\wind-power-forecast\backend\auto_scripts\models\supershortmodel\20250325
2025-03-25 08:31:14,067 - 发现best_models目录: D:\my-vue-project\wind-power-forecast\backend\auto_scripts\models\supershortmodel\20250325\best_models
2025-03-25 08:31:14,067 - 发现GBDT模型文件: D:\my-vue-project\wind-power-forecast\backend\auto_scripts\models\supershortmodel\20250325\best_models\GBDT.joblib
2025-03-25 08:31:14,067 - 找到 35 个CSV文件
2025-03-25 08:31:14,068 - 该预测文件已处理过 (标志文件: D:\my-vue-project\wind-power-forecast\backend\auto_scripts\scripts\supershort\logs\auto_predict\predict_20250325_00_00.flag)
2025-03-25 08:31:14,068 - ⏩ 跳过已处理的文件: 202503250000.csv
2025-03-25 08:31:14,068 - 该预测文件已处理过 (标志文件: D:\my-vue-project\wind-power-forecast\backend\auto_scripts\scripts\supershort\logs\auto_predict\predict_20250325_00_15.flag)
2025-03-25 08:31:14,068 - ⏩ 跳过已处理的文件: 202503250015.csv
2025-03-25 08:31:14,068 - 该预测文件已处理过 (标志文件: D:\my-vue-project\wind-power-forecast\backend\auto_scripts\scripts\supershort\logs\auto_predict\predict_20250325_00_30.flag)
2025-03-25 08:31:14,068 - ⏩ 跳过已处理的文件: 202503250030.csv
2025-03-25 08:31:14,068 - 该预测文件已处理过 (标志文件: D:\my-vue-project\wind-power-forecast\backend\auto_scripts\scripts\supershort\logs\auto_predict\predict_20250325_00_45.flag)
2025-03-25 08:31:14,068 - ⏩ 跳过已处理的文件: 202503250045.csv
2025-03-25 08:31:14,069 - 该预测文件已处理过 (标志文件: D:\my-vue-project\wind-power-forecast\backend\auto_scripts\scripts\supershort\logs\auto_predict\predict_20250325_01_00.flag)
2025-03-25 08:31:14,069 - ⏩ 跳过已处理的文件: 202503250100.csv
2025-03-25 08:31:14,069 - 该预测文件已处理过 (标志文件: D:\my-vue-project\wind-power-forecast\backend\auto_scripts\scripts\supershort\logs\auto_predict\predict_20250325_01_15.flag)
2025-03-25 08:31:14,069 - ⏩ 跳过已处理的文件: 202503250115.csv
2025-03-25 08:31:14,069 - 该预测文件已处理过 (标志文件: D:\my-vue-project\wind-power-forecast\backend\auto_scripts\scripts\supershort\logs\auto_predict\predict_20250325_01_30.flag)
2025-03-25 08:31:14,069 - ⏩ 跳过已处理的文件: 202503250130.csv
2025-03-25 08:31:14,069 - 该预测文件已处理过 (标志文件: D:\my-vue-project\wind-power-forecast\backend\auto_scripts\scripts\supershort\logs\auto_predict\predict_20250325_01_45.flag)
2025-03-25 08:31:14,069 - ⏩ 跳过已处理的文件: 202503250145.csv
2025-03-25 08:31:14,070 - 该预测文件已处理过 (标志文件: D:\my-vue-project\wind-power-forecast\backend\auto_scripts\scripts\supershort\logs\auto_predict\predict_20250325_02_00.flag)
2025-03-25 08:31:14,070 - ⏩ 跳过已处理的文件: 202503250200.csv
2025-03-25 08:31:14,070 - 该预测文件已处理过 (标志文件: D:\my-vue-project\wind-power-forecast\backend\auto_scripts\scripts\supershort\logs\auto_predict\predict_20250325_02_15.flag)
2025-03-25 08:31:14,070 - ⏩ 跳过已处理的文件: 202503250215.csv
2025-03-25 08:31:14,070 - 该预测文件已处理过 (标志文件: D:\my-vue-project\wind-power-forecast\backend\auto_scripts\scripts\supershort\logs\auto_predict\predict_20250325_02_30.flag)
2025-03-25 08:31:14,070 - ⏩ 跳过已处理的文件: 202503250230.csv
2025-03-25 08:31:14,070 - 该预测文件已处理过 (标志文件: D:\my-vue-project\wind-power-forecast\backend\auto_scripts\scripts\supershort\logs\auto_predict\predict_20250325_02_45.flag)
2025-03-25 08:31:14,070 - ⏩ 跳过已处理的文件: 202503250245.csv
2025-03-25 08:31:14,071 - 该预测文件已处理过 (标志文件: D:\my-vue-project\wind-power-forecast\backend\auto_scripts\scripts\supershort\logs\auto_predict\predict_20250325_03_00.flag)
2025-03-25 08:31:14,071 - ⏩ 跳过已处理的文件: 202503250300.csv
2025-03-25 08:31:14,071 - 该预测文件已处理过 (标志文件: D:\my-vue-project\wind-power-forecast\backend\auto_scripts\scripts\supershort\logs\auto_predict\predict_20250325_03_15.flag)
2025-03-25 08:31:14,071 - ⏩ 跳过已处理的文件: 202503250315.csv
2025-03-25 08:31:14,071 - 该预测文件已处理过 (标志文件: D:\my-vue-project\wind-power-forecast\backend\auto_scripts\scripts\supershort\logs\auto_predict\predict_20250325_03_30.flag)
2025-03-25 08:31:14,071 - ⏩ 跳过已处理的文件: 202503250330.csv
2025-03-25 08:31:14,071 - 该预测文件已处理过 (标志文件: D:\my-vue-project\wind-power-forecast\backend\auto_scripts\scripts\supershort\logs\auto_predict\predict_20250325_03_45.flag)
2025-03-25 08:31:14,071 - ⏩ 跳过已处理的文件: 202503250345.csv
2025-03-25 08:31:14,072 - 该预测文件已处理过 (标志文件: D:\my-vue-project\wind-power-forecast\backend\auto_scripts\scripts\supershort\logs\auto_predict\predict_20250325_04_00.flag)
2025-03-25 08:31:14,072 - ⏩ 跳过已处理的文件: 202503250400.csv
2025-03-25 08:31:14,072 - 该预测文件已处理过 (标志文件: D:\my-vue-project\wind-power-forecast\backend\auto_scripts\scripts\supershort\logs\auto_predict\predict_20250325_04_15.flag)
2025-03-25 08:31:14,072 - ⏩ 跳过已处理的文件: 202503250415.csv
2025-03-25 08:31:14,072 - 该预测文件已处理过 (标志文件: D:\my-vue-project\wind-power-forecast\backend\auto_scripts\scripts\supershort\logs\auto_predict\predict_20250325_04_30.flag)
2025-03-25 08:31:14,072 - ⏩ 跳过已处理的文件: 202503250430.csv
2025-03-25 08:31:14,072 - 该预测文件已处理过 (标志文件: D:\my-vue-project\wind-power-forecast\backend\auto_scripts\scripts\supershort\logs\auto_predict\predict_20250325_04_45.flag)
2025-03-25 08:31:14,072 - ⏩ 跳过已处理的文件: 202503250445.csv
2025-03-25 08:31:14,073 - 该预测文件已处理过 (标志文件: D:\my-vue-project\wind-power-forecast\backend\auto_scripts\scripts\supershort\logs\auto_predict\predict_20250325_05_00.flag)
2025-03-25 08:31:14,073 - ⏩ 跳过已处理的文件: 202503250500.csv
2025-03-25 08:31:14,073 - 该预测文件已处理过 (标志文件: D:\my-vue-project\wind-power-forecast\backend\auto_scripts\scripts\supershort\logs\auto_predict\predict_20250325_05_15.flag)
2025-03-25 08:31:14,073 - ⏩ 跳过已处理的文件: 202503250515.csv
2025-03-25 08:31:14,073 - 该预测文件已处理过 (标志文件: D:\my-vue-project\wind-power-forecast\backend\auto_scripts\scripts\supershort\logs\auto_predict\predict_20250325_05_30.flag)
2025-03-25 08:31:14,073 - ⏩ 跳过已处理的文件: 202503250530.csv
2025-03-25 08:31:14,073 - 该预测文件已处理过 (标志文件: D:\my-vue-project\wind-power-forecast\backend\auto_scripts\scripts\supershort\logs\auto_predict\predict_20250325_05_45.flag)
2025-03-25 08:31:14,073 - ⏩ 跳过已处理的文件: 202503250545.csv
2025-03-25 08:31:14,074 - 该预测文件已处理过 (标志文件: D:\my-vue-project\wind-power-forecast\backend\auto_scripts\scripts\supershort\logs\auto_predict\predict_20250325_06_00.flag)
2025-03-25 08:31:14,074 - ⏩ 跳过已处理的文件: 202503250600.csv
2025-03-25 08:31:14,074 - 该预测文件已处理过 (标志文件: D:\my-vue-project\wind-power-forecast\backend\auto_scripts\scripts\supershort\logs\auto_predict\predict_20250325_06_15.flag)
2025-03-25 08:31:14,074 - ⏩ 跳过已处理的文件: 202503250615.csv
2025-03-25 08:31:14,074 - 该预测文件已处理过 (标志文件: D:\my-vue-project\wind-power-forecast\backend\auto_scripts\scripts\supershort\logs\auto_predict\predict_20250325_06_30.flag)
2025-03-25 08:31:14,074 - ⏩ 跳过已处理的文件: 202503250630.csv
2025-03-25 08:31:14,074 - 该预测文件已处理过 (标志文件: D:\my-vue-project\wind-power-forecast\backend\auto_scripts\scripts\supershort\logs\auto_predict\predict_20250325_06_45.flag)
2025-03-25 08:31:14,074 - ⏩ 跳过已处理的文件: 202503250645.csv
2025-03-25 08:31:14,075 - 该预测文件已处理过 (标志文件: D:\my-vue-project\wind-power-forecast\backend\auto_scripts\scripts\supershort\logs\auto_predict\predict_20250325_07_00.flag)
2025-03-25 08:31:14,075 - ⏩ 跳过已处理的文件: 202503250700.csv
2025-03-25 08:31:14,075 - 该预测文件已处理过 (标志文件: D:\my-vue-project\wind-power-forecast\backend\auto_scripts\scripts\supershort\logs\auto_predict\predict_20250325_07_15.flag)
2025-03-25 08:31:14,075 - ⏩ 跳过已处理的文件: 202503250715.csv
2025-03-25 08:31:14,075 - 该预测文件已处理过 (标志文件: D:\my-vue-project\wind-power-forecast\backend\auto_scripts\scripts\supershort\logs\auto_predict\predict_20250325_07_30.flag)
2025-03-25 08:31:14,075 - ⏩ 跳过已处理的文件: 202503250730.csv
2025-03-25 08:31:14,075 - 该预测文件已处理过 (标志文件: D:\my-vue-project\wind-power-forecast\backend\auto_scripts\scripts\supershort\logs\auto_predict\predict_20250325_07_45.flag)
2025-03-25 08:31:14,075 - ⏩ 跳过已处理的文件: 202503250745.csv
2025-03-25 08:31:14,076 - 该预测文件已处理过 (标志文件: D:\my-vue-project\wind-power-forecast\backend\auto_scripts\scripts\supershort\logs\auto_predict\predict_20250325_08_00.flag)
2025-03-25 08:31:14,076 - ⏩ 跳过已处理的文件: 202503250800.csv
2025-03-25 08:31:14,076 - 该预测文件已处理过 (标志文件: D:\my-vue-project\wind-power-forecast\backend\auto_scripts\scripts\supershort\logs\auto_predict\predict_20250325_08_15.flag)
2025-03-25 08:31:14,076 - ⏩ 跳过已处理的文件: 202503250815.csv
2025-03-25 08:31:14,076 - ✅ 处理预测文件: D:\my-vue-project\wind-power-forecast\backend\auto_scripts\precsv\supershortcsv\20250325\202503250830.csv
2025-03-25 08:31:14,076 - 
============================================================
【风电功率预测开始】
============================================================
2025-03-25 08:31:14,076 - 配置信息:
2025-03-25 08:31:14,076 -   - 数据文件: D:\my-vue-project\wind-power-forecast\backend\auto_scripts\precsv\supershortcsv\20250325\202503250830.csv
2025-03-25 08:31:14,076 -   - 模型目录: D:\my-vue-project\wind-power-forecast\backend\auto_scripts\models\supershortmodel\20250325
2025-03-25 08:31:14,076 -   - 窗口大小: 16
2025-03-25 08:31:14,076 -   - 滞后特征数: 4
2025-03-25 08:31:14,076 - 
============================================================
【预处理新数据】
============================================================
2025-03-25 08:31:14,076 - 加载数据文件: D:\my-vue-project\wind-power-forecast\backend\auto_scripts\precsv\supershortcsv\20250325\202503250830.csv
2025-03-25 08:31:14,081 - 数据加载完成，去除缺失值后共 29 条记录
2025-03-25 08:31:14,122 - 数据前5行预览:
        Timestamp    129.128_1    129.128_2  ...  ws200_13  ws200_14  ws200_15
0  2024/3/11 0:00  15974.26563  16293.82813  ...  4.542173  1.324043  0.865087
1  2024/3/11 0:15  15974.26563  16293.82813  ...  3.899081  0.880606  1.273859
2  2024/3/11 0:30  15974.26563  16293.82813  ...  3.273753  0.778394  1.710350
3  2024/3/11 0:45  15974.26563  16293.82813  ...  2.678660  1.115517  2.157803
4  2024/3/11 1:00  15974.26563  16293.82813  ...  2.139185  1.640399  2.610587

[5 rows x 301 columns]
2025-03-25 08:31:14,122 - 预处理数据...
2025-03-25 08:31:14,124 - 预处理完成，特征维度: (29, 304)
2025-03-25 08:31:14,124 - 执行特征工程，滞后特征数: 4...
2025-03-25 08:31:14,154 - 特征工程完成，特征维度: (26, 859)
2025-03-25 08:31:14,155 - 新数据预处理完成，共 26 个样本
2025-03-25 08:31:14,155 - ✅ 发现最佳模型目录: D:\my-vue-project\wind-power-forecast\backend\auto_scripts\models\supershortmodel\20250325\best_models，尝试使用多模型加权预测
2025-03-25 08:31:14,155 - 
============================================================
【加载多个模型】
============================================================
2025-03-25 08:31:14,155 - 从目录加载模型和 scaler: D:\my-vue-project\wind-power-forecast\backend\auto_scripts\models\supershortmodel\20250325\best_models
2025-03-25 08:31:14,155 - 加载 GBDT 模型和 scaler...
2025-03-25 08:31:14,246 - ✅ 已成功加载 GBDT 模型和对应的 scaler
2025-03-25 08:31:14,247 - 加载 DART 模型和 scaler...
2025-03-25 08:31:14,255 - ✅ 已成功加载 DART 模型和对应的 scaler
2025-03-25 08:31:14,255 - 加载 GOSS 模型和 scaler...
2025-03-25 08:31:14,263 - ✅ 已成功加载 GOSS 模型和对应的 scaler
2025-03-25 08:31:14,263 - 加载完成，共加载了 3 个模型: GBDT, DART, GOSS
2025-03-25 08:31:14,263 - 尝试加载模型权重文件: D:\my-vue-project\wind-power-forecast\backend\auto_scripts\models\supershortmodel\20250325\model_weights.joblib
2025-03-25 08:31:14,264 - ✅ 已加载模型权重: {'GBDT': np.float64(0.0), 'DART': np.float64(0.0), 'GOSS': np.float64(0.9413418792089218), 'INTERCEPT': np.float64(-0.0258769107539365)}
2025-03-25 08:31:14,264 - 
============================================================
【使用多模型加权预测】
============================================================
2025-03-25 08:31:14,264 - 使用自定义权重: {'GBDT': np.float64(0.0), 'DART': np.float64(0.0), 'GOSS': np.float64(0.9413418792089218), 'INTERCEPT': np.float64(-0.0258769107539365)}
2025-03-25 08:31:14,264 - ❌ GBDT 模型权重为0，跳过
2025-03-25 08:31:14,264 - ❌ DART 模型权重为0，跳过
2025-03-25 08:31:14,264 - 使用 GOSS 模型进行预测 (权重: 0.9413)...
2025-03-25 08:31:14,266 - GOSS: 数据标准化完成
2025-03-25 08:31:14,266 - GOSS: 时间窗口创建完成，窗口数量: 11
2025-03-25 08:31:14,313 - ✅ GOSS 模型预测完成，生成了 11 个预测值
2025-03-25 08:31:14,313 -    统计: 最小值=118.97, 最大值=177.46, 平均值=157.97
2025-03-25 08:31:14,313 - 所有预测结果对齐到最小长度: 11
2025-03-25 08:31:14,313 - 开始计算加权平均预测结果...
2025-03-25 08:31:14,313 -   加入 GOSS 模型贡献 (权重: 0.9413)
2025-03-25 08:31:14,313 -   加入常数偏置项 (值: -0.0259)
2025-03-25 08:31:14,313 - 加权平均预测完成，生成了 11 个预测值
2025-03-25 08:31:14,313 - 加权预测结果统计: 最小值=111.96, 最大值=167.03, 平均值=148.67
2025-03-25 08:31:14,313 - ✅ 多模型加权预测完成，使用模型: GBDT, DART, GOSS
2025-03-25 08:31:14,314 - 预测结果数据框创建完成，共 11 行
2025-03-25 08:31:14,316 - ✅ 预测结果已保存到文件: D:\my-vue-project\wind-power-forecast\backend\auto_scripts\results\supershortresult\20250325\prediction_202503250830.csv
2025-03-25 08:31:14,316 - 尝试将预测结果导入数据库...
2025-03-25 08:31:14,316 - 发送HTTP请求到: http://localhost:5000/prediction2database/batch_supershortl_power
2025-03-25 08:31:16,415 - ✅ 数据已成功导入数据库
2025-03-25 08:31:16,415 -    总记录数: 11, 更新: 11, 插入: 0
2025-03-25 08:31:16,415 - 
============================================================
【风电功率预测完成】
============================================================
2025-03-25 08:31:16,416 - 风电功率预测完成
2025-03-25 08:31:16,418 - ✅ 202503250830.csv 预测执行完成
2025-03-25 08:31:16,419 - 已创建预测标志文件: D:\my-vue-project\wind-power-forecast\backend\auto_scripts\scripts\supershort\logs\auto_predict\predict_20250325_08_30.flag
2025-03-25 08:31:16,420 - 本次共处理了 35 个预测文件
2025-03-25 08:31:16,420 - 
================================================================================
2025-03-25 08:31:16,420 - >>> 预测任务结束 <<<
2025-03-25 08:31:16,420 - ================================================================================

2025-03-25 08:31:16,420 - 预测任务结束
2025-03-25 08:36:17,796 - 
================================================================================
2025-03-25 08:36:17,797 - >>> 自动预测系统启动 <<<
2025-03-25 08:36:17,797 - ================================================================================

2025-03-25 08:36:17,797 - 自动预测系统启动
2025-03-25 08:36:17,797 - 当前日期: 20250325, 时间: 08:36:17
2025-03-25 08:36:17,797 - 
================================================================================
2025-03-25 08:36:17,797 - >>> 开始执行预测 <<<
2025-03-25 08:36:17,797 - ================================================================================

2025-03-25 08:36:17,797 - 开始执行预测
2025-03-25 08:36:17,797 - 扫描预测数据文件目录: D:\my-vue-project\wind-power-forecast\backend\auto_scripts\precsv\supershortcsv\20250325
2025-03-25 08:36:17,797 - 检查模型目录: D:\my-vue-project\wind-power-forecast\backend\auto_scripts\models\supershortmodel\20250325
2025-03-25 08:36:17,797 - 发现best_models目录: D:\my-vue-project\wind-power-forecast\backend\auto_scripts\models\supershortmodel\20250325\best_models
2025-03-25 08:36:17,797 - 发现GBDT模型文件: D:\my-vue-project\wind-power-forecast\backend\auto_scripts\models\supershortmodel\20250325\best_models\GBDT.joblib
2025-03-25 08:36:17,798 - 找到 35 个CSV文件
2025-03-25 08:36:17,798 - 该预测文件已处理过 (标志文件: D:\my-vue-project\wind-power-forecast\backend\auto_scripts\scripts\supershort\logs\auto_predict\predict_20250325_00_00.flag)
2025-03-25 08:36:17,798 - ⏩ 跳过已处理的文件: 202503250000.csv
2025-03-25 08:36:17,798 - 该预测文件已处理过 (标志文件: D:\my-vue-project\wind-power-forecast\backend\auto_scripts\scripts\supershort\logs\auto_predict\predict_20250325_00_15.flag)
2025-03-25 08:36:17,798 - ⏩ 跳过已处理的文件: 202503250015.csv
2025-03-25 08:36:17,799 - 该预测文件已处理过 (标志文件: D:\my-vue-project\wind-power-forecast\backend\auto_scripts\scripts\supershort\logs\auto_predict\predict_20250325_00_30.flag)
2025-03-25 08:36:17,799 - ⏩ 跳过已处理的文件: 202503250030.csv
2025-03-25 08:36:17,799 - 该预测文件已处理过 (标志文件: D:\my-vue-project\wind-power-forecast\backend\auto_scripts\scripts\supershort\logs\auto_predict\predict_20250325_00_45.flag)
2025-03-25 08:36:17,799 - ⏩ 跳过已处理的文件: 202503250045.csv
2025-03-25 08:36:17,799 - 该预测文件已处理过 (标志文件: D:\my-vue-project\wind-power-forecast\backend\auto_scripts\scripts\supershort\logs\auto_predict\predict_20250325_01_00.flag)
2025-03-25 08:36:17,799 - ⏩ 跳过已处理的文件: 202503250100.csv
2025-03-25 08:36:17,799 - 该预测文件已处理过 (标志文件: D:\my-vue-project\wind-power-forecast\backend\auto_scripts\scripts\supershort\logs\auto_predict\predict_20250325_01_15.flag)
2025-03-25 08:36:17,800 - ⏩ 跳过已处理的文件: 202503250115.csv
2025-03-25 08:36:17,800 - 该预测文件已处理过 (标志文件: D:\my-vue-project\wind-power-forecast\backend\auto_scripts\scripts\supershort\logs\auto_predict\predict_20250325_01_30.flag)
2025-03-25 08:36:17,800 - ⏩ 跳过已处理的文件: 202503250130.csv
2025-03-25 08:36:17,800 - 该预测文件已处理过 (标志文件: D:\my-vue-project\wind-power-forecast\backend\auto_scripts\scripts\supershort\logs\auto_predict\predict_20250325_01_45.flag)
2025-03-25 08:36:17,800 - ⏩ 跳过已处理的文件: 202503250145.csv
2025-03-25 08:36:17,800 - 该预测文件已处理过 (标志文件: D:\my-vue-project\wind-power-forecast\backend\auto_scripts\scripts\supershort\logs\auto_predict\predict_20250325_02_00.flag)
2025-03-25 08:36:17,800 - ⏩ 跳过已处理的文件: 202503250200.csv
2025-03-25 08:36:17,800 - 该预测文件已处理过 (标志文件: D:\my-vue-project\wind-power-forecast\backend\auto_scripts\scripts\supershort\logs\auto_predict\predict_20250325_02_15.flag)
2025-03-25 08:36:17,801 - ⏩ 跳过已处理的文件: 202503250215.csv
2025-03-25 08:36:17,801 - 该预测文件已处理过 (标志文件: D:\my-vue-project\wind-power-forecast\backend\auto_scripts\scripts\supershort\logs\auto_predict\predict_20250325_02_30.flag)
2025-03-25 08:36:17,801 - ⏩ 跳过已处理的文件: 202503250230.csv
2025-03-25 08:36:17,801 - 该预测文件已处理过 (标志文件: D:\my-vue-project\wind-power-forecast\backend\auto_scripts\scripts\supershort\logs\auto_predict\predict_20250325_02_45.flag)
2025-03-25 08:36:17,801 - ⏩ 跳过已处理的文件: 202503250245.csv
2025-03-25 08:36:17,801 - 该预测文件已处理过 (标志文件: D:\my-vue-project\wind-power-forecast\backend\auto_scripts\scripts\supershort\logs\auto_predict\predict_20250325_03_00.flag)
2025-03-25 08:36:17,801 - ⏩ 跳过已处理的文件: 202503250300.csv
2025-03-25 08:36:17,801 - 该预测文件已处理过 (标志文件: D:\my-vue-project\wind-power-forecast\backend\auto_scripts\scripts\supershort\logs\auto_predict\predict_20250325_03_15.flag)
2025-03-25 08:36:17,802 - ⏩ 跳过已处理的文件: 202503250315.csv
2025-03-25 08:36:17,802 - 该预测文件已处理过 (标志文件: D:\my-vue-project\wind-power-forecast\backend\auto_scripts\scripts\supershort\logs\auto_predict\predict_20250325_03_30.flag)
2025-03-25 08:36:17,802 - ⏩ 跳过已处理的文件: 202503250330.csv
2025-03-25 08:36:17,802 - 该预测文件已处理过 (标志文件: D:\my-vue-project\wind-power-forecast\backend\auto_scripts\scripts\supershort\logs\auto_predict\predict_20250325_03_45.flag)
2025-03-25 08:36:17,802 - ⏩ 跳过已处理的文件: 202503250345.csv
2025-03-25 08:36:17,802 - 该预测文件已处理过 (标志文件: D:\my-vue-project\wind-power-forecast\backend\auto_scripts\scripts\supershort\logs\auto_predict\predict_20250325_04_00.flag)
2025-03-25 08:36:17,802 - ⏩ 跳过已处理的文件: 202503250400.csv
2025-03-25 08:36:17,803 - 该预测文件已处理过 (标志文件: D:\my-vue-project\wind-power-forecast\backend\auto_scripts\scripts\supershort\logs\auto_predict\predict_20250325_04_15.flag)
2025-03-25 08:36:17,803 - ⏩ 跳过已处理的文件: 202503250415.csv
2025-03-25 08:36:17,803 - 该预测文件已处理过 (标志文件: D:\my-vue-project\wind-power-forecast\backend\auto_scripts\scripts\supershort\logs\auto_predict\predict_20250325_04_30.flag)
2025-03-25 08:36:17,803 - ⏩ 跳过已处理的文件: 202503250430.csv
2025-03-25 08:36:17,803 - 该预测文件已处理过 (标志文件: D:\my-vue-project\wind-power-forecast\backend\auto_scripts\scripts\supershort\logs\auto_predict\predict_20250325_04_45.flag)
2025-03-25 08:36:17,803 - ⏩ 跳过已处理的文件: 202503250445.csv
2025-03-25 08:36:17,803 - 该预测文件已处理过 (标志文件: D:\my-vue-project\wind-power-forecast\backend\auto_scripts\scripts\supershort\logs\auto_predict\predict_20250325_05_00.flag)
2025-03-25 08:36:17,803 - ⏩ 跳过已处理的文件: 202503250500.csv
2025-03-25 08:36:17,804 - 该预测文件已处理过 (标志文件: D:\my-vue-project\wind-power-forecast\backend\auto_scripts\scripts\supershort\logs\auto_predict\predict_20250325_05_15.flag)
2025-03-25 08:36:17,804 - ⏩ 跳过已处理的文件: 202503250515.csv
2025-03-25 08:36:17,804 - 该预测文件已处理过 (标志文件: D:\my-vue-project\wind-power-forecast\backend\auto_scripts\scripts\supershort\logs\auto_predict\predict_20250325_05_30.flag)
2025-03-25 08:36:17,804 - ⏩ 跳过已处理的文件: 202503250530.csv
2025-03-25 08:36:17,804 - 该预测文件已处理过 (标志文件: D:\my-vue-project\wind-power-forecast\backend\auto_scripts\scripts\supershort\logs\auto_predict\predict_20250325_05_45.flag)
2025-03-25 08:36:17,804 - ⏩ 跳过已处理的文件: 202503250545.csv
2025-03-25 08:36:17,804 - 该预测文件已处理过 (标志文件: D:\my-vue-project\wind-power-forecast\backend\auto_scripts\scripts\supershort\logs\auto_predict\predict_20250325_06_00.flag)
2025-03-25 08:36:17,804 - ⏩ 跳过已处理的文件: 202503250600.csv
2025-03-25 08:36:17,805 - 该预测文件已处理过 (标志文件: D:\my-vue-project\wind-power-forecast\backend\auto_scripts\scripts\supershort\logs\auto_predict\predict_20250325_06_15.flag)
2025-03-25 08:36:17,805 - ⏩ 跳过已处理的文件: 202503250615.csv
2025-03-25 08:36:17,805 - 该预测文件已处理过 (标志文件: D:\my-vue-project\wind-power-forecast\backend\auto_scripts\scripts\supershort\logs\auto_predict\predict_20250325_06_30.flag)
2025-03-25 08:36:17,805 - ⏩ 跳过已处理的文件: 202503250630.csv
2025-03-25 08:36:17,805 - 该预测文件已处理过 (标志文件: D:\my-vue-project\wind-power-forecast\backend\auto_scripts\scripts\supershort\logs\auto_predict\predict_20250325_06_45.flag)
2025-03-25 08:36:17,805 - ⏩ 跳过已处理的文件: 202503250645.csv
2025-03-25 08:36:17,805 - 该预测文件已处理过 (标志文件: D:\my-vue-project\wind-power-forecast\backend\auto_scripts\scripts\supershort\logs\auto_predict\predict_20250325_07_00.flag)
2025-03-25 08:36:17,805 - ⏩ 跳过已处理的文件: 202503250700.csv
2025-03-25 08:36:17,806 - 该预测文件已处理过 (标志文件: D:\my-vue-project\wind-power-forecast\backend\auto_scripts\scripts\supershort\logs\auto_predict\predict_20250325_07_15.flag)
2025-03-25 08:36:17,806 - ⏩ 跳过已处理的文件: 202503250715.csv
2025-03-25 08:36:17,806 - 该预测文件已处理过 (标志文件: D:\my-vue-project\wind-power-forecast\backend\auto_scripts\scripts\supershort\logs\auto_predict\predict_20250325_07_30.flag)
2025-03-25 08:36:17,806 - ⏩ 跳过已处理的文件: 202503250730.csv
2025-03-25 08:36:17,806 - 该预测文件已处理过 (标志文件: D:\my-vue-project\wind-power-forecast\backend\auto_scripts\scripts\supershort\logs\auto_predict\predict_20250325_07_45.flag)
2025-03-25 08:36:17,806 - ⏩ 跳过已处理的文件: 202503250745.csv
2025-03-25 08:36:17,806 - 该预测文件已处理过 (标志文件: D:\my-vue-project\wind-power-forecast\backend\auto_scripts\scripts\supershort\logs\auto_predict\predict_20250325_08_00.flag)
2025-03-25 08:36:17,806 - ⏩ 跳过已处理的文件: 202503250800.csv
2025-03-25 08:36:17,807 - 该预测文件已处理过 (标志文件: D:\my-vue-project\wind-power-forecast\backend\auto_scripts\scripts\supershort\logs\auto_predict\predict_20250325_08_15.flag)
2025-03-25 08:36:17,807 - ⏩ 跳过已处理的文件: 202503250815.csv
2025-03-25 08:36:17,807 - 该预测文件已处理过 (标志文件: D:\my-vue-project\wind-power-forecast\backend\auto_scripts\scripts\supershort\logs\auto_predict\predict_20250325_08_30.flag)
2025-03-25 08:36:17,807 - ⏩ 跳过已处理的文件: 202503250830.csv
2025-03-25 08:36:17,807 - 本次共处理了 35 个预测文件
2025-03-25 08:36:17,807 - 
================================================================================
2025-03-25 08:36:17,807 - >>> 预测任务结束 <<<
2025-03-25 08:36:17,807 - ================================================================================

2025-03-25 08:36:17,807 - 预测任务结束
2025-03-25 08:41:19,318 - 
================================================================================
2025-03-25 08:41:19,318 - >>> 自动预测系统启动 <<<
2025-03-25 08:41:19,318 - ================================================================================

2025-03-25 08:41:19,318 - 自动预测系统启动
2025-03-25 08:41:19,318 - 当前日期: 20250325, 时间: 08:41:19
2025-03-25 08:41:19,318 - 
================================================================================
2025-03-25 08:41:19,318 - >>> 开始执行预测 <<<
2025-03-25 08:41:19,318 - ================================================================================

2025-03-25 08:41:19,318 - 开始执行预测
2025-03-25 08:41:19,319 - 扫描预测数据文件目录: D:\my-vue-project\wind-power-forecast\backend\auto_scripts\precsv\supershortcsv\20250325
2025-03-25 08:41:19,319 - 检查模型目录: D:\my-vue-project\wind-power-forecast\backend\auto_scripts\models\supershortmodel\20250325
2025-03-25 08:41:19,319 - 发现best_models目录: D:\my-vue-project\wind-power-forecast\backend\auto_scripts\models\supershortmodel\20250325\best_models
2025-03-25 08:41:19,319 - 发现GBDT模型文件: D:\my-vue-project\wind-power-forecast\backend\auto_scripts\models\supershortmodel\20250325\best_models\GBDT.joblib
2025-03-25 08:41:19,319 - 找到 35 个CSV文件
2025-03-25 08:41:19,319 - 该预测文件已处理过 (标志文件: D:\my-vue-project\wind-power-forecast\backend\auto_scripts\scripts\supershort\logs\auto_predict\predict_20250325_00_00.flag)
2025-03-25 08:41:19,319 - ⏩ 跳过已处理的文件: 202503250000.csv
2025-03-25 08:41:19,320 - 该预测文件已处理过 (标志文件: D:\my-vue-project\wind-power-forecast\backend\auto_scripts\scripts\supershort\logs\auto_predict\predict_20250325_00_15.flag)
2025-03-25 08:41:19,320 - ⏩ 跳过已处理的文件: 202503250015.csv
2025-03-25 08:41:19,320 - 该预测文件已处理过 (标志文件: D:\my-vue-project\wind-power-forecast\backend\auto_scripts\scripts\supershort\logs\auto_predict\predict_20250325_00_30.flag)
2025-03-25 08:41:19,320 - ⏩ 跳过已处理的文件: 202503250030.csv
2025-03-25 08:41:19,320 - 该预测文件已处理过 (标志文件: D:\my-vue-project\wind-power-forecast\backend\auto_scripts\scripts\supershort\logs\auto_predict\predict_20250325_00_45.flag)
2025-03-25 08:41:19,320 - ⏩ 跳过已处理的文件: 202503250045.csv
2025-03-25 08:41:19,320 - 该预测文件已处理过 (标志文件: D:\my-vue-project\wind-power-forecast\backend\auto_scripts\scripts\supershort\logs\auto_predict\predict_20250325_01_00.flag)
2025-03-25 08:41:19,320 - ⏩ 跳过已处理的文件: 202503250100.csv
2025-03-25 08:41:19,321 - 该预测文件已处理过 (标志文件: D:\my-vue-project\wind-power-forecast\backend\auto_scripts\scripts\supershort\logs\auto_predict\predict_20250325_01_15.flag)
2025-03-25 08:41:19,321 - ⏩ 跳过已处理的文件: 202503250115.csv
2025-03-25 08:41:19,321 - 该预测文件已处理过 (标志文件: D:\my-vue-project\wind-power-forecast\backend\auto_scripts\scripts\supershort\logs\auto_predict\predict_20250325_01_30.flag)
2025-03-25 08:41:19,321 - ⏩ 跳过已处理的文件: 202503250130.csv
2025-03-25 08:41:19,321 - 该预测文件已处理过 (标志文件: D:\my-vue-project\wind-power-forecast\backend\auto_scripts\scripts\supershort\logs\auto_predict\predict_20250325_01_45.flag)
2025-03-25 08:41:19,321 - ⏩ 跳过已处理的文件: 202503250145.csv
2025-03-25 08:41:19,321 - 该预测文件已处理过 (标志文件: D:\my-vue-project\wind-power-forecast\backend\auto_scripts\scripts\supershort\logs\auto_predict\predict_20250325_02_00.flag)
2025-03-25 08:41:19,321 - ⏩ 跳过已处理的文件: 202503250200.csv
2025-03-25 08:41:19,322 - 该预测文件已处理过 (标志文件: D:\my-vue-project\wind-power-forecast\backend\auto_scripts\scripts\supershort\logs\auto_predict\predict_20250325_02_15.flag)
2025-03-25 08:41:19,322 - ⏩ 跳过已处理的文件: 202503250215.csv
2025-03-25 08:41:19,322 - 该预测文件已处理过 (标志文件: D:\my-vue-project\wind-power-forecast\backend\auto_scripts\scripts\supershort\logs\auto_predict\predict_20250325_02_30.flag)
2025-03-25 08:41:19,322 - ⏩ 跳过已处理的文件: 202503250230.csv
2025-03-25 08:41:19,322 - 该预测文件已处理过 (标志文件: D:\my-vue-project\wind-power-forecast\backend\auto_scripts\scripts\supershort\logs\auto_predict\predict_20250325_02_45.flag)
2025-03-25 08:41:19,322 - ⏩ 跳过已处理的文件: 202503250245.csv
2025-03-25 08:41:19,322 - 该预测文件已处理过 (标志文件: D:\my-vue-project\wind-power-forecast\backend\auto_scripts\scripts\supershort\logs\auto_predict\predict_20250325_03_00.flag)
2025-03-25 08:41:19,322 - ⏩ 跳过已处理的文件: 202503250300.csv
2025-03-25 08:41:19,323 - 该预测文件已处理过 (标志文件: D:\my-vue-project\wind-power-forecast\backend\auto_scripts\scripts\supershort\logs\auto_predict\predict_20250325_03_15.flag)
2025-03-25 08:41:19,323 - ⏩ 跳过已处理的文件: 202503250315.csv
2025-03-25 08:41:19,323 - 该预测文件已处理过 (标志文件: D:\my-vue-project\wind-power-forecast\backend\auto_scripts\scripts\supershort\logs\auto_predict\predict_20250325_03_30.flag)
2025-03-25 08:41:19,323 - ⏩ 跳过已处理的文件: 202503250330.csv
2025-03-25 08:41:19,323 - 该预测文件已处理过 (标志文件: D:\my-vue-project\wind-power-forecast\backend\auto_scripts\scripts\supershort\logs\auto_predict\predict_20250325_03_45.flag)
2025-03-25 08:41:19,323 - ⏩ 跳过已处理的文件: 202503250345.csv
2025-03-25 08:41:19,323 - 该预测文件已处理过 (标志文件: D:\my-vue-project\wind-power-forecast\backend\auto_scripts\scripts\supershort\logs\auto_predict\predict_20250325_04_00.flag)
2025-03-25 08:41:19,323 - ⏩ 跳过已处理的文件: 202503250400.csv
2025-03-25 08:41:19,324 - 该预测文件已处理过 (标志文件: D:\my-vue-project\wind-power-forecast\backend\auto_scripts\scripts\supershort\logs\auto_predict\predict_20250325_04_15.flag)
2025-03-25 08:41:19,324 - ⏩ 跳过已处理的文件: 202503250415.csv
2025-03-25 08:41:19,324 - 该预测文件已处理过 (标志文件: D:\my-vue-project\wind-power-forecast\backend\auto_scripts\scripts\supershort\logs\auto_predict\predict_20250325_04_30.flag)
2025-03-25 08:41:19,324 - ⏩ 跳过已处理的文件: 202503250430.csv
2025-03-25 08:41:19,324 - 该预测文件已处理过 (标志文件: D:\my-vue-project\wind-power-forecast\backend\auto_scripts\scripts\supershort\logs\auto_predict\predict_20250325_04_45.flag)
2025-03-25 08:41:19,324 - ⏩ 跳过已处理的文件: 202503250445.csv
2025-03-25 08:41:19,324 - 该预测文件已处理过 (标志文件: D:\my-vue-project\wind-power-forecast\backend\auto_scripts\scripts\supershort\logs\auto_predict\predict_20250325_05_00.flag)
2025-03-25 08:41:19,324 - ⏩ 跳过已处理的文件: 202503250500.csv
2025-03-25 08:41:19,325 - 该预测文件已处理过 (标志文件: D:\my-vue-project\wind-power-forecast\backend\auto_scripts\scripts\supershort\logs\auto_predict\predict_20250325_05_15.flag)
2025-03-25 08:41:19,325 - ⏩ 跳过已处理的文件: 202503250515.csv
2025-03-25 08:41:19,325 - 该预测文件已处理过 (标志文件: D:\my-vue-project\wind-power-forecast\backend\auto_scripts\scripts\supershort\logs\auto_predict\predict_20250325_05_30.flag)
2025-03-25 08:41:19,325 - ⏩ 跳过已处理的文件: 202503250530.csv
2025-03-25 08:41:19,325 - 该预测文件已处理过 (标志文件: D:\my-vue-project\wind-power-forecast\backend\auto_scripts\scripts\supershort\logs\auto_predict\predict_20250325_05_45.flag)
2025-03-25 08:41:19,325 - ⏩ 跳过已处理的文件: 202503250545.csv
2025-03-25 08:41:19,325 - 该预测文件已处理过 (标志文件: D:\my-vue-project\wind-power-forecast\backend\auto_scripts\scripts\supershort\logs\auto_predict\predict_20250325_06_00.flag)
2025-03-25 08:41:19,325 - ⏩ 跳过已处理的文件: 202503250600.csv
2025-03-25 08:41:19,326 - 该预测文件已处理过 (标志文件: D:\my-vue-project\wind-power-forecast\backend\auto_scripts\scripts\supershort\logs\auto_predict\predict_20250325_06_15.flag)
2025-03-25 08:41:19,326 - ⏩ 跳过已处理的文件: 202503250615.csv
2025-03-25 08:41:19,326 - 该预测文件已处理过 (标志文件: D:\my-vue-project\wind-power-forecast\backend\auto_scripts\scripts\supershort\logs\auto_predict\predict_20250325_06_30.flag)
2025-03-25 08:41:19,326 - ⏩ 跳过已处理的文件: 202503250630.csv
2025-03-25 08:41:19,326 - 该预测文件已处理过 (标志文件: D:\my-vue-project\wind-power-forecast\backend\auto_scripts\scripts\supershort\logs\auto_predict\predict_20250325_06_45.flag)
2025-03-25 08:41:19,326 - ⏩ 跳过已处理的文件: 202503250645.csv
2025-03-25 08:41:19,326 - 该预测文件已处理过 (标志文件: D:\my-vue-project\wind-power-forecast\backend\auto_scripts\scripts\supershort\logs\auto_predict\predict_20250325_07_00.flag)
2025-03-25 08:41:19,326 - ⏩ 跳过已处理的文件: 202503250700.csv
2025-03-25 08:41:19,327 - 该预测文件已处理过 (标志文件: D:\my-vue-project\wind-power-forecast\backend\auto_scripts\scripts\supershort\logs\auto_predict\predict_20250325_07_15.flag)
2025-03-25 08:41:19,327 - ⏩ 跳过已处理的文件: 202503250715.csv
2025-03-25 08:41:19,327 - 该预测文件已处理过 (标志文件: D:\my-vue-project\wind-power-forecast\backend\auto_scripts\scripts\supershort\logs\auto_predict\predict_20250325_07_30.flag)
2025-03-25 08:41:19,327 - ⏩ 跳过已处理的文件: 202503250730.csv
2025-03-25 08:41:19,327 - 该预测文件已处理过 (标志文件: D:\my-vue-project\wind-power-forecast\backend\auto_scripts\scripts\supershort\logs\auto_predict\predict_20250325_07_45.flag)
2025-03-25 08:41:19,327 - ⏩ 跳过已处理的文件: 202503250745.csv
2025-03-25 08:41:19,327 - 该预测文件已处理过 (标志文件: D:\my-vue-project\wind-power-forecast\backend\auto_scripts\scripts\supershort\logs\auto_predict\predict_20250325_08_00.flag)
2025-03-25 08:41:19,327 - ⏩ 跳过已处理的文件: 202503250800.csv
2025-03-25 08:41:19,328 - 该预测文件已处理过 (标志文件: D:\my-vue-project\wind-power-forecast\backend\auto_scripts\scripts\supershort\logs\auto_predict\predict_20250325_08_15.flag)
2025-03-25 08:41:19,328 - ⏩ 跳过已处理的文件: 202503250815.csv
2025-03-25 08:41:19,328 - 该预测文件已处理过 (标志文件: D:\my-vue-project\wind-power-forecast\backend\auto_scripts\scripts\supershort\logs\auto_predict\predict_20250325_08_30.flag)
2025-03-25 08:41:19,328 - ⏩ 跳过已处理的文件: 202503250830.csv
2025-03-25 08:41:19,328 - 本次共处理了 35 个预测文件
2025-03-25 08:41:19,328 - 
================================================================================
2025-03-25 08:41:19,328 - >>> 预测任务结束 <<<
2025-03-25 08:41:19,328 - ================================================================================

2025-03-25 08:41:19,328 - 预测任务结束
2025-03-25 08:46:20,605 - 
================================================================================
2025-03-25 08:46:20,605 - >>> 自动预测系统启动 <<<
2025-03-25 08:46:20,605 - ================================================================================

2025-03-25 08:46:20,605 - 自动预测系统启动
2025-03-25 08:46:20,605 - 当前日期: 20250325, 时间: 08:46:20
2025-03-25 08:46:20,605 - 
================================================================================
2025-03-25 08:46:20,605 - >>> 开始执行预测 <<<
2025-03-25 08:46:20,605 - ================================================================================

2025-03-25 08:46:20,605 - 开始执行预测
2025-03-25 08:46:20,606 - 扫描预测数据文件目录: D:\my-vue-project\wind-power-forecast\backend\auto_scripts\precsv\supershortcsv\20250325
2025-03-25 08:46:20,606 - 检查模型目录: D:\my-vue-project\wind-power-forecast\backend\auto_scripts\models\supershortmodel\20250325
2025-03-25 08:46:20,606 - 发现best_models目录: D:\my-vue-project\wind-power-forecast\backend\auto_scripts\models\supershortmodel\20250325\best_models
2025-03-25 08:46:20,606 - 发现GBDT模型文件: D:\my-vue-project\wind-power-forecast\backend\auto_scripts\models\supershortmodel\20250325\best_models\GBDT.joblib
2025-03-25 08:46:20,606 - 找到 36 个CSV文件
2025-03-25 08:46:20,606 - 该预测文件已处理过 (标志文件: D:\my-vue-project\wind-power-forecast\backend\auto_scripts\scripts\supershort\logs\auto_predict\predict_20250325_00_00.flag)
2025-03-25 08:46:20,606 - ⏩ 跳过已处理的文件: 202503250000.csv
2025-03-25 08:46:20,607 - 该预测文件已处理过 (标志文件: D:\my-vue-project\wind-power-forecast\backend\auto_scripts\scripts\supershort\logs\auto_predict\predict_20250325_00_15.flag)
2025-03-25 08:46:20,607 - ⏩ 跳过已处理的文件: 202503250015.csv
2025-03-25 08:46:20,607 - 该预测文件已处理过 (标志文件: D:\my-vue-project\wind-power-forecast\backend\auto_scripts\scripts\supershort\logs\auto_predict\predict_20250325_00_30.flag)
2025-03-25 08:46:20,607 - ⏩ 跳过已处理的文件: 202503250030.csv
2025-03-25 08:46:20,607 - 该预测文件已处理过 (标志文件: D:\my-vue-project\wind-power-forecast\backend\auto_scripts\scripts\supershort\logs\auto_predict\predict_20250325_00_45.flag)
2025-03-25 08:46:20,607 - ⏩ 跳过已处理的文件: 202503250045.csv
2025-03-25 08:46:20,607 - 该预测文件已处理过 (标志文件: D:\my-vue-project\wind-power-forecast\backend\auto_scripts\scripts\supershort\logs\auto_predict\predict_20250325_01_00.flag)
2025-03-25 08:46:20,608 - ⏩ 跳过已处理的文件: 202503250100.csv
2025-03-25 08:46:20,608 - 该预测文件已处理过 (标志文件: D:\my-vue-project\wind-power-forecast\backend\auto_scripts\scripts\supershort\logs\auto_predict\predict_20250325_01_15.flag)
2025-03-25 08:46:20,608 - ⏩ 跳过已处理的文件: 202503250115.csv
2025-03-25 08:46:20,608 - 该预测文件已处理过 (标志文件: D:\my-vue-project\wind-power-forecast\backend\auto_scripts\scripts\supershort\logs\auto_predict\predict_20250325_01_30.flag)
2025-03-25 08:46:20,608 - ⏩ 跳过已处理的文件: 202503250130.csv
2025-03-25 08:46:20,608 - 该预测文件已处理过 (标志文件: D:\my-vue-project\wind-power-forecast\backend\auto_scripts\scripts\supershort\logs\auto_predict\predict_20250325_01_45.flag)
2025-03-25 08:46:20,608 - ⏩ 跳过已处理的文件: 202503250145.csv
2025-03-25 08:46:20,608 - 该预测文件已处理过 (标志文件: D:\my-vue-project\wind-power-forecast\backend\auto_scripts\scripts\supershort\logs\auto_predict\predict_20250325_02_00.flag)
2025-03-25 08:46:20,609 - ⏩ 跳过已处理的文件: 202503250200.csv
2025-03-25 08:46:20,609 - 该预测文件已处理过 (标志文件: D:\my-vue-project\wind-power-forecast\backend\auto_scripts\scripts\supershort\logs\auto_predict\predict_20250325_02_15.flag)
2025-03-25 08:46:20,609 - ⏩ 跳过已处理的文件: 202503250215.csv
2025-03-25 08:46:20,609 - 该预测文件已处理过 (标志文件: D:\my-vue-project\wind-power-forecast\backend\auto_scripts\scripts\supershort\logs\auto_predict\predict_20250325_02_30.flag)
2025-03-25 08:46:20,609 - ⏩ 跳过已处理的文件: 202503250230.csv
2025-03-25 08:46:20,609 - 该预测文件已处理过 (标志文件: D:\my-vue-project\wind-power-forecast\backend\auto_scripts\scripts\supershort\logs\auto_predict\predict_20250325_02_45.flag)
2025-03-25 08:46:20,609 - ⏩ 跳过已处理的文件: 202503250245.csv
2025-03-25 08:46:20,610 - 该预测文件已处理过 (标志文件: D:\my-vue-project\wind-power-forecast\backend\auto_scripts\scripts\supershort\logs\auto_predict\predict_20250325_03_00.flag)
2025-03-25 08:46:20,610 - ⏩ 跳过已处理的文件: 202503250300.csv
2025-03-25 08:46:20,610 - 该预测文件已处理过 (标志文件: D:\my-vue-project\wind-power-forecast\backend\auto_scripts\scripts\supershort\logs\auto_predict\predict_20250325_03_15.flag)
2025-03-25 08:46:20,610 - ⏩ 跳过已处理的文件: 202503250315.csv
2025-03-25 08:46:20,610 - 该预测文件已处理过 (标志文件: D:\my-vue-project\wind-power-forecast\backend\auto_scripts\scripts\supershort\logs\auto_predict\predict_20250325_03_30.flag)
2025-03-25 08:46:20,610 - ⏩ 跳过已处理的文件: 202503250330.csv
2025-03-25 08:46:20,610 - 该预测文件已处理过 (标志文件: D:\my-vue-project\wind-power-forecast\backend\auto_scripts\scripts\supershort\logs\auto_predict\predict_20250325_03_45.flag)
2025-03-25 08:46:20,610 - ⏩ 跳过已处理的文件: 202503250345.csv
2025-03-25 08:46:20,611 - 该预测文件已处理过 (标志文件: D:\my-vue-project\wind-power-forecast\backend\auto_scripts\scripts\supershort\logs\auto_predict\predict_20250325_04_00.flag)
2025-03-25 08:46:20,611 - ⏩ 跳过已处理的文件: 202503250400.csv
2025-03-25 08:46:20,611 - 该预测文件已处理过 (标志文件: D:\my-vue-project\wind-power-forecast\backend\auto_scripts\scripts\supershort\logs\auto_predict\predict_20250325_04_15.flag)
2025-03-25 08:46:20,611 - ⏩ 跳过已处理的文件: 202503250415.csv
2025-03-25 08:46:20,611 - 该预测文件已处理过 (标志文件: D:\my-vue-project\wind-power-forecast\backend\auto_scripts\scripts\supershort\logs\auto_predict\predict_20250325_04_30.flag)
2025-03-25 08:46:20,611 - ⏩ 跳过已处理的文件: 202503250430.csv
2025-03-25 08:46:20,611 - 该预测文件已处理过 (标志文件: D:\my-vue-project\wind-power-forecast\backend\auto_scripts\scripts\supershort\logs\auto_predict\predict_20250325_04_45.flag)
2025-03-25 08:46:20,612 - ⏩ 跳过已处理的文件: 202503250445.csv
2025-03-25 08:46:20,612 - 该预测文件已处理过 (标志文件: D:\my-vue-project\wind-power-forecast\backend\auto_scripts\scripts\supershort\logs\auto_predict\predict_20250325_05_00.flag)
2025-03-25 08:46:20,612 - ⏩ 跳过已处理的文件: 202503250500.csv
2025-03-25 08:46:20,612 - 该预测文件已处理过 (标志文件: D:\my-vue-project\wind-power-forecast\backend\auto_scripts\scripts\supershort\logs\auto_predict\predict_20250325_05_15.flag)
2025-03-25 08:46:20,612 - ⏩ 跳过已处理的文件: 202503250515.csv
2025-03-25 08:46:20,612 - 该预测文件已处理过 (标志文件: D:\my-vue-project\wind-power-forecast\backend\auto_scripts\scripts\supershort\logs\auto_predict\predict_20250325_05_30.flag)
2025-03-25 08:46:20,612 - ⏩ 跳过已处理的文件: 202503250530.csv
2025-03-25 08:46:20,612 - 该预测文件已处理过 (标志文件: D:\my-vue-project\wind-power-forecast\backend\auto_scripts\scripts\supershort\logs\auto_predict\predict_20250325_05_45.flag)
2025-03-25 08:46:20,613 - ⏩ 跳过已处理的文件: 202503250545.csv
2025-03-25 08:46:20,613 - 该预测文件已处理过 (标志文件: D:\my-vue-project\wind-power-forecast\backend\auto_scripts\scripts\supershort\logs\auto_predict\predict_20250325_06_00.flag)
2025-03-25 08:46:20,613 - ⏩ 跳过已处理的文件: 202503250600.csv
2025-03-25 08:46:20,613 - 该预测文件已处理过 (标志文件: D:\my-vue-project\wind-power-forecast\backend\auto_scripts\scripts\supershort\logs\auto_predict\predict_20250325_06_15.flag)
2025-03-25 08:46:20,613 - ⏩ 跳过已处理的文件: 202503250615.csv
2025-03-25 08:46:20,613 - 该预测文件已处理过 (标志文件: D:\my-vue-project\wind-power-forecast\backend\auto_scripts\scripts\supershort\logs\auto_predict\predict_20250325_06_30.flag)
2025-03-25 08:46:20,613 - ⏩ 跳过已处理的文件: 202503250630.csv
2025-03-25 08:46:20,614 - 该预测文件已处理过 (标志文件: D:\my-vue-project\wind-power-forecast\backend\auto_scripts\scripts\supershort\logs\auto_predict\predict_20250325_06_45.flag)
2025-03-25 08:46:20,614 - ⏩ 跳过已处理的文件: 202503250645.csv
2025-03-25 08:46:20,614 - 该预测文件已处理过 (标志文件: D:\my-vue-project\wind-power-forecast\backend\auto_scripts\scripts\supershort\logs\auto_predict\predict_20250325_07_00.flag)
2025-03-25 08:46:20,614 - ⏩ 跳过已处理的文件: 202503250700.csv
2025-03-25 08:46:20,614 - 该预测文件已处理过 (标志文件: D:\my-vue-project\wind-power-forecast\backend\auto_scripts\scripts\supershort\logs\auto_predict\predict_20250325_07_15.flag)
2025-03-25 08:46:20,614 - ⏩ 跳过已处理的文件: 202503250715.csv
2025-03-25 08:46:20,614 - 该预测文件已处理过 (标志文件: D:\my-vue-project\wind-power-forecast\backend\auto_scripts\scripts\supershort\logs\auto_predict\predict_20250325_07_30.flag)
2025-03-25 08:46:20,614 - ⏩ 跳过已处理的文件: 202503250730.csv
2025-03-25 08:46:20,615 - 该预测文件已处理过 (标志文件: D:\my-vue-project\wind-power-forecast\backend\auto_scripts\scripts\supershort\logs\auto_predict\predict_20250325_07_45.flag)
2025-03-25 08:46:20,615 - ⏩ 跳过已处理的文件: 202503250745.csv
2025-03-25 08:46:20,615 - 该预测文件已处理过 (标志文件: D:\my-vue-project\wind-power-forecast\backend\auto_scripts\scripts\supershort\logs\auto_predict\predict_20250325_08_00.flag)
2025-03-25 08:46:20,615 - ⏩ 跳过已处理的文件: 202503250800.csv
2025-03-25 08:46:20,615 - 该预测文件已处理过 (标志文件: D:\my-vue-project\wind-power-forecast\backend\auto_scripts\scripts\supershort\logs\auto_predict\predict_20250325_08_15.flag)
2025-03-25 08:46:20,615 - ⏩ 跳过已处理的文件: 202503250815.csv
2025-03-25 08:46:20,615 - 该预测文件已处理过 (标志文件: D:\my-vue-project\wind-power-forecast\backend\auto_scripts\scripts\supershort\logs\auto_predict\predict_20250325_08_30.flag)
2025-03-25 08:46:20,615 - ⏩ 跳过已处理的文件: 202503250830.csv
2025-03-25 08:46:20,616 - ✅ 处理预测文件: D:\my-vue-project\wind-power-forecast\backend\auto_scripts\precsv\supershortcsv\20250325\202503250845.csv
2025-03-25 08:46:20,616 - 
============================================================
【风电功率预测开始】
============================================================
2025-03-25 08:46:20,616 - 配置信息:
2025-03-25 08:46:20,616 -   - 数据文件: D:\my-vue-project\wind-power-forecast\backend\auto_scripts\precsv\supershortcsv\20250325\202503250845.csv
2025-03-25 08:46:20,616 -   - 模型目录: D:\my-vue-project\wind-power-forecast\backend\auto_scripts\models\supershortmodel\20250325
2025-03-25 08:46:20,616 -   - 窗口大小: 16
2025-03-25 08:46:20,616 -   - 滞后特征数: 4
2025-03-25 08:46:20,616 - 
============================================================
【预处理新数据】
============================================================
2025-03-25 08:46:20,616 - 加载数据文件: D:\my-vue-project\wind-power-forecast\backend\auto_scripts\precsv\supershortcsv\20250325\202503250845.csv
2025-03-25 08:46:20,621 - 数据加载完成，去除缺失值后共 29 条记录
2025-03-25 08:46:20,661 - 数据前5行预览:
        Timestamp    129.128_1    129.128_2  ...  ws200_13  ws200_14  ws200_15
0  2024/3/11 0:00  15974.26563  16293.82813  ...  4.542173  1.324043  0.865087
1  2024/3/11 0:15  15974.26563  16293.82813  ...  3.899081  0.880606  1.273859
2  2024/3/11 0:30  15974.26563  16293.82813  ...  3.273753  0.778394  1.710350
3  2024/3/11 0:45  15974.26563  16293.82813  ...  2.678660  1.115517  2.157803
4  2024/3/11 1:00  15974.26563  16293.82813  ...  2.139185  1.640399  2.610587

[5 rows x 301 columns]
2025-03-25 08:46:20,661 - 预处理数据...
2025-03-25 08:46:20,664 - 预处理完成，特征维度: (29, 304)
2025-03-25 08:46:20,664 - 执行特征工程，滞后特征数: 4...
2025-03-25 08:46:20,695 - 特征工程完成，特征维度: (26, 859)
2025-03-25 08:46:20,695 - 新数据预处理完成，共 26 个样本
2025-03-25 08:46:20,695 - ✅ 发现最佳模型目录: D:\my-vue-project\wind-power-forecast\backend\auto_scripts\models\supershortmodel\20250325\best_models，尝试使用多模型加权预测
2025-03-25 08:46:20,695 - 
============================================================
【加载多个模型】
============================================================
2025-03-25 08:46:20,695 - 从目录加载模型和 scaler: D:\my-vue-project\wind-power-forecast\backend\auto_scripts\models\supershortmodel\20250325\best_models
2025-03-25 08:46:20,696 - 加载 GBDT 模型和 scaler...
2025-03-25 08:46:20,790 - ✅ 已成功加载 GBDT 模型和对应的 scaler
2025-03-25 08:46:20,791 - 加载 DART 模型和 scaler...
2025-03-25 08:46:20,796 - ✅ 已成功加载 DART 模型和对应的 scaler
2025-03-25 08:46:20,796 - 加载 GOSS 模型和 scaler...
2025-03-25 08:46:20,801 - ✅ 已成功加载 GOSS 模型和对应的 scaler
2025-03-25 08:46:20,801 - 加载完成，共加载了 3 个模型: GBDT, DART, GOSS
2025-03-25 08:46:20,802 - 尝试加载模型权重文件: D:\my-vue-project\wind-power-forecast\backend\auto_scripts\models\supershortmodel\20250325\model_weights.joblib
2025-03-25 08:46:20,802 - ✅ 已加载模型权重: {'GBDT': np.float64(0.0), 'DART': np.float64(0.0), 'GOSS': np.float64(0.9413418792089218), 'INTERCEPT': np.float64(-0.0258769107539365)}
2025-03-25 08:46:20,802 - 
============================================================
【使用多模型加权预测】
============================================================
2025-03-25 08:46:20,802 - 使用自定义权重: {'GBDT': np.float64(0.0), 'DART': np.float64(0.0), 'GOSS': np.float64(0.9413418792089218), 'INTERCEPT': np.float64(-0.0258769107539365)}
2025-03-25 08:46:20,802 - ❌ GBDT 模型权重为0，跳过
2025-03-25 08:46:20,802 - ❌ DART 模型权重为0，跳过
2025-03-25 08:46:20,802 - 使用 GOSS 模型进行预测 (权重: 0.9413)...
2025-03-25 08:46:20,804 - GOSS: 数据标准化完成
2025-03-25 08:46:20,805 - GOSS: 时间窗口创建完成，窗口数量: 11
2025-03-25 08:46:20,855 - ✅ GOSS 模型预测完成，生成了 11 个预测值
2025-03-25 08:46:20,855 -    统计: 最小值=118.97, 最大值=177.46, 平均值=157.97
2025-03-25 08:46:20,855 - 所有预测结果对齐到最小长度: 11
2025-03-25 08:46:20,856 - 开始计算加权平均预测结果...
2025-03-25 08:46:20,856 -   加入 GOSS 模型贡献 (权重: 0.9413)
2025-03-25 08:46:20,856 -   加入常数偏置项 (值: -0.0259)
2025-03-25 08:46:20,856 - 加权平均预测完成，生成了 11 个预测值
2025-03-25 08:46:20,856 - 加权预测结果统计: 最小值=111.96, 最大值=167.03, 平均值=148.67
2025-03-25 08:46:20,856 - ✅ 多模型加权预测完成，使用模型: GBDT, DART, GOSS
2025-03-25 08:46:20,856 - 预测结果数据框创建完成，共 11 行
2025-03-25 08:46:20,858 - ✅ 预测结果已保存到文件: D:\my-vue-project\wind-power-forecast\backend\auto_scripts\results\supershortresult\20250325\prediction_202503250845.csv
2025-03-25 08:46:20,858 - 尝试将预测结果导入数据库...
2025-03-25 08:46:20,858 - 发送HTTP请求到: http://localhost:5000/prediction2database/batch_supershortl_power
2025-03-25 08:46:22,931 - ✅ 数据已成功导入数据库
2025-03-25 08:46:22,931 -    总记录数: 11, 更新: 11, 插入: 0
2025-03-25 08:46:22,931 - 
============================================================
【风电功率预测完成】
============================================================
2025-03-25 08:46:22,931 - 风电功率预测完成
2025-03-25 08:46:22,933 - ✅ 202503250845.csv 预测执行完成
2025-03-25 08:46:22,934 - 已创建预测标志文件: D:\my-vue-project\wind-power-forecast\backend\auto_scripts\scripts\supershort\logs\auto_predict\predict_20250325_08_45.flag
2025-03-25 08:46:22,934 - 本次共处理了 36 个预测文件
2025-03-25 08:46:22,934 - 
================================================================================
2025-03-25 08:46:22,934 - >>> 预测任务结束 <<<
2025-03-25 08:46:22,934 - ================================================================================

2025-03-25 08:46:22,934 - 预测任务结束
2025-03-25 08:51:24,324 - 
================================================================================
2025-03-25 08:51:24,324 - >>> 自动预测系统启动 <<<
2025-03-25 08:51:24,324 - ================================================================================

2025-03-25 08:51:24,324 - 自动预测系统启动
2025-03-25 08:51:24,324 - 当前日期: 20250325, 时间: 08:51:24
2025-03-25 08:51:24,325 - 
================================================================================
2025-03-25 08:51:24,325 - >>> 开始执行预测 <<<
2025-03-25 08:51:24,325 - ================================================================================

2025-03-25 08:51:24,325 - 开始执行预测
2025-03-25 08:51:24,325 - 扫描预测数据文件目录: D:\my-vue-project\wind-power-forecast\backend\auto_scripts\precsv\supershortcsv\20250325
2025-03-25 08:51:24,325 - 检查模型目录: D:\my-vue-project\wind-power-forecast\backend\auto_scripts\models\supershortmodel\20250325
2025-03-25 08:51:24,325 - 发现best_models目录: D:\my-vue-project\wind-power-forecast\backend\auto_scripts\models\supershortmodel\20250325\best_models
2025-03-25 08:51:24,326 - 发现GBDT模型文件: D:\my-vue-project\wind-power-forecast\backend\auto_scripts\models\supershortmodel\20250325\best_models\GBDT.joblib
2025-03-25 08:51:24,326 - 找到 36 个CSV文件
2025-03-25 08:51:24,326 - 该预测文件已处理过 (标志文件: D:\my-vue-project\wind-power-forecast\backend\auto_scripts\scripts\supershort\logs\auto_predict\predict_20250325_00_00.flag)
2025-03-25 08:51:24,326 - ⏩ 跳过已处理的文件: 202503250000.csv
2025-03-25 08:51:24,326 - 该预测文件已处理过 (标志文件: D:\my-vue-project\wind-power-forecast\backend\auto_scripts\scripts\supershort\logs\auto_predict\predict_20250325_00_15.flag)
2025-03-25 08:51:24,326 - ⏩ 跳过已处理的文件: 202503250015.csv
2025-03-25 08:51:24,327 - 该预测文件已处理过 (标志文件: D:\my-vue-project\wind-power-forecast\backend\auto_scripts\scripts\supershort\logs\auto_predict\predict_20250325_00_30.flag)
2025-03-25 08:51:24,327 - ⏩ 跳过已处理的文件: 202503250030.csv
2025-03-25 08:51:24,327 - 该预测文件已处理过 (标志文件: D:\my-vue-project\wind-power-forecast\backend\auto_scripts\scripts\supershort\logs\auto_predict\predict_20250325_00_45.flag)
2025-03-25 08:51:24,327 - ⏩ 跳过已处理的文件: 202503250045.csv
2025-03-25 08:51:24,327 - 该预测文件已处理过 (标志文件: D:\my-vue-project\wind-power-forecast\backend\auto_scripts\scripts\supershort\logs\auto_predict\predict_20250325_01_00.flag)
2025-03-25 08:51:24,327 - ⏩ 跳过已处理的文件: 202503250100.csv
2025-03-25 08:51:24,327 - 该预测文件已处理过 (标志文件: D:\my-vue-project\wind-power-forecast\backend\auto_scripts\scripts\supershort\logs\auto_predict\predict_20250325_01_15.flag)
2025-03-25 08:51:24,327 - ⏩ 跳过已处理的文件: 202503250115.csv
2025-03-25 08:51:24,328 - 该预测文件已处理过 (标志文件: D:\my-vue-project\wind-power-forecast\backend\auto_scripts\scripts\supershort\logs\auto_predict\predict_20250325_01_30.flag)
2025-03-25 08:51:24,328 - ⏩ 跳过已处理的文件: 202503250130.csv
2025-03-25 08:51:24,328 - 该预测文件已处理过 (标志文件: D:\my-vue-project\wind-power-forecast\backend\auto_scripts\scripts\supershort\logs\auto_predict\predict_20250325_01_45.flag)
2025-03-25 08:51:24,328 - ⏩ 跳过已处理的文件: 202503250145.csv
2025-03-25 08:51:24,328 - 该预测文件已处理过 (标志文件: D:\my-vue-project\wind-power-forecast\backend\auto_scripts\scripts\supershort\logs\auto_predict\predict_20250325_02_00.flag)
2025-03-25 08:51:24,328 - ⏩ 跳过已处理的文件: 202503250200.csv
2025-03-25 08:51:24,328 - 该预测文件已处理过 (标志文件: D:\my-vue-project\wind-power-forecast\backend\auto_scripts\scripts\supershort\logs\auto_predict\predict_20250325_02_15.flag)
2025-03-25 08:51:24,329 - ⏩ 跳过已处理的文件: 202503250215.csv
2025-03-25 08:51:24,329 - 该预测文件已处理过 (标志文件: D:\my-vue-project\wind-power-forecast\backend\auto_scripts\scripts\supershort\logs\auto_predict\predict_20250325_02_30.flag)
2025-03-25 08:51:24,329 - ⏩ 跳过已处理的文件: 202503250230.csv
2025-03-25 08:51:24,329 - 该预测文件已处理过 (标志文件: D:\my-vue-project\wind-power-forecast\backend\auto_scripts\scripts\supershort\logs\auto_predict\predict_20250325_02_45.flag)
2025-03-25 08:51:24,329 - ⏩ 跳过已处理的文件: 202503250245.csv
2025-03-25 08:51:24,329 - 该预测文件已处理过 (标志文件: D:\my-vue-project\wind-power-forecast\backend\auto_scripts\scripts\supershort\logs\auto_predict\predict_20250325_03_00.flag)
2025-03-25 08:51:24,329 - ⏩ 跳过已处理的文件: 202503250300.csv
2025-03-25 08:51:24,329 - 该预测文件已处理过 (标志文件: D:\my-vue-project\wind-power-forecast\backend\auto_scripts\scripts\supershort\logs\auto_predict\predict_20250325_03_15.flag)
2025-03-25 08:51:24,330 - ⏩ 跳过已处理的文件: 202503250315.csv
2025-03-25 08:51:24,330 - 该预测文件已处理过 (标志文件: D:\my-vue-project\wind-power-forecast\backend\auto_scripts\scripts\supershort\logs\auto_predict\predict_20250325_03_30.flag)
2025-03-25 08:51:24,330 - ⏩ 跳过已处理的文件: 202503250330.csv
2025-03-25 08:51:24,330 - 该预测文件已处理过 (标志文件: D:\my-vue-project\wind-power-forecast\backend\auto_scripts\scripts\supershort\logs\auto_predict\predict_20250325_03_45.flag)
2025-03-25 08:51:24,330 - ⏩ 跳过已处理的文件: 202503250345.csv
2025-03-25 08:51:24,330 - 该预测文件已处理过 (标志文件: D:\my-vue-project\wind-power-forecast\backend\auto_scripts\scripts\supershort\logs\auto_predict\predict_20250325_04_00.flag)
2025-03-25 08:51:24,330 - ⏩ 跳过已处理的文件: 202503250400.csv
2025-03-25 08:51:24,331 - 该预测文件已处理过 (标志文件: D:\my-vue-project\wind-power-forecast\backend\auto_scripts\scripts\supershort\logs\auto_predict\predict_20250325_04_15.flag)
2025-03-25 08:51:24,331 - ⏩ 跳过已处理的文件: 202503250415.csv
2025-03-25 08:51:24,331 - 该预测文件已处理过 (标志文件: D:\my-vue-project\wind-power-forecast\backend\auto_scripts\scripts\supershort\logs\auto_predict\predict_20250325_04_30.flag)
2025-03-25 08:51:24,331 - ⏩ 跳过已处理的文件: 202503250430.csv
2025-03-25 08:51:24,331 - 该预测文件已处理过 (标志文件: D:\my-vue-project\wind-power-forecast\backend\auto_scripts\scripts\supershort\logs\auto_predict\predict_20250325_04_45.flag)
2025-03-25 08:51:24,331 - ⏩ 跳过已处理的文件: 202503250445.csv
2025-03-25 08:51:24,331 - 该预测文件已处理过 (标志文件: D:\my-vue-project\wind-power-forecast\backend\auto_scripts\scripts\supershort\logs\auto_predict\predict_20250325_05_00.flag)
2025-03-25 08:51:24,331 - ⏩ 跳过已处理的文件: 202503250500.csv
2025-03-25 08:51:24,332 - 该预测文件已处理过 (标志文件: D:\my-vue-project\wind-power-forecast\backend\auto_scripts\scripts\supershort\logs\auto_predict\predict_20250325_05_15.flag)
2025-03-25 08:51:24,332 - ⏩ 跳过已处理的文件: 202503250515.csv
2025-03-25 08:51:24,332 - 该预测文件已处理过 (标志文件: D:\my-vue-project\wind-power-forecast\backend\auto_scripts\scripts\supershort\logs\auto_predict\predict_20250325_05_30.flag)
2025-03-25 08:51:24,332 - ⏩ 跳过已处理的文件: 202503250530.csv
2025-03-25 08:51:24,332 - 该预测文件已处理过 (标志文件: D:\my-vue-project\wind-power-forecast\backend\auto_scripts\scripts\supershort\logs\auto_predict\predict_20250325_05_45.flag)
2025-03-25 08:51:24,332 - ⏩ 跳过已处理的文件: 202503250545.csv
2025-03-25 08:51:24,332 - 该预测文件已处理过 (标志文件: D:\my-vue-project\wind-power-forecast\backend\auto_scripts\scripts\supershort\logs\auto_predict\predict_20250325_06_00.flag)
2025-03-25 08:51:24,332 - ⏩ 跳过已处理的文件: 202503250600.csv
2025-03-25 08:51:24,333 - 该预测文件已处理过 (标志文件: D:\my-vue-project\wind-power-forecast\backend\auto_scripts\scripts\supershort\logs\auto_predict\predict_20250325_06_15.flag)
2025-03-25 08:51:24,333 - ⏩ 跳过已处理的文件: 202503250615.csv
2025-03-25 08:51:24,333 - 该预测文件已处理过 (标志文件: D:\my-vue-project\wind-power-forecast\backend\auto_scripts\scripts\supershort\logs\auto_predict\predict_20250325_06_30.flag)
2025-03-25 08:51:24,333 - ⏩ 跳过已处理的文件: 202503250630.csv
2025-03-25 08:51:24,333 - 该预测文件已处理过 (标志文件: D:\my-vue-project\wind-power-forecast\backend\auto_scripts\scripts\supershort\logs\auto_predict\predict_20250325_06_45.flag)
2025-03-25 08:51:24,333 - ⏩ 跳过已处理的文件: 202503250645.csv
2025-03-25 08:51:24,333 - 该预测文件已处理过 (标志文件: D:\my-vue-project\wind-power-forecast\backend\auto_scripts\scripts\supershort\logs\auto_predict\predict_20250325_07_00.flag)
2025-03-25 08:51:24,333 - ⏩ 跳过已处理的文件: 202503250700.csv
2025-03-25 08:51:24,334 - 该预测文件已处理过 (标志文件: D:\my-vue-project\wind-power-forecast\backend\auto_scripts\scripts\supershort\logs\auto_predict\predict_20250325_07_15.flag)
2025-03-25 08:51:24,334 - ⏩ 跳过已处理的文件: 202503250715.csv
2025-03-25 08:51:24,334 - 该预测文件已处理过 (标志文件: D:\my-vue-project\wind-power-forecast\backend\auto_scripts\scripts\supershort\logs\auto_predict\predict_20250325_07_30.flag)
2025-03-25 08:51:24,334 - ⏩ 跳过已处理的文件: 202503250730.csv
2025-03-25 08:51:24,334 - 该预测文件已处理过 (标志文件: D:\my-vue-project\wind-power-forecast\backend\auto_scripts\scripts\supershort\logs\auto_predict\predict_20250325_07_45.flag)
2025-03-25 08:51:24,334 - ⏩ 跳过已处理的文件: 202503250745.csv
2025-03-25 08:51:24,334 - 该预测文件已处理过 (标志文件: D:\my-vue-project\wind-power-forecast\backend\auto_scripts\scripts\supershort\logs\auto_predict\predict_20250325_08_00.flag)
2025-03-25 08:51:24,334 - ⏩ 跳过已处理的文件: 202503250800.csv
2025-03-25 08:51:24,335 - 该预测文件已处理过 (标志文件: D:\my-vue-project\wind-power-forecast\backend\auto_scripts\scripts\supershort\logs\auto_predict\predict_20250325_08_15.flag)
2025-03-25 08:51:24,335 - ⏩ 跳过已处理的文件: 202503250815.csv
2025-03-25 08:51:24,335 - 该预测文件已处理过 (标志文件: D:\my-vue-project\wind-power-forecast\backend\auto_scripts\scripts\supershort\logs\auto_predict\predict_20250325_08_30.flag)
2025-03-25 08:51:24,335 - ⏩ 跳过已处理的文件: 202503250830.csv
2025-03-25 08:51:24,335 - 该预测文件已处理过 (标志文件: D:\my-vue-project\wind-power-forecast\backend\auto_scripts\scripts\supershort\logs\auto_predict\predict_20250325_08_45.flag)
2025-03-25 08:51:24,335 - ⏩ 跳过已处理的文件: 202503250845.csv
2025-03-25 08:51:24,335 - 本次共处理了 36 个预测文件
2025-03-25 08:51:24,335 - 
================================================================================
2025-03-25 08:51:24,335 - >>> 预测任务结束 <<<
2025-03-25 08:51:24,335 - ================================================================================

2025-03-25 08:51:24,335 - 预测任务结束
2025-03-25 08:56:26,313 - 
================================================================================
2025-03-25 08:56:26,313 - >>> 自动预测系统启动 <<<
2025-03-25 08:56:26,313 - ================================================================================

2025-03-25 08:56:26,313 - 自动预测系统启动
2025-03-25 08:56:26,313 - 当前日期: 20250325, 时间: 08:56:26
2025-03-25 08:56:26,313 - 
================================================================================
2025-03-25 08:56:26,313 - >>> 开始执行预测 <<<
2025-03-25 08:56:26,313 - ================================================================================

2025-03-25 08:56:26,313 - 开始执行预测
2025-03-25 08:56:26,313 - 扫描预测数据文件目录: D:\my-vue-project\wind-power-forecast\backend\auto_scripts\precsv\supershortcsv\20250325
2025-03-25 08:56:26,313 - 检查模型目录: D:\my-vue-project\wind-power-forecast\backend\auto_scripts\models\supershortmodel\20250325
2025-03-25 08:56:26,313 - 发现best_models目录: D:\my-vue-project\wind-power-forecast\backend\auto_scripts\models\supershortmodel\20250325\best_models
2025-03-25 08:56:26,314 - 发现GBDT模型文件: D:\my-vue-project\wind-power-forecast\backend\auto_scripts\models\supershortmodel\20250325\best_models\GBDT.joblib
2025-03-25 08:56:26,314 - 找到 36 个CSV文件
2025-03-25 08:56:26,315 - 该预测文件已处理过 (标志文件: D:\my-vue-project\wind-power-forecast\backend\auto_scripts\scripts\supershort\logs\auto_predict\predict_20250325_00_00.flag)
2025-03-25 08:56:26,315 - ⏩ 跳过已处理的文件: 202503250000.csv
2025-03-25 08:56:26,315 - 该预测文件已处理过 (标志文件: D:\my-vue-project\wind-power-forecast\backend\auto_scripts\scripts\supershort\logs\auto_predict\predict_20250325_00_15.flag)
2025-03-25 08:56:26,315 - ⏩ 跳过已处理的文件: 202503250015.csv
2025-03-25 08:56:26,315 - 该预测文件已处理过 (标志文件: D:\my-vue-project\wind-power-forecast\backend\auto_scripts\scripts\supershort\logs\auto_predict\predict_20250325_00_30.flag)
2025-03-25 08:56:26,315 - ⏩ 跳过已处理的文件: 202503250030.csv
2025-03-25 08:56:26,315 - 该预测文件已处理过 (标志文件: D:\my-vue-project\wind-power-forecast\backend\auto_scripts\scripts\supershort\logs\auto_predict\predict_20250325_00_45.flag)
2025-03-25 08:56:26,315 - ⏩ 跳过已处理的文件: 202503250045.csv
2025-03-25 08:56:26,316 - 该预测文件已处理过 (标志文件: D:\my-vue-project\wind-power-forecast\backend\auto_scripts\scripts\supershort\logs\auto_predict\predict_20250325_01_00.flag)
2025-03-25 08:56:26,316 - ⏩ 跳过已处理的文件: 202503250100.csv
2025-03-25 08:56:26,316 - 该预测文件已处理过 (标志文件: D:\my-vue-project\wind-power-forecast\backend\auto_scripts\scripts\supershort\logs\auto_predict\predict_20250325_01_15.flag)
2025-03-25 08:56:26,316 - ⏩ 跳过已处理的文件: 202503250115.csv
2025-03-25 08:56:26,316 - 该预测文件已处理过 (标志文件: D:\my-vue-project\wind-power-forecast\backend\auto_scripts\scripts\supershort\logs\auto_predict\predict_20250325_01_30.flag)
2025-03-25 08:56:26,316 - ⏩ 跳过已处理的文件: 202503250130.csv
2025-03-25 08:56:26,317 - 该预测文件已处理过 (标志文件: D:\my-vue-project\wind-power-forecast\backend\auto_scripts\scripts\supershort\logs\auto_predict\predict_20250325_01_45.flag)
2025-03-25 08:56:26,317 - ⏩ 跳过已处理的文件: 202503250145.csv
2025-03-25 08:56:26,317 - 该预测文件已处理过 (标志文件: D:\my-vue-project\wind-power-forecast\backend\auto_scripts\scripts\supershort\logs\auto_predict\predict_20250325_02_00.flag)
2025-03-25 08:56:26,317 - ⏩ 跳过已处理的文件: 202503250200.csv
2025-03-25 08:56:26,317 - 该预测文件已处理过 (标志文件: D:\my-vue-project\wind-power-forecast\backend\auto_scripts\scripts\supershort\logs\auto_predict\predict_20250325_02_15.flag)
2025-03-25 08:56:26,317 - ⏩ 跳过已处理的文件: 202503250215.csv
2025-03-25 08:56:26,317 - 该预测文件已处理过 (标志文件: D:\my-vue-project\wind-power-forecast\backend\auto_scripts\scripts\supershort\logs\auto_predict\predict_20250325_02_30.flag)
2025-03-25 08:56:26,317 - ⏩ 跳过已处理的文件: 202503250230.csv
2025-03-25 08:56:26,318 - 该预测文件已处理过 (标志文件: D:\my-vue-project\wind-power-forecast\backend\auto_scripts\scripts\supershort\logs\auto_predict\predict_20250325_02_45.flag)
2025-03-25 08:56:26,318 - ⏩ 跳过已处理的文件: 202503250245.csv
2025-03-25 08:56:26,318 - 该预测文件已处理过 (标志文件: D:\my-vue-project\wind-power-forecast\backend\auto_scripts\scripts\supershort\logs\auto_predict\predict_20250325_03_00.flag)
2025-03-25 08:56:26,318 - ⏩ 跳过已处理的文件: 202503250300.csv
2025-03-25 08:56:26,318 - 该预测文件已处理过 (标志文件: D:\my-vue-project\wind-power-forecast\backend\auto_scripts\scripts\supershort\logs\auto_predict\predict_20250325_03_15.flag)
2025-03-25 08:56:26,318 - ⏩ 跳过已处理的文件: 202503250315.csv
2025-03-25 08:56:26,318 - 该预测文件已处理过 (标志文件: D:\my-vue-project\wind-power-forecast\backend\auto_scripts\scripts\supershort\logs\auto_predict\predict_20250325_03_30.flag)
2025-03-25 08:56:26,318 - ⏩ 跳过已处理的文件: 202503250330.csv
2025-03-25 08:56:26,319 - 该预测文件已处理过 (标志文件: D:\my-vue-project\wind-power-forecast\backend\auto_scripts\scripts\supershort\logs\auto_predict\predict_20250325_03_45.flag)
2025-03-25 08:56:26,319 - ⏩ 跳过已处理的文件: 202503250345.csv
2025-03-25 08:56:26,319 - 该预测文件已处理过 (标志文件: D:\my-vue-project\wind-power-forecast\backend\auto_scripts\scripts\supershort\logs\auto_predict\predict_20250325_04_00.flag)
2025-03-25 08:56:26,319 - ⏩ 跳过已处理的文件: 202503250400.csv
2025-03-25 08:56:26,319 - 该预测文件已处理过 (标志文件: D:\my-vue-project\wind-power-forecast\backend\auto_scripts\scripts\supershort\logs\auto_predict\predict_20250325_04_15.flag)
2025-03-25 08:56:26,319 - ⏩ 跳过已处理的文件: 202503250415.csv
2025-03-25 08:56:26,319 - 该预测文件已处理过 (标志文件: D:\my-vue-project\wind-power-forecast\backend\auto_scripts\scripts\supershort\logs\auto_predict\predict_20250325_04_30.flag)
2025-03-25 08:56:26,319 - ⏩ 跳过已处理的文件: 202503250430.csv
2025-03-25 08:56:26,320 - 该预测文件已处理过 (标志文件: D:\my-vue-project\wind-power-forecast\backend\auto_scripts\scripts\supershort\logs\auto_predict\predict_20250325_04_45.flag)
2025-03-25 08:56:26,320 - ⏩ 跳过已处理的文件: 202503250445.csv
2025-03-25 08:56:26,320 - 该预测文件已处理过 (标志文件: D:\my-vue-project\wind-power-forecast\backend\auto_scripts\scripts\supershort\logs\auto_predict\predict_20250325_05_00.flag)
2025-03-25 08:56:26,320 - ⏩ 跳过已处理的文件: 202503250500.csv
2025-03-25 08:56:26,320 - 该预测文件已处理过 (标志文件: D:\my-vue-project\wind-power-forecast\backend\auto_scripts\scripts\supershort\logs\auto_predict\predict_20250325_05_15.flag)
2025-03-25 08:56:26,320 - ⏩ 跳过已处理的文件: 202503250515.csv
2025-03-25 08:56:26,320 - 该预测文件已处理过 (标志文件: D:\my-vue-project\wind-power-forecast\backend\auto_scripts\scripts\supershort\logs\auto_predict\predict_20250325_05_30.flag)
2025-03-25 08:56:26,321 - ⏩ 跳过已处理的文件: 202503250530.csv
2025-03-25 08:56:26,321 - 该预测文件已处理过 (标志文件: D:\my-vue-project\wind-power-forecast\backend\auto_scripts\scripts\supershort\logs\auto_predict\predict_20250325_05_45.flag)
2025-03-25 08:56:26,321 - ⏩ 跳过已处理的文件: 202503250545.csv
2025-03-25 08:56:26,321 - 该预测文件已处理过 (标志文件: D:\my-vue-project\wind-power-forecast\backend\auto_scripts\scripts\supershort\logs\auto_predict\predict_20250325_06_00.flag)
2025-03-25 08:56:26,321 - ⏩ 跳过已处理的文件: 202503250600.csv
2025-03-25 08:56:26,321 - 该预测文件已处理过 (标志文件: D:\my-vue-project\wind-power-forecast\backend\auto_scripts\scripts\supershort\logs\auto_predict\predict_20250325_06_15.flag)
2025-03-25 08:56:26,321 - ⏩ 跳过已处理的文件: 202503250615.csv
2025-03-25 08:56:26,322 - 该预测文件已处理过 (标志文件: D:\my-vue-project\wind-power-forecast\backend\auto_scripts\scripts\supershort\logs\auto_predict\predict_20250325_06_30.flag)
2025-03-25 08:56:26,322 - ⏩ 跳过已处理的文件: 202503250630.csv
2025-03-25 08:56:26,322 - 该预测文件已处理过 (标志文件: D:\my-vue-project\wind-power-forecast\backend\auto_scripts\scripts\supershort\logs\auto_predict\predict_20250325_06_45.flag)
2025-03-25 08:56:26,322 - ⏩ 跳过已处理的文件: 202503250645.csv
2025-03-25 08:56:26,322 - 该预测文件已处理过 (标志文件: D:\my-vue-project\wind-power-forecast\backend\auto_scripts\scripts\supershort\logs\auto_predict\predict_20250325_07_00.flag)
2025-03-25 08:56:26,322 - ⏩ 跳过已处理的文件: 202503250700.csv
2025-03-25 08:56:26,322 - 该预测文件已处理过 (标志文件: D:\my-vue-project\wind-power-forecast\backend\auto_scripts\scripts\supershort\logs\auto_predict\predict_20250325_07_15.flag)
2025-03-25 08:56:26,322 - ⏩ 跳过已处理的文件: 202503250715.csv
2025-03-25 08:56:26,323 - 该预测文件已处理过 (标志文件: D:\my-vue-project\wind-power-forecast\backend\auto_scripts\scripts\supershort\logs\auto_predict\predict_20250325_07_30.flag)
2025-03-25 08:56:26,323 - ⏩ 跳过已处理的文件: 202503250730.csv
2025-03-25 08:56:26,323 - 该预测文件已处理过 (标志文件: D:\my-vue-project\wind-power-forecast\backend\auto_scripts\scripts\supershort\logs\auto_predict\predict_20250325_07_45.flag)
2025-03-25 08:56:26,323 - ⏩ 跳过已处理的文件: 202503250745.csv
2025-03-25 08:56:26,324 - 该预测文件已处理过 (标志文件: D:\my-vue-project\wind-power-forecast\backend\auto_scripts\scripts\supershort\logs\auto_predict\predict_20250325_08_00.flag)
2025-03-25 08:56:26,324 - ⏩ 跳过已处理的文件: 202503250800.csv
2025-03-25 08:56:26,324 - 该预测文件已处理过 (标志文件: D:\my-vue-project\wind-power-forecast\backend\auto_scripts\scripts\supershort\logs\auto_predict\predict_20250325_08_15.flag)
2025-03-25 08:56:26,324 - ⏩ 跳过已处理的文件: 202503250815.csv
2025-03-25 08:56:26,324 - 该预测文件已处理过 (标志文件: D:\my-vue-project\wind-power-forecast\backend\auto_scripts\scripts\supershort\logs\auto_predict\predict_20250325_08_30.flag)
2025-03-25 08:56:26,324 - ⏩ 跳过已处理的文件: 202503250830.csv
2025-03-25 08:56:26,325 - 该预测文件已处理过 (标志文件: D:\my-vue-project\wind-power-forecast\backend\auto_scripts\scripts\supershort\logs\auto_predict\predict_20250325_08_45.flag)
2025-03-25 08:56:26,325 - ⏩ 跳过已处理的文件: 202503250845.csv
2025-03-25 08:56:26,325 - 本次共处理了 36 个预测文件
2025-03-25 08:56:26,325 - 
================================================================================
2025-03-25 08:56:26,325 - >>> 预测任务结束 <<<
2025-03-25 08:56:26,325 - ================================================================================

2025-03-25 08:56:26,325 - 预测任务结束
2025-03-25 09:01:27,654 - 
================================================================================
2025-03-25 09:01:27,654 - >>> 自动预测系统启动 <<<
2025-03-25 09:01:27,654 - ================================================================================

2025-03-25 09:01:27,654 - 自动预测系统启动
2025-03-25 09:01:27,654 - 当前日期: 20250325, 时间: 09:01:27
2025-03-25 09:01:27,654 - 
================================================================================
2025-03-25 09:01:27,654 - >>> 开始执行预测 <<<
2025-03-25 09:01:27,654 - ================================================================================

2025-03-25 09:01:27,654 - 开始执行预测
2025-03-25 09:01:27,655 - 扫描预测数据文件目录: D:\my-vue-project\wind-power-forecast\backend\auto_scripts\precsv\supershortcsv\20250325
2025-03-25 09:01:27,655 - 检查模型目录: D:\my-vue-project\wind-power-forecast\backend\auto_scripts\models\supershortmodel\20250325
2025-03-25 09:01:27,655 - 发现best_models目录: D:\my-vue-project\wind-power-forecast\backend\auto_scripts\models\supershortmodel\20250325\best_models
2025-03-25 09:01:27,655 - 发现GBDT模型文件: D:\my-vue-project\wind-power-forecast\backend\auto_scripts\models\supershortmodel\20250325\best_models\GBDT.joblib
2025-03-25 09:01:27,655 - 找到 37 个CSV文件
2025-03-25 09:01:27,656 - 该预测文件已处理过 (标志文件: D:\my-vue-project\wind-power-forecast\backend\auto_scripts\scripts\supershort\logs\auto_predict\predict_20250325_00_00.flag)
2025-03-25 09:01:27,656 - ⏩ 跳过已处理的文件: 202503250000.csv
2025-03-25 09:01:27,656 - 该预测文件已处理过 (标志文件: D:\my-vue-project\wind-power-forecast\backend\auto_scripts\scripts\supershort\logs\auto_predict\predict_20250325_00_15.flag)
2025-03-25 09:01:27,656 - ⏩ 跳过已处理的文件: 202503250015.csv
2025-03-25 09:01:27,656 - 该预测文件已处理过 (标志文件: D:\my-vue-project\wind-power-forecast\backend\auto_scripts\scripts\supershort\logs\auto_predict\predict_20250325_00_30.flag)
2025-03-25 09:01:27,656 - ⏩ 跳过已处理的文件: 202503250030.csv
2025-03-25 09:01:27,656 - 该预测文件已处理过 (标志文件: D:\my-vue-project\wind-power-forecast\backend\auto_scripts\scripts\supershort\logs\auto_predict\predict_20250325_00_45.flag)
2025-03-25 09:01:27,656 - ⏩ 跳过已处理的文件: 202503250045.csv
2025-03-25 09:01:27,657 - 该预测文件已处理过 (标志文件: D:\my-vue-project\wind-power-forecast\backend\auto_scripts\scripts\supershort\logs\auto_predict\predict_20250325_01_00.flag)
2025-03-25 09:01:27,657 - ⏩ 跳过已处理的文件: 202503250100.csv
2025-03-25 09:01:27,657 - 该预测文件已处理过 (标志文件: D:\my-vue-project\wind-power-forecast\backend\auto_scripts\scripts\supershort\logs\auto_predict\predict_20250325_01_15.flag)
2025-03-25 09:01:27,657 - ⏩ 跳过已处理的文件: 202503250115.csv
2025-03-25 09:01:27,657 - 该预测文件已处理过 (标志文件: D:\my-vue-project\wind-power-forecast\backend\auto_scripts\scripts\supershort\logs\auto_predict\predict_20250325_01_30.flag)
2025-03-25 09:01:27,657 - ⏩ 跳过已处理的文件: 202503250130.csv
2025-03-25 09:01:27,657 - 该预测文件已处理过 (标志文件: D:\my-vue-project\wind-power-forecast\backend\auto_scripts\scripts\supershort\logs\auto_predict\predict_20250325_01_45.flag)
2025-03-25 09:01:27,657 - ⏩ 跳过已处理的文件: 202503250145.csv
2025-03-25 09:01:27,658 - 该预测文件已处理过 (标志文件: D:\my-vue-project\wind-power-forecast\backend\auto_scripts\scripts\supershort\logs\auto_predict\predict_20250325_02_00.flag)
2025-03-25 09:01:27,658 - ⏩ 跳过已处理的文件: 202503250200.csv
2025-03-25 09:01:27,658 - 该预测文件已处理过 (标志文件: D:\my-vue-project\wind-power-forecast\backend\auto_scripts\scripts\supershort\logs\auto_predict\predict_20250325_02_15.flag)
2025-03-25 09:01:27,658 - ⏩ 跳过已处理的文件: 202503250215.csv
2025-03-25 09:01:27,658 - 该预测文件已处理过 (标志文件: D:\my-vue-project\wind-power-forecast\backend\auto_scripts\scripts\supershort\logs\auto_predict\predict_20250325_02_30.flag)
2025-03-25 09:01:27,658 - ⏩ 跳过已处理的文件: 202503250230.csv
2025-03-25 09:01:27,658 - 该预测文件已处理过 (标志文件: D:\my-vue-project\wind-power-forecast\backend\auto_scripts\scripts\supershort\logs\auto_predict\predict_20250325_02_45.flag)
2025-03-25 09:01:27,659 - ⏩ 跳过已处理的文件: 202503250245.csv
2025-03-25 09:01:27,659 - 该预测文件已处理过 (标志文件: D:\my-vue-project\wind-power-forecast\backend\auto_scripts\scripts\supershort\logs\auto_predict\predict_20250325_03_00.flag)
2025-03-25 09:01:27,659 - ⏩ 跳过已处理的文件: 202503250300.csv
2025-03-25 09:01:27,660 - 该预测文件已处理过 (标志文件: D:\my-vue-project\wind-power-forecast\backend\auto_scripts\scripts\supershort\logs\auto_predict\predict_20250325_03_15.flag)
2025-03-25 09:01:27,660 - ⏩ 跳过已处理的文件: 202503250315.csv
2025-03-25 09:01:27,660 - 该预测文件已处理过 (标志文件: D:\my-vue-project\wind-power-forecast\backend\auto_scripts\scripts\supershort\logs\auto_predict\predict_20250325_03_30.flag)
2025-03-25 09:01:27,660 - ⏩ 跳过已处理的文件: 202503250330.csv
2025-03-25 09:01:27,660 - 该预测文件已处理过 (标志文件: D:\my-vue-project\wind-power-forecast\backend\auto_scripts\scripts\supershort\logs\auto_predict\predict_20250325_03_45.flag)
2025-03-25 09:01:27,660 - ⏩ 跳过已处理的文件: 202503250345.csv
2025-03-25 09:01:27,660 - 该预测文件已处理过 (标志文件: D:\my-vue-project\wind-power-forecast\backend\auto_scripts\scripts\supershort\logs\auto_predict\predict_20250325_04_00.flag)
2025-03-25 09:01:27,660 - ⏩ 跳过已处理的文件: 202503250400.csv
2025-03-25 09:01:27,661 - 该预测文件已处理过 (标志文件: D:\my-vue-project\wind-power-forecast\backend\auto_scripts\scripts\supershort\logs\auto_predict\predict_20250325_04_15.flag)
2025-03-25 09:01:27,661 - ⏩ 跳过已处理的文件: 202503250415.csv
2025-03-25 09:01:27,661 - 该预测文件已处理过 (标志文件: D:\my-vue-project\wind-power-forecast\backend\auto_scripts\scripts\supershort\logs\auto_predict\predict_20250325_04_30.flag)
2025-03-25 09:01:27,661 - ⏩ 跳过已处理的文件: 202503250430.csv
2025-03-25 09:01:27,661 - 该预测文件已处理过 (标志文件: D:\my-vue-project\wind-power-forecast\backend\auto_scripts\scripts\supershort\logs\auto_predict\predict_20250325_04_45.flag)
2025-03-25 09:01:27,661 - ⏩ 跳过已处理的文件: 202503250445.csv
2025-03-25 09:01:27,661 - 该预测文件已处理过 (标志文件: D:\my-vue-project\wind-power-forecast\backend\auto_scripts\scripts\supershort\logs\auto_predict\predict_20250325_05_00.flag)
2025-03-25 09:01:27,661 - ⏩ 跳过已处理的文件: 202503250500.csv
2025-03-25 09:01:27,662 - 该预测文件已处理过 (标志文件: D:\my-vue-project\wind-power-forecast\backend\auto_scripts\scripts\supershort\logs\auto_predict\predict_20250325_05_15.flag)
2025-03-25 09:01:27,662 - ⏩ 跳过已处理的文件: 202503250515.csv
2025-03-25 09:01:27,662 - 该预测文件已处理过 (标志文件: D:\my-vue-project\wind-power-forecast\backend\auto_scripts\scripts\supershort\logs\auto_predict\predict_20250325_05_30.flag)
2025-03-25 09:01:27,662 - ⏩ 跳过已处理的文件: 202503250530.csv
2025-03-25 09:01:27,662 - 该预测文件已处理过 (标志文件: D:\my-vue-project\wind-power-forecast\backend\auto_scripts\scripts\supershort\logs\auto_predict\predict_20250325_05_45.flag)
2025-03-25 09:01:27,662 - ⏩ 跳过已处理的文件: 202503250545.csv
2025-03-25 09:01:27,662 - 该预测文件已处理过 (标志文件: D:\my-vue-project\wind-power-forecast\backend\auto_scripts\scripts\supershort\logs\auto_predict\predict_20250325_06_00.flag)
2025-03-25 09:01:27,662 - ⏩ 跳过已处理的文件: 202503250600.csv
2025-03-25 09:01:27,663 - 该预测文件已处理过 (标志文件: D:\my-vue-project\wind-power-forecast\backend\auto_scripts\scripts\supershort\logs\auto_predict\predict_20250325_06_15.flag)
2025-03-25 09:01:27,663 - ⏩ 跳过已处理的文件: 202503250615.csv
2025-03-25 09:01:27,663 - 该预测文件已处理过 (标志文件: D:\my-vue-project\wind-power-forecast\backend\auto_scripts\scripts\supershort\logs\auto_predict\predict_20250325_06_30.flag)
2025-03-25 09:01:27,663 - ⏩ 跳过已处理的文件: 202503250630.csv
2025-03-25 09:01:27,663 - 该预测文件已处理过 (标志文件: D:\my-vue-project\wind-power-forecast\backend\auto_scripts\scripts\supershort\logs\auto_predict\predict_20250325_06_45.flag)
2025-03-25 09:01:27,663 - ⏩ 跳过已处理的文件: 202503250645.csv
2025-03-25 09:01:27,663 - 该预测文件已处理过 (标志文件: D:\my-vue-project\wind-power-forecast\backend\auto_scripts\scripts\supershort\logs\auto_predict\predict_20250325_07_00.flag)
2025-03-25 09:01:27,663 - ⏩ 跳过已处理的文件: 202503250700.csv
2025-03-25 09:01:27,664 - 该预测文件已处理过 (标志文件: D:\my-vue-project\wind-power-forecast\backend\auto_scripts\scripts\supershort\logs\auto_predict\predict_20250325_07_15.flag)
2025-03-25 09:01:27,664 - ⏩ 跳过已处理的文件: 202503250715.csv
2025-03-25 09:01:27,664 - 该预测文件已处理过 (标志文件: D:\my-vue-project\wind-power-forecast\backend\auto_scripts\scripts\supershort\logs\auto_predict\predict_20250325_07_30.flag)
2025-03-25 09:01:27,664 - ⏩ 跳过已处理的文件: 202503250730.csv
2025-03-25 09:01:27,664 - 该预测文件已处理过 (标志文件: D:\my-vue-project\wind-power-forecast\backend\auto_scripts\scripts\supershort\logs\auto_predict\predict_20250325_07_45.flag)
2025-03-25 09:01:27,664 - ⏩ 跳过已处理的文件: 202503250745.csv
2025-03-25 09:01:27,664 - 该预测文件已处理过 (标志文件: D:\my-vue-project\wind-power-forecast\backend\auto_scripts\scripts\supershort\logs\auto_predict\predict_20250325_08_00.flag)
2025-03-25 09:01:27,665 - ⏩ 跳过已处理的文件: 202503250800.csv
2025-03-25 09:01:27,665 - 该预测文件已处理过 (标志文件: D:\my-vue-project\wind-power-forecast\backend\auto_scripts\scripts\supershort\logs\auto_predict\predict_20250325_08_15.flag)
2025-03-25 09:01:27,665 - ⏩ 跳过已处理的文件: 202503250815.csv
2025-03-25 09:01:27,665 - 该预测文件已处理过 (标志文件: D:\my-vue-project\wind-power-forecast\backend\auto_scripts\scripts\supershort\logs\auto_predict\predict_20250325_08_30.flag)
2025-03-25 09:01:27,665 - ⏩ 跳过已处理的文件: 202503250830.csv
2025-03-25 09:01:27,665 - 该预测文件已处理过 (标志文件: D:\my-vue-project\wind-power-forecast\backend\auto_scripts\scripts\supershort\logs\auto_predict\predict_20250325_08_45.flag)
2025-03-25 09:01:27,665 - ⏩ 跳过已处理的文件: 202503250845.csv
2025-03-25 09:01:27,665 - ✅ 处理预测文件: D:\my-vue-project\wind-power-forecast\backend\auto_scripts\precsv\supershortcsv\20250325\202503250900.csv
2025-03-25 09:01:27,665 - 
============================================================
【风电功率预测开始】
============================================================
2025-03-25 09:01:27,665 - 配置信息:
2025-03-25 09:01:27,665 -   - 数据文件: D:\my-vue-project\wind-power-forecast\backend\auto_scripts\precsv\supershortcsv\20250325\202503250900.csv
2025-03-25 09:01:27,665 -   - 模型目录: D:\my-vue-project\wind-power-forecast\backend\auto_scripts\models\supershortmodel\20250325
2025-03-25 09:01:27,665 -   - 窗口大小: 16
2025-03-25 09:01:27,665 -   - 滞后特征数: 4
2025-03-25 09:01:27,665 - 
============================================================
【预处理新数据】
============================================================
2025-03-25 09:01:27,665 - 加载数据文件: D:\my-vue-project\wind-power-forecast\backend\auto_scripts\precsv\supershortcsv\20250325\202503250900.csv
2025-03-25 09:01:27,670 - 数据加载完成，去除缺失值后共 29 条记录
2025-03-25 09:01:27,712 - 数据前5行预览:
        Timestamp    129.128_1    129.128_2  ...  ws200_13  ws200_14  ws200_15
0  2024/3/11 0:00  15974.26563  16293.82813  ...  4.542173  1.324043  0.865087
1  2024/3/11 0:15  15974.26563  16293.82813  ...  3.899081  0.880606  1.273859
2  2024/3/11 0:30  15974.26563  16293.82813  ...  3.273753  0.778394  1.710350
3  2024/3/11 0:45  15974.26563  16293.82813  ...  2.678660  1.115517  2.157803
4  2024/3/11 1:00  15974.26563  16293.82813  ...  2.139185  1.640399  2.610587

[5 rows x 301 columns]
2025-03-25 09:01:27,713 - 预处理数据...
2025-03-25 09:01:27,715 - 预处理完成，特征维度: (29, 304)
2025-03-25 09:01:27,715 - 执行特征工程，滞后特征数: 4...
2025-03-25 09:01:27,749 - 特征工程完成，特征维度: (26, 859)
2025-03-25 09:01:27,750 - 新数据预处理完成，共 26 个样本
2025-03-25 09:01:27,750 - ✅ 发现最佳模型目录: D:\my-vue-project\wind-power-forecast\backend\auto_scripts\models\supershortmodel\20250325\best_models，尝试使用多模型加权预测
2025-03-25 09:01:27,750 - 
============================================================
【加载多个模型】
============================================================
2025-03-25 09:01:27,750 - 从目录加载模型和 scaler: D:\my-vue-project\wind-power-forecast\backend\auto_scripts\models\supershortmodel\20250325\best_models
2025-03-25 09:01:27,750 - 加载 GBDT 模型和 scaler...
2025-03-25 09:01:27,846 - ✅ 已成功加载 GBDT 模型和对应的 scaler
2025-03-25 09:01:27,846 - 加载 DART 模型和 scaler...
2025-03-25 09:01:27,854 - ✅ 已成功加载 DART 模型和对应的 scaler
2025-03-25 09:01:27,854 - 加载 GOSS 模型和 scaler...
2025-03-25 09:01:27,860 - ✅ 已成功加载 GOSS 模型和对应的 scaler
2025-03-25 09:01:27,860 - 加载完成，共加载了 3 个模型: GBDT, DART, GOSS
2025-03-25 09:01:27,860 - 尝试加载模型权重文件: D:\my-vue-project\wind-power-forecast\backend\auto_scripts\models\supershortmodel\20250325\model_weights.joblib
2025-03-25 09:01:27,860 - ✅ 已加载模型权重: {'GBDT': np.float64(0.0), 'DART': np.float64(0.0), 'GOSS': np.float64(0.9413418792089218), 'INTERCEPT': np.float64(-0.0258769107539365)}
2025-03-25 09:01:27,860 - 
============================================================
【使用多模型加权预测】
============================================================
2025-03-25 09:01:27,860 - 使用自定义权重: {'GBDT': np.float64(0.0), 'DART': np.float64(0.0), 'GOSS': np.float64(0.9413418792089218), 'INTERCEPT': np.float64(-0.0258769107539365)}
2025-03-25 09:01:27,860 - ❌ GBDT 模型权重为0，跳过
2025-03-25 09:01:27,860 - ❌ DART 模型权重为0，跳过
2025-03-25 09:01:27,860 - 使用 GOSS 模型进行预测 (权重: 0.9413)...
2025-03-25 09:01:27,862 - GOSS: 数据标准化完成
2025-03-25 09:01:27,863 - GOSS: 时间窗口创建完成，窗口数量: 11
2025-03-25 09:01:27,932 - ✅ GOSS 模型预测完成，生成了 11 个预测值
2025-03-25 09:01:27,933 -    统计: 最小值=118.97, 最大值=177.46, 平均值=157.97
2025-03-25 09:01:27,933 - 所有预测结果对齐到最小长度: 11
2025-03-25 09:01:27,933 - 开始计算加权平均预测结果...
2025-03-25 09:01:27,933 -   加入 GOSS 模型贡献 (权重: 0.9413)
2025-03-25 09:01:27,933 -   加入常数偏置项 (值: -0.0259)
2025-03-25 09:01:27,933 - 加权平均预测完成，生成了 11 个预测值
2025-03-25 09:01:27,933 - 加权预测结果统计: 最小值=111.96, 最大值=167.03, 平均值=148.67
2025-03-25 09:01:27,933 - ✅ 多模型加权预测完成，使用模型: GBDT, DART, GOSS
2025-03-25 09:01:27,934 - 预测结果数据框创建完成，共 11 行
2025-03-25 09:01:27,936 - ✅ 预测结果已保存到文件: D:\my-vue-project\wind-power-forecast\backend\auto_scripts\results\supershortresult\20250325\prediction_202503250900.csv
2025-03-25 09:01:27,936 - 尝试将预测结果导入数据库...
2025-03-25 09:01:27,936 - 发送HTTP请求到: http://localhost:5000/prediction2database/batch_supershortl_power
2025-03-25 09:01:29,969 - ✅ 数据已成功导入数据库
2025-03-25 09:01:29,969 -    总记录数: 11, 更新: 11, 插入: 0
2025-03-25 09:01:29,969 - 
============================================================
【风电功率预测完成】
============================================================
2025-03-25 09:01:29,969 - 风电功率预测完成
2025-03-25 09:01:29,971 - ✅ 202503250900.csv 预测执行完成
2025-03-25 09:01:29,972 - 已创建预测标志文件: D:\my-vue-project\wind-power-forecast\backend\auto_scripts\scripts\supershort\logs\auto_predict\predict_20250325_09_00.flag
2025-03-25 09:01:29,972 - 本次共处理了 37 个预测文件
2025-03-25 09:01:29,972 - 
================================================================================
2025-03-25 09:01:29,972 - >>> 预测任务结束 <<<
2025-03-25 09:01:29,972 - ================================================================================

2025-03-25 09:01:29,972 - 预测任务结束
2025-03-25 09:06:31,289 - 
================================================================================
2025-03-25 09:06:31,289 - >>> 自动预测系统启动 <<<
2025-03-25 09:06:31,289 - ================================================================================

2025-03-25 09:06:31,289 - 自动预测系统启动
2025-03-25 09:06:31,289 - 当前日期: 20250325, 时间: 09:06:31
2025-03-25 09:06:31,289 - 
================================================================================
2025-03-25 09:06:31,289 - >>> 开始执行预测 <<<
2025-03-25 09:06:31,289 - ================================================================================

2025-03-25 09:06:31,289 - 开始执行预测
2025-03-25 09:06:31,289 - 扫描预测数据文件目录: D:\my-vue-project\wind-power-forecast\backend\auto_scripts\precsv\supershortcsv\20250325
2025-03-25 09:06:31,289 - 检查模型目录: D:\my-vue-project\wind-power-forecast\backend\auto_scripts\models\supershortmodel\20250325
2025-03-25 09:06:31,290 - 发现best_models目录: D:\my-vue-project\wind-power-forecast\backend\auto_scripts\models\supershortmodel\20250325\best_models
2025-03-25 09:06:31,290 - 发现GBDT模型文件: D:\my-vue-project\wind-power-forecast\backend\auto_scripts\models\supershortmodel\20250325\best_models\GBDT.joblib
2025-03-25 09:06:31,290 - 找到 37 个CSV文件
2025-03-25 09:06:31,290 - 该预测文件已处理过 (标志文件: D:\my-vue-project\wind-power-forecast\backend\auto_scripts\scripts\supershort\logs\auto_predict\predict_20250325_00_00.flag)
2025-03-25 09:06:31,290 - ⏩ 跳过已处理的文件: 202503250000.csv
2025-03-25 09:06:31,290 - 该预测文件已处理过 (标志文件: D:\my-vue-project\wind-power-forecast\backend\auto_scripts\scripts\supershort\logs\auto_predict\predict_20250325_00_15.flag)
2025-03-25 09:06:31,290 - ⏩ 跳过已处理的文件: 202503250015.csv
2025-03-25 09:06:31,291 - 该预测文件已处理过 (标志文件: D:\my-vue-project\wind-power-forecast\backend\auto_scripts\scripts\supershort\logs\auto_predict\predict_20250325_00_30.flag)
2025-03-25 09:06:31,291 - ⏩ 跳过已处理的文件: 202503250030.csv
2025-03-25 09:06:31,291 - 该预测文件已处理过 (标志文件: D:\my-vue-project\wind-power-forecast\backend\auto_scripts\scripts\supershort\logs\auto_predict\predict_20250325_00_45.flag)
2025-03-25 09:06:31,291 - ⏩ 跳过已处理的文件: 202503250045.csv
2025-03-25 09:06:31,291 - 该预测文件已处理过 (标志文件: D:\my-vue-project\wind-power-forecast\backend\auto_scripts\scripts\supershort\logs\auto_predict\predict_20250325_01_00.flag)
2025-03-25 09:06:31,291 - ⏩ 跳过已处理的文件: 202503250100.csv
2025-03-25 09:06:31,292 - 该预测文件已处理过 (标志文件: D:\my-vue-project\wind-power-forecast\backend\auto_scripts\scripts\supershort\logs\auto_predict\predict_20250325_01_15.flag)
2025-03-25 09:06:31,292 - ⏩ 跳过已处理的文件: 202503250115.csv
2025-03-25 09:06:31,292 - 该预测文件已处理过 (标志文件: D:\my-vue-project\wind-power-forecast\backend\auto_scripts\scripts\supershort\logs\auto_predict\predict_20250325_01_30.flag)
2025-03-25 09:06:31,292 - ⏩ 跳过已处理的文件: 202503250130.csv
2025-03-25 09:06:31,292 - 该预测文件已处理过 (标志文件: D:\my-vue-project\wind-power-forecast\backend\auto_scripts\scripts\supershort\logs\auto_predict\predict_20250325_01_45.flag)
2025-03-25 09:06:31,292 - ⏩ 跳过已处理的文件: 202503250145.csv
2025-03-25 09:06:31,292 - 该预测文件已处理过 (标志文件: D:\my-vue-project\wind-power-forecast\backend\auto_scripts\scripts\supershort\logs\auto_predict\predict_20250325_02_00.flag)
2025-03-25 09:06:31,292 - ⏩ 跳过已处理的文件: 202503250200.csv
2025-03-25 09:06:31,293 - 该预测文件已处理过 (标志文件: D:\my-vue-project\wind-power-forecast\backend\auto_scripts\scripts\supershort\logs\auto_predict\predict_20250325_02_15.flag)
2025-03-25 09:06:31,293 - ⏩ 跳过已处理的文件: 202503250215.csv
2025-03-25 09:06:31,293 - 该预测文件已处理过 (标志文件: D:\my-vue-project\wind-power-forecast\backend\auto_scripts\scripts\supershort\logs\auto_predict\predict_20250325_02_30.flag)
2025-03-25 09:06:31,293 - ⏩ 跳过已处理的文件: 202503250230.csv
2025-03-25 09:06:31,293 - 该预测文件已处理过 (标志文件: D:\my-vue-project\wind-power-forecast\backend\auto_scripts\scripts\supershort\logs\auto_predict\predict_20250325_02_45.flag)
2025-03-25 09:06:31,293 - ⏩ 跳过已处理的文件: 202503250245.csv
2025-03-25 09:06:31,293 - 该预测文件已处理过 (标志文件: D:\my-vue-project\wind-power-forecast\backend\auto_scripts\scripts\supershort\logs\auto_predict\predict_20250325_03_00.flag)
2025-03-25 09:06:31,294 - ⏩ 跳过已处理的文件: 202503250300.csv
2025-03-25 09:06:31,294 - 该预测文件已处理过 (标志文件: D:\my-vue-project\wind-power-forecast\backend\auto_scripts\scripts\supershort\logs\auto_predict\predict_20250325_03_15.flag)
2025-03-25 09:06:31,294 - ⏩ 跳过已处理的文件: 202503250315.csv
2025-03-25 09:06:31,294 - 该预测文件已处理过 (标志文件: D:\my-vue-project\wind-power-forecast\backend\auto_scripts\scripts\supershort\logs\auto_predict\predict_20250325_03_30.flag)
2025-03-25 09:06:31,294 - ⏩ 跳过已处理的文件: 202503250330.csv
2025-03-25 09:06:31,294 - 该预测文件已处理过 (标志文件: D:\my-vue-project\wind-power-forecast\backend\auto_scripts\scripts\supershort\logs\auto_predict\predict_20250325_03_45.flag)
2025-03-25 09:06:31,294 - ⏩ 跳过已处理的文件: 202503250345.csv
2025-03-25 09:06:31,295 - 该预测文件已处理过 (标志文件: D:\my-vue-project\wind-power-forecast\backend\auto_scripts\scripts\supershort\logs\auto_predict\predict_20250325_04_00.flag)
2025-03-25 09:06:31,295 - ⏩ 跳过已处理的文件: 202503250400.csv
2025-03-25 09:06:31,295 - 该预测文件已处理过 (标志文件: D:\my-vue-project\wind-power-forecast\backend\auto_scripts\scripts\supershort\logs\auto_predict\predict_20250325_04_15.flag)
2025-03-25 09:06:31,295 - ⏩ 跳过已处理的文件: 202503250415.csv
2025-03-25 09:06:31,295 - 该预测文件已处理过 (标志文件: D:\my-vue-project\wind-power-forecast\backend\auto_scripts\scripts\supershort\logs\auto_predict\predict_20250325_04_30.flag)
2025-03-25 09:06:31,295 - ⏩ 跳过已处理的文件: 202503250430.csv
2025-03-25 09:06:31,295 - 该预测文件已处理过 (标志文件: D:\my-vue-project\wind-power-forecast\backend\auto_scripts\scripts\supershort\logs\auto_predict\predict_20250325_04_45.flag)
2025-03-25 09:06:31,295 - ⏩ 跳过已处理的文件: 202503250445.csv
2025-03-25 09:06:31,296 - 该预测文件已处理过 (标志文件: D:\my-vue-project\wind-power-forecast\backend\auto_scripts\scripts\supershort\logs\auto_predict\predict_20250325_05_00.flag)
2025-03-25 09:06:31,296 - ⏩ 跳过已处理的文件: 202503250500.csv
2025-03-25 09:06:31,296 - 该预测文件已处理过 (标志文件: D:\my-vue-project\wind-power-forecast\backend\auto_scripts\scripts\supershort\logs\auto_predict\predict_20250325_05_15.flag)
2025-03-25 09:06:31,296 - ⏩ 跳过已处理的文件: 202503250515.csv
2025-03-25 09:06:31,296 - 该预测文件已处理过 (标志文件: D:\my-vue-project\wind-power-forecast\backend\auto_scripts\scripts\supershort\logs\auto_predict\predict_20250325_05_30.flag)
2025-03-25 09:06:31,296 - ⏩ 跳过已处理的文件: 202503250530.csv
2025-03-25 09:06:31,296 - 该预测文件已处理过 (标志文件: D:\my-vue-project\wind-power-forecast\backend\auto_scripts\scripts\supershort\logs\auto_predict\predict_20250325_05_45.flag)
2025-03-25 09:06:31,296 - ⏩ 跳过已处理的文件: 202503250545.csv
2025-03-25 09:06:31,297 - 该预测文件已处理过 (标志文件: D:\my-vue-project\wind-power-forecast\backend\auto_scripts\scripts\supershort\logs\auto_predict\predict_20250325_06_00.flag)
2025-03-25 09:06:31,297 - ⏩ 跳过已处理的文件: 202503250600.csv
2025-03-25 09:06:31,297 - 该预测文件已处理过 (标志文件: D:\my-vue-project\wind-power-forecast\backend\auto_scripts\scripts\supershort\logs\auto_predict\predict_20250325_06_15.flag)
2025-03-25 09:06:31,297 - ⏩ 跳过已处理的文件: 202503250615.csv
2025-03-25 09:06:31,297 - 该预测文件已处理过 (标志文件: D:\my-vue-project\wind-power-forecast\backend\auto_scripts\scripts\supershort\logs\auto_predict\predict_20250325_06_30.flag)
2025-03-25 09:06:31,297 - ⏩ 跳过已处理的文件: 202503250630.csv
2025-03-25 09:06:31,298 - 该预测文件已处理过 (标志文件: D:\my-vue-project\wind-power-forecast\backend\auto_scripts\scripts\supershort\logs\auto_predict\predict_20250325_06_45.flag)
2025-03-25 09:06:31,298 - ⏩ 跳过已处理的文件: 202503250645.csv
2025-03-25 09:06:31,298 - 该预测文件已处理过 (标志文件: D:\my-vue-project\wind-power-forecast\backend\auto_scripts\scripts\supershort\logs\auto_predict\predict_20250325_07_00.flag)
2025-03-25 09:06:31,298 - ⏩ 跳过已处理的文件: 202503250700.csv
2025-03-25 09:06:31,298 - 该预测文件已处理过 (标志文件: D:\my-vue-project\wind-power-forecast\backend\auto_scripts\scripts\supershort\logs\auto_predict\predict_20250325_07_15.flag)
2025-03-25 09:06:31,298 - ⏩ 跳过已处理的文件: 202503250715.csv
2025-03-25 09:06:31,298 - 该预测文件已处理过 (标志文件: D:\my-vue-project\wind-power-forecast\backend\auto_scripts\scripts\supershort\logs\auto_predict\predict_20250325_07_30.flag)
2025-03-25 09:06:31,298 - ⏩ 跳过已处理的文件: 202503250730.csv
2025-03-25 09:06:31,299 - 该预测文件已处理过 (标志文件: D:\my-vue-project\wind-power-forecast\backend\auto_scripts\scripts\supershort\logs\auto_predict\predict_20250325_07_45.flag)
2025-03-25 09:06:31,299 - ⏩ 跳过已处理的文件: 202503250745.csv
2025-03-25 09:06:31,299 - 该预测文件已处理过 (标志文件: D:\my-vue-project\wind-power-forecast\backend\auto_scripts\scripts\supershort\logs\auto_predict\predict_20250325_08_00.flag)
2025-03-25 09:06:31,299 - ⏩ 跳过已处理的文件: 202503250800.csv
2025-03-25 09:06:31,299 - 该预测文件已处理过 (标志文件: D:\my-vue-project\wind-power-forecast\backend\auto_scripts\scripts\supershort\logs\auto_predict\predict_20250325_08_15.flag)
2025-03-25 09:06:31,299 - ⏩ 跳过已处理的文件: 202503250815.csv
2025-03-25 09:06:31,299 - 该预测文件已处理过 (标志文件: D:\my-vue-project\wind-power-forecast\backend\auto_scripts\scripts\supershort\logs\auto_predict\predict_20250325_08_30.flag)
2025-03-25 09:06:31,299 - ⏩ 跳过已处理的文件: 202503250830.csv
2025-03-25 09:06:31,300 - 该预测文件已处理过 (标志文件: D:\my-vue-project\wind-power-forecast\backend\auto_scripts\scripts\supershort\logs\auto_predict\predict_20250325_08_45.flag)
2025-03-25 09:06:31,300 - ⏩ 跳过已处理的文件: 202503250845.csv
2025-03-25 09:06:31,300 - 该预测文件已处理过 (标志文件: D:\my-vue-project\wind-power-forecast\backend\auto_scripts\scripts\supershort\logs\auto_predict\predict_20250325_09_00.flag)
2025-03-25 09:06:31,300 - ⏩ 跳过已处理的文件: 202503250900.csv
2025-03-25 09:06:31,300 - 本次共处理了 37 个预测文件
2025-03-25 09:06:31,300 - 
================================================================================
2025-03-25 09:06:31,300 - >>> 预测任务结束 <<<
2025-03-25 09:06:31,300 - ================================================================================

2025-03-25 09:06:31,300 - 预测任务结束
2025-03-25 09:11:33,029 - 
================================================================================
2025-03-25 09:11:33,029 - >>> 自动预测系统启动 <<<
2025-03-25 09:11:33,029 - ================================================================================

2025-03-25 09:11:33,029 - 自动预测系统启动
2025-03-25 09:11:33,029 - 当前日期: 20250325, 时间: 09:11:33
2025-03-25 09:11:33,029 - 
================================================================================
2025-03-25 09:11:33,029 - >>> 开始执行预测 <<<
2025-03-25 09:11:33,029 - ================================================================================

2025-03-25 09:11:33,029 - 开始执行预测
2025-03-25 09:11:33,029 - 扫描预测数据文件目录: D:\my-vue-project\wind-power-forecast\backend\auto_scripts\precsv\supershortcsv\20250325
2025-03-25 09:11:33,029 - 检查模型目录: D:\my-vue-project\wind-power-forecast\backend\auto_scripts\models\supershortmodel\20250325
2025-03-25 09:11:33,029 - 发现best_models目录: D:\my-vue-project\wind-power-forecast\backend\auto_scripts\models\supershortmodel\20250325\best_models
2025-03-25 09:11:33,030 - 发现GBDT模型文件: D:\my-vue-project\wind-power-forecast\backend\auto_scripts\models\supershortmodel\20250325\best_models\GBDT.joblib
2025-03-25 09:11:33,030 - 找到 37 个CSV文件
2025-03-25 09:11:33,030 - 该预测文件已处理过 (标志文件: D:\my-vue-project\wind-power-forecast\backend\auto_scripts\scripts\supershort\logs\auto_predict\predict_20250325_00_00.flag)
2025-03-25 09:11:33,030 - ⏩ 跳过已处理的文件: 202503250000.csv
2025-03-25 09:11:33,030 - 该预测文件已处理过 (标志文件: D:\my-vue-project\wind-power-forecast\backend\auto_scripts\scripts\supershort\logs\auto_predict\predict_20250325_00_15.flag)
2025-03-25 09:11:33,030 - ⏩ 跳过已处理的文件: 202503250015.csv
2025-03-25 09:11:33,031 - 该预测文件已处理过 (标志文件: D:\my-vue-project\wind-power-forecast\backend\auto_scripts\scripts\supershort\logs\auto_predict\predict_20250325_00_30.flag)
2025-03-25 09:11:33,031 - ⏩ 跳过已处理的文件: 202503250030.csv
2025-03-25 09:11:33,031 - 该预测文件已处理过 (标志文件: D:\my-vue-project\wind-power-forecast\backend\auto_scripts\scripts\supershort\logs\auto_predict\predict_20250325_00_45.flag)
2025-03-25 09:11:33,031 - ⏩ 跳过已处理的文件: 202503250045.csv
2025-03-25 09:11:33,031 - 该预测文件已处理过 (标志文件: D:\my-vue-project\wind-power-forecast\backend\auto_scripts\scripts\supershort\logs\auto_predict\predict_20250325_01_00.flag)
2025-03-25 09:11:33,031 - ⏩ 跳过已处理的文件: 202503250100.csv
2025-03-25 09:11:33,031 - 该预测文件已处理过 (标志文件: D:\my-vue-project\wind-power-forecast\backend\auto_scripts\scripts\supershort\logs\auto_predict\predict_20250325_01_15.flag)
2025-03-25 09:11:33,031 - ⏩ 跳过已处理的文件: 202503250115.csv
2025-03-25 09:11:33,032 - 该预测文件已处理过 (标志文件: D:\my-vue-project\wind-power-forecast\backend\auto_scripts\scripts\supershort\logs\auto_predict\predict_20250325_01_30.flag)
2025-03-25 09:11:33,032 - ⏩ 跳过已处理的文件: 202503250130.csv
2025-03-25 09:11:33,032 - 该预测文件已处理过 (标志文件: D:\my-vue-project\wind-power-forecast\backend\auto_scripts\scripts\supershort\logs\auto_predict\predict_20250325_01_45.flag)
2025-03-25 09:11:33,032 - ⏩ 跳过已处理的文件: 202503250145.csv
2025-03-25 09:11:33,032 - 该预测文件已处理过 (标志文件: D:\my-vue-project\wind-power-forecast\backend\auto_scripts\scripts\supershort\logs\auto_predict\predict_20250325_02_00.flag)
2025-03-25 09:11:33,032 - ⏩ 跳过已处理的文件: 202503250200.csv
2025-03-25 09:11:33,032 - 该预测文件已处理过 (标志文件: D:\my-vue-project\wind-power-forecast\backend\auto_scripts\scripts\supershort\logs\auto_predict\predict_20250325_02_15.flag)
2025-03-25 09:11:33,032 - ⏩ 跳过已处理的文件: 202503250215.csv
2025-03-25 09:11:33,033 - 该预测文件已处理过 (标志文件: D:\my-vue-project\wind-power-forecast\backend\auto_scripts\scripts\supershort\logs\auto_predict\predict_20250325_02_30.flag)
2025-03-25 09:11:33,033 - ⏩ 跳过已处理的文件: 202503250230.csv
2025-03-25 09:11:33,033 - 该预测文件已处理过 (标志文件: D:\my-vue-project\wind-power-forecast\backend\auto_scripts\scripts\supershort\logs\auto_predict\predict_20250325_02_45.flag)
2025-03-25 09:11:33,033 - ⏩ 跳过已处理的文件: 202503250245.csv
2025-03-25 09:11:33,033 - 该预测文件已处理过 (标志文件: D:\my-vue-project\wind-power-forecast\backend\auto_scripts\scripts\supershort\logs\auto_predict\predict_20250325_03_00.flag)
2025-03-25 09:11:33,033 - ⏩ 跳过已处理的文件: 202503250300.csv
2025-03-25 09:11:33,033 - 该预测文件已处理过 (标志文件: D:\my-vue-project\wind-power-forecast\backend\auto_scripts\scripts\supershort\logs\auto_predict\predict_20250325_03_15.flag)
2025-03-25 09:11:33,033 - ⏩ 跳过已处理的文件: 202503250315.csv
2025-03-25 09:11:33,034 - 该预测文件已处理过 (标志文件: D:\my-vue-project\wind-power-forecast\backend\auto_scripts\scripts\supershort\logs\auto_predict\predict_20250325_03_30.flag)
2025-03-25 09:11:33,034 - ⏩ 跳过已处理的文件: 202503250330.csv
2025-03-25 09:11:33,034 - 该预测文件已处理过 (标志文件: D:\my-vue-project\wind-power-forecast\backend\auto_scripts\scripts\supershort\logs\auto_predict\predict_20250325_03_45.flag)
2025-03-25 09:11:33,034 - ⏩ 跳过已处理的文件: 202503250345.csv
2025-03-25 09:11:33,034 - 该预测文件已处理过 (标志文件: D:\my-vue-project\wind-power-forecast\backend\auto_scripts\scripts\supershort\logs\auto_predict\predict_20250325_04_00.flag)
2025-03-25 09:11:33,034 - ⏩ 跳过已处理的文件: 202503250400.csv
2025-03-25 09:11:33,034 - 该预测文件已处理过 (标志文件: D:\my-vue-project\wind-power-forecast\backend\auto_scripts\scripts\supershort\logs\auto_predict\predict_20250325_04_15.flag)
2025-03-25 09:11:33,034 - ⏩ 跳过已处理的文件: 202503250415.csv
2025-03-25 09:11:33,035 - 该预测文件已处理过 (标志文件: D:\my-vue-project\wind-power-forecast\backend\auto_scripts\scripts\supershort\logs\auto_predict\predict_20250325_04_30.flag)
2025-03-25 09:11:33,035 - ⏩ 跳过已处理的文件: 202503250430.csv
2025-03-25 09:11:33,035 - 该预测文件已处理过 (标志文件: D:\my-vue-project\wind-power-forecast\backend\auto_scripts\scripts\supershort\logs\auto_predict\predict_20250325_04_45.flag)
2025-03-25 09:11:33,035 - ⏩ 跳过已处理的文件: 202503250445.csv
2025-03-25 09:11:33,035 - 该预测文件已处理过 (标志文件: D:\my-vue-project\wind-power-forecast\backend\auto_scripts\scripts\supershort\logs\auto_predict\predict_20250325_05_00.flag)
2025-03-25 09:11:33,035 - ⏩ 跳过已处理的文件: 202503250500.csv
2025-03-25 09:11:33,036 - 该预测文件已处理过 (标志文件: D:\my-vue-project\wind-power-forecast\backend\auto_scripts\scripts\supershort\logs\auto_predict\predict_20250325_05_15.flag)
2025-03-25 09:11:33,036 - ⏩ 跳过已处理的文件: 202503250515.csv
2025-03-25 09:11:33,036 - 该预测文件已处理过 (标志文件: D:\my-vue-project\wind-power-forecast\backend\auto_scripts\scripts\supershort\logs\auto_predict\predict_20250325_05_30.flag)
2025-03-25 09:11:33,036 - ⏩ 跳过已处理的文件: 202503250530.csv
2025-03-25 09:11:33,036 - 该预测文件已处理过 (标志文件: D:\my-vue-project\wind-power-forecast\backend\auto_scripts\scripts\supershort\logs\auto_predict\predict_20250325_05_45.flag)
2025-03-25 09:11:33,036 - ⏩ 跳过已处理的文件: 202503250545.csv
2025-03-25 09:11:33,036 - 该预测文件已处理过 (标志文件: D:\my-vue-project\wind-power-forecast\backend\auto_scripts\scripts\supershort\logs\auto_predict\predict_20250325_06_00.flag)
2025-03-25 09:11:33,036 - ⏩ 跳过已处理的文件: 202503250600.csv
2025-03-25 09:11:33,037 - 该预测文件已处理过 (标志文件: D:\my-vue-project\wind-power-forecast\backend\auto_scripts\scripts\supershort\logs\auto_predict\predict_20250325_06_15.flag)
2025-03-25 09:11:33,037 - ⏩ 跳过已处理的文件: 202503250615.csv
2025-03-25 09:11:33,037 - 该预测文件已处理过 (标志文件: D:\my-vue-project\wind-power-forecast\backend\auto_scripts\scripts\supershort\logs\auto_predict\predict_20250325_06_30.flag)
2025-03-25 09:11:33,037 - ⏩ 跳过已处理的文件: 202503250630.csv
2025-03-25 09:11:33,037 - 该预测文件已处理过 (标志文件: D:\my-vue-project\wind-power-forecast\backend\auto_scripts\scripts\supershort\logs\auto_predict\predict_20250325_06_45.flag)
2025-03-25 09:11:33,037 - ⏩ 跳过已处理的文件: 202503250645.csv
2025-03-25 09:11:33,037 - 该预测文件已处理过 (标志文件: D:\my-vue-project\wind-power-forecast\backend\auto_scripts\scripts\supershort\logs\auto_predict\predict_20250325_07_00.flag)
2025-03-25 09:11:33,037 - ⏩ 跳过已处理的文件: 202503250700.csv
2025-03-25 09:11:33,038 - 该预测文件已处理过 (标志文件: D:\my-vue-project\wind-power-forecast\backend\auto_scripts\scripts\supershort\logs\auto_predict\predict_20250325_07_15.flag)
2025-03-25 09:11:33,038 - ⏩ 跳过已处理的文件: 202503250715.csv
2025-03-25 09:11:33,038 - 该预测文件已处理过 (标志文件: D:\my-vue-project\wind-power-forecast\backend\auto_scripts\scripts\supershort\logs\auto_predict\predict_20250325_07_30.flag)
2025-03-25 09:11:33,038 - ⏩ 跳过已处理的文件: 202503250730.csv
2025-03-25 09:11:33,038 - 该预测文件已处理过 (标志文件: D:\my-vue-project\wind-power-forecast\backend\auto_scripts\scripts\supershort\logs\auto_predict\predict_20250325_07_45.flag)
2025-03-25 09:11:33,038 - ⏩ 跳过已处理的文件: 202503250745.csv
2025-03-25 09:11:33,038 - 该预测文件已处理过 (标志文件: D:\my-vue-project\wind-power-forecast\backend\auto_scripts\scripts\supershort\logs\auto_predict\predict_20250325_08_00.flag)
2025-03-25 09:11:33,038 - ⏩ 跳过已处理的文件: 202503250800.csv
2025-03-25 09:11:33,039 - 该预测文件已处理过 (标志文件: D:\my-vue-project\wind-power-forecast\backend\auto_scripts\scripts\supershort\logs\auto_predict\predict_20250325_08_15.flag)
2025-03-25 09:11:33,039 - ⏩ 跳过已处理的文件: 202503250815.csv
2025-03-25 09:11:33,039 - 该预测文件已处理过 (标志文件: D:\my-vue-project\wind-power-forecast\backend\auto_scripts\scripts\supershort\logs\auto_predict\predict_20250325_08_30.flag)
2025-03-25 09:11:33,039 - ⏩ 跳过已处理的文件: 202503250830.csv
2025-03-25 09:11:33,039 - 该预测文件已处理过 (标志文件: D:\my-vue-project\wind-power-forecast\backend\auto_scripts\scripts\supershort\logs\auto_predict\predict_20250325_08_45.flag)
2025-03-25 09:11:33,039 - ⏩ 跳过已处理的文件: 202503250845.csv
2025-03-25 09:11:33,039 - 该预测文件已处理过 (标志文件: D:\my-vue-project\wind-power-forecast\backend\auto_scripts\scripts\supershort\logs\auto_predict\predict_20250325_09_00.flag)
2025-03-25 09:11:33,039 - ⏩ 跳过已处理的文件: 202503250900.csv
2025-03-25 09:11:33,039 - 本次共处理了 37 个预测文件
2025-03-25 09:11:33,040 - 
================================================================================
2025-03-25 09:11:33,040 - >>> 预测任务结束 <<<
2025-03-25 09:11:33,040 - ================================================================================

2025-03-25 09:11:33,040 - 预测任务结束
2025-03-25 09:16:34,272 - 
================================================================================
2025-03-25 09:16:34,272 - >>> 自动预测系统启动 <<<
2025-03-25 09:16:34,272 - ================================================================================

2025-03-25 09:16:34,272 - 自动预测系统启动
2025-03-25 09:16:34,272 - 当前日期: 20250325, 时间: 09:16:34
2025-03-25 09:16:34,272 - 
================================================================================
2025-03-25 09:16:34,272 - >>> 开始执行预测 <<<
2025-03-25 09:16:34,272 - ================================================================================

2025-03-25 09:16:34,272 - 开始执行预测
2025-03-25 09:16:34,273 - 扫描预测数据文件目录: D:\my-vue-project\wind-power-forecast\backend\auto_scripts\precsv\supershortcsv\20250325
2025-03-25 09:16:34,273 - 检查模型目录: D:\my-vue-project\wind-power-forecast\backend\auto_scripts\models\supershortmodel\20250325
2025-03-25 09:16:34,273 - 发现best_models目录: D:\my-vue-project\wind-power-forecast\backend\auto_scripts\models\supershortmodel\20250325\best_models
2025-03-25 09:16:34,273 - 发现GBDT模型文件: D:\my-vue-project\wind-power-forecast\backend\auto_scripts\models\supershortmodel\20250325\best_models\GBDT.joblib
2025-03-25 09:16:34,273 - 找到 38 个CSV文件
2025-03-25 09:16:34,273 - 该预测文件已处理过 (标志文件: D:\my-vue-project\wind-power-forecast\backend\auto_scripts\scripts\supershort\logs\auto_predict\predict_20250325_00_00.flag)
2025-03-25 09:16:34,273 - ⏩ 跳过已处理的文件: 202503250000.csv
2025-03-25 09:16:34,274 - 该预测文件已处理过 (标志文件: D:\my-vue-project\wind-power-forecast\backend\auto_scripts\scripts\supershort\logs\auto_predict\predict_20250325_00_15.flag)
2025-03-25 09:16:34,274 - ⏩ 跳过已处理的文件: 202503250015.csv
2025-03-25 09:16:34,274 - 该预测文件已处理过 (标志文件: D:\my-vue-project\wind-power-forecast\backend\auto_scripts\scripts\supershort\logs\auto_predict\predict_20250325_00_30.flag)
2025-03-25 09:16:34,274 - ⏩ 跳过已处理的文件: 202503250030.csv
2025-03-25 09:16:34,274 - 该预测文件已处理过 (标志文件: D:\my-vue-project\wind-power-forecast\backend\auto_scripts\scripts\supershort\logs\auto_predict\predict_20250325_00_45.flag)
2025-03-25 09:16:34,274 - ⏩ 跳过已处理的文件: 202503250045.csv
2025-03-25 09:16:34,274 - 该预测文件已处理过 (标志文件: D:\my-vue-project\wind-power-forecast\backend\auto_scripts\scripts\supershort\logs\auto_predict\predict_20250325_01_00.flag)
2025-03-25 09:16:34,275 - ⏩ 跳过已处理的文件: 202503250100.csv
2025-03-25 09:16:34,275 - 该预测文件已处理过 (标志文件: D:\my-vue-project\wind-power-forecast\backend\auto_scripts\scripts\supershort\logs\auto_predict\predict_20250325_01_15.flag)
2025-03-25 09:16:34,275 - ⏩ 跳过已处理的文件: 202503250115.csv
2025-03-25 09:16:34,275 - 该预测文件已处理过 (标志文件: D:\my-vue-project\wind-power-forecast\backend\auto_scripts\scripts\supershort\logs\auto_predict\predict_20250325_01_30.flag)
2025-03-25 09:16:34,275 - ⏩ 跳过已处理的文件: 202503250130.csv
2025-03-25 09:16:34,275 - 该预测文件已处理过 (标志文件: D:\my-vue-project\wind-power-forecast\backend\auto_scripts\scripts\supershort\logs\auto_predict\predict_20250325_01_45.flag)
2025-03-25 09:16:34,275 - ⏩ 跳过已处理的文件: 202503250145.csv
2025-03-25 09:16:34,275 - 该预测文件已处理过 (标志文件: D:\my-vue-project\wind-power-forecast\backend\auto_scripts\scripts\supershort\logs\auto_predict\predict_20250325_02_00.flag)
2025-03-25 09:16:34,276 - ⏩ 跳过已处理的文件: 202503250200.csv
2025-03-25 09:16:34,276 - 该预测文件已处理过 (标志文件: D:\my-vue-project\wind-power-forecast\backend\auto_scripts\scripts\supershort\logs\auto_predict\predict_20250325_02_15.flag)
2025-03-25 09:16:34,276 - ⏩ 跳过已处理的文件: 202503250215.csv
2025-03-25 09:16:34,276 - 该预测文件已处理过 (标志文件: D:\my-vue-project\wind-power-forecast\backend\auto_scripts\scripts\supershort\logs\auto_predict\predict_20250325_02_30.flag)
2025-03-25 09:16:34,276 - ⏩ 跳过已处理的文件: 202503250230.csv
2025-03-25 09:16:34,276 - 该预测文件已处理过 (标志文件: D:\my-vue-project\wind-power-forecast\backend\auto_scripts\scripts\supershort\logs\auto_predict\predict_20250325_02_45.flag)
2025-03-25 09:16:34,276 - ⏩ 跳过已处理的文件: 202503250245.csv
2025-03-25 09:16:34,277 - 该预测文件已处理过 (标志文件: D:\my-vue-project\wind-power-forecast\backend\auto_scripts\scripts\supershort\logs\auto_predict\predict_20250325_03_00.flag)
2025-03-25 09:16:34,277 - ⏩ 跳过已处理的文件: 202503250300.csv
2025-03-25 09:16:34,277 - 该预测文件已处理过 (标志文件: D:\my-vue-project\wind-power-forecast\backend\auto_scripts\scripts\supershort\logs\auto_predict\predict_20250325_03_15.flag)
2025-03-25 09:16:34,277 - ⏩ 跳过已处理的文件: 202503250315.csv
2025-03-25 09:16:34,277 - 该预测文件已处理过 (标志文件: D:\my-vue-project\wind-power-forecast\backend\auto_scripts\scripts\supershort\logs\auto_predict\predict_20250325_03_30.flag)
2025-03-25 09:16:34,277 - ⏩ 跳过已处理的文件: 202503250330.csv
2025-03-25 09:16:34,277 - 该预测文件已处理过 (标志文件: D:\my-vue-project\wind-power-forecast\backend\auto_scripts\scripts\supershort\logs\auto_predict\predict_20250325_03_45.flag)
2025-03-25 09:16:34,277 - ⏩ 跳过已处理的文件: 202503250345.csv
2025-03-25 09:16:34,278 - 该预测文件已处理过 (标志文件: D:\my-vue-project\wind-power-forecast\backend\auto_scripts\scripts\supershort\logs\auto_predict\predict_20250325_04_00.flag)
2025-03-25 09:16:34,278 - ⏩ 跳过已处理的文件: 202503250400.csv
2025-03-25 09:16:34,278 - 该预测文件已处理过 (标志文件: D:\my-vue-project\wind-power-forecast\backend\auto_scripts\scripts\supershort\logs\auto_predict\predict_20250325_04_15.flag)
2025-03-25 09:16:34,278 - ⏩ 跳过已处理的文件: 202503250415.csv
2025-03-25 09:16:34,278 - 该预测文件已处理过 (标志文件: D:\my-vue-project\wind-power-forecast\backend\auto_scripts\scripts\supershort\logs\auto_predict\predict_20250325_04_30.flag)
2025-03-25 09:16:34,278 - ⏩ 跳过已处理的文件: 202503250430.csv
2025-03-25 09:16:34,278 - 该预测文件已处理过 (标志文件: D:\my-vue-project\wind-power-forecast\backend\auto_scripts\scripts\supershort\logs\auto_predict\predict_20250325_04_45.flag)
2025-03-25 09:16:34,278 - ⏩ 跳过已处理的文件: 202503250445.csv
2025-03-25 09:16:34,279 - 该预测文件已处理过 (标志文件: D:\my-vue-project\wind-power-forecast\backend\auto_scripts\scripts\supershort\logs\auto_predict\predict_20250325_05_00.flag)
2025-03-25 09:16:34,279 - ⏩ 跳过已处理的文件: 202503250500.csv
2025-03-25 09:16:34,279 - 该预测文件已处理过 (标志文件: D:\my-vue-project\wind-power-forecast\backend\auto_scripts\scripts\supershort\logs\auto_predict\predict_20250325_05_15.flag)
2025-03-25 09:16:34,279 - ⏩ 跳过已处理的文件: 202503250515.csv
2025-03-25 09:16:34,279 - 该预测文件已处理过 (标志文件: D:\my-vue-project\wind-power-forecast\backend\auto_scripts\scripts\supershort\logs\auto_predict\predict_20250325_05_30.flag)
2025-03-25 09:16:34,279 - ⏩ 跳过已处理的文件: 202503250530.csv
2025-03-25 09:16:34,279 - 该预测文件已处理过 (标志文件: D:\my-vue-project\wind-power-forecast\backend\auto_scripts\scripts\supershort\logs\auto_predict\predict_20250325_05_45.flag)
2025-03-25 09:16:34,279 - ⏩ 跳过已处理的文件: 202503250545.csv
2025-03-25 09:16:34,280 - 该预测文件已处理过 (标志文件: D:\my-vue-project\wind-power-forecast\backend\auto_scripts\scripts\supershort\logs\auto_predict\predict_20250325_06_00.flag)
2025-03-25 09:16:34,280 - ⏩ 跳过已处理的文件: 202503250600.csv
2025-03-25 09:16:34,280 - 该预测文件已处理过 (标志文件: D:\my-vue-project\wind-power-forecast\backend\auto_scripts\scripts\supershort\logs\auto_predict\predict_20250325_06_15.flag)
2025-03-25 09:16:34,280 - ⏩ 跳过已处理的文件: 202503250615.csv
2025-03-25 09:16:34,280 - 该预测文件已处理过 (标志文件: D:\my-vue-project\wind-power-forecast\backend\auto_scripts\scripts\supershort\logs\auto_predict\predict_20250325_06_30.flag)
2025-03-25 09:16:34,280 - ⏩ 跳过已处理的文件: 202503250630.csv
2025-03-25 09:16:34,280 - 该预测文件已处理过 (标志文件: D:\my-vue-project\wind-power-forecast\backend\auto_scripts\scripts\supershort\logs\auto_predict\predict_20250325_06_45.flag)
2025-03-25 09:16:34,280 - ⏩ 跳过已处理的文件: 202503250645.csv
2025-03-25 09:16:34,281 - 该预测文件已处理过 (标志文件: D:\my-vue-project\wind-power-forecast\backend\auto_scripts\scripts\supershort\logs\auto_predict\predict_20250325_07_00.flag)
2025-03-25 09:16:34,281 - ⏩ 跳过已处理的文件: 202503250700.csv
2025-03-25 09:16:34,281 - 该预测文件已处理过 (标志文件: D:\my-vue-project\wind-power-forecast\backend\auto_scripts\scripts\supershort\logs\auto_predict\predict_20250325_07_15.flag)
2025-03-25 09:16:34,281 - ⏩ 跳过已处理的文件: 202503250715.csv
2025-03-25 09:16:34,281 - 该预测文件已处理过 (标志文件: D:\my-vue-project\wind-power-forecast\backend\auto_scripts\scripts\supershort\logs\auto_predict\predict_20250325_07_30.flag)
2025-03-25 09:16:34,281 - ⏩ 跳过已处理的文件: 202503250730.csv
2025-03-25 09:16:34,281 - 该预测文件已处理过 (标志文件: D:\my-vue-project\wind-power-forecast\backend\auto_scripts\scripts\supershort\logs\auto_predict\predict_20250325_07_45.flag)
2025-03-25 09:16:34,281 - ⏩ 跳过已处理的文件: 202503250745.csv
2025-03-25 09:16:34,282 - 该预测文件已处理过 (标志文件: D:\my-vue-project\wind-power-forecast\backend\auto_scripts\scripts\supershort\logs\auto_predict\predict_20250325_08_00.flag)
2025-03-25 09:16:34,282 - ⏩ 跳过已处理的文件: 202503250800.csv
2025-03-25 09:16:34,282 - 该预测文件已处理过 (标志文件: D:\my-vue-project\wind-power-forecast\backend\auto_scripts\scripts\supershort\logs\auto_predict\predict_20250325_08_15.flag)
2025-03-25 09:16:34,282 - ⏩ 跳过已处理的文件: 202503250815.csv
2025-03-25 09:16:34,282 - 该预测文件已处理过 (标志文件: D:\my-vue-project\wind-power-forecast\backend\auto_scripts\scripts\supershort\logs\auto_predict\predict_20250325_08_30.flag)
2025-03-25 09:16:34,282 - ⏩ 跳过已处理的文件: 202503250830.csv
2025-03-25 09:16:34,282 - 该预测文件已处理过 (标志文件: D:\my-vue-project\wind-power-forecast\backend\auto_scripts\scripts\supershort\logs\auto_predict\predict_20250325_08_45.flag)
2025-03-25 09:16:34,282 - ⏩ 跳过已处理的文件: 202503250845.csv
2025-03-25 09:16:34,283 - 该预测文件已处理过 (标志文件: D:\my-vue-project\wind-power-forecast\backend\auto_scripts\scripts\supershort\logs\auto_predict\predict_20250325_09_00.flag)
2025-03-25 09:16:34,283 - ⏩ 跳过已处理的文件: 202503250900.csv
2025-03-25 09:16:34,283 - ✅ 处理预测文件: D:\my-vue-project\wind-power-forecast\backend\auto_scripts\precsv\supershortcsv\20250325\202503250915.csv
2025-03-25 09:16:34,283 - 
============================================================
【风电功率预测开始】
============================================================
2025-03-25 09:16:34,283 - 配置信息:
2025-03-25 09:16:34,283 -   - 数据文件: D:\my-vue-project\wind-power-forecast\backend\auto_scripts\precsv\supershortcsv\20250325\202503250915.csv
2025-03-25 09:16:34,283 -   - 模型目录: D:\my-vue-project\wind-power-forecast\backend\auto_scripts\models\supershortmodel\20250325
2025-03-25 09:16:34,283 -   - 窗口大小: 16
2025-03-25 09:16:34,283 -   - 滞后特征数: 4
2025-03-25 09:16:34,283 - 
============================================================
【预处理新数据】
============================================================
2025-03-25 09:16:34,283 - 加载数据文件: D:\my-vue-project\wind-power-forecast\backend\auto_scripts\precsv\supershortcsv\20250325\202503250915.csv
2025-03-25 09:16:34,288 - 数据加载完成，去除缺失值后共 29 条记录
2025-03-25 09:16:34,328 - 数据前5行预览:
        Timestamp    129.128_1    129.128_2  ...  ws200_13  ws200_14  ws200_15
0  2024/3/11 0:00  15974.26563  16293.82813  ...  4.542173  1.324043  0.865087
1  2024/3/11 0:15  15974.26563  16293.82813  ...  3.899081  0.880606  1.273859
2  2024/3/11 0:30  15974.26563  16293.82813  ...  3.273753  0.778394  1.710350
3  2024/3/11 0:45  15974.26563  16293.82813  ...  2.678660  1.115517  2.157803
4  2024/3/11 1:00  15974.26563  16293.82813  ...  2.139185  1.640399  2.610587

[5 rows x 301 columns]
2025-03-25 09:16:34,328 - 预处理数据...
2025-03-25 09:16:34,330 - 预处理完成，特征维度: (29, 304)
2025-03-25 09:16:34,330 - 执行特征工程，滞后特征数: 4...
2025-03-25 09:16:34,361 - 特征工程完成，特征维度: (26, 859)
2025-03-25 09:16:34,361 - 新数据预处理完成，共 26 个样本
2025-03-25 09:16:34,361 - ✅ 发现最佳模型目录: D:\my-vue-project\wind-power-forecast\backend\auto_scripts\models\supershortmodel\20250325\best_models，尝试使用多模型加权预测
2025-03-25 09:16:34,361 - 
============================================================
【加载多个模型】
============================================================
2025-03-25 09:16:34,361 - 从目录加载模型和 scaler: D:\my-vue-project\wind-power-forecast\backend\auto_scripts\models\supershortmodel\20250325\best_models
2025-03-25 09:16:34,361 - 加载 GBDT 模型和 scaler...
2025-03-25 09:16:34,454 - ✅ 已成功加载 GBDT 模型和对应的 scaler
2025-03-25 09:16:34,454 - 加载 DART 模型和 scaler...
2025-03-25 09:16:34,462 - ✅ 已成功加载 DART 模型和对应的 scaler
2025-03-25 09:16:34,463 - 加载 GOSS 模型和 scaler...
2025-03-25 09:16:34,471 - ✅ 已成功加载 GOSS 模型和对应的 scaler
2025-03-25 09:16:34,471 - 加载完成，共加载了 3 个模型: GBDT, DART, GOSS
2025-03-25 09:16:34,472 - 尝试加载模型权重文件: D:\my-vue-project\wind-power-forecast\backend\auto_scripts\models\supershortmodel\20250325\model_weights.joblib
2025-03-25 09:16:34,472 - ✅ 已加载模型权重: {'GBDT': np.float64(0.0), 'DART': np.float64(0.0), 'GOSS': np.float64(0.9413418792089218), 'INTERCEPT': np.float64(-0.0258769107539365)}
2025-03-25 09:16:34,472 - 
============================================================
【使用多模型加权预测】
============================================================
2025-03-25 09:16:34,472 - 使用自定义权重: {'GBDT': np.float64(0.0), 'DART': np.float64(0.0), 'GOSS': np.float64(0.9413418792089218), 'INTERCEPT': np.float64(-0.0258769107539365)}
2025-03-25 09:16:34,472 - ❌ GBDT 模型权重为0，跳过
2025-03-25 09:16:34,472 - ❌ DART 模型权重为0，跳过
2025-03-25 09:16:34,473 - 使用 GOSS 模型进行预测 (权重: 0.9413)...
2025-03-25 09:16:34,477 - GOSS: 数据标准化完成
2025-03-25 09:16:34,477 - GOSS: 时间窗口创建完成，窗口数量: 11
2025-03-25 09:16:34,527 - ✅ GOSS 模型预测完成，生成了 11 个预测值
2025-03-25 09:16:34,527 -    统计: 最小值=118.97, 最大值=177.46, 平均值=157.97
2025-03-25 09:16:34,527 - 所有预测结果对齐到最小长度: 11
2025-03-25 09:16:34,527 - 开始计算加权平均预测结果...
2025-03-25 09:16:34,527 -   加入 GOSS 模型贡献 (权重: 0.9413)
2025-03-25 09:16:34,527 -   加入常数偏置项 (值: -0.0259)
2025-03-25 09:16:34,527 - 加权平均预测完成，生成了 11 个预测值
2025-03-25 09:16:34,527 - 加权预测结果统计: 最小值=111.96, 最大值=167.03, 平均值=148.67
2025-03-25 09:16:34,527 - ✅ 多模型加权预测完成，使用模型: GBDT, DART, GOSS
2025-03-25 09:16:34,528 - 预测结果数据框创建完成，共 11 行
2025-03-25 09:16:34,530 - ✅ 预测结果已保存到文件: D:\my-vue-project\wind-power-forecast\backend\auto_scripts\results\supershortresult\20250325\prediction_202503250915.csv
2025-03-25 09:16:34,530 - 尝试将预测结果导入数据库...
2025-03-25 09:16:34,530 - 发送HTTP请求到: http://localhost:5000/prediction2database/batch_supershortl_power
2025-03-25 09:16:36,598 - ✅ 数据已成功导入数据库
2025-03-25 09:16:36,599 -    总记录数: 11, 更新: 11, 插入: 0
2025-03-25 09:16:36,599 - 
============================================================
【风电功率预测完成】
============================================================
2025-03-25 09:16:36,599 - 风电功率预测完成
2025-03-25 09:16:36,602 - ✅ 202503250915.csv 预测执行完成
2025-03-25 09:16:36,603 - 已创建预测标志文件: D:\my-vue-project\wind-power-forecast\backend\auto_scripts\scripts\supershort\logs\auto_predict\predict_20250325_09_15.flag
2025-03-25 09:16:36,603 - 本次共处理了 38 个预测文件
2025-03-25 09:16:36,603 - 
================================================================================
2025-03-25 09:16:36,604 - >>> 预测任务结束 <<<
2025-03-25 09:16:36,604 - ================================================================================

2025-03-25 09:16:36,604 - 预测任务结束
2025-03-25 09:21:38,051 - 
================================================================================
2025-03-25 09:21:38,051 - >>> 自动预测系统启动 <<<
2025-03-25 09:21:38,051 - ================================================================================

2025-03-25 09:21:38,051 - 自动预测系统启动
2025-03-25 09:21:38,051 - 当前日期: 20250325, 时间: 09:21:38
2025-03-25 09:21:38,051 - 
================================================================================
2025-03-25 09:21:38,051 - >>> 开始执行预测 <<<
2025-03-25 09:21:38,051 - ================================================================================

2025-03-25 09:21:38,051 - 开始执行预测
2025-03-25 09:21:38,051 - 扫描预测数据文件目录: D:\my-vue-project\wind-power-forecast\backend\auto_scripts\precsv\supershortcsv\20250325
2025-03-25 09:21:38,051 - 检查模型目录: D:\my-vue-project\wind-power-forecast\backend\auto_scripts\models\supershortmodel\20250325
2025-03-25 09:21:38,051 - 发现best_models目录: D:\my-vue-project\wind-power-forecast\backend\auto_scripts\models\supershortmodel\20250325\best_models
2025-03-25 09:21:38,051 - 发现GBDT模型文件: D:\my-vue-project\wind-power-forecast\backend\auto_scripts\models\supershortmodel\20250325\best_models\GBDT.joblib
2025-03-25 09:21:38,052 - 找到 38 个CSV文件
2025-03-25 09:21:38,052 - 该预测文件已处理过 (标志文件: D:\my-vue-project\wind-power-forecast\backend\auto_scripts\scripts\supershort\logs\auto_predict\predict_20250325_00_00.flag)
2025-03-25 09:21:38,052 - ⏩ 跳过已处理的文件: 202503250000.csv
2025-03-25 09:21:38,052 - 该预测文件已处理过 (标志文件: D:\my-vue-project\wind-power-forecast\backend\auto_scripts\scripts\supershort\logs\auto_predict\predict_20250325_00_15.flag)
2025-03-25 09:21:38,052 - ⏩ 跳过已处理的文件: 202503250015.csv
2025-03-25 09:21:38,053 - 该预测文件已处理过 (标志文件: D:\my-vue-project\wind-power-forecast\backend\auto_scripts\scripts\supershort\logs\auto_predict\predict_20250325_00_30.flag)
2025-03-25 09:21:38,053 - ⏩ 跳过已处理的文件: 202503250030.csv
2025-03-25 09:21:38,053 - 该预测文件已处理过 (标志文件: D:\my-vue-project\wind-power-forecast\backend\auto_scripts\scripts\supershort\logs\auto_predict\predict_20250325_00_45.flag)
2025-03-25 09:21:38,053 - ⏩ 跳过已处理的文件: 202503250045.csv
2025-03-25 09:21:38,053 - 该预测文件已处理过 (标志文件: D:\my-vue-project\wind-power-forecast\backend\auto_scripts\scripts\supershort\logs\auto_predict\predict_20250325_01_00.flag)
2025-03-25 09:21:38,053 - ⏩ 跳过已处理的文件: 202503250100.csv
2025-03-25 09:21:38,053 - 该预测文件已处理过 (标志文件: D:\my-vue-project\wind-power-forecast\backend\auto_scripts\scripts\supershort\logs\auto_predict\predict_20250325_01_15.flag)
2025-03-25 09:21:38,053 - ⏩ 跳过已处理的文件: 202503250115.csv
2025-03-25 09:21:38,054 - 该预测文件已处理过 (标志文件: D:\my-vue-project\wind-power-forecast\backend\auto_scripts\scripts\supershort\logs\auto_predict\predict_20250325_01_30.flag)
2025-03-25 09:21:38,054 - ⏩ 跳过已处理的文件: 202503250130.csv
2025-03-25 09:21:38,054 - 该预测文件已处理过 (标志文件: D:\my-vue-project\wind-power-forecast\backend\auto_scripts\scripts\supershort\logs\auto_predict\predict_20250325_01_45.flag)
2025-03-25 09:21:38,054 - ⏩ 跳过已处理的文件: 202503250145.csv
2025-03-25 09:21:38,054 - 该预测文件已处理过 (标志文件: D:\my-vue-project\wind-power-forecast\backend\auto_scripts\scripts\supershort\logs\auto_predict\predict_20250325_02_00.flag)
2025-03-25 09:21:38,054 - ⏩ 跳过已处理的文件: 202503250200.csv
2025-03-25 09:21:38,054 - 该预测文件已处理过 (标志文件: D:\my-vue-project\wind-power-forecast\backend\auto_scripts\scripts\supershort\logs\auto_predict\predict_20250325_02_15.flag)
2025-03-25 09:21:38,054 - ⏩ 跳过已处理的文件: 202503250215.csv
2025-03-25 09:21:38,055 - 该预测文件已处理过 (标志文件: D:\my-vue-project\wind-power-forecast\backend\auto_scripts\scripts\supershort\logs\auto_predict\predict_20250325_02_30.flag)
2025-03-25 09:21:38,055 - ⏩ 跳过已处理的文件: 202503250230.csv
2025-03-25 09:21:38,055 - 该预测文件已处理过 (标志文件: D:\my-vue-project\wind-power-forecast\backend\auto_scripts\scripts\supershort\logs\auto_predict\predict_20250325_02_45.flag)
2025-03-25 09:21:38,055 - ⏩ 跳过已处理的文件: 202503250245.csv
2025-03-25 09:21:38,055 - 该预测文件已处理过 (标志文件: D:\my-vue-project\wind-power-forecast\backend\auto_scripts\scripts\supershort\logs\auto_predict\predict_20250325_03_00.flag)
2025-03-25 09:21:38,055 - ⏩ 跳过已处理的文件: 202503250300.csv
2025-03-25 09:21:38,055 - 该预测文件已处理过 (标志文件: D:\my-vue-project\wind-power-forecast\backend\auto_scripts\scripts\supershort\logs\auto_predict\predict_20250325_03_15.flag)
2025-03-25 09:21:38,055 - ⏩ 跳过已处理的文件: 202503250315.csv
2025-03-25 09:21:38,056 - 该预测文件已处理过 (标志文件: D:\my-vue-project\wind-power-forecast\backend\auto_scripts\scripts\supershort\logs\auto_predict\predict_20250325_03_30.flag)
2025-03-25 09:21:38,056 - ⏩ 跳过已处理的文件: 202503250330.csv
2025-03-25 09:21:38,056 - 该预测文件已处理过 (标志文件: D:\my-vue-project\wind-power-forecast\backend\auto_scripts\scripts\supershort\logs\auto_predict\predict_20250325_03_45.flag)
2025-03-25 09:21:38,056 - ⏩ 跳过已处理的文件: 202503250345.csv
2025-03-25 09:21:38,056 - 该预测文件已处理过 (标志文件: D:\my-vue-project\wind-power-forecast\backend\auto_scripts\scripts\supershort\logs\auto_predict\predict_20250325_04_00.flag)
2025-03-25 09:21:38,056 - ⏩ 跳过已处理的文件: 202503250400.csv
2025-03-25 09:21:38,056 - 该预测文件已处理过 (标志文件: D:\my-vue-project\wind-power-forecast\backend\auto_scripts\scripts\supershort\logs\auto_predict\predict_20250325_04_15.flag)
2025-03-25 09:21:38,056 - ⏩ 跳过已处理的文件: 202503250415.csv
2025-03-25 09:21:38,057 - 该预测文件已处理过 (标志文件: D:\my-vue-project\wind-power-forecast\backend\auto_scripts\scripts\supershort\logs\auto_predict\predict_20250325_04_30.flag)
2025-03-25 09:21:38,057 - ⏩ 跳过已处理的文件: 202503250430.csv
2025-03-25 09:21:38,057 - 该预测文件已处理过 (标志文件: D:\my-vue-project\wind-power-forecast\backend\auto_scripts\scripts\supershort\logs\auto_predict\predict_20250325_04_45.flag)
2025-03-25 09:21:38,057 - ⏩ 跳过已处理的文件: 202503250445.csv
2025-03-25 09:21:38,057 - 该预测文件已处理过 (标志文件: D:\my-vue-project\wind-power-forecast\backend\auto_scripts\scripts\supershort\logs\auto_predict\predict_20250325_05_00.flag)
2025-03-25 09:21:38,057 - ⏩ 跳过已处理的文件: 202503250500.csv
2025-03-25 09:21:38,057 - 该预测文件已处理过 (标志文件: D:\my-vue-project\wind-power-forecast\backend\auto_scripts\scripts\supershort\logs\auto_predict\predict_20250325_05_15.flag)
2025-03-25 09:21:38,057 - ⏩ 跳过已处理的文件: 202503250515.csv
2025-03-25 09:21:38,058 - 该预测文件已处理过 (标志文件: D:\my-vue-project\wind-power-forecast\backend\auto_scripts\scripts\supershort\logs\auto_predict\predict_20250325_05_30.flag)
2025-03-25 09:21:38,058 - ⏩ 跳过已处理的文件: 202503250530.csv
2025-03-25 09:21:38,058 - 该预测文件已处理过 (标志文件: D:\my-vue-project\wind-power-forecast\backend\auto_scripts\scripts\supershort\logs\auto_predict\predict_20250325_05_45.flag)
2025-03-25 09:21:38,058 - ⏩ 跳过已处理的文件: 202503250545.csv
2025-03-25 09:21:38,058 - 该预测文件已处理过 (标志文件: D:\my-vue-project\wind-power-forecast\backend\auto_scripts\scripts\supershort\logs\auto_predict\predict_20250325_06_00.flag)
2025-03-25 09:21:38,058 - ⏩ 跳过已处理的文件: 202503250600.csv
2025-03-25 09:21:38,058 - 该预测文件已处理过 (标志文件: D:\my-vue-project\wind-power-forecast\backend\auto_scripts\scripts\supershort\logs\auto_predict\predict_20250325_06_15.flag)
2025-03-25 09:21:38,058 - ⏩ 跳过已处理的文件: 202503250615.csv
2025-03-25 09:21:38,059 - 该预测文件已处理过 (标志文件: D:\my-vue-project\wind-power-forecast\backend\auto_scripts\scripts\supershort\logs\auto_predict\predict_20250325_06_30.flag)
2025-03-25 09:21:38,059 - ⏩ 跳过已处理的文件: 202503250630.csv
2025-03-25 09:21:38,059 - 该预测文件已处理过 (标志文件: D:\my-vue-project\wind-power-forecast\backend\auto_scripts\scripts\supershort\logs\auto_predict\predict_20250325_06_45.flag)
2025-03-25 09:21:38,059 - ⏩ 跳过已处理的文件: 202503250645.csv
2025-03-25 09:21:38,059 - 该预测文件已处理过 (标志文件: D:\my-vue-project\wind-power-forecast\backend\auto_scripts\scripts\supershort\logs\auto_predict\predict_20250325_07_00.flag)
2025-03-25 09:21:38,059 - ⏩ 跳过已处理的文件: 202503250700.csv
2025-03-25 09:21:38,059 - 该预测文件已处理过 (标志文件: D:\my-vue-project\wind-power-forecast\backend\auto_scripts\scripts\supershort\logs\auto_predict\predict_20250325_07_15.flag)
2025-03-25 09:21:38,059 - ⏩ 跳过已处理的文件: 202503250715.csv
2025-03-25 09:21:38,060 - 该预测文件已处理过 (标志文件: D:\my-vue-project\wind-power-forecast\backend\auto_scripts\scripts\supershort\logs\auto_predict\predict_20250325_07_30.flag)
2025-03-25 09:21:38,060 - ⏩ 跳过已处理的文件: 202503250730.csv
2025-03-25 09:21:38,060 - 该预测文件已处理过 (标志文件: D:\my-vue-project\wind-power-forecast\backend\auto_scripts\scripts\supershort\logs\auto_predict\predict_20250325_07_45.flag)
2025-03-25 09:21:38,060 - ⏩ 跳过已处理的文件: 202503250745.csv
2025-03-25 09:21:38,060 - 该预测文件已处理过 (标志文件: D:\my-vue-project\wind-power-forecast\backend\auto_scripts\scripts\supershort\logs\auto_predict\predict_20250325_08_00.flag)
2025-03-25 09:21:38,060 - ⏩ 跳过已处理的文件: 202503250800.csv
2025-03-25 09:21:38,060 - 该预测文件已处理过 (标志文件: D:\my-vue-project\wind-power-forecast\backend\auto_scripts\scripts\supershort\logs\auto_predict\predict_20250325_08_15.flag)
2025-03-25 09:21:38,060 - ⏩ 跳过已处理的文件: 202503250815.csv
2025-03-25 09:21:38,061 - 该预测文件已处理过 (标志文件: D:\my-vue-project\wind-power-forecast\backend\auto_scripts\scripts\supershort\logs\auto_predict\predict_20250325_08_30.flag)
2025-03-25 09:21:38,061 - ⏩ 跳过已处理的文件: 202503250830.csv
2025-03-25 09:21:38,061 - 该预测文件已处理过 (标志文件: D:\my-vue-project\wind-power-forecast\backend\auto_scripts\scripts\supershort\logs\auto_predict\predict_20250325_08_45.flag)
2025-03-25 09:21:38,061 - ⏩ 跳过已处理的文件: 202503250845.csv
2025-03-25 09:21:38,061 - 该预测文件已处理过 (标志文件: D:\my-vue-project\wind-power-forecast\backend\auto_scripts\scripts\supershort\logs\auto_predict\predict_20250325_09_00.flag)
2025-03-25 09:21:38,061 - ⏩ 跳过已处理的文件: 202503250900.csv
2025-03-25 09:21:38,061 - 该预测文件已处理过 (标志文件: D:\my-vue-project\wind-power-forecast\backend\auto_scripts\scripts\supershort\logs\auto_predict\predict_20250325_09_15.flag)
2025-03-25 09:21:38,061 - ⏩ 跳过已处理的文件: 202503250915.csv
2025-03-25 09:21:38,061 - 本次共处理了 38 个预测文件
2025-03-25 09:21:38,061 - 
================================================================================
2025-03-25 09:21:38,062 - >>> 预测任务结束 <<<
2025-03-25 09:21:38,062 - ================================================================================

2025-03-25 09:21:38,062 - 预测任务结束
2025-03-25 09:26:39,437 - 
================================================================================
2025-03-25 09:26:39,437 - >>> 自动预测系统启动 <<<
2025-03-25 09:26:39,437 - ================================================================================

2025-03-25 09:26:39,437 - 自动预测系统启动
2025-03-25 09:26:39,437 - 当前日期: 20250325, 时间: 09:26:39
2025-03-25 09:26:39,437 - 
================================================================================
2025-03-25 09:26:39,437 - >>> 开始执行预测 <<<
2025-03-25 09:26:39,437 - ================================================================================

2025-03-25 09:26:39,437 - 开始执行预测
2025-03-25 09:26:39,438 - 扫描预测数据文件目录: D:\my-vue-project\wind-power-forecast\backend\auto_scripts\precsv\supershortcsv\20250325
2025-03-25 09:26:39,438 - 检查模型目录: D:\my-vue-project\wind-power-forecast\backend\auto_scripts\models\supershortmodel\20250325
2025-03-25 09:26:39,438 - 发现best_models目录: D:\my-vue-project\wind-power-forecast\backend\auto_scripts\models\supershortmodel\20250325\best_models
2025-03-25 09:26:39,438 - 发现GBDT模型文件: D:\my-vue-project\wind-power-forecast\backend\auto_scripts\models\supershortmodel\20250325\best_models\GBDT.joblib
2025-03-25 09:26:39,438 - 找到 38 个CSV文件
2025-03-25 09:26:39,438 - 该预测文件已处理过 (标志文件: D:\my-vue-project\wind-power-forecast\backend\auto_scripts\scripts\supershort\logs\auto_predict\predict_20250325_00_00.flag)
2025-03-25 09:26:39,439 - ⏩ 跳过已处理的文件: 202503250000.csv
2025-03-25 09:26:39,439 - 该预测文件已处理过 (标志文件: D:\my-vue-project\wind-power-forecast\backend\auto_scripts\scripts\supershort\logs\auto_predict\predict_20250325_00_15.flag)
2025-03-25 09:26:39,439 - ⏩ 跳过已处理的文件: 202503250015.csv
2025-03-25 09:26:39,439 - 该预测文件已处理过 (标志文件: D:\my-vue-project\wind-power-forecast\backend\auto_scripts\scripts\supershort\logs\auto_predict\predict_20250325_00_30.flag)
2025-03-25 09:26:39,439 - ⏩ 跳过已处理的文件: 202503250030.csv
2025-03-25 09:26:39,439 - 该预测文件已处理过 (标志文件: D:\my-vue-project\wind-power-forecast\backend\auto_scripts\scripts\supershort\logs\auto_predict\predict_20250325_00_45.flag)
2025-03-25 09:26:39,439 - ⏩ 跳过已处理的文件: 202503250045.csv
2025-03-25 09:26:39,439 - 该预测文件已处理过 (标志文件: D:\my-vue-project\wind-power-forecast\backend\auto_scripts\scripts\supershort\logs\auto_predict\predict_20250325_01_00.flag)
2025-03-25 09:26:39,440 - ⏩ 跳过已处理的文件: 202503250100.csv
2025-03-25 09:26:39,440 - 该预测文件已处理过 (标志文件: D:\my-vue-project\wind-power-forecast\backend\auto_scripts\scripts\supershort\logs\auto_predict\predict_20250325_01_15.flag)
2025-03-25 09:26:39,440 - ⏩ 跳过已处理的文件: 202503250115.csv
2025-03-25 09:26:39,440 - 该预测文件已处理过 (标志文件: D:\my-vue-project\wind-power-forecast\backend\auto_scripts\scripts\supershort\logs\auto_predict\predict_20250325_01_30.flag)
2025-03-25 09:26:39,440 - ⏩ 跳过已处理的文件: 202503250130.csv
2025-03-25 09:26:39,440 - 该预测文件已处理过 (标志文件: D:\my-vue-project\wind-power-forecast\backend\auto_scripts\scripts\supershort\logs\auto_predict\predict_20250325_01_45.flag)
2025-03-25 09:26:39,440 - ⏩ 跳过已处理的文件: 202503250145.csv
2025-03-25 09:26:39,440 - 该预测文件已处理过 (标志文件: D:\my-vue-project\wind-power-forecast\backend\auto_scripts\scripts\supershort\logs\auto_predict\predict_20250325_02_00.flag)
2025-03-25 09:26:39,441 - ⏩ 跳过已处理的文件: 202503250200.csv
2025-03-25 09:26:39,441 - 该预测文件已处理过 (标志文件: D:\my-vue-project\wind-power-forecast\backend\auto_scripts\scripts\supershort\logs\auto_predict\predict_20250325_02_15.flag)
2025-03-25 09:26:39,441 - ⏩ 跳过已处理的文件: 202503250215.csv
2025-03-25 09:26:39,441 - 该预测文件已处理过 (标志文件: D:\my-vue-project\wind-power-forecast\backend\auto_scripts\scripts\supershort\logs\auto_predict\predict_20250325_02_30.flag)
2025-03-25 09:26:39,441 - ⏩ 跳过已处理的文件: 202503250230.csv
2025-03-25 09:26:39,441 - 该预测文件已处理过 (标志文件: D:\my-vue-project\wind-power-forecast\backend\auto_scripts\scripts\supershort\logs\auto_predict\predict_20250325_02_45.flag)
2025-03-25 09:26:39,441 - ⏩ 跳过已处理的文件: 202503250245.csv
2025-03-25 09:26:39,442 - 该预测文件已处理过 (标志文件: D:\my-vue-project\wind-power-forecast\backend\auto_scripts\scripts\supershort\logs\auto_predict\predict_20250325_03_00.flag)
2025-03-25 09:26:39,442 - ⏩ 跳过已处理的文件: 202503250300.csv
2025-03-25 09:26:39,442 - 该预测文件已处理过 (标志文件: D:\my-vue-project\wind-power-forecast\backend\auto_scripts\scripts\supershort\logs\auto_predict\predict_20250325_03_15.flag)
2025-03-25 09:26:39,442 - ⏩ 跳过已处理的文件: 202503250315.csv
2025-03-25 09:26:39,442 - 该预测文件已处理过 (标志文件: D:\my-vue-project\wind-power-forecast\backend\auto_scripts\scripts\supershort\logs\auto_predict\predict_20250325_03_30.flag)
2025-03-25 09:26:39,442 - ⏩ 跳过已处理的文件: 202503250330.csv
2025-03-25 09:26:39,442 - 该预测文件已处理过 (标志文件: D:\my-vue-project\wind-power-forecast\backend\auto_scripts\scripts\supershort\logs\auto_predict\predict_20250325_03_45.flag)
2025-03-25 09:26:39,442 - ⏩ 跳过已处理的文件: 202503250345.csv
2025-03-25 09:26:39,443 - 该预测文件已处理过 (标志文件: D:\my-vue-project\wind-power-forecast\backend\auto_scripts\scripts\supershort\logs\auto_predict\predict_20250325_04_00.flag)
2025-03-25 09:26:39,443 - ⏩ 跳过已处理的文件: 202503250400.csv
2025-03-25 09:26:39,443 - 该预测文件已处理过 (标志文件: D:\my-vue-project\wind-power-forecast\backend\auto_scripts\scripts\supershort\logs\auto_predict\predict_20250325_04_15.flag)
2025-03-25 09:26:39,443 - ⏩ 跳过已处理的文件: 202503250415.csv
2025-03-25 09:26:39,443 - 该预测文件已处理过 (标志文件: D:\my-vue-project\wind-power-forecast\backend\auto_scripts\scripts\supershort\logs\auto_predict\predict_20250325_04_30.flag)
2025-03-25 09:26:39,443 - ⏩ 跳过已处理的文件: 202503250430.csv
2025-03-25 09:26:39,443 - 该预测文件已处理过 (标志文件: D:\my-vue-project\wind-power-forecast\backend\auto_scripts\scripts\supershort\logs\auto_predict\predict_20250325_04_45.flag)
2025-03-25 09:26:39,443 - ⏩ 跳过已处理的文件: 202503250445.csv
2025-03-25 09:26:39,444 - 该预测文件已处理过 (标志文件: D:\my-vue-project\wind-power-forecast\backend\auto_scripts\scripts\supershort\logs\auto_predict\predict_20250325_05_00.flag)
2025-03-25 09:26:39,444 - ⏩ 跳过已处理的文件: 202503250500.csv
2025-03-25 09:26:39,444 - 该预测文件已处理过 (标志文件: D:\my-vue-project\wind-power-forecast\backend\auto_scripts\scripts\supershort\logs\auto_predict\predict_20250325_05_15.flag)
2025-03-25 09:26:39,444 - ⏩ 跳过已处理的文件: 202503250515.csv
2025-03-25 09:26:39,444 - 该预测文件已处理过 (标志文件: D:\my-vue-project\wind-power-forecast\backend\auto_scripts\scripts\supershort\logs\auto_predict\predict_20250325_05_30.flag)
2025-03-25 09:26:39,444 - ⏩ 跳过已处理的文件: 202503250530.csv
2025-03-25 09:26:39,444 - 该预测文件已处理过 (标志文件: D:\my-vue-project\wind-power-forecast\backend\auto_scripts\scripts\supershort\logs\auto_predict\predict_20250325_05_45.flag)
2025-03-25 09:26:39,444 - ⏩ 跳过已处理的文件: 202503250545.csv
2025-03-25 09:26:39,445 - 该预测文件已处理过 (标志文件: D:\my-vue-project\wind-power-forecast\backend\auto_scripts\scripts\supershort\logs\auto_predict\predict_20250325_06_00.flag)
2025-03-25 09:26:39,445 - ⏩ 跳过已处理的文件: 202503250600.csv
2025-03-25 09:26:39,445 - 该预测文件已处理过 (标志文件: D:\my-vue-project\wind-power-forecast\backend\auto_scripts\scripts\supershort\logs\auto_predict\predict_20250325_06_15.flag)
2025-03-25 09:26:39,445 - ⏩ 跳过已处理的文件: 202503250615.csv
2025-03-25 09:26:39,445 - 该预测文件已处理过 (标志文件: D:\my-vue-project\wind-power-forecast\backend\auto_scripts\scripts\supershort\logs\auto_predict\predict_20250325_06_30.flag)
2025-03-25 09:26:39,445 - ⏩ 跳过已处理的文件: 202503250630.csv
2025-03-25 09:26:39,445 - 该预测文件已处理过 (标志文件: D:\my-vue-project\wind-power-forecast\backend\auto_scripts\scripts\supershort\logs\auto_predict\predict_20250325_06_45.flag)
2025-03-25 09:26:39,445 - ⏩ 跳过已处理的文件: 202503250645.csv
2025-03-25 09:26:39,446 - 该预测文件已处理过 (标志文件: D:\my-vue-project\wind-power-forecast\backend\auto_scripts\scripts\supershort\logs\auto_predict\predict_20250325_07_00.flag)
2025-03-25 09:26:39,446 - ⏩ 跳过已处理的文件: 202503250700.csv
2025-03-25 09:26:39,446 - 该预测文件已处理过 (标志文件: D:\my-vue-project\wind-power-forecast\backend\auto_scripts\scripts\supershort\logs\auto_predict\predict_20250325_07_15.flag)
2025-03-25 09:26:39,446 - ⏩ 跳过已处理的文件: 202503250715.csv
2025-03-25 09:26:39,446 - 该预测文件已处理过 (标志文件: D:\my-vue-project\wind-power-forecast\backend\auto_scripts\scripts\supershort\logs\auto_predict\predict_20250325_07_30.flag)
2025-03-25 09:26:39,446 - ⏩ 跳过已处理的文件: 202503250730.csv
2025-03-25 09:26:39,446 - 该预测文件已处理过 (标志文件: D:\my-vue-project\wind-power-forecast\backend\auto_scripts\scripts\supershort\logs\auto_predict\predict_20250325_07_45.flag)
2025-03-25 09:26:39,446 - ⏩ 跳过已处理的文件: 202503250745.csv
2025-03-25 09:26:39,447 - 该预测文件已处理过 (标志文件: D:\my-vue-project\wind-power-forecast\backend\auto_scripts\scripts\supershort\logs\auto_predict\predict_20250325_08_00.flag)
2025-03-25 09:26:39,447 - ⏩ 跳过已处理的文件: 202503250800.csv
2025-03-25 09:26:39,447 - 该预测文件已处理过 (标志文件: D:\my-vue-project\wind-power-forecast\backend\auto_scripts\scripts\supershort\logs\auto_predict\predict_20250325_08_15.flag)
2025-03-25 09:26:39,447 - ⏩ 跳过已处理的文件: 202503250815.csv
2025-03-25 09:26:39,447 - 该预测文件已处理过 (标志文件: D:\my-vue-project\wind-power-forecast\backend\auto_scripts\scripts\supershort\logs\auto_predict\predict_20250325_08_30.flag)
2025-03-25 09:26:39,447 - ⏩ 跳过已处理的文件: 202503250830.csv
2025-03-25 09:26:39,447 - 该预测文件已处理过 (标志文件: D:\my-vue-project\wind-power-forecast\backend\auto_scripts\scripts\supershort\logs\auto_predict\predict_20250325_08_45.flag)
2025-03-25 09:26:39,447 - ⏩ 跳过已处理的文件: 202503250845.csv
2025-03-25 09:26:39,448 - 该预测文件已处理过 (标志文件: D:\my-vue-project\wind-power-forecast\backend\auto_scripts\scripts\supershort\logs\auto_predict\predict_20250325_09_00.flag)
2025-03-25 09:26:39,448 - ⏩ 跳过已处理的文件: 202503250900.csv
2025-03-25 09:26:39,448 - 该预测文件已处理过 (标志文件: D:\my-vue-project\wind-power-forecast\backend\auto_scripts\scripts\supershort\logs\auto_predict\predict_20250325_09_15.flag)
2025-03-25 09:26:39,448 - ⏩ 跳过已处理的文件: 202503250915.csv
2025-03-25 09:26:39,448 - 本次共处理了 38 个预测文件
2025-03-25 09:26:39,448 - 
================================================================================
2025-03-25 09:26:39,448 - >>> 预测任务结束 <<<
2025-03-25 09:26:39,448 - ================================================================================

2025-03-25 09:26:39,448 - 预测任务结束
2025-03-25 09:31:40,841 - 
================================================================================
2025-03-25 09:31:40,841 - >>> 自动预测系统启动 <<<
2025-03-25 09:31:40,841 - ================================================================================

2025-03-25 09:31:40,841 - 自动预测系统启动
2025-03-25 09:31:40,841 - 当前日期: 20250325, 时间: 09:31:40
2025-03-25 09:31:40,841 - 
================================================================================
2025-03-25 09:31:40,841 - >>> 开始执行预测 <<<
2025-03-25 09:31:40,842 - ================================================================================

2025-03-25 09:31:40,842 - 开始执行预测
2025-03-25 09:31:40,842 - 扫描预测数据文件目录: D:\my-vue-project\wind-power-forecast\backend\auto_scripts\precsv\supershortcsv\20250325
2025-03-25 09:31:40,842 - 检查模型目录: D:\my-vue-project\wind-power-forecast\backend\auto_scripts\models\supershortmodel\20250325
2025-03-25 09:31:40,842 - 发现best_models目录: D:\my-vue-project\wind-power-forecast\backend\auto_scripts\models\supershortmodel\20250325\best_models
2025-03-25 09:31:40,842 - 发现GBDT模型文件: D:\my-vue-project\wind-power-forecast\backend\auto_scripts\models\supershortmodel\20250325\best_models\GBDT.joblib
2025-03-25 09:31:40,842 - 找到 39 个CSV文件
2025-03-25 09:31:40,843 - 该预测文件已处理过 (标志文件: D:\my-vue-project\wind-power-forecast\backend\auto_scripts\scripts\supershort\logs\auto_predict\predict_20250325_00_00.flag)
2025-03-25 09:31:40,843 - ⏩ 跳过已处理的文件: 202503250000.csv
2025-03-25 09:31:40,843 - 该预测文件已处理过 (标志文件: D:\my-vue-project\wind-power-forecast\backend\auto_scripts\scripts\supershort\logs\auto_predict\predict_20250325_00_15.flag)
2025-03-25 09:31:40,843 - ⏩ 跳过已处理的文件: 202503250015.csv
2025-03-25 09:31:40,843 - 该预测文件已处理过 (标志文件: D:\my-vue-project\wind-power-forecast\backend\auto_scripts\scripts\supershort\logs\auto_predict\predict_20250325_00_30.flag)
2025-03-25 09:31:40,843 - ⏩ 跳过已处理的文件: 202503250030.csv
2025-03-25 09:31:40,844 - 该预测文件已处理过 (标志文件: D:\my-vue-project\wind-power-forecast\backend\auto_scripts\scripts\supershort\logs\auto_predict\predict_20250325_00_45.flag)
2025-03-25 09:31:40,844 - ⏩ 跳过已处理的文件: 202503250045.csv
2025-03-25 09:31:40,844 - 该预测文件已处理过 (标志文件: D:\my-vue-project\wind-power-forecast\backend\auto_scripts\scripts\supershort\logs\auto_predict\predict_20250325_01_00.flag)
2025-03-25 09:31:40,844 - ⏩ 跳过已处理的文件: 202503250100.csv
2025-03-25 09:31:40,844 - 该预测文件已处理过 (标志文件: D:\my-vue-project\wind-power-forecast\backend\auto_scripts\scripts\supershort\logs\auto_predict\predict_20250325_01_15.flag)
2025-03-25 09:31:40,844 - ⏩ 跳过已处理的文件: 202503250115.csv
2025-03-25 09:31:40,844 - 该预测文件已处理过 (标志文件: D:\my-vue-project\wind-power-forecast\backend\auto_scripts\scripts\supershort\logs\auto_predict\predict_20250325_01_30.flag)
2025-03-25 09:31:40,844 - ⏩ 跳过已处理的文件: 202503250130.csv
2025-03-25 09:31:40,845 - 该预测文件已处理过 (标志文件: D:\my-vue-project\wind-power-forecast\backend\auto_scripts\scripts\supershort\logs\auto_predict\predict_20250325_01_45.flag)
2025-03-25 09:31:40,845 - ⏩ 跳过已处理的文件: 202503250145.csv
2025-03-25 09:31:40,845 - 该预测文件已处理过 (标志文件: D:\my-vue-project\wind-power-forecast\backend\auto_scripts\scripts\supershort\logs\auto_predict\predict_20250325_02_00.flag)
2025-03-25 09:31:40,845 - ⏩ 跳过已处理的文件: 202503250200.csv
2025-03-25 09:31:40,845 - 该预测文件已处理过 (标志文件: D:\my-vue-project\wind-power-forecast\backend\auto_scripts\scripts\supershort\logs\auto_predict\predict_20250325_02_15.flag)
2025-03-25 09:31:40,845 - ⏩ 跳过已处理的文件: 202503250215.csv
2025-03-25 09:31:40,845 - 该预测文件已处理过 (标志文件: D:\my-vue-project\wind-power-forecast\backend\auto_scripts\scripts\supershort\logs\auto_predict\predict_20250325_02_30.flag)
2025-03-25 09:31:40,845 - ⏩ 跳过已处理的文件: 202503250230.csv
2025-03-25 09:31:40,846 - 该预测文件已处理过 (标志文件: D:\my-vue-project\wind-power-forecast\backend\auto_scripts\scripts\supershort\logs\auto_predict\predict_20250325_02_45.flag)
2025-03-25 09:31:40,846 - ⏩ 跳过已处理的文件: 202503250245.csv
2025-03-25 09:31:40,846 - 该预测文件已处理过 (标志文件: D:\my-vue-project\wind-power-forecast\backend\auto_scripts\scripts\supershort\logs\auto_predict\predict_20250325_03_00.flag)
2025-03-25 09:31:40,846 - ⏩ 跳过已处理的文件: 202503250300.csv
2025-03-25 09:31:40,846 - 该预测文件已处理过 (标志文件: D:\my-vue-project\wind-power-forecast\backend\auto_scripts\scripts\supershort\logs\auto_predict\predict_20250325_03_15.flag)
2025-03-25 09:31:40,846 - ⏩ 跳过已处理的文件: 202503250315.csv
2025-03-25 09:31:40,846 - 该预测文件已处理过 (标志文件: D:\my-vue-project\wind-power-forecast\backend\auto_scripts\scripts\supershort\logs\auto_predict\predict_20250325_03_30.flag)
2025-03-25 09:31:40,847 - ⏩ 跳过已处理的文件: 202503250330.csv
2025-03-25 09:31:40,847 - 该预测文件已处理过 (标志文件: D:\my-vue-project\wind-power-forecast\backend\auto_scripts\scripts\supershort\logs\auto_predict\predict_20250325_03_45.flag)
2025-03-25 09:31:40,847 - ⏩ 跳过已处理的文件: 202503250345.csv
2025-03-25 09:31:40,847 - 该预测文件已处理过 (标志文件: D:\my-vue-project\wind-power-forecast\backend\auto_scripts\scripts\supershort\logs\auto_predict\predict_20250325_04_00.flag)
2025-03-25 09:31:40,847 - ⏩ 跳过已处理的文件: 202503250400.csv
2025-03-25 09:31:40,847 - 该预测文件已处理过 (标志文件: D:\my-vue-project\wind-power-forecast\backend\auto_scripts\scripts\supershort\logs\auto_predict\predict_20250325_04_15.flag)
2025-03-25 09:31:40,847 - ⏩ 跳过已处理的文件: 202503250415.csv
2025-03-25 09:31:40,848 - 该预测文件已处理过 (标志文件: D:\my-vue-project\wind-power-forecast\backend\auto_scripts\scripts\supershort\logs\auto_predict\predict_20250325_04_30.flag)
2025-03-25 09:31:40,848 - ⏩ 跳过已处理的文件: 202503250430.csv
2025-03-25 09:31:40,848 - 该预测文件已处理过 (标志文件: D:\my-vue-project\wind-power-forecast\backend\auto_scripts\scripts\supershort\logs\auto_predict\predict_20250325_04_45.flag)
2025-03-25 09:31:40,848 - ⏩ 跳过已处理的文件: 202503250445.csv
2025-03-25 09:31:40,848 - 该预测文件已处理过 (标志文件: D:\my-vue-project\wind-power-forecast\backend\auto_scripts\scripts\supershort\logs\auto_predict\predict_20250325_05_00.flag)
2025-03-25 09:31:40,848 - ⏩ 跳过已处理的文件: 202503250500.csv
2025-03-25 09:31:40,848 - 该预测文件已处理过 (标志文件: D:\my-vue-project\wind-power-forecast\backend\auto_scripts\scripts\supershort\logs\auto_predict\predict_20250325_05_15.flag)
2025-03-25 09:31:40,848 - ⏩ 跳过已处理的文件: 202503250515.csv
2025-03-25 09:31:40,849 - 该预测文件已处理过 (标志文件: D:\my-vue-project\wind-power-forecast\backend\auto_scripts\scripts\supershort\logs\auto_predict\predict_20250325_05_30.flag)
2025-03-25 09:31:40,849 - ⏩ 跳过已处理的文件: 202503250530.csv
2025-03-25 09:31:40,849 - 该预测文件已处理过 (标志文件: D:\my-vue-project\wind-power-forecast\backend\auto_scripts\scripts\supershort\logs\auto_predict\predict_20250325_05_45.flag)
2025-03-25 09:31:40,849 - ⏩ 跳过已处理的文件: 202503250545.csv
2025-03-25 09:31:40,849 - 该预测文件已处理过 (标志文件: D:\my-vue-project\wind-power-forecast\backend\auto_scripts\scripts\supershort\logs\auto_predict\predict_20250325_06_00.flag)
2025-03-25 09:31:40,849 - ⏩ 跳过已处理的文件: 202503250600.csv
2025-03-25 09:31:40,849 - 该预测文件已处理过 (标志文件: D:\my-vue-project\wind-power-forecast\backend\auto_scripts\scripts\supershort\logs\auto_predict\predict_20250325_06_15.flag)
2025-03-25 09:31:40,850 - ⏩ 跳过已处理的文件: 202503250615.csv
2025-03-25 09:31:40,850 - 该预测文件已处理过 (标志文件: D:\my-vue-project\wind-power-forecast\backend\auto_scripts\scripts\supershort\logs\auto_predict\predict_20250325_06_30.flag)
2025-03-25 09:31:40,850 - ⏩ 跳过已处理的文件: 202503250630.csv
2025-03-25 09:31:40,850 - 该预测文件已处理过 (标志文件: D:\my-vue-project\wind-power-forecast\backend\auto_scripts\scripts\supershort\logs\auto_predict\predict_20250325_06_45.flag)
2025-03-25 09:31:40,850 - ⏩ 跳过已处理的文件: 202503250645.csv
2025-03-25 09:31:40,850 - 该预测文件已处理过 (标志文件: D:\my-vue-project\wind-power-forecast\backend\auto_scripts\scripts\supershort\logs\auto_predict\predict_20250325_07_00.flag)
2025-03-25 09:31:40,850 - ⏩ 跳过已处理的文件: 202503250700.csv
2025-03-25 09:31:40,851 - 该预测文件已处理过 (标志文件: D:\my-vue-project\wind-power-forecast\backend\auto_scripts\scripts\supershort\logs\auto_predict\predict_20250325_07_15.flag)
2025-03-25 09:31:40,851 - ⏩ 跳过已处理的文件: 202503250715.csv
2025-03-25 09:31:40,851 - 该预测文件已处理过 (标志文件: D:\my-vue-project\wind-power-forecast\backend\auto_scripts\scripts\supershort\logs\auto_predict\predict_20250325_07_30.flag)
2025-03-25 09:31:40,851 - ⏩ 跳过已处理的文件: 202503250730.csv
2025-03-25 09:31:40,851 - 该预测文件已处理过 (标志文件: D:\my-vue-project\wind-power-forecast\backend\auto_scripts\scripts\supershort\logs\auto_predict\predict_20250325_07_45.flag)
2025-03-25 09:31:40,851 - ⏩ 跳过已处理的文件: 202503250745.csv
2025-03-25 09:31:40,851 - 该预测文件已处理过 (标志文件: D:\my-vue-project\wind-power-forecast\backend\auto_scripts\scripts\supershort\logs\auto_predict\predict_20250325_08_00.flag)
2025-03-25 09:31:40,851 - ⏩ 跳过已处理的文件: 202503250800.csv
2025-03-25 09:31:40,852 - 该预测文件已处理过 (标志文件: D:\my-vue-project\wind-power-forecast\backend\auto_scripts\scripts\supershort\logs\auto_predict\predict_20250325_08_15.flag)
2025-03-25 09:31:40,852 - ⏩ 跳过已处理的文件: 202503250815.csv
2025-03-25 09:31:40,852 - 该预测文件已处理过 (标志文件: D:\my-vue-project\wind-power-forecast\backend\auto_scripts\scripts\supershort\logs\auto_predict\predict_20250325_08_30.flag)
2025-03-25 09:31:40,852 - ⏩ 跳过已处理的文件: 202503250830.csv
2025-03-25 09:31:40,852 - 该预测文件已处理过 (标志文件: D:\my-vue-project\wind-power-forecast\backend\auto_scripts\scripts\supershort\logs\auto_predict\predict_20250325_08_45.flag)
2025-03-25 09:31:40,852 - ⏩ 跳过已处理的文件: 202503250845.csv
2025-03-25 09:31:40,852 - 该预测文件已处理过 (标志文件: D:\my-vue-project\wind-power-forecast\backend\auto_scripts\scripts\supershort\logs\auto_predict\predict_20250325_09_00.flag)
2025-03-25 09:31:40,852 - ⏩ 跳过已处理的文件: 202503250900.csv
2025-03-25 09:31:40,853 - 该预测文件已处理过 (标志文件: D:\my-vue-project\wind-power-forecast\backend\auto_scripts\scripts\supershort\logs\auto_predict\predict_20250325_09_15.flag)
2025-03-25 09:31:40,853 - ⏩ 跳过已处理的文件: 202503250915.csv
2025-03-25 09:31:40,853 - ✅ 处理预测文件: D:\my-vue-project\wind-power-forecast\backend\auto_scripts\precsv\supershortcsv\20250325\202503250930.csv
2025-03-25 09:31:40,853 - 
============================================================
【风电功率预测开始】
============================================================
2025-03-25 09:31:40,853 - 配置信息:
2025-03-25 09:31:40,853 -   - 数据文件: D:\my-vue-project\wind-power-forecast\backend\auto_scripts\precsv\supershortcsv\20250325\202503250930.csv
2025-03-25 09:31:40,853 -   - 模型目录: D:\my-vue-project\wind-power-forecast\backend\auto_scripts\models\supershortmodel\20250325
2025-03-25 09:31:40,853 -   - 窗口大小: 16
2025-03-25 09:31:40,853 -   - 滞后特征数: 4
2025-03-25 09:31:40,853 - 
============================================================
【预处理新数据】
============================================================
2025-03-25 09:31:40,853 - 加载数据文件: D:\my-vue-project\wind-power-forecast\backend\auto_scripts\precsv\supershortcsv\20250325\202503250930.csv
2025-03-25 09:31:40,859 - 数据加载完成，去除缺失值后共 29 条记录
2025-03-25 09:31:40,899 - 数据前5行预览:
        Timestamp    129.128_1    129.128_2  ...  ws200_13  ws200_14  ws200_15
0  2024/3/11 0:00  15974.26563  16293.82813  ...  4.542173  1.324043  0.865087
1  2024/3/11 0:15  15974.26563  16293.82813  ...  3.899081  0.880606  1.273859
2  2024/3/11 0:30  15974.26563  16293.82813  ...  3.273753  0.778394  1.710350
3  2024/3/11 0:45  15974.26563  16293.82813  ...  2.678660  1.115517  2.157803
4  2024/3/11 1:00  15974.26563  16293.82813  ...  2.139185  1.640399  2.610587

[5 rows x 301 columns]
2025-03-25 09:31:40,899 - 预处理数据...
2025-03-25 09:31:40,901 - 预处理完成，特征维度: (29, 304)
2025-03-25 09:31:40,901 - 执行特征工程，滞后特征数: 4...
2025-03-25 09:31:40,931 - 特征工程完成，特征维度: (26, 859)
2025-03-25 09:31:40,931 - 新数据预处理完成，共 26 个样本
2025-03-25 09:31:40,931 - ✅ 发现最佳模型目录: D:\my-vue-project\wind-power-forecast\backend\auto_scripts\models\supershortmodel\20250325\best_models，尝试使用多模型加权预测
2025-03-25 09:31:40,932 - 
============================================================
【加载多个模型】
============================================================
2025-03-25 09:31:40,932 - 从目录加载模型和 scaler: D:\my-vue-project\wind-power-forecast\backend\auto_scripts\models\supershortmodel\20250325\best_models
2025-03-25 09:31:40,932 - 加载 GBDT 模型和 scaler...
2025-03-25 09:31:41,023 - ✅ 已成功加载 GBDT 模型和对应的 scaler
2025-03-25 09:31:41,023 - 加载 DART 模型和 scaler...
2025-03-25 09:31:41,028 - ✅ 已成功加载 DART 模型和对应的 scaler
2025-03-25 09:31:41,028 - 加载 GOSS 模型和 scaler...
2025-03-25 09:31:41,033 - ✅ 已成功加载 GOSS 模型和对应的 scaler
2025-03-25 09:31:41,033 - 加载完成，共加载了 3 个模型: GBDT, DART, GOSS
2025-03-25 09:31:41,034 - 尝试加载模型权重文件: D:\my-vue-project\wind-power-forecast\backend\auto_scripts\models\supershortmodel\20250325\model_weights.joblib
2025-03-25 09:31:41,034 - ✅ 已加载模型权重: {'GBDT': np.float64(0.0), 'DART': np.float64(0.0), 'GOSS': np.float64(0.9413418792089218), 'INTERCEPT': np.float64(-0.0258769107539365)}
2025-03-25 09:31:41,034 - 
============================================================
【使用多模型加权预测】
============================================================
2025-03-25 09:31:41,034 - 使用自定义权重: {'GBDT': np.float64(0.0), 'DART': np.float64(0.0), 'GOSS': np.float64(0.9413418792089218), 'INTERCEPT': np.float64(-0.0258769107539365)}
2025-03-25 09:31:41,034 - ❌ GBDT 模型权重为0，跳过
2025-03-25 09:31:41,034 - ❌ DART 模型权重为0，跳过
2025-03-25 09:31:41,034 - 使用 GOSS 模型进行预测 (权重: 0.9413)...
2025-03-25 09:31:41,036 - GOSS: 数据标准化完成
2025-03-25 09:31:41,036 - GOSS: 时间窗口创建完成，窗口数量: 11
2025-03-25 09:31:41,083 - ✅ GOSS 模型预测完成，生成了 11 个预测值
2025-03-25 09:31:41,083 -    统计: 最小值=118.97, 最大值=177.46, 平均值=157.97
2025-03-25 09:31:41,083 - 所有预测结果对齐到最小长度: 11
2025-03-25 09:31:41,083 - 开始计算加权平均预测结果...
2025-03-25 09:31:41,083 -   加入 GOSS 模型贡献 (权重: 0.9413)
2025-03-25 09:31:41,083 -   加入常数偏置项 (值: -0.0259)
2025-03-25 09:31:41,083 - 加权平均预测完成，生成了 11 个预测值
2025-03-25 09:31:41,083 - 加权预测结果统计: 最小值=111.96, 最大值=167.03, 平均值=148.67
2025-03-25 09:31:41,083 - ✅ 多模型加权预测完成，使用模型: GBDT, DART, GOSS
2025-03-25 09:31:41,084 - 预测结果数据框创建完成，共 11 行
2025-03-25 09:31:41,085 - ✅ 预测结果已保存到文件: D:\my-vue-project\wind-power-forecast\backend\auto_scripts\results\supershortresult\20250325\prediction_202503250930.csv
2025-03-25 09:31:41,085 - 尝试将预测结果导入数据库...
2025-03-25 09:31:41,085 - 发送HTTP请求到: http://localhost:5000/prediction2database/batch_supershortl_power
2025-03-25 09:31:43,153 - ✅ 数据已成功导入数据库
2025-03-25 09:31:43,153 -    总记录数: 11, 更新: 11, 插入: 0
2025-03-25 09:31:43,153 - 
============================================================
【风电功率预测完成】
============================================================
2025-03-25 09:31:43,153 - 风电功率预测完成
2025-03-25 09:31:43,155 - ✅ 202503250930.csv 预测执行完成
2025-03-25 09:31:43,155 - 已创建预测标志文件: D:\my-vue-project\wind-power-forecast\backend\auto_scripts\scripts\supershort\logs\auto_predict\predict_20250325_09_30.flag
2025-03-25 09:31:43,155 - 本次共处理了 39 个预测文件
2025-03-25 09:31:43,156 - 
================================================================================
2025-03-25 09:31:43,156 - >>> 预测任务结束 <<<
2025-03-25 09:31:43,156 - ================================================================================

2025-03-25 09:31:43,156 - 预测任务结束
2025-03-25 09:36:44,536 - 
================================================================================
2025-03-25 09:36:44,536 - >>> 自动预测系统启动 <<<
2025-03-25 09:36:44,536 - ================================================================================

2025-03-25 09:36:44,536 - 自动预测系统启动
2025-03-25 09:36:44,536 - 当前日期: 20250325, 时间: 09:36:44
2025-03-25 09:36:44,536 - 
================================================================================
2025-03-25 09:36:44,536 - >>> 开始执行预测 <<<
2025-03-25 09:36:44,537 - ================================================================================

2025-03-25 09:36:44,537 - 开始执行预测
2025-03-25 09:36:44,537 - 扫描预测数据文件目录: D:\my-vue-project\wind-power-forecast\backend\auto_scripts\precsv\supershortcsv\20250325
2025-03-25 09:36:44,537 - 检查模型目录: D:\my-vue-project\wind-power-forecast\backend\auto_scripts\models\supershortmodel\20250325
2025-03-25 09:36:44,537 - 发现best_models目录: D:\my-vue-project\wind-power-forecast\backend\auto_scripts\models\supershortmodel\20250325\best_models
2025-03-25 09:36:44,537 - 发现GBDT模型文件: D:\my-vue-project\wind-power-forecast\backend\auto_scripts\models\supershortmodel\20250325\best_models\GBDT.joblib
2025-03-25 09:36:44,537 - 找到 39 个CSV文件
2025-03-25 09:36:44,538 - 该预测文件已处理过 (标志文件: D:\my-vue-project\wind-power-forecast\backend\auto_scripts\scripts\supershort\logs\auto_predict\predict_20250325_00_00.flag)
2025-03-25 09:36:44,538 - ⏩ 跳过已处理的文件: 202503250000.csv
2025-03-25 09:36:44,538 - 该预测文件已处理过 (标志文件: D:\my-vue-project\wind-power-forecast\backend\auto_scripts\scripts\supershort\logs\auto_predict\predict_20250325_00_15.flag)
2025-03-25 09:36:44,538 - ⏩ 跳过已处理的文件: 202503250015.csv
2025-03-25 09:36:44,538 - 该预测文件已处理过 (标志文件: D:\my-vue-project\wind-power-forecast\backend\auto_scripts\scripts\supershort\logs\auto_predict\predict_20250325_00_30.flag)
2025-03-25 09:36:44,538 - ⏩ 跳过已处理的文件: 202503250030.csv
2025-03-25 09:36:44,538 - 该预测文件已处理过 (标志文件: D:\my-vue-project\wind-power-forecast\backend\auto_scripts\scripts\supershort\logs\auto_predict\predict_20250325_00_45.flag)
2025-03-25 09:36:44,539 - ⏩ 跳过已处理的文件: 202503250045.csv
2025-03-25 09:36:44,539 - 该预测文件已处理过 (标志文件: D:\my-vue-project\wind-power-forecast\backend\auto_scripts\scripts\supershort\logs\auto_predict\predict_20250325_01_00.flag)
2025-03-25 09:36:44,539 - ⏩ 跳过已处理的文件: 202503250100.csv
2025-03-25 09:36:44,539 - 该预测文件已处理过 (标志文件: D:\my-vue-project\wind-power-forecast\backend\auto_scripts\scripts\supershort\logs\auto_predict\predict_20250325_01_15.flag)
2025-03-25 09:36:44,539 - ⏩ 跳过已处理的文件: 202503250115.csv
2025-03-25 09:36:44,539 - 该预测文件已处理过 (标志文件: D:\my-vue-project\wind-power-forecast\backend\auto_scripts\scripts\supershort\logs\auto_predict\predict_20250325_01_30.flag)
2025-03-25 09:36:44,539 - ⏩ 跳过已处理的文件: 202503250130.csv
2025-03-25 09:36:44,540 - 该预测文件已处理过 (标志文件: D:\my-vue-project\wind-power-forecast\backend\auto_scripts\scripts\supershort\logs\auto_predict\predict_20250325_01_45.flag)
2025-03-25 09:36:44,540 - ⏩ 跳过已处理的文件: 202503250145.csv
2025-03-25 09:36:44,540 - 该预测文件已处理过 (标志文件: D:\my-vue-project\wind-power-forecast\backend\auto_scripts\scripts\supershort\logs\auto_predict\predict_20250325_02_00.flag)
2025-03-25 09:36:44,540 - ⏩ 跳过已处理的文件: 202503250200.csv
2025-03-25 09:36:44,540 - 该预测文件已处理过 (标志文件: D:\my-vue-project\wind-power-forecast\backend\auto_scripts\scripts\supershort\logs\auto_predict\predict_20250325_02_15.flag)
2025-03-25 09:36:44,540 - ⏩ 跳过已处理的文件: 202503250215.csv
2025-03-25 09:36:44,540 - 该预测文件已处理过 (标志文件: D:\my-vue-project\wind-power-forecast\backend\auto_scripts\scripts\supershort\logs\auto_predict\predict_20250325_02_30.flag)
2025-03-25 09:36:44,540 - ⏩ 跳过已处理的文件: 202503250230.csv
2025-03-25 09:36:44,541 - 该预测文件已处理过 (标志文件: D:\my-vue-project\wind-power-forecast\backend\auto_scripts\scripts\supershort\logs\auto_predict\predict_20250325_02_45.flag)
2025-03-25 09:36:44,541 - ⏩ 跳过已处理的文件: 202503250245.csv
2025-03-25 09:36:44,541 - 该预测文件已处理过 (标志文件: D:\my-vue-project\wind-power-forecast\backend\auto_scripts\scripts\supershort\logs\auto_predict\predict_20250325_03_00.flag)
2025-03-25 09:36:44,541 - ⏩ 跳过已处理的文件: 202503250300.csv
2025-03-25 09:36:44,541 - 该预测文件已处理过 (标志文件: D:\my-vue-project\wind-power-forecast\backend\auto_scripts\scripts\supershort\logs\auto_predict\predict_20250325_03_15.flag)
2025-03-25 09:36:44,541 - ⏩ 跳过已处理的文件: 202503250315.csv
2025-03-25 09:36:44,541 - 该预测文件已处理过 (标志文件: D:\my-vue-project\wind-power-forecast\backend\auto_scripts\scripts\supershort\logs\auto_predict\predict_20250325_03_30.flag)
2025-03-25 09:36:44,541 - ⏩ 跳过已处理的文件: 202503250330.csv
2025-03-25 09:36:44,542 - 该预测文件已处理过 (标志文件: D:\my-vue-project\wind-power-forecast\backend\auto_scripts\scripts\supershort\logs\auto_predict\predict_20250325_03_45.flag)
2025-03-25 09:36:44,542 - ⏩ 跳过已处理的文件: 202503250345.csv
2025-03-25 09:36:44,542 - 该预测文件已处理过 (标志文件: D:\my-vue-project\wind-power-forecast\backend\auto_scripts\scripts\supershort\logs\auto_predict\predict_20250325_04_00.flag)
2025-03-25 09:36:44,542 - ⏩ 跳过已处理的文件: 202503250400.csv
2025-03-25 09:36:44,542 - 该预测文件已处理过 (标志文件: D:\my-vue-project\wind-power-forecast\backend\auto_scripts\scripts\supershort\logs\auto_predict\predict_20250325_04_15.flag)
2025-03-25 09:36:44,542 - ⏩ 跳过已处理的文件: 202503250415.csv
2025-03-25 09:36:44,542 - 该预测文件已处理过 (标志文件: D:\my-vue-project\wind-power-forecast\backend\auto_scripts\scripts\supershort\logs\auto_predict\predict_20250325_04_30.flag)
2025-03-25 09:36:44,542 - ⏩ 跳过已处理的文件: 202503250430.csv
2025-03-25 09:36:44,543 - 该预测文件已处理过 (标志文件: D:\my-vue-project\wind-power-forecast\backend\auto_scripts\scripts\supershort\logs\auto_predict\predict_20250325_04_45.flag)
2025-03-25 09:36:44,543 - ⏩ 跳过已处理的文件: 202503250445.csv
2025-03-25 09:36:44,543 - 该预测文件已处理过 (标志文件: D:\my-vue-project\wind-power-forecast\backend\auto_scripts\scripts\supershort\logs\auto_predict\predict_20250325_05_00.flag)
2025-03-25 09:36:44,543 - ⏩ 跳过已处理的文件: 202503250500.csv
2025-03-25 09:36:44,543 - 该预测文件已处理过 (标志文件: D:\my-vue-project\wind-power-forecast\backend\auto_scripts\scripts\supershort\logs\auto_predict\predict_20250325_05_15.flag)
2025-03-25 09:36:44,543 - ⏩ 跳过已处理的文件: 202503250515.csv
2025-03-25 09:36:44,543 - 该预测文件已处理过 (标志文件: D:\my-vue-project\wind-power-forecast\backend\auto_scripts\scripts\supershort\logs\auto_predict\predict_20250325_05_30.flag)
2025-03-25 09:36:44,543 - ⏩ 跳过已处理的文件: 202503250530.csv
2025-03-25 09:36:44,544 - 该预测文件已处理过 (标志文件: D:\my-vue-project\wind-power-forecast\backend\auto_scripts\scripts\supershort\logs\auto_predict\predict_20250325_05_45.flag)
2025-03-25 09:36:44,544 - ⏩ 跳过已处理的文件: 202503250545.csv
2025-03-25 09:36:44,544 - 该预测文件已处理过 (标志文件: D:\my-vue-project\wind-power-forecast\backend\auto_scripts\scripts\supershort\logs\auto_predict\predict_20250325_06_00.flag)
2025-03-25 09:36:44,544 - ⏩ 跳过已处理的文件: 202503250600.csv
2025-03-25 09:36:44,544 - 该预测文件已处理过 (标志文件: D:\my-vue-project\wind-power-forecast\backend\auto_scripts\scripts\supershort\logs\auto_predict\predict_20250325_06_15.flag)
2025-03-25 09:36:44,544 - ⏩ 跳过已处理的文件: 202503250615.csv
2025-03-25 09:36:44,544 - 该预测文件已处理过 (标志文件: D:\my-vue-project\wind-power-forecast\backend\auto_scripts\scripts\supershort\logs\auto_predict\predict_20250325_06_30.flag)
2025-03-25 09:36:44,544 - ⏩ 跳过已处理的文件: 202503250630.csv
2025-03-25 09:36:44,545 - 该预测文件已处理过 (标志文件: D:\my-vue-project\wind-power-forecast\backend\auto_scripts\scripts\supershort\logs\auto_predict\predict_20250325_06_45.flag)
2025-03-25 09:36:44,545 - ⏩ 跳过已处理的文件: 202503250645.csv
2025-03-25 09:36:44,545 - 该预测文件已处理过 (标志文件: D:\my-vue-project\wind-power-forecast\backend\auto_scripts\scripts\supershort\logs\auto_predict\predict_20250325_07_00.flag)
2025-03-25 09:36:44,545 - ⏩ 跳过已处理的文件: 202503250700.csv
2025-03-25 09:36:44,545 - 该预测文件已处理过 (标志文件: D:\my-vue-project\wind-power-forecast\backend\auto_scripts\scripts\supershort\logs\auto_predict\predict_20250325_07_15.flag)
2025-03-25 09:36:44,545 - ⏩ 跳过已处理的文件: 202503250715.csv
2025-03-25 09:36:44,545 - 该预测文件已处理过 (标志文件: D:\my-vue-project\wind-power-forecast\backend\auto_scripts\scripts\supershort\logs\auto_predict\predict_20250325_07_30.flag)
2025-03-25 09:36:44,545 - ⏩ 跳过已处理的文件: 202503250730.csv
2025-03-25 09:36:44,546 - 该预测文件已处理过 (标志文件: D:\my-vue-project\wind-power-forecast\backend\auto_scripts\scripts\supershort\logs\auto_predict\predict_20250325_07_45.flag)
2025-03-25 09:36:44,546 - ⏩ 跳过已处理的文件: 202503250745.csv
2025-03-25 09:36:44,546 - 该预测文件已处理过 (标志文件: D:\my-vue-project\wind-power-forecast\backend\auto_scripts\scripts\supershort\logs\auto_predict\predict_20250325_08_00.flag)
2025-03-25 09:36:44,546 - ⏩ 跳过已处理的文件: 202503250800.csv
2025-03-25 09:36:44,546 - 该预测文件已处理过 (标志文件: D:\my-vue-project\wind-power-forecast\backend\auto_scripts\scripts\supershort\logs\auto_predict\predict_20250325_08_15.flag)
2025-03-25 09:36:44,546 - ⏩ 跳过已处理的文件: 202503250815.csv
2025-03-25 09:36:44,546 - 该预测文件已处理过 (标志文件: D:\my-vue-project\wind-power-forecast\backend\auto_scripts\scripts\supershort\logs\auto_predict\predict_20250325_08_30.flag)
2025-03-25 09:36:44,546 - ⏩ 跳过已处理的文件: 202503250830.csv
2025-03-25 09:36:44,547 - 该预测文件已处理过 (标志文件: D:\my-vue-project\wind-power-forecast\backend\auto_scripts\scripts\supershort\logs\auto_predict\predict_20250325_08_45.flag)
2025-03-25 09:36:44,547 - ⏩ 跳过已处理的文件: 202503250845.csv
2025-03-25 09:36:44,547 - 该预测文件已处理过 (标志文件: D:\my-vue-project\wind-power-forecast\backend\auto_scripts\scripts\supershort\logs\auto_predict\predict_20250325_09_00.flag)
2025-03-25 09:36:44,547 - ⏩ 跳过已处理的文件: 202503250900.csv
2025-03-25 09:36:44,547 - 该预测文件已处理过 (标志文件: D:\my-vue-project\wind-power-forecast\backend\auto_scripts\scripts\supershort\logs\auto_predict\predict_20250325_09_15.flag)
2025-03-25 09:36:44,547 - ⏩ 跳过已处理的文件: 202503250915.csv
2025-03-25 09:36:44,547 - 该预测文件已处理过 (标志文件: D:\my-vue-project\wind-power-forecast\backend\auto_scripts\scripts\supershort\logs\auto_predict\predict_20250325_09_30.flag)
2025-03-25 09:36:44,547 - ⏩ 跳过已处理的文件: 202503250930.csv
2025-03-25 09:36:44,547 - 本次共处理了 39 个预测文件
2025-03-25 09:36:44,547 - 
================================================================================
2025-03-25 09:36:44,547 - >>> 预测任务结束 <<<
2025-03-25 09:36:44,547 - ================================================================================

2025-03-25 09:36:44,548 - 预测任务结束
