Timestamp,100u_23.8_103.2,100u_23.8_103.3,100u_23.8_103.4,100u_23.9_103.2,100u_23.9_103.3,100u_23.9_103.4,100u_24.0_103.2,100u_24.0_103.3,100u_24.0_103.4,100u_24.1_103.2,100u_24.1_103.3,100u_24.1_103.4,100u_24.2_103.2,100u_24.2_103.3,100u_24.2_103.4,100v_23.8_103.2,100v_23.8_103.3,100v_23.8_103.4,100v_23.9_103.2,100v_23.9_103.3,100v_23.9_103.4,100v_24.0_103.2,100v_24.0_103.3,100v_24.0_103.4,100v_24.1_103.2,100v_24.1_103.3,100v_24.1_103.4,100v_24.2_103.2,100v_24.2_103.3,100v_24.2_103.4,10u_23.8_103.2,10u_23.8_103.3,10u_23.8_103.4,10u_23.9_103.2,10u_23.9_103.3,10u_23.9_103.4,10u_24.0_103.2,10u_24.0_103.3,10u_24.0_103.4,10u_24.1_103.2,10u_24.1_103.3,10u_24.1_103.4,10u_24.2_103.2,10u_24.2_103.3,10u_24.2_103.4,10v_23.8_103.2,10v_23.8_103.3,10v_23.8_103.4,10v_23.9_103.2,10v_23.9_103.3,10v_23.9_103.4,10v_24.0_103.2,10v_24.0_103.3,10v_24.0_103.4,10v_24.1_103.2,10v_24.1_103.3,10v_24.1_103.4,10v_24.2_103.2,10v_24.2_103.3,10v_24.2_103.4,200u_23.8_103.2,200u_23.8_103.3,200u_23.8_103.4,200u_23.9_103.2,200u_23.9_103.3,200u_23.9_103.4,200u_24.0_103.2,200u_24.0_103.3,200u_24.0_103.4,200u_24.1_103.2,200u_24.1_103.3,200u_24.1_103.4,200u_24.2_103.2,200u_24.2_103.3,200u_24.2_103.4,200v_23.8_103.2,200v_23.8_103.3,200v_23.8_103.4,200v_23.9_103.2,200v_23.9_103.3,200v_23.9_103.4,200v_24.0_103.2,200v_24.0_103.3,200v_24.0_103.4,200v_24.1_103.2,200v_24.1_103.3,200v_24.1_103.4,200v_24.2_103.2,200v_24.2_103.3,200v_24.2_103.4,dsrp_23.8_103.2,dsrp_23.8_103.3,dsrp_23.8_103.4,dsrp_23.9_103.2,dsrp_23.9_103.3,dsrp_23.9_103.4,dsrp_24.0_103.2,dsrp_24.0_103.3,dsrp_24.0_103.4,dsrp_24.1_103.2,dsrp_24.1_103.3,dsrp_24.1_103.4,dsrp_24.2_103.2,dsrp_24.2_103.3,dsrp_24.2_103.4,gh_23.8_103.2,gh_23.8_103.3,gh_23.8_103.4,gh_23.9_103.2,gh_23.9_103.3,gh_23.9_103.4,gh_24.0_103.2,gh_24.0_103.3,gh_24.0_103.4,gh_24.1_103.2,gh_24.1_103.3,gh_24.1_103.4,gh_24.2_103.2,gh_24.2_103.3,gh_24.2_103.4,2t_23.8_103.2,2t_23.8_103.3,2t_23.8_103.4,2t_23.9_103.2,2t_23.9_103.3,2t_23.9_103.4,2t_24.0_103.2,2t_24.0_103.3,2t_24.0_103.4,2t_24.1_103.2,2t_24.1_103.3,2t_24.1_103.4,2t_24.2_103.2,2t_24.2_103.3,2t_24.2_103.4,2d_23.8_103.2,2d_23.8_103.3,2d_23.8_103.4,2d_23.9_103.2,2d_23.9_103.3,2d_23.9_103.4,2d_24.0_103.2,2d_24.0_103.3,2d_24.0_103.4,2d_24.1_103.2,2d_24.1_103.3,2d_24.1_103.4,2d_24.2_103.2,2d_24.2_103.3,2d_24.2_103.4,hcc_23.8_103.2,hcc_23.8_103.3,hcc_23.8_103.4,hcc_23.9_103.2,hcc_23.9_103.3,hcc_23.9_103.4,hcc_24.0_103.2,hcc_24.0_103.3,hcc_24.0_103.4,hcc_24.1_103.2,hcc_24.1_103.3,hcc_24.1_103.4,hcc_24.2_103.2,hcc_24.2_103.3,hcc_24.2_103.4,msl_23.8_103.2,msl_23.8_103.3,msl_23.8_103.4,msl_23.9_103.2,msl_23.9_103.3,msl_23.9_103.4,msl_24.0_103.2,msl_24.0_103.3,msl_24.0_103.4,msl_24.1_103.2,msl_24.1_103.3,msl_24.1_103.4,msl_24.2_103.2,msl_24.2_103.3,msl_24.2_103.4,skt_23.8_103.2,skt_23.8_103.3,skt_23.8_103.4,skt_23.9_103.2,skt_23.9_103.3,skt_23.9_103.4,skt_24.0_103.2,skt_24.0_103.3,skt_24.0_103.4,skt_24.1_103.2,skt_24.1_103.3,skt_24.1_103.4,skt_24.2_103.2,skt_24.2_103.3,skt_24.2_103.4,ssrc_23.8_103.2,ssrc_23.8_103.3,ssrc_23.8_103.4,ssrc_23.9_103.2,ssrc_23.9_103.3,ssrc_23.9_103.4,ssrc_24.0_103.2,ssrc_24.0_103.3,ssrc_24.0_103.4,ssrc_24.1_103.2,ssrc_24.1_103.3,ssrc_24.1_103.4,ssrc_24.2_103.2,ssrc_24.2_103.3,ssrc_24.2_103.4,sp_23.8_103.2,sp_23.8_103.3,sp_23.8_103.4,sp_23.9_103.2,sp_23.9_103.3,sp_23.9_103.4,sp_24.0_103.2,sp_24.0_103.3,sp_24.0_103.4,sp_24.1_103.2,sp_24.1_103.3,sp_24.1_103.4,sp_24.2_103.2,sp_24.2_103.3,sp_24.2_103.4,ssrd_23.8_103.2,ssrd_23.8_103.3,ssrd_23.8_103.4,ssrd_23.9_103.2,ssrd_23.9_103.3,ssrd_23.9_103.4,ssrd_24.0_103.2,ssrd_24.0_103.3,ssrd_24.0_103.4,ssrd_24.1_103.2,ssrd_24.1_103.3,ssrd_24.1_103.4,ssrd_24.2_103.2,ssrd_24.2_103.3,ssrd_24.2_103.4,tisr_23.8_103.2,tisr_23.8_103.3,tisr_23.8_103.4,tisr_23.9_103.2,tisr_23.9_103.3,tisr_23.9_103.4,tisr_24.0_103.2,tisr_24.0_103.3,tisr_24.0_103.4,tisr_24.1_103.2,tisr_24.1_103.3,tisr_24.1_103.4,tisr_24.2_103.2,tisr_24.2_103.3,tisr_24.2_103.4,tcc_23.8_103.2,tcc_23.8_103.3,tcc_23.8_103.4,tcc_23.9_103.2,tcc_23.9_103.3,tcc_23.9_103.4,tcc_24.0_103.2,tcc_24.0_103.3,tcc_24.0_103.4,tcc_24.1_103.2,tcc_24.1_103.3,tcc_24.1_103.4,tcc_24.2_103.2,tcc_24.2_103.3,tcc_24.2_103.4,tcwv_23.8_103.2,tcwv_23.8_103.3,tcwv_23.8_103.4,tcwv_23.9_103.2,tcwv_23.9_103.3,tcwv_23.9_103.4,tcwv_24.0_103.2,tcwv_24.0_103.3,tcwv_24.0_103.4,tcwv_24.1_103.2,tcwv_24.1_103.3,tcwv_24.1_103.4,tcwv_24.2_103.2,tcwv_24.2_103.3,tcwv_24.2_103.4,ws10_1,ws10_2,ws10_3,ws10_4,ws10_5,ws10_6,ws10_7,ws10_8,ws10_9,ws10_10,ws10_11,ws10_12,ws10_13,ws10_14,ws10_15,ws100_1,ws100_2,ws100_3,ws100_4,ws100_5,ws100_6,ws100_7,ws100_8,ws100_9,ws100_10,ws100_11,ws100_12,ws100_13,ws100_14,ws100_15,ws200_1,ws200_2,ws200_3,ws200_4,ws200_5,ws200_6,ws200_7,ws200_8,ws200_9,ws200_10,ws200_11,ws200_12,ws200_13,ws200_14,ws200_15,wp_true
2025/1/30 0:00,2.36098576,1.72707462,2.62197208,3.08748722,3.19112492,3.69869328,2.37185001,3.232934,3.35683537,1.85518742,2.88082218,2.04940128,2.59426212,3.22390079,1.5108881,3.61369324,3.79197693,3.97587585,1.94511414,1.01347351,1.39830017,1.67686462,1.06022644,1.30363464,2.97441101,2.6181488,1.87290955,3.70610046,3.26042175,2.40086365,1.54426003,0.85868263,0.72785378,1.28479958,1.33774757,1.39502907,0.62464333,1.50113869,1.51587868,0.33094215,1.46628761,0.91825294,0.87241554,1.63230324,0.60303688,0.88820267,1.04817581,1.90047073,0.19368362,-0.17484665,0.63911819,0.42073441,-0.07981491,-0.0247612,1.34914017,0.59547806,-0.10630417,1.8701973,0.9162178,0.18544388,2.12674046,1.8669138,3.62399387,3.75277805,3.81710911,4.66305637,3.82724094,4.46884251,4.76889133,3.09549046,4.05252171,3.42349339,3.36270237,4.23782444,2.77139378,5.20882225,5.37593651,5.38423729,3.96059227,2.99117088,3.01058006,3.29842186,2.59322166,2.57131004,3.66115379,3.71211815,3.23341942,3.73579979,4.10286522,3.76363182,3980388,4037668,4109284,2661284,3177828,3749988,2033956,2702308,3358820,1999332,2566564,2815588,2252644,2638372,2533028,13704.51563,13595.64063,15178.26563,13837.07813,13659.32813,13379.64063,15058.26563,14999.07813,13387.70313,15724.01563,16106.51563,14392.57813,15974.26563,16293.82813,15210.45313,279.4734802,279.7644959,279.5194092,279.0809631,279.0453186,279.2113953,278.5630188,278.3244629,278.9234314,278.3898926,278.0154724,278.9896851,278.2987671,277.8884277,278.5799255,278.164032,277.7134705,277.6726685,277.6343079,277.6790161,278.1077271,277.2709045,277.3849793,277.9406433,277.3487244,277.1964722,277.4309998,277.4952698,277.2041321,277.0831299,0,0,0,0,0,0,0,0,0,0,0,0,0,0,0,101773.1484,101759.8594,101726.1328,101781.2031,101764.8594,101727.75,101802.0234,101761.0313,101706.3281,101793.6172,101754.7109,101698.4219,101762.2266,101746.6563,101711.7656,277.8548584,277.0935059,277.5927124,276.7301636,276.9589844,277.9812012,275.7210693,276.5982666,277.5478516,276.3413696,276.3245239,276.5740967,276.8718262,276.2266235,275.4298096,15796180,15933404,16200652,15904132,15797404,15823932,15948444,15741868,15682772,15994580,15842740,15832820,16048708,15961692,15989676,86168.3125,86271.375,84598.25,86025.5,86201,86480.5,84742.5,84787,86465.25,84040.8125,83629.375,85397.5625,83762.9375,83425.1875,84538.875,7773855,7944703,8251775,6866943,7376127,7998239,6489919,7090175,7767455,6548511,7038879,7424095,6917087,7079903,7133407,26448920,26448920,26448920,26396480,26396480,26396480,26344040,26344040,26343716,26290576,26290576,26290576,26238136,26238136,26238136,0.05147686,0.04332104,0.04643764,0.02365627,0.04070034,0.02856197,0.06175365,0.07558956,0.04461422,0.13923016,0.10539379,0.03569927,0.15746441,0.11171093,0.08871212,13.96157551,13.93749714,12.83401203,14.12200642,14.1662569,14.28143024,13.69515705,13.63747883,14.66039753,13.44131184,13.07360554,14.16726398,13.35842609,13.11346149,13.89812946,1.78147209,1.35499382,2.03508234,1.29931653,1.34912562,1.53446341,0.75312465,1.50325894,1.51608098,1.38913715,1.5825907,0.92438579,2.06367326,1.87186241,0.6309064,4.31659937,4.16675854,4.76259661,3.6491158,3.3481946,3.95418453,2.90474582,3.40234351,3.60108423,3.50554442,3.89279318,2.776299,4.52386761,4.58518124,2.83671093,5.62626457,5.69087553,6.49025011,5.45615578,4.84947681,5.55046701,5.05246067,5.16675425,5.41792965,4.79438305,5.49570322,4.70906639,5.02632713,5.89853048,4.67392206,233.72
2025/1/30 0:15,2.29234099,1.64957976,2.57484221,3.03605437,3.11501861,3.55338836,2.36376739,3.1806314,3.16941619,1.86428618,2.87325835,1.90176177,2.58051848,3.21322417,1.39291167,3.70317125,3.85658312,3.99707079,1.97409117,1.03288329,1.39666808,1.62941039,1.028916,1.30355895,2.91371202,2.56822252,1.87042296,3.68203783,3.20718431,2.37590075,1.5148232,0.81046218,0.68387526,1.26649404,1.30429006,1.32210469,0.61415786,1.47748494,1.44937062,0.32620162,1.46131063,0.88839644,0.86773604,1.61792684,0.56522292,0.93372309,1.09864008,1.93872797,0.18469968,-0.15969118,0.6347729,0.3805615,-0.08939394,-0.01377138,1.32431757,0.57715571,-0.07906374,1.85083735,0.88159907,0.18259397,2.09506369,1.81421041,3.61546469,3.72200155,3.76182699,4.54419088,3.80934286,4.40495443,4.57083273,3.0925765,4.02340841,3.26194906,3.34417868,4.21795797,2.67804098,5.28512526,5.39398146,5.37773085,4.0000453,2.9957118,2.98806715,3.24264479,2.53044081,2.51431227,3.57810926,3.63790846,3.19282484,3.69740248,4.07121229,3.74681044,3980388,4037668,4109284,2661284,3177828,3749988,2033956,2702308,3358820,1999332,2566564,2815588,2252644,2638372,2533028,13704.51563,13595.64063,15178.26563,13837.07813,13659.32813,13379.64063,15058.26563,14999.07813,13387.70313,15724.01563,16106.51563,14392.57813,15974.26563,16293.82813,15210.45313,279.4238586,279.6270447,279.4044495,278.9911499,278.9014282,279.042572,278.4935608,278.2217407,278.7753296,278.2810059,277.9271545,278.8488464,278.1796875,277.7724915,278.4542542,278.1192627,277.6592407,277.6477966,277.568512,277.5879822,278.0118408,277.2327271,277.3150024,277.8421936,277.2895203,277.1369019,277.3422546,277.4412231,277.1373291,277.0222778,0,0,0,0,0,0,0,0,0,0,0,0,0,0,0,101770.125,101757.6094,101723.9453,101778.1484,101763.0469,101728.6719,101798.4688,101758.9063,101708.3516,101790.125,101751.375,101699,101759.8906,101744.3281,101711.7031,277.798584,276.9761963,277.5171814,276.5887756,276.7981567,277.8325806,275.5932617,276.4954224,277.4108276,276.1949463,276.2279053,276.4304504,276.7893677,276.1386108,275.3032837,15796180,15933404,16200652,15904132,15797404,15823932,15948444,15741868,15682772,15994580,15842740,15832820,16048708,15961692,15989676,86164.07813,86267.85938,84595.09375,86021.39063,86197.35938,86478.07813,84738.35938,84783.40625,86463.34375,84036.73438,83625.23438,85394.84375,83759.26563,83421.20313,84535.32813,7773855,7944703,8251775,6866943,7376127,7998239,6489919,7090175,7767455,6548511,7038879,7424095,6917087,7079903,7133407,26448920,26448920,26448920,26396480,26396480,26396480,26344040,26344040,26343716,26290576,26290576,26290576,26238136,26238136,26238136,0.06872714,0.05534375,0.05175984,0.03747857,0.04572594,0.03464854,0.06974471,0.08371031,0.04890025,0.14464629,0.11313689,0.03743136,0.15570366,0.11400568,0.08327925,13.84728622,13.8439827,12.77468491,14.05579758,14.09147263,14.20401382,13.61685562,13.55734634,14.57349777,13.37795639,13.01073074,14.09793472,13.27892685,13.0417366,13.82085037,1.77947414,1.36523223,2.05580926,1.27989101,1.31402957,1.46659386,0.72250742,1.48018682,1.44943595,1.36390054,1.57115793,0.89190769,2.04415369,1.84252656,0.59398448,4.3552618,4.19456148,4.75461769,3.62141705,3.28179646,3.81801653,2.87095356,3.34291553,3.42701983,3.45908666,3.8537488,2.66742945,4.49627399,4.53991652,2.75410724,5.68522978,5.69090462,6.48009062,5.46385002,4.8089118,5.43858576,5.00258303,5.08003473,5.21673059,4.72936535,5.42422247,4.56447601,4.98541021,5.86224699,4.60548496,234.87
2025/1/30 0:30,2.22369623,1.5720849,2.52771235,2.98462152,3.0389123,3.40808344,2.35568476,3.1283288,2.98199701,1.87338495,2.86569452,1.75412226,2.56677485,3.20254755,1.27493525,3.79264951,3.92118955,4.01826572,2.00306821,1.05229306,1.39503598,1.58195615,0.99760556,1.30348325,2.85301328,2.51829648,1.86793637,3.65797544,3.15394711,2.35093808,1.48538625,0.76224172,0.63989675,1.24818838,1.27083242,1.2491802,0.60367239,1.45383108,1.38286245,0.32146111,1.45633352,0.85853994,0.86305654,1.60355031,0.52740896,0.97924358,1.14910436,1.97698522,0.17571574,-0.14453572,0.63042766,0.3403886,-0.09897298,-0.00278157,1.29949498,0.55883342,-0.05182332,1.8314774,0.84698039,0.17974406,2.06338692,1.76150703,3.6069355,3.69122505,3.70654488,4.42532539,3.79144478,4.34106636,4.37277412,3.08966255,3.99429512,3.10040474,3.32565498,4.19809151,2.58468819,5.36142826,5.41202641,5.3712244,4.03949833,3.00025272,2.96555424,3.18686771,2.46765995,2.45731449,3.49506474,3.56369877,3.15223026,3.65900517,4.03955936,3.72998905,3980388,4037668,4109284,2661284,3177828,3749988,2033956,2702308,3358820,1999332,2566564,2815588,2252644,2638372,2533028,13704.51563,13595.64063,15178.26563,13837.07813,13659.32813,13379.64063,15058.26563,14999.07813,13387.70313,15724.01563,16106.51563,14392.57813,15974.26563,16293.82813,15210.45313,279.3742371,279.4895935,279.2894898,278.9013062,278.7575378,278.8737488,278.4241028,278.118988,278.6272583,278.1721497,277.8388672,278.7080078,278.0606079,277.6565552,278.3285523,278.0745239,277.6049805,277.6229248,277.5026856,277.4969482,277.9159241,277.1945801,277.2450562,277.7437134,277.2302856,277.077301,277.253479,277.387146,277.0704956,276.9614258,0,0,0,0,0,0,0,0,0,0,0,0,0,0,0,101767.0938,101755.3594,101721.75,101775.0938,101761.2344,101729.5938,101794.9219,101756.7813,101710.375,101786.625,101748.0469,101699.5781,101757.5547,101742,101711.6406,277.7423401,276.8588562,277.4416504,276.4473877,276.6373291,277.68396,275.4654846,276.3925781,277.2737732,276.048523,276.1312866,276.2868042,276.7069092,276.0505981,275.1767273,15796180,15933404,16200652,15904132,15797404,15823932,15948444,15741868,15682772,15994580,15842740,15832820,16048708,15961692,15989676,86159.84375,86264.34375,84591.9375,86017.28125,86193.71875,86475.65625,84734.21875,84779.8125,86461.4375,84032.65625,83621.09375,85392.125,83755.59375,83417.21875,84531.78125,7773855,7944703,8251775,6866943,7376127,7998239,6489919,7090175,7767455,6548511,7038879,7424095,6917087,7079903,7133407,26448920,26448920,26448920,26396480,26396480,26396480,26344040,26344040,26343716,26290576,26290576,26290576,26238136,26238136,26238136,0.08597741,0.06736646,0.05708203,0.05130086,0.05075154,0.0407351,0.07773576,0.09183107,0.05318628,0.15006243,0.12087999,0.03916345,0.15394293,0.11630044,0.07784639,13.73299694,13.75046825,12.71535778,13.98958874,14.01668835,14.1265974,13.53855419,13.47721386,14.48659801,13.31460094,12.94785595,14.02860546,13.1994276,12.97001171,13.74357128,1.77912629,1.37893188,2.07796502,1.26049602,1.27902532,1.39924634,0.69302577,1.45719612,1.38286531,1.33866525,1.55987239,0.86010259,2.02464223,1.81349099,0.55719668,4.3964777,4.22459221,4.74718761,3.59447455,3.21594596,3.68254781,2.83757567,3.28354359,3.25443935,3.41310072,3.81497335,2.56244636,4.46868181,4.49485207,2.67439151,5.74477863,5.69147921,6.46993303,5.47199106,4.76864672,5.32710218,4.95289612,4.99341583,5.01592922,4.66492176,5.35297489,4.4214325,4.94452238,5.82597685,4.53799868,256.62
2025/1/30 0:45,2.15505147,1.49459004,2.48058248,2.93318868,2.96280599,3.26277852,2.34760213,3.0760262,2.79457784,1.88248372,2.85813069,1.60648274,2.55303121,3.19187093,1.15695882,3.88212776,3.98579597,4.03946114,2.03204536,1.07170284,1.39340389,1.53450191,0.96629506,1.30340755,2.79231453,2.46837044,1.86544979,3.63391304,3.10070992,2.32597542,1.45594931,0.71402133,0.5959183,1.22988272,1.23737478,1.1762557,0.59318697,1.43017721,1.31635427,0.3167206,1.45135641,0.8286835,0.8583771,1.58917379,0.48959506,1.02476406,1.19956875,2.01524258,0.1667318,-0.12938026,0.62608242,0.30021569,-0.10855201,0.00820825,1.27467251,0.54051113,-0.02458289,1.81211758,0.81236172,0.17689416,2.03171015,1.70880365,3.59840631,3.66044855,3.65126276,4.3064599,3.7735467,4.27717829,4.17471552,3.0867486,3.96518183,2.93886042,3.30713129,4.17822504,2.49133539,5.43773127,5.43007135,5.36471796,4.07895136,3.00479364,2.94304132,3.13109064,2.40487909,2.40031672,3.41202021,3.48948908,3.11163568,3.62060785,4.00790644,3.71316767,3980388,4037668,4109284,2661284,3177828,3749988,2033956,2702308,3358820,1999332,2566564,2815588,2252644,2638372,2533028,13704.51563,13595.64063,15178.26563,13837.07813,13659.32813,13379.64063,15058.26563,14999.07813,13387.70313,15724.01563,16106.51563,14392.57813,15974.26563,16293.82813,15210.45313,279.3246155,279.3521423,279.1745606,278.8114929,278.6136475,278.7049255,278.3546448,278.0162354,278.4791565,278.0632935,277.7505493,278.5671692,277.9415588,277.5406494,278.2028809,278.0297852,277.5507507,277.5980225,277.4368897,277.4059448,277.8200073,277.1564026,277.1750794,277.6452637,277.1710815,277.0177002,277.1647339,277.3330994,277.0036621,276.9006043,0,0,0,0,0,0,0,0,0,0,0,0,0,0,0,101764.0625,101753.1094,101719.5625,101772.0313,101759.4297,101730.5156,101791.3672,101754.6563,101712.3984,101783.1328,101744.7188,101700.1484,101755.2188,101739.6641,101711.5781,277.6860962,276.7415161,277.3661194,276.3059998,276.4765015,277.5353394,275.3377075,276.2897339,277.1367188,275.9020996,276.034668,276.143158,276.6244507,275.9625855,275.0501709,15796180,15933404,16200652,15904132,15797404,15823932,15948444,15741868,15682772,15994580,15842740,15832820,16048708,15961692,15989676,86155.60938,86260.82813,84588.78125,86013.17188,86190.07813,86473.23438,84730.07813,84776.21875,86459.53125,84028.57813,83616.95313,85389.40625,83751.92188,83413.23438,84528.23438,7773855,7944703,8251775,6866943,7376127,7998239,6489919,7090175,7767455,6548511,7038879,7424095,6917087,7079903,7133407,26448920,26448920,26448920,26396480,26396480,26396480,26344040,26344040,26343716,26290576,26290576,26290576,26238136,26238136,26238136,0.10322769,0.07938917,0.06240423,0.06512316,0.05577715,0.04682167,0.08572681,0.09995182,0.0574723,0.15547857,0.12862308,0.04089554,0.15218219,0.1185952,0.07241352,13.61870766,13.65695381,12.65603065,13.9233799,13.94190407,14.04918098,13.46025276,13.39708138,14.39969826,13.2512455,12.88498116,13.9592762,13.11992836,12.89828682,13.66629219,1.7804296,1.39599133,2.10150456,1.24113297,1.24412036,1.33250022,0.66483098,1.43429089,1.3163799,1.31343138,1.54873741,0.82904804,2.00513864,1.78477025,0.52057165,4.44017601,4.25680256,4.74030972,3.56830549,3.1506772,3.54785824,2.8046267,3.22423053,3.08359146,3.36760521,3.77647495,2.46184683,4.44109154,4.44999313,2.59782887,5.80489206,5.6925993,6.45977783,5.48057747,4.72868967,5.21604156,4.90340519,4.90690327,4.8155756,4.60107565,5.28196955,4.28009081,4.90366364,5.78972197,4.47150612,264.05
2025/1/30 1:00,2.08640671,1.41709518,2.43345261,2.88175583,2.88669968,3.1174736,2.3395195,3.0237236,2.60715866,1.89158249,2.85056686,1.45884323,2.53928757,3.18119431,1.03898239,3.97160578,4.05040216,4.06065607,2.06102228,1.09111261,1.39177179,1.48704767,0.93498462,1.30333185,2.73161554,2.41844416,1.8629632,3.60985041,3.04747248,2.30101252,1.42651248,0.66580087,0.55193979,1.21157718,1.20391726,1.10333133,0.5827015,1.40652347,1.24984622,0.31198007,1.44637942,0.79882699,0.8536976,1.57479739,0.45178109,1.07028449,1.25003302,2.0534997,0.15774786,-0.11422479,0.62173712,0.26004279,-0.11813104,0.01919806,1.24984992,0.52218878,0.00265753,1.79275763,0.77774298,0.17404425,2.00003338,1.65610027,3.58987713,3.62967205,3.59598064,4.18759441,3.75564861,4.21329021,3.97665691,3.08383465,3.93606853,2.77731609,3.2886076,4.15835857,2.3979826,5.51403427,5.4481163,5.35821152,4.11840439,3.00933456,2.92052841,3.07531357,2.34209824,2.34331894,3.32897568,3.41527939,3.07104111,3.58221054,3.97625351,3.69634628,3980388,4037668,4109284,2661284,3177828,3749988,2033956,2702308,3358820,1999332,2566564,2815588,2252644,2638372,2533028,13704.51563,13595.64063,15178.26563,13837.07813,13659.32813,13379.64063,15058.26563,14999.07813,13387.70313,15724.01563,16106.51563,14392.57813,15974.26563,16293.82813,15210.45313,279.2749939,279.2146912,279.0596008,278.7216797,278.4697571,278.5361023,278.2851868,277.9135132,278.3310547,277.9544067,277.6622315,278.4263306,277.8224793,277.4247131,278.0772095,277.9850159,277.496521,277.5731506,277.3710938,277.3149109,277.7241211,277.1182251,277.1051025,277.546814,277.1118774,276.9581299,277.0759888,277.2790527,276.9368591,276.8397522,0,0,0,0,0,0,0,0,0,0,0,0,0,0,0,101761.0391,101750.8594,101717.375,101768.9766,101757.6172,101731.4375,101787.8125,101752.5313,101714.4219,101779.6406,101741.3828,101700.7266,101752.8828,101737.3359,101711.5156,277.6298218,276.6242065,277.2905884,276.1646118,276.3156738,277.3867188,275.2098999,276.1868897,276.9996948,275.7556763,275.9380493,275.9995117,276.5419922,275.8745728,274.923645,15796180,15933404,16200652,15904132,15797404,15823932,15948444,15741868,15682772,15994580,15842740,15832820,16048708,15961692,15989676,86151.375,86257.3125,84585.625,86009.0625,86186.4375,86470.8125,84725.9375,84772.625,86457.625,84024.5,83612.8125,85386.6875,83748.25,83409.25,84524.6875,7773855,7944703,8251775,6866943,7376127,7998239,6489919,7090175,7767455,6548511,7038879,7424095,6917087,7079903,7133407,26448920,26448920,26448920,26396480,26396480,26396480,26344040,26344040,26343716,26290576,26290576,26290576,26238136,26238136,26238136,0.12047797,0.09141188,0.06772643,0.07894545,0.06080275,0.05290823,0.09371787,0.10807257,0.06175833,0.16089469,0.13636619,0.04262763,0.15042144,0.12088995,0.06698065,13.50441837,13.56343937,12.59670353,13.85717106,13.86711979,13.97176456,13.38195133,13.31694889,14.3127985,13.18789005,12.82210636,13.88994694,13.04042912,12.82656193,13.5890131,1.78338063,1.41628861,2.12638164,1.22180343,1.20932376,1.26645064,0.63809347,1.41147554,1.24999368,1.28819883,1.53775632,0.7988314,1.98564339,1.75638008,0.48414621,4.48628426,4.29114389,4.73398542,3.54292679,3.08602691,3.41404009,2.77212238,3.16498041,2.91478133,3.32262063,3.73826218,2.3661902,4.41350222,4.40534735,2.5247066,5.8655529,5.69426346,6.44962406,5.4896059,4.68904781,5.10543156,4.85411692,4.8205018,4.6157279,4.53785372,5.2112155,4.14062548,4.86283588,5.75348043,4.40605211,263.49
2025/1/30 1:15,1.97357965,1.36850762,2.42064691,2.79467034,2.83272576,3.01573968,2.29300714,2.99279046,2.51717401,1.88777947,2.83760858,1.37117791,2.53411126,3.17208123,0.95479614,4.01284885,4.07040501,4.05149937,2.0554359,1.03160167,1.3106544,1.52215648,0.92486644,1.26513743,2.76123118,2.44874644,1.87190318,3.60536265,3.08845592,2.35017467,1.39508772,0.64385176,0.5382762,1.16464186,1.16599989,1.07078493,0.56035566,1.39073896,1.24835157,0.30126902,1.43636274,0.80012465,0.84232283,1.56764174,0.44769236,1.07933545,1.25398755,2.05075574,0.15401199,-0.13520309,0.58080029,0.27623489,-0.10836288,0.01750687,1.2591145,0.56548047,0.02049759,1.76862073,0.82210279,0.21077469,1.85611367,1.6024363,3.58760476,3.52246499,3.53984475,4.06657791,3.71806741,4.18637466,3.84534097,3.0977366,3.93153787,2.66960549,3.30861306,4.16934586,2.33621621,5.56146383,5.50053549,5.38940573,4.1127944,2.95025778,2.83436728,3.1042037,2.31746054,2.29356527,3.37349081,3.44908285,3.09697104,3.59498739,4.03048849,3.77411032,3980388,4037668,4109284,2661284,3177828,3749988,2033956,2702308,3358820,1999332,2566564,2815588,2252644,2638372,2533028,13704.51563,13595.64063,15178.26563,13837.07813,13659.32813,13379.64063,15058.26563,14999.07813,13387.70313,15724.01563,16106.51563,14392.57813,15974.26563,16293.82813,15210.45313,279.2423096,279.1655579,279.0957336,278.6894836,278.3851929,278.4159851,278.2172546,277.81427,278.2068481,277.9015503,277.611908,278.3033447,277.7759705,277.3609314,277.9074707,277.9480591,277.4820252,277.59552,277.349884,277.2596741,277.6447449,277.081665,277.0427551,277.4620361,277.0847168,276.927948,277.010437,277.2478027,276.8967896,276.7644653,0,0,0,0,0,0,0,0,0,0,0,0,0,0,0,101747.8594,101737.2969,101701.9063,101754.9609,101745.2578,101720.6406,101772.3594,101740.2188,101706.2813,101763.4922,101727.2266,101691.6406,101736.7266,101722.2188,101700.5938,277.5709839,276.5750122,277.2826233,276.0740356,276.2140503,277.2783814,275.138794,276.1007385,276.9046326,275.6950073,275.8876343,275.9075317,276.464325,275.8235474,274.8180542,15796180,15933404,16200652,15904132,15797404,15823932,15948444,15741868,15682772,15994580,15842740,15832820,16048708,15961692,15989676,86138.51563,86244.5,84572.84375,85996.01563,86174.07813,86459.04688,84712.42188,84760.125,86446.4375,84010.53125,83599.625,85374.625,83734.40625,83395.6875,84511.75,7773950,7944622,8251870,6867006,7376134,7998206,6490006,7090190,7767446,6548510,7038902,7424150,6917086,7079902,7133310,26448920,26448920,26448920,26396480,26396480,26396480,26344040,26344040,26343716,26290576,26290576,26290576,26238136,26238136,26238136,0.10630691,0.09188211,0.07738912,0.08099401,0.0611633,0.05609786,0.08750236,0.09499156,0.05978286,0.14815986,0.1310395,0.04358661,0.16751516,0.1325196,0.06644237,13.39951992,13.44567776,12.4632864,13.76128292,13.76364803,13.85874844,13.22965908,13.17697048,14.17286587,13.0708456,12.70641994,13.76521969,12.95987606,12.73937893,13.48200893,1.76386929,1.4096204,2.12022185,1.17478096,1.17381239,1.21815825,0.62474328,1.3949542,1.24847436,1.29465532,1.54366648,0.80038714,1.95896065,1.77012813,0.49482766,4.47190952,4.2942996,4.71955299,3.46914959,3.0147202,3.28823662,2.75224304,3.1324389,2.81722164,3.34486318,3.74811721,2.32037735,4.40685368,4.42726326,2.53672171,5.8630228,5.72919655,6.47430325,5.41505671,4.60809278,4.95688343,4.84356356,4.78501368,4.47739744,4.58000135,5.23002529,4.08876801,4.88578081,5.79898977,4.43867254,280.61
2025/1/30 1:30,1.8607527,1.31992018,2.40784121,2.70758486,2.77875185,2.91400576,2.24649477,2.96185732,2.42718935,1.88397658,2.82465029,1.28351271,2.52893496,3.16296816,0.87060988,4.05409145,4.09040737,4.04234219,2.04984951,0.97209084,1.22953713,1.5572654,0.91474825,1.22694314,2.79084682,2.47904873,1.88084328,3.6008749,3.12943935,2.39933681,1.36366284,0.62190259,0.52461255,1.11770642,1.12808239,1.03823864,0.53800976,1.37495434,1.24685681,0.29055798,1.42634594,0.80142224,0.830948,1.56048596,0.44360363,1.08838654,1.2579422,2.04801178,0.15027612,-0.1561814,0.53986353,0.292427,-0.09859473,0.01581568,1.26837921,0.60877222,0.03833765,1.74448395,0.86646265,0.24750513,1.71219397,1.54877234,3.58533239,3.41525793,3.48370886,3.94556189,3.6804862,4.15945959,3.71402502,3.11163855,3.9270072,2.56189489,3.32861853,4.18033361,2.27444983,5.60889339,5.55295467,5.42059994,4.10718441,2.89118099,2.74820614,3.13309383,2.29282284,2.24381161,3.41800594,3.48288631,3.12290096,3.60776424,4.08472347,3.85187435,3980388,4037668,4109284,2661284,3177828,3749988,2033956,2702308,3358820,1999332,2566564,2815588,2252644,2638372,2533028,13704.51563,13595.64063,15178.26563,13837.07813,13659.32813,13379.64063,15058.26563,14999.07813,13387.70313,15724.01563,16106.51563,14392.57813,15974.26563,16293.82813,15210.45313,279.2096558,279.116394,279.131897,278.6572876,278.3005981,278.2958374,278.149292,277.7150269,278.0826416,277.8486939,277.5615845,278.1803284,277.7294312,277.2971802,277.7377625,277.9110718,277.4675293,277.6178894,277.3286743,277.2044678,277.5653687,277.045105,276.9804077,277.3772583,277.0575562,276.8977661,276.9448547,277.2165527,276.8566895,276.689148,0,0,0,0,0,0,0,0,0,0,0,0,0,0,0,101734.6875,101723.7344,101686.4375,101740.9453,101732.8906,101709.8359,101756.9141,101727.9141,101698.1406,101747.3438,101713.0703,101682.5469,101720.5625,101707.1016,101689.6641,277.5121155,276.5258179,277.2746582,275.98349,276.1124268,277.1700745,275.067688,276.0145874,276.8095703,275.6343689,275.8371887,275.8155518,276.3866577,275.7725525,274.7124329,15796180,15933404,16200652,15904132,15797404,15823932,15948444,15741868,15682772,15994580,15842740,15832820,16048708,15961692,15989676,86125.65625,86231.6875,84560.0625,85982.96875,86161.71875,86447.28125,84698.90625,84747.625,86435.25,83996.5625,83586.4375,85362.5625,83720.5625,83382.125,84498.8125,7774044.5,7944540.5,8251964.5,6867068.5,7376140.5,7998172.5,6490092.5,7090204.5,7767436.5,6548508.5,7038924.5,7424204.5,6917084.5,7079900.5,7133212.5,26448920,26448920,26448920,26396480,26396480,26396480,26344040,26344040,26343716,26290576,26290576,26290576,26238136,26238136,26238136,0.09213585,0.09235233,0.08705181,0.08304256,0.06152385,0.05928749,0.08128685,0.08191055,0.05780739,0.13542503,0.12571281,0.04454559,0.18460888,0.14414924,0.06590408,13.29462051,13.32791519,12.32986832,13.66539383,13.66017532,13.74573135,13.07736588,13.03699112,14.03293228,12.9538002,12.59073257,13.64049149,12.87932205,12.65219498,13.37500381,1.74475253,1.40327525,2.11413598,1.12776351,1.13884258,1.17021036,0.61234635,1.37848485,1.24695706,1.30123389,1.55082762,0.80233872,1.93227816,1.78490162,0.50797927,4.46072388,4.29809523,4.70512819,3.39601207,2.94387865,3.16278219,2.73346186,3.09989738,2.71967602,3.3672235,3.75823522,2.27705431,4.40020609,4.44946718,2.55240655,5.86440897,5.76489401,6.49903917,5.34162426,4.52715731,4.80833578,4.83345175,4.74954081,4.33920193,4.6222353,5.24898863,4.03928375,4.90873337,5.84466887,4.4732604,284.59
2025/1/30 1:45,1.74792576,1.27133274,2.39503574,2.62049961,2.72477818,2.81227207,2.19998264,2.93092442,2.33720493,1.88017368,2.81169224,1.19584751,2.52375889,3.15385532,0.78642362,4.09533405,4.11040974,4.03318501,2.04426336,0.91257989,1.14841986,1.59237432,0.90463006,1.18874884,2.8204627,2.50935125,1.88978338,3.59638739,3.17042303,2.4484992,1.33223796,0.59995341,0.5109489,1.07077098,1.0901649,1.00569224,0.51566386,1.35916972,1.24536204,0.27984694,1.41632915,0.80271983,0.81957316,1.55333018,0.43951491,1.0974375,1.26189673,2.04526758,0.14654025,-0.1771597,0.49892673,0.30861911,-0.08882657,0.01412448,1.2776438,0.65206397,0.05617771,1.72034705,0.91082251,0.28423557,1.56827426,1.49510837,3.58306003,3.30805087,3.42757297,3.82454562,3.642905,4.13254452,3.58270907,3.12554049,3.92247653,2.45418429,3.34862399,4.19132137,2.21268344,5.65632296,5.60537386,5.45179415,4.10157442,2.83210421,2.662045,3.16198397,2.26818514,2.19405794,3.46252108,3.51668978,3.14883089,3.6205411,4.13895845,3.92963839,3980388,4037668,4109284,2661284,3177828,3749988,2033956,2702308,3358820,1999332,2566564,2815588,2252644,2638372,2533028,13704.51563,13595.64063,15178.26563,13837.07813,13659.32813,13379.64063,15058.26563,14999.07813,13387.70313,15724.01563,16106.51563,14392.57813,15974.26563,16293.82813,15210.45313,279.1769714,279.0672607,279.1680298,278.6250916,278.2160339,278.1757202,278.0813599,277.6157837,277.9584351,277.7958374,277.511261,278.057312,277.6829224,277.2333984,277.5680542,277.874115,277.4530029,277.6402588,277.3074341,277.149231,277.4859619,277.0085754,276.9180603,277.2924805,277.0303955,276.8676148,276.8792725,277.1853333,276.8165894,276.6138611,0,0,0,0,0,0,0,0,0,0,0,0,0,0,0,101721.5156,101710.1719,101670.9688,101726.9297,101720.5313,101699.0313,101741.4688,101715.6094,101689.9922,101731.2031,101698.9141,101673.4609,101704.4063,101691.9844,101678.7344,277.4532471,276.4766235,277.2666931,275.8929443,276.0108032,277.0617676,274.996582,275.9284363,276.7145081,275.5737305,275.7867432,275.7235718,276.3089905,275.7215576,274.6068115,15796180,15933404,16200652,15904132,15797404,15823932,15948444,15741868,15682772,15994580,15842740,15832820,16048708,15961692,15989676,86112.79688,86218.875,84547.28125,85969.92188,86149.35938,86435.51563,84685.39063,84735.125,86424.0625,83982.59375,83573.25,85350.5,83706.71875,83368.5625,84485.875,7774139,7944459,8252059,6867131,7376147,7998139,6490179,7090219,7767427,6548507,7038947,7424259,6917083,7079899,7133115,26448920,26448920,26448920,26396480,26396480,26396480,26344040,26344040,26343716,26290576,26290576,26290576,26238136,26238136,26238136,0.07796478,0.09282255,0.0967145,0.08509111,0.06188441,0.06247712,0.07507133,0.06882954,0.05583191,0.12269021,0.12038613,0.04550457,0.20170259,0.15577888,0.06536579,13.18972206,13.21015358,12.19645119,13.56950569,13.55670357,13.63271523,12.92507362,12.89701271,13.89299965,12.83675575,12.47504616,13.51576424,12.798769,12.56501198,13.26799965,1.72604382,1.39725709,2.10812426,1.0807519,1.10446596,1.12265074,0.60096169,1.36206925,1.24544215,1.30793273,1.55922282,0.80468321,1.90559554,1.80067551,0.52341497,4.45275259,4.30252886,4.69071198,3.3235569,2.87353754,3.03771996,2.71580195,3.06735611,2.62214613,3.38969946,3.76861477,2.2363658,4.39355898,4.47195578,2.57169414,5.86970854,5.80134153,6.52383184,5.26935625,4.44624233,4.65978909,4.82378483,4.71408415,4.20115376,4.66455317,5.26810503,3.99226213,4.93169355,5.89051342,4.50976992,278.87
2025/1/30 2:00,1.6350987,1.22274518,2.38223004,2.53341413,2.67080426,2.71053815,2.15347028,2.89999127,2.24722028,1.87637067,2.79873395,1.10818219,2.51858258,3.14474225,0.70223737,4.13657713,4.13041258,4.0240283,2.03867698,0.85306901,1.06730247,1.62748313,0.89451188,1.15055442,2.85007834,2.53965354,1.89872336,3.59189963,3.21140647,2.49766135,1.3008132,0.5780043,0.49728531,1.02383566,1.05224752,0.9731459,0.49331802,1.34338522,1.2438674,0.26913589,1.40631247,0.80401748,0.80819839,1.54617453,0.43542618,1.10648847,1.26585126,2.04252362,0.14280438,-0.198138,0.45798993,0.32481122,-0.07905841,0.01243329,1.28690839,0.69535565,0.07401776,1.69621015,0.95518231,0.32096601,1.42435455,1.4414444,3.58078766,3.20084381,3.37143707,3.70352936,3.60532379,4.10562897,3.45139313,3.13944244,3.91794586,2.34647369,3.36862946,4.20230865,2.15091705,5.70375252,5.65779305,5.48298836,4.09596443,2.77302742,2.57588387,3.1908741,2.24354744,2.14430428,3.50703621,3.55049324,3.17476082,3.63331795,4.19319344,4.00740242,3980388,4037668,4109284,2661284,3177828,3749988,2033956,2702308,3358820,1999332,2566564,2815588,2252644,2638372,2533028,13704.51563,13595.64063,15178.26563,13837.07813,13659.32813,13379.64063,15058.26563,14999.07813,13387.70313,15724.01563,16106.51563,14392.57813,15974.26563,16293.82813,15210.45313,279.1442871,279.0181274,279.2041626,278.5928955,278.1314697,278.055603,278.0134277,277.5165405,277.8342285,277.742981,277.4609375,277.9343262,277.6364136,277.1696167,277.3983154,277.8371582,277.4385071,277.6626282,277.2862244,277.0939941,277.4065857,276.9720154,276.8557129,277.2077026,277.0032349,276.8374329,276.8137207,277.1540833,276.7765198,276.5385742,0,0,0,0,0,0,0,0,0,0,0,0,0,0,0,101708.3359,101696.6094,101655.5,101712.9141,101708.1719,101688.2344,101726.0156,101703.2969,101681.8516,101715.0547,101684.7578,101664.375,101688.25,101676.8672,101667.8125,277.3944092,276.4274292,277.258728,275.8023682,275.9091797,276.9534302,274.9254761,275.8422852,276.6194458,275.5130615,275.7363281,275.6315918,276.2313232,275.6705322,274.5012207,15796180,15933404,16200652,15904132,15797404,15823932,15948444,15741868,15682772,15994580,15842740,15832820,16048708,15961692,15989676,86099.9375,86206.0625,84534.5,85956.875,86137,86423.75,84671.875,84722.625,86412.875,83968.625,83560.0625,85338.4375,83692.875,83355,84472.9375,7774234,7944378,8252154,6867194,7376154,7998106,6490266,7090234,7767418,6548506,7038970,7424314,6917082,7079898,7133018,26448920,26448920,26448920,26396480,26396480,26396480,26344040,26344040,26343716,26290576,26290576,26290576,26238136,26238136,26238136,0.06379373,0.09329278,0.10637719,0.08713967,0.06224496,0.06566674,0.06885583,0.05574853,0.05385644,0.10995538,0.11505944,0.04646356,0.21879631,0.16740853,0.06482751,13.08482361,13.09239197,12.06303406,13.47361755,13.45323181,13.5196991,12.77278137,12.7570343,13.75306702,12.7197113,12.35935974,13.39103699,12.71821594,12.47782898,13.16099548,1.70775628,1.39157045,2.10218811,1.03374684,1.07073975,1.07553136,0.59064794,1.34570956,1.24392951,1.31474996,1.56883216,0.80741733,1.87891281,1.8174237,0.54093909,4.44801283,4.30759954,4.67630482,3.25182867,2.80373359,2.9131,2.69928432,3.03481483,2.52463341,3.41228867,3.77925277,2.19845819,4.38691235,4.49472332,2.59450364,5.87890959,5.83852625,6.54867935,5.19830036,4.36534882,4.51124239,4.81456518,4.67864227,4.06326914,4.70695257,5.28737211,3.94778991,4.95466089,5.93651962,4.54815531,287.07
2025/1/30 2:15,1.58274782,1.21392763,2.36329603,2.42726088,2.60880995,2.62577772,2.09999037,2.87501478,2.17475843,1.88273561,2.80892897,1.06933534,2.53085279,3.14990187,0.67393434,4.06281281,3.99816132,3.85260773,2.04558563,0.80989844,0.94646466,1.67296612,0.92244726,1.08779156,2.78974152,2.52420807,1.86797345,3.4159317,3.12110138,2.47837067,1.28914213,0.56459379,0.45868254,0.97301054,1.01208067,0.92951536,0.48298979,1.32792234,1.20948362,0.29274321,1.40411711,0.7866168,0.82929564,1.54107237,0.41262388,1.06174612,1.19288778,1.95185232,0.12877034,-0.20997478,0.4254241,0.31254721,-0.08214428,-0.00014354,1.24784231,0.67531729,0.06137227,1.6057601,0.9218688,0.31163931,1.33419847,1.38977098,3.53022814,3.04480028,3.28241014,3.59002733,3.49385118,4.04402208,3.30517626,3.10704088,3.89537096,2.24113512,3.36163378,4.19227648,2.11694384,5.62461996,5.54034567,5.28132772,4.07838583,2.75151205,2.46800375,3.23639059,2.29943991,2.1240859,3.47419882,3.53289938,3.14636374,3.47871542,4.06900167,3.96051168,3980388,4037668,4109284,2661284,3177828,3749988,2033956,2702308,3358820,1999332,2566564,2815588,2252644,2638372,2533028,13704.51563,13595.64063,15178.26563,13837.07813,13659.32813,13379.64063,15058.26563,14999.07813,13387.70313,15724.01563,16106.51563,14392.57813,15974.26563,16293.82813,15210.45313,279.034729,278.9406128,279.0547791,278.5232239,278.0267029,277.927002,277.9469605,277.4190979,277.7309265,277.6791992,277.4120789,277.8349915,277.5386963,277.1098633,277.2928162,277.7412109,277.3907166,277.5946045,277.2384033,277.0279236,277.3094788,276.9343567,276.796875,277.1304932,276.9581909,276.8067322,276.7493897,277.0899048,276.7415161,276.4892578,0,0,0,0,0,0,0,0,0,0,0,0,0,0,0,101680.4844,101667.7969,101625.9844,101683.9141,101680.4609,101662.4063,101696.3984,101676.1094,101658.2422,101687.7656,101659.1406,101642.0625,101662.2891,101651.8125,101645.5469,277.2352905,276.236023,277.1256104,275.6283569,275.7373047,276.7990418,274.7828369,275.7189941,276.5087891,275.396698,275.6777954,275.5263672,276.1381836,275.6295166,274.4069214,15796214,15933506,16200780,15904134,15797524,15823946,15948398,15741914,15682670,15994566,15842632,15832862,16048624,15961742,15989708,86075.17188,86181.28125,84510.35938,85932.45313,86112.96875,86400.25,84647.85938,84699.04688,86389.89063,83945.57813,83537.20313,85315.84375,83670.53125,83332.4375,84450.4375,7774234,7944378,8252154,6867194,7376154,7998106,6490266,7090234,7767418,6548506,7038970,7424314,6917082,7079898,7133018,26448920,26448920,26448920,26396480,26396480,26396480,26344040,26344040,26343716,26290576,26290576,26290576,26238136,26238136,26238136,0.07521131,0.08484771,0.0911658,0.09317949,0.055815,0.06545665,0.06815746,0.0573261,0.04765059,0.09143379,0.09707763,0.040046,0.18648221,0.14084269,0.05961587,12.9300766,12.95259857,11.92601776,13.3894043,13.39237976,13.46131897,12.67251587,12.61489105,13.56306458,12.51499176,12.14028931,13.15511322,12.58894348,12.31761932,12.97241211,1.67008746,1.31975281,2.005023,0.98149443,1.03363276,1.02224481,0.57529551,1.33046067,1.20948362,1.28172112,1.55807519,0.78900731,1.80726218,1.79575789,0.51708561,4.36022234,4.17838669,4.51970768,3.17427397,2.7316339,2.79114747,2.68491626,3.01937389,2.43163824,3.36561298,3.7764678,2.15239477,4.2513299,4.43431568,2.568367,5.78069496,5.7119956,6.35255337,5.08960104,4.28311062,4.35652828,4.76248074,4.65204668,3.928859,4.66087532,5.25883007,3.86293817,4.8375659,5.84225607,4.49077988,327.54
2025/1/30 2:30,1.53039694,1.20511007,2.34436178,2.32110739,2.5468154,2.54101706,2.04651022,2.85003805,2.10229635,1.88910055,2.81912374,1.03048849,2.54312277,3.15506124,0.64563137,3.98904848,3.86591005,3.68118715,2.05249453,0.76672792,0.82562685,1.71844912,0.95038271,1.02502871,2.72940493,2.50876284,1.83722353,3.23996401,3.03079653,2.45908022,1.27747107,0.55118322,0.42007974,0.92218548,0.97191387,0.88588476,0.47266153,1.31245947,1.17509985,0.31635049,1.40192175,0.76921606,0.85039282,1.53597021,0.38982156,1.01700377,1.11992431,1.86118102,0.11473629,-0.22181156,0.39285824,0.30028316,-0.08523014,-0.01272038,1.20877624,0.65527892,0.04872677,1.51531005,0.88855529,0.30231258,1.2440424,1.33809757,3.47966862,2.88875675,3.19338322,3.47652531,3.38237858,3.9824152,3.15895939,3.07463932,3.87279606,2.13579655,3.3546381,4.1822443,2.08297062,5.5454874,5.42289829,5.07966709,4.06080723,2.72999668,2.36012363,3.28190708,2.35533237,2.10386753,3.44136143,3.51530552,3.11796665,3.32411289,3.94480991,3.91362095,3980388,4037668,4109284,2661284,3177828,3749988,2033956,2702308,3358820,1999332,2566564,2815588,2252644,2638372,2533028,13704.51563,13595.64063,15178.26563,13837.07813,13659.32813,13379.64063,15058.26563,14999.07813,13387.70313,15724.01563,16106.51563,14392.57813,15974.26563,16293.82813,15210.45313,278.9252014,278.8631287,278.9053955,278.4535523,277.921936,277.7984009,277.8804932,277.3216553,277.6276245,277.615448,277.3632202,277.7356567,277.440979,277.0501099,277.1873169,277.6452637,277.342926,277.5265808,277.1906128,276.961853,277.2123413,276.896698,276.7380371,277.0532837,276.913147,276.7760315,276.6850586,277.0257568,276.7064819,276.4399109,0,0,0,0,0,0,0,0,0,0,0,0,0,0,0,101652.625,101638.9844,101596.4766,101654.9219,101652.75,101636.5859,101666.7813,101648.9219,101634.625,101660.4844,101633.5234,101619.7578,101636.3281,101626.7656,101623.2813,277.0761414,276.0445862,276.9924927,275.4543152,275.5654297,276.6446533,274.6401978,275.5957031,276.3981628,275.2803345,275.6192627,275.4211121,276.045044,275.5885315,274.3125916,15796248,15933608,16200908,15904136,15797644,15823960,15948352,15741960,15682568,15994552,15842524,15832904,16048540,15961792,15989740,86050.40625,86156.5,84486.21875,85908.03125,86088.9375,86376.75,84623.84375,84675.46875,86366.90625,83922.53125,83514.34375,85293.25,83648.1875,83309.875,84427.9375,7774234,7944378,8252154,6867194,7376154,7998106,6490266,7090234,7767418,6548506,7038970,7424314,6917082,7079898,7133018,26448920,26448920,26448920,26396480,26396480,26396480,26344040,26344040,26343716,26290576,26290576,26290576,26238136,26238136,26238136,0.08662888,0.07640263,0.07595441,0.09921929,0.04938504,0.06524655,0.06745908,0.05890366,0.04144475,0.07291219,0.07909581,0.03362843,0.1541681,0.11427686,0.05440423,12.77533054,12.81280613,11.78900242,13.30519199,13.33152866,13.4029398,12.57225132,12.47274876,13.37306309,12.31027317,11.92121983,12.91919041,12.45967197,12.15741062,12.78382969,1.63285911,1.2482121,1.9079994,0.92929572,0.99690366,0.96908689,0.55998117,1.31522393,1.17516863,1.24948692,1.54750609,0.77075785,1.73762262,1.77446759,0.49330899,4.27254295,4.04938889,4.36430645,3.09843087,2.65972567,2.67178345,2.67231584,3.00432086,2.33887458,3.3193903,3.77377129,2.10648918,4.11883974,4.37494421,2.54242325,5.68331528,5.58554649,6.15719986,4.98347998,4.20125914,4.20195341,4.7128973,4.62679386,3.79542923,4.6147995,5.23028898,3.77933097,4.72263908,5.74914694,4.4334178,357
2025/1/30 2:45,1.47804618,1.19629264,2.32542777,2.21495414,2.48482108,2.45625663,1.99303031,2.82506156,2.02983451,1.89546561,2.82931876,0.99164176,2.55539298,3.16022086,0.61732841,3.91528392,3.73365855,3.50976634,2.05940342,0.72355735,0.70478904,1.76393211,0.9783181,0.96226585,2.66906834,2.4933176,1.80647361,3.06399632,2.94049168,2.43978977,1.26580012,0.53777272,0.38147694,0.87136042,0.93174708,0.84225422,0.46233326,1.29699671,1.1407162,0.33995777,1.39972651,0.75181538,0.87149006,1.53086817,0.36701924,0.97226137,1.04696083,1.77050972,0.10070224,-0.23364834,0.36029238,0.28801912,-0.08831601,-0.02529721,1.16971016,0.6352405,0.03608127,1.42486,0.85524172,0.29298586,1.15388632,1.28642416,3.4291091,2.73271322,3.10435629,3.36302328,3.27090597,3.92080832,3.01274252,3.04223776,3.85022116,2.03045797,3.34764242,4.17221212,2.0489974,5.46635485,5.30545092,4.87800646,4.04322863,2.70848131,2.25224352,3.32742357,2.41122484,2.08364916,3.40852404,3.49771166,3.08956957,3.16951036,3.82061815,3.86673021,3980388,4037668,4109284,2661284,3177828,3749988,2033956,2702308,3358820,1999332,2566564,2815588,2252644,2638372,2533028,13704.51563,13595.64063,15178.26563,13837.07813,13659.32813,13379.64063,15058.26563,14999.07813,13387.70313,15724.01563,16106.51563,14392.57813,15974.26563,16293.82813,15210.45313,278.8156738,278.7856445,278.756012,278.3838806,277.8171387,277.6698303,277.8140259,277.2242127,277.5243225,277.5516968,277.3143311,277.636322,277.3432922,276.9903565,277.0818176,277.5493164,277.2951355,277.4585571,277.1427918,276.8957825,277.1152344,276.8590393,276.6792297,276.9760437,276.868103,276.7453308,276.6207581,276.9616089,276.6714478,276.390564,0,0,0,0,0,0,0,0,0,0,0,0,0,0,0,101624.7734,101610.1641,101566.9688,101625.9219,101625.0469,101610.7656,101637.1563,101621.7422,101611.0156,101633.1953,101607.9063,101597.4531,101610.3672,101601.7109,101601.0156,276.9169922,275.8531494,276.859375,275.2802734,275.3935547,276.4902649,274.4975586,275.4724121,276.2875366,275.163971,275.56073,275.3158569,275.9519043,275.5475464,274.2182617,15796281,15933709,16201035,15904137,15797763,15823973,15948305,15742005,15682465,15994537,15842415,15832945,16048455,15961841,15989771,86025.64063,86131.71875,84462.07813,85883.60938,86064.90625,86353.25,84599.82813,84651.89063,86343.92188,83899.48438,83491.48438,85270.65625,83625.84375,83287.3125,84405.4375,7774234,7944378,8252154,6867194,7376154,7998106,6490266,7090234,7767418,6548506,7038970,7424314,6917082,7079898,7133018,26448920,26448920,26448920,26396480,26396480,26396480,26344040,26344040,26343716,26290576,26290576,26290576,26238136,26238136,26238136,0.09804647,0.06795757,0.06074302,0.10525911,0.04295509,0.06503646,0.0667607,0.06048124,0.03523891,0.05439059,0.061114,0.02721088,0.12185399,0.08771102,0.04919259,12.62058449,12.67301369,11.65198708,13.22097969,13.27067757,13.34456062,12.47198677,12.33060646,13.1830616,12.10555458,11.70215034,12.68326759,12.33040047,11.99720192,12.59524727,1.59610212,1.17699897,1.8111403,0.87716019,0.96059573,0.91608012,0.54470825,1.30000007,1.14099669,1.21811044,1.53712881,0.75268072,1.67024577,1.75356662,0.46962094,4.18498135,3.92062783,4.21023464,3.02442789,2.58802462,2.55537152,2.66150832,2.98966193,2.24637127,3.27363944,3.77116394,2.06075239,3.98975015,4.3166523,2.51667809,5.58681393,5.45918465,5.96269512,4.88010454,4.11981773,4.04753351,4.66589451,4.60290575,3.66308761,4.56872511,5.20174885,3.69705272,4.610044,5.65724993,4.3760705,335.9
2025/1/30 3:00,1.4256953,1.18747509,2.30649376,2.10880089,2.42282677,2.3714962,1.93955028,2.80008507,1.95737255,1.90183055,2.83951378,0.95279491,2.56766319,3.16538048,0.58902538,3.84151959,3.60140729,3.33834577,2.06631207,0.68038678,0.58395123,1.8094151,1.00625348,0.89950299,2.60873151,2.47787213,1.7757237,2.88802838,2.85018659,2.42049909,1.25412905,0.52436221,0.34287417,0.8205353,0.89158022,0.79862368,0.45200503,1.28153384,1.10633242,0.36356509,1.39753115,0.7344147,0.8925873,1.52576602,0.34421694,0.92751902,0.97399729,1.67983842,0.08666819,-0.24548513,0.32772654,0.27575511,-0.09140188,-0.03787404,1.13064408,0.61520213,0.02343577,1.33440995,0.8219282,0.28365916,1.06373024,1.23475075,3.37854958,2.57666969,3.01532936,3.24952126,3.15943336,3.85920143,2.86652565,3.0098362,3.82764626,1.9251194,3.34064674,4.16217995,2.01502419,5.38722229,5.18800354,4.67634583,4.02565002,2.68696594,2.1443634,3.37294006,2.46711731,2.06343079,3.37568665,3.4801178,3.06117249,3.01490784,3.69642639,3.81983948,3980388,4037668,4109284,2661284,3177828,3749988,2033956,2702308,3358820,1999332,2566564,2815588,2252644,2638372,2533028,13704.51563,13595.64063,15178.26563,13837.07813,13659.32813,13379.64063,15058.26563,14999.07813,13387.70313,15724.01563,16106.51563,14392.57813,15974.26563,16293.82813,15210.45313,278.7061157,278.7081299,278.6066284,278.314209,277.7123718,277.5412293,277.7475586,277.12677,277.4210205,277.487915,277.2654724,277.5369873,277.245575,276.930603,276.9763184,277.4533691,277.247345,277.3905335,277.0949707,276.8297119,277.0181274,276.8213806,276.6203919,276.8988342,276.8230591,276.7146301,276.556427,276.8974304,276.6364441,276.3412476,0,0,0,0,0,0,0,0,0,0,0,0,0,0,0,101596.9219,101581.3516,101537.4531,101596.9219,101597.3359,101584.9375,101607.5391,101594.5547,101587.4063,101605.9063,101582.2891,101575.1406,101584.4063,101576.6563,101578.75,276.7578735,275.6617432,276.7262573,275.1062622,275.2216797,276.3358765,274.3549194,275.3491211,276.1768799,275.0476074,275.5021973,275.2106323,275.8587647,275.5065308,274.1239624,15796315,15933811,16201163,15904139,15797883,15823987,15948259,15742051,15682363,15994523,15842307,15832987,16048371,15961891,15989803,86000.875,86106.9375,84437.9375,85859.1875,86040.875,86329.75,84575.8125,84628.3125,86320.9375,83876.4375,83468.625,85248.0625,83603.5,83264.75,84382.9375,7774234,7944378,8252154,6867194,7376154,7998106,6490266,7090234,7767418,6548506,7038970,7424314,6917082,7079898,7133018,26448920,26448920,26448920,26396480,26396480,26396480,26344040,26344040,26343716,26290576,26290576,26290576,26238136,26238136,26238136,0.10946405,0.05951249,0.04553163,0.11129892,0.03652513,0.06482637,0.06606233,0.0620588,0.02903306,0.035869,0.04313218,0.02079332,0.08953989,0.06114518,0.04398095,12.46583748,12.53322029,11.51497078,13.13676643,13.20982552,13.2861805,12.37172127,12.18846321,12.99305916,11.90083504,11.48307991,12.44734383,12.20112801,11.83699226,12.40666389,1.55984974,1.1061765,1.71447372,0.82509971,0.92475849,0.86325228,0.52948034,1.2847892,1.10698044,1.18765974,1.52694702,0.73478854,1.60541642,1.73306894,0.44603565,4.09754562,3.79212761,4.05764294,2.95240355,2.5165484,2.4423337,2.65251541,2.97540283,2.15416169,3.22838044,3.76864552,2.01519537,3.86440182,4.25948286,2.49113774,5.49123716,5.33291578,5.76912546,4.77965307,4.03881121,3.89328694,4.62155199,4.58040428,3.53195643,4.5226512,5.17320967,3.61619449,4.49995422,5.56662464,4.31873751,315.88
2025/1/30 3:15,1.45191109,1.23174202,2.38365865,2.08803487,2.4026711,2.36026692,1.95439827,2.77909017,1.89643013,1.92494881,2.83910298,0.9286567,2.52651143,3.12285542,0.56363595,3.89048243,3.60293055,3.28547144,2.12519312,0.73391199,0.60489893,1.84826136,1.05573511,0.90658045,2.6643014,2.5233407,1.75879908,2.94733667,2.90282679,2.44674158,1.26337564,0.53540933,0.36206186,0.83596933,0.88695657,0.78683603,0.48790109,1.27892435,1.08260477,0.38052499,1.39177072,0.7269758,0.87130868,1.49232614,0.34009683,0.96078241,0.96866357,1.65470648,0.10919705,-0.22074375,0.34868374,0.30518094,-0.0552164,-0.01699314,1.16663122,0.64528406,0.02704373,1.36140966,0.84616601,0.29853573,1.06909871,1.22945333,3.42871785,2.5492928,2.99890828,3.22998738,3.12181783,3.83064961,2.76221395,2.98720479,3.82755208,1.85309529,3.31587911,4.151618,1.96704793,5.44069576,5.23021603,4.64333248,4.07094479,2.74510837,2.14990878,3.37802768,2.49390292,2.05708957,3.42146945,3.51563144,3.05649447,3.10904574,3.76033664,3.8530643,3980388,4037668,4109284,2661284,3177828,3749988,2033956,2702308,3358820,1999332,2566564,2815588,2252644,2638372,2533028,13704.51563,13595.64063,15178.26563,13837.07813,13659.32813,13379.64063,15058.26563,14999.07813,13387.70313,15724.01563,16106.51563,14392.57813,15974.26563,16293.82813,15210.45313,278.6590271,278.6347351,278.5201416,278.2545776,277.6426697,277.4526367,277.6755066,277.0905151,277.3568726,277.4066162,277.1851807,277.444519,277.1481323,276.8043213,276.8492737,277.4107666,277.208313,277.3261414,277.0547791,276.7943115,276.9500732,276.7917175,276.6029053,276.8276978,276.7823486,276.6659851,276.4736023,276.8246155,276.5510864,276.2624817,0,0,0,0,0,0,0,0,0,0,0,0,0,0,0,101581.2969,101565.6406,101521.1719,101580.4609,101580.7188,101570.1094,101589.5781,101576.7109,101573.0781,101585.6328,101562.5703,101558.1563,101563.2266,101557.4375,101561.9375,276.6898804,275.5388184,276.5979004,275.0427246,275.1392517,276.243042,274.3053589,275.2987671,276.0846252,274.9317017,275.3792725,275.0594482,275.7458496,275.3757324,273.972168,15796315,15933811,16201163,15904139,15797883,15823987,15948259,15742051,15682363,15994523,15842307,15832987,16048371,15961891,15989803,85987.03125,86093.07813,84423.45313,85845.20313,86026.53125,86315.3125,84561.17188,84613.42188,86306,83860.25,83452.45313,85232.21875,83586.29688,83247.95313,84366.40625,7774234,7944378,8252154,6867194,7376154,7998106,6490266,7090234,7767418,6548506,7038970,7424314,6917082,7079898,7133018,26448920,26448920,26448920,26396480,26396480,26396480,26344040,26344040,26343716,26290576,26290576,26290576,26238136,26238136,26238136,0.10464014,0.06243766,0.05260433,0.10592093,0.04767812,0.08251776,0.06575502,0.06465544,0.03246845,0.03447546,0.04136003,0.02105964,0.07978167,0.05382122,0.04049934,12.59112644,12.62150669,11.56050205,13.13716221,13.19368839,13.23626041,12.3853693,12.19158268,12.97789097,11.87169743,11.43536472,12.35231876,12.085145,11.70959568,12.25943851,1.58720541,1.1067847,1.69385421,0.84307098,0.91401303,0.86063427,0.57548493,1.28011584,1.08273816,1.22712171,1.53408515,0.72747862,1.61635864,1.71552742,0.45253667,4.1525774,3.80766296,4.05908251,2.9793179,2.51226091,2.43654728,2.68993354,2.97286367,2.10198379,3.28693318,3.79838848,1.98891366,3.88201666,4.2636404,2.51082253,5.5447402,5.37277508,5.77205706,4.80327845,4.0655961,3.88006783,4.5996542,4.57093287,3.44404459,4.54200888,5.1970973,3.57436991,4.54546165,5.60143423,4.32612801,307.72
2025/1/30 3:30,1.47812676,1.27600884,2.46082354,2.06726885,2.38251543,2.34903765,1.96924615,2.75809526,1.8354876,1.94806695,2.83869219,0.90451843,2.48535967,3.08033037,0.53824645,3.9394455,3.6044538,3.23259711,2.18407416,0.7874372,0.62584662,1.88710761,1.10521674,0.9136579,2.71987128,2.56880927,1.74187446,3.00664496,2.95546699,2.47298408,1.27262235,0.54645646,0.38124958,0.85140336,0.88233292,0.77504838,0.52379715,1.27631497,1.05887723,0.39748493,1.38601041,0.7195369,0.85003006,1.45888638,0.33597675,0.99404585,0.96332991,1.62957442,0.13172591,-0.19600236,0.36964095,0.33460677,-0.01903093,0.00388777,1.20261824,0.67536604,0.03065169,1.38840926,0.87040389,0.31341231,1.07446718,1.2241559,3.47888613,2.52191591,2.9824872,3.21045351,3.08420229,3.8020978,2.65790224,2.96457338,3.8274579,1.78107119,3.29111147,4.14105654,1.91907167,5.49416876,5.27242804,4.61031866,4.11623907,2.80325079,2.15545416,3.38311529,2.52068853,2.05074835,3.46725225,3.55114508,3.05181646,3.20318365,3.82424688,3.88628912,3980388,4037668,4109284,2661284,3177828,3749988,2033956,2702308,3358820,1999332,2566564,2815588,2252644,2638372,2533028,13704.51563,13595.64063,15178.26563,13837.07813,13659.32813,13379.64063,15058.26563,14999.07813,13387.70313,15724.01563,16106.51563,14392.57813,15974.26563,16293.82813,15210.45313,278.6119385,278.5613403,278.4336243,278.1949768,277.5729981,277.3640747,277.6034546,277.0542603,277.2926941,277.3252869,277.1049194,277.3520813,277.0507202,276.6780396,276.722229,277.3681641,277.1693115,277.2617798,277.0145874,276.7589111,276.882019,276.762085,276.5854187,276.7565918,276.7416382,276.6173096,276.3908081,276.7518005,276.4657593,276.1837158,0,0,0,0,0,0,0,0,0,0,0,0,0,0,0,101565.6641,101549.9219,101504.8906,101564,101564.1016,101555.2813,101571.6094,101558.875,101558.7578,101565.3594,101542.8594,101541.1719,101542.0469,101538.2109,101545.1172,276.6218872,275.415863,276.469574,274.9792175,275.0568237,276.150177,274.2558289,275.2483826,275.9923706,274.8157654,275.2563782,274.9082642,275.6329651,275.2449341,273.8204041,15796315,15933811,16201163,15904139,15797883,15823987,15948259,15742051,15682363,15994523,15842307,15832987,16048371,15961891,15989803,85973.1875,86079.21875,84408.96875,85831.21875,86012.1875,86300.875,84546.53125,84598.53125,86291.0625,83844.0625,83436.28125,85216.375,83569.09375,83231.15625,84349.875,7774234,7944378,8252154,6867194,7376154,7998106,6490266,7090234,7767418,6548506,7038970,7424314,6917082,7079898,7133018,26448920,26448920,26448920,26396480,26396480,26396480,26344040,26344040,26343716,26290576,26290576,26290576,26238136,26238136,26238136,0.09981623,0.06536284,0.05967703,0.10054293,0.05883113,0.10020915,0.06544772,0.06725207,0.03590384,0.03308192,0.03958789,0.02132597,0.07002345,0.04649726,0.03701773,12.71641541,12.70979309,11.60603333,13.13755798,13.17755127,13.18634033,12.39901733,12.19470215,12.96272278,11.84255981,11.38764954,12.2572937,11.96916199,11.5821991,12.11221313,1.61483586,1.10752833,1.67357814,0.86153316,0.9038409,0.85868174,0.62155062,1.27645683,1.05888438,1.26660371,1.54179895,0.72018945,1.62795317,1.69880915,0.45946452,4.207623,3.82364821,4.06267595,3.00728798,2.50927019,2.43097949,2.72747231,2.97129488,2.05031347,3.3455441,3.82844019,1.96272266,3.90088797,4.26886654,2.53088117,5.59824705,5.41267538,5.7756114,4.82736826,4.09309721,3.86691022,4.57796574,4.56177807,3.35708404,4.56185627,5.22111702,3.53352475,4.59258127,5.63677359,4.33429098,293.2
2025/1/30 3:45,1.50434256,1.32027578,2.53798819,2.04650259,2.36235952,2.33780813,1.98409414,2.73710012,1.77454519,1.97118521,2.83828115,0.88038015,2.44420767,3.03780508,0.51285696,3.98840833,3.60597706,3.17972279,2.24295521,0.84096247,0.64679438,1.92595387,1.15469837,0.92073542,2.77544117,2.61427784,1.72494984,3.06595325,3.00810719,2.49922657,1.28186893,0.55750364,0.4004373,0.86683744,0.87770933,0.76326078,0.55969328,1.27370548,1.03514957,0.41444486,1.38024998,0.71209806,0.8287515,1.42544651,0.33185667,1.02730918,0.95799625,1.60444236,0.15425476,-0.17126098,0.39059815,0.3640326,0.01715454,0.02476868,1.23860526,0.70544803,0.03425965,1.41540885,0.89464176,0.32828888,1.07983565,1.21885848,3.5290544,2.49453902,2.96606612,3.19091964,3.04658675,3.77354598,2.55359054,2.94194198,3.82736373,1.70904708,3.26634383,4.13049507,1.87109542,5.54764175,5.31464005,4.57730484,4.16153336,2.86139321,2.16099954,3.38820291,2.54747415,2.04440713,3.51303506,3.58665872,3.04713845,3.29732156,3.88815713,3.91951394,3980388,4037668,4109284,2661284,3177828,3749988,2033956,2702308,3358820,1999332,2566564,2815588,2252644,2638372,2533028,13704.51563,13595.64063,15178.26563,13837.07813,13659.32813,13379.64063,15058.26563,14999.07813,13387.70313,15724.01563,16106.51563,14392.57813,15974.26563,16293.82813,15210.45313,278.5648499,278.4879456,278.3471069,278.135376,277.5032959,277.2754822,277.5314026,277.0180054,277.2285156,277.2439575,277.0246277,277.2596436,276.9532776,276.5517578,276.5951843,277.325592,277.1302795,277.1973877,276.9743958,276.7235413,276.8139648,276.7324219,276.5679321,276.6854858,276.7009583,276.5686646,276.3079834,276.6789856,276.3804321,276.1049194,0,0,0,0,0,0,0,0,0,0,0,0,0,0,0,101550.0313,101534.2109,101488.6172,101547.5469,101547.4844,101540.4531,101553.6484,101541.0313,101544.4375,101545.0781,101523.1406,101524.1797,101520.8594,101518.9844,101528.2969,276.553894,275.2929077,276.3412476,274.9157105,274.9743958,276.057312,274.2062988,275.1979981,275.900116,274.6998291,275.1334839,274.7570801,275.5200806,275.1141357,273.6686401,15796315,15933811,16201163,15904139,15797883,15823987,15948259,15742051,15682363,15994523,15842307,15832987,16048371,15961891,15989803,85959.34375,86065.35938,84394.48438,85817.23438,85997.84375,86286.4375,84531.89063,84583.64063,86276.125,83827.875,83420.10938,85200.53125,83551.89063,83214.35938,84333.34375,7774234,7944378,8252154,6867194,7376154,7998106,6490266,7090234,7767418,6548506,7038970,7424314,6917082,7079898,7133018,26448920,26448920,26448920,26396480,26396480,26396480,26344040,26344040,26343716,26290576,26290576,26290576,26238136,26238136,26238136,0.09499232,0.06828801,0.06674974,0.09516494,0.06998412,0.11790054,0.06514041,0.0698487,0.03933923,0.03168838,0.03781573,0.0215923,0.06026523,0.03917329,0.03353612,12.84170532,12.79808044,11.65156555,13.13795471,13.1614151,13.1364212,12.41266632,12.19782257,12.94755554,11.81342316,11.3399353,12.16226959,11.85317993,11.45480347,11.96498871,1.64272702,1.1084075,1.65365815,0.88045537,0.89426166,0.85739952,0.66766483,1.273821,1.03544581,1.30610394,1.5500797,0.71292174,1.64018631,1.68293834,0.46680021,4.26268101,3.84007788,4.06841755,3.03628397,2.50758052,2.42563176,2.76512718,2.97069788,1.99919093,3.40420985,3.85879374,1.9366262,3.92099738,4.27515745,2.55130482,5.65175819,5.45261574,5.77978754,4.85191536,4.1213007,3.8538146,4.5564909,4.55294132,3.27115035,4.5821867,5.24526787,3.49369359,4.64126396,5.67263222,4.34322309,295.29
2025/1/30 4:00,1.53055835,1.36454272,2.61515307,2.02573657,2.34220386,2.32657886,1.99894214,2.71610522,1.71360278,1.99430346,2.83787036,0.85624194,2.40305591,2.99528003,0.48746753,4.03737116,3.60750031,3.12684846,2.30183625,0.89448768,0.66774207,1.96480012,1.20418,0.92781287,2.83101106,2.65974641,1.70802522,3.12526155,3.06074739,2.52546906,1.29111552,0.56855077,0.41962498,0.88227147,0.87308568,0.75147313,0.59558934,1.27109599,1.01142192,0.43140477,1.37448955,0.70465916,0.80747288,1.39200664,0.32773656,1.06057262,0.95266253,1.57931042,0.17678362,-0.1465196,0.41155535,0.39345843,0.05334002,0.04564959,1.2745924,0.73552996,0.03786761,1.44240856,0.91887957,0.34316546,1.08520412,1.21356106,3.57922268,2.46716213,2.94964504,3.17138577,3.00897121,3.74499416,2.44927883,2.91931057,3.82726955,1.63702297,3.24157619,4.11993313,1.82311916,5.60111523,5.35685253,4.5442915,4.20682812,2.91953564,2.16654491,3.39329052,2.57425976,2.03806591,3.55881786,3.62217236,3.04246044,3.39145947,3.95206738,3.95273876,3980388,4037668,4109284,2661284,3177828,3749988,2033956,2702308,3358820,1999332,2566564,2815588,2252644,2638372,2533028,13704.51563,13595.64063,15178.26563,13837.07813,13659.32813,13379.64063,15058.26563,14999.07813,13387.70313,15724.01563,16106.51563,14392.57813,15974.26563,16293.82813,15210.45313,278.5177612,278.4145508,278.2606201,278.0757446,277.4335938,277.1868897,277.4593506,276.9817505,277.1643677,277.1626587,276.9443359,277.1671753,276.855835,276.4254761,276.4681397,277.2829895,277.0912476,277.1329956,276.9342041,276.6881409,276.7459106,276.7027588,276.5504456,276.6143494,276.6602478,276.5200195,276.2251587,276.6061707,276.2950745,276.0261536,0,0,0,0,0,0,0,0,0,0,0,0,0,0,0,101534.4063,101518.5,101472.3359,101531.0859,101530.8672,101525.625,101535.6875,101523.1875,101530.1094,101524.8047,101503.4219,101507.1953,101499.6797,101499.7656,101511.4844,276.4859009,275.1699829,276.2128906,274.8521729,274.8919678,275.9644775,274.1567383,275.147644,275.8078613,274.5839233,275.0105591,274.605896,275.4071655,274.9833374,273.5168457,15796315,15933811,16201163,15904139,15797883,15823987,15948259,15742051,15682363,15994523,15842307,15832987,16048371,15961891,15989803,85945.5,86051.5,84380,85803.25,85983.5,86272,84517.25,84568.75,86261.1875,83811.6875,83403.9375,85184.6875,83534.6875,83197.5625,84316.8125,7774234,7944378,8252154,6867194,7376154,7998106,6490266,7090234,7767418,6548506,7038970,7424314,6917082,7079898,7133018,26448920,26448920,26448920,26396480,26396480,26396480,26344040,26344040,26343716,26290576,26290576,26290576,26238136,26238136,26238136,0.09016842,0.07121319,0.07382244,0.08978695,0.08113712,0.13559192,0.0648331,0.07244533,0.04277462,0.03029484,0.03604358,0.02185863,0.05050701,0.03184932,0.03005451,12.96699429,12.88636684,11.69709682,13.13835049,13.14527798,13.08650112,12.42631435,12.20094204,12.93238735,11.78428555,11.29222012,12.06724453,11.73719692,11.32740688,11.81776333,1.67086613,1.10942137,1.63410735,0.89980853,0.88529462,0.8567903,0.71381807,1.27221465,1.01245153,1.34562099,1.55891812,0.7056759,1.6530441,1.66793954,0.4745248,4.31775093,3.85694623,4.07629824,3.06627774,2.507195,2.42050576,2.80289292,2.97107339,1.94865882,3.46292806,3.88944197,1.9106282,3.94232631,4.28250837,2.57208443,5.70527458,5.4925952,5.78458452,4.87691402,4.15019226,3.84078169,4.53523207,4.54442453,3.18632698,4.60299444,5.26954699,3.45491076,4.69146156,5.70900059,4.3529191,306.25
2025/1/30 4:15,1.58598208,1.43322635,2.64486575,2.03648257,2.4040668,2.40563846,1.96317935,2.72244143,1.71340823,2.04167056,2.90191531,0.87310678,2.49792361,3.08569217,0.53352243,3.91782808,3.50910616,3.07900667,2.24969149,0.84228182,0.58570528,1.97452974,1.21142244,0.90566683,2.93241549,2.76662874,1.83009005,3.3084836,3.21104097,2.67913485,1.29763246,0.59462953,0.43937895,0.86085725,0.90352082,0.77355409,0.56844544,1.27246308,0.99364686,0.44594786,1.41842103,0.7279532,0.85238862,1.43987489,0.35400602,1.01939774,0.90071487,1.56513596,0.15393451,-0.1917381,0.3803902,0.38066486,0.03994372,0.03238299,1.30750656,0.79706192,0.09489825,1.49174881,0.9772225,0.41094592,1.14263201,1.30596209,3.59810686,2.51395464,3.0328908,3.29116106,3.01462603,3.77701616,2.53691912,2.98786211,3.89803362,1.69576311,3.35163164,4.20038652,1.82598162,5.46412468,5.2821331,4.52866936,4.1130352,2.85285735,2.10171294,3.39948821,2.56426787,2.00698638,3.70213103,3.72335601,3.15171599,3.65702605,4.13453484,4.13288689,3980388,4037668,4109284,2661284,3177828,3749988,2033956,2702308,3358820,1999332,2566564,2815588,2252644,2638372,2533028,13704.51563,13595.64063,15178.26563,13837.07813,13659.32813,13379.64063,15058.26563,14999.07813,13387.70313,15724.01563,16106.51563,14392.57813,15974.26563,16293.82813,15210.45313,278.5372925,278.4145203,278.2379456,278.0666504,277.3844299,277.1602173,277.4320679,276.9624634,277.1347046,277.1550903,276.9753418,277.1143494,276.8567505,276.4396362,276.3857422,277.3188477,277.1097412,277.1413879,276.9323425,276.6616821,276.7293701,276.6978149,276.5465698,276.581604,276.6632996,276.5438538,276.1791382,276.6058655,276.3122559,275.9556885,0,0,0,0,0,0,0,0,0,0,0,0,0,0,0,101528.3047,101511.7188,101465.8594,101525.7578,101524.5938,101519.375,101528.8906,101515.4063,101524.25,101517.3281,101495.1016,101501.5625,101493.9844,101493.6328,101508.8594,276.5549622,275.2056274,276.2335815,274.8469238,274.9067078,275.9452515,274.1171875,275.1447754,275.7686157,274.6112061,275.0748901,274.5283203,275.4534302,275.0315552,273.4343872,15796315,15933811,16201163,15904139,15797883,15823987,15948259,15742051,15682363,15994523,15842307,15832987,16048371,15961891,15989803,85939.64063,86045.07813,84373.40625,85797.76563,85977.82813,86265.89063,84511.90625,84563.26563,86255.79688,83806.625,83398.5625,85179.46875,83529.79688,83192.39063,84311.625,7774234,7944378,8252154,6867194,7376154,7998106,6490266,7090234,7767418,6548506,7038970,7424314,6917082,7079898,7133018,26448920,26448920,26448920,26396480,26396480,26396480,26344040,26344040,26343716,26290576,26290576,26290576,26238136,26238136,26238136,0.14979209,0.10583819,0.10811938,0.12315787,0.12204923,0.13956918,0.08565892,0.09267844,0.05597533,0.05843915,0.05775727,0.03042163,0.06929149,0.04357947,0.03568734,13.15366936,13.09124565,11.89301872,13.29596519,13.3048687,13.24476433,12.56059837,12.35621452,13.09126091,11.87813377,11.38971519,12.16736412,11.77468681,11.36733818,11.84963799,1.65015805,1.07929218,1.62563968,0.8745119,0.92364138,0.8620224,0.6841315,1.27308989,0.99417442,1.381464,1.6270299,0.73411274,1.71810389,1.74017346,0.54239911,4.2266674,3.7905097,4.05901432,3.03453016,2.54734683,2.47591329,2.78439236,2.97980404,1.93804026,3.57316113,4.00940704,2.02769446,4.14556217,4.45334482,2.73174119,5.58231735,5.44118261,5.78404856,4.82047987,4.16379881,3.904989,4.54362059,4.56522942,3.23480344,4.75742531,5.39055157,3.57895589,4.96057177,5.8938632,4.51829195,329.42
2025/1/30 4:30,1.64140594,1.50191009,2.67457867,2.04722881,2.46592999,2.4846983,1.92741668,2.72877789,1.7132138,2.0890379,2.9659605,0.88997161,2.59279156,3.17610455,0.57957733,3.79828525,3.41071177,3.03116465,2.19754648,0.7900759,0.50366843,1.98425925,1.21866477,0.88352072,3.03381968,2.87351084,1.95215476,3.49170542,3.36133432,2.83280039,1.30414939,0.62070823,0.45913291,0.83944297,0.93395591,0.79563498,0.54130149,1.27383018,0.9758718,0.46049094,1.46235251,0.75124717,0.8973043,1.48774314,0.38027549,0.97822285,0.84876728,1.55096149,0.1310854,-0.2369566,0.34922504,0.36787128,0.02654743,0.0191164,1.34042072,0.85859394,0.1519289,1.54108906,1.03556538,0.47872639,1.20005989,1.39836311,3.61699104,2.56074715,3.11613655,3.41093636,3.02028084,3.80903816,2.6245594,3.05641365,3.96879768,1.75450325,3.46168709,4.28083992,1.82884407,5.32713366,5.2074132,4.51304674,4.01924181,2.78617907,2.03688097,3.4056859,2.55427599,1.97590685,3.8454442,3.82453966,3.26097155,3.92259264,4.31700182,4.31303453,3980388,4037668,4109284,2661284,3177828,3749988,2033956,2702308,3358820,1999332,2566564,2815588,2252644,2638372,2533028,13704.51563,13595.64063,15178.26563,13837.07813,13659.32813,13379.64063,15058.26563,14999.07813,13387.70313,15724.01563,16106.51563,14392.57813,15974.26563,16293.82813,15210.45313,278.5568237,278.4144898,278.215271,278.0575867,277.3352661,277.1335449,277.4048157,276.9431458,277.105011,277.1475525,277.0063477,277.0615234,276.8576355,276.4538269,276.3033752,277.3546753,277.1282349,277.1497803,276.930481,276.6351929,276.7128296,276.6928711,276.5426636,276.5488892,276.6663513,276.567688,276.1331177,276.6055298,276.3294373,275.8852539,0,0,0,0,0,0,0,0,0,0,0,0,0,0,0,101522.2031,101504.9297,101459.375,101520.4219,101518.3281,101513.125,101522.0938,101507.625,101518.3906,101509.8438,101486.7813,101495.9375,101488.2813,101487.5,101506.2344,276.6240234,275.241272,276.2542725,274.8417053,274.9214478,275.9259949,274.0776672,275.1419067,275.7293396,274.6384888,275.1392212,274.4507141,275.4996643,275.079773,273.3519287,15796315,15933811,16201163,15904139,15797883,15823987,15948259,15742051,15682363,15994523,15842307,15832987,16048371,15961891,15989803,85933.78125,86038.65625,84366.8125,85792.28125,85972.15625,86259.78125,84506.5625,84557.78125,86250.40625,83801.5625,83393.1875,85174.25,83524.90625,83187.21875,84306.4375,7774234,7944378,8252154,6867194,7376154,7998106,6490266,7090234,7767418,6548506,7038970,7424314,6917082,7079898,7133018,26448920,26448920,26448920,26396480,26396480,26396480,26344040,26344040,26343716,26290576,26290576,26290576,26238136,26238136,26238136,0.20941576,0.1404632,0.14241633,0.1565288,0.16296133,0.14354643,0.10648473,0.11291154,0.06917604,0.08658346,0.07947095,0.03898462,0.08807596,0.05530962,0.04132017,13.34034443,13.29612446,12.08894062,13.4535799,13.46445942,13.40302753,12.69488239,12.51148701,13.25013447,11.971982,11.48721027,12.26748371,11.8121767,11.40726948,11.88151264,1.6302532,1.05151534,1.61749327,0.84961629,0.96354657,0.8689034,0.65447426,1.27410674,0.97605902,1.41731417,1.6957767,0.76645595,1.78328645,1.81267071,0.61138237,4.13777494,3.72675323,4.04244089,3.00339103,2.58940744,2.53523326,2.76626468,2.98854017,1.92761779,3.68349576,4.12964725,2.14545035,4.34908915,4.62452221,2.89148211,5.46063137,5.39189863,5.78361607,4.7656827,4.18008375,3.9728291,4.55200958,4.58618546,3.28519702,4.91213846,5.51166582,3.70300102,5.23163557,6.07964611,4.6847558,337.47
2025/1/30 4:45,1.6968298,1.57059383,2.70429134,2.05797482,2.52779293,2.5637579,1.89165401,2.7351141,1.71301937,2.13640499,3.03000546,0.90683639,2.68765926,3.26651669,0.62563217,3.67874241,3.31231761,2.98332286,2.14540172,0.73786998,0.4216316,1.99398875,1.22590709,0.86137462,3.1352241,2.98039317,2.07421947,3.67492747,3.51162791,2.98646617,1.31066632,0.64678693,0.47888687,0.81802869,0.96439099,0.81771588,0.51415753,1.27519727,0.9580968,0.47503403,1.506284,0.77454114,0.94221997,1.53561139,0.40654495,0.9370479,0.79681969,1.53678703,0.10823628,-0.28217509,0.31805989,0.35507771,0.01315114,0.00584981,1.37333488,0.92012596,0.20895955,1.59042931,1.09390831,0.54650688,1.25748777,1.49076414,3.63587523,2.60753965,3.19938231,3.53071165,3.02593565,3.84106016,2.71219969,3.12496519,4.03956175,1.81324339,3.57174253,4.36129332,1.83170652,5.19014263,5.13269329,4.49742413,3.92544866,2.71950078,1.972049,3.41188359,2.54428411,1.94482732,3.98875737,3.92572331,3.3702271,4.18815899,4.4994688,4.49318218,3980388,4037668,4109284,2661284,3177828,3749988,2033956,2702308,3358820,1999332,2566564,2815588,2252644,2638372,2533028,13704.51563,13595.64063,15178.26563,13837.07813,13659.32813,13379.64063,15058.26563,14999.07813,13387.70313,15724.01563,16106.51563,14392.57813,15974.26563,16293.82813,15210.45313,278.576355,278.4144592,278.1925964,278.048523,277.2861023,277.1068726,277.3775635,276.9238281,277.0753174,277.1400147,277.0373535,277.0086975,276.8585205,276.4680176,276.2210083,277.3905335,277.146698,277.1582031,276.9286194,276.6087341,276.6962585,276.6878967,276.5387878,276.5161438,276.6694031,276.5915222,276.0871277,276.6052246,276.3466187,275.8148193,0,0,0,0,0,0,0,0,0,0,0,0,0,0,0,101516.0938,101498.1406,101452.8906,101515.0938,101512.0547,101506.8828,101515.3047,101499.8516,101512.5313,101502.3594,101478.4531,101490.3047,101482.5781,101481.375,101503.6094,276.6930847,275.2769165,276.2749634,274.8364868,274.9361877,275.9067383,274.038147,275.1390381,275.6900635,274.6657715,275.2035523,274.3731079,275.5458984,275.1279907,273.2694702,15796315,15933811,16201163,15904139,15797883,15823987,15948259,15742051,15682363,15994523,15842307,15832987,16048371,15961891,15989803,85927.92188,86032.23438,84360.21875,85786.79688,85966.48438,86253.67188,84501.21875,84552.29688,86245.01563,83796.5,83387.8125,85169.03125,83520.01563,83182.04688,84301.25,7774234,7944378,8252154,6867194,7376154,7998106,6490266,7090234,7767418,6548506,7038970,7424314,6917082,7079898,7133018,26448920,26448920,26448920,26396480,26396480,26396480,26344040,26344040,26343716,26290576,26290576,26290576,26238136,26238136,26238136,0.26903945,0.1750882,0.17671326,0.18989971,0.20387343,0.14752367,0.12731054,0.13314465,0.08237675,0.11472777,0.10118464,0.04754762,0.10686043,0.06703976,0.046953,13.5270195,13.50100327,12.28486252,13.61119461,13.62405014,13.56129074,12.82916641,12.66675949,13.40900803,12.06583023,11.58470535,12.3676033,11.8496666,11.44720078,11.9133873,1.61118114,1.02628207,1.6096729,0.82515818,1.00482476,0.87739462,0.62485051,1.2752651,0.95811468,1.45317101,1.76508451,0.80223316,1.84857893,1.88540113,0.68113768,4.05121899,3.66581678,4.02658749,2.97287893,2.63328481,2.59819698,2.74851704,2.99728179,1.91739452,3.79392362,4.25013828,2.26378846,4.55286741,4.79600477,3.05129409,5.34030485,5.34480286,5.78328705,4.7125802,4.19901562,4.04411936,4.56039858,4.60729027,3.33742118,5.06710911,5.63288212,3.82704616,5.50436401,6.26626682,4.85219908,
2025/1/30 5:00,1.75225353,1.63927746,2.73400402,2.06872082,2.58965588,2.6428175,1.85589123,2.74145031,1.71282482,2.18377209,3.09405041,0.92370123,2.78252697,3.35692883,0.67168707,3.55919933,3.21392345,2.93548107,2.09325695,0.68566412,0.33959478,2.00371838,1.23314953,0.83922857,3.23662853,3.08727551,2.19628429,3.85814953,3.6619215,3.14013195,1.31718326,0.67286569,0.49864084,0.79661447,0.99482614,0.83979684,0.48701364,1.27656436,0.94032174,0.48957711,1.55021548,0.79783517,0.98713571,1.58347964,0.43281442,0.89587301,0.74487203,1.52261257,0.08538717,-0.32739359,0.28689474,0.34228414,-0.00024515,-0.00741678,1.40624905,0.98165792,0.2659902,1.63976955,1.15225124,0.61428732,1.31491566,1.58316517,3.65475941,2.65433216,3.28262806,3.65048695,3.03159046,3.87308216,2.79983997,3.19351673,4.11032581,1.87198353,3.68179798,4.44174671,1.83456898,5.05315208,5.05797386,4.48180199,3.8316555,2.65282249,1.90721703,3.41808128,2.53429222,1.91374779,4.13207054,4.02690697,3.47948265,4.45372581,4.68193626,4.67333031,3980388,4037668,4109284,2661284,3177828,3749988,2033956,2702308,3358820,1999332,2566564,2815588,2252644,2638372,2533028,13704.51563,13595.64063,15178.26563,13837.07813,13659.32813,13379.64063,15058.26563,14999.07813,13387.70313,15724.01563,16106.51563,14392.57813,15974.26563,16293.82813,15210.45313,278.5958862,278.4144287,278.1699219,278.0394287,277.2369385,277.0802002,277.3502808,276.904541,277.0456543,277.1324463,277.0683594,276.9558716,276.859436,276.4821777,276.1386108,277.4263916,277.1651917,277.1665955,276.9267578,276.5822754,276.679718,276.6829529,276.5349121,276.4833984,276.6724548,276.6153565,276.0411072,276.6049194,276.3638001,275.7443543,0,0,0,0,0,0,0,0,0,0,0,0,0,0,0,101509.9922,101491.3594,101446.4141,101509.7656,101505.7813,101500.6328,101508.5078,101492.0703,101506.6719,101494.8828,101470.1328,101484.6719,101476.8828,101475.2422,101500.9844,276.762146,275.312561,276.2956543,274.8312378,274.9509277,275.8875122,273.9985962,275.1361694,275.6508179,274.6930542,275.2678833,274.2955322,275.5921631,275.1762085,273.1870117,15796315,15933811,16201163,15904139,15797883,15823987,15948259,15742051,15682363,15994523,15842307,15832987,16048371,15961891,15989803,85922.0625,86025.8125,84353.625,85781.3125,85960.8125,86247.5625,84495.875,84546.8125,86239.625,83791.4375,83382.4375,85163.8125,83515.125,83176.875,84296.0625,7774234,7944378,8252154,6867194,7376154,7998106,6490266,7090234,7767418,6548506,7038970,7424314,6917082,7079898,7133018,26448920,26448920,26448920,26396480,26396480,26396480,26344040,26344040,26343716,26290576,26290576,26290576,26238136,26238136,26238136,0.32866311,0.20971321,0.2110102,0.22327064,0.24478553,0.15150093,0.14813636,0.15337776,0.09557746,0.14287208,0.12289833,0.05611061,0.12564491,0.07876991,0.05258583,13.71369457,13.70588207,12.48078442,13.76880932,13.78364086,13.71955395,12.96345043,12.82203197,13.56788158,12.15967846,11.68220043,12.46772289,11.88715649,11.48713207,11.94526196,1.59297216,1.00378418,1.60218346,0.80117762,1.04731357,0.88744992,0.59526527,1.27656448,0.94035101,1.48903394,1.83488977,0.8410064,1.91396999,1.95833874,0.75145006,3.96715164,3.6078434,4.01146221,2.94301391,2.67889023,2.66454673,2.7311573,3.00602841,1.90737343,3.90443659,4.3708601,2.38262224,4.75686598,4.96776009,3.21116686,5.22143173,5.29995394,5.78306293,4.66123009,4.22055864,4.11868095,4.56878757,4.62854242,3.39139128,5.2223134,5.75419474,3.95109105,5.77852154,6.45365334,5.02052355,
2025/1/30 5:15,1.63036013,1.59203005,2.67563295,1.99725771,2.56612062,2.5543561,1.82416201,2.73863649,1.62987185,2.16856813,3.10945559,0.87115902,2.78288698,3.35133791,0.60733455,3.57666016,3.25068665,2.9985199,2.07164001,0.72082525,0.41716009,2.05352783,1.3074342,0.90132147,3.30500793,3.13145447,2.16854858,3.8911438,3.65371704,3.05670166,1.27508318,0.64278185,0.46864858,0.75923693,0.96142352,0.78678668,0.47813192,1.27146685,0.90816271,0.49612203,1.56770861,0.74854815,1.00449145,1.55928576,0.36007467,0.9072032,0.75637007,1.55674696,0.07741499,-0.30714464,0.31185865,0.37334394,0.04340315,0.02927351,1.43006086,0.99593306,0.24403334,1.64252424,1.12326765,0.55246687,1.16982508,1.52338648,3.59971094,2.55748987,3.27790308,3.60639429,2.99663782,3.89652491,2.76748133,3.19086695,4.1644845,1.8854928,3.71471643,4.51047754,1.87377405,5.09637976,5.12643957,4.55386877,3.82524633,2.69232702,1.94614172,3.46271276,2.61752844,1.962255,4.19859838,4.11237097,3.49902868,4.51794958,4.74179602,4.6535697,3980388,4037668,4109284,2661284,3177828,3749988,2033956,2702308,3358820,1999332,2566564,2815588,2252644,2638372,2533028,13704.51563,13595.64063,15178.26563,13837.07813,13659.32813,13379.64063,15058.26563,14999.07813,13387.70313,15724.01563,16106.51563,14392.57813,15974.26563,16293.82813,15210.45313,278.6357727,278.4159546,278.1737671,278.1069946,277.2715149,277.0784302,277.3831177,276.9382324,277.0334473,277.1060791,277.0759583,276.9306946,276.829071,276.4672852,276.180481,277.4909058,277.1911621,277.1936646,276.980835,276.6120606,276.680542,276.7102661,276.5661011,276.463501,276.6676636,276.617096,276.019043,276.5884705,276.3546753,275.7762146,0,0,0,0,0,0,0,0,0,0,0,0,0,0,0,101499.9688,101483.0703,101440.4063,101499.1719,101495.7578,101493.6953,101497.9609,101481.9453,101500.3281,101484.1172,101459.0781,101476.1406,101465.7422,101463.7891,101490.9297,276.8568726,275.3684082,276.348999,274.93396,275.0206299,275.9074707,274.0799561,275.1948853,275.6339722,274.7440796,275.2999268,274.2330017,275.6154175,275.1619263,273.1922607,15796315,15933811,16201163,15904139,15797883,15823987,15948259,15742051,15682363,15994523,15842307,15832987,16048371,15961891,15989803,85913.53125,86018.28125,84346.9375,85772.40625,85952.46875,86240.28125,84486.82813,84538.14063,86231.84375,83782.5625,83373.6875,85155.375,83506.09375,83168.07813,84287.53125,7774234,7944378,8252154,6867194,7376154,7998106,6490266,7090234,7767418,6548506,7038970,7424314,6917082,7079898,7133018,26448920,26448920,26448920,26396480,26396480,26396480,26344040,26344040,26343716,26290576,26290576,26290576,26238136,26238136,26238136,0.28151602,0.1739711,0.20606892,0.2140588,0.23670475,0.15080063,0.17083924,0.17047779,0.10916035,0.14855854,0.13299172,0.0749616,0.13372795,0.08755772,0.06339353,13.65272522,13.66093445,12.48472595,13.80786133,13.79908752,13.75039673,13.06784058,12.92140198,13.67715454,12.32125854,11.84010315,12.62347412,11.99084473,11.58262634,12.03514099,1.56488168,0.99260473,1.62575912,0.76317346,1.00929332,0.84633863,0.60662657,1.2722075,0.90863442,1.51367474,1.85730791,0.7873224,1.92532837,1.92174459,0.65944934,3.93072152,3.61960244,4.01872301,2.87762594,2.66543889,2.5881958,2.74673319,3.03471804,1.86248827,3.9529438,4.41301727,2.33698988,4.78387499,4.95793438,3.11645317,5.2289176,5.34799862,5.80479479,4.60144138,4.24184799,4.0979929,4.5793252,4.69407701,3.39255023,5.27350569,5.85273647,3.9747057,5.84901571,6.54438972,5.01664639,
2025/1/30 5:30,1.50846672,1.54478264,2.61726189,1.9257946,2.54258537,2.4658947,1.79243279,2.73582268,1.54691887,2.15336418,3.12486076,0.81861687,2.78324699,3.34574699,0.5429821,3.59412122,3.28745008,3.06155896,2.05002332,0.75598639,0.49472541,2.10333753,1.38171887,0.96341443,3.37338758,3.17563367,2.14081311,3.92413831,3.64551282,2.97327161,1.23298311,0.61269808,0.43865633,0.72185946,0.92802095,0.73377657,0.4692502,1.26636934,0.87600374,0.50266695,1.58520174,0.69926119,1.02184725,1.53509188,0.28733492,0.91853338,0.7678681,1.59088147,0.06944281,-0.28689569,0.33682257,0.40440375,0.08705145,0.0659638,1.4538728,1.01020825,0.22207648,1.64527905,1.09428418,0.49064642,1.0247345,1.46360779,3.54466248,2.46064758,3.2731781,3.56230164,2.96168518,3.91996765,2.73512268,3.18821716,4.21864319,1.89900208,3.74763489,4.57920837,1.91297913,5.13960743,5.19490528,4.62593555,3.81883717,2.73183155,1.98506641,3.50734425,2.70076466,2.01076221,4.26512623,4.19783497,3.51857471,4.58217335,4.80165577,4.63380909,3980388,4037668,4109284,2661284,3177828,3749988,2033956,2702308,3358820,1999332,2566564,2815588,2252644,2638372,2533028,13704.51563,13595.64063,15178.26563,13837.07813,13659.32813,13379.64063,15058.26563,14999.07813,13387.70313,15724.01563,16106.51563,14392.57813,15974.26563,16293.82813,15210.45313,278.6756592,278.4174805,278.1776428,278.1745911,277.3060913,277.0766296,277.4159851,276.9719238,277.0212097,277.0796814,277.0835571,276.9055176,276.7987061,276.4523926,276.2223511,277.5554504,277.2171631,277.2207031,277.0349426,276.6418762,276.681366,276.7376099,276.59729,276.443634,276.6628418,276.6188355,275.9970093,276.5720215,276.3455811,275.8080444,0,0,0,0,0,0,0,0,0,0,0,0,0,0,0,101489.9453,101474.7813,101434.3984,101488.5859,101485.7344,101486.7578,101487.4219,101471.8203,101493.9844,101473.3438,101448.0156,101467.6094,101454.5938,101452.3438,101480.875,276.9516296,275.4242859,276.4023743,275.0366516,275.0903015,275.9274292,274.1613464,275.2536011,275.6171265,274.7951355,275.3319702,274.1704712,275.6386719,275.147644,273.1975098,15796315,15933811,16201163,15904139,15797883,15823987,15948259,15742051,15682363,15994523,15842307,15832987,16048371,15961891,15989803,85905,86010.75,84340.25,85763.5,85944.125,86233,84477.78125,84529.46875,86224.0625,83773.6875,83364.9375,85146.9375,83497.0625,83159.28125,84279,7774234,7944378,8252154,6867194,7376154,7998106,6490266,7090234,7767418,6548506,7038970,7424314,6917082,7079898,7133018,26448920,26448920,26448920,26396480,26396480,26396480,26344040,26344040,26343716,26290576,26290576,26290576,26238136,26238136,26238136,0.23436892,0.13822901,0.20112765,0.20484698,0.22862399,0.15010035,0.19354212,0.18757784,0.12274324,0.15424502,0.14308512,0.09381258,0.14181101,0.09634554,0.07420122,13.59175587,13.61598682,12.48866749,13.84691334,13.81453419,13.78123951,13.17223072,13.02077198,13.7864275,12.48283863,11.99800587,12.77922535,12.09453297,11.67812061,12.12502003,1.53751457,0.98235452,1.65024936,0.72519195,0.97135574,0.80738932,0.61946601,1.2693578,0.87848377,1.53831732,1.87973011,0.73367852,1.9367795,1.88519633,0.56859058,3.89784288,3.63231087,4.0278039,2.81269979,2.65259409,2.51503277,2.763484,3.0649426,1.82239544,4.0020895,4.45526695,2.29198909,4.81095886,4.94810963,3.02244496,5.24076748,5.39714622,5.82785654,4.54294014,4.26340199,4.07804871,4.5905385,4.76028109,3.39471078,5.32503796,5.9513669,3.99832177,5.9195509,6.63513756,5.01315022,
2025/1/30 5:45,1.38657331,1.49753523,2.55889082,1.85433149,2.51905012,2.3774333,1.76070356,2.73300886,1.46396589,2.13816023,3.14026594,0.76607466,2.78360701,3.34015608,0.47862959,3.61158228,3.3242135,3.12459803,2.02840662,0.79114753,0.57229072,2.15314722,1.45600355,1.02550733,3.44176722,3.21981287,2.11307764,3.95713282,3.6373086,2.88984156,1.19088304,0.5826143,0.40866408,0.68448198,0.89461839,0.68076646,0.46036848,1.26127183,0.84384477,0.5092119,1.60269487,0.64997423,1.03920305,1.51089799,0.21459517,0.92986357,0.77936614,1.62501597,0.06147063,-0.26664674,0.36178648,0.43546355,0.13069975,0.1026541,1.47768474,1.02448332,0.20011961,1.64803386,1.0653007,0.42882597,0.87964398,1.4038291,3.48961401,2.36380529,3.26845312,3.51820898,2.92673254,3.9434104,2.70276403,3.18556738,4.27280188,1.91251135,3.78055334,4.64793921,1.9521842,5.1828351,5.26337099,4.69800234,3.812428,2.77133608,2.02399111,3.55197573,2.78400087,2.05926943,4.33165407,4.28329897,3.53812075,4.64639711,4.86151552,4.61404848,3980388,4037668,4109284,2661284,3177828,3749988,2033956,2702308,3358820,1999332,2566564,2815588,2252644,2638372,2533028,13704.51563,13595.64063,15178.26563,13837.07813,13659.32813,13379.64063,15058.26563,14999.07813,13387.70313,15724.01563,16106.51563,14392.57813,15974.26563,16293.82813,15210.45313,278.7155457,278.4190064,278.1815186,278.2421875,277.3406677,277.0748291,277.4488525,277.0056152,277.0089722,277.0532837,277.091156,276.8803406,276.7683411,276.4375,276.2642212,277.6199951,277.2431335,277.2477722,277.0890503,276.6716919,276.6821899,276.7649536,276.628479,276.4237671,276.6580505,276.6206055,275.9749451,276.5555725,276.3364868,275.8399048,0,0,0,0,0,0,0,0,0,0,0,0,0,0,0,101479.9219,101466.5,101428.3906,101478,101475.7109,101479.8203,101476.875,101461.6953,101487.6484,101462.5781,101436.9531,101459.0703,101443.4531,101440.8906,101470.8125,277.0463867,275.4801636,276.4557495,275.1393433,275.1599731,275.9473877,274.2427368,275.3123169,275.6002808,274.8461914,275.3640137,274.1079407,275.6619263,275.1333618,273.2027588,15796315,15933811,16201163,15904139,15797883,15823987,15948259,15742051,15682363,15994523,15842307,15832987,16048371,15961891,15989803,85896.46875,86003.21875,84333.5625,85754.59375,85935.78125,86225.71875,84468.73438,84520.79688,86216.28125,83764.8125,83356.1875,85138.5,83488.03125,83150.48438,84270.46875,7774234,7944378,8252154,6867194,7376154,7998106,6490266,7090234,7767418,6548506,7038970,7424314,6917082,7079898,7133018,26448920,26448920,26448920,26396480,26396480,26396480,26344040,26344040,26343716,26290576,26290576,26290576,26238136,26238136,26238136,0.18722183,0.10248691,0.19618636,0.19563514,0.22054321,0.14940006,0.216245,0.20467788,0.13632613,0.15993148,0.15317851,0.11266357,0.14989406,0.10513335,0.08500892,13.53078651,13.5710392,12.49260902,13.88596535,13.82998085,13.81208229,13.27662086,13.12014198,13.89570045,12.64441872,12.15590858,12.93497658,12.19822121,11.77361488,12.21489906,1.51090991,0.97306269,1.67561424,0.68723667,0.9335109,0.77092963,0.63369364,1.26802564,0.85006577,1.56296158,1.90215588,0.68008405,1.94832194,1.84869635,0.47952351,3.86860585,3.64595771,4.03869247,2.74826837,2.64036512,2.44534373,2.78138828,3.0966568,1.78741753,4.05185032,4.49760675,2.24765825,4.83811617,4.93828487,2.92920971,5.25695276,5.44736719,5.85223341,4.48577547,4.28521776,4.05885887,4.60242271,4.82712603,3.39787054,5.37690115,6.05008125,4.02193975,5.9901247,6.7258954,5.01003647,
2025/1/30 6:00,1.26467991,1.45028782,2.50051975,1.78286839,2.49551487,2.2889719,1.72897434,2.73019505,1.38101292,2.12295628,3.15567112,0.71353245,2.78396702,3.33456516,0.41427708,3.6290431,3.3609767,3.18763685,2.00678968,0.82630867,0.64985603,2.20295668,1.53028822,1.08760023,3.51014662,3.26399183,2.08534193,3.99012709,3.62910414,2.80641127,1.14878297,0.55253047,0.37867182,0.64710444,0.86121577,0.6277563,0.45148677,1.25617433,0.81168574,0.51575679,1.620188,0.60068721,1.05655885,1.48670411,0.14185542,0.94119376,0.79086417,1.65915036,0.05349845,-0.24639779,0.3867504,0.46652335,0.17434806,0.13934439,1.50149655,1.03875852,0.17816275,1.65078855,1.03631711,0.36700553,0.7345534,1.34405041,3.43456554,2.26696301,3.26372814,3.47411633,2.8917799,3.96685314,2.67040539,3.18291759,4.32696056,1.92602062,3.81347179,4.71667004,1.99138927,5.22606277,5.3318367,4.77006912,3.80601883,2.81084061,2.0629158,3.59660721,2.86723709,2.10777664,4.39818192,4.36876297,3.55766678,4.71062088,4.92137527,4.59428787,3980388,4037668,4109284,2661284,3177828,3749988,2033956,2702308,3358820,1999332,2566564,2815588,2252644,2638372,2533028,13704.51563,13595.64063,15178.26563,13837.07813,13659.32813,13379.64063,15058.26563,14999.07813,13387.70313,15724.01563,16106.51563,14392.57813,15974.26563,16293.82813,15210.45313,278.7554321,278.4205322,278.1853638,278.3097534,277.3752441,277.0730591,277.4816895,277.0393066,276.9967651,277.0269165,277.0987549,276.8551636,276.7379761,276.4226074,276.3060913,277.6845093,277.269104,277.2748413,277.1431274,276.7014771,276.6830139,276.7922669,276.659668,276.4038696,276.6532593,276.622345,275.9528809,276.5391235,276.3273621,275.8717651,0,0,0,0,0,0,0,0,0,0,0,0,0,0,0,101469.8984,101458.2109,101422.3828,101467.4063,101465.6875,101472.8828,101466.3281,101451.5703,101481.3047,101451.8125,101425.8984,101450.5391,101432.3125,101429.4375,101460.7578,277.1411133,275.5360107,276.5090942,275.2420654,275.2296753,275.9673462,274.3240967,275.3710327,275.5834351,274.8972168,275.3960571,274.0454102,275.6851807,275.1190796,273.2080078,15796315,15933811,16201163,15904139,15797883,15823987,15948259,15742051,15682363,15994523,15842307,15832987,16048371,15961891,15989803,85887.9375,85995.6875,84326.875,85745.6875,85927.4375,86218.4375,84459.6875,84512.125,86208.5,83755.9375,83347.4375,85130.0625,83479,83141.6875,84261.9375,7774234,7944378,8252154,6867194,7376154,7998106,6490266,7090234,7767418,6548506,7038970,7424314,6917082,7079898,7133018,26448920,26448920,26448920,26396480,26396480,26396480,26344040,26344040,26343716,26290576,26290576,26290576,26238136,26238136,26238136,0.14007473,0.0667448,0.19124508,0.1864233,0.21246243,0.14869976,0.23894787,0.22177792,0.14990902,0.16561794,0.1632719,0.13151455,0.1579771,0.11392117,0.09581661,13.46981716,13.52609158,12.49655056,13.92501736,13.84542751,13.84292507,13.38101101,13.21951199,14.00497341,12.8059988,12.3138113,13.09072781,12.30190945,11.86910915,12.3047781,1.48510873,0.96475697,1.70181441,0.64931214,0.89577031,0.73732889,0.64921826,1.26821578,0.8235597,1.58760726,1.92458522,0.62655175,1.9599539,1.81224787,0.39346665,3.84309363,3.66053271,4.05137348,2.6843667,2.62876034,2.37943387,2.80042338,3.12981582,1.75785983,4.10220337,4.54003334,2.20403719,4.86534548,4.9284606,2.8368237,5.27743292,5.49863195,5.87790775,4.43000031,4.30729008,4.04043388,4.61497259,4.89458609,3.40202689,5.42908525,6.14887619,4.04555893,6.0607357,6.81666422,5.0073061,
2025/1/30 6:15,1.29582834,1.48695993,2.40263987,1.79851389,2.51749277,2.21700144,1.69544077,2.70702219,1.35365915,2.11159372,3.107306,0.67684031,2.79183054,3.26218271,0.3234925,3.54736423,3.26635838,3.14424229,1.95718479,0.74762058,0.55371189,2.23700047,1.53299046,1.01941013,3.5397501,3.27496433,2.02925205,3.97389317,3.56779575,2.67617893,1.18120599,0.57846844,0.37165847,0.68209851,0.88779461,0.62405407,0.45809188,1.24602532,0.78934491,0.53182232,1.59696221,0.58872235,1.07141137,1.44468713,0.08484665,0.85971379,0.70817876,1.58719182,0.04179689,-0.29565886,0.32258913,0.49335024,0.17032167,0.09600374,1.51451421,1.04494786,0.14504549,1.64682317,0.98491979,0.29432222,0.73122931,1.3679328,3.35520697,2.21951056,3.24400091,3.39236212,2.78455877,3.87882757,2.59722662,3.11942816,4.2287879,1.83431768,3.81518316,4.64034796,1.87841558,5.15397835,5.27052498,4.73280525,3.73614669,2.72445846,1.95923018,3.58131576,2.83030868,2.03152633,4.37405586,4.32045174,3.4769609,4.69186592,4.85814095,4.47609138,3980388,4037668,4109284,2661284,3177828,3749988,2033956,2702308,3358820,1999332,2566564,2815588,2252644,2638372,2533028,13704.51563,13595.64063,15178.26563,13837.07813,13659.32813,13379.64063,15058.26563,14999.07813,13387.70313,15724.01563,16106.51563,14392.57813,15974.26563,16293.82813,15210.45313,278.6366272,278.4353027,278.288208,278.243103,277.352478,277.0747376,277.4816284,277.0235901,276.9708252,277.0377502,277.1083984,276.8347168,276.7363281,276.3855896,276.3521118,277.5875855,277.2789002,277.364502,277.1189575,276.6821899,276.6636353,276.7890625,276.6465759,276.3735657,276.668335,276.626648,275.9315186,276.548523,276.2911377,275.8927002,0,0,0,0,0,0,0,0,0,0,0,0,0,0,0,101475.5703,101461.2344,101423.5234,101473.1953,101470.4219,101476.3438,101471.5156,101457.6016,101487.9453,101456.7734,101432.2266,101458.9219,101437.25,101436.5625,101471.8672,276.9352417,275.5042114,276.6228638,275.1779785,275.2194214,275.9485779,274.3055115,275.3213501,275.5040894,274.9442139,275.3937378,273.9711304,275.7470093,275.0816956,273.2116394,15796315,15933811,16201163,15904139,15797883,15823987,15948259,15742051,15682363,15994523,15842307,15832987,16048371,15961891,15989803,85892.28125,85998.4375,84328.90625,85750.5625,85931.53125,86221.8125,84464.42188,84516.96875,86213.17188,83760.53125,83352.40625,85135.46875,83483.54688,83146.5625,84267.5,7774234,7944378,8252154,6867194,7376154,7998106,6490266,7090234,7767418,6548506,7038970,7424314,6917082,7079898,7133018,26448920,26448920,26448920,26396480,26396480,26396480,26344040,26344040,26343716,26290576,26290576,26290576,26238136,26238136,26238136,0.28477854,0.158328,0.20923036,0.27959245,0.28023523,0.18628973,0.2348718,0.21159929,0.14130586,0.16279596,0.14363378,0.11071389,0.15914816,0.1090812,0.08520692,13.64591217,13.62519073,12.49810028,13.97324371,13.899086,13.86536407,13.35723114,13.21334076,13.99820709,12.77140045,12.30370331,13.10152435,12.3403244,11.93825531,12.39624786,1.46094334,0.9144085,1.63012516,0.68337786,0.93573147,0.7025007,0.67323297,1.25761223,0.79516166,1.6051755,1.90845597,0.60632682,1.96467531,1.74848163,0.30630788,3.77663398,3.58889222,3.95713758,2.65804911,2.62615824,2.28510213,2.8069005,3.11095309,1.69457674,4.12172985,4.51450348,2.13915324,4.85655689,4.83435631,2.69565988,5.20559216,5.44515133,5.80145311,4.34568977,4.23629713,3.91748691,4.53647327,4.80166101,3.29737544,5.37244797,6.04557276,3.93115497,6.04724979,6.71821117,4.85425997,
2025/1/30 6:30,1.32697678,1.52363205,2.30475998,1.81415939,2.53947067,2.14503098,1.6619072,2.68384933,1.32630539,2.10023117,3.05894089,0.64014816,2.79969406,3.18980026,0.23270795,3.46568537,3.17174006,3.10084772,1.90758002,0.6689325,0.45756775,2.27104425,1.53569281,0.95122015,3.56935358,3.28593683,1.97316229,3.95765924,3.50648737,2.5459466,1.21362889,0.60440648,0.36464512,0.71709263,0.91437352,0.62035191,0.464697,1.2358762,0.76700413,0.54788792,1.57373631,0.57675755,1.08626378,1.40267003,0.02783787,0.77823377,0.62549329,1.51523328,0.03009534,-0.34491992,0.25842786,0.52017713,0.16629529,0.05266309,1.52753186,1.05113721,0.11192822,1.64285779,0.93352246,0.22163892,0.72790527,1.39181519,3.27584839,2.17205811,3.22427368,3.31060791,2.67733765,3.790802,2.52404785,3.05593872,4.13061523,1.74261475,3.81689453,4.56402588,1.76544189,5.08189344,5.20921278,4.6955409,3.66627455,2.63807631,1.85554457,3.5660243,2.79338026,1.95527601,4.34992933,4.27214003,3.39625502,4.67311049,4.79490614,4.35789442,3980388,4037668,4109284,2661284,3177828,3749988,2033956,2702308,3358820,1999332,2566564,2815588,2252644,2638372,2533028,13704.51563,13595.64063,15178.26563,13837.07813,13659.32813,13379.64063,15058.26563,14999.07813,13387.70313,15724.01563,16106.51563,14392.57813,15974.26563,16293.82813,15210.45313,278.5178223,278.4500427,278.3910828,278.1764526,277.3297424,277.076416,277.4815979,277.0078735,276.9449158,277.048584,277.118042,276.8143005,276.7347107,276.3485718,276.3981018,277.4906616,277.2886963,277.4541626,277.0947571,276.6629028,276.6442261,276.7858582,276.6334839,276.3432617,276.6834412,276.6309204,275.9101868,276.5579224,276.2549439,275.9136353,0,0,0,0,0,0,0,0,0,0,0,0,0,0,0,101481.2422,101464.25,101424.6563,101478.9844,101475.1563,101479.7969,101476.7109,101463.6406,101494.5859,101461.7344,101438.5625,101467.3125,101442.1797,101443.6875,101482.9688,276.7293396,275.4724426,276.7366638,275.1138916,275.2091675,275.9298096,274.2869263,275.271698,275.4247742,274.9912415,275.3913879,273.8968811,275.8088379,275.0443115,273.215271,15796315,15933811,16201163,15904139,15797883,15823987,15948259,15742051,15682363,15994523,15842307,15832987,16048371,15961891,15989803,85896.625,86001.1875,84330.9375,85755.4375,85935.625,86225.1875,84469.15625,84521.8125,86217.84375,83765.125,83357.375,85140.875,83488.09375,83151.4375,84273.0625,7774234,7944378,8252154,6867194,7376154,7998106,6490266,7090234,7767418,6548506,7038970,7424314,6917082,7079898,7133018,26448920,26448920,26448920,26396480,26396480,26396480,26344040,26344040,26343716,26290576,26290576,26290576,26238136,26238136,26238136,0.42948234,0.24991117,0.22721563,0.37276161,0.34800804,0.22387968,0.23079573,0.20142065,0.13270269,0.15997396,0.12399565,0.08991323,0.16031919,0.10424124,0.07459722,13.82200813,13.72429085,12.49965096,14.02147102,13.95274544,13.88780403,13.33345222,13.20717049,13.99144173,12.73680305,12.29359627,13.11232185,12.37874031,12.00740242,12.48771858,1.44171524,0.86979824,1.55849218,0.71772391,0.97726589,0.67202789,0.69751525,1.24701405,0.76880997,1.62281692,1.89249444,0.5875178,1.96950519,1.68491757,0.2233803,3.71104336,3.51871991,3.86357021,2.63249612,2.62609625,2.19329119,2.81417441,3.09215117,1.63214767,4.14140749,4.48937607,2.07440567,4.84781933,4.74028254,2.55655956,5.1337595,5.39194298,5.72531986,4.26138544,4.16597986,3.795151,4.45922279,4.70883751,3.19279218,5.31607437,5.94248819,3.81723118,6.03379202,6.61977768,4.70191765,
2025/1/30 6:45,1.35812509,1.56030405,2.20688009,1.82980478,2.56144857,2.07306051,1.6283735,2.66067648,1.29895151,2.08886862,3.01057577,0.60345596,2.80755758,3.11741781,0.14192338,3.38400674,3.07712197,3.05745339,1.85797524,0.59024441,0.36142361,2.30508828,1.53839517,0.88303006,3.5989573,3.29690957,1.91707253,3.94142556,3.44517922,2.4157145,1.24605179,0.63034451,0.35763177,0.75208676,0.94095242,0.61664975,0.47130212,1.22572708,0.74466336,0.56395352,1.55051041,0.56479275,1.10111618,1.36065292,-0.0291709,0.69675374,0.54280782,1.44327474,0.01839378,-0.39418098,0.19426659,0.54700398,0.16226891,0.00932243,1.54054952,1.05732656,0.07881096,1.63889241,0.8821252,0.14895561,0.72458124,1.41569757,3.19648981,2.12460566,3.20454645,3.2288537,2.57011652,3.70277643,2.45086908,2.99244928,4.03244257,1.65091181,3.8186059,4.4877038,1.6524682,5.00980854,5.14790058,4.65827656,3.59640241,2.55169415,1.75185895,3.55073285,2.75645185,1.8790257,4.3258028,4.22382832,3.31554914,4.65435505,4.73167133,4.23969746,3980388,4037668,4109284,2661284,3177828,3749988,2033956,2702308,3358820,1999332,2566564,2815588,2252644,2638372,2533028,13704.51563,13595.64063,15178.26563,13837.07813,13659.32813,13379.64063,15058.26563,14999.07813,13387.70313,15724.01563,16106.51563,14392.57813,15974.26563,16293.82813,15210.45313,278.3990173,278.4647827,278.4939575,278.1098023,277.3070068,277.0780945,277.4815674,276.992157,276.9190064,277.0594177,277.1276856,276.7938843,276.7330933,276.311554,276.4440918,277.3937073,277.298523,277.5437927,277.0705566,276.6436462,276.6248474,276.7826538,276.6204224,276.3129273,276.6985474,276.6351929,275.888855,276.5673523,276.2187195,275.9345398,0,0,0,0,0,0,0,0,0,0,0,0,0,0,0,101486.9141,101467.2656,101425.7969,101484.7734,101479.8984,101483.2578,101481.9063,101469.6719,101501.2266,101466.6953,101444.8906,101475.7031,101447.1094,101450.8203,101494.0781,276.5234375,275.4406738,276.8504639,275.0498047,275.1989136,275.9110413,274.2683411,275.2220459,275.345459,275.038269,275.3890381,273.8226318,275.8706665,275.0069275,273.2189026,15796315,15933811,16201163,15904139,15797883,15823987,15948259,15742051,15682363,15994523,15842307,15832987,16048371,15961891,15989803,85900.96875,86003.9375,84332.96875,85760.3125,85939.71875,86228.5625,84473.89063,84526.65625,86222.51563,83769.71875,83362.34375,85146.28125,83492.64063,83156.3125,84278.625,7774234,7944378,8252154,6867194,7376154,7998106,6490266,7090234,7767418,6548506,7038970,7424314,6917082,7079898,7133018,26448920,26448920,26448920,26396480,26396480,26396480,26344040,26344040,26343716,26290576,26290576,26290576,26238136,26238136,26238136,0.57418615,0.34149435,0.2452009,0.46593076,0.41578081,0.26146963,0.22671965,0.19124201,0.12409953,0.15715197,0.10435752,0.06911258,0.16149023,0.09940127,0.06398753,13.99810314,13.82339001,12.50120068,14.06969738,14.00640392,13.91024303,13.30967236,13.20099926,13.98467541,12.7022047,12.28348827,13.1231184,12.41715527,12.07654858,12.57918835,1.42762411,0.83185005,1.48692381,0.75231165,1.02018142,0.64652646,0.72203815,1.23642147,0.74472171,1.64052927,1.87670505,0.57026488,1.97444296,1.62157989,0.15178511,3.64636874,3.45010543,3.77072167,2.60773039,2.62857533,2.10433054,2.82223892,3.0734117,1.57067406,4.1612339,4.46465874,2.00980759,4.83913374,4.64624071,2.41987991,5.06193638,5.33901501,5.64952087,4.17708731,4.09637165,3.67348695,4.38328695,4.61612177,3.08828378,5.259974,5.83963346,3.70383263,6.02036333,6.52136469,4.55035019,
2025/1/30 7:00,1.38927352,1.59697616,2.10900021,1.84545028,2.58342648,2.00109005,1.59483993,2.63750362,1.27159774,2.07750607,2.96221066,0.56676382,2.8154211,3.04503536,0.05113881,3.30232787,2.98250365,3.01405883,1.80837035,0.51155633,0.26527947,2.33913207,1.5410974,0.81484002,3.62856078,3.30788207,1.86098266,3.92519164,3.38387084,2.28548217,1.27847481,0.65628248,0.35061842,0.78708082,0.96753126,0.61294752,0.47790724,1.21557808,0.72232252,0.58001906,1.52728462,0.55282789,1.1159687,1.31863594,-0.08617967,0.61527377,0.46012241,1.37131619,0.00669223,-0.44344205,0.13010532,0.5738309,0.15824252,-0.03401822,1.55356717,1.0635159,0.0456937,1.63492703,0.83072788,0.07627231,0.72125715,1.43957996,3.11713123,2.07715321,3.18481922,3.14709949,2.46289539,3.61475086,2.37769032,2.92895985,3.93426991,1.55920887,3.82031727,4.41138172,1.53949451,4.93772411,5.08658886,4.62101269,3.52653027,2.465312,1.64817333,3.5354414,2.71952343,1.80277538,4.30167675,4.17551708,3.23484325,4.63560009,4.668437,4.12150097,3980388,4037668,4109284,2661284,3177828,3749988,2033956,2702308,3358820,1999332,2566564,2815588,2252644,2638372,2533028,13704.51563,13595.64063,15178.26563,13837.07813,13659.32813,13379.64063,15058.26563,14999.07813,13387.70313,15724.01563,16106.51563,14392.57813,15974.26563,16293.82813,15210.45313,278.2802124,278.4795532,278.5968018,278.0431519,277.2842407,277.079773,277.4815064,276.9764404,276.8930664,277.0702515,277.1373291,276.7734375,276.7314453,276.2745361,276.4901123,277.2967835,277.3083191,277.6334534,277.0463867,276.6243591,276.6054688,276.7794495,276.6073303,276.2826233,276.7136231,276.6394959,275.8674927,276.5767517,276.1824951,275.9554749,0,0,0,0,0,0,0,0,0,0,0,0,0,0,0,101492.5859,101470.2891,101426.9375,101490.5625,101484.6328,101486.7188,101487.0938,101475.7031,101507.8672,101471.6563,101451.2188,101484.0859,101452.0469,101457.9453,101505.1875,276.3175659,275.4088745,276.9642334,274.9857178,275.1886597,275.892273,274.2497559,275.1723633,275.2661133,275.0852661,275.3867188,273.7483521,275.9324951,274.9695435,273.2225342,15796315,15933811,16201163,15904139,15797883,15823987,15948259,15742051,15682363,15994523,15842307,15832987,16048371,15961891,15989803,85905.3125,86006.6875,84335,85765.1875,85943.8125,86231.9375,84478.625,84531.5,86227.1875,83774.3125,83367.3125,85151.6875,83497.1875,83161.1875,84284.1875,7774234,7944378,8252154,6867194,7376154,7998106,6490266,7090234,7767418,6548506,7038970,7424314,6917082,7079898,7133018,26448920,26448920,26448920,26396480,26396480,26396480,26344040,26344040,26343716,26290576,26290576,26290576,26238136,26238136,26238136,0.71888995,0.43307754,0.26318619,0.55909991,0.48355362,0.2990596,0.22264358,0.18106338,0.11549637,0.15432999,0.08471939,0.04831192,0.16266128,0.09456131,0.05337784,14.17419815,13.92248917,12.5027504,14.11792374,14.06006241,13.93268204,13.28589249,13.19482803,13.97790909,12.66760635,12.27338028,13.13391495,12.45557022,12.14569473,12.67065811,1.41882336,0.80151063,1.41542971,0.78710926,1.06431091,0.6266036,0.74677789,1.22583473,0.72312313,1.65831029,1.86109221,0.55471307,1.97948802,1.55849588,0.11508433,3.58265972,3.38314366,3.67864537,2.58377433,2.63358736,2.01859713,2.83108711,3.05473518,1.51027322,4.18120623,4.44035721,1.94537342,4.83049965,4.55223274,2.28605413,4.99012327,5.28637648,5.57407093,4.09279633,4.02751017,3.55256391,4.30873537,4.52351952,2.98385835,5.20415497,5.73702192,3.59100866,6.00696373,6.42297363,4.3996377,
2025/1/30 7:15,1.47561467,1.62649357,2.21116471,1.86053288,2.58228898,2.05842423,1.58978093,2.63438249,1.29527104,2.05575395,2.95364213,0.58512706,2.77499223,3.00651383,0.05271737,3.29287219,2.98113513,2.95044971,1.9417522,0.58321643,0.25236014,2.4665935,1.61889148,0.85956836,3.72593188,3.34702563,1.8264873,4.02241039,3.39251208,2.14043689,1.28094101,0.66627884,0.37807083,0.79990005,0.96785355,0.61968613,0.4904213,1.21829605,0.72681808,0.56460953,1.51545334,0.54838943,1.08921432,1.30559921,-0.06200029,0.63737458,0.46789521,1.35900843,0.05889864,-0.42149383,0.15530367,0.65786713,0.19636507,-0.01211576,1.58972132,1.07633936,0.02809115,1.67837489,0.82771271,0.03446932,0.8512277,1.48605442,3.2171793,2.14158726,3.21617222,3.21601963,2.47590733,3.63928318,2.41198826,2.90229893,3.91207981,1.53691196,3.77557468,4.32182407,1.45242405,4.91460991,5.08564568,4.61080742,3.67327666,2.54784942,1.6475656,3.69976592,2.81988311,1.85584807,4.42899895,4.23490715,3.23069549,4.73960686,4.66511345,3.99038482,3982833.75,4044705.75,4120049.75,2664353.75,3183601.75,3757697.75,2037489.75,2706017.75,3365265.75,2003361.75,2571425.75,2821761.75,2256817.75,2643073.75,2537761.75,13704.51563,13595.64063,15178.26563,13837.07813,13659.32813,13379.64063,15058.26563,14999.07813,13387.70313,15724.01563,16106.51563,14392.57813,15974.26563,16293.82813,15210.45313,278.4821167,278.5375366,278.625061,278.1380615,277.3565064,277.102417,277.5067139,277.079834,276.9644775,277.0975952,277.1664429,276.8092651,276.7283936,276.2272034,276.5066223,277.4700012,277.3621826,277.6201477,277.1298828,276.6943665,276.6400757,276.820282,276.6983337,276.3271179,276.7437134,276.6691589,275.8902588,276.5823975,276.1392822,275.9636841,0,0,0,0,0,0,0,0,0,0,0,0,0,0,0,101504.7031,101484.7813,101443.5938,101502.4297,101498,101501.4922,101499.8828,101488.8906,101520.75,101485.0625,101465.8281,101498.2656,101466.1641,101473.9844,101522.0469,276.6414795,275.5593262,276.8832703,275.2213135,275.348877,275.9310303,274.4043884,275.314148,275.3636475,275.1983643,275.4279785,273.7974854,275.9689636,274.8999023,273.2615967,15796774,15934322,16201676,15904650,15798396,15824632,15948770,15742562,15682956,15995034,15842820,15833498,16048858,15962226,15990314,85917.10938,86019.25,84347.53125,85776.46875,85955.85938,86244.57813,84489.95313,84543.0625,86239.15625,83785.42188,83378.70313,85163.23438,83508.25,83172.67188,84295.89063,7774748,7945092,8252708,6867588,7376804,7998780,6490604,7090748,7768036,6549020,7039484,7424884,6917596,7080412,7133716,26451090,26451224,26451654,26398540,26398568,26399052,26345832,26346020,26346100,26292624,26292706,26292972,26239804,26240158,26240184,0.77201295,0.54473329,0.38627458,0.60640168,0.60415483,0.44897294,0.30253434,0.31233048,0.27263474,0.1806891,0.13166261,0.08514618,0.14562058,0.24565721,0.07403397,14.21702576,14.01292419,12.61888123,14.15151978,14.13829041,14.04211426,13.3039856,13.24215698,14.05085754,12.63031006,12.24885559,13.12565613,12.37583923,12.08444214,12.6184082,1.43075371,0.81415808,1.41061735,0.80206555,1.05565023,0.63885063,0.82054996,1.23401964,0.72691905,1.6870085,1.85879135,0.54910845,2.00083232,1.5458647,0.07093779,3.60838556,3.39597535,3.68705869,2.68923497,2.64733028,2.07383585,2.93453336,3.09205127,1.55453694,4.2554307,4.46392012,1.91792321,4.88675404,4.53301907,2.14108586,4.98778296,5.298316,5.62225819,4.25198269,4.10308409,3.61348248,4.45178461,4.60392475,3.04333043,5.29522181,5.76531076,3.57763767,6.05960703,6.35935879,4.24649334,
2025/1/30 7:30,1.56195581,1.65601099,2.31332922,1.87561548,2.58115149,2.11575842,1.58472192,2.63126135,1.31894433,2.03400183,2.9450736,0.60349023,2.73456335,2.96799231,0.05429592,3.28341675,2.97976685,2.88684082,2.07513428,0.65487659,0.2394408,2.59405518,1.69668567,0.90429676,3.82330322,3.38616943,1.79199207,4.11962891,3.40115356,1.99539173,1.28340709,0.67627513,0.40552321,0.81271923,0.96817577,0.62642467,0.50293529,1.2210139,0.73131359,0.54919994,1.50362194,0.54395092,1.06245983,1.29256237,-0.03782091,0.65947545,0.47566804,1.34670067,0.11110505,-0.39954558,0.18050203,0.74190342,0.23448762,0.0097867,1.62587547,1.08916283,0.0104886,1.72182274,0.82469761,-0.00733367,0.98119831,1.53252888,3.31722736,2.20602131,3.24752522,3.28493977,2.48891926,3.6638155,2.4462862,2.87563801,3.88988972,1.51461506,3.7308321,4.23226643,1.36535358,4.89149523,5.08470201,4.60060167,3.82002306,2.63038683,1.64695787,3.86409044,2.92024279,1.90892076,4.55632067,4.29429674,3.22654772,4.84361315,4.66178942,3.85926867,3985279.5,4051743.5,4130815.5,2667423.5,3189375.5,3765407.5,2041023.5,2709727.5,3371711.5,2007391.5,2576287.5,2827935.5,2260991.5,2647775.5,2542495.5,13704.51563,13595.64063,15178.26563,13837.07813,13659.32813,13379.64063,15058.26563,14999.07813,13387.70313,15724.01563,16106.51563,14392.57813,15974.26563,16293.82813,15210.45313,278.6839905,278.5954895,278.6533203,278.2329407,277.4288025,277.1250305,277.5319214,277.1832581,277.0359192,277.124939,277.1955566,276.8450623,276.7253418,276.1798706,276.5231323,277.6431885,277.4160156,277.6068726,277.2134094,276.7644043,276.6746826,276.861145,276.7893677,276.3716431,276.7738342,276.6988525,275.9130554,276.5880127,276.0960693,275.9718628,0,0,0,0,0,0,0,0,0,0,0,0,0,0,0,101516.8125,101499.2656,101460.25,101514.2969,101511.3594,101516.2656,101512.6719,101502.0781,101533.625,101498.4688,101480.4375,101512.4375,101480.2813,101490.0313,101538.9063,276.9653626,275.7097473,276.8023071,275.4569092,275.5091248,275.9697571,274.559021,275.4559326,275.4611816,275.3114929,275.4692383,273.8465881,276.0054321,274.8302307,273.3006592,15797234,15934834,16202190,15905162,15798910,15825278,15949282,15743074,15683550,15995546,15843334,15834010,16049346,15962562,15990826,85928.90625,86031.8125,84360.0625,85787.75,85967.90625,86257.21875,84501.28125,84554.625,86251.125,83796.53125,83390.09375,85174.78125,83519.3125,83184.15625,84307.59375,7775262.5,7945806.5,8253262.5,6867982.5,7377454.5,7999454.5,6490942.5,7091262.5,7768654.5,6549534.5,7039998.5,7425454.5,6918110.5,7080926.5,7134414.5,26453260,26453528,26454388,26400600,26400658,26401624,26347624,26348002,26348486,26294672,26294836,26295366,26241470,26242180,26242232,0.82513595,0.656389,0.50936294,0.65370345,0.724756,0.59888625,0.38242507,0.44359756,0.42977309,0.20704819,0.17860581,0.12198044,0.12857987,0.39675307,0.0946901,14.25985336,14.10335922,12.73501205,14.18511581,14.2165184,14.15154648,13.3220787,13.28948593,14.123806,12.59301376,12.2243309,13.11739731,12.29610825,12.02318954,12.56615829,1.44292808,0.82680595,1.40643227,0.82027858,1.04737818,0.65191168,0.8963061,1.24332595,0.73137903,1.71612692,1.85665154,0.544052,2.02323866,1.53324616,0.03852537,3.63600492,3.40901494,3.69937038,2.79716206,2.66293192,2.12926412,3.03981328,3.13085914,1.59917688,4.33068228,4.48771667,1.89088237,4.94461107,4.51406956,1.99613035,4.98893547,5.31063461,5.67181921,4.41124773,4.17915726,3.67468357,4.59629345,4.68522835,3.10294938,5.38788939,5.79415464,3.56436086,6.11389351,6.29637671,4.09367132,
2025/1/30 7:45,1.64829695,1.6855284,2.41549373,1.89069808,2.58001399,2.1730926,1.57966292,2.62814021,1.34261763,2.01224971,2.93650508,0.62185347,2.69413447,2.92947078,0.05587448,3.27396107,2.97839832,2.8232317,2.20851612,0.72653675,0.22652146,2.72151661,1.77447987,0.94902515,3.92067432,3.425313,1.75749683,4.21684742,3.40979481,1.85034657,1.28587317,0.68627149,0.43297559,0.82553846,0.96849805,0.63316327,0.51544935,1.22373176,0.73580915,0.53379041,1.49179053,0.53951246,1.03570533,1.27952552,-0.01364153,0.68157625,0.48344088,1.33439302,0.16331147,-0.37759733,0.20570038,0.82593966,0.27261019,0.03168915,1.66202974,1.10198641,-0.00711395,1.76527071,0.82168245,-0.04913665,1.11116886,1.57900333,3.41727543,2.27045536,3.27887821,3.3538599,2.50193119,3.68834782,2.48058414,2.84897709,3.86769962,1.49231815,3.68608952,4.14270878,1.27828312,4.86838055,5.08375835,4.59039593,3.96676946,2.71292424,1.64635015,4.02841473,3.02060246,1.96199346,4.68364239,4.35368633,3.22239995,4.94761944,4.65846539,3.72815251,3987725.25,4058781.25,4141581.25,2670493.25,3195149.25,3773117.25,2044557.25,2713437.25,3378157.25,2011421.25,2581149.25,2834109.25,2265165.25,2652477.25,2547229.25,13704.51563,13595.64063,15178.26563,13837.07813,13659.32813,13379.64063,15058.26563,14999.07813,13387.70313,15724.01563,16106.51563,14392.57813,15974.26563,16293.82813,15210.45313,278.8858643,278.6534424,278.6815796,278.3278198,277.5010986,277.147644,277.5571289,277.2866821,277.1073608,277.1522827,277.2246704,276.8808594,276.72229,276.1325378,276.5396423,277.8164063,277.4698792,277.5935669,277.296936,276.8344116,276.7092896,276.9019775,276.8803711,276.4161377,276.8039551,276.7285156,275.9358521,276.5936585,276.0528565,275.980072,0,0,0,0,0,0,0,0,0,0,0,0,0,0,0,101528.9297,101513.75,101476.9141,101526.1641,101524.7266,101531.0391,101525.4609,101515.2656,101546.5078,101511.875,101495.0469,101526.6094,101494.3906,101506.0781,101555.7656,277.2892456,275.8601685,276.721344,275.6925049,275.6693726,276.0084839,274.7136536,275.5977173,275.5587158,275.4246216,275.5104981,273.8956909,276.0419006,274.7605591,273.3397217,15797693,15935345,16202703,15905673,15799423,15825923,15949793,15743585,15684143,15996057,15843847,15834521,16049833,15962897,15991337,85940.70313,86044.375,84372.59375,85799.03125,85979.95313,86269.85938,84512.60938,84566.1875,86263.09375,83807.64063,83401.48438,85186.32813,83530.375,83195.64063,84319.29688,7775777,7946521,8253817,6868377,7378105,8000129,6491281,7091777,7769273,6550049,7040513,7426025,6918625,7081441,7135113,26455430,26455832,26457122,26402660,26402748,26404196,26349416,26349984,26350872,26296720,26296966,26297760,26243136,26244202,26244280,0.878259,0.76804477,0.63245136,0.70100528,0.84535724,0.74879962,0.46231583,0.57486469,0.5869115,0.23340729,0.22554901,0.15881471,0.11153916,0.547849,0.11534623,14.30268097,14.19379425,12.85114288,14.21871185,14.2947464,14.2609787,13.34017181,13.33681488,14.19675446,12.55571747,12.19980621,13.10913849,12.21637726,11.96193695,12.51390839,1.4553405,0.83945441,1.40288007,0.84153688,1.03950381,0.665739,0.97358322,1.25372875,0.7364912,1.74564457,1.85467327,0.53955936,2.04667187,1.52064049,0.05099512,3.66547465,3.42225981,3.71554136,2.90728092,2.6803596,2.18486691,3.14674234,3.17110395,1.64416265,4.40690756,4.51174355,1.86426854,5.00401449,4.4953866,1.85118997,4.99357843,5.32333088,5.72271872,4.57058287,4.25570202,3.73615384,4.74212885,4.76738405,3.16270709,5.4820776,5.82354593,3.55117941,6.16978073,6.23404646,3.94120908,
2025/1/30 8:00,1.73463809,1.71504581,2.51765823,1.90578067,2.5788765,2.23042679,1.57460392,2.62501907,1.36629093,1.99049747,2.92793655,0.64021671,2.6537056,2.89094925,0.05745304,3.26450539,2.9770298,2.75962257,2.34189796,0.79819685,0.21360213,2.84897804,1.85227394,0.99375349,4.01804543,3.46445656,1.72300148,4.31406593,3.41843605,1.70530128,1.28833938,0.69626784,0.460428,0.83835769,0.96882033,0.63990188,0.5279634,1.22644973,0.74030471,0.51838088,1.47995925,0.535074,1.00895095,1.26648879,0.01053785,0.70367706,0.49121368,1.32208526,0.21551788,-0.35564911,0.23089874,0.90997589,0.31073272,0.05359161,1.69818389,1.11480987,-0.0247165,1.80871856,0.81866729,-0.09093964,1.24113941,1.62547779,3.51732349,2.33488941,3.31023121,3.42278004,2.51494312,3.71288013,2.51488209,2.82231617,3.84550953,1.47002125,3.64134693,4.05315113,1.19121265,4.84526634,5.08281517,4.58019066,4.11351585,2.79546165,1.64574242,4.19273949,3.12096214,2.01506615,4.81096458,4.4130764,3.21825218,5.05162621,4.65514183,3.59703636,3990171,4065819,4152347,2673563,3200923,3780827,2048091,2717147,3384603,2015451,2586011,2840283,2269339,2657179,2551963,13704.51563,13595.64063,15178.26563,13837.07813,13659.32813,13379.64063,15058.26563,14999.07813,13387.70313,15724.01563,16106.51563,14392.57813,15974.26563,16293.82813,15210.45313,279.0877686,278.7114258,278.7098389,278.4227295,277.5733643,277.1702881,277.5823364,277.3900757,277.178772,277.1796265,277.2537842,276.916687,276.7192383,276.0852051,276.5561523,277.989624,277.5237427,277.5802612,277.3804321,276.904419,276.7438965,276.9428101,276.9713745,276.4606323,276.8340454,276.7581787,275.9586182,276.5993042,276.0096436,275.9882813,0,0,0,0,0,0,0,0,0,0,0,0,0,0,0,101541.0469,101528.2422,101493.5703,101538.0313,101538.0938,101545.8125,101538.25,101528.4531,101559.3906,101525.2813,101509.6563,101540.7891,101508.5078,101522.1172,101572.625,277.6131592,276.0106201,276.6403809,275.9281006,275.8295898,276.0472412,274.8682861,275.739502,275.65625,275.5377197,275.5517578,273.9448242,276.0783691,274.690918,273.3787842,15798152,15935856,16203216,15906184,15799936,15826568,15950304,15744096,15684736,15996568,15844360,15835032,16050320,15963232,15991848,85952.5,86056.9375,84385.125,85810.3125,85992,86282.5,84523.9375,84577.75,86275.0625,83818.75,83412.875,85197.875,83541.4375,83207.125,84331,7776291,7947235,8254371,6868771,7378755,8000803,6491619,7092291,7769891,6550563,7041027,7426595,6919139,7081955,7135811,26457600,26458136,26459856,26404720,26404836,26406768,26351208,26351964,26353256,26298768,26299096,26300156,26244804,26246224,26246328,0.931382,0.87970048,0.75553972,0.74830705,0.96595842,0.89871293,0.54220659,0.70613176,0.74404985,0.2597664,0.27249223,0.19564897,0.09449846,0.69894487,0.13600236,14.34550858,14.28422928,12.96727371,14.25230789,14.3729744,14.37041092,13.35826492,13.38414383,14.26970291,12.51842117,12.17528152,13.10087967,12.13664627,11.90068436,12.46165848,1.46798491,0.85210311,1.39996552,0.86561626,1.03203642,0.68028569,1.0520463,1.26520109,0.74224192,1.77554142,1.85285747,0.53564453,2.07109761,1.50804842,0.09154816,3.69675064,3.43570781,3.73552132,3.01935196,2.69957805,2.24063134,3.25515819,3.2127316,1.68946648,4.48405743,4.53599739,1.83809996,5.06491041,4.47697353,1.70626879,5.00170279,5.33640194,5.77492046,4.72998142,4.33269405,3.79787993,4.88917208,4.85034895,3.22259569,5.57770967,5.85347652,3.53809404,6.2272253,6.17238855,3.78915,
2025/1/30 8:15,1.64915514,1.67015123,2.44239855,1.85757494,2.51768541,2.1145637,1.5798192,2.60607958,1.30952501,1.97699022,2.8848424,0.59211785,2.61348009,2.80961657,-0.01086372,3.31765223,3.05639124,2.86896753,2.43378687,0.9388985,0.31080097,2.88532495,1.87833631,0.95882648,3.99529505,3.41080713,1.62751234,4.32251978,3.43633509,1.66420972,1.32107687,0.8210997,0.55452865,0.92337936,1.01011801,0.62994522,0.58532852,1.33203268,0.75142044,0.62034744,1.54729605,0.50805038,1.08983755,1.31886435,-0.07605608,0.92667359,0.68053406,1.44541144,0.32674378,-0.43573791,0.18439454,1.03806281,0.38378114,0.0822522,1.84065974,1.23354316,-0.03748351,1.91030085,0.90566224,-0.13968688,1.10526228,1.52806807,3.43935347,2.25011396,3.23639631,3.33744001,2.51622725,3.68460798,2.45444441,2.81499434,3.80495405,1.40758467,3.59549665,3.98990583,1.12070417,4.93327618,5.19972515,4.73764324,4.22168255,2.96477056,1.77138066,4.26298809,3.19099736,2.00215459,4.86268902,4.4289732,3.15454412,5.11105633,4.69241619,3.56315923,4062311.25,4165927.25,4313719,2767399.25,3282343.25,3910791.25,2189815.25,2842407.25,3542823.25,2234183.25,2802503.25,3072183.25,2528327.25,2908599.25,2794103.25,13704.51563,13595.64063,15178.26563,13837.07813,13659.32813,13379.64063,15058.26563,14999.07813,13387.70313,15724.01563,16106.51563,14392.57813,15974.26563,16293.82813,15210.45313,279.8181152,279.5982666,279.4793091,279.2311401,278.4237061,278.0310059,278.3882446,278.0999756,277.9466553,277.8241577,277.8922119,277.7025147,277.2525024,276.7911987,277.2243042,278.3237915,277.8562622,278.0487671,277.8011475,277.3653259,277.2831726,277.4007568,277.4871216,276.9499817,277.357666,277.2449951,276.4278565,277.1079712,276.5784912,276.3470459,0,0,0,0,0,0,0,0,0,0,0,0,0,0,0,101547.4375,101532.6016,101500.625,101544.6875,101543.5469,101553.3281,101545.5781,101536.0859,101568.4453,101534.6328,101519.5156,101551.3516,101519.4375,101532.0234,101581.4531,278.7798462,277.6768799,278.0159302,277.4345093,277.2796631,277.4500122,276.4276733,276.9740295,277.0821838,276.6968994,276.6921082,275.6750488,276.8718567,275.8397827,275.0871277,15863770,16003668,16274296,15972214,15866180,15894210,16016568,15809956,15751104,16063438,15911246,15902698,16117608,16030916,16060322,85958.8125,86063.0625,84392.29688,85817.01563,85998.5,86289.53125,84531.21875,84585.1875,86282.95313,83826.79688,83421.14063,85206.70313,83550.14063,83215.84375,84340.09375,7824896,8001160,8318992,6921120,7429400,8060576,6552128,7150312,7834912,6624400,7114600,7503224,6999424,7160920,7213920,26631250,26633804,26637248,26577566,26579560,26583160,26523272,26525640,26528754,26469842,26472148,26474822,26415104,26418308,26420524,0.77989566,0.73118675,0.64564788,0.6206311,0.7885493,0.73197639,0.46426666,0.60284603,0.61238277,0.24880874,0.25282276,0.17809761,0.16096771,0.59051025,0.15358913,14.06687164,14.00996399,12.73873901,14.06517792,14.17028046,14.18689728,13.25212097,13.27653503,14.17207336,12.50849915,12.17679596,13.10227203,12.18200684,11.94536591,12.49725342,1.61368155,1.06645739,1.54813313,0.97948503,1.1000936,0.65637821,1.19171464,1.38621747,0.75590879,1.94238496,1.9788264,0.50943124,2.19931698,1.59988356,0.15905015,3.70493293,3.48294878,3.7677958,3.06168318,2.68705606,2.13728261,3.28951788,3.21244407,1.62302303,4.45767546,4.46720505,1.73187757,5.0511837,4.43873215,1.66424513,5.05557299,5.41960621,5.85443544,4.7838912,4.38909149,3.77839851,4.95019865,4.8743,3.16747856,5.6187129,5.83896208,3.45433688,6.24903917,6.15939283,3.73524857,
2025/1/30 8:30,1.5636723,1.62525678,2.3671391,1.80936933,2.45649457,1.99870038,1.58503461,2.58714032,1.25275922,1.9634831,2.84174848,0.54401898,2.57325482,2.72828412,-0.07918048,3.37079883,3.13575244,2.97831225,2.52567554,1.07960021,0.40799984,2.92167163,1.90439868,0.92389953,3.97254443,3.35715747,1.53202319,4.33097363,3.45423388,1.62311816,1.35381424,0.94593155,0.64862931,1.00840104,1.05141556,0.61998856,0.64269364,1.43761551,0.76253617,0.722314,1.61463273,0.48102677,1.17072403,1.37123978,-0.16264999,1.14967012,0.86985445,1.56873751,0.43796968,-0.5158267,0.13789034,1.16614962,0.45682955,0.1109128,1.9831357,1.35227633,-0.05025053,2.01188326,0.99265718,-0.18843412,0.96938515,1.43065834,3.36138344,2.16533852,3.16256142,3.25209999,2.51751137,3.65633583,2.39400673,2.8076725,3.76439857,1.34514809,3.54964638,3.92666054,1.05019569,5.02128649,5.31663561,4.8950963,4.32984972,3.13407946,1.89701891,4.33323717,3.26103258,1.98924303,4.91441393,4.44487047,3.09083605,5.17048693,4.72969103,3.52928209,4134451.5,4266035.5,4475091.5,2861235.5,3363763.5,4040755.5,2331539.5,2967667.5,3701043.5,2452915.5,3018995.5,3304083.5,2787315.5,3160019.5,3036243.5,13704.51563,13595.64063,15178.26563,13837.07813,13659.32813,13379.64063,15058.26563,14999.07813,13387.70313,15724.01563,16106.51563,14392.57813,15974.26563,16293.82813,15210.45313,280.5484619,280.4851379,280.2487488,280.0395508,279.2740479,278.8917236,279.1941834,278.809906,278.7145691,278.4687195,278.5306397,278.4883728,277.7857361,277.4972229,277.8924255,278.657959,278.1887817,278.5172424,278.2218933,277.8262329,277.8224487,277.8586731,278.0028992,277.4393311,277.8812561,277.731842,276.8970642,277.6166077,277.1473389,276.7058106,0,0,0,0,0,0,0,0,0,0,0,0,0,0,0,101553.8203,101536.9531,101507.6719,101551.3359,101549.0078,101560.8359,101552.9063,101543.7188,101577.5,101543.9844,101529.375,101561.9219,101530.3594,101541.9219,101590.2891,279.9465027,279.3431397,279.391449,278.940918,278.7297058,278.8528137,277.9870911,278.2085571,278.5081177,277.8560486,277.8324585,277.4052429,277.6653442,276.988678,276.7954712,15929388,16071480,16345376,16038244,15932424,15961852,16082832,15875816,15817472,16130308,15978132,15970364,16184896,16098600,16128796,85965.125,86069.1875,84399.46875,85823.71875,86005,86296.5625,84538.5,84592.625,86290.84375,83834.84375,83429.40625,85215.53125,83558.84375,83224.5625,84349.1875,7873501,8055085,8383613,6973469,7480045,8120349,6612637,7208333,7899933,6698237,7188173,7579853,7079709,7239885,7292029,26804900,26809474,26814638,26750412,26754286,26759552,26695338,26699314,26704252,26640916,26645202,26649488,26585402,26590392,26594722,0.62840933,0.58267301,0.53575605,0.49295515,0.61114019,0.56523985,0.38632673,0.4995603,0.48071569,0.23785108,0.23315328,0.16054624,0.22743696,0.48207563,0.1711759,13.78823471,13.7356987,12.51020432,13.87804794,13.96758652,14.00338364,13.14597702,13.16892624,14.07444382,12.49857712,12.17831039,13.1036644,12.2273674,11.99004745,12.53284836,1.77610648,1.28508103,1.69754446,1.09940445,1.17113268,0.63513744,1.33152544,1.50845337,0.7705602,2.11058402,2.10610771,0.48364437,2.32771754,1.69282806,0.24892256,3.71582508,3.53191209,3.80443048,3.10690427,2.6832633,2.03991842,3.32392836,3.21248031,1.55659759,4.43129492,4.39841366,1.62574649,5.03775454,4.40173435,1.6250484,5.1140027,5.50576067,5.93808603,4.84110403,4.45244312,3.76494813,5.01146793,4.89929819,3.11261249,5.65990162,5.82473803,3.37085915,6.27167606,6.14724684,3.68221998,
2025/1/30 8:45,1.47818947,1.58036232,2.29187965,1.76116371,2.39530373,1.8828373,1.59025002,2.56820107,1.19599342,1.94997597,2.79865456,0.49592012,2.53302956,2.64695168,-0.14749724,3.42394543,3.21511364,3.08765697,2.6175642,1.22030187,0.50519872,2.9580183,1.93046117,0.88897252,3.94979382,3.3035078,1.43653417,4.33942699,3.47213268,1.58202672,1.38655162,1.07076335,0.74272996,1.09342265,1.09271312,0.6100319,0.70005876,1.54319835,0.7736519,0.82428056,1.6819694,0.45400316,1.25161052,1.42361522,-0.24924392,1.3726666,1.05917478,1.69206357,0.54919559,-0.5959155,0.09138614,1.29423642,0.52987796,0.1395734,2.12561154,1.47100949,-0.06301755,2.11346555,1.07965207,-0.23718137,0.83350801,1.33324862,3.28341341,2.08056307,3.08872652,3.16675997,2.51879549,3.62806368,2.33356905,2.80035067,3.7238431,1.28271151,3.5037961,3.86341524,0.97968721,5.1092968,5.43354607,5.05254936,4.43801689,3.30338836,2.02265716,4.40348625,3.3310678,1.97633147,4.96613884,4.46076775,3.02712798,5.22991753,4.76696587,3.49540496,4206592,4366144,4636464,2955071.75,3445183.75,4170719.75,2473263.75,3092927.75,3859263.75,2671647.75,3235487.75,3535983.75,3046303.75,3411439.75,3278383.75,13704.51563,13595.64063,15178.26563,13837.07813,13659.32813,13379.64063,15058.26563,14999.07813,13387.70313,15724.01563,16106.51563,14392.57813,15974.26563,16293.82813,15210.45313,281.2788086,281.3720093,281.0181885,280.8479614,280.1243897,279.7524414,280.0001221,279.5198364,279.4824829,279.1132813,279.1690674,279.274231,278.3189697,278.2032471,278.5605469,278.9921265,278.5213013,278.9857178,278.6426392,278.2871399,278.3617249,278.3165894,278.5186768,277.9286804,278.4048462,278.218689,277.366272,278.1252441,277.7161865,277.0645752,0,0,0,0,0,0,0,0,0,0,0,0,0,0,0,101560.2031,101541.3125,101514.7266,101557.9844,101554.4688,101568.3438,101560.2422,101551.3516,101586.5625,101553.3359,101539.2344,101572.4844,101541.2891,101551.8281,101599.125,281.1131592,281.0093994,280.7669678,280.4473267,280.1797485,280.2556152,279.5465088,279.4430847,279.9340515,279.0151978,278.9728088,279.135437,278.4588318,278.1375732,278.5038147,15995007,16139293,16416457,16104275,15998669,16029495,16149097,15941677,15883841,16197179,16045019,16038031,16252185,16166285,16197271,85971.4375,86075.3125,84406.64063,85830.42188,86011.5,86303.59375,84545.78125,84600.0625,86298.73438,83842.89063,83437.67188,85224.35938,83567.54688,83233.28125,84358.28125,7922106,8109010,8448234,7025818,7530690,8180122,6673146,7266354,7964954,6772074,7261746,7656482,7159994,7318850,7370138,26978550,26985144,26992028,26923258,26929012,26935944,26867404,26872988,26879750,26811990,26818256,26824154,26755700,26762476,26768920,0.47692299,0.43415928,0.42586422,0.3652792,0.43373108,0.3985033,0.3083868,0.39627457,0.34904861,0.22689342,0.21348381,0.14299488,0.29390621,0.37364101,0.18876266,13.50959873,13.46143436,12.28167057,13.69091892,13.76489353,13.81987095,13.03983402,13.0613184,13.97681522,12.48865604,12.17982578,13.10505772,12.27272892,12.03472996,12.56844425,1.95108664,1.50611603,1.84789789,1.22359669,1.24464345,0.61683899,1.47143817,1.63163471,0.78614122,2.27983832,2.23447752,0.45835584,2.45627069,1.78670895,0.34406036,3.72940302,3.58252716,3.84530067,3.15489149,2.68823671,1.94943631,3.35838771,3.21283937,1.49019206,4.40491533,4.32962275,1.51972604,5.02462578,4.36601162,1.58888769,5.17683792,5.59472752,6.02570009,4.90150356,4.52245569,3.75759363,5.07296991,4.92532825,3.05801105,5.70127153,5.81080532,3.28768182,6.29512691,6.13595486,3.6301024,
