Timestamp,100u_23.8_103.2,100u_23.8_103.3,100u_23.8_103.4,100u_23.9_103.2,100u_23.9_103.3,100u_23.9_103.4,100u_24.0_103.2,100u_24.0_103.3,100u_24.0_103.4,100u_24.1_103.2,100u_24.1_103.3,100u_24.1_103.4,100u_24.2_103.2,100u_24.2_103.3,100u_24.2_103.4,100v_23.8_103.2,100v_23.8_103.3,100v_23.8_103.4,100v_23.9_103.2,100v_23.9_103.3,100v_23.9_103.4,100v_24.0_103.2,100v_24.0_103.3,100v_24.0_103.4,100v_24.1_103.2,100v_24.1_103.3,100v_24.1_103.4,100v_24.2_103.2,100v_24.2_103.3,100v_24.2_103.4,10u_23.8_103.2,10u_23.8_103.3,10u_23.8_103.4,10u_23.9_103.2,10u_23.9_103.3,10u_23.9_103.4,10u_24.0_103.2,10u_24.0_103.3,10u_24.0_103.4,10u_24.1_103.2,10u_24.1_103.3,10u_24.1_103.4,10u_24.2_103.2,10u_24.2_103.3,10u_24.2_103.4,10v_23.8_103.2,10v_23.8_103.3,10v_23.8_103.4,10v_23.9_103.2,10v_23.9_103.3,10v_23.9_103.4,10v_24.0_103.2,10v_24.0_103.3,10v_24.0_103.4,10v_24.1_103.2,10v_24.1_103.3,10v_24.1_103.4,10v_24.2_103.2,10v_24.2_103.3,10v_24.2_103.4,200u_23.8_103.2,200u_23.8_103.3,200u_23.8_103.4,200u_23.9_103.2,200u_23.9_103.3,200u_23.9_103.4,200u_24.0_103.2,200u_24.0_103.3,200u_24.0_103.4,200u_24.1_103.2,200u_24.1_103.3,200u_24.1_103.4,200u_24.2_103.2,200u_24.2_103.3,200u_24.2_103.4,200v_23.8_103.2,200v_23.8_103.3,200v_23.8_103.4,200v_23.9_103.2,200v_23.9_103.3,200v_23.9_103.4,200v_24.0_103.2,200v_24.0_103.3,200v_24.0_103.4,200v_24.1_103.2,200v_24.1_103.3,200v_24.1_103.4,200v_24.2_103.2,200v_24.2_103.3,200v_24.2_103.4,dsrp_23.8_103.2,dsrp_23.8_103.3,dsrp_23.8_103.4,dsrp_23.9_103.2,dsrp_23.9_103.3,dsrp_23.9_103.4,dsrp_24.0_103.2,dsrp_24.0_103.3,dsrp_24.0_103.4,dsrp_24.1_103.2,dsrp_24.1_103.3,dsrp_24.1_103.4,dsrp_24.2_103.2,dsrp_24.2_103.3,dsrp_24.2_103.4,gh_23.8_103.2,gh_23.8_103.3,gh_23.8_103.4,gh_23.9_103.2,gh_23.9_103.3,gh_23.9_103.4,gh_24.0_103.2,gh_24.0_103.3,gh_24.0_103.4,gh_24.1_103.2,gh_24.1_103.3,gh_24.1_103.4,gh_24.2_103.2,gh_24.2_103.3,gh_24.2_103.4,2t_23.8_103.2,2t_23.8_103.3,2t_23.8_103.4,2t_23.9_103.2,2t_23.9_103.3,2t_23.9_103.4,2t_24.0_103.2,2t_24.0_103.3,2t_24.0_103.4,2t_24.1_103.2,2t_24.1_103.3,2t_24.1_103.4,2t_24.2_103.2,2t_24.2_103.3,2t_24.2_103.4,2d_23.8_103.2,2d_23.8_103.3,2d_23.8_103.4,2d_23.9_103.2,2d_23.9_103.3,2d_23.9_103.4,2d_24.0_103.2,2d_24.0_103.3,2d_24.0_103.4,2d_24.1_103.2,2d_24.1_103.3,2d_24.1_103.4,2d_24.2_103.2,2d_24.2_103.3,2d_24.2_103.4,hcc_23.8_103.2,hcc_23.8_103.3,hcc_23.8_103.4,hcc_23.9_103.2,hcc_23.9_103.3,hcc_23.9_103.4,hcc_24.0_103.2,hcc_24.0_103.3,hcc_24.0_103.4,hcc_24.1_103.2,hcc_24.1_103.3,hcc_24.1_103.4,hcc_24.2_103.2,hcc_24.2_103.3,hcc_24.2_103.4,msl_23.8_103.2,msl_23.8_103.3,msl_23.8_103.4,msl_23.9_103.2,msl_23.9_103.3,msl_23.9_103.4,msl_24.0_103.2,msl_24.0_103.3,msl_24.0_103.4,msl_24.1_103.2,msl_24.1_103.3,msl_24.1_103.4,msl_24.2_103.2,msl_24.2_103.3,msl_24.2_103.4,skt_23.8_103.2,skt_23.8_103.3,skt_23.8_103.4,skt_23.9_103.2,skt_23.9_103.3,skt_23.9_103.4,skt_24.0_103.2,skt_24.0_103.3,skt_24.0_103.4,skt_24.1_103.2,skt_24.1_103.3,skt_24.1_103.4,skt_24.2_103.2,skt_24.2_103.3,skt_24.2_103.4,ssrc_23.8_103.2,ssrc_23.8_103.3,ssrc_23.8_103.4,ssrc_23.9_103.2,ssrc_23.9_103.3,ssrc_23.9_103.4,ssrc_24.0_103.2,ssrc_24.0_103.3,ssrc_24.0_103.4,ssrc_24.1_103.2,ssrc_24.1_103.3,ssrc_24.1_103.4,ssrc_24.2_103.2,ssrc_24.2_103.3,ssrc_24.2_103.4,sp_23.8_103.2,sp_23.8_103.3,sp_23.8_103.4,sp_23.9_103.2,sp_23.9_103.3,sp_23.9_103.4,sp_24.0_103.2,sp_24.0_103.3,sp_24.0_103.4,sp_24.1_103.2,sp_24.1_103.3,sp_24.1_103.4,sp_24.2_103.2,sp_24.2_103.3,sp_24.2_103.4,ssrd_23.8_103.2,ssrd_23.8_103.3,ssrd_23.8_103.4,ssrd_23.9_103.2,ssrd_23.9_103.3,ssrd_23.9_103.4,ssrd_24.0_103.2,ssrd_24.0_103.3,ssrd_24.0_103.4,ssrd_24.1_103.2,ssrd_24.1_103.3,ssrd_24.1_103.4,ssrd_24.2_103.2,ssrd_24.2_103.3,ssrd_24.2_103.4,tisr_23.8_103.2,tisr_23.8_103.3,tisr_23.8_103.4,tisr_23.9_103.2,tisr_23.9_103.3,tisr_23.9_103.4,tisr_24.0_103.2,tisr_24.0_103.3,tisr_24.0_103.4,tisr_24.1_103.2,tisr_24.1_103.3,tisr_24.1_103.4,tisr_24.2_103.2,tisr_24.2_103.3,tisr_24.2_103.4,tcc_23.8_103.2,tcc_23.8_103.3,tcc_23.8_103.4,tcc_23.9_103.2,tcc_23.9_103.3,tcc_23.9_103.4,tcc_24.0_103.2,tcc_24.0_103.3,tcc_24.0_103.4,tcc_24.1_103.2,tcc_24.1_103.3,tcc_24.1_103.4,tcc_24.2_103.2,tcc_24.2_103.3,tcc_24.2_103.4,tcwv_23.8_103.2,tcwv_23.8_103.3,tcwv_23.8_103.4,tcwv_23.9_103.2,tcwv_23.9_103.3,tcwv_23.9_103.4,tcwv_24.0_103.2,tcwv_24.0_103.3,tcwv_24.0_103.4,tcwv_24.1_103.2,tcwv_24.1_103.3,tcwv_24.1_103.4,tcwv_24.2_103.2,tcwv_24.2_103.3,tcwv_24.2_103.4,ws10_1,ws10_2,ws10_3,ws10_4,ws10_5,ws10_6,ws10_7,ws10_8,ws10_9,ws10_10,ws10_11,ws10_12,ws10_13,ws10_14,ws10_15,ws100_1,ws100_2,ws100_3,ws100_4,ws100_5,ws100_6,ws100_7,ws100_8,ws100_9,ws100_10,ws100_11,ws100_12,ws100_13,ws100_14,ws100_15,ws200_1,ws200_2,ws200_3,ws200_4,ws200_5,ws200_6,ws200_7,ws200_8,ws200_9,ws200_10,ws200_11,ws200_12,ws200_13,ws200_14,ws200_15
2025-05-05 19:15:00,3.3854115,3.046117025,3.99405425,3.9824575,3.8675892,4.450108775,4.12540175,3.98630255,3.87070205,4.457799075,3.9468739,3.030370025,4.404698525000001,3.905186875,2.389622875,4.355908875,4.4389165,4.243360024999999,3.906934275,4.19978075,4.44422675,3.80732485,3.990613475,3.885205725,3.639661375,3.8434577,3.906323925,3.730725775,3.7636847,4.6637091,2.055660415,1.71484014,2.24999635,2.467769825,2.372066675,2.749019825,2.39550424,2.342769825,2.279293275,2.678707325,2.267574525,1.654293265,2.66991825,2.155269825,1.026363615,2.818619475,2.724869475,2.4304359250000003,2.4558265500000003,2.56031865,2.737564825,2.323990575,2.424088275,2.39039675,2.25416635,2.330826525,2.39430305,2.34254525,2.2307289,2.7038734,4.036918125000001,3.70659575,4.7947917,4.60863445,4.512992475,5.184928425,4.882071874999999,4.74474275,4.5547405,5.203177999999999,4.7634195,3.70598555,5.09648845,4.755851275,3.17028,4.84643975,4.99756295,4.978641975,4.41620305,4.733647,5.05017515,4.370304675,4.556034550000001,4.391972075,4.14136185,4.407536,4.394840825,4.266483675,4.3518718750000005,5.1897015,26640609.0,26763105.0,26935265.0,26354529.0,26525537.0,26586401.0,25819297.0,25953121.0,26066081.0,25111457.0,25200225.0,25527201.0,24755233.0,24855649.0,25393953.0,1397.4502,1386.4502,1547.9502,1410.9502,1392.9502,1364.4502,1535.4502,1529.4502,1364.9502,1603.4502,1642.4502,1467.4502,1628.9502,1661.4502,1550.9502,300.51057000000003,300.4041175,298.50275,300.59552499999995,300.74982,301.00860750000004,299.49201500000004,299.74201500000004,301.4441525,299.18732,298.80744,300.5222775,299.0808725,298.60529,299.62481749999995,284.749635,284.6685775,284.337525,284.27307,284.181275,284.2291275,284.01233,283.8433825,283.96838,283.59631,283.5514,283.6773575,283.2457175,283.214485,283.54553,0.0,0.0,0.0,0.0,0.0,0.0,0.0,0.0,0.0,0.000732421875,0.000732421875,0.0,0.0,0.0,0.0,100352.3725,100351.81,100428.81,100342.8725,100328.435,100304.185,100385.6225,100368.6225,100278.06,100401.3725,100412.7475,100322.56,100394.4975,100404.7475,100349.9975,300.49054,299.98663,297.573545,300.4973775,300.13116749999995,300.3167075,298.752255,298.95636249999995,300.7981575,299.00811250000004,298.077445,299.8880075,298.708325,297.7796025,298.371395,23178276.0,23323204.0,23615044.0,23460068.0,23367844.0,23365508.0,23654084.0,23455012.0,23340964.0,23789860.0,23652324.0,23602244.0,23885508.0,23836644.0,23860324.0,85376.89125,85482.89125,83930.89125,85240.89125,85408.89125,85680.89125,84030.89125,84080.89125,85656.89125,83374.89125,83004.89125,84668.89125,83118.89125,82814.89125,83862.89125,25081864.0,25126792.0,25125800.0,24849512.0,24975592.0,25015912.0,24494728.0,24609736.0,24753192.0,24072808.0,24114248.0,24366952.0,23908456.0,23877960.0,24257800.0,39021132.5,39023757.5,39026823.5,39023527.5,39026310.0,39029209.5,39025935.0,39028867.5,39031605.0,39027440.0,39030653.0,39033866.0,39029711.5,39032921.5,39036131.5,0.104917255,0.128354755,0.120542255,0.1527688175,0.163511005,0.1254250675,0.171323505,0.2250344349999999,0.210386005,0.190854755,0.2806984975,0.295346935,0.2416359974999999,0.4056984975,0.41839381,28.008309,27.8012775,25.4692455,28.160652,28.141121,28.02198,27.0727615,27.0649495,28.4926835,26.57471475,26.61963625,28.12158975,26.172371,26.63916825,27.76026125,3.4886036585784934,3.219563691176492,3.312023907000662,3.4815186273902707,3.4902624400155613,3.8796096671340936,3.337569887889512,3.371168108819702,3.302903942876751,3.500962562850534,3.251868157855197,2.910218772165361,3.551898324837104,3.101828403353535,2.892119228770389,5.516788300418643,5.383568391315105,5.82739853225357,5.578898024563276,5.709326104543968,6.289246339168754,5.613792132982,5.640532237917631,5.484264571065749,5.754920287696238,5.509081654340449,4.943936599052005,5.772320495640079,5.42363411834596,5.240274807120909,6.307510301088187,6.2220967119718384,6.912083865349204,6.382974296717488,6.540222855531425,7.237938367936723,6.552418541652607,6.577996243877863,6.327328008719009,6.650108215083376,6.489725643220695,5.748822033590489,6.646583894755629,6.446464935632176,6.081420634810772
2025-05-05 19:30:00,2.8912797,2.50272985,3.6320025,3.414229,3.4425492,4.25626995,3.6659379,3.7705521,3.6980424,4.14396515,3.8254838,2.77152875,4.321455350000001,3.81413125,2.07548375,4.65039925,4.750985,4.56397335,4.09107305,4.3942955,4.7896815,3.8769617,4.11634165,4.19287965,3.68250375,3.9087,3.99976445,3.74475955,3.8209314,4.6712732,1.60714383,1.24972198,1.8864407,1.93526885,1.98995635,2.48995635,1.91964388,2.07589385,1.99581575,2.31026885,2.05050325,1.31612823,2.4762845,1.97433135,0.72823763,2.7987866500000003,2.6894116500000003,2.52046635,2.3212476,2.4423413,2.7909741500000003,2.14741945,2.33589605,2.4306225,2.1308179000000003,2.22359135,2.2392163,2.2392163,2.1210523,2.4618726,3.63758275,3.2362155,4.4294529,4.1128025,4.14295395,5.05542945,4.50049775,4.600839499999999,4.495493,4.988657,4.750985999999999,3.5811863,5.0916843,4.78174785,3.0022068,5.2586765,5.4119969,5.366342550000001,4.7536717,5.066538,5.5423679,4.55860335,4.7916355,4.81653785,4.2796727,4.584238,4.58863265,4.34876435,4.51783175,5.316782,26685434.0,26809082.0,26983674.0,26400250.0,26569978.0,26630266.0,25864058.0,25994234.0,26105210.0,25153402.0,25238010.0,25563514.0,24794490.0,24892922.0,25431418.0,1397.4502,1386.4502,1547.9502,1410.9502,1392.9502,1364.4502,1535.4502,1529.4502,1364.9502,1603.4502,1642.4502,1467.4502,1628.9502,1661.4502,1550.9502,300.01844,299.836795,297.87,300.05555,300.16492,300.424685,298.91883,299.23133,300.959835,298.7157,298.34266,300.04968499999995,298.662965,298.12586,299.082885,284.93164,284.81640500000003,284.47461,284.43164,284.37305000000003,284.421875,284.13672,283.978515,284.0957,283.72656,283.6836,283.794915,283.431635,283.38477,283.66406,0.0,0.0,0.0,0.0,0.0,0.0,0.0,0.0,0.0,0.00048828125,0.00048828125,0.0,0.0,0.0,0.0,100377.685,100378.06,100456.06,100365.935,100353.81,100331.06,100407.935,100392.185,100301.06,100424.185,100434.185,100341.06,100418.685,100426.435,100370.935,299.65808,299.08386,296.75769,299.566285,299.228395,299.494015,297.85339,298.183475,300.023315,298.28307500000005,297.38659,299.081915,298.03895,297.091675,297.60339,23189256.0,23334088.0,23625928.0,23471368.0,23378824.0,23376200.0,23665608.0,23466120.0,23351688.0,23801608.0,23663624.0,23613256.0,23897416.0,23848200.0,23871624.0,85392.1575,85500.1575,83948.1575,85256.1575,85424.1575,85696.1575,84044.1575,84096.1575,85672.1575,83388.1575,83016.1575,84680.1575,83132.1575,82828.1575,83876.1575,25095440.0,25140240.0,25139152.0,24863312.0,24989008.0,25028944.0,24508304.0,24622608.0,24765648.0,24085840.0,24126480.0,24378832.0,23920976.0,23890192.0,24269840.0,39064665.0,39066415.0,39068459.0,39067395.0,39069250.0,39071183.0,39070150.0,39072105.0,39073930.0,39072124.0,39074266.0,39076408.0,39074611.0,39076751.0,39078891.0,0.0850629,0.11240665,0.11240665,0.126078525,0.1397504,0.118266025,0.1397504,0.18076602,0.17490665,0.15146915,0.210062895,0.21982852,0.202250395,0.3350628949999999,0.3448285199999999,27.927628,27.794815,25.615127,27.99794,28.107315,28.158096,26.986221,26.978409,28.49794,26.5995025,26.5721585,28.0526275,26.107315,26.5955965,27.7909085,3.227401122036939,2.96559269800336,3.148239053200822,3.022160806821186,3.150390023567084,3.740243218144182,2.8803546518197645,3.125019301200142,3.1450288147256003,3.1428851525693284,3.0247185108792163,2.5973608058929014,3.3385737318690354,2.8977313779796967,2.5673228749767287,5.475921062984076,5.369871057325867,5.832777631584841,5.32858690131608,5.582201889554058,6.407564495088228,5.335722323165187,5.5822335779093954,5.590684873213825,5.543760549769316,5.469210362937455,4.866157341019746,5.718234030656653,5.398806715907925,5.111597216678199,6.394191645137783,6.305775226572056,6.958281781967364,6.285900017927992,6.544759333792543,7.501680402608319,6.405883584673256,6.6428529164524255,6.5885122883342655,6.57284543274633,6.6020531664657165,5.820691102605748,6.696043636558636,6.578443297793764,6.105851005837781
2025-05-05 19:45:00,2.3971479,1.959342675,3.26995075,2.8460005,3.0175092,4.062431125,3.20647405,3.55480165,3.52538275,3.830131225,3.7040937,2.512687475,4.238212175,3.723075625,1.761344625,4.944889625,5.0630535000000005,4.884586675,4.275211825,4.58881025,5.13513625,3.94659855,4.242069825,4.500553575,3.725346125,3.9739423,4.093204975,3.758793325,3.8781781,4.6788373000000005,1.158627245,0.7846038200000001,1.52288505,1.402767875,1.607846025,2.2308928750000003,1.44378352,1.809017875,1.712338225,1.941830375,1.833431975,0.977963195,2.28265075,1.793392875,0.430111645,2.778953825,2.653953825,2.610496775,2.18666865,2.32436395,2.844383475,1.970848325,2.2477038250000003,2.47084825,2.00746945,2.116356175,2.08412955,2.13588735,2.0113757000000003,2.2198718,3.2382473750000003,2.76583525,4.064114099999999,3.61697055,3.772915425,4.925930475,4.118923625,4.45693625,4.4362455,4.774136,4.7385525,3.45638705,5.08688015,4.807644425,2.8341336,5.67091325,5.82643085,5.754043125,5.09114035,5.399429,6.03456065,4.746902025000001,5.02723645,5.241103624999999,4.41798355,4.76094,4.782424475,4.431045025,4.683791625,5.4438625,26730259.0,26855059.0,27032083.0,26445971.0,26614419.0,26674131.0,25908819.0,26035347.0,26144339.0,25195347.0,25275795.0,25599827.0,24833747.0,24930195.0,25468883.0,1397.4502,1386.4502,1547.9502,1410.9502,1392.9502,1364.4502,1535.4502,1529.4502,1364.9502,1603.4502,1642.4502,1467.4502,1628.9502,1661.4502,1550.9502,299.52631,299.2694725,297.23725,299.515575,299.58002,299.8407625,298.345645,298.720645,300.4755175,298.24408,297.87788,299.5770925,298.24505750000003,297.64643,298.5409525,285.113645,284.9642325,284.611695,284.59021,284.564825,284.6146225,284.26111,284.1136475,284.22302,283.85681,283.8158,283.91247250000004,283.6175525,283.55505500000004,283.78259,0.0,0.0,0.0,0.0,0.0,0.0,0.0,0.0,0.0,0.000244140625,0.000244140625,0.0,0.0,0.0,0.0,100402.9975,100404.31,100483.31,100388.9975,100379.185,100357.935,100430.2475,100415.7475,100324.06,100446.9975,100455.6225,100359.56,100442.8725,100448.1225,100391.8725,298.82562,298.18109000000004,295.941835,298.6351925,298.3256225,298.67132250000003,296.954525,297.4105875,299.2484725,297.5580375,296.695735,298.2758225,297.369575,296.4037475,296.83538500000003,23200236.0,23344972.0,23636812.0,23482668.0,23389804.0,23386892.0,23677132.0,23477228.0,23362412.0,23813356.0,23674924.0,23624268.0,23909324.0,23859756.0,23882924.0,85407.42375,85517.42375,83965.42375,85271.42375,85439.42375,85711.42375,84057.42375,84111.42375,85687.42375,83401.42375,83027.42375,84691.42375,83145.42375,82841.42375,83889.42375,25109016.0,25153688.0,25152504.0,24877112.0,25002424.0,25041976.0,24521880.0,24635480.0,24778104.0,24098872.0,24138712.0,24390712.0,23933496.0,23902424.0,24281880.0,39108197.5,39109072.5,39110094.5,39111262.5,39112190.0,39113156.5,39114365.0,39115342.5,39116255.0,39116808.0,39117879.0,39118950.0,39119510.5,39120580.5,39121650.5,0.065208545,0.096458545,0.104271045,0.0993882325,0.115989795,0.1111069825,0.1081772949999999,0.136497605,0.139427295,0.1120835449999999,0.1394272925,0.144310105,0.1628647925,0.2644272924999999,0.2712632299999999,27.846947,27.7883525,25.761008500000003,27.835228,28.073509,28.294212,26.8996805,26.8918685,28.5031965,26.62429025,26.52468075,27.98366525,26.042259,26.55202475,27.82155575,3.0108140849840628,2.7675032176296965,3.022229688127444,2.59793716167748,2.8262761033147314,3.614885941849181,2.443103348771577,2.8852587677692183,3.006192487403994,2.792962369591818,2.800077903632867,2.3021746223859325,3.1261012808873585,2.694789455718434,2.2611560838650315,5.4952935734050685,5.428953348661085,5.8780749308777205,5.135869448751602,5.4920434523581205,6.5477454861526825,5.084989277096414,5.534597652135,5.716931520968468,5.343043042290836,5.432543376919229,4.802908006029954,5.664889204599044,5.376016879139122,4.999385299003037,6.530352452258604,6.449584566464284,7.044574912809045,6.245173017856705,6.587011790656209,7.789782621040343,6.284792014341624,6.718436355341373,6.866545080625218,6.504687017418026,6.71717421828973,5.900694475948296,6.746147765505976,6.712030162600114,6.13742227499096
2025-05-05 20:00:00,1.9030161,1.4159555,2.907899,2.277772,2.5924692,3.8685923,2.7470102,3.3390512,3.3527231,3.5162973,3.5827036,2.2538462,4.154969,3.63202,1.4472055,5.23938,5.375122,5.2052,4.4593506,4.783325,5.480591,4.0162354,4.367798,4.8082275,3.7681885,4.0391846,4.1866455,3.7728271,3.9354248,4.6864014,0.71011066,0.31948566,1.1593294,0.8702669,1.2257357,1.9718294,0.96792316,1.5421419,1.4288607,1.5733919,1.6163607,0.63979816,2.089017,1.6124544,0.13198566,2.759121,2.618496,2.7005272,2.0520897,2.2063866,2.8977928,1.7942772,2.1595116,2.511074,1.884121,2.009121,1.9290428,2.0325584,1.9016991,1.977871,2.838912,2.295455,3.6987753,3.1211386,3.4028769,4.7964315,3.7373495,4.313033,4.376998,4.559615,4.726119,3.3315878,5.082076,4.833541,2.6660604,6.08315,6.2408648,6.1417437,5.428609,5.73232,6.5267534,4.9352007,5.2628374,5.6656694,4.5562944,4.937642,4.9762163,4.5133257,4.8497515,5.570943,26775084.0,26901036.0,27080492.0,26491692.0,26658860.0,26717996.0,25953580.0,26076460.0,26183468.0,25237292.0,25313580.0,25636140.0,24873004.0,24967468.0,25506348.0,1397.4502,1386.4502,1547.9502,1410.9502,1392.9502,1364.4502,1535.4502,1529.4502,1364.9502,1603.4502,1642.4502,1467.4502,1628.9502,1661.4502,1550.9502,299.03418,298.70215,296.6045,298.9756,298.99512,299.25684,297.77246,298.20996,299.9912,297.77246,297.4131,299.1045,297.82715,297.167,297.99902,285.29565,285.11206,284.74878,284.74878,284.7566,284.80737,284.3855,284.24878,284.35034,283.98706,283.948,284.03003,283.80347,283.72534,283.90112,0.0,0.0,0.0,0.0,0.0,0.0,0.0,0.0,0.0,0.0,0.0,0.0,0.0,0.0,0.0,100428.31,100430.56,100510.56,100412.06,100404.56,100384.81,100452.56,100439.31,100347.06,100469.81,100477.06,100378.06,100467.06,100469.81,100412.81,297.99316,297.27832,295.12598,297.7041,297.42285,297.84863,296.05566,296.6377,298.47363,296.833,296.00488,297.46973,296.7002,295.71582,296.06738,23211216.0,23355856.0,23647696.0,23493968.0,23400784.0,23397584.0,23688656.0,23488336.0,23373136.0,23825104.0,23686224.0,23635280.0,23921232.0,23871312.0,23894224.0,85422.69,85534.69,83982.69,85286.69,85454.69,85726.69,84070.69,84126.69,85702.69,83414.69,83038.69,84702.69,83158.69,82854.69,83902.69,25122592.0,25167136.0,25165856.0,24890912.0,25015840.0,25055008.0,24535456.0,24648352.0,24790560.0,24111904.0,24150944.0,24402592.0,23946016.0,23914656.0,24293920.0,39151730.0,39151730.0,39151730.0,39155130.0,39155130.0,39155130.0,39158580.0,39158580.0,39158580.0,39161492.0,39161492.0,39161492.0,39164410.0,39164410.0,39164410.0,0.04535419,0.08051044,0.09613544,0.07269794,0.09222919,0.10394794,0.07660419,0.09222919,0.10394794,0.07269794,0.06879169,0.06879169,0.12347919,0.19379169,0.19769794,27.766266,27.78189,25.90689,27.672516,28.039703,28.430328,26.81314,26.805328,28.508453,26.649078,26.477203,27.914703,25.977203,26.508453,27.852203,2.8490359495953426,2.6379144013712112,2.938858930885285,2.2289990161688493,2.5239987787069253,3.505041268578189,2.038702016996164,2.65361865954213,2.889140968087312,2.454684096503379,2.5786021610836927,2.03237491860415,2.914667335340272,2.493284712787565,1.9822698875497844,5.574277806250708,5.558494984513726,5.962380701884189,5.007399830022,5.44068879909278,6.708418896647726,4.865820776304569,5.497901625622765,5.861723626803797,5.153987900016796,5.39914598046118,4.754768473430088,5.612307165280194,5.355290621138598,4.9047692954054645,6.712982590938546,6.649624584057662,7.169515631922409,6.261892831667671,6.666263104540175,8.099645984770186,6.190637062082605,6.804389109826668,7.159463753808686,6.445921781071839,6.834947645909587,5.988506152079543,6.796882031053393,6.847131385509793,6.176024932405727
2025-05-05 20:15:00,1.567708975,1.1516933125,2.667501525,2.02644925,2.4094448,3.629293475,2.497091275,3.185873,3.173055625,3.172811475,3.36263085,2.112386725,3.823263,3.426412575,1.522298775,5.04906615,5.27275985,5.27788675,4.5753112,4.973748499999999,5.656243925,4.336236550000001,4.63604125,4.9833922,4.069573875,4.22496945,4.350030375,3.856011825,3.98351435,4.75646355,0.5806295850000001,0.18805146,0.9341452,0.814028015,1.15777805,1.798403025,0.8833639600000001,1.48785615,1.358949925,1.34430145,1.51227025,0.632387395,1.816957775,1.50348115,0.236879585,2.56700615,2.489857725,2.734974875,2.06602955,2.2686663,2.945424075,1.94102955,2.2540178500000003,2.51768965,1.967396775,2.0162249,1.953236575,1.948842025,1.817494425,1.9800921,2.4603672000000003,1.997598675,3.453897475,2.80607035,3.165567425,4.548868125,3.4352207000000003,4.114786075,4.19596295,4.234537,4.466470675,3.1381016,4.816324175,4.5892735,2.68082615,5.91442975,6.19336035,6.238831525,5.635499075,6.0198985,6.764039049999999,5.3732920250000005,5.6989145500000005,6.01318455,4.96899505,5.27319425,5.267701125,4.69946385,4.977173875,5.6685191,26775084.0,26901036.0,27080492.0,26491692.0,26658860.0,26717996.0,25953580.0,26076460.0,26183468.0,25237292.0,25313580.0,25636140.0,24873004.0,24967468.0,25506348.0,1397.4502,1386.4502,1547.9502,1410.9502,1392.9502,1364.4502,1535.4502,1529.4502,1364.9502,1603.4502,1642.4502,1467.4502,1628.9502,1661.4502,1550.9502,298.6324475,298.3619375,296.31507,298.6012075,298.687135,298.93128,297.46252000000004,297.9088125,299.5972825,297.42053250000004,297.056285,298.6822575,297.4664325,296.7203425,297.57971,285.4210775,285.147645,284.766785,284.921085,284.8742125,284.8878775,284.51581,284.40448000000004,284.5197125,284.0626825,284.0617075,284.17498750000004,283.881045,283.8478375,284.018735,0.0,0.0,0.0,0.0,0.0,0.0,0.0,0.0,0.0,0.0,0.0,0.0,0.0,0.0,0.0,100461.6225,100462.9975,100539.3725,100450.3725,100439.6225,100417.685,100489.6225,100473.7475,100383.31,100501.935,100510.1225,100414.3725,100495.7475,100502.935,100445.9975,297.5795875,296.898925,294.84131,297.321775,297.083495,297.5297825,295.677245,296.2758825,298.08154,296.31396,295.518065,296.9985375,296.1079125,295.058105,295.53662,23211216.0,23355856.0,23647696.0,23493968.0,23400784.0,23397584.0,23688656.0,23488336.0,23373136.0,23825104.0,23686224.0,23635280.0,23921232.0,23871312.0,23894224.0,85446.08,85558.08,84002.08,85310.08,85478.08,85750.08,84094.08,84148.08,85728.08,83436.08,83060.08,84728.08,83180.08,82876.08,83924.08,25122592.0,25167136.0,25165856.0,24890912.0,25015840.0,25055008.0,24535456.0,24648352.0,24790560.0,24111904.0,24150944.0,24402592.0,23946016.0,23914656.0,24293920.0,39151730.0,39151730.0,39151730.0,39155130.0,39155130.0,39155130.0,39158580.0,39158580.0,39158580.0,39161492.0,39161492.0,39161492.0,39164410.0,39164410.0,39164410.0,0.03694533,0.0633125175,0.0769843925,0.0574531425,0.0730781425,0.085773455,0.0691718925,0.08382033,0.0926093925,0.070148455,0.074054705,0.0691718925,0.1023750175,0.1648750175,0.1668281425,27.6557465,27.51512075,25.51512075,27.634262,27.83738675,28.1479335,26.7299645,26.6791835,28.35105875,26.515121,26.450668,27.99949625,25.89793375,26.47215225,27.82176175,2.631853204324872,2.496949106880296,2.8901063685553696,2.220612462965577,2.547017234691884,3.4510543927789312,2.132587067343344,2.7007984728986068,2.8610323438183336,2.3828127200333022,2.5203420713099787,2.053057947373288,2.66445506521297,2.3587584771043013,1.9942107868207368,5.286849763079274,5.397072717856342,5.913683533272887,5.003995317710739,5.526626311367477,6.720481118698049,5.003839750954964,5.625181352083732,5.90783207432007,5.160248461069892,5.399782688850082,4.835797963043832,5.430116680303364,5.254397178628016,4.994130461135863,6.405769745043987,6.507542769072968,7.131088736311251,6.295465084763396,6.801470067016643,8.151345011012962,6.377539372174593,7.029160084335511,7.332427531870425,6.528569170292485,6.9105671177456935,6.131586808832509,6.729185614630217,6.770058422184019,6.270481451498651
2025-05-05 20:30:00,1.23240185,0.887431125,2.42710405,1.7751265,2.2264204,3.38999465,2.24717235,3.0326948,2.99338815,2.8293256500000004,3.1425581,1.97092725,3.491557,3.22080515,1.5973920499999998,4.8587523,5.1703977000000005,5.350573499999999,4.6912718,5.164172,5.83189685,4.6562377,4.904284499999999,5.158556900000001,4.37095925,4.4107543,4.51341525,3.93919655,4.0316039,4.8265257,0.45114851,0.05661726,0.7089610000000001,0.7577891299999999,1.0898204,1.62497665,0.79880476,1.4335704,1.28903915,1.115211,1.4081798,0.6249766299999999,1.54489855,1.3945079,0.34177351,2.3748913,2.36121945,2.76942255,2.0799694,2.330946,2.99305535,2.0877819,2.3485241,2.5243053,2.05067255,2.0233288,1.97743035,1.86512565,1.73328975,1.9823132,2.0818224,1.69974235,3.20901965,2.4910021,2.92825795,4.30130475,3.1330919,3.91653915,4.0149279,3.909459,4.20682235,2.9446154,4.55057235,4.345006,2.6955919,5.7457095,6.1458559,6.33591935,5.84238915,6.307477,7.0013247,5.81138335,6.1349917000000005,6.3606997,5.3816957,5.6087465000000005,5.55918595,4.885602,5.10459625,5.7660952000000005,26775084.0,26901036.0,27080492.0,26491692.0,26658860.0,26717996.0,25953580.0,26076460.0,26183468.0,25237292.0,25313580.0,25636140.0,24873004.0,24967468.0,25506348.0,1397.4502,1386.4502,1547.9502,1410.9502,1392.9502,1364.4502,1535.4502,1529.4502,1364.9502,1603.4502,1642.4502,1467.4502,1628.9502,1661.4502,1550.9502,298.23071500000003,298.021725,296.02563999999995,298.226815,298.37915,298.60572,297.15258,297.607665,299.203365,297.06860500000005,296.69947,298.26001499999995,297.10571500000003,296.273685,297.1604,285.546505,285.18323,284.78479000000004,285.09339,284.991825,284.968385,284.64612,284.56018,284.689085,284.138305,284.175415,284.319945,283.95862,283.970335,284.13635,0.0,0.0,0.0,0.0,0.0,0.0,0.0,0.0,0.0,0.0,0.0,0.0,0.0,0.0,0.0,100494.935,100495.435,100568.185,100488.685,100474.685,100450.56,100526.685,100508.185,100419.56,100534.06,100543.185,100450.685,100524.435,100536.06,100479.185,297.166015,296.51953000000003,294.55664,296.93945,296.74414,297.210935,295.29882999999995,295.914065,297.68945,295.79492000000005,295.03125,296.527345,295.515625,294.40039,295.00586,23211216.0,23355856.0,23647696.0,23493968.0,23400784.0,23397584.0,23688656.0,23488336.0,23373136.0,23825104.0,23686224.0,23635280.0,23921232.0,23871312.0,23894224.0,85469.47,85581.47,84021.47,85333.47,85501.47,85773.47,84117.47,84169.47,85753.47,83457.47,83081.47,84753.47,83201.47,82897.47,83945.47,25122592.0,25167136.0,25165856.0,24890912.0,25015840.0,25055008.0,24535456.0,24648352.0,24790560.0,24111904.0,24150944.0,24402592.0,23946016.0,23914656.0,24293920.0,39151730.0,39151730.0,39151730.0,39155130.0,39155130.0,39155130.0,39158580.0,39158580.0,39158580.0,39161492.0,39161492.0,39161492.0,39164410.0,39164410.0,39164410.0,0.02853647,0.046114595,0.057833345,0.042208345,0.053927095,0.06759897,0.061739595,0.07541147,0.081270845,0.06759897,0.07931772,0.069552095,0.081270845,0.1359583449999999,0.1359583449999999,27.545227,27.2483515,25.1233515,27.596008,27.6350705,27.865539,26.646789,26.553039,28.1936645,26.381164,26.424133,28.0842895,25.8186645,26.4358515,27.7913205,2.417362956796292,2.361898136073656,2.85872820673276,2.2137111533536884,2.5731338401202843,3.405720106116891,2.23537967839163,2.7514886043807216,2.834385149876568,2.334299355662101,2.465122670788916,2.073843431203831,2.421859867969248,2.224622583859445,2.0115602787468143,5.012612914702142,5.246002895327457,5.87532729713236,5.015885285019733,5.623666085670464,6.745597423213791,5.170138594806314,5.766215761388684,5.96414972205578,5.206761795867801,5.415757094520036,4.924984410505797,5.263861675973344,5.160175948624401,5.08399564261848,6.111232458639748,6.376571868955006,7.102230714626957,6.35126778228112,6.954060736524178,8.2170414448999,6.602154291934022,7.278557691778751,7.521844635179491,6.651805640582073,7.011090613144419,6.2908908972095965,6.676587123297989,6.703430466227725,6.3650663426871406
2025-05-05 20:45:00,0.8970947249999999,0.6231689375,2.186706575,1.52380375,2.043396,3.150695825,1.997253425,2.8795166,2.813720675,2.485839825,2.92248535,1.829467775,3.159851,3.015197725,1.672485325,4.66843845,5.06803555,5.42326025,4.8072324,5.3545955,6.007549775,4.97623885,5.17252775,5.3337216000000005,4.672344625,4.59653915,4.676800125,4.022381275,4.07969345,4.89658785,0.321667435,-0.07481694,0.4837768,0.701550245,1.02186275,1.451550275,0.71424556,1.37928465,1.219128375,0.88612055,1.30408935,0.617565865,1.272839325,1.28553465,0.446667435,2.18277645,2.232581175,2.803870225,2.0939092500000003,2.3932257,3.040686625,2.2345342500000003,2.44303035,2.53092095,2.133948325,2.0304327,2.001624125,1.781409275,1.649085075,1.9845343,1.7032776,1.401886025,2.964141825,2.17593385,2.690948475,4.053741375,2.8309631,3.718292225,3.83389285,3.584381,3.947174025,2.7511292000000003,4.284820525,4.1007385,2.71035765,5.57698925,6.09835145,6.433007175,6.049279224999999,6.5950555,7.23861035,6.249474675,6.57106885,6.708214849999999,5.79439635,5.94429875,5.850670774999999,5.07174015,5.232018625,5.8636713,26775084.0,26901036.0,27080492.0,26491692.0,26658860.0,26717996.0,25953580.0,26076460.0,26183468.0,25237292.0,25313580.0,25636140.0,24873004.0,24967468.0,25506348.0,1397.4502,1386.4502,1547.9502,1410.9502,1392.9502,1364.4502,1535.4502,1529.4502,1364.9502,1603.4502,1642.4502,1467.4502,1628.9502,1661.4502,1550.9502,297.8289825,297.6815125,295.73621,297.8524225,298.07116499999995,298.28016,296.84264,297.30651750000004,298.8094475,296.7166775,296.342655,297.8377725,296.7449975,295.8270275,296.74109,285.6719325,285.21881499999995,284.802795,285.265695,285.1094375,285.0488925,284.77643,284.71588,284.8584575,284.2139275,284.2891225,284.4649025,284.036195,284.0928325,284.253965,0.0,0.0,0.0,0.0,0.0,0.0,0.0,0.0,0.0,0.0,0.0,0.0,0.0,0.0,0.0,100528.2475,100527.8725,100596.9975,100526.9975,100509.7475,100483.435,100563.7475,100542.6225,100455.81,100566.185,100576.2475,100486.9975,100553.1225,100569.185,100512.3725,296.7524425,296.140135,294.27197,296.557125,296.404785,296.8920875,294.920415,295.5522475,297.29736,295.27588000000003,294.544435,296.05615250000005,294.9233375,293.742675,294.4751,23211216.0,23355856.0,23647696.0,23493968.0,23400784.0,23397584.0,23688656.0,23488336.0,23373136.0,23825104.0,23686224.0,23635280.0,23921232.0,23871312.0,23894224.0,85492.86,85604.86,84040.86,85356.86,85524.86,85796.86,84140.86,84190.86,85778.86,83478.86,83102.86,84778.86,83222.86,82918.86,83966.86,25122592.0,25167136.0,25165856.0,24890912.0,25015840.0,25055008.0,24535456.0,24648352.0,24790560.0,24111904.0,24150944.0,24402592.0,23946016.0,23914656.0,24293920.0,39151730.0,39151730.0,39151730.0,39155130.0,39155130.0,39155130.0,39158580.0,39158580.0,39158580.0,39161492.0,39161492.0,39161492.0,39164410.0,39164410.0,39164410.0,0.02012761,0.0289166725,0.0386822975,0.0269635475,0.0347760475,0.049424485,0.0543072975,0.06700261,0.0699322975,0.065049485,0.084580735,0.0699322975,0.0601666725,0.1070416724999999,0.1050885474999999,27.4347075,26.98158225,24.73158225,27.557754000000003,27.43275425,27.5831445,26.5636135,26.4268945,28.03627025,26.247207,26.397598,28.16908275,25.73939525,26.39955075,27.76087925,2.2063505998399444,2.2338344337652565,2.845299321839407,2.208309012229748,2.6022553162551234,3.369387682102857,2.345909212736669,2.805498785732538,2.809240973978388,2.3106157367469407,2.413152705904189,2.094728320187421,2.189415207840322,2.090952156539785,2.0341799786070967,4.7538507030681165,5.106204447603786,5.847515488169168,5.042961552116357,5.731244208846475,6.783622813863915,5.362086751995304,5.920021889671999,6.030390546492741,5.292466715088761,5.446934255014223,5.021893243485316,5.115096232102738,5.072998715436273,5.174338579481245,5.831291767462619,6.257409594617201,7.083058525264056,6.428722055089364,7.1229179935743385,8.296402770750346,6.860778803242965,7.550141912701759,7.726505086974423,6.813429108316482,7.135465675965813,6.465219284179906,6.639445389532419,6.647561593376111,6.459773967048477
2025-05-05 21:00:00,0.5617876,0.35890675,1.9463091,1.272481,1.8603716,2.911397,1.7473345,2.7263384,2.6340532,2.142354,2.7024126,1.6880083,2.828145,2.8095903,1.7475786,4.4781246,4.9656734,5.495947,4.923193,5.545019,6.1832027,5.29624,5.440771,5.5088863,4.97373,4.782324,4.840185,4.105566,4.127783,4.96665,0.19218636,-0.20625114,0.2585926,0.64531136,0.9539051,1.2781239,0.62968636,1.3249989,1.1492176,0.6570301,1.1999989,0.6101551,1.0007801,1.1765614,0.55156136,1.9906616,2.1039429,2.8383179,2.1078491,2.4555054,3.0883179,2.3812866,2.5375366,2.5375366,2.2172241,2.0375366,2.0258179,1.6976929,1.5648804,1.9867554,1.3247328,1.1040297,2.719264,1.8608656,2.453639,3.806178,2.5288343,3.5200453,3.6528578,3.259303,3.6875257,2.557643,4.0190687,3.856471,2.7251234,5.408269,6.050847,6.530095,6.2561693,6.882634,7.475896,6.687566,7.007146,7.05573,6.207097,6.279851,6.1421556,5.2578783,5.359441,5.9612474,26775084.0,26901036.0,27080492.0,26491692.0,26658860.0,26717996.0,25953580.0,26076460.0,26183468.0,25237292.0,25313580.0,25636140.0,24873004.0,24967468.0,25506348.0,1397.4502,1386.4502,1547.9502,1410.9502,1392.9502,1364.4502,1535.4502,1529.4502,1364.9502,1603.4502,1642.4502,1467.4502,1628.9502,1661.4502,1550.9502,297.42725,297.3413,295.44678,297.47803,297.76318,297.9546,296.5327,297.00537,298.41553,296.36475,295.98584,297.41553,296.38428,295.38037,296.32178,285.79736,285.2544,284.8208,285.438,285.22705,285.1294,284.90674,284.87158,285.02783,284.28955,284.40283,284.60986,284.11377,284.21533,284.37158,0.0,0.0,0.0,0.0,0.0,0.0,0.0,0.0,0.0,0.0,0.0,0.0,0.0,0.0,0.0,100561.56,100560.31,100625.81,100565.31,100544.81,100516.31,100600.81,100577.06,100492.06,100598.31,100609.31,100523.31,100581.81,100602.31,100545.56,296.33887,295.76074,293.9873,296.1748,296.06543,296.57324,294.542,295.19043,296.90527,294.75684,294.05762,295.58496,294.33105,293.08496,293.94434,23211216.0,23355856.0,23647696.0,23493968.0,23400784.0,23397584.0,23688656.0,23488336.0,23373136.0,23825104.0,23686224.0,23635280.0,23921232.0,23871312.0,23894224.0,85516.25,85628.25,84060.25,85380.25,85548.25,85820.25,84164.25,84212.25,85804.25,83500.25,83124.25,84804.25,83244.25,82940.25,83988.25,25122592.0,25167136.0,25165856.0,24890912.0,25015840.0,25055008.0,24535456.0,24648352.0,24790560.0,24111904.0,24150944.0,24402592.0,23946016.0,23914656.0,24293920.0,39151730.0,39151730.0,39151730.0,39155130.0,39155130.0,39155130.0,39158580.0,39158580.0,39158580.0,39161492.0,39161492.0,39161492.0,39164410.0,39164410.0,39164410.0,0.01171875,0.01171875,0.01953125,0.01171875,0.015625,0.03125,0.046875,0.05859375,0.05859375,0.0625,0.08984375,0.0703125,0.0390625,0.078125,0.07421875,27.324188,26.714813,24.339813,27.5195,27.230438,27.30075,26.480438,26.30075,27.878876,26.11325,26.371063,28.253876,25.660126,26.36325,27.730438,1.999917298961287,2.114028206815536,2.850073443656351,2.20441706120141,2.6342820101946507,3.342350693032019,2.4631343413037,2.8626411024333405,2.785640516737456,2.312524867309933,2.3646464336853343,2.1157096705399865,1.9707161112819929,1.957842535617745,2.0618964458173474,4.513225591596205,4.978626956366898,5.830399003460382,5.084981534933043,5.848779205992269,6.834341820606889,5.57703648835923,6.085631450043255,6.106231614241138,5.415502818226208,5.493055315725007,5.126086504839134,4.985386276045317,4.993234437610865,5.265134678778688,5.568149653857809,6.150742312590497,7.073650925139082,6.527057153995654,7.306914199597324,8.389041183025627,7.149723205915912,7.841607869523194,7.945231018662757,7.010785206609742,7.2824703480592,6.653391100037662,6.61802065824296,6.6027249228119445,6.55459900445743
2025-05-05 21:15:00,0.387661215,0.3727076075,1.983669525,1.210293075,1.7002833,2.8047755,1.713161725,2.5743678,2.729274975,1.937649,2.582302325,1.883754975,2.5089380500000003,2.658718325,1.62801765,4.48807695,4.9053743,5.3647860000000005,4.693094,5.17997135,5.8451936,4.943521375,4.96933905,5.187417725,4.894021674999999,4.6631869,4.76560365,4.3155915,4.439126875,5.0325105,0.23155332,-0.1952044925,0.20176815575,0.64805722,0.8663189375,1.20567445,0.5919048825,1.25499085,1.24620175,0.5147564375,1.1314557,0.721787675,0.8428814375,1.10411195,0.45420957,1.93425035,2.006027725,2.75016835,1.914719075,2.1676488,2.817551175,2.1212620500000003,2.174973,2.2711644,2.1647190750000003,1.9713597,1.955246475,1.82048085,1.79460195,1.990891,1.061857475,1.030729565,2.7534468,1.7399580499999998,2.24276565,3.69112985,2.47891065,3.3025191,3.6917403,3.0384199,3.512113775,2.7410567500000003,3.626310575,3.660124,2.6287520000000004,5.4028557,6.020104125,6.505760825,6.10689615,6.572167,7.22579275,6.447289375,6.541649675,6.76137625,6.16768715,6.1316765,6.13021155,5.424217975,5.66195,6.15261145,26775084.0,26901036.0,27080492.0,26491692.0,26658860.0,26717996.0,25953580.0,26076460.0,26183468.0,25237292.0,25313580.0,25636140.0,24873004.0,24967468.0,25506348.0,1397.4502,1386.4502,1547.9502,1410.9502,1392.9502,1364.4502,1535.4502,1529.4502,1364.9502,1603.4502,1642.4502,1467.4502,1628.9502,1661.4502,1550.9502,297.1156025,297.039425,295.168335,297.092165,297.301145,297.581425,296.1146125,296.5960675,298.1126725,296.09705,295.690795,297.1595475,296.148805,295.2083725,296.063845,285.84173250000003,285.260685,284.8143925,285.54487,285.270445,285.1376375,285.08783,285.0067725,285.0966175,284.47357,284.5663475,284.7499375,284.20697,284.3222025,284.5028675,0.0,0.0,0.0,0.0,0.0,0.0,0.0,0.0,0.0,0.0,0.0,0.0,0.0,0.0,0.0,100595.4675,100592.28,100655.3425,100600.2175,100579.03,100550.03,100640.905,100617.405,100531.7175,100642.655,100653.78,100566.8425,100623.905,100644.905,100589.9675,295.9363425,295.33868,293.644345,295.72345,295.5164225,296.148255,294.113105,294.7078225,296.56035999999995,294.46564,293.74494,295.329895,294.0652425,292.9607525,293.742985,23211216.0,23355856.0,23647696.0,23493968.0,23400784.0,23397584.0,23688656.0,23488336.0,23373136.0,23825104.0,23686224.0,23635280.0,23921232.0,23871312.0,23894224.0,85541.86,85653.86,84085.86,85405.86,85575.86,85847.86,84191.86,84241.86,85833.86,83529.86,83153.86,84833.86,83271.86,82967.86,84019.86,25122592.0,25167136.0,25165856.0,24890912.0,25015840.0,25055008.0,24535456.0,24648352.0,24790560.0,24111904.0,24150944.0,24402592.0,23946016.0,23914656.0,24293920.0,39151730.0,39151730.0,39151730.0,39155130.0,39155130.0,39155130.0,39158580.0,39158580.0,39158580.0,39161492.0,39161492.0,39161492.0,39164410.0,39164410.0,39164410.0,0.0107421875,0.0107421875,0.0166015625,0.009765625,0.0126953125,0.0244140625,0.03515625,0.044921875,0.044921875,0.0478515625,0.0693359375,0.0576171875,0.0302734375,0.060546875,0.060546875,27.17712375,26.5931395,24.30017075,27.48767025,27.25524875,27.27673275,26.39392075,26.247436,27.831421,25.9915765,26.23767075,28.17907725,25.579468,26.25915475,27.7650145,1.9480609221680272,2.0155029216949445,2.7575598528439014,2.0214171505562586,2.334354262234541,3.064677063432081,2.202295183370645,2.5110773752142173,2.590599647481336,2.2250804173369887,2.2729828569187625,2.0842183728635133,2.0061404843377217,2.1070499180315125,2.042046352892261,4.504788111191977,4.919512982378324,5.719779157468384,4.846642200557924,5.451886507171596,6.483290354972636,5.231952473129594,5.596579327011433,5.861590615422185,5.263642446307576,5.330440634884889,5.124403473062067,4.991903457961707,5.174420793097337,5.289291389337684,5.5062138545679336,6.107704733531828,7.064445710212156,6.349931858110339,6.944305353072323,8.113970694765516,6.90742631489264,7.328015616542613,7.703580676328908,6.875489820295797,7.066286144021978,6.715123658911574,6.524742832224879,6.741971929478496,6.690662503233526
2025-05-05 21:30:00,0.21353483,0.386508465,2.02102995,1.14810515,1.540195,2.698154,1.67898895,2.4223972,2.82449675,1.732944,2.46219205,2.07950165,2.1897311,2.50784635,1.5084567,4.498029300000001,4.8450752,5.233625,4.462995,4.8149237,5.507184499999999,4.59080275,4.4979071,4.8659491500000005,4.81431335,4.5440498,4.6910223,4.525617,4.75047075,5.098371,0.27092028,-0.184157845,0.1449437115,0.65080308,0.7787327749999999,1.133225,0.554123405,1.1849828,1.3431859,0.372482775,1.0629125,0.8334202500000001,0.684982775,1.0316625,0.35685778,1.8778391,1.90811255,2.6620188,1.72158905,1.8797922,2.54678445,1.8612375,1.8124094,2.0047922,2.1122140500000004,1.9051828,1.88467505,1.9432688,2.0243235,1.9950266,0.7989821500000001,0.95742943,2.7876296,1.6190505,2.0318923,3.5760817,2.428987,3.0849929,3.7306228,2.8175368,3.33670185,2.9244705,3.2335524500000004,3.463777,2.5323806,5.3974424,5.98936125,6.48142665,5.957623,6.2617,6.9756895,6.2070127500000005,6.07615335,6.4670225,6.128277300000001,5.983502,6.1182675,5.59055765,5.964459,6.3439755,26775084.0,26901036.0,27080492.0,26491692.0,26658860.0,26717996.0,25953580.0,26076460.0,26183468.0,25237292.0,25313580.0,25636140.0,24873004.0,24967468.0,25506348.0,1397.4502,1386.4502,1547.9502,1410.9502,1392.9502,1364.4502,1535.4502,1529.4502,1364.9502,1603.4502,1642.4502,1467.4502,1628.9502,1661.4502,1550.9502,296.803955,296.73755,294.88989000000004,296.7063,296.83911,297.20825,295.69652499999995,296.18676500000004,297.809815,295.82935,295.39575,296.903565,295.91333,295.036375,295.80591,285.88610500000004,285.26697,284.80798500000003,285.65174,285.31384,285.145875,285.26892,285.141965,285.165405,284.65759,284.729865,284.890015,284.30017,284.429075,284.634155,0.0,0.0,0.0,0.0,0.0,0.0,0.0,0.0,0.0,0.0,0.0,0.0,0.0,0.0,0.0,100629.375,100624.25,100684.875,100635.125,100613.25,100583.75,100681.0,100657.75,100571.375,100687.0,100698.25,100610.375,100666.0,100687.5,100634.375,295.533815,294.91662,293.30139,295.2721,294.967415,295.72327,293.68421,294.225215,296.21545,294.17444,293.43226,295.07483,293.799435,292.836545,293.54163,23211216.0,23355856.0,23647696.0,23493968.0,23400784.0,23397584.0,23688656.0,23488336.0,23373136.0,23825104.0,23686224.0,23635280.0,23921232.0,23871312.0,23894224.0,85567.47,85679.47,84111.47,85431.47,85603.47,85875.47,84219.47,84271.47,85863.47,83559.47,83183.47,84863.47,83299.47,82995.47,84051.47,25122592.0,25167136.0,25165856.0,24890912.0,25015840.0,25055008.0,24535456.0,24648352.0,24790560.0,24111904.0,24150944.0,24402592.0,23946016.0,23914656.0,24293920.0,39151730.0,39151730.0,39151730.0,39155130.0,39155130.0,39155130.0,39158580.0,39158580.0,39158580.0,39161492.0,39161492.0,39161492.0,39164410.0,39164410.0,39164410.0,0.009765625,0.009765625,0.013671875,0.0078125,0.009765625,0.017578125,0.0234375,0.03125,0.03125,0.033203125,0.048828125,0.044921875,0.021484375,0.04296875,0.046875,27.0300595,26.471466,24.2605285,27.4558405,27.2800595,27.2527155,26.3074035,26.194122,27.783966,25.869903,26.1042785,28.1042785,25.49881,26.1550595,27.799591,1.8972816036645928,1.9169787727939365,2.665961884771955,1.8404927345733773,2.0347096721743965,2.7875275667492154,1.9419726515517783,2.1654126787991705,2.4131597806899667,2.1448057279597856,2.1816288602950067,2.06072544440121,2.060459907666281,2.27205042782032,2.0266915428486123,4.503095014240942,4.86046731160407,5.610293459296225,4.608304439322724,5.055263680051387,6.132627179664214,4.8881973961399785,5.108735310700511,5.626299229613218,5.116708701804728,5.168247118314221,5.131278333071596,5.027537321691029,5.371802831621232,5.316843844746232,5.456258510860385,6.065403473507074,7.055478028179691,6.173701995697496,6.5831203246484336,7.838916017249141,6.66535708907119,6.814456744727832,7.465917659027997,6.744945980884468,6.850976238449336,6.781277527643777,6.458343153230132,6.897283687685319,6.830737635706455
2025-05-05 21:45:00,0.0394084449999999,0.4003093225,2.058390375,1.085917225,1.3801067,2.5915325,1.644816175,2.2704266,2.919718525,1.528239,2.342081775,2.275248325,1.87052415,2.356974375,1.38889575,4.5079816500000005,4.7847761,5.102464,4.232896,4.44987605,5.169175399999999,4.238084125,4.02647515,4.544480575,4.7346050250000005,4.4249127,4.61644095,4.7356425,5.061814625,5.1642315,0.31028724,-0.1731111975,0.08811926725,0.65354894,0.6911466125,1.06077555,0.5163419275000001,1.11497475,1.44017005,0.2302091124999999,0.9943693,0.945052825,0.5270841125000001,0.95921305,0.25950599,1.82142785,1.810197375,2.57386925,1.528459025,1.5919356,2.276017725,1.60121295,1.4498458,1.73842,2.059709025,1.8390059,1.814103625,2.06605675,2.25404505,1.9991622,0.5361068250000001,0.884129295,2.8218124,1.49814295,1.82101895,3.46103355,2.37906335,2.8674667,3.7695053,2.5966537,3.161289925,3.10788425,2.840794325,3.26743,2.4360092,5.3920291,5.958618375,6.457092475,5.80834985,5.951233,6.725586249999999,5.966736125,5.610657025,6.17266875,6.08886745,5.8353275,6.10632345,5.756897325000001,6.266968,6.53533955,26775084.0,26901036.0,27080492.0,26491692.0,26658860.0,26717996.0,25953580.0,26076460.0,26183468.0,25237292.0,25313580.0,25636140.0,24873004.0,24967468.0,25506348.0,1397.4502,1386.4502,1547.9502,1410.9502,1392.9502,1364.4502,1535.4502,1529.4502,1364.9502,1603.4502,1642.4502,1467.4502,1628.9502,1661.4502,1550.9502,296.4923075,296.435675,294.611445,296.320435,296.377075,296.835075,295.2784375,295.7774625,297.5069575,295.56165,295.100705,296.6475825,295.677855,294.86437750000005,295.54797499999995,285.9304775,285.273255,284.8015775,285.75861,285.357235,285.1541125,285.45001,285.2771575,285.2341925,284.84161,284.8933825,285.0300925,284.39337,284.5359475,284.7654425,0.0,0.0,0.0,0.0,0.0,0.0,0.0,0.0,0.0,0.0,0.0,0.0,0.0,0.0,0.0,100663.2825,100656.22,100714.4075,100670.0325,100647.47,100617.47,100721.095,100698.095,100611.0325,100731.345,100742.72,100653.9075,100708.095,100730.095,100678.7825,295.1312875,294.49456,292.958435,294.82075,294.4184075,295.298285,293.255315,293.7426075,295.87054,293.88324,293.11958,294.819765,293.5336275,292.7123375,293.340275,23211216.0,23355856.0,23647696.0,23493968.0,23400784.0,23397584.0,23688656.0,23488336.0,23373136.0,23825104.0,23686224.0,23635280.0,23921232.0,23871312.0,23894224.0,85593.08,85705.08,84137.08,85457.08,85631.08,85903.08,84247.08,84301.08,85893.08,83589.08,83213.08,84893.08,83327.08,83023.08,84083.08,25122592.0,25167136.0,25165856.0,24890912.0,25015840.0,25055008.0,24535456.0,24648352.0,24790560.0,24111904.0,24150944.0,24402592.0,23946016.0,23914656.0,24293920.0,39151730.0,39151730.0,39151730.0,39155130.0,39155130.0,39155130.0,39158580.0,39158580.0,39158580.0,39161492.0,39161492.0,39161492.0,39164410.0,39164410.0,39164410.0,0.0087890625,0.0087890625,0.0107421875,0.005859375,0.0068359375,0.0107421875,0.01171875,0.017578125,0.017578125,0.0185546875,0.0283203125,0.0322265625,0.0126953125,0.025390625,0.033203125,26.88299525,26.3497925,24.22088625,27.42401075,27.30487025,27.22869825,26.22088625,26.140808,27.736511,25.7482295,25.97088625,28.02947975,25.418152,26.05096425,27.8341675,1.847668147710092,1.8184559447940372,2.5753772386499496,1.6623216319590726,1.735494913423138,2.511075755924536,1.6824065790831055,1.8289946793020484,2.257475109346059,2.0725340776799035,2.090625027358397,2.045506490891344,2.13223079329384,2.44965482521922,2.015934736233969,4.508153899577303,4.801492463891995,5.502009615330442,4.369968508624256,4.658979648350966,5.782422936323614,4.546072733703086,4.6224819177099095,5.4015793951195885,4.975138107015347,5.006515698907619,5.146676790439848,5.0916765886630575,5.583663269061856,5.347739558912748,5.418614983836589,6.023854044477243,7.046748785893774,5.998446488769382,6.223607011737495,7.563878875313556,6.423541266987645,6.30093941629268,7.232635045676965,6.61943481434731,6.636625725635186,6.851724643286387,6.419655692289452,7.067601199694561,6.974582701228715
2025-05-05 22:00:00,-0.13471794,0.41411018,2.0957508,1.0237293,1.2200184,2.484911,1.6106434,2.118456,3.0149403,1.323534,2.2219715,2.470995,1.5513172,2.2061024,1.2693348,4.517934,4.724477,4.971303,4.002797,4.0848284,4.8311663,3.8853655,3.5550432,4.223012,4.6548967,4.3057756,4.5418596,4.945668,5.3731585,5.230092,0.3496542,-0.16206455,0.031294823,0.6562948,0.60356045,0.9883261,0.47856045,1.0449667,1.5371542,0.08793545,0.9258261,1.0566854,0.36918545,0.8867636,0.1621542,1.7650166,1.7122822,2.4857197,1.335329,1.304079,2.005251,1.3411884,1.0872822,1.4720478,2.007204,1.772829,1.7435322,2.1888447,2.4837666,2.0032978,0.2732315,0.81082916,2.8559952,1.3772354,1.6101456,3.3459854,2.3291397,2.6499405,3.8083878,2.3757706,2.985878,3.291298,2.4480362,3.071083,2.3396378,5.3866158,5.9278755,6.4327583,5.6590767,5.640766,6.475483,5.7264595,5.1451607,5.878315,6.0494576,5.687153,6.0943794,5.923237,6.569477,6.7267036,26775084.0,26901036.0,27080492.0,26491692.0,26658860.0,26717996.0,25953580.0,26076460.0,26183468.0,25237292.0,25313580.0,25636140.0,24873004.0,24967468.0,25506348.0,1397.4502,1386.4502,1547.9502,1410.9502,1392.9502,1364.4502,1535.4502,1529.4502,1364.9502,1603.4502,1642.4502,1467.4502,1628.9502,1661.4502,1550.9502,296.18066,296.1338,294.333,295.93457,295.91504,296.4619,294.86035,295.36816,297.2041,295.29395,294.80566,296.3916,295.44238,294.69238,295.29004,285.97485,285.27954,284.79517,285.86548,285.40063,285.16235,285.6311,285.41235,285.30298,285.02563,285.0569,285.17017,284.48657,284.64282,284.89673,0.0,0.0,0.0,0.0,0.0,0.0,0.0,0.0,0.0,0.0,0.0,0.0,0.0,0.0,0.0,100697.19,100688.19,100743.94,100704.94,100681.69,100651.19,100761.19,100738.44,100650.69,100775.69,100787.19,100697.44,100750.19,100772.69,100723.19,294.72876,294.0725,292.61548,294.3694,293.8694,294.8733,292.82642,293.26,295.52563,293.59204,292.8069,294.5647,293.26782,292.58813,293.13892,23211216.0,23355856.0,23647696.0,23493968.0,23400784.0,23397584.0,23688656.0,23488336.0,23373136.0,23825104.0,23686224.0,23635280.0,23921232.0,23871312.0,23894224.0,85618.69,85730.69,84162.69,85482.69,85658.69,85930.69,84274.69,84330.69,85922.69,83618.69,83242.69,84922.69,83354.69,83050.69,84114.69,25122592.0,25167136.0,25165856.0,24890912.0,25015840.0,25055008.0,24535456.0,24648352.0,24790560.0,24111904.0,24150944.0,24402592.0,23946016.0,23914656.0,24293920.0,39151730.0,39151730.0,39151730.0,39155130.0,39155130.0,39155130.0,39158580.0,39158580.0,39158580.0,39161492.0,39161492.0,39161492.0,39164410.0,39164410.0,39164410.0,0.0078125,0.0078125,0.0078125,0.00390625,0.00390625,0.00390625,0.0,0.00390625,0.00390625,0.00390625,0.0078125,0.01953125,0.00390625,0.0078125,0.01953125,26.735931,26.228119,24.181244,27.392181,27.329681,27.204681,26.134369,26.087494,27.689056,25.626556,25.837494,27.954681,25.337494,25.946869,27.868744,1.799316997600256,1.7199346646903604,2.48591669066256,1.4878932766660518,1.436978515860694,2.235580473376481,1.4240106841589226,1.5080245311485254,2.128325106759416,2.0091292992196155,2.0000191575787998,2.0387468128754977,2.219761027049937,2.6373179947743357,2.009849760569799,4.519942096057631,4.742591081329766,5.39499999383778,4.131634725249498,4.26312889246679,5.432766375998207,4.205976370660421,4.138379873549822,5.188804810812225,4.839401361411026,4.845292650023072,5.170522692739794,5.183263163417409,5.808418034663828,5.381920954729365,5.393541065886297,5.983072109728125,7.038258870533388,5.824253294929407,5.86607278508845,7.288861254016443,6.182008585181384,5.787474689565799,7.004170534361213,6.499247894796914,6.423330652885075,6.926334008402162,6.409182303124124,7.251867266188619,7.121969275238541
2025-05-05 22:15:00,-0.03425288,0.494677785,1.9900391,1.002429225,1.314685125,2.42564705,1.526660225,2.078112925,2.72392585,1.316455125,2.0700562,1.9075806525,1.5082886,1.8816407,0.553332575,4.541718125,4.79483095,5.0164495,3.965423975,4.0200505500000006,4.657745875,3.767059825,3.425812225,3.888336675,4.514435275,4.105621775,3.97030685,4.892975175,5.13894705,4.51858565,0.4400508425,-0.0662968125,0.04649615225,0.7051875424999999,0.6876094375,0.92051961,0.5098750625,1.0504024,1.3209102175,0.0938594349999999,0.81846883,0.772082055,0.3145625625,0.6480586724999999,-0.1107304074999999,1.739881075,1.7149787,2.5182013750000003,1.2686896,1.227185685,1.9166389,1.2613654,0.985486525,1.2511115,1.909802875,1.616834125,1.365857615,2.1471076250000003,2.272595925,1.6226935349999998,0.224454875,0.7383708950000001,2.6364422000000003,1.2017497925,1.54971125,3.20742605,2.130033475,2.52108575,3.505826975,2.3343792,2.81796075,2.6901531875,2.4647503000000004,2.80520435,1.4912395750000005,5.545138850000001,6.1690402,6.494723725,5.6734347750000005,5.703219750000001,6.342197,5.6134982,5.086642775,5.59427215,5.93246795,5.51358375,5.531589,5.9308201,6.357394625,5.976962524999999,26775084.0,26901036.0,27080492.0,26491692.0,26658860.0,26717996.0,25953580.0,26076460.0,26183468.0,25237292.0,25313580.0,25636140.0,24873004.0,24967468.0,25506348.0,1397.4502,1386.4502,1547.9502,1410.9502,1392.9502,1364.4502,1535.4502,1529.4502,1364.9502,1603.4502,1642.4502,1467.4502,1628.9502,1661.4502,1550.9502,296.00494,295.92878,294.249075,295.6856075,295.67389,296.2109875,294.5147075,295.0781825,296.896545,294.9356125,294.508845,296.118225,295.140685,294.356505,294.87018,286.0037825,285.2908925,284.7977325,285.9139425,285.4217475,285.187375,285.7137425,285.480345,285.35437,285.1531975,285.1580925,285.2352325,284.6551525,284.8006575,285.0213625,0.0009765625,0.0009765625,0.0,0.01953125,0.0166015625,0.0087890625,0.0107421875,0.0224609375,0.0146484375,0.0,0.00390625,0.0078125,0.0,0.0,0.0,100718.17375,100709.54875,100762.73625,100725.79875,100703.04875,100672.36125,100781.61125,100758.79875,100672.67375,100797.17375,100807.17375,100720.54875,100776.42375,100797.73625,100752.29875,294.52911500000005,293.83575,292.469545,294.076,293.58186,294.58576,292.45685,292.9080125,295.0466875,293.224425,292.4236575,294.05841250000003,292.98712,292.2097725,292.64728,23211216.0,23355856.0,23647696.0,23493968.0,23400784.0,23397584.0,23688656.0,23488336.0,23373136.0,23825104.0,23686224.0,23635280.0,23921232.0,23871312.0,23894224.0,85636.4075,85746.4075,84176.4075,85500.4075,85674.4075,85946.4075,84290.4075,84344.4075,85938.4075,83632.4075,83258.4075,84940.4075,83370.4075,83066.4075,84132.4075,25122592.0,25167136.0,25165856.0,24890912.0,25015840.0,25055008.0,24535456.0,24648352.0,24790560.0,24111904.0,24150944.0,24402592.0,23946016.0,23914656.0,24293920.0,39151730.0,39151730.0,39151730.0,39155130.0,39155130.0,39155130.0,39158580.0,39158580.0,39158580.0,39161492.0,39161492.0,39161492.0,39164410.0,39164410.0,39164410.0,0.0078125,0.0078125,0.0078125,0.0224609375,0.0205078125,0.0126953125,0.009765625,0.0263671875,0.0205078125,0.0048828125,0.009765625,0.0380859375,0.0029296875,0.01171875,0.0693359375,26.8487125,26.317463,24.24324425,27.387775,27.28035325,27.21004075,26.178791,26.083088,27.69636875,25.606525,25.7178535,27.8330875,25.241291,25.8741035,27.80574425,1.7946673505494313,1.716259656579199,2.5186305916560983,1.451503624261872,1.406695220724086,2.1262316490419764,1.360520213622914,1.4403224961383947,1.819363566780468,1.9121078983406727,1.8121930949670029,1.5689734618872655,2.170027824489748,2.363191122471703,1.6264671935443125,4.541847287915107,4.820281106953245,5.396760250889329,4.09016523537117,4.229563027364834,5.251510282504759,4.064656340667201,4.006836998183418,4.747518734502085,4.702465305380051,4.597962900080056,4.404792892855378,5.12016997413721,5.47259979411981,4.552339312369197,5.549679707576879,6.213070784064764,7.009441043194437,5.7993158829255975,5.910018652691938,7.107112258366797,6.004032365504355,5.677130267953411,6.602022695121797,6.375225660882118,6.1919712981250665,6.1510487753827325,6.4225867919331465,6.948786790745404,6.160184777691376
2025-05-05 22:30:00,0.0662121799999999,0.5752453900000001,1.8843274,0.98112915,1.4093518500000002,2.3663831,1.44267705,2.03776985,2.4329114,1.30937625,1.9181409,1.344166305,1.46526,1.557179,-0.16266965,4.56550225,4.8651849,5.061596,3.92805095,3.9552727,4.48432545,3.64875415,3.29658125,3.55366135,4.3739738500000005,3.90546795,3.3987541,4.840282350000001,4.9047356,3.8070793,0.530447485,0.029470925,0.0616974815,0.7540802849999999,0.771658425,0.85271312,0.541189675,1.0558381,1.104666235,0.09978342,0.71111156,0.4874787100000001,0.259939675,0.409353745,-0.3836150149999999,1.71474555,1.7176752,2.55068305,1.2020502,1.15029237,1.8280268,1.1815424,0.88369085,1.0301752,1.8124017500000005,1.46083925,0.98818303,2.10537055,2.06142525,1.24208927,0.17567825,0.66591263,2.4168892,1.026264185,1.4892769,3.0688667,1.93092725,2.392231,3.20326615,2.2929878,2.6500435,2.089008375,2.4814644,2.5393257,0.6428413500000001,5.7036619,6.4102049,6.55668915,5.68779285,5.7656735,6.208911,5.5005369,5.028124849999999,5.3102293,5.8154783000000005,5.3400145000000006,4.9687986,5.9384032,6.14531225,5.22722145,26775084.0,26901036.0,27080492.0,26491692.0,26658860.0,26717996.0,25953580.0,26076460.0,26183468.0,25237292.0,25313580.0,25636140.0,24873004.0,24967468.0,25506348.0,1397.4502,1386.4502,1547.9502,1410.9502,1392.9502,1364.4502,1535.4502,1529.4502,1364.9502,1603.4502,1642.4502,1467.4502,1628.9502,1661.4502,1550.9502,295.82922,295.72376,294.16515000000004,295.436645,295.43274,295.960075,294.169065,294.788205,296.58899,294.577275,294.21203,295.84484999999995,294.83899,294.02063,294.45032,286.032715,285.302245,284.800295,285.962405,285.442865,285.2124,285.796385,285.54834,285.40576,285.280765,285.259285,285.300295,284.823735,284.958495,285.145995,0.001953125,0.001953125,0.0,0.0390625,0.033203125,0.017578125,0.021484375,0.044921875,0.029296875,0.0,0.0078125,0.015625,0.0,0.0,0.0,100739.1575,100730.9075,100781.5325,100746.6575,100724.4075,100693.5325,100802.0325,100779.1575,100694.6575,100818.6575,100827.1575,100743.6575,100802.6575,100822.7825,100781.4075,294.32947,293.599,292.32361000000003,293.7826,293.29432,294.29822,292.08728,292.556025,294.567745,292.85681,292.040415,293.55212500000005,292.70642,291.831415,292.15564,23211216.0,23355856.0,23647696.0,23493968.0,23400784.0,23397584.0,23688656.0,23488336.0,23373136.0,23825104.0,23686224.0,23635280.0,23921232.0,23871312.0,23894224.0,85654.125,85762.125,84190.125,85518.125,85690.125,85962.125,84306.125,84358.125,85954.125,83646.125,83274.125,84958.125,83386.125,83082.125,84150.125,25122592.0,25167136.0,25165856.0,24890912.0,25015840.0,25055008.0,24535456.0,24648352.0,24790560.0,24111904.0,24150944.0,24402592.0,23946016.0,23914656.0,24293920.0,39151730.0,39151730.0,39151730.0,39155130.0,39155130.0,39155130.0,39158580.0,39158580.0,39158580.0,39161492.0,39161492.0,39161492.0,39164410.0,39164410.0,39164410.0,0.0078125,0.0078125,0.0078125,0.041015625,0.037109375,0.021484375,0.01953125,0.048828125,0.037109375,0.005859375,0.01171875,0.056640625,0.001953125,0.015625,0.119140625,26.961494,26.406807,24.3052445,27.383369,27.2310255,27.2154005,26.223213,26.078682,27.7036815,25.586494,25.598213,27.711494,25.145088,25.801338,27.7427445,1.7949169439246004,1.7179280043457572,2.5514291290923103,1.419000267634126,1.3851459350385062,2.0171270774391914,1.2995878990373702,1.376845529384227,1.5104795375787503,1.815146504916328,1.6247248890523578,1.1018807528418149,2.1213565912986923,2.101676604495346,1.2999793207519044,4.565982352959264,4.899074542186948,5.400966933578353,4.0487280317126295,4.198863509149079,5.070398773024003,3.9236110813559137,3.8755585274151887,4.306688620127276,4.56575441789721,4.351085430180613,3.6549025278062017,5.057204770950206,5.145992396413773,3.810553005997897,5.706366787811197,6.444700651758585,6.987955782258812,5.77963715832792,5.954908613360566,6.925930885324361,5.829612871628284,5.568196176909405,6.201568289256703,6.251206356273943,5.961416393115188,5.390075650506411,6.436015703386498,6.649288507854096,5.266601284377803
2025-05-05 22:45:00,0.1666772399999999,0.655812995,1.7786157,0.959829075,1.504018575,2.30711915,1.358693875,1.997426775,2.14189695,1.302297375,1.7662256,0.7807519574999999,1.4222314,1.2327173,-0.878671875,4.589286375,4.93553885,5.106742499999999,3.890677925,3.89049485,4.310905024999999,3.530448475,3.167350275,3.218986025,4.233512425,3.705314125,2.82720135,4.7875895250000005,4.67052415,3.09557295,0.6208441275,0.1252386625,0.0768988107499999,0.8029730275,0.8557074125,0.78490663,0.5725042875,1.0612738,0.8884222525,0.105707405,0.60375429,0.2028753650000001,0.2053167875,0.1706488174999999,-0.6564996224999999,1.689610025,1.7203716999999998,2.583164725,1.1354107999999998,1.073399055,1.7394147,1.1017194,0.7818951749999999,0.8092389,1.715000625,1.304844375,0.610508445,2.063633475,1.850254575,0.861485005,0.126901625,0.5934543649999999,2.1973362,0.8507785775,1.42884255,2.93030735,1.731821025,2.26337625,2.900705325,2.2515964000000004,2.48212625,1.4878635624999998,2.4981785,2.27344705,-0.205556875,5.86218495,6.651369600000001,6.618654575,5.702150925,5.82812725,6.075625,5.3875756,4.969606925,5.02618645,5.69848865,5.16644525,4.4060082000000005,5.9459863,5.933229875,4.477480375,26775084.0,26901036.0,27080492.0,26491692.0,26658860.0,26717996.0,25953580.0,26076460.0,26183468.0,25237292.0,25313580.0,25636140.0,24873004.0,24967468.0,25506348.0,1397.4502,1386.4502,1547.9502,1410.9502,1392.9502,1364.4502,1535.4502,1529.4502,1364.9502,1603.4502,1642.4502,1467.4502,1628.9502,1661.4502,1550.9502,295.6535,295.51874,294.081225,295.1876825,295.19159,295.70916250000005,293.8234225,294.4982275,296.281435,294.2189375,293.915215,295.571475,294.537295,293.684755,294.03045999999995,286.0616475,285.3135975,284.8028575,286.0108675,285.4639825,285.23742500000003,285.8790275,285.616335,285.45715,285.40833250000003,285.3604775,285.3653575,284.9923175,285.1163325,285.2706275,0.0029296875,0.0029296875,0.0,0.05859375,0.0498046875,0.0263671875,0.0322265625,0.0673828125,0.0439453125,0.0,0.01171875,0.0234375,0.0,0.0,0.0,100760.14125,100752.26625,100800.32875,100767.51625,100745.76625,100714.70375,100822.45375,100799.51625,100716.64125,100840.14125,100847.14125,100766.76625,100828.89125,100847.82875,100810.51625,294.129825,293.36225,292.177675,293.4892,293.00678,294.01068,291.71771,292.2040375,294.08880250000004,292.489195,291.6571725,293.0458375,292.42572,291.4530575,291.664,23211216.0,23355856.0,23647696.0,23493968.0,23400784.0,23397584.0,23688656.0,23488336.0,23373136.0,23825104.0,23686224.0,23635280.0,23921232.0,23871312.0,23894224.0,85671.8425,85777.8425,84203.8425,85535.8425,85705.8425,85977.8425,84321.8425,84371.8425,85969.8425,83659.8425,83289.8425,84975.8425,83401.8425,83097.8425,84167.8425,25122592.0,25167136.0,25165856.0,24890912.0,25015840.0,25055008.0,24535456.0,24648352.0,24790560.0,24111904.0,24150944.0,24402592.0,23946016.0,23914656.0,24293920.0,39151730.0,39151730.0,39151730.0,39155130.0,39155130.0,39155130.0,39158580.0,39158580.0,39158580.0,39161492.0,39161492.0,39161492.0,39164410.0,39164410.0,39164410.0,0.0078125,0.0078125,0.0078125,0.0595703125,0.0537109375,0.0302734375,0.029296875,0.0712890625,0.0537109375,0.0068359375,0.013671875,0.0751953125,0.0009765625,0.01953125,0.1689453125,27.0742755,26.496151,24.36724475,27.378963,27.18169775,27.22076025,26.267635,26.074276,27.71099425,25.566463,25.4785725,27.5899005,25.048885,25.7285725,27.67974475,1.8000637397691606,1.7249242037682926,2.5843090805047084,1.390655732972455,1.3727420395261225,1.9083086533352112,1.2415904298689815,1.3182041356537766,1.201732788938699,1.718255277664592,1.4377545290008809,0.6433342639252174,2.07382209998107,1.858107373437439,1.0831196462914392,4.592312133783445,4.978919001577571,5.407614332549311,4.0073241158281245,4.171093627793741,4.889447914321919,3.782871327522566,3.7445722701036863,3.866470428383567,4.429289548625294,4.104741847548988,2.933025927703658,4.994372394509213,4.830464550894925,3.217862046870207,5.863558340328349,6.677791973335327,6.973870859070941,5.765270970163613,6.000721479529195,6.7453628743077285,5.65907898057161,5.46075681916637,5.803157900027101,6.127190158847021,5.731763013435449,4.650445810788728,6.4494688849276525,6.353878991509535,4.482196351942863
2025-05-05 23:00:00,0.2671423,0.7363806,1.672904,0.938529,1.5986853,2.2478552,1.2747107,1.9570837,1.8508825,1.2952185,1.6143103,0.21733761,1.3792028,0.9082556,-1.5946741,4.6130705,5.0058928,5.151889,3.8533049,3.825717,4.1374846,3.4121428,3.0381193,2.8843107,4.093051,3.5051603,2.2556486,4.7348967,4.4363127,2.3840666,0.71124077,0.2210064,0.09210014,0.85186577,0.9397564,0.71710014,0.6038189,1.0667095,0.67217827,0.11163139,0.49639702,-0.08172798,0.1506939,-0.06805611,-0.92938423,1.6644745,1.7230682,2.6156464,1.0687714,0.99650574,1.6508026,1.0218964,0.6800995,0.5883026,1.6175995,1.1488495,0.23283386,2.0218964,1.6390839,0.48088074,0.078125,0.5209961,1.9777832,0.67529297,1.3684082,2.791748,1.5327148,2.1345215,2.5981445,2.210205,2.314209,0.88671875,2.5148926,2.0075684,-1.0539551,6.020708,6.8925343,6.68062,5.716509,5.890581,5.942339,5.2746143,4.911089,4.7421436,5.581499,4.992876,3.8432178,5.9535694,5.7211475,3.7277393,26775084.0,26901036.0,27080492.0,26491692.0,26658860.0,26717996.0,25953580.0,26076460.0,26183468.0,25237292.0,25313580.0,25636140.0,24873004.0,24967468.0,25506348.0,1397.4502,1386.4502,1547.9502,1410.9502,1392.9502,1364.4502,1535.4502,1529.4502,1364.9502,1603.4502,1642.4502,1467.4502,1628.9502,1661.4502,1550.9502,295.47778,295.31372,293.9973,294.93872,294.95044,295.45825,293.47778,294.20825,295.97388,293.8606,293.6184,295.2981,294.2356,293.34888,293.6106,286.09058,285.32495,284.80542,286.05933,285.4851,285.26245,285.96167,285.68433,285.50854,285.5359,285.46167,285.43042,285.1609,285.27417,285.39526,0.00390625,0.00390625,0.0,0.078125,0.06640625,0.03515625,0.04296875,0.08984375,0.05859375,0.0,0.015625,0.03125,0.0,0.0,0.0,100781.125,100773.625,100819.125,100788.375,100767.125,100735.875,100842.875,100819.875,100738.625,100861.625,100867.125,100789.875,100855.125,100872.875,100839.625,293.93018,293.1255,292.03174,293.1958,292.71924,293.72314,291.34814,291.85205,293.60986,292.12158,291.27393,292.53955,292.14502,291.0747,291.17236,23211216.0,23355856.0,23647696.0,23493968.0,23400784.0,23397584.0,23688656.0,23488336.0,23373136.0,23825104.0,23686224.0,23635280.0,23921232.0,23871312.0,23894224.0,85689.56,85793.56,84217.56,85553.56,85721.56,85993.56,84337.56,84385.56,85985.56,83673.56,83305.56,84993.56,83417.56,83113.56,84185.56,25122592.0,25167136.0,25165856.0,24890912.0,25015840.0,25055008.0,24535456.0,24648352.0,24790560.0,24111904.0,24150944.0,24402592.0,23946016.0,23914656.0,24293920.0,39151730.0,39151730.0,39151730.0,39155130.0,39155130.0,39155130.0,39158580.0,39158580.0,39158580.0,39161492.0,39161492.0,39161492.0,39164410.0,39164410.0,39164410.0,0.0078125,0.0078125,0.0078125,0.078125,0.0703125,0.0390625,0.0390625,0.09375,0.0703125,0.0078125,0.015625,0.09375,0.0,0.0234375,0.21875,27.187057,26.585495,24.429245,27.374557,27.13237,27.22612,26.312057,26.06987,27.718307,25.546432,25.358932,27.468307,24.952682,25.655807,27.616745,1.8100659640080643,1.7371838851118209,2.617267377556405,1.366728793709876,1.3697320107210416,1.7998282792963276,1.1869580937548596,1.265070941603869,0.8932656804260157,1.621446795190512,1.2515051638387795,0.2467611579592299,2.0275043042692094,1.6404961643806246,1.046423113790803,4.620799113402307,5.059764729031202,5.416693462024319,3.965954530274523,4.146312247350058,4.708676227497937,3.642472492179773,3.6139100002404847,3.427099975626731,4.2930941582200655,3.859034396501563,2.2660949325662574,4.931677921681295,4.528332872825567,2.868232737845095,6.021214855566026,6.912196902063172,6.967231155243971,5.756257094884872,6.047436276587645,6.565458832893936,5.492792611404833,5.3549021652952025,5.407243361076068,6.003177261169788,5.503124026137972,3.9441847319615246,6.46294618499575,6.063155910698224,3.873869079044941
2025-05-05 23:15:00,0.3111946625,0.65122153,1.444678535,1.076514475,1.610755225,1.9217293375,1.370520875,1.891089675,1.5555794,1.282202975,1.3786995750000002,0.0430061824999999,1.2866585,0.619422215,-1.62166665,4.562466875,4.9429601,4.883023625,3.856351175,3.726163175,3.72402695,3.40945175,2.9370396,2.5306065,3.954984,3.303616725,1.9324619675,4.510892175,4.122891675,2.07369735,0.7532072025,0.2029142425,0.042757985,0.9065275275,0.917758,0.6023282974999999,0.6501798750000001,0.985629075,0.54715252,0.09109782925,0.381136895,-0.1066560725,0.05691815,-0.15108967,-0.82003498,1.611294275,1.67623565,2.4325833500000003,1.04195836,0.946255205,1.437466135,0.988247425,0.602016935,0.44820832275,1.5146146,1.0126614675,0.12008333,1.877407575,1.488247425,0.3456692715,0.109359265,0.5184168849999999,1.7728114,0.8070521275,1.450912,2.3765101,1.6265101,2.1114955,2.160201525,2.1661219000000003,2.06053115,0.613387585,2.395186925,1.5923915249999998,-1.18959095,5.9737274,6.869906725,6.3556853250000005,5.7400850000000005,5.85379325,5.431185999999999,5.34164735,4.88394475,4.268466200000001,5.49936215,4.84237975,3.472506725,5.7366669,5.41299745,3.4597504,26775084.0,26901036.0,27080492.0,26491692.0,26658860.0,26717996.0,25953580.0,26076460.0,26183468.0,25237292.0,25313580.0,25636140.0,24873004.0,24967468.0,25506348.0,1397.4502,1386.4502,1547.9502,1410.9502,1392.9502,1364.4502,1535.4502,1529.4502,1364.9502,1603.4502,1642.4502,1467.4502,1628.9502,1661.4502,1550.9502,295.29791,295.09674,293.666065,294.794005,294.78814750000004,295.2041625,293.32916,294.1143175,295.826235,293.65631499999995,293.500055,295.10943999999995,293.9795575,293.073305,293.4238925,286.1413,285.4577025,285.053405,286.0875875,285.53875,285.3512575,286.0104375,285.7155175,285.5192225,285.59443,285.4909025,285.459655,285.2584925,285.35125750000003,285.51043500000003,0.0029296875,0.0029296875,0.0,0.05859375,0.0498046875,0.0263671875,0.0322265625,0.0673828125,0.0439453125,0.0,0.01171875,0.0234375,0.0,0.0,0.0,100798.9375,100791.25,100835.0625,100804.4375,100784.75,100756.5,100858.5,100838.25,100760.6875,100878.875,100885.8125,100810.4375,100874.375,100892.1875,100858.8125,293.73212,292.9245075,291.77411,293.013365,292.514345,293.4196125,291.16278,291.6354375,293.37469500000003,291.87176,291.0368075,292.3541875,291.88739,290.78094,290.9928575,23211216.0,23355856.0,23647696.0,23493968.0,23400784.0,23397584.0,23688656.0,23488336.0,23373136.0,23825104.0,23686224.0,23635280.0,23921232.0,23871312.0,23894224.0,85700.045,85804.045,84228.045,85564.045,85734.045,86008.045,84348.045,84398.045,86000.045,83686.045,83316.045,85006.045,83432.045,83128.045,84198.045,25122592.0,25167136.0,25165856.0,24890912.0,25015840.0,25055008.0,24535456.0,24648352.0,24790560.0,24111904.0,24150944.0,24402592.0,23946016.0,23914656.0,24293920.0,39151730.0,39151730.0,39151730.0,39155130.0,39155130.0,39155130.0,39158580.0,39158580.0,39158580.0,39161492.0,39161492.0,39161492.0,39164410.0,39164410.0,39164410.0,0.005859375,0.005859375,0.005859375,0.05859375,0.052734375,0.029296875,0.029296875,0.0703125,0.05859375,0.005859375,0.017578125,0.09375,0.0,0.03125,0.203125,27.24182475,26.7027625,24.61096575,27.45276225,27.2340125,27.37073125,26.388309,26.22034075,27.9097935,25.7535435,25.59338725,27.61877775,25.23401225,25.84534025,27.61096575,1.7786484561446232,1.688472725317253,2.432959103638712,1.3811116472208729,1.318210400335846,1.5585596771510184,1.182948368642582,1.1549411515363672,0.7072952571060537,1.5173517064369824,1.0820113587617717,0.1606098500871418,1.878270182499526,1.4958972178595158,0.8899127000346388,4.573067471997407,4.985673879359494,5.092250562550697,4.003789180240189,4.059411829513098,4.19063484103954,3.6746004822822345,3.493196497602127,2.970487590875716,4.157636697614986,3.579762001000193,1.932940451117725,4.690803588949177,4.169162942872323,2.632493765067497,5.974728320045363,6.889439344159532,6.59830252492187,5.796542844120733,6.030923730697443,5.92837090793061,5.583791858331042,5.3208391788864295,4.783960109486154,5.910589491963744,5.262549787254311,3.526265345177864,6.216612222685806,5.642362285656454,3.658551551997328
2025-05-05 23:30:00,0.355247025,0.56606246,1.21645307,1.21449995,1.6228251500000002,1.595603475,1.46633105,1.82509565,1.2602763,1.26918745,1.14308885,-0.131325245,1.1941142,0.33058883,-1.6486592,4.51186325,4.8800274,4.61415825,3.85939745,3.62660935,3.3105693,3.4067607,2.8359599,2.1769023,3.816917,3.10207315,1.609275335,4.286887650000001,3.80947065,1.7633281,0.795173635,0.184822085,-0.00658417,0.961189285,0.8957596000000001,0.487556455,0.6965408500000001,0.90454865,0.42212677,0.0705642685,0.26587677,-0.131584165,-0.0368575999999999,-0.23412323,-0.71068573,1.55811405,1.6294031,2.2495203,1.01514532,0.89600467,1.22412967,0.95459845,0.52393437,0.3081140455,1.4116297,0.8764734350000001,0.0073328,1.73291875,1.33741095,0.210457803,0.14059353,0.51583767,1.5678396,0.938811285,1.5334158,1.9612722,1.7203054,2.0884695,1.72225855,2.1220388000000003,1.8068533,0.34005642,2.2754812500000003,1.1772146499999998,-1.3252268,5.9267468,6.84727915,6.03075065,5.763661,5.8170055000000005,4.920033,5.4086804,4.8568005,3.7947888,5.4172253,4.691883499999999,3.10179565,5.5197644,5.1048474,3.1917615,26775084.0,26901036.0,27080492.0,26491692.0,26658860.0,26717996.0,25953580.0,26076460.0,26183468.0,25237292.0,25313580.0,25636140.0,24873004.0,24967468.0,25506348.0,1397.4502,1386.4502,1547.9502,1410.9502,1392.9502,1364.4502,1535.4502,1529.4502,1364.9502,1603.4502,1642.4502,1467.4502,1628.9502,1661.4502,1550.9502,295.11804,294.87976000000003,293.33483,294.64929,294.625855,294.950075,293.18054,294.02038500000003,295.67859,293.45203,293.38171,294.92078,293.723515,292.79773,293.23718499999995,286.19202,285.590455,285.30139,286.11584500000004,285.5924,285.440065,286.059205,285.746705,285.529905,285.65296,285.520135,285.48889,285.356085,285.42834500000004,285.62561,0.001953125,0.001953125,0.0,0.0390625,0.033203125,0.017578125,0.021484375,0.044921875,0.029296875,0.0,0.0078125,0.015625,0.0,0.0,0.0,100816.75,100808.875,100851.0,100820.5,100802.375,100777.125,100874.125,100856.625,100782.75,100896.125,100904.5,100831.0,100893.625,100911.5,100878.0,293.53406,292.723515,291.51648,292.83093,292.30945,293.116085,290.97742,291.418825,293.13953000000004,291.62194,290.799685,292.168825,291.62976000000003,290.48718,290.813355,23211216.0,23355856.0,23647696.0,23493968.0,23400784.0,23397584.0,23688656.0,23488336.0,23373136.0,23825104.0,23686224.0,23635280.0,23921232.0,23871312.0,23894224.0,85710.53,85814.53,84238.53,85574.53,85746.53,86022.53,84358.53,84410.53,86014.53,83698.53,83326.53,85018.53,83446.53,83142.53,84210.53,25122592.0,25167136.0,25165856.0,24890912.0,25015840.0,25055008.0,24535456.0,24648352.0,24790560.0,24111904.0,24150944.0,24402592.0,23946016.0,23914656.0,24293920.0,39151730.0,39151730.0,39151730.0,39155130.0,39155130.0,39155130.0,39158580.0,39158580.0,39158580.0,39161492.0,39161492.0,39161492.0,39164410.0,39164410.0,39164410.0,0.00390625,0.00390625,0.00390625,0.0390625,0.03515625,0.01953125,0.01953125,0.046875,0.046875,0.00390625,0.01953125,0.09375,0.0,0.0390625,0.1875,27.2965925,26.820030000000003,24.7926865,27.5309675,27.335655000000003,27.515342500000003,26.464561,26.3708115,28.10128,25.960655,25.8278425,27.7692485,25.5153425,26.0348735,27.6051865,1.7492914287237893,1.6398517205507812,2.2495299356547087,1.3980003084108077,1.2669686774557487,1.3176512231188022,1.181705274787722,1.0453303230482311,0.5226138870954434,1.4133922760193045,0.9159127355192372,0.1317883243485068,1.7333106694356102,1.3577487749968826,0.7411927506858251,4.525827044361275,4.912748124356877,4.771814584364683,4.04598057405328,3.973141936173429,3.675026467868574,3.708927771642175,3.372483163198437,2.515392608736652,4.022398807692557,3.305980935659679,1.6146248554427969,4.450091509886529,3.823788122756306,2.414001480114345,5.928414136342712,6.866681895924389,6.231217731214628,5.839619401276453,6.0157224838517855,5.296537865774382,5.675673910524927,5.286796378642789,4.167324867304389,5.818021882020171,5.027771835047125,3.1203805253754133,5.970394790180036,5.238826329385369,3.455946692922286
2025-05-05 23:45:00,0.3992993875,0.48090339,0.988227605,1.352485425,1.634895075,1.2694776125000002,1.562141225,1.759101625,0.9649732,1.256171925,0.907478125,-0.3056566725,1.1015699,0.041755445,-1.67565175,4.461259625,4.8170947,4.345292875,3.862443725,3.527055525,2.89711165,3.4040696500000003,2.7348802,1.8231981,3.67885,2.900529575,1.2860887025,4.062883125,3.4960496250000004,1.45295885,0.8371400675,0.1667299274999999,-0.055926325,1.0158510425,0.8737612,0.3727846125,0.742901825,0.823468225,0.29710102,0.05003070775,0.150616645,-0.1565122575,-0.1306333499999999,-0.3171567899999999,-0.6013364800000001,1.504933825,1.58257055,2.06645725,0.98833228,0.845754135,1.010793205,0.920949475,0.445851805,0.1680197682499999,1.3086448,0.7402854025,-0.1054177299999999,1.588429925,1.186574475,0.0752463345,0.171827795,0.513258455,1.3628678,1.0705704425000002,1.6159196,1.5460343,1.8141007,2.0654435,1.284315575,2.0779557,1.55317545,0.066725255,2.1557755750000003,0.762037775,-1.4608626500000002,5.879766200000001,6.824651575000001,5.705815975,5.787236999999999,5.78021775,4.40888,5.47571345,4.82965625,3.3211114,5.335088450000001,4.54138725,2.731084575,5.3028619,4.79669735,2.9237726000000004,26775084.0,26901036.0,27080492.0,26491692.0,26658860.0,26717996.0,25953580.0,26076460.0,26183468.0,25237292.0,25313580.0,25636140.0,24873004.0,24967468.0,25506348.0,1397.4502,1386.4502,1547.9502,1410.9502,1392.9502,1364.4502,1535.4502,1529.4502,1364.9502,1603.4502,1642.4502,1467.4502,1628.9502,1661.4502,1550.9502,294.93817,294.66278,293.003595,294.50457500000005,294.4635625,294.6959875,293.03192,293.9264525,295.53094500000003,293.247745,293.263365,294.73212,293.4674725,292.522155,293.0504775,286.24274,285.7232075,285.54937500000005,286.14410250000003,285.64605,285.52887250000003,286.1079725,285.7778925,285.5405875,285.71149,285.5493675,285.51812500000005,285.4536775,285.5054325,285.740785,0.0009765625,0.0009765625,0.0,0.01953125,0.0166015625,0.0087890625,0.0107421875,0.0224609375,0.0146484375,0.0,0.00390625,0.0078125,0.0,0.0,0.0,100834.5625,100826.5,100866.9375,100836.5625,100820.0,100797.75,100889.75,100875.0,100804.8125,100913.375,100923.1875,100851.5625,100912.875,100930.8125,100897.1875,293.336,292.5225225,291.25885,292.648495,292.104555,292.8125575,290.79206,291.2022125,292.904365,291.37212,290.5625625,291.9834625,291.37213,290.19342,290.6338525,23211216.0,23355856.0,23647696.0,23493968.0,23400784.0,23397584.0,23688656.0,23488336.0,23373136.0,23825104.0,23686224.0,23635280.0,23921232.0,23871312.0,23894224.0,85721.015,85825.015,84249.015,85585.015,85759.015,86037.015,84369.015,84423.015,86029.015,83711.015,83337.015,85031.015,83461.015,83157.015,84223.015,25122592.0,25167136.0,25165856.0,24890912.0,25015840.0,25055008.0,24535456.0,24648352.0,24790560.0,24111904.0,24150944.0,24402592.0,23946016.0,23914656.0,24293920.0,39151730.0,39151730.0,39151730.0,39155130.0,39155130.0,39155130.0,39158580.0,39158580.0,39158580.0,39161492.0,39161492.0,39161492.0,39164410.0,39164410.0,39164410.0,0.001953125,0.001953125,0.001953125,0.01953125,0.017578125,0.009765625,0.009765625,0.0234375,0.03515625,0.001953125,0.021484375,0.09375,0.0,0.046875,0.171875,27.35136025,26.9372975,24.97440725,27.60917275,27.4372975,27.65995375,26.540813,26.52128225,28.2927665,26.1677665,26.06229775,27.91971925,25.79667275,26.22440675,27.59940725,1.7221002613794107,1.5913291345449116,2.0672139027941854,1.4173052022194568,1.2160422243882152,1.0773445459048592,1.1832375319821065,0.936420711863214,0.3413204632128347,1.3096008110431994,0.7554520837919788,0.188703430138668,1.5937925519865277,1.228229381738049,0.6060260497985844,4.479093372828146,4.841040117503839,4.456249989487776,4.092393963639046,3.887544544142521,3.163041150728903,3.7453938896857855,3.251770015765211,2.0628195724691607,3.887403404286492,3.039175605785753,1.3219115523142635,4.20956951860826,3.496298971433906,2.217858924068748,5.882276375502686,6.843924558451749,5.866322918220752,5.885425487296874,6.00184249968951,4.6720921342773725,5.768396582782029,5.252774157038956,3.5607930896638096,5.725475409124198,4.799640833744256,2.7318995617441257,5.724308924249126,4.856851556103395,3.2684194802191144
2025-05-06 00:00:00,0.44335175,0.39574432,0.76000214,1.4904709,1.646965,0.94335175,1.6579514,1.6931076,0.6696701,1.2431564,0.6718674,-0.4799881,1.0090256,-0.24707794,-1.7026443,4.410656,4.754162,4.0764275,3.86549,3.4275017,2.483654,3.4013786,2.6338005,1.4694939,3.540783,2.698986,0.96290207,3.8388786,3.1826286,1.1425896,0.8791065,0.14863777,-0.10526848,1.0705128,0.8517628,0.25801277,0.7892628,0.7423878,0.17207527,0.029497147,0.03535652,-0.18144035,-0.2244091,-0.40019035,-0.49198723,1.4517536,1.535738,1.8833942,0.96151924,0.7955036,0.79745674,0.8873005,0.36776924,0.027925491,1.2056599,0.60409737,-0.21816826,1.4439411,1.035738,-0.059965134,0.20306206,0.51067924,1.157896,1.2023296,1.6984234,1.1307964,1.907896,2.0424175,0.8463726,2.0338726,1.2994976,-0.20660591,2.0360699,0.3468609,-1.5964985,5.8327856,6.802024,5.3808813,5.810813,5.74343,3.897727,5.5427465,4.802512,2.847434,5.2529516,4.390891,2.3603735,5.0859594,4.4885473,2.6557837,26775084.0,26901036.0,27080492.0,26491692.0,26658860.0,26717996.0,25953580.0,26076460.0,26183468.0,25237292.0,25313580.0,25636140.0,24873004.0,24967468.0,25506348.0,1397.4502,1386.4502,1547.9502,1410.9502,1392.9502,1364.4502,1535.4502,1529.4502,1364.9502,1603.4502,1642.4502,1467.4502,1628.9502,1661.4502,1550.9502,294.7583,294.4458,292.67236,294.35986,294.30127,294.4419,292.8833,293.83252,295.3833,293.04346,293.14502,294.54346,293.21143,292.24658,292.86377,286.29346,285.85596,285.79736,286.17236,285.6997,285.61768,286.15674,285.80908,285.55127,285.77002,285.5786,285.54736,285.55127,285.58252,285.85596,0.0,0.0,0.0,0.0,0.0,0.0,0.0,0.0,0.0,0.0,0.0,0.0,0.0,0.0,0.0,100852.375,100844.125,100882.875,100852.625,100837.625,100818.375,100905.375,100893.375,100826.875,100930.625,100941.875,100872.125,100932.125,100950.125,100916.375,293.13794,292.32153,291.00122,292.46606,291.89966,292.50903,290.6067,290.9856,292.6692,291.1223,290.32544,291.7981,291.1145,289.89966,290.45435,23211216.0,23355856.0,23647696.0,23493968.0,23400784.0,23397584.0,23688656.0,23488336.0,23373136.0,23825104.0,23686224.0,23635280.0,23921232.0,23871312.0,23894224.0,85731.5,85835.5,84259.5,85595.5,85771.5,86051.5,84379.5,84435.5,86043.5,83723.5,83347.5,85043.5,83475.5,83171.5,84235.5,25122592.0,25167136.0,25165856.0,24890912.0,25015840.0,25055008.0,24535456.0,24648352.0,24790560.0,24111904.0,24150944.0,24402592.0,23946016.0,23914656.0,24293920.0,39151730.0,39151730.0,39151730.0,39155130.0,39155130.0,39155130.0,39158580.0,39158580.0,39158580.0,39161492.0,39161492.0,39161492.0,39164410.0,39164410.0,39164410.0,0.0,0.0,0.0,0.0,0.0,0.0,0.0,0.0,0.0234375,0.0,0.0234375,0.09375,0.0,0.0546875,0.15625,27.406128,27.054565,25.156128,27.687378,27.53894,27.804565,26.617065,26.671753,28.484253,26.374878,26.296753,28.07019,26.078003,26.41394,27.593628,1.6971790575702996,1.5429142527420547,1.88633378951742,1.4389290822879417,1.1654723699328098,0.8381574086378408,1.187534397297228,0.8284889012406972,0.1743265085784832,1.206020678159852,0.6051311559880447,0.2837569211130366,1.46127524595198,1.1103627879558655,0.4956281386066684,4.432882484858364,4.770604771835146,4.14666907475878,4.142887452471623,3.8026650673873306,2.656774306549968,3.783937000704415,3.1310570769275365,1.6148902021410685,3.752676656461353,2.7813542081832656,1.0759037933532416,3.969272170939317,3.192204929820861,2.05048984546392,5.836319221545272,6.821167332850219,5.504053661757459,5.933897891605918,5.989292964162595,4.05844505504041,5.86191998496041,5.21877291654372,2.970560041875397,5.6329511150881935,4.579150334536611,2.3693984598520315,5.478372354644614,4.501929513918015,3.0987085248031865
2025-05-06 00:15:00,0.4899652025,0.3905389274999999,0.75626159,1.517431025,1.505162925,0.8204095375,1.61289005,1.50949645,0.5369622675000001,1.177098965,0.6430414,-0.4240973,0.88950135,-0.1664679035,-1.463709075,4.1764865,4.409640925,3.645175475,3.5856662,2.93002655,1.8898043475,3.2135348,2.36288785,1.1779513625,3.42911105,2.687472775,1.0379977275,3.68075895,3.15768765,1.25278045,0.87699125,0.100135802,-0.1259384175,1.0229873875,0.701698325,0.201698302,0.6855850425000001,0.6133194175000001,0.121620177,-0.04488372725,0.023963927,-0.1610946624999999,-0.29244232,-0.3232040375,-0.4037704475,1.337062825,1.4005394,1.6568870249999998,0.8497581475,0.6139182925,0.6075706475,0.79507065,0.2896995535,-0.0144996642499999,1.160793325,0.6192894025,-0.2244606025,1.361965175,1.0152855,-0.0853004455,0.231419565,0.4940538375,1.124546975,1.253209075,1.55655385,0.9670152425,1.9343004,1.8683214,0.6348009076725001,2.004368775,1.278660775,-0.1958875649999999,1.90549185,0.456089985,-1.2524671625,5.5659618250000005,6.39829835,4.932111725,5.460126925,5.1169261,3.2198925000000003,5.28806875,4.38773905,2.4484081,5.108137125000001,4.305280625,2.3950633750000003,4.89170645,4.465925224999999,2.831159625,26775084.0,26901036.0,27080492.0,26491692.0,26658860.0,26717996.0,25953580.0,26076460.0,26183468.0,25237292.0,25313580.0,25636140.0,24873004.0,24967468.0,25506348.0,1397.4502,1386.4502,1547.9502,1410.9502,1392.9502,1364.4502,1535.4502,1529.4502,1364.9502,1603.4502,1642.4502,1467.4502,1628.9502,1661.4502,1550.9502,294.500915,294.1552125,292.3915375,294.18646,294.203065,294.205025,292.8300175,293.7743525,295.179625,292.90716999999995,293.03412,294.3349025,293.0321725,292.1288425,292.6893925,286.363895,286.04651,286.01135,286.19592,285.745725,285.73401,286.16663,285.8023675,285.56897,285.79065,285.556265,285.61096000000003,285.5885025,285.5894775,285.94202,0.0,0.0,0.0,0.0,0.0,0.0,0.0,0.0,0.0,0.0,0.0,0.0,0.0,0.0,0.0,100851.10875,100842.98375,100881.04625,100851.42125,100837.73375,100819.42125,100902.67125,100892.04625,100827.73375,100928.04625,100939.42125,100871.17125,100929.54625,100946.48375,100913.17125,292.89306750000003,292.0561475,290.72119,292.23877000000005,291.697755,292.2641575,290.43702,290.819825,292.47315,290.9477425,290.1938475,291.61475,290.92920000000004,289.760255,290.286625,23211216.0,23355856.0,23647696.0,23493968.0,23400784.0,23397584.0,23688656.0,23488336.0,23373136.0,23825104.0,23686224.0,23635280.0,23921232.0,23871312.0,23894224.0,85724.375,85828.375,84252.375,85590.375,85766.375,86046.375,84374.375,84430.375,86040.375,83718.375,83342.375,85038.375,83468.375,83164.375,84228.375,25122592.0,25167136.0,25165856.0,24890912.0,25015840.0,25055008.0,24535456.0,24648352.0,24790560.0,24111904.0,24150944.0,24402592.0,23946016.0,23914656.0,24293920.0,39151730.0,39151730.0,39151730.0,39155130.0,39155130.0,39155130.0,39158580.0,39158580.0,39158580.0,39161492.0,39161492.0,39161492.0,39164410.0,39164410.0,39164410.0,0.0,0.0,0.0,0.0,0.0,0.0,0.0,0.0,0.017578125,0.0,0.01953125,0.078125,0.0,0.041015625,0.123046875,27.51726525,27.2594525,25.388359,27.810234,27.75164,27.972343,26.73210875,26.82976525,28.5680465,26.4254685,26.32781225,28.08562425,26.21257775,26.43523375,27.58562475,1.5990155254323029,1.404114592828713,1.661666362004044,1.329884244671959,0.9323498319696965,0.6401752078402072,1.0498400778171644,0.6782967928426603,0.1224814586656856,1.161660747523307,0.6197528812729056,0.2762861783742572,1.3930081293516428,1.0654883839660343,0.4126823721421218,4.205128462287819,4.4269011442913095,3.722799462239512,3.8935329732076234,3.2940204939404154,2.0602020000599124,3.5955834330745327,2.8038934580757924,1.2945647489153829,3.625515765603037,2.7633335228452176,1.1212929154161522,3.786713495850581,3.1620725573361232,1.9266299883837472,5.570770687474232,6.417344541939539,5.058688759635656,5.602099519177815,5.348438332897841,3.3619676070396016,5.630736110151737,4.768949446638417,2.5293624525811715,5.487308910021221,4.4911484764505385,2.403060654329811,5.249732486840451,4.489154284462564,3.0958260311863364
2025-05-06 00:30:00,0.536578655,0.385333535,0.75252104,1.54439115,1.3633608499999998,0.6974673250000001,1.5678287,1.3258853,0.404254435,1.11104153,0.6142154,-0.3682065,0.7699771,-0.085857867,-1.22477385,3.942317,4.06511985,3.21392345,3.3058424,2.4325514,1.295954695,3.025691,2.0919752000000003,0.886408825,3.3174391,2.67595955,1.113093385,3.5226393,3.1327467,1.3629713,0.874876,0.051633834,-0.146608355,0.975461975,0.55163385,0.145383834,0.581907285,0.484251035,0.071165084,-0.1192646015,0.012571334,-0.140748975,-0.36047554,-0.246217725,-0.315553665,1.22237205,1.2653408000000002,1.43037985,0.737997055,0.432332985,0.417684555,0.7028408,0.211629867,-0.0569248195,1.11592675,0.634481435,-0.230752945,1.27998925,0.994833,-0.110635757,0.25977707,0.477428435,1.09119795,1.30408855,1.4146843,0.8032340849999999,1.9607048,1.6942253,0.423229215345,1.97486495,1.25782395,-0.18516922,1.7749138000000002,0.56531907,-0.908435825,5.29913805,5.9945727,4.48334215,5.10944085,4.4904222,2.542058,5.033391,3.9729661,2.0493822,4.96332265,4.21967025,2.42975325,4.6974535,4.44330315,3.00653555,26775084.0,26901036.0,27080492.0,26491692.0,26658860.0,26717996.0,25953580.0,26076460.0,26183468.0,25237292.0,25313580.0,25636140.0,24873004.0,24967468.0,25506348.0,1397.4502,1386.4502,1547.9502,1410.9502,1392.9502,1364.4502,1535.4502,1529.4502,1364.9502,1603.4502,1642.4502,1467.4502,1628.9502,1661.4502,1550.9502,294.24353,293.86462500000005,292.110715,294.01306,294.10486000000003,293.96815,292.77673500000003,293.716185,294.97595,292.77088,292.92322,294.126345,292.852915,292.011105,292.515015,286.43433,286.23706,286.22534,286.21948,285.79175,285.85034,286.17652,285.795655,285.58667,285.81128,285.53393,285.67456000000004,285.625735,285.596435,286.02808,0.0,0.0,0.0,0.0,0.0,0.0,0.0,0.0,0.0,0.0,0.0,0.0,0.0,0.0,0.0,100849.8425,100841.8425,100879.2175,100850.2175,100837.8425,100820.4675,100899.9675,100890.7175,100828.5925,100925.4675,100936.9675,100870.2175,100926.9675,100942.8425,100909.9675,292.648195,291.790765,290.44116,292.01148,291.49585,292.019285,290.26734,290.65405,292.2771,290.773185,290.062255,291.4314,290.7439,289.62085,290.1189,23211216.0,23355856.0,23647696.0,23493968.0,23400784.0,23397584.0,23688656.0,23488336.0,23373136.0,23825104.0,23686224.0,23635280.0,23921232.0,23871312.0,23894224.0,85717.25,85821.25,84245.25,85585.25,85761.25,86041.25,84369.25,84425.25,86037.25,83713.25,83337.25,85033.25,83461.25,83157.25,84221.25,25122592.0,25167136.0,25165856.0,24890912.0,25015840.0,25055008.0,24535456.0,24648352.0,24790560.0,24111904.0,24150944.0,24402592.0,23946016.0,23914656.0,24293920.0,39151730.0,39151730.0,39151730.0,39155130.0,39155130.0,39155130.0,39158580.0,39158580.0,39158580.0,39161492.0,39161492.0,39161492.0,39164410.0,39164410.0,39164410.0,0.0,0.0,0.0,0.0,0.0,0.0,0.0,0.0,0.01171875,0.0,0.015625,0.0625,0.0,0.02734375,0.08984375,27.6284025,27.46434,25.62059,27.93309,27.96434,28.140121,26.8471525,26.9877775,28.65184,26.476059,26.3588715,28.1010585,26.3471525,26.4565275,27.5776215,1.50319707423784,1.266393853806224,1.4378736123324012,1.2231785306567369,0.7008649758582838,0.4422633227773784,0.912469878122402,0.5284754161784717,0.0911312474173081,1.1222818525381744,0.6346059641999898,0.270290946185261,1.3297800927423509,1.024849191829303,0.3343865820003776,3.978665603125074,4.083341931317976,3.3008471424927546,3.648799528315591,2.7885586099192325,1.4717198241972549,3.4077694845785405,2.476758378641553,0.9742393203187036,3.498544763697265,2.7455454960414265,1.172413284798926,3.6058081441514473,3.13392301432034,1.832419643058738,5.305501691551477,6.013554669754972,4.6142247236183485,5.273237406554898,4.707995667257919,2.665941460473164,5.401794912029152,4.319127110760842,2.092627623443403,5.341784654845376,4.403150929496815,2.4367988213886207,5.02159221583082,4.479121401983384,3.140782014332933
2025-05-06 00:45:00,0.5831921075,0.3801281425,0.7487804899999999,1.571351275,1.221558775,0.5745251125,1.52276735,1.14227415,0.2715466025,1.044984095,0.5853894000000001,-0.3123157,0.65045285,-0.0052478304999999,-0.985838625,3.7081475,3.720598775,2.782671425,3.0260186,1.93507625,0.7021050424999999,2.8378472,1.82106255,0.5948662874999999,3.20576715,2.664446325,1.1881890425,3.36451965,3.10780575,1.47316215,0.87276075,0.003131866,-0.1672782924999999,0.9279365625,0.4015693749999999,0.089069366,0.4782295275,0.3551826525,0.020709991,-0.19364547575,0.0011787409999999,-0.1204032875,-0.42850876,-0.1692314125,-0.2273368824999999,1.107681275,1.1301422,1.203872675,0.6262359625,0.2507476775,0.2277984625,0.6106109500000001,0.1335601805,-0.0993499747499999,1.071060175,0.6496734675,-0.2370452875,1.198013325,0.9743805,-0.1359710685,0.288134575,0.4608030325,1.057848925,1.354968025,1.27281475,0.6394529274999999,1.9871092,1.5201292,0.2116575230174999,1.945361125,1.236987125,-0.174450875,1.64433575,0.6745481550000001,-0.5644044875,5.032314275,5.59084705,4.034572575,4.758754775,3.8639183,1.8642235,4.77871325,3.55819315,1.6503563,4.818508175,4.134059875,2.464443125,4.50320055,4.420681075,3.181911475,26775084.0,26901036.0,27080492.0,26491692.0,26658860.0,26717996.0,25953580.0,26076460.0,26183468.0,25237292.0,25313580.0,25636140.0,24873004.0,24967468.0,25506348.0,1397.4502,1386.4502,1547.9502,1410.9502,1392.9502,1364.4502,1535.4502,1529.4502,1364.9502,1603.4502,1642.4502,1467.4502,1628.9502,1661.4502,1550.9502,293.986145,293.57403750000003,291.8298925,293.83966000000004,294.006655,293.731275,292.7234525,293.6580175,294.77227500000004,292.63459,292.81232,293.9177875,292.6736575,291.89336749999995,292.3406375,286.504765,286.42761,286.43933000000004,286.24304,285.837775,285.96667,286.18641,285.7889425,285.60437,285.83191,285.511595,285.73816,285.6629675,285.6033925,286.11414,0.0,0.0,0.0,0.0,0.0,0.0,0.0,0.0,0.0,0.0,0.0,0.0,0.0,0.0,0.0,100848.57625,100840.70125,100877.38875,100849.01375,100837.95125,100821.51375,100897.26375,100889.38875,100829.45125,100922.88875,100934.51375,100869.26375,100924.38875,100939.20125,100906.76375,292.4033225,291.5253825,290.16113,291.78419,291.293945,291.7744125,290.09766,290.488275,292.08105,290.5986275,289.9306625,291.24805000000003,290.5586,289.481445,289.95117500000003,23211216.0,23355856.0,23647696.0,23493968.0,23400784.0,23397584.0,23688656.0,23488336.0,23373136.0,23825104.0,23686224.0,23635280.0,23921232.0,23871312.0,23894224.0,85710.125,85814.125,84238.125,85580.125,85756.125,86036.125,84364.125,84420.125,86034.125,83708.125,83332.125,85028.125,83454.125,83150.125,84214.125,25122592.0,25167136.0,25165856.0,24890912.0,25015840.0,25055008.0,24535456.0,24648352.0,24790560.0,24111904.0,24150944.0,24402592.0,23946016.0,23914656.0,24293920.0,39151730.0,39151730.0,39151730.0,39155130.0,39155130.0,39155130.0,39158580.0,39158580.0,39158580.0,39161492.0,39161492.0,39161492.0,39164410.0,39164410.0,39164410.0,0.0,0.0,0.0,0.0,0.0,0.0,0.0,0.0,0.005859375,0.0,0.01171875,0.046875,0.0,0.013671875,0.056640625,27.73953975,27.6692275,25.852821,28.055946,28.17704,28.307899,26.96219625,27.14578975,28.7356335,26.5266495,26.38993075,28.11649275,26.48172725,26.47782125,27.56961825,1.4102018060285515,1.1301465395272785,1.2154387869215673,1.1194810158071542,0.4734261935186249,0.244592500860116,0.7755960374014141,0.3794641464646275,0.1014855714377452,1.088424764854914,0.6496745368288791,0.2658710589115808,1.272342597052497,0.9889674563690128,0.2648965639902685,3.753727602797857,3.739966931571989,2.881654469522009,3.409682301474741,2.2883893755420126,0.9072103370206188,3.2205895629176133,2.14966486801332,0.6539139525452302,3.3717851027048105,2.727994678960787,1.2285496722491756,3.426817967927279,3.107810180731445,1.7725925969422622,5.040556367672045,5.609804824702451,4.170949557482778,4.947897064143281,4.068159536804383,1.9708448199796376,5.175394023497168,3.869306304416796,1.6638734398984778,5.19638825908949,4.315157957421812,2.470609848630097,4.794022867305533,4.47184932441569,3.2315805823539065
2025-05-06 01:00:00,0.62980556,0.37492275,0.74503994,1.5983114,1.0797567,0.4515829,1.477706,0.958663,0.13883877,0.97892666,0.5565634,-0.2564249,0.5309286,0.075362206,-0.7469034,3.473978,3.3760777,2.3514194,2.7461948,1.4376011,0.10825539,2.6500034,1.5501499,0.30332375,3.0940952,2.6529331,1.2632847,3.2064,3.0828648,1.583353,0.8706455,-0.045370102,-0.18794823,0.88041115,0.2515049,0.032754898,0.37455177,0.22611427,-0.029745102,-0.26802635,-0.010213852,-0.1000576,-0.49654198,-0.0922451,-0.1391201,0.9929905,0.9949436,0.9773655,0.51447487,0.06916237,0.03791237,0.5183811,0.055490494,-0.14177513,1.0261936,0.6648655,-0.24333763,1.1160374,0.953928,-0.16130638,0.31649208,0.44417763,1.0244999,1.4058475,1.1309452,0.47567177,2.0135136,1.3460331,8.583069e-05,1.9158573,1.2161503,-0.16373253,1.5137577,0.78377724,-0.22037315,4.7654905,5.1871214,3.585803,4.4080687,3.2374144,1.186389,4.5240355,3.1434202,1.2513304,4.6736937,4.0484495,2.499133,4.3089476,4.398059,3.3572874,26775084.0,26901036.0,27080492.0,26491692.0,26658860.0,26717996.0,25953580.0,26076460.0,26183468.0,25237292.0,25313580.0,25636140.0,24873004.0,24967468.0,25506348.0,1397.4502,1386.4502,1547.9502,1410.9502,1392.9502,1364.4502,1535.4502,1529.4502,1364.9502,1603.4502,1642.4502,1467.4502,1628.9502,1661.4502,1550.9502,293.72876,293.28345,291.54907,293.66626,293.90845,293.4944,292.67017,293.59985,294.5686,292.4983,292.70142,293.70923,292.4944,291.77563,292.16626,286.5752,286.61816,286.65332,286.2666,285.8838,286.083,286.1963,285.78223,285.62207,285.85254,285.48926,285.80176,285.7002,285.61035,286.2002,0.0,0.0,0.0,0.0,0.0,0.0,0.0,0.0,0.0,0.0,0.0,0.0,0.0,0.0,0.0,100847.31,100839.56,100875.56,100847.81,100838.06,100822.56,100894.56,100888.06,100830.31,100920.31,100932.06,100868.31,100921.81,100935.56,100903.56,292.15845,291.26,289.8811,291.5569,291.09204,291.52954,289.92798,290.3225,291.885,290.42407,289.79907,291.0647,290.3733,289.34204,289.78345,23211216.0,23355856.0,23647696.0,23493968.0,23400784.0,23397584.0,23688656.0,23488336.0,23373136.0,23825104.0,23686224.0,23635280.0,23921232.0,23871312.0,23894224.0,85703.0,85807.0,84231.0,85575.0,85751.0,86031.0,84359.0,84415.0,86031.0,83703.0,83327.0,85023.0,83447.0,83143.0,84207.0,25122592.0,25167136.0,25165856.0,24890912.0,25015840.0,25055008.0,24535456.0,24648352.0,24790560.0,24111904.0,24150944.0,24402592.0,23946016.0,23914656.0,24293920.0,39151730.0,39151730.0,39151730.0,39155130.0,39155130.0,39155130.0,39158580.0,39158580.0,39158580.0,39161492.0,39161492.0,39161492.0,39164410.0,39164410.0,39164410.0,0.0,0.0,0.0,0.0,0.0,0.0,0.0,0.0,0.0,0.0,0.0078125,0.03125,0.0,0.0,0.0234375,27.850677,27.874115,26.085052,28.178802,28.38974,28.475677,27.07724,27.303802,28.819427,26.57724,26.42099,28.131927,26.616302,26.499115,27.561615,1.3206262604387735,0.9959775164813964,0.995272755454696,1.0197098532944748,0.2608412316870684,0.0501022069574515,0.6395373274855369,0.232823662933983,0.144861860334276,1.060618418176529,0.664943949414481,0.2631059206703203,1.2215127572404147,0.9583776852880131,0.2130120899214746,3.530605923618624,3.396832010109545,2.466628814169567,3.177449482040116,1.7979353308492771,0.4643773735190616,3.0341610112925057,1.822635306373442,0.3335888208096539,3.245261547598559,2.7106856791769807,1.2890469202453805,3.2500594053490715,3.083785796253077,1.7506774150426914,4.775988582722218,5.206104319482119,3.729287224109858,4.626821463723875,3.42926946195985,1.2781950133277522,4.951881886984504,3.4194876312195737,1.25133040294363,5.051130764035216,4.227169845918229,2.504490785183527,4.567109785614426,4.467351534122093,3.364512299195781
2025-05-06 01:15:00,0.67825603,0.3757047625,0.82443523,1.598483075,1.069064125,0.516879075,1.4460172999999998,0.962008485,0.146151545,0.98758222,0.6272917,-0.2279329275,0.574007975,0.1761198045,-0.700589165,3.221151325,3.121297875,2.15089985,2.486165975,1.16231347,-0.1025180825,2.5040493,1.3571987,0.0832729375,3.0670986,2.60921285,1.066305175,3.240682675,3.14955715,1.463094675,0.8457906,-0.041904688,-0.166416409,0.822353125,0.2549703124999999,0.047450781,0.34090781,0.2422749975,-0.0082132814999999,-0.24649453,0.0484273435,-0.0834085924999999,-0.4559671899999999,-0.07266640525,-0.1337015615,0.8670098825,0.8948419000000001,0.92267395,0.435857535,0.0398614415,0.040838004,0.47150205,0.0213067529999999,-0.2033026225,1.031072375,0.664373165,-0.2687323075,1.149236475,0.99835755,-0.17107606,0.325513125,0.4350101975,1.13056685,1.40253945,1.1070683,0.58491254,2.0061772,1.3501103,0.0674564830175,1.9300053,1.266919375,-0.1368892199999999,1.533581975,0.879895455,-0.190600154,4.475425225,4.8405986,3.34126995,4.051108875000001,2.826377425,0.8994364967499999,4.286948725,2.871238225,1.01082565,4.58840135,3.971946225,2.32643835,4.29775195,4.418296424999999,3.20235395,26775063.0,26901207.0,27080471.0,26491735.0,26658711.0,26717847.0,25953751.0,26076439.0,26183447.0,25237207.0,25313495.0,25636055.0,24872919.0,24967191.0,25506327.0,1397.4502,1386.4502,1547.9502,1410.9502,1392.9502,1364.4502,1535.4502,1529.4502,1364.9502,1603.4502,1642.4502,1467.4502,1628.9502,1661.4502,1550.9502,293.5416875,293.1510625,291.4733275,293.52313250000003,293.7584875,293.37959,292.5534075,293.4254725,294.32977,292.3786075,292.559265,293.4606325,292.380565,291.63641,291.91864,286.619325,286.728695,286.73260500000004,286.286315,285.90351250000003,286.148615,286.19941,285.7911975,285.6847525,285.85663,285.476745,285.86542,285.70624250000003,285.58612,286.24335,0.0,0.0,0.0,0.0,0.0,0.0,0.0,0.0,0.0,0.0,0.0,0.0,0.01171875,0.0009765625,0.0,100841.01375,100833.13875,100868.57625,100840.95125,100830.57625,100815.38875,100885.13875,100877.57625,100821.20125,100910.45125,100920.82625,100859.82625,100912.20125,100924.82625,100896.32625,291.9490975,291.0858075,289.70495,291.39442,290.95593,291.37097,289.793825,290.183465,291.7166675,290.2694075,289.6385475,290.899295,290.210825,289.14929,289.5770275,23211216.0,23355856.0,23647696.0,23493968.0,23400784.0,23397584.0,23688656.0,23488336.0,23373136.0,23825104.0,23686224.0,23635280.0,23921232.0,23871312.0,23894224.0,85692.985,85798.985,84220.985,85564.985,85740.985,86020.985,84348.985,84402.985,86018.985,83690.985,83314.985,85010.985,83436.985,83130.985,84196.985,25122592.0,25167136.0,25165856.0,24890912.0,25015840.0,25055008.0,24535456.0,24648352.0,24790560.0,24111904.0,24150944.0,24402592.0,23946016.0,23914656.0,24293920.0,39151730.0,39151730.0,39151730.0,39155130.0,39155130.0,39155130.0,39158580.0,39158580.0,39158580.0,39161492.0,39161492.0,39161492.0,39164410.0,39164410.0,39164410.0,0.0,0.0,0.0,0.0,0.0,0.0,0.0,0.0,0.0,0.0,0.005859375,0.0234375,0.01171875,0.001953125,0.017578125,27.88580275,27.93267825,26.1768185,28.2256465,28.43267825,28.514709,27.16119375,27.34478725,28.82134975,26.6260375,26.41900625,28.09674025,26.63580275,26.475647,27.54205325,1.2112257739170778,0.8958225431813979,0.9375615388832126,0.93071824577234,0.258067422924331,0.0626044662002159,0.5818353015013773,0.2432100987562564,0.2034684602300212,1.0601272545350682,0.6661358044502519,0.2813788307550971,1.2363860860697686,1.0009986034425622,0.2171246781290922,3.2917847895603103,3.1438279999142287,2.3034894428226007,2.9557011683032437,1.5791993876345876,0.5269477539683914,2.891578968095075,1.6635650382517917,0.1682101549424586,3.2221751137053505,2.683558565318449,1.0903944908474643,3.2911258492207125,3.1544775203911724,1.6221810028873944,4.487247456861898,4.860105829943516,3.527359675606093,4.2870269448546825,3.035458708237442,1.0728973348532302,4.733146556845559,3.1728231540486527,1.0130739715336747,4.977785391789196,4.169105601569974,2.3304621976987594,4.56317274467817,4.505059301596088,3.2080210784509235
2025-05-06 01:30:00,0.7267064999999999,0.376486775,0.90383052,1.59865475,1.05837155,0.5821752499999999,1.4143286,0.96535397,0.15346432,0.99623778,0.6980200000000001,-0.199440955,0.61708735,0.276877403,-0.6542749299999999,2.96832465,2.86651805,1.9503803,2.22613715,0.88702584,-0.313291555,2.3580952,1.1642475,-0.136777875,3.040102,2.5654926,0.86932565,3.27496535,3.2162495,1.34283635,0.8209356999999999,-0.038439274,-0.1448845879999999,0.7642951,0.258435725,0.062146664,0.30726385,0.258435725,0.013318539,-0.22496271,0.107068539,-0.066759585,-0.4153924,-0.0530877104999999,-0.128283023,0.741029265,0.7947402,0.8679824,0.3572402,0.010560513,0.043763638,0.424623,-0.012876988,-0.264830115,1.03595115,0.66388083,-0.294126985,1.18243555,1.0427871,-0.18084574,0.3345341699999999,0.4258427649999999,1.2366338,1.3992314,1.0831914,0.69415331,1.9988408,1.3541875,0.134827135345,1.9441533,1.31768845,-0.11004591,1.55340625,0.97601367,-0.160827158,4.1853599500000005,4.4940758,3.0967369,3.69414905,2.41534045,0.6124839934999999,4.04986195,2.5990562500000003,0.7703209,4.503109,3.89544295,2.1537437,4.2865563,4.43853385,3.0474205000000003,26775042.0,26901378.0,27080450.0,26491778.0,26658562.0,26717698.0,25953922.0,26076418.0,26183426.0,25237122.0,25313410.0,25635970.0,24872834.0,24966914.0,25506306.0,1397.4502,1386.4502,1547.9502,1410.9502,1392.9502,1364.4502,1535.4502,1529.4502,1364.9502,1603.4502,1642.4502,1467.4502,1628.9502,1661.4502,1550.9502,293.354615,293.01867500000003,291.397585,293.380005,293.608525,293.26478,292.436645,293.251095,294.09094,292.258915,292.41711,293.212035,292.26673,291.49719,291.67102,286.66345,286.83923,286.81189,286.30603,285.923225,286.21423000000004,286.20252,285.800165,285.747435,285.86072,285.46423000000004,285.92908,285.712285,285.56189,286.2865,0.0,0.0,0.0,0.0,0.0,0.0,0.0,0.0,0.0,0.0,0.0,0.0,0.0234375,0.001953125,0.0,100834.7175,100826.7175,100861.5925,100834.0925,100823.0925,100808.2175,100875.7175,100867.0925,100812.0925,100900.5925,100909.5925,100851.3425,100902.5925,100914.0925,100889.0925,291.739745,290.911615,289.5288,291.23194,290.81982,291.2124,289.65967,290.04443000000003,291.548335,290.114745,289.478025,290.73389,290.04835,288.95654,289.370605,23211216.0,23355856.0,23647696.0,23493968.0,23400784.0,23397584.0,23688656.0,23488336.0,23373136.0,23825104.0,23686224.0,23635280.0,23921232.0,23871312.0,23894224.0,85682.97,85790.97,84210.97,85554.97,85730.97,86010.97,84338.97,84390.97,86006.97,83678.97,83302.97,84998.97,83426.97,83118.97,84186.97,25122592.0,25167136.0,25165856.0,24890912.0,25015840.0,25055008.0,24535456.0,24648352.0,24790560.0,24111904.0,24150944.0,24402592.0,23946016.0,23914656.0,24293920.0,39151730.0,39151730.0,39151730.0,39155130.0,39155130.0,39155130.0,39158580.0,39158580.0,39158580.0,39161492.0,39161492.0,39161492.0,39164410.0,39164410.0,39164410.0,0.0,0.0,0.0,0.0,0.0,0.0,0.0,0.0,0.0,0.0,0.00390625,0.015625,0.0234375,0.00390625,0.01171875,27.9209285,27.9912415,26.268585,28.272491,28.4756165,28.553741,27.2451475,27.3857725,28.8232725,26.674835,26.4170225,28.0615535,26.6553035,26.452179,27.5224915,1.1059203385058665,0.795669254955655,0.8799914718619095,0.8436631794620706,0.2586514032266185,0.076009630030174,0.5241333471988044,0.2587563347557461,0.2651648040219662,1.0600957532585755,0.6724592392740867,0.301608231808355,1.2532775733577788,1.044137558434013,0.2217244137801837,3.055986512558567,2.891136112798168,2.149626228792243,2.7406903546930805,1.3809290998009665,0.6611199740946271,2.749716050984356,1.5124088497000443,0.2055711181138489,3.199173312701787,2.6587561379439744,0.8919101862178919,3.3325958112604424,3.228145279032881,1.4937486893409573,4.198708256352375,4.514206392783618,3.334522841895681,3.950264005653529,2.647106552150888,0.9257350917393508,4.516275717646393,2.930685444707486,0.7820311025797816,4.904867247926481,4.112271711349836,2.15655327492678,4.559345993737343,4.544577584509113,3.051661363678907
2025-05-06 01:45:00,0.77515697,0.3772687875,0.98322581,1.598826425,1.047678975,0.647471425,1.3826399,0.968699455,0.160777095,1.00489334,0.7687483,-0.1709489825,0.660166725,0.3776350015,-0.6079606949999999,2.715497975,2.611738225,1.74986075,1.966108325,0.61173821,-0.5240650275000001,2.2121411,0.9712963,-0.3568286874999999,3.0131054,2.52177235,0.672346125,3.309248025,3.2829418500000003,1.222578025,0.7960808,-0.03497386,-0.123352767,0.706237075,0.2619011375,0.076842547,0.27361989,0.2745964525,0.0348503595,-0.20343089,0.1657097345,-0.0501105774999999,-0.37481761,-0.0335090157499999,-0.1228644845,0.6150486475,0.6946384999999999,0.81329085,0.278622865,-0.0187404154999999,0.046689272,0.37774395,-0.047060729,-0.3263576075,1.0408299250000002,0.663388495,-0.3195216625,1.215634625,1.08721665,-0.19061542,0.3435552149999999,0.4166753325,1.34270075,1.39592335,1.0593145000000002,0.80339408,1.9915044,1.3582647,0.2021977876725,1.9583013,1.368457525,-0.0832026,1.573230525,1.072131885,-0.131054162,3.895294675,4.147553,2.85220385,3.337189225,2.004303475,0.3255314902499999,3.812775175,2.326874275,0.52981615,4.417816650000001,3.818939675,1.98104905,4.27536065,4.458771275,2.89248705,26775021.0,26901549.0,27080429.0,26491821.0,26658413.0,26717549.0,25954093.0,26076397.0,26183405.0,25237037.0,25313325.0,25635885.0,24872749.0,24966637.0,25506285.0,1397.4502,1386.4502,1547.9502,1410.9502,1392.9502,1364.4502,1535.4502,1529.4502,1364.9502,1603.4502,1642.4502,1467.4502,1628.9502,1661.4502,1550.9502,293.1675425,292.8862875,291.3218425,293.2368775,293.4585625,293.14997,292.3198825,293.0767175,293.85211,292.1392225,292.274955,292.9634375,292.152895,291.35797,291.4234,286.707575,286.949765,286.891175,286.325745,285.9429375,286.279845,286.20563,285.80913250000003,285.8101175,285.86481,285.45171500000004,285.99274,285.7183275,285.53766,286.32965,0.0,0.0,0.0,0.0,0.0,0.0,0.0,0.0,0.0,0.0,0.0,0.0,0.03515625,0.0029296875,0.0,100828.42125,100820.29625,100854.60875,100827.23375,100815.60875,100801.04625,100866.29625,100856.60875,100802.98375,100890.73375,100898.35875,100842.85875,100892.98375,100903.35875,100881.85875,291.5303925,290.7374225,289.35265,291.06946,290.68371,291.05383,289.52551500000004,289.905395,291.38000250000005,289.9600825,289.3175025,290.568485,289.885875,288.76379,289.16418250000004,23211216.0,23355856.0,23647696.0,23493968.0,23400784.0,23397584.0,23688656.0,23488336.0,23373136.0,23825104.0,23686224.0,23635280.0,23921232.0,23871312.0,23894224.0,85672.955,85782.955,84200.955,85544.955,85720.955,86000.955,84328.955,84378.955,85994.955,83666.955,83290.955,84986.955,83416.955,83106.955,84176.955,25122592.0,25167136.0,25165856.0,24890912.0,25015840.0,25055008.0,24535456.0,24648352.0,24790560.0,24111904.0,24150944.0,24402592.0,23946016.0,23914656.0,24293920.0,39151730.0,39151730.0,39151730.0,39155130.0,39155130.0,39155130.0,39158580.0,39158580.0,39158580.0,39161492.0,39161492.0,39161492.0,39164410.0,39164410.0,39164410.0,0.0,0.0,0.0,0.0,0.0,0.0,0.0,0.0,0.0,0.0,0.001953125,0.0078125,0.03515625,0.005859375,0.005859375,27.95605425,28.04980475,26.3603515,28.3193355,28.51855475,28.592773,27.32910125,27.42675775,28.82519525,26.7236325,26.41503875,28.02636675,26.67480425,26.428711,27.50292975,1.005996758901449,0.6955183797467537,0.8225921904688123,0.7592111083258489,0.262570769502065,0.0899147660250372,0.4664314911808749,0.2785999352828284,0.3282130946967279,1.0605239553077987,0.6837719001292941,0.3234272140438207,1.2721068281653876,1.0877329167464578,0.2267816568711569,2.823968409945246,2.6388460155810285,2.007173544524917,2.534132570114,1.2132002605633805,0.8329846332556841,2.60868958279463,1.3717853828172202,0.3913770387996869,3.1762579832698594,2.636344009035508,0.6937383270515627,3.374454414533352,3.304590047924149,1.365398562280547,3.910415680057179,4.168430666392688,3.152445416816187,3.617379427504298,2.2670199888415907,0.8668406998540344,4.301551384130572,2.694295248654621,0.567088263095328,4.832395672396759,4.056719886684097,1.982795504118532,4.55562981072433,4.585859577178391,2.895454459630685
2025-05-06 02:00:00,0.82360744,0.3780508,1.0626211,1.5989981,1.0369864,0.7127676,1.3509512,0.97204494,0.16808987,1.0135489,0.8394766,-0.14245701,0.7032461,0.4783926,-0.56164646,2.4626713,2.3569584,1.5493412,1.7060795,0.33645058,-0.7348385,2.066187,0.7783451,-0.5768795,2.9861088,2.4780521,0.4753666,3.3435307,3.3496342,1.1023197,0.7712259,-0.031508446,-0.101820946,0.64817905,0.26536655,0.09153843,0.23997593,0.29075718,0.05638218,-0.18189907,0.22435093,-0.03346157,-0.33424282,-0.013930321,-0.117445946,0.48906803,0.5945368,0.7585993,0.20000553,-0.048041344,0.049614906,0.3308649,-0.08124447,-0.3878851,1.0457087,0.66289616,-0.34491634,1.2488337,1.1316462,-0.2003851,0.35257626,0.4075079,1.4487677,1.3926153,1.0354376,0.91263485,1.984168,1.3623419,0.26956844,1.9724493,1.4192266,-0.05635929,1.5930548,1.1682501,-0.101281166,3.6052294,3.8010302,2.6076708,2.9802294,1.5932665,0.038578987,3.5756884,2.0546923,0.2893114,4.3325243,3.7424364,1.8083544,4.264165,4.4790087,2.7375536,26775000.0,26901720.0,27080408.0,26491864.0,26658264.0,26717400.0,25954264.0,26076376.0,26183384.0,25236952.0,25313240.0,25635800.0,24872664.0,24966360.0,25506264.0,1397.4502,1386.4502,1547.9502,1410.9502,1392.9502,1364.4502,1535.4502,1529.4502,1364.9502,1603.4502,1642.4502,1467.4502,1628.9502,1661.4502,1550.9502,292.98047,292.7539,291.2461,293.09375,293.3086,293.03516,292.20312,292.90234,293.61328,292.01953,292.1328,292.71484,292.03906,291.21875,291.17578,286.7517,287.0603,286.97046,286.34546,285.96265,286.34546,286.20874,285.8181,285.8728,285.8689,285.4392,286.0564,285.72437,285.51343,286.3728,0.0,0.0,0.0,0.0,0.0,0.0,0.0,0.0,0.0,0.0,0.0,0.0,0.046875,0.00390625,0.0,100822.125,100813.875,100847.625,100820.375,100808.125,100793.875,100856.875,100846.125,100793.875,100880.875,100887.125,100834.375,100883.375,100892.625,100874.625,291.32104,290.56323,289.1765,290.90698,290.5476,290.89526,289.39136,289.76636,291.21167,289.80542,289.15698,290.40308,289.7234,288.57104,288.95776,23211216.0,23355856.0,23647696.0,23493968.0,23400784.0,23397584.0,23688656.0,23488336.0,23373136.0,23825104.0,23686224.0,23635280.0,23921232.0,23871312.0,23894224.0,85662.94,85774.94,84190.94,85534.94,85710.94,85990.94,84318.94,84366.94,85982.94,83654.94,83278.94,84974.94,83406.94,83094.94,84166.94,25122592.0,25167136.0,25165856.0,24890912.0,25015840.0,25055008.0,24535456.0,24648352.0,24790560.0,24111904.0,24150944.0,24402592.0,23946016.0,23914656.0,24293920.0,39151730.0,39151730.0,39151730.0,39155130.0,39155130.0,39155130.0,39158580.0,39158580.0,39158580.0,39161492.0,39161492.0,39161492.0,39164410.0,39164410.0,39164410.0,0.0,0.0,0.0,0.0,0.0,0.0,0.0,0.0,0.0,0.0,0.0,0.0,0.046875,0.0078125,0.0,27.99118,28.108368,26.452118,28.36618,28.561493,28.631805,27.413055,27.467743,28.827118,26.77243,26.413055,27.99118,26.694305,26.405243,27.483368,0.9132233717984286,0.5953711352791424,0.7654021185003507,0.6783349415218733,0.2696801375560106,0.1041197534776842,0.4087297750731831,0.3018946863181485,0.3919614790047134,1.0614113043125906,0.6998318789070775,0.3465356522291184,1.2927891835010237,1.13173193637787,0.2322665247810043,2.5967439510023014,2.387085106717228,1.8787287606737304,2.3382690572566407,1.090201718292214,1.0237310548635368,2.468642919449964,1.245268027403584,0.6008695048984154,3.1534310105230854,2.6163836057164804,0.4962533668336166,3.4166873750765814,3.383623612866005,1.2371562015520197,3.6224286115450153,3.822812220064497,2.9830981964621834,3.289550828064289,1.9001655621329447,0.9134498933562084,4.0893117007778415,2.46530645157451,0.3954342296943875,4.760391060738706,4.002503510328569,1.8092324354733045,4.5520244664355705,4.628858091454705,2.7394265070374275
2025-05-06 02:15:00,0.82324719,0.430516475,1.0966236500000002,1.5905812,1.033482825,0.6521046149999999,1.353490125,0.946538205,0.0798084775,1.12448625,0.884404425,-0.2244517825,0.885564075,0.544316525,-0.6401622275,2.4076648,2.276500225,1.4776721,1.655833725,0.32221556,-0.6638684374999999,2.012767375,0.736583225,-0.576527125,2.932628175,2.3745837,0.317637925,3.268260525,3.176219475,0.8807482600000001,0.775908925,-0.00729417825,-0.09811449075,0.65335035,0.2529597249999999,0.07424879125,0.2602839475,0.2793269175,0.0337214475,-0.0653996449999999,0.2680964475,-0.0365910525,-0.22360277125,0.0132136342499999,-0.1386418345,0.4672281725,0.581974275,0.7401774,0.1796305174999999,-0.036189794775,0.0536539545,0.3241617625,-0.0576741705,-0.351131205,1.0448649250000002,0.6273844199999999,-0.3877522925,1.235294625,0.9813883625,-0.314021825,0.35766578,0.477844,1.528808375,1.41058325,1.0585325,0.8671872625,1.9803464,1.3395383500000002,0.1632077675,2.034911875,1.460937225,-0.1323854925,1.737670675,1.2640989,-0.140136957,3.50103285,3.60412125,2.3967848000000003,2.895381,1.48058605,-0.0287523272499999,3.4753981,1.936213525,0.2059888775,4.252192475,3.598872175,1.61840345,4.219416675,4.31286145,2.4773512,26775000.0,26901720.0,27080408.0,26491864.0,26658264.0,26717400.0,25954264.0,26076376.0,26183384.0,25236952.0,25313240.0,25635800.0,24872664.0,24966360.0,25506264.0,1397.4502,1386.4502,1547.9502,1410.9502,1392.9502,1364.4502,1535.4502,1529.4502,1364.9502,1603.4502,1642.4502,1467.4502,1628.9502,1661.4502,1550.9502,292.81451500000003,292.653375,291.2481125,292.9238875,293.16901,292.94733,292.049865,292.742245,293.42291,291.8789675,291.990285,292.496155,291.88287,291.1397125,290.90045,286.7749575,287.1343375,287.00055,286.3794575,285.9878575,286.40387,286.225155,285.84038250000003,285.953675,285.889225,285.4634325,286.11774,285.73981000000003,285.50543500000003,286.4507425,0.00390625,0.0087890625,0.001953125,0.0,0.001953125,0.0,0.0,0.0,0.0,0.0,0.0087890625,0.01171875,0.0517578125,0.013671875,0.0244140625,100815.60875,100807.29625,100842.17125,100813.23375,100802.23375,100791.29625,100849.04625,100840.04625,100792.35875,100871.67125,100878.48375,100830.17125,100874.79625,100884.92125,100869.42125,291.174435,290.43518,289.0269675,290.76916,290.4215,290.77014,289.26428500000003,289.63928500000003,291.06897000000004,289.64904750000005,289.024045,290.26331,289.56312,288.421505,288.82287,23211216.0,23355856.0,23647696.0,23493968.0,23400784.0,23397584.0,23688656.0,23488336.0,23373136.0,23825104.0,23686224.0,23635280.0,23921232.0,23871312.0,23894224.0,85655.6425,85765.6425,84183.6425,85525.6425,85701.6425,85983.6425,84309.6425,84359.6425,85975.6425,83645.6425,83269.6425,84967.6425,83395.6425,83085.6425,84157.6425,25122592.0,25167136.0,25165856.0,24890912.0,25015840.0,25055008.0,24535456.0,24648352.0,24790560.0,24111904.0,24150944.0,24402592.0,23946016.0,23914656.0,24293920.0,39151730.0,39151730.0,39151730.0,39155130.0,39155130.0,39155130.0,39158580.0,39158580.0,39158580.0,39161492.0,39161492.0,39161492.0,39164410.0,39164410.0,39164410.0,0.00390625,0.0078125,0.001953125,0.0,0.001953125,0.0,0.0,0.0,0.0,0.0,0.009765625,0.01171875,0.052734375,0.015625,0.0234375,28.01428575,28.10217675,26.43225475,28.38928575,28.53186425,28.6041295,27.43616075,27.4576455,28.871708,26.83459825,26.44592625,28.06116075,26.74280125,26.42444225,27.51037975,0.9057244752530128,0.582019984019551,0.746651884592741,0.6775941282673871,0.255535366863243,0.0916058395276968,0.4157265707087883,0.285218927813206,0.352746735131946,1.0469096546796108,0.6822660152908516,0.3894749612774398,1.2553688740225204,0.9814773141446136,0.3432655893762962,2.5445207259918194,2.316850817310315,1.8401353930778388,2.296025670292215,1.082547743370284,0.9305706481578868,2.425524278241079,1.1993704268807126,0.5820248439213171,3.140824308878625,2.533933490694906,0.3889375966215312,3.3861114261352774,3.2225224022118684,1.0888182470048844,3.5192550102205056,3.635660170180591,2.842856384867372,3.220710517935687,1.8200621157012344,0.8676637854402677,4.000020477132157,2.354418358217937,0.2628082818825237,4.714022399550371,3.884098158823993,1.6238089929534107,4.563219965334019,4.494298601103103,2.481311615831164
2025-05-06 02:30:00,0.8228869400000001,0.48298215,1.1306262,1.5821643,1.02997925,0.5914416299999999,1.35602905,0.92103147,-0.0084729149999999,1.2354235999999998,0.92933225,-0.306446555,1.06788205,0.61024045,-0.718677995,2.3526583,2.19604205,1.406003,1.60558795,0.3079805399999999,-0.592898375,1.95934775,0.69482135,-0.5761747500000001,2.87914755,2.2711153,0.15990925,3.19299035,3.00280475,0.65917682,0.78059195,0.0169200894999999,-0.0944080355,0.65852165,0.2405529,0.0569591525,0.280591965,0.267896655,0.0110607149999999,0.05109978,0.311841965,-0.039720535,-0.1129627225,0.0403575894999999,-0.159837723,0.445388315,0.56941175,0.7217555,0.159255505,-0.02433824555,0.057693003,0.317458625,-0.034103871,-0.31437731,1.04402115,0.59187268,-0.430588245,1.22175555,0.8311305250000001,-0.4276585499999999,0.3627553,0.5481801,1.60884905,1.4285511999999998,1.0816274,0.821739675,1.9765248,1.3167348,0.056847095,2.09737445,1.50264785,-0.208411695,1.88228655,1.3599477,-0.1789927479999999,3.3968363,3.4072123000000003,2.1858988000000004,2.8105326,1.3679055999999998,-0.0960836414999999,3.3751078000000003,1.81773475,0.122666355,4.17186065,3.45530795,1.4284525,4.17466835,4.1467142,2.2171488,26775000.0,26901720.0,27080408.0,26491864.0,26658264.0,26717400.0,25954264.0,26076376.0,26183384.0,25236952.0,25313240.0,25635800.0,24872664.0,24966360.0,25506264.0,1397.4502,1386.4502,1547.9502,1410.9502,1392.9502,1364.4502,1535.4502,1529.4502,1364.9502,1603.4502,1642.4502,1467.4502,1628.9502,1661.4502,1550.9502,292.64856,292.55285000000003,291.250125,292.754025,293.02942,292.8595,291.89661,292.58215,293.23254,291.738405,291.84777,292.27747,291.72668,291.060675,290.62512,286.798215,287.208375,287.03064,286.413455,286.013065,286.46228,286.24157,285.862665,286.03455,285.90955,285.487665,286.17908,285.75525000000005,285.49744,286.528685,0.0078125,0.017578125,0.00390625,0.0,0.00390625,0.0,0.0,0.0,0.0,0.0,0.017578125,0.0234375,0.056640625,0.0234375,0.048828125,100809.0925,100800.7175,100836.7175,100806.0925,100796.3425,100788.7175,100841.2175,100833.9675,100790.8425,100862.4675,100869.8425,100825.9675,100866.2175,100877.2175,100864.2175,291.02783,290.30713000000003,288.877435,290.63134,290.2954,290.64502000000005,289.13721,289.51221,290.92627000000005,289.492675,288.89111,290.12354,289.40284,288.27197,288.68798000000004,23211216.0,23355856.0,23647696.0,23493968.0,23400784.0,23397584.0,23688656.0,23488336.0,23373136.0,23825104.0,23686224.0,23635280.0,23921232.0,23871312.0,23894224.0,85648.345,85756.345,84176.345,85516.345,85692.345,85976.345,84300.345,84352.345,85968.345,83636.345,83260.345,84960.345,83384.345,83076.345,84148.345,25122592.0,25167136.0,25165856.0,24890912.0,25015840.0,25055008.0,24535456.0,24648352.0,24790560.0,24111904.0,24150944.0,24402592.0,23946016.0,23914656.0,24293920.0,39151730.0,39151730.0,39151730.0,39155130.0,39155130.0,39155130.0,39158580.0,39158580.0,39158580.0,39161492.0,39161492.0,39161492.0,39164410.0,39164410.0,39164410.0,0.0078125,0.015625,0.00390625,0.0,0.00390625,0.0,0.0,0.0,0.0,0.0,0.01953125,0.0234375,0.05859375,0.0234375,0.046875,28.0373915,28.0959855,26.4123915,28.4123915,28.5022355,28.576454,27.4592665,27.447548,28.916298,26.8967665,26.4787975,28.1311415,26.7912975,26.4436415,27.5373915,0.8987182781847389,0.5696630850483034,0.7279037566513992,0.6775050401226012,0.2417809915912789,0.0810729773024049,0.4236883635520945,0.2700586820996015,0.3145718240070895,1.0452709453358833,0.6689982664143784,0.432416416932644,1.2269666664707783,0.8321097791860316,0.4565522238276002,2.4924172990455378,2.248526727123079,1.8042062077643564,2.254142084558933,1.0750391939130657,0.8374554822643991,2.3828257153795294,1.1537225303972285,0.5762370456905386,3.1330116638959327,2.4538995775671326,0.3456594556885874,3.366832257167756,3.0641850096622374,0.97519851339229,3.4161510880925308,3.451028408939472,2.714138690179141,3.15275308685666,1.7438702827166128,0.8273379960046596,3.9112661564557176,2.2445378488429646,0.1351984721027758,4.6694111905604565,3.767904403039284,1.4435761079240066,4.579394991568496,4.36402296089479,2.224362201885752
2025-05-06 02:45:00,0.82252669,0.535447825,1.16462875,1.5737474,1.026475675,0.530778645,1.358567975,0.895524735,-0.0967543075,1.34636095,0.974260075,-0.3884413275,1.2502000249999998,0.676164375,-0.7971937625,2.2976518,2.115583875,1.3343339,1.555342175,0.29374552,-0.5219283125,1.905928125,0.6530594750000001,-0.575822375,2.825666925,2.1676469000000003,0.002180575,3.117720175,2.8293900250000004,0.4376053799999999,0.7852749750000001,0.0411343572499999,-0.09070158025,0.6636929500000001,0.228146075,0.0396695137499999,0.3008999825,0.2564663925,-0.0116000174999999,0.167599205,0.3555874825,-0.0428500175,-0.00232267375,0.06750154475,-0.1810336115,0.4235484575,0.556849225,0.7033336,0.1388804925,-0.0124866963249999,0.0617320514999999,0.3107554875,-0.0105335715,-0.277623415,1.043177375,0.55636094,-0.4734241975,1.208216475,0.6808726875,-0.541295275,0.3678448199999999,0.6185162,1.688889725,1.44651915,1.1047223,0.7762920875,1.9727032,1.29393125,-0.0495135774999999,2.159837025,1.544358475,-0.2844378975,2.026902425,1.4557965,-0.2178485389999999,3.29263975,3.21030335,1.9750128,2.7256842,1.25522515,-0.1634149557499999,3.2748175,1.699255975,0.0393438325,4.091528825,3.311743725,1.23850155,4.1299200250000005,3.98056695,1.9569464,26775000.0,26901720.0,27080408.0,26491864.0,26658264.0,26717400.0,25954264.0,26076376.0,26183384.0,25236952.0,25313240.0,25635800.0,24872664.0,24966360.0,25506264.0,1397.4502,1386.4502,1547.9502,1410.9502,1392.9502,1364.4502,1535.4502,1529.4502,1364.9502,1603.4502,1642.4502,1467.4502,1628.9502,1661.4502,1550.9502,292.482605,292.45232500000003,291.2521375,292.58416250000005,292.88983,292.77167,291.743355,292.422055,293.04217,291.5978425,291.705255,292.058785,291.57049,290.98163750000003,290.34979,286.8214725,287.2824125,287.06073000000004,286.4474525,286.0382725,286.52069,286.257985,285.8849475,286.115425,285.929875,285.51189750000003,286.24042,285.77069,285.489445,286.6066275,0.01171875,0.0263671875,0.005859375,0.0,0.005859375,0.0,0.0,0.0,0.0,0.0,0.0263671875,0.03515625,0.0615234375,0.033203125,0.0732421875,100802.57625,100794.13875,100831.26375,100798.95125,100790.45125,100786.13875,100833.38875,100827.88875,100789.32625,100853.26375,100861.20125,100821.76375,100857.63875,100869.51375,100859.01375,290.881225,290.17908,288.7279025,290.49352,290.1693,290.5199,289.010135,289.385135,290.78357,289.3363025,288.758175,289.98377,289.24256,288.122435,288.55309,23211216.0,23355856.0,23647696.0,23493968.0,23400784.0,23397584.0,23688656.0,23488336.0,23373136.0,23825104.0,23686224.0,23635280.0,23921232.0,23871312.0,23894224.0,85641.0475,85747.0475,84169.0475,85507.0475,85683.0475,85969.0475,84291.0475,84345.0475,85961.0475,83627.0475,83251.0475,84953.0475,83373.0475,83067.0475,84139.0475,25122592.0,25167136.0,25165856.0,24890912.0,25015840.0,25055008.0,24535456.0,24648352.0,24790560.0,24111904.0,24150944.0,24402592.0,23946016.0,23914656.0,24293920.0,39151730.0,39151730.0,39151730.0,39155130.0,39155130.0,39155130.0,39158580.0,39158580.0,39158580.0,39161492.0,39161492.0,39161492.0,39164410.0,39164410.0,39164410.0,0.01171875,0.0234375,0.005859375,0.0,0.005859375,0.0,0.0,0.0,0.0,0.0,0.029296875,0.03515625,0.064453125,0.03125,0.0703125,28.06049725,28.08979425,26.39252825,28.43549725,28.47260675,28.5487785,27.48237225,27.4374505,28.960888,26.95893475,26.51166875,28.20112225,26.83979375,26.46284075,27.56440325,0.8922163875495003,0.5583664520093156,0.7091579017037088,0.6780679339688208,0.2284875250927682,0.07337926480662,0.4325618712737669,0.2566826184425226,0.2778656527213511,1.0565550289637178,0.6602877806444486,0.4753594374557733,1.2082187075504065,0.6842105488277046,0.5707659268299559,2.44044134324216,2.1822922594046026,1.771103351590689,2.212638732450576,1.067679138077904,0.7444025345047758,2.3405702211985897,1.1083551907597564,0.5838945140780526,3.130028974102933,2.376525989089666,0.3884474479479726,3.3590443867433533,2.90906276583862,0.9094044004588115,3.3131233503871984,3.269343953866534,2.5986581274524,3.085736866527404,1.672124856973848,0.7933056490898588,3.8230861321184606,2.1358204391520754,0.0632418493771059,4.62660827176526,3.6541332213510223,1.270744272812836,4.600497022427781,4.23842620471851,1.9690345853786813
2025-05-06 03:00:00,0.82216644,0.5879135,1.1986313,1.5653305,1.0229721,0.47011566,1.3611069,0.870018,-0.1850357,1.4572983,1.0191879,-0.4704361,1.432518,0.7420883,-0.87570953,2.2426453,2.0351257,1.2626648,1.5050964,0.2795105,-0.45095825,1.8525085,0.6112976,-0.57547,2.7721863,2.0641785,-0.1555481,3.04245,2.6559753,0.21603394,0.789958,0.065348625,-0.086995125,0.66886425,0.21573925,0.022379875,0.321208,0.24503613,-0.03426075,0.28409863,0.399333,-0.0459795,0.108317375,0.0946455,-0.2022295,0.4017086,0.5442867,0.6849117,0.11850548,-0.0006351471,0.0657711,0.30405235,0.013036728,-0.24086952,1.0423336,0.5208492,-0.51626015,1.1946774,0.53061485,-0.654932,0.37293434,0.6888523,1.7689304,1.4644871,1.1278172,0.7308445,1.9688816,1.2711277,-0.15587425,2.2222996,1.5860691,-0.3604641,2.1715183,1.5516453,-0.25670433,3.1884432,3.0133944,1.7641268,2.6408358,1.1425447,-0.23074627,3.1745272,1.5807772,-0.04397869,4.011197,3.1681795,1.0485506,4.0851717,3.8144197,1.696744,26775000.0,26901720.0,27080408.0,26491864.0,26658264.0,26717400.0,25954264.0,26076376.0,26183384.0,25236952.0,25313240.0,25635800.0,24872664.0,24966360.0,25506264.0,1397.4502,1386.4502,1547.9502,1410.9502,1392.9502,1364.4502,1535.4502,1529.4502,1364.9502,1603.4502,1642.4502,1467.4502,1628.9502,1661.4502,1550.9502,292.31665,292.3518,291.25415,292.4143,292.75024,292.68384,291.5901,292.26196,292.8518,291.45728,291.56274,291.8401,291.4143,290.9026,290.07446,286.84473,287.35645,287.09082,286.48145,286.06348,286.5791,286.2744,285.90723,286.1963,285.9502,285.53613,286.30176,285.78613,285.48145,286.68457,0.015625,0.03515625,0.0078125,0.0,0.0078125,0.0,0.0,0.0,0.0,0.0,0.03515625,0.046875,0.06640625,0.04296875,0.09765625,100796.06,100787.56,100825.81,100791.81,100784.56,100783.56,100825.56,100821.81,100787.81,100844.06,100852.56,100817.56,100849.06,100861.81,100853.81,290.73462,290.05103,288.57837,290.3557,290.0432,290.39478,288.88306,289.25806,290.64087,289.17993,288.62524,289.844,289.08228,287.9729,288.4182,23211216.0,23355856.0,23647696.0,23493968.0,23400784.0,23397584.0,23688656.0,23488336.0,23373136.0,23825104.0,23686224.0,23635280.0,23921232.0,23871312.0,23894224.0,85633.75,85737.75,84161.75,85497.75,85673.75,85961.75,84281.75,84337.75,85953.75,83617.75,83241.75,84945.75,83361.75,83057.75,84129.75,25122592.0,25167136.0,25165856.0,24890912.0,25015840.0,25055008.0,24535456.0,24648352.0,24790560.0,24111904.0,24150944.0,24402592.0,23946016.0,23914656.0,24293920.0,39151730.0,39151730.0,39151730.0,39155130.0,39155130.0,39155130.0,39158580.0,39158580.0,39158580.0,39161492.0,39161492.0,39161492.0,39164410.0,39164410.0,39164410.0,0.015625,0.03125,0.0078125,0.0,0.0078125,0.0,0.0,0.0,0.0,0.0,0.0390625,0.046875,0.0703125,0.0390625,0.09375,28.083603,28.083603,26.372665,28.458603,28.442978,28.521103,27.505478,27.427353,29.005478,27.021103,26.54454,28.271103,26.88829,26.48204,27.591415,0.8862299030601258,0.5481956353221729,0.6904145048959035,0.6792811889917849,0.2157401849503266,0.0694744298301585,0.442292223314544,0.2453826833383376,0.2432939059154439,1.080357054522641,0.6563160321290651,0.5183036338848808,1.1995777356210189,0.5389896935107131,0.6854434296820198,2.3886011799114484,2.1183434325629875,1.7409880500735009,2.1715374156397145,1.0604706676700963,0.6514384675625919,2.2987822288768154,1.0633043196045806,0.6044865020614522,3.1318900391122577,2.302080983668616,0.4954849499195914,3.3628276528576366,2.757698286471343,0.9019633275054726,3.2101791323191726,3.091126542405964,2.4982510135137344,3.0197245219768063,1.605422071641576,0.7664055873355589,3.73552107454347,2.0284531509865174,0.1619595844251849,4.585664279574897,3.543017998006087,1.1087798375462867,4.626458639793053,4.117936471676097,1.7160528297744069
2025-05-06 03:15:00,0.82753253,0.4932734875,1.074999575,1.494005925,0.8735530325,0.34590411075,1.2927425,0.739092585,-0.236493345,1.385119225,0.8424250874999999,-0.539654975,1.31004595,0.5218989725000001,-0.9518558975,2.166173725,1.879369475,1.150487665,1.484044775,0.2225091475,-0.4511358725,1.84634945,0.5913445900000001,-0.6042731,2.736181025,2.0100458000000003,-0.188562635,2.9037225500000003,2.4684808,0.146276239,0.7363977500000001,0.0247278212499999,-0.09416866375,0.61432743,0.162911415,0.006661415,0.3006067275,0.2044153249999999,-0.0377721787499999,0.22370243425,0.295723915,-0.0511999125,0.0095911012499999,0.0039758674999999,-0.2152624125,0.380952595,0.4688432,0.579683045,0.10165572325,-0.015043497075,0.03866743825,0.298921345,0.0147416592499999,-0.268461465,1.0289018125,0.48007367,-0.5477583375,1.101167475,0.4248979075,-0.6966840999999999,0.43498588,0.6334721999999999,1.6310918,1.4410894,1.044055735,0.6122930075,1.9093511,1.2056768,-0.1870234,2.1265142,1.4296758125,-0.43745065,2.047595725,1.317127,-0.3889887325,3.075778025,2.76608565,1.580111525,2.5901213,1.024203265,-0.2577180875,3.140109075,1.50760175,-0.075772285,3.952609,3.054659825,0.976778975,3.9740324,3.622775025,1.58273605,26775000.0,26901720.0,27080408.0,26491864.0,26658264.0,26717400.0,25954264.0,26076376.0,26183384.0,25236952.0,25313240.0,25635800.0,24872664.0,24966360.0,25506264.0,1397.4502,1386.4502,1547.9502,1410.9502,1392.9502,1364.4502,1535.4502,1529.4502,1364.9502,1603.4502,1642.4502,1467.4502,1628.9502,1661.4502,1550.9502,292.21349999999995,292.27209000000005,291.3052975,292.29845750000004,292.63049,292.6109625,291.45081500000003,292.11682,292.653925,291.304325,291.423455,291.6432,291.264275,290.6959325,289.85803,286.8558975,287.405705,287.0912475,286.5267975,286.079535,286.6195675,286.3129175,285.93793000000005,286.2641075,285.981875,285.5580425,286.3656625,285.807065,285.4975,286.82171500000004,0.01953125,0.0341796875,0.0205078125,0.0,0.009765625,0.0087890625,0.0009765625,0.0068359375,0.0087890625,0.0009765625,0.037109375,0.052734375,0.0498046875,0.033203125,0.078125,100795.67,100789.2325,100828.67,100790.7325,100786.3575,100788.17,100823.9825,100823.4825,100793.1075,100842.4825,100853.9825,100821.7325,100848.045,100863.4825,100856.545,290.5988775,289.9211475,288.4494625,290.2209375,289.9084375,290.27271,288.75513,289.1193875,290.50707750000004,289.03833000000003,288.495355,289.71607,288.910405,287.835205,288.309805,23211248.0,23355760.0,23647568.0,23494032.0,23400720.0,23397584.0,23688656.0,23488368.0,23373232.0,23825008.0,23686192.0,23635312.0,23921232.0,23871376.0,23894160.0,85630.46875,85736.46875,84158.46875,85494.46875,85672.46875,85960.46875,84276.46875,84334.46875,85952.46875,83612.46875,83238.46875,84944.46875,83358.46875,83054.46875,84126.46875,25122592.0,25167136.0,25165856.0,24890912.0,25015840.0,25055008.0,24535456.0,24648352.0,24790560.0,24111904.0,24150944.0,24402592.0,23946016.0,23914656.0,24293920.0,39151730.0,39151730.0,39151730.0,39155130.0,39155130.0,39155130.0,39158580.0,39158580.0,39158580.0,39161492.0,39161492.0,39161492.0,39164410.0,39164410.0,39164410.0,0.01953125,0.03125,0.01953125,0.0,0.009765625,0.0078125,0.001953125,0.0078125,0.009765625,0.001953125,0.041015625,0.052734375,0.052734375,0.033203125,0.078125,28.12195225,28.102421,26.3836705,28.508671,28.493046,28.56921775,27.54578025,27.4715615,29.06921775,27.026249,26.5711705,28.3289835,26.87781125,26.51843625,27.67663925,0.8290998286348252,0.4694948469685391,0.5872820190444559,0.6226813609864081,0.1636045107616161,0.0392370390144285,0.4239320406797158,0.2049461919926757,0.2711056909721155,1.0529395608747734,0.5638469318265341,0.5501460054756115,1.1012092431600198,0.4249165086464118,0.7291821730048877,2.318861508389101,1.9430255677762425,1.5745621466196034,2.1058116245618708,0.9014461832583922,0.5684832708972926,2.2539275637920477,0.9465443852901196,0.6489029832054242,3.066796678789556,2.1794412463168222,0.5716496823758358,3.185565105046498,2.523048948685934,0.9630297958534384,3.106384260659372,2.837695693922934,2.270949777398229,2.96402884727967,1.462547334558116,0.6643202086780536,3.675038316258562,1.930419535401904,0.2017899683375792,4.488338283784171,3.3726724678386075,1.070261761060103,4.470523657166802,3.8547791656452577,1.6298360770278584
2025-05-06 03:30:00,0.83289862,0.398633475,0.95136785,1.42268135,0.724133965,0.2216925615,1.2243781,0.60816717,-0.28795099,1.31294015,0.665662275,-0.6088738499999999,1.1875738999999998,0.301709645,-1.028002265,2.08970215,1.72361325,1.03831053,1.46299315,0.165507795,-0.451313495,1.8401904,0.57139158,-0.6330762000000001,2.70017575,1.9559131,-0.22157717,2.7649951,2.2809863,0.076518538,0.6828375,-0.0158929825,-0.1013422025,0.5597906100000001,0.11008358,-0.009057045,0.280005455,0.16379452,-0.0412836075,0.1633062385,0.19211483,-0.0564203249999999,-0.0891351725,-0.086693765,-0.228295325,0.36019659,0.3933997,0.47445439,0.0848059665,-0.02945184705,0.0115637764999999,0.29379034,0.0164465905,-0.2960534099999999,1.015470025,0.43929814,-0.579256525,1.00765755,0.319180965,-0.7384362,0.4970374199999999,0.5780921,1.4932531999999998,1.4176917,0.96029427,0.4937415149999999,1.8498206,1.1402259,-0.21817255,2.0307288,1.273282525,-0.5144372,1.92367315,1.0826087,-0.5212731349999999,2.96311285,2.5187769,1.39609625,2.5394068,0.90586183,-0.284689905,3.10569095,1.4344263000000002,-0.1075658799999999,3.894021,2.94114015,0.90500735,3.8628931,3.43113035,1.4687281,26775000.0,26901720.0,27080408.0,26491864.0,26658264.0,26717400.0,25954264.0,26076376.0,26183384.0,25236952.0,25313240.0,25635800.0,24872664.0,24966360.0,25506264.0,1397.4502,1386.4502,1547.9502,1410.9502,1392.9502,1364.4502,1535.4502,1529.4502,1364.9502,1603.4502,1642.4502,1467.4502,1628.9502,1661.4502,1550.9502,292.11035,292.19238,291.356445,292.18261500000006,292.51074,292.538085,291.31153,291.97168,292.45605,291.15137000000004,291.28417,291.4463,291.11425,290.48926500000005,289.6416,286.867065,287.45496,287.091675,286.572145,286.09559,286.660035,286.35143500000004,285.96863,286.331915,286.01355,285.57995500000004,286.429565,285.828,285.51355,286.95886,0.0234375,0.033203125,0.033203125,0.0,0.01171875,0.017578125,0.001953125,0.013671875,0.017578125,0.001953125,0.0390625,0.05859375,0.033203125,0.0234375,0.05859375,100795.28,100790.905,100831.53,100789.655,100788.155,100792.78,100822.405,100825.155,100798.405,100840.905,100855.405,100825.905,100847.03,100865.155,100859.28,290.463135,289.791265,288.320555,290.086175,289.773675,290.15064,288.6272,288.98071500000003,290.373285,288.89673000000005,288.36547,289.58814,288.73853,287.69751,288.20141,23211280.0,23355664.0,23647440.0,23494096.0,23400656.0,23397584.0,23688656.0,23488400.0,23373328.0,23824912.0,23686160.0,23635344.0,23921232.0,23871440.0,23894096.0,85627.1875,85735.1875,84155.1875,85491.1875,85671.1875,85959.1875,84271.1875,84331.1875,85951.1875,83607.1875,83235.1875,84943.1875,83355.1875,83051.1875,84123.1875,25122592.0,25167136.0,25165856.0,24890912.0,25015840.0,25055008.0,24535456.0,24648352.0,24790560.0,24111904.0,24150944.0,24402592.0,23946016.0,23914656.0,24293920.0,39151730.0,39151730.0,39151730.0,39155130.0,39155130.0,39155130.0,39158580.0,39158580.0,39158580.0,39161492.0,39161492.0,39161492.0,39164410.0,39164410.0,39164410.0,0.0234375,0.03125,0.03125,0.0,0.01171875,0.015625,0.00390625,0.015625,0.01953125,0.00390625,0.04296875,0.05859375,0.03515625,0.02734375,0.0625,28.1603015,28.121239,26.394676,28.558739,28.543114,28.6173325,27.5860825,27.51577,29.1329575,27.031395,26.597801,28.386864,26.8673325,26.5548325,27.7618635,0.7720159550513694,0.3937205999853644,0.4851568923532088,0.5661780453162868,0.1139552801772388,0.01468846455808,0.4058519664940317,0.1646181494280174,0.298917978416893,1.028517524987552,0.4794694606681311,0.5819977446933805,1.0115922187564548,0.3307450639211512,0.7729209383160063,2.24957222309321,1.7691103083092752,1.408257626545123,2.0406790978948024,0.7428073972924497,0.5028234904949711,2.210294650043693,0.834479265386927,0.6954863389373082,3.002459145162525,2.0660838122181264,0.6479381201002387,3.0092407133669483,2.3008535830586254,1.0308461298868945,3.0045106021971995,2.584265378798397,2.044233318037425,2.908339156999254,1.3201328493927351,0.5699377383920143,3.614851660731912,1.8324011332572627,0.2432481862495111,4.391726199069159,3.2049264844006013,1.041001410324627,4.315375011520845,3.597873966109265,1.558488983920752
2025-05-06 03:45:00,0.83826471,0.3039934625,0.8277361249999999,1.351356775,0.5747148975,0.09748101225,1.1560137,0.477241755,-0.339408635,1.240761075,0.4888994625,-0.678092725,1.06510185,0.0815203175,-1.1041486325,2.013230575,1.567857025,0.926133395,1.4419415249999998,0.1085064425,-0.4514911175,1.83403135,0.55143857,-0.6618793000000001,2.664170475,1.9017804,-0.254591705,2.62626765,2.0934918,0.0067608369999999,0.62927725,-0.05651378625,-0.10851574125,0.50525379,0.057255745,-0.0247755049999999,0.2594041825,0.123173715,-0.04479503625,0.1029100427499999,0.0885057449999999,-0.0616407374999999,-0.18786144625,-0.1773633975,-0.2413282375,0.339440585,0.3179562,0.369225735,0.06795620975,-0.043860197025,-0.0155398852499999,0.288659335,0.01815152175,-0.3236453549999999,1.0020382375,0.39852261,-0.6107547125,0.914147625,0.2134640224999999,-0.7801883000000001,0.55908896,0.5227120000000001,1.3554146,1.394294,0.8765328050000001,0.3751900225,1.7902901,1.074775,-0.2493216999999999,1.9349434,1.1168892375,-0.59142375,1.799750575,0.8480903999999999,-0.6535575375,2.850447675,2.27146815,1.212080975,2.4886923000000003,0.787520395,-0.3116617225,3.0712728250000003,1.36125085,-0.1393594749999999,3.835433,2.827620475,0.833235725,3.7517538,3.239485675,1.35472015,26775000.0,26901720.0,27080408.0,26491864.0,26658264.0,26717400.0,25954264.0,26076376.0,26183384.0,25236952.0,25313240.0,25635800.0,24872664.0,24966360.0,25506264.0,1397.4502,1386.4502,1547.9502,1410.9502,1392.9502,1364.4502,1535.4502,1529.4502,1364.9502,1603.4502,1642.4502,1467.4502,1628.9502,1661.4502,1550.9502,292.0072,292.11267,291.4075925,292.0667725,292.39099,292.4652075,291.172245,291.82654,292.258175,290.998415,291.14488500000004,291.24940000000004,290.96422500000006,290.2825975,289.42517,286.8782325,287.504215,287.0921025,286.6174925,286.111645,286.7005025,286.3899525,285.99933,286.3997225,286.045225,285.6018675,286.4934675,285.848935,285.5296,287.096005,0.02734375,0.0322265625,0.0458984375,0.0,0.013671875,0.0263671875,0.0029296875,0.0205078125,0.0263671875,0.0029296875,0.041015625,0.064453125,0.0166015625,0.013671875,0.0390625,100794.89,100792.5775,100834.39,100788.5775,100789.9525,100797.39,100820.8275,100826.8275,100803.7025,100839.3275,100856.8275,100830.0775,100846.015,100866.8275,100862.015,290.3273925,289.6613825,288.19164750000004,289.9514125,289.6389125,290.02857,288.49927,288.8420425,290.2394925,288.75513,288.235585,289.46021,288.566655,287.559815,288.09301500000004,23211312.0,23355568.0,23647312.0,23494160.0,23400592.0,23397584.0,23688656.0,23488432.0,23373424.0,23824816.0,23686128.0,23635376.0,23921232.0,23871504.0,23894032.0,85623.90625,85733.90625,84151.90625,85487.90625,85669.90625,85957.90625,84265.90625,84327.90625,85949.90625,83601.90625,83231.90625,84941.90625,83351.90625,83047.90625,84119.90625,25122592.0,25167136.0,25165856.0,24890912.0,25015840.0,25055008.0,24535456.0,24648352.0,24790560.0,24111904.0,24150944.0,24402592.0,23946016.0,23914656.0,24293920.0,39151730.0,39151730.0,39151730.0,39155130.0,39155130.0,39155130.0,39158580.0,39158580.0,39158580.0,39161492.0,39161492.0,39161492.0,39164410.0,39164410.0,39164410.0,0.02734375,0.03125,0.04296875,0.0,0.013671875,0.0234375,0.005859375,0.0234375,0.029296875,0.005859375,0.044921875,0.064453125,0.017578125,0.021484375,0.046875,28.19865075,28.140057,26.4056815,28.608807,28.593182,28.66544725,27.62638475,27.5599785,29.19669725,27.036541,26.6244315,28.4447445,26.85685375,26.59122875,27.84708775,0.7149893482512203,0.3229395503105042,0.384841927920188,0.5098033334070602,0.0721244564525573,0.0292457463845288,0.3880911511244949,0.124503983103923,0.3267306399554758,1.007308843558376,0.4082322103646613,0.6138573933418914,0.933251200524426,0.2775331758089894,0.8166597220824268,2.1807762544897207,1.597055940186376,1.242123245883532,1.976198495814053,0.5848682428311879,0.4618947682434641,2.167957256813545,0.7292764833717902,0.7438295700501919,2.938927077199583,1.963616911277999,0.7243111761893037,2.834029590584746,2.095078394436003,1.1041693310215426,2.9047603021775803,2.330835771007564,1.818320386469368,2.8526558016198327,1.178345505690977,0.4877505328087479,3.5549761472816512,1.7344005238844695,0.285626282689751,4.2958761921978805,3.0402103742146784,1.021794414488716,4.161100660645843,3.3486601447597466,1.5041290302494286
2025-05-06 04:00:00,0.8436308,0.20935345,0.7041044,1.2800322,0.42529583,-0.026730537,1.0876493,0.34631634,-0.39086628,1.168582,0.31213665,-0.7473116,0.9426298,-0.13866901,-1.180295,1.936759,1.4121008,0.81395626,1.4208899,0.05150509,-0.45166874,1.8278723,0.53148556,-0.6906824,2.6281652,1.8476477,-0.28760624,2.4875402,1.9059973,-0.062996864,0.575717,-0.09713459,-0.11568928,0.45071697,0.00442791,-0.040493965,0.23880291,0.08255291,-0.048306465,0.042513847,-0.01510334,-0.06686115,-0.28658772,-0.26803303,-0.25436115,0.31868458,0.2425127,0.26399708,0.051106453,-0.058268547,-0.042643547,0.28352833,0.019856453,-0.3512373,0.98860645,0.35774708,-0.6422529,0.8206377,0.10774708,-0.8219404,0.6211405,0.4673319,1.217576,1.3708963,0.79277134,0.25663853,1.7307596,1.0093241,-0.28047085,1.839158,0.96049595,-0.6684103,1.675828,0.6135721,-0.78584194,2.7377825,2.0241594,1.0280657,2.4379778,0.66917896,-0.33863354,3.0368547,1.2880754,-0.17115307,3.776845,2.7141008,0.7614641,3.6406145,3.047841,1.2407122,26775000.0,26901720.0,27080408.0,26491864.0,26658264.0,26717400.0,25954264.0,26076376.0,26183384.0,25236952.0,25313240.0,25635800.0,24872664.0,24966360.0,25506264.0,1397.4502,1386.4502,1547.9502,1410.9502,1392.9502,1364.4502,1535.4502,1529.4502,1364.9502,1603.4502,1642.4502,1467.4502,1628.9502,1661.4502,1550.9502,291.90405,292.03296,291.45874,291.95093,292.27124,292.39233,291.03296,291.6814,292.0603,290.84546,291.0056,291.0525,290.8142,290.07593,289.20874,286.8894,287.55347,287.09253,286.66284,286.1277,286.74097,286.42847,286.03003,286.46753,286.0769,285.62378,286.55737,285.86987,285.54565,287.23315,0.03125,0.03125,0.05859375,0.0,0.015625,0.03515625,0.00390625,0.02734375,0.03515625,0.00390625,0.04296875,0.0703125,0.0,0.00390625,0.01953125,100794.5,100794.25,100837.25,100787.5,100791.75,100802.0,100819.25,100828.5,100809.0,100837.75,100858.25,100834.25,100845.0,100868.5,100864.75,290.19165,289.5315,288.06274,289.81665,289.50415,289.9065,288.37134,288.70337,290.1057,288.61353,288.1057,289.33228,288.39478,287.42212,287.98462,23211344.0,23355472.0,23647184.0,23494224.0,23400528.0,23397584.0,23688656.0,23488464.0,23373520.0,23824720.0,23686096.0,23635408.0,23921232.0,23871568.0,23893968.0,85620.625,85732.625,84148.625,85484.625,85668.625,85956.625,84260.625,84324.625,85948.625,83596.625,83228.625,84940.625,83348.625,83044.625,84116.625,25122592.0,25167136.0,25165856.0,24890912.0,25015840.0,25055008.0,24535456.0,24648352.0,24790560.0,24111904.0,24150944.0,24402592.0,23946016.0,23914656.0,24293920.0,39151730.0,39151730.0,39151730.0,39155130.0,39155130.0,39155130.0,39158580.0,39158580.0,39158580.0,39161492.0,39161492.0,39161492.0,39164410.0,39164410.0,39164410.0,0.03125,0.03125,0.0546875,0.0,0.015625,0.03125,0.0078125,0.03125,0.0390625,0.0078125,0.046875,0.0703125,0.0,0.015625,0.03125,28.237,28.158875,26.416687,28.658875,28.64325,28.713562,27.666687,27.604187,29.260437,27.041687,26.651062,28.502625,26.846375,26.627625,27.932312,0.6580348969612299,0.2612422979453329,0.2882333564240003,0.4536051769812841,0.0584365464111228,0.0588067453797813,0.3706954865345098,0.0849073711476766,0.3545435875489588,0.9895201565245358,0.358065753916347,0.645723780681595,0.8692403326561007,0.2888791069279799,0.8603985214895958,2.112521798890993,1.4275354764024404,1.0762377986730198,1.9124357612633291,0.4284032181383527,0.4524590283125047,2.12699274679012,0.6343594468749632,0.7936111305361073,2.876253849926157,1.8738279834575295,0.8007446389339722,2.660151722451951,1.911035008036658,1.1819749963086508,2.807359709414969,2.0774071294202225,1.5935527601220143,2.796979159494495,1.0374424697457094,0.42489529238801,3.495427765224773,1.6364209039626605,0.3285685180752218,4.2008404281749385,2.8790442203146243,1.0132126651078242,4.007801569837789,3.1089878551032344,1.4686437001164727
2025-05-06 04:15:00,0.643809564,-0.0044448375,0.504618865,1.02357033,0.136393785,-0.23662257775,0.844889845,0.1091721049999999,-0.48973536,0.949748305,0.11857152,-0.7905776499999999,0.7076523198,-0.3074538675,-1.196858175,1.897933725,1.336898575,0.820296995,1.42588785,0.036056281,-0.461868525,1.89341715,0.601180795,-0.6613314,2.61405915,1.883224275,-0.20747399375,2.4104459,1.85942055,-0.0093538754999999,0.5134749625,-0.156691075,-0.1508317,0.34306478325,-0.0824723249999999,-0.1034684187499999,0.100633145,-0.0304703674999999,-0.06855630875,-0.10371256475,-0.1073746674999999,-0.0604996662499999,-0.3759293649999999,-0.3019547475,-0.2309098224999999,0.323762895,0.2344074225,0.253450395,0.07083320725,-0.0917644502499999,-0.09664726025,0.2964191475,0.0019855497499999,-0.4037761749999999,0.9272785125,0.3437824275,-0.627408965,0.734407425,0.0493488324999999,-0.801725375,0.48501516875,0.27908255,1.033354975,1.186125965,0.5506889825000001,0.0707695474999999,1.565459475,0.85098197,-0.3313910975,1.68472215,0.8145439624999999,-0.7127997875000001,1.46786429,0.4052421899999999,-0.902313955,2.662393575,1.898050275,1.033548375,2.4056797000000003,0.6260166149999999,-0.295980455,3.087747525,1.35233495,-0.0865077974999999,3.738870625,2.74283785,0.8622837,3.5471592,3.02823825,1.34061625,26775000.0,26901720.0,27080408.0,26491864.0,26658264.0,26717400.0,25954264.0,26076376.0,26183384.0,25236952.0,25313240.0,25635800.0,24872664.0,24966360.0,25506264.0,1397.4502,1386.4502,1547.9502,1410.9502,1392.9502,1364.4502,1535.4502,1529.4502,1364.9502,1603.4502,1642.4502,1467.4502,1628.9502,1661.4502,1550.9502,291.8195175,291.9367075,291.41619749999995,291.8644425,292.10369749999995,292.2433475,290.897645,291.486515,291.874205,290.716005,290.820485,290.87812,290.63982500000003,289.8214725,289.042175,286.90759,287.5706775,287.0755625,286.679075,286.1576,286.7523225,286.43201,286.00329750000003,286.5384525,286.08825,285.63611000000003,286.6439175,285.87341,285.6224325,287.30309750000004,0.08203125,0.115234375,0.1494140625,0.04296875,0.09375,0.1240234375,0.0576171875,0.1103515625,0.1259765625,0.0595703125,0.1181640625,0.146484375,0.046875,0.0693359375,0.0888671875,100798.235,100797.9225,100839.515,100792.14,100796.64,100806.235,100822.765,100833.6725,100815.1725,100841.235,100863.2025,100839.985,100850.14,100874.2975,100869.3275,290.0645125,289.428775,287.9717375,289.6953725,289.4102175,289.80085,288.27057,288.6065075,289.993215,288.497135,287.9941925,289.204165,288.25690000000003,287.302795,287.893615,23211344.0,23355472.0,23647184.0,23494224.0,23400528.0,23397584.0,23688656.0,23488464.0,23373520.0,23824720.0,23686096.0,23635408.0,23921232.0,23871568.0,23893968.0,85620.45375,85732.45375,84148.45375,85486.45375,85668.45375,85956.45375,84260.45375,84324.45375,85950.45375,83596.45375,83228.45375,84940.45375,83348.45375,83044.45375,84118.45375,25122592.0,25167136.0,25165856.0,24890912.0,25015840.0,25055008.0,24535456.0,24648352.0,24790560.0,24111904.0,24150944.0,24402592.0,23946016.0,23914656.0,24293920.0,39151730.0,39151730.0,39151730.0,39155130.0,39155130.0,39155130.0,39158580.0,39158580.0,39158580.0,39161492.0,39161492.0,39161492.0,39164410.0,39164410.0,39164410.0,0.08203125,0.115234375,0.146484375,0.04296875,0.09375,0.12109375,0.060546875,0.11328125,0.12890625,0.0625,0.12109375,0.146484375,0.046875,0.078125,0.11328125,28.22231325,28.124657,26.3570785,28.59536025,28.58168825,28.6539535,27.55434425,27.5289535,29.24184425,26.96840675,26.583641,28.47231325,26.79457875,26.55239125,27.8707505,0.6070246694271637,0.2819555509433165,0.2949361023180208,0.3503009973661093,0.1233790854261382,0.1415853332533301,0.3130356862679042,0.0305349914588947,0.4095548399995486,0.933060413816402,0.3601606262190917,0.6303191405777969,0.8250316074941819,0.3059607438984645,0.8343158413010459,2.0041564757249484,1.33690596393966,0.9630822181516584,1.7552357053210637,0.141079126684911,0.5189535419348541,2.073371012167925,0.6110130086888191,0.8229215901046038,2.781245599106468,1.88695333151204,0.8173484439099994,2.5121746043110003,1.8846677856861167,1.1968947263862433,2.7062112375272687,1.9184582132905783,1.461521381240244,2.6821986548052834,0.8337596522397468,0.3043234440449203,3.4619139426061563,1.5978047847770964,0.3424962168120335,4.100907493858952,2.8612307383777744,1.118756772647985,3.8388753514541,3.055232909504455,1.6159896049021494
2025-05-06 04:30:00,0.443988328,-0.218243125,0.30513333,0.76710846,-0.15250826,-0.4465146185,0.60213039,-0.12797213,-0.58860444,0.73091461,-0.0749936099999999,-0.8338437,0.4726748396,-0.476238725,-1.21342135,1.85910845,1.26169635,0.8266377300000001,1.4308858,0.020607472,-0.47206831,1.958962,0.6708760300000001,-0.6319804,2.5999531,1.91880085,-0.1273417475,2.3333516000000003,1.8128438,0.044289113,0.451232925,-0.21624756,-0.18597412,0.2354125965,-0.1693725599999999,-0.1664428724999999,-0.0375366199999999,-0.143493645,-0.0888061525,-0.2499389765,-0.199645995,-0.0541381824999999,-0.46527101,-0.335876465,-0.207458495,0.32884121,0.226302145,0.24290371,0.0905599615,-0.1252603535,-0.1506509735,0.3093099649999999,-0.0158853535,-0.45631505,0.8659505750000001,0.329817775,-0.6125650300000001,0.64817715,-0.009049415,-0.78151035,0.3488898375,0.0908332,0.84913395,1.00135563,0.308606625,-0.115099435,1.40015935,0.69263984,-0.3823113449999999,1.5302863,0.668591975,-0.757189275,1.25990058,0.19691228,-1.01878597,2.58700465,1.77194115,1.03903105,2.3733816,0.58285427,-0.25332737,3.13864035,1.4165945,-0.0018625249999999,3.70089625,2.7715749,0.9631033,3.4537039,3.0086355,1.4405203,26775000.0,26901720.0,27080408.0,26491864.0,26658264.0,26717400.0,25954264.0,26076376.0,26183384.0,25236952.0,25313240.0,25635800.0,24872664.0,24966360.0,25506264.0,1397.4502,1386.4502,1547.9502,1410.9502,1392.9502,1364.4502,1535.4502,1529.4502,1364.9502,1603.4502,1642.4502,1467.4502,1628.9502,1661.4502,1550.9502,291.734985,291.840455,291.373655,291.777955,291.936155,292.09436500000004,290.76233,291.29163,291.68811,290.58655,290.63537,290.70374000000004,290.46545000000003,289.567015,288.87561,286.92578000000003,287.587885,287.058595,286.69531,286.1875,286.76367500000003,286.43555000000003,285.976565,286.609375,286.0996,285.64844,286.730465,285.87695,285.699215,287.37304500000005,0.1328125,0.19921875,0.240234375,0.0859375,0.171875,0.212890625,0.111328125,0.193359375,0.216796875,0.115234375,0.193359375,0.22265625,0.09375,0.134765625,0.158203125,100801.97,100801.595,100841.78,100796.78,100801.53,100810.47,100826.28,100838.845,100821.345,100844.72,100868.155,100845.72,100855.28,100880.095,100873.905,289.937375,289.32605,287.880735,289.574095,289.316285,289.6952,288.1698,288.509645,289.88073,288.38074,287.88268500000004,289.07605,288.11902,287.18347,287.80261,23211344.0,23355472.0,23647184.0,23494224.0,23400528.0,23397584.0,23688656.0,23488464.0,23373520.0,23824720.0,23686096.0,23635408.0,23921232.0,23871568.0,23893968.0,85620.2825,85732.2825,84148.2825,85488.2825,85668.2825,85956.2825,84260.2825,84324.2825,85952.2825,83596.2825,83228.2825,84940.2825,83348.2825,83044.2825,84120.2825,25122592.0,25167136.0,25165856.0,24890912.0,25015840.0,25055008.0,24535456.0,24648352.0,24790560.0,24111904.0,24150944.0,24402592.0,23946016.0,23914656.0,24293920.0,39151730.0,39151730.0,39151730.0,39155130.0,39155130.0,39155130.0,39158580.0,39158580.0,39158580.0,39161492.0,39161492.0,39161492.0,39164410.0,39164410.0,39164410.0,0.1328125,0.19921875,0.23828125,0.0859375,0.171875,0.2109375,0.11328125,0.1953125,0.21875,0.1171875,0.1953125,0.22265625,0.09375,0.140625,0.1953125,28.2076265,28.090439,26.29747,28.5318455,28.5201265,28.594345,27.4420015,27.45372,29.2232515,26.8951265,26.51622,28.4420015,26.7427825,26.4771575,27.809189,0.5583437059717963,0.3130106516359381,0.3059225157479235,0.2522304446686666,0.2106590141434696,0.2244970949089295,0.3115792873239901,0.1443702552855192,0.4648762820131349,0.9012990016174978,0.3855363640767115,0.6149527289014207,0.7978788946503991,0.3359983506696699,0.8085774262893984,1.911389511392599,1.2804326382957785,0.8811562209599623,1.6235422883452133,0.1538942405369947,0.6497874989875202,2.0494128729969354,0.682972557051378,0.8636286312830728,2.7007392116439277,1.920265800221822,0.8435112546291507,2.3807459321005773,1.8743548133659396,1.214229343314577,2.6104247121555524,1.7742677670761993,1.3418695867731354,2.575976187186376,0.6595128118930849,0.278249234192003,3.436787664671844,1.5768607818654998,0.3823158818504465,4.004798273725126,2.8510774551639964,1.2251136945793708,3.676332425170437,3.015072473071758,1.7643762601500086
2025-05-06 04:45:00,0.2441670919999999,-0.4320414125000001,0.1056477949999999,0.51064659,-0.441410305,-0.65640665925,0.359370935,-0.365116365,-0.68747352,0.5120809150000001,-0.26855874,-0.87710975,0.2376973594,-0.6450235825,-1.229984525,1.820283175,1.186494125,0.8329784650000001,1.43588375,0.005158663,-0.482268095,2.02450685,0.740571265,-0.6026294,2.58584705,1.954377425,-0.0472095012499999,2.2562573,1.76626705,0.0979321015,0.3889908875,-0.275804045,-0.2211165399999999,0.1277604097499999,-0.256272795,-0.2294173262499999,-0.175706385,-0.2565169225,-0.10905599625,-0.39616538825,-0.2919173225,-0.04777669875,-0.554612655,-0.3697981825,-0.1840071675,0.333919525,0.2181968675,0.232357025,0.11028671575,-0.15875625675,-0.20465468675,0.3222007825,-0.03375625675,-0.508853925,0.8046226375,0.3158531225,-0.597721095,0.5619468750000001,-0.0674476625,-0.7612953250000001,0.21276450625,-0.09741615,0.6649129250000001,0.8165852950000001,0.0665242674999999,-0.3009684175000001,1.234859225,0.53429771,-0.4332315925,1.37585045,0.5226399875000001,-0.8015787624999999,1.05193687,-0.0114176299999999,-1.135257985,2.511615725,1.645832025,1.0445137249999998,2.3410835,0.5396919250000001,-0.210674285,3.189533175,1.48085405,0.0827827475,3.662921875,2.80031195,1.0639229,3.3602486,2.98903275,1.54042435,26775000.0,26901720.0,27080408.0,26491864.0,26658264.0,26717400.0,25954264.0,26076376.0,26183384.0,25236952.0,25313240.0,25635800.0,24872664.0,24966360.0,25506264.0,1397.4502,1386.4502,1547.9502,1410.9502,1392.9502,1364.4502,1535.4502,1529.4502,1364.9502,1603.4502,1642.4502,1467.4502,1628.9502,1661.4502,1550.9502,291.65045250000003,291.7442025,291.3311125,291.69146750000004,291.7686125,291.9453825,290.627015,291.096745,291.50201500000003,290.457095,290.450255,290.52936,290.291075,289.3125575,288.709045,286.94397,287.6050925,287.0416275,286.711545,286.2174,286.7750275,286.43909,285.9498325,286.6802975,286.11095,285.66077,286.81701250000003,285.88049,285.7759975,287.4429925,0.18359375,0.283203125,0.3310546875,0.12890625,0.25,0.3017578125,0.1650390625,0.2763671875,0.3076171875,0.1708984375,0.2685546875,0.298828125,0.140625,0.2001953125,0.2275390625,100805.705,100805.2675,100844.045,100801.42,100806.42,100814.705,100829.795,100844.0175,100827.5175,100848.205,100873.1075,100851.455,100860.42,100885.8925,100878.4825,289.8102375,289.22332500000005,287.7897325,289.45281750000004,289.2223525,289.58955000000003,288.06903,288.4127825,289.768245,288.264345,287.7711775,288.94793500000003,287.98114,287.064145,287.711605,23211344.0,23355472.0,23647184.0,23494224.0,23400528.0,23397584.0,23688656.0,23488464.0,23373520.0,23824720.0,23686096.0,23635408.0,23921232.0,23871568.0,23893968.0,85620.11125,85732.11125,84148.11125,85490.11125,85668.11125,85956.11125,84260.11125,84324.11125,85954.11125,83596.11125,83228.11125,84940.11125,83348.11125,83044.11125,84122.11125,25122592.0,25167136.0,25165856.0,24890912.0,25015840.0,25055008.0,24535456.0,24648352.0,24790560.0,24111904.0,24150944.0,24402592.0,23946016.0,23914656.0,24293920.0,39151730.0,39151730.0,39151730.0,39155130.0,39155130.0,39155130.0,39158580.0,39158580.0,39158580.0,39161492.0,39161492.0,39161492.0,39164410.0,39164410.0,39164410.0,0.18359375,0.283203125,0.330078125,0.12890625,0.25,0.30078125,0.166015625,0.27734375,0.30859375,0.171875,0.26953125,0.298828125,0.140625,0.203125,0.27734375,28.19293975,28.056221,26.2378615,28.46833075,28.45856475,28.5347365,27.32965875,27.3784865,29.20465875,26.82184625,26.448799,28.41168975,26.69098625,26.40192375,27.7476275,0.5126559857587378,0.3516784671047896,0.3207527261433988,0.1687776109867928,0.3014619287976243,0.3074343025630671,0.3669960190157115,0.2587284607433881,0.5204090000240058,0.8968637597900417,0.4300917555226664,0.5996274846531364,0.7895438476794147,0.375898766900102,0.7832172173530335,1.836586073671424,1.2627066527006623,0.8396514632525321,1.5239823107217123,0.4414404480381703,0.8145257624916934,2.0561555035112726,0.8256850238041825,0.9142111541900756,2.6360636998185267,1.9727429929364888,0.8783793318113401,2.268743493317176,1.8803602617309367,1.2338770717716097,2.520611490330686,1.648712516115658,1.2381914712779405,2.4794119258369487,0.5437764725294919,0.3673767040691551,3.420233790253699,1.5742943690150983,0.4410698312328047,3.912794541388382,2.848666279831108,1.3320887544136994,3.5210569197710164,2.989054556686341,1.9135615669685635
2025-05-06 05:00:00,0.044345856,-0.6458397,-0.09383774,0.25418472,-0.73031235,-0.8662987,0.11661148,-0.6022606,-0.7863426,0.29324722,-0.46212387,-0.9203758,0.0027198792,-0.81380844,-1.2465477,1.7814579,1.1112919,0.8393192,1.4408817,-0.010290146,-0.49246788,2.0900517,0.8102665,-0.5732784,2.571741,1.989954,0.032922745,2.179163,1.7196903,0.15157509,0.32674885,-0.33536053,-0.25625896,0.020108223,-0.34317303,-0.29239178,-0.31387615,-0.3695402,-0.12930584,-0.5423918,-0.38418865,-0.041415215,-0.6439543,-0.4037199,-0.16055584,0.33899784,0.21009159,0.22181034,0.13001347,-0.19225216,-0.2586584,0.3350916,-0.05162716,-0.5613928,0.7432947,0.30188847,-0.58287716,0.4757166,-0.12584591,-0.7410803,0.076639175,-0.2856655,0.4806919,0.63181496,-0.17555809,-0.4868374,1.0695591,0.37595558,-0.48415184,1.2214146,0.376688,-0.84596825,0.84397316,-0.21974754,-1.25173,2.4362268,1.5197229,1.0499964,2.3087854,0.49652958,-0.1680212,3.240426,1.5451136,0.16742802,3.6249475,2.829049,1.1647425,3.2667933,2.96943,1.6403284,26775000.0,26901720.0,27080408.0,26491864.0,26658264.0,26717400.0,25954264.0,26076376.0,26183384.0,25236952.0,25313240.0,25635800.0,24872664.0,24966360.0,25506264.0,1397.4502,1386.4502,1547.9502,1410.9502,1392.9502,1364.4502,1535.4502,1529.4502,1364.9502,1603.4502,1642.4502,1467.4502,1628.9502,1661.4502,1550.9502,291.56592,291.64795,291.28857,291.60498,291.60107,291.7964,290.4917,290.90186,291.31592,290.32764,290.26514,290.35498,290.1167,289.0581,288.54248,286.96216,287.6223,287.02466,286.72778,286.2473,286.78638,286.44263,285.9231,286.75122,286.1223,285.6731,286.90356,285.88403,285.85278,287.51294,0.234375,0.3671875,0.421875,0.171875,0.328125,0.390625,0.21875,0.359375,0.3984375,0.2265625,0.34375,0.375,0.1875,0.265625,0.296875,100809.44,100808.94,100846.31,100806.06,100811.31,100818.94,100833.31,100849.19,100833.69,100851.69,100878.06,100857.19,100865.56,100891.69,100883.06,289.6831,289.1206,287.69873,289.33154,289.12842,289.4839,287.96826,288.31592,289.65576,288.14795,287.65967,288.81982,287.84326,286.94482,287.6206,23211344.0,23355472.0,23647184.0,23494224.0,23400528.0,23397584.0,23688656.0,23488464.0,23373520.0,23824720.0,23686096.0,23635408.0,23921232.0,23871568.0,23893968.0,85619.94,85731.94,84147.94,85491.94,85667.94,85955.94,84259.94,84323.94,85955.94,83595.94,83227.94,84939.94,83347.94,83043.94,84123.94,25122592.0,25167136.0,25165856.0,24890912.0,25015840.0,25055008.0,24535456.0,24648352.0,24790560.0,24111904.0,24150944.0,24402592.0,23946016.0,23914656.0,24293920.0,39151730.0,39151730.0,39151730.0,39155130.0,39155130.0,39155130.0,39158580.0,39158580.0,39158580.0,39161492.0,39161492.0,39161492.0,39164410.0,39164410.0,39164410.0,0.234375,0.3671875,0.421875,0.171875,0.328125,0.390625,0.21875,0.359375,0.3984375,0.2265625,0.34375,0.375,0.1875,0.265625,0.359375,28.178253,28.022003,26.178253,28.404816,28.397003,28.475128,27.217316,27.303253,29.186066,26.748566,26.381378,28.381378,26.63919,26.32669,27.686066,0.4708336718003376,0.3957336999430412,0.3389225302501992,0.1315592756656049,0.3933555917284594,0.3903807383851416,0.4591346403065036,0.3731290970504787,0.5760918990490542,0.9201499202604596,0.4886077845345522,0.5843466468485653,0.8006144040698056,0.4228793571690845,0.7582731623934713,1.782009765522283,1.285332099148582,0.8445485426764691,1.4631301873983629,0.7303848407977974,0.9964928752647378,2.093302258619304,1.0095789376441102,0.9731304169952352,2.5884060158944786,2.042908562158321,0.9209644511944938,2.1791646973810543,1.90252960684698,1.2557293403770569,2.4374319650367515,1.5463384075533595,1.154797446628009,2.3936750336946244,0.5266519408294481,0.5150162887600741,3.4123770790856054,1.5901945274204965,0.5122842434201017,3.825192544545884,2.8540168348741397,1.4395441539995613,3.3740523350602127,2.9775499166657227,2.0633723010514995
2025-05-06 05:15:00,-0.052894593,-0.6310501175000001,-0.062202455,0.1560287449999999,-0.7890396125000001,-0.89185335,0.0255966175,-0.679420475,-0.7933730925,0.21712493675,-0.49533844,-0.8928604,-0.0435562131,-0.789558405,-1.216407775,1.7581222,1.06024624,0.7600447925,1.333714225,-0.121516467,-0.625209085,1.966587825,0.739567525,-0.6255142499999999,2.4667708,1.939152475,0.02347254775,2.11703945,1.6522872249999998,0.09576869125,0.3181996374999999,-0.3046031025,-0.2247691124999999,0.021080494,-0.34268904,-0.282630445,-0.30509138,-0.3436655899999999,-0.092444897,-0.5360484249999999,-0.34439802,-0.0030894287499999,-0.626136325,-0.35538435,-0.13394880325,0.33838773,0.18750882,0.1860439775,0.1010830432499999,-0.24999118,-0.3456943,0.2695400775,-0.1137607099999999,-0.64794041,0.666512715,0.24463773,-0.60448337,0.4262783599999999,-0.150381805,-0.775381815,-0.0857403287499999,-0.32689022,0.4735858375,0.504225495,-0.2560284124999999,-0.551072375,1.006361725,0.31385684,-0.50694394,1.18623235,0.34596133,-0.8422710875,0.8225238324999999,-0.2272808525,-1.277818,2.4297654250000003,1.49977275,1.0028856,2.19905255,0.4217088225,-0.227888345,3.1019456,1.503557,0.17353988,3.4922654250000003,2.78511205,1.17640855,3.17463855,2.913163925,1.62434555,26775000.0,26901720.0,27080408.0,26491864.0,26658264.0,26717400.0,25954264.0,26076376.0,26183384.0,25236952.0,25313240.0,25635800.0,24872664.0,24966360.0,25506264.0,1397.4502,1386.4502,1547.9502,1410.9502,1392.9502,1364.4502,1535.4502,1529.4502,1364.9502,1603.4502,1642.4502,1467.4502,1628.9502,1661.4502,1550.9502,291.485965,291.5601825,291.1968975,291.493775,291.4508025,291.629525,290.419555,290.77405,291.144165,290.25159,290.16077,290.19104000000004,289.99768,288.89416,288.45764,286.990235,287.62206,286.999025,286.7216775,286.253895,286.7910175,286.422855,285.919925,286.82129,286.1113175,285.707035,286.97949000000006,285.8906225,285.915035,287.52539,0.2587890625,0.373046875,0.3662109375,0.19140625,0.3212890625,0.349609375,0.2109375,0.3515625,0.37890625,0.232421875,0.3603515625,0.3857421875,0.2138671875,0.298828125,0.333984375,100821.1425,100819.33,100855.17,100819.26375,100823.26375,100830.42375,100847.2325,100861.42375,100845.48625,100865.36125,100890.32625,100869.42375,100878.4825,100904.58,100896.3575,289.564755,289.01300000000003,287.5911225,289.2161225,289.023745,289.381175,287.857725,288.206365,289.558895,288.0061625,287.5344875,288.70538,287.7063575,286.8254975,287.57159,23211344.0,23355472.0,23647184.0,23494224.0,23400528.0,23397584.0,23688656.0,23488464.0,23373520.0,23824720.0,23686096.0,23635408.0,23921232.0,23871568.0,23893968.0,85628.1275,85738.1275,84154.1275,85498.1275,85676.1275,85964.1275,84268.1275,84332.1275,85962.1275,83604.1275,83234.1275,84948.1275,83356.1275,83050.1275,84130.1275,25122592.0,25167136.0,25165856.0,24890912.0,25015840.0,25055008.0,24535456.0,24648352.0,24790560.0,24111904.0,24150944.0,24402592.0,23946016.0,23914656.0,24293920.0,39151730.0,39151730.0,39151730.0,39155130.0,39155130.0,39155130.0,39158580.0,39158580.0,39158580.0,39161492.0,39161492.0,39161492.0,39164410.0,39164410.0,39164410.0,0.2578125,0.373046875,0.365234375,0.19140625,0.3203125,0.349609375,0.2109375,0.3515625,0.37890625,0.232421875,0.359375,0.388671875,0.21484375,0.302734375,0.435546875,28.23973825,28.0698165,26.1948165,28.417473,28.38817575,28.4897385,27.179192,27.2729415,29.1889575,26.71630125,26.37059775,28.40184775,26.59520675,26.3080975,27.69286375,0.4644967869853184,0.3576906591321863,0.2917764820852738,0.1032577786898662,0.4241831776649258,0.44652493490665,0.4071026940822308,0.3620048851738773,0.6545019739407275,0.8553286580032565,0.42244244000748,0.604491264764478,0.7574694302008466,0.385892113809003,0.7868667237371278,1.758917709303501,1.2338340002734975,0.7625858850086298,1.3428099654208805,0.7983418828085574,1.0891688564555817,1.966754397545782,1.0042770065494138,1.010301410894826,2.4763080216102624,2.001417620448131,0.8931688834627167,2.117487467862777,1.8312442624631875,1.2201719212079043,2.431277734957401,1.5349838818613737,1.1090820854057362,2.2561195596575767,0.4933445844251324,0.5963336819893537,3.261108772626932,1.5359654189674277,0.5358248298214053,3.688233315130288,2.806517124998629,1.446844034908924,3.279462666074519,2.922016536543648,2.0667165521495208
2025-05-06 05:30:00,-0.150135042,-0.616260535,-0.03056717,0.0578727699999999,-0.847766875,-0.917408,-0.065418245,-0.75658035,-0.800403585,0.1410026535,-0.52855301,-0.865345,-0.0898323054,-0.76530837,-1.18626785,1.7347865,1.00920058,0.680770385,1.22654675,-0.232742788,-0.7579502900000001,1.84312395,0.66886855,-0.6777500999999999,2.3618006,1.88835095,0.0140223505,2.0549159,1.58488415,0.0399622924999999,0.3096504249999999,-0.273845675,-0.1932792649999999,0.022052765,-0.34220505,-0.27286911,-0.29630661,-0.31779098,-0.055583954,-0.52970505,-0.30460739,0.0352363575,-0.60831835,-0.3070488,-0.1073417665,0.33777762,0.16492605,0.150277615,0.0721526164999999,-0.3077302,-0.4327301999999999,0.203988555,-0.17589426,-0.73448802,0.58973073,0.18738699,-0.6260895799999999,0.37684012,-0.1749177,-0.80968333,-0.2481198324999999,-0.36811494,0.466479775,0.37663603,-0.336498735,-0.6153073499999999,0.94316435,0.2517581,-0.52973604,1.1510501,0.31523466,-0.8385739249999999,0.801074505,-0.234814165,-1.303906,2.42330405,1.4798226,0.9557748,2.0893197,0.346888065,-0.28775549,2.9634652,1.4620004,0.17965174,3.3595833500000003,2.7411751,1.1880746,3.0824838,2.85689785,1.6083627,26775000.0,26901720.0,27080408.0,26491864.0,26658264.0,26717400.0,25954264.0,26076376.0,26183384.0,25236952.0,25313240.0,25635800.0,24872664.0,24966360.0,25506264.0,1397.4502,1386.4502,1547.9502,1410.9502,1392.9502,1364.4502,1535.4502,1529.4502,1364.9502,1603.4502,1642.4502,1467.4502,1628.9502,1661.4502,1550.9502,291.40601000000004,291.472415,291.105225,291.38257,291.300535,291.46265,290.34741,290.64624000000003,290.97241,290.17554,290.0564,290.0271,289.87866,288.73022000000003,288.3728,287.01831,287.62182,286.97339,286.715575,286.26049,286.795655,286.40308000000005,285.91675,286.89136,286.100335,285.74096999999995,287.05542,285.897215,285.97729000000004,287.53784,0.283203125,0.37890625,0.310546875,0.2109375,0.314453125,0.30859375,0.203125,0.34375,0.359375,0.23828125,0.376953125,0.396484375,0.240234375,0.33203125,0.37109375,100832.845,100829.72,100864.03,100832.4675,100835.2175,100841.9075,100861.155,100873.6575,100857.2825,100879.0325,100902.5925,100881.6575,100891.405,100917.47,100909.655,289.44641,288.9054,287.483515,289.100705,288.91907000000003,289.27845,287.74719,288.09681,289.46203,287.864375,287.409305,288.59094,287.569455,286.70617500000003,287.52258,23211344.0,23355472.0,23647184.0,23494224.0,23400528.0,23397584.0,23688656.0,23488464.0,23373520.0,23824720.0,23686096.0,23635408.0,23921232.0,23871568.0,23893968.0,85636.315,85744.315,84160.315,85504.315,85684.315,85972.315,84276.315,84340.315,85968.315,83612.315,83240.315,84956.315,83364.315,83056.315,84136.315,25122592.0,25167136.0,25165856.0,24890912.0,25015840.0,25055008.0,24535456.0,24648352.0,24790560.0,24111904.0,24150944.0,24402592.0,23946016.0,23914656.0,24293920.0,39151730.0,39151730.0,39151730.0,39155130.0,39155130.0,39155130.0,39158580.0,39158580.0,39158580.0,39161492.0,39161492.0,39161492.0,39164410.0,39164410.0,39164410.0,0.28125,0.37890625,0.30859375,0.2109375,0.3125,0.30859375,0.203125,0.34375,0.359375,0.23828125,0.375,0.40234375,0.2421875,0.33984375,0.51171875,28.3012235,28.11763,26.21138,28.43013,28.3793485,28.504349,27.141068,27.24263,29.191849,26.6840365,26.3598175,28.4223175,26.5512235,26.289505,27.6996615,0.4582325897135045,0.3196749218891093,0.2448269508224705,0.075447495067373,0.460219699966812,0.5115789061173575,0.3597345378201544,0.3632215545232799,0.736588234677825,0.7926977821981309,0.3576304602014098,0.6270803481807129,0.7155834619304284,0.3533768064753684,0.8167676228372606,1.7412710103308422,1.1824816521497583,0.6814562854467314,1.227911310902801,0.8791347335381982,1.1900109581743707,1.844284533861975,1.0098509608775077,1.048804603789887,2.366005879632255,1.960927738277462,0.8654586040583021,2.056878508606254,1.7599871221441592,1.1869407722230616,2.435973310614513,1.524920829591479,1.0635360119897637,2.122995880330965,0.48328327955356,0.6792689872128438,3.1099332762491807,1.4835185575232182,0.5593701992061332,3.5512978780028064,2.759241529791353,1.4542102608821963,3.1848746819652787,2.866531530860819,2.070507529951845
2025-05-06 05:45:00,-0.247375491,-0.6014709524999999,0.0010681149999999,-0.0402832049999999,-0.9064941375,-0.94296265,-0.1564331075,-0.833740225,-0.8074340775000001,0.0648803702499999,-0.5617675799999999,-0.8378296,-0.1361083977,-0.741058335,-1.156127925,1.7114508000000002,0.95815492,0.6014959775000001,1.119379275,-0.343969109,-0.8906914950000001,1.7196600750000002,0.598169575,-0.72998595,2.2568304,1.837549425,0.00457215325,1.99279235,1.517481075,-0.01584410625,0.3011012125,-0.2430882475,-0.1617894175,0.023025036,-0.3417210599999999,-0.263107775,-0.28752184,-0.29191637,-0.018723011,-0.5233616750000001,-0.26481676,0.07356214375,-0.590500375,-0.25871325,-0.08073472975,0.33716751,0.14234328,0.1145112525,0.04322218975,-0.36546922,-0.5197661,0.1384370325,-0.23802781,-0.82103563,0.512948745,0.13013625,-0.64769579,0.32740188,-0.199453595,-0.843984845,-0.4104993362499999,-0.40933966,0.4593737125,0.249046565,-0.4169690575,-0.679542325,0.879966975,0.18965936,-0.5525281400000001,1.11586785,0.28450799,-0.8348767625,0.7796251775,-0.2423474775,-1.329994,2.416842675,1.4598724500000002,0.908664,1.97958685,0.2720673075,-0.347622635,2.8249848,1.4204438,0.1857636,3.226901275,2.69723815,1.19974065,2.99032905,2.800631775,1.59237985,26775000.0,26901720.0,27080408.0,26491864.0,26658264.0,26717400.0,25954264.0,26076376.0,26183384.0,25236952.0,25313240.0,25635800.0,24872664.0,24966360.0,25506264.0,1397.4502,1386.4502,1547.9502,1410.9502,1392.9502,1364.4502,1535.4502,1529.4502,1364.9502,1603.4502,1642.4502,1467.4502,1628.9502,1661.4502,1550.9502,291.326055,291.3846475,291.0135525,291.271365,291.1502675,291.295775,290.275265,290.51843,290.800655,290.09949,289.95203000000004,289.86316,289.75964,288.56628,288.28796,287.046385,287.62158,286.94775500000003,286.7094725,286.267085,286.8002925,286.383305,285.913575,286.96143,286.0893525,285.774905,287.13135,285.9038075,286.03954500000003,287.55029,0.3076171875,0.384765625,0.2548828125,0.23046875,0.3076171875,0.267578125,0.1953125,0.3359375,0.33984375,0.244140625,0.3935546875,0.4072265625,0.2666015625,0.365234375,0.408203125,100844.5475,100840.11,100872.89,100845.67125,100847.17125,100853.39125,100875.0775,100885.89125,100869.07875,100892.70375,100914.85875,100893.89125,100904.3275,100930.36,100922.9525,289.32806500000004,288.7978,287.37590750000004,288.9852875,288.814395,289.175725,287.636655,287.987255,289.365165,287.72258750000003,287.2841225,288.4765,287.43255250000004,286.5868525,287.47357,23211344.0,23355472.0,23647184.0,23494224.0,23400528.0,23397584.0,23688656.0,23488464.0,23373520.0,23824720.0,23686096.0,23635408.0,23921232.0,23871568.0,23893968.0,85644.5025,85750.5025,84166.5025,85510.5025,85692.5025,85980.5025,84284.5025,84348.5025,85974.5025,83620.5025,83246.5025,84964.5025,83372.5025,83062.5025,84142.5025,25122592.0,25167136.0,25165856.0,24890912.0,25015840.0,25055008.0,24535456.0,24648352.0,24790560.0,24111904.0,24150944.0,24402592.0,23946016.0,23914656.0,24293920.0,39151730.0,39151730.0,39151730.0,39155130.0,39155130.0,39155130.0,39158580.0,39158580.0,39158580.0,39161492.0,39161492.0,39161492.0,39164410.0,39164410.0,39164410.0,0.3046875,0.384765625,0.251953125,0.23046875,0.3046875,0.267578125,0.1953125,0.3359375,0.33984375,0.244140625,0.390625,0.416015625,0.26953125,0.376953125,0.587890625,28.36270875,28.1654435,26.2279435,28.442787,28.37052125,28.5189595,27.102944,27.2123185,29.1947405,26.65177175,26.34903725,28.44278725,26.50724025,26.2709125,27.70645925,0.4520441017960197,0.2816975424702524,0.1982136286033532,0.048972543017351,0.500340917390265,0.5825654469453716,0.3191138048477245,0.3766595351340159,0.821249083330023,0.7328191167374666,0.2950650096859336,0.6518598203423952,0.6751908499844137,0.3266715204666402,0.8478375523515573,1.7292363847571943,1.1312949029415202,0.601496925859421,1.120103878175858,0.969559884312528,1.2971159927162863,1.726760577112853,1.0261235808803593,1.088498634223157,2.257762812344985,1.921502199649245,0.8378420753468409,1.9974350668151848,1.6887617560970902,1.1562364873448974,2.4514563469013364,1.5161749659976314,1.0181819447584173,1.9951912911375744,0.4978793174281674,0.7632950070783568,2.9588648156551005,1.4330496368912171,0.5829197719899537,3.414389095762264,2.712201768709191,1.461641828843477,3.0902885374453,2.8110977640399244,2.074742785677787
2025-05-06 06:00:00,-0.34461594,-0.58668137,0.0327034,-0.13843918,-0.9652214,-0.9685173,-0.24744797,-0.9109001,-0.81446457,-0.011241913,-0.59498215,-0.8103142,-0.18238449,-0.7168083,-1.125988,1.6881151,0.90710926,0.52222157,1.0122118,-0.45519543,-1.0234327,1.5961962,0.5274706,-0.7822218,2.1518602,1.7867479,-0.004878044,1.9306688,1.450078,-0.071650505,0.292552,-0.21233082,-0.13029957,0.023997307,-0.34123707,-0.25334644,-0.27873707,-0.26604176,0.018137932,-0.5170183,-0.22502613,0.11188793,-0.5726824,-0.2103777,-0.054127693,0.3365574,0.11976051,0.07874489,0.014291763,-0.42320824,-0.606802,0.07288551,-0.30016136,-0.90758324,0.43616676,0.07288551,-0.669302,0.27796364,-0.22398949,-0.87828636,-0.57287884,-0.45056438,0.45226765,0.1214571,-0.49743938,-0.7437773,0.8167696,0.12756062,-0.57532024,1.0806856,0.25378132,-0.8311796,0.75817585,-0.24988079,-1.356082,2.4103813,1.4399223,0.8615532,1.869854,0.19724655,-0.40748978,2.6865044,1.3788872,0.19187546,3.0942192,2.6533012,1.2114067,2.8981743,2.7443657,1.576397,26775000.0,26901720.0,27080408.0,26491864.0,26658264.0,26717400.0,25954264.0,26076376.0,26183384.0,25236952.0,25313240.0,25635800.0,24872664.0,24966360.0,25506264.0,1397.4502,1386.4502,1547.9502,1410.9502,1392.9502,1364.4502,1535.4502,1529.4502,1364.9502,1603.4502,1642.4502,1467.4502,1628.9502,1661.4502,1550.9502,291.2461,291.29688,290.92188,291.16016,291.0,291.1289,290.20312,290.39062,290.6289,290.02344,289.84766,289.69922,289.64062,288.40234,288.20312,287.07446,287.62134,286.92212,286.70337,286.27368,286.80493,286.36353,285.9104,287.0315,286.07837,285.80884,287.20728,285.9104,286.1018,287.56274,0.33203125,0.390625,0.19921875,0.25,0.30078125,0.2265625,0.1875,0.328125,0.3203125,0.25,0.41015625,0.41796875,0.29296875,0.3984375,0.4453125,100856.25,100850.5,100881.75,100858.875,100859.125,100864.875,100889.0,100898.125,100880.875,100906.375,100927.125,100906.125,100917.25,100943.25,100936.25,289.20972,288.6902,287.2683,288.86987,288.70972,289.073,287.52612,287.8777,289.2683,287.5808,287.15894,288.36206,287.29565,286.46753,287.42456,23211344.0,23355472.0,23647184.0,23494224.0,23400528.0,23397584.0,23688656.0,23488464.0,23373520.0,23824720.0,23686096.0,23635408.0,23921232.0,23871568.0,23893968.0,85652.69,85756.69,84172.69,85516.69,85700.69,85988.69,84292.69,84356.69,85980.69,83628.69,83252.69,84972.69,83380.69,83068.69,84148.69,25122592.0,25167136.0,25165856.0,24890912.0,25015840.0,25055008.0,24535456.0,24648352.0,24790560.0,24111904.0,24150944.0,24402592.0,23946016.0,23914656.0,24293920.0,39151730.0,39151730.0,39151730.0,39155130.0,39155130.0,39155130.0,39158580.0,39158580.0,39158580.0,39161492.0,39161492.0,39161492.0,39164410.0,39164410.0,39164410.0,0.328125,0.390625,0.1953125,0.25,0.296875,0.2265625,0.1875,0.328125,0.3203125,0.25,0.40625,0.4296875,0.296875,0.4140625,0.6640625,28.424194,28.213257,26.244507,28.455444,28.361694,28.53357,27.06482,27.182007,29.197632,26.619507,26.338257,28.463257,26.463257,26.25232,27.713257,0.4459344752301172,0.2437764485698577,0.1522456424443636,0.0279307220261205,0.5436432215581121,0.6575660315623622,0.2881087498847353,0.4010923336352207,0.9077644640027136,0.6764239536443011,0.2365355295737555,0.6785897700994945,0.6365759313953125,0.3072947579893775,0.8799526903825863,1.7229314371007611,1.0802972921760123,0.5232445704876687,1.0216350300465975,1.0671716031224054,1.409056511226069,1.6152624575441483,1.0525987963342776,1.129257933414915,2.151889565231436,1.8832078528333065,0.8103288826364922,1.9392643237800256,1.617572361606395,1.1282653814642878,2.477524606680918,1.508769197247238,0.973046732519442,1.8737944947235836,0.5351188076134933,0.8480876091535228,2.8079206667396286,1.3847749355395715,0.6064730585144481,3.277510308709341,2.665410327942469,1.4691377472044784,2.9957044067637435,2.755718328230865,2.0794196046813163
2025-05-06 06:15:00,-0.2904789475,-0.548962835,0.080614805,-0.0717594625,-0.9040653675,-0.93909955,-0.1605961349999999,-0.8139164325,-0.7828800675,0.04753375025,-0.4947330975,-0.741040485,-0.14637494,-0.667187915,-1.0817387,1.5992209750000002,0.807839155,0.431374315,0.965523475,-0.4898598225,-1.05193255,1.56595685,0.50861431,-0.7925941999999999,2.16901465,1.754616475,-0.061576128,1.997170175,1.433388475,-0.16316914625,0.30202365,-0.2035915875,-0.1137478365,0.04909396275,-0.3058865074999999,-0.215798614,-0.2426540874999999,-0.20823026,0.067892789,-0.50388454,-0.191872835,0.1518771625,-0.588601365,-0.2165310425,-0.039529085,0.295630225,0.09689974525,0.056860686625,-0.0012447837499999,-0.438744785,-0.6081783875,0.0724856825,-0.299584625,-0.925072905,0.4826419325,0.0744388075,-0.7146237,0.335181005,-0.2146236925,-0.994408845,-0.534510615,-0.4223279924999999,0.502964975,0.18320179,-0.4398450849999999,-0.7242079,0.8738145749999999,0.1831407575,-0.5802259425,1.1290636,0.326390265,-0.77834605,0.8170518875,-0.18093395175,-1.29824355,2.33639,1.390161975,0.832727915,1.8052621,0.16585779,-0.41757727,2.62337735,1.3604379,0.20144129,3.06234215,2.6198983,1.1921029,2.9167123,2.706141025,1.509913,26800515.0,26929411.0,27112003.0,26518979.0,26685891.0,26745923.0,25982019.0,26104323.0,26210755.0,25265987.0,25342211.0,25663811.0,24902339.0,24996099.0,25534147.0,1397.4502,1386.4502,1547.9502,1410.9502,1392.9502,1364.4502,1535.4502,1529.4502,1364.9502,1603.4502,1642.4502,1467.4502,1628.9502,1661.4502,1550.9502,291.300665,291.320195,290.9442175,291.168825,291.02038500000003,291.158075,290.26257,290.464715,290.681515,290.08191,289.887575,289.7840575,289.6610075,288.437375,288.2645225,287.0961275,287.6312875,286.95941500000004,286.72992,286.30609000000004,286.8666375,286.41254000000004,285.99945,287.106875,286.1000375,285.8969125,287.2572675,285.9437875,286.20745,287.60003,0.4765625,0.5185546875,0.380859375,0.4169921875,0.4619140625,0.4013671875,0.34765625,0.4384765625,0.44140625,0.3095703125,0.423828125,0.42578125,0.322265625,0.4150390625,0.4443359375,100878.61,100873.64,100904.64,100881.04625,100882.04625,100888.32875,100910.0775,100919.01625,100902.26625,100926.64125,100947.17125,100927.10875,100937.485,100964.515,100958.64,289.514955,289.0169175,287.59990750000003,289.1897525,289.029605,289.3909325,287.84796,288.193675,289.563775,287.8977575,287.4895675,288.69757,287.6184625,286.8137825,287.690735,23217712.0,23362064.0,23654256.0,23500624.0,23407312.0,23404400.0,23695312.0,23495120.0,23380272.0,23831504.0,23693136.0,23642576.0,23928112.0,23878544.0,23901328.0,85669.54875,85773.54875,84189.54875,85533.54875,85717.54875,86003.54875,84307.54875,84371.54875,85997.54875,83643.54875,83267.54875,84987.54875,83395.54875,83083.54875,84163.54875,25130668.0,25175340.0,25174476.0,24899116.0,25024172.0,25063596.0,24543724.0,24656876.0,24799244.0,24120364.0,24159628.0,24411372.0,23954636.0,23923372.0,24302860.0,39178166.5,39178974.5,39179781.5,39181771.5,39182577.5,39183383.5,39185425.0,39186230.0,39187035.0,39188624.0,39189426.5,39190283.0,39191917.5,39192720.5,39193522.5,0.47265625,0.517578125,0.37890625,0.416015625,0.458984375,0.40234375,0.34765625,0.4375,0.44140625,0.310546875,0.421875,0.44921875,0.326171875,0.4375,0.697265625,28.466278,28.2670595,26.28463775,28.4467465,28.376434,28.5912785,27.03854425,27.1733095,29.2026065,26.59323125,26.31588775,28.4389345,26.41940325,26.222138,27.6889345,0.4226292880206873,0.2254752650076834,0.1271680305418668,0.04910974104068,0.534849083233059,0.6453293677080109,0.2532492455032165,0.3648435126407734,0.9275609469804867,0.697741259105656,0.2058065131937259,0.7305844955176242,0.6773461987733255,0.3048754200464041,0.9951942019400892,1.6253878754994633,0.9767109575316288,0.4388422796710764,0.9681864496234,1.0282494028262996,1.4101312189153552,1.5741702495724093,0.9597648021418076,1.1140497143137036,2.169535436292169,1.823030392534192,0.7435943920905452,2.0025269863274087,1.581057315275089,1.0939756785987722,2.3967519332729617,1.4528975359552996,0.9728358271039352,1.814534140090953,0.4700771269720972,0.835971206946186,2.765078775003608,1.3727096622425603,0.6141992654398712,3.2638511082020245,2.640151076629832,1.4237035849287634,3.0289906615634528,2.7121829477533264,1.9912994708696132
2025-05-06 06:30:00,-0.236341955,-0.5112443,0.12852621,-0.0050797449999999,-0.842909335,-0.9096818,-0.0737442999999999,-0.7169327649999999,-0.751295565,0.1063094135,-0.394484045,-0.6717667700000001,-0.11036539,-0.61756753,-1.0374894,1.51032685,0.70856905,0.34052706,0.91883515,-0.524524215,-1.0804324,1.5357175,0.48975802,-0.8029666,2.1861691,1.72248505,-0.118274212,2.06367155,1.41669895,-0.2546877875,0.3114953,-0.194852355,-0.097196103,0.0741906185,-0.270535945,-0.178250788,-0.2065711049999999,-0.15041876,0.117647646,-0.49075078,-0.15871954,0.191866395,-0.6045203299999999,-0.2226843849999999,-0.024930477,0.25470305,0.0740389805,0.0349764832499999,-0.0167813304999999,-0.45428133,-0.609554775,0.072085855,-0.29900789,-0.94256257,0.529117105,0.075992105,-0.7599454,0.39239837,-0.205257895,-1.11053133,-0.49614239,-0.3940916049999999,0.5536623,0.24494648,-0.38225079,-0.7046385,0.93085955,0.238720895,-0.585131645,1.1774416,0.39899921,-0.7255125,0.875927925,-0.1119871134999999,-1.2404051,2.2623987000000003,1.34040165,0.8039026300000001,1.7406701999999998,0.13446903,-0.42766476,2.5602503,1.3419886,0.21100712,3.0304651,2.5864954,1.1727991,2.9352503,2.66791635,1.443429,26826030.0,26957102.0,27143598.0,26546094.0,26713518.0,26774446.0,26009774.0,26132270.0,26238126.0,25295022.0,25371182.0,25691822.0,24932014.0,25025838.0,25562030.0,1397.4502,1386.4502,1547.9502,1410.9502,1392.9502,1364.4502,1535.4502,1529.4502,1364.9502,1603.4502,1642.4502,1467.4502,1628.9502,1661.4502,1550.9502,291.35523,291.34351,290.966555,291.17749000000003,291.04077,291.18725,290.32202,290.53881,290.73413,290.14038,289.92749000000003,289.868895,289.681395,288.47241,288.325925,287.117795,287.641235,286.99671,286.75647000000004,286.3385,286.92834500000004,286.46155,286.08849999999995,287.18225,286.121705,285.984985,287.30725500000005,285.977175,286.3131,287.63732000000005,0.62109375,0.646484375,0.5625,0.583984375,0.623046875,0.576171875,0.5078125,0.548828125,0.5625,0.369140625,0.4375,0.43359375,0.3515625,0.431640625,0.443359375,100900.97,100896.78,100927.53,100903.2175,100904.9675,100911.7825,100931.155,100939.9075,100923.6575,100946.9075,100967.2175,100948.0925,100957.72,100985.78,100981.03,289.82019,289.343635,287.931515,289.509635,289.34949,289.708865,288.1698,288.50965,289.85925,288.214715,287.820195,289.03308,287.941275,287.160035,287.95691,23224080.0,23368656.0,23661328.0,23507024.0,23414096.0,23411216.0,23701968.0,23501776.0,23387024.0,23838288.0,23700176.0,23649744.0,23934992.0,23885520.0,23908688.0,85686.4075,85790.4075,84206.4075,85550.4075,85734.4075,86018.4075,84322.4075,84386.4075,86014.4075,83658.4075,83282.4075,85002.4075,83410.4075,83098.4075,84178.4075,25138744.0,25183544.0,25183096.0,24907320.0,25032504.0,25072184.0,24551992.0,24665400.0,24807928.0,24128824.0,24168312.0,24420152.0,23963256.0,23932088.0,24311800.0,39204603.0,39206219.0,39207833.0,39208413.0,39210025.0,39211637.0,39212270.0,39213880.0,39215490.0,39215756.0,39217361.0,39219074.0,39219425.0,39221031.0,39222635.0,0.6171875,0.64453125,0.5625,0.58203125,0.62109375,0.578125,0.5078125,0.546875,0.5625,0.37109375,0.4375,0.46875,0.35546875,0.4609375,0.73046875,28.508362,28.320862,26.3247685,28.438049,28.391174,28.648987,27.0122685,27.164612,29.207581,26.5669555,26.2935185,28.414612,26.3755495,26.191956,27.664612,0.4023716759432658,0.2084447429956567,0.1032978064574661,0.0760648468529502,0.528735495615352,0.635082960838914,0.2187875497189042,0.33471110176119,0.9498763956296348,0.7216656004509218,0.1759735559683403,0.7837918885210895,0.7207088941881914,0.3028516778600693,1.1108111286780558,1.5287068762598486,0.8737510131040722,0.3639748140314213,0.918849191480728,0.9927848705291134,1.4123934112778211,1.5374870606248172,0.8682485287547946,1.0996364793440736,2.1887523901057246,1.7670801932094269,0.6820992468112349,2.0666206196564607,1.5454531921224284,1.068293089097746,2.3161617277117337,1.3971344876046108,0.9761154547297196,1.7578201054807712,0.4052130137159528,0.8242648619394785,2.724221191547465,1.3630557832457046,0.6220153106404218,3.251167089481648,2.617089762274459,1.3790671182422776,3.063159162277549,2.670265672959787,1.9031794687172856
2025-05-06 06:45:00,-0.1822049625,-0.473525765,0.176437615,0.0615999724999999,-0.7817533025,-0.8802640500000001,0.013107535,-0.6199490974999999,-0.7197110625,0.16508507675,-0.2942349925,-0.602493055,-0.07435584,-0.567947145,-0.9932401,1.4214327249999998,0.609298945,0.2496798049999999,0.872146825,-0.5591886075,-1.10893225,1.50547815,0.47090173,-0.813339,2.20332355,1.690353625,-0.174972296,2.130172925,1.400009425,-0.3462064287500001,0.32096695,-0.1861131225,-0.0806443695,0.09928727425,-0.2351853824999999,-0.140702962,-0.1704881225,-0.09260726,0.167402503,-0.47761702,-0.125566245,0.2318556275,-0.620439295,-0.2288377275,-0.010331869,0.213775875,0.05117821575,0.0130922798749999,-0.03231787725,-0.469817875,-0.6109311625,0.0716860275,-0.298431155,-0.960052235,0.5755922775,0.0775454025,-0.8052671,0.449615735,-0.1958920975,-1.226653815,-0.457774165,-0.3658552175,0.604359625,0.30669117,-0.324656495,-0.6850691,0.987904525,0.2943010325,-0.5900373475,1.2258196,0.471608155,-0.67267895,0.9348039625,-0.0430402752499999,-1.18256665,2.1884074,1.290641325,0.775077345,1.6760783,0.1030802699999999,-0.43775225,2.49712325,1.3235393000000002,0.22057295,2.99858805,2.5530925,1.1534953,2.9537883000000003,2.629691675,1.376945,26851545.0,26984793.0,27175193.0,26573209.0,26741145.0,26802969.0,26037529.0,26160217.0,26265497.0,25324057.0,25400153.0,25719833.0,24961689.0,25055577.0,25589913.0,1397.4502,1386.4502,1547.9502,1410.9502,1392.9502,1364.4502,1535.4502,1529.4502,1364.9502,1603.4502,1642.4502,1467.4502,1628.9502,1661.4502,1550.9502,291.40979500000003,291.36682499999995,290.9888925,291.186155,291.061155,291.216425,290.38147000000004,290.612905,290.786745,290.19885,289.967405,289.9537325,289.70178250000004,288.507445,288.3873275,287.13946250000004,287.6511825,287.034005,286.78302,286.37091,286.9900525,286.51056,286.17755,287.257625,286.1433725,286.0730575,287.35724250000004,286.0105625,286.41875000000005,287.67461000000003,0.765625,0.7744140625,0.744140625,0.7509765625,0.7841796875,0.7509765625,0.66796875,0.6591796875,0.68359375,0.4287109375,0.451171875,0.44140625,0.380859375,0.4482421875,0.4423828125,100923.33,100919.92,100950.42,100925.38875,100927.88875,100935.23625,100952.2325,100960.79875,100945.04875,100967.17375,100987.26375,100969.07625,100977.955,101007.045,101003.42,290.125425,289.67035250000004,288.2631225,289.8295175,289.669375,290.02679750000004,288.49164,288.825625,290.154725,288.5316725,288.1508225,289.36859,288.2640875,287.5062875,288.223085,23230448.0,23375248.0,23668400.0,23513424.0,23420880.0,23418032.0,23708624.0,23508432.0,23393776.0,23845072.0,23707216.0,23656912.0,23941872.0,23892496.0,23916048.0,85703.26625,85807.26625,84223.26625,85567.26625,85751.26625,86033.26625,84337.26625,84401.26625,86031.26625,83673.26625,83297.26625,85017.26625,83425.26625,83113.26625,84193.26625,25146820.0,25191748.0,25191716.0,24915524.0,25040836.0,25080772.0,24560260.0,24673924.0,24816612.0,24137284.0,24176996.0,24428932.0,23971876.0,23940804.0,24320740.0,39231039.5,39233463.5,39235884.5,39235054.5,39237472.5,39239890.5,39239115.0,39241530.0,39243945.0,39242888.0,39245295.5,39247865.0,39246932.5,39249341.5,39251747.5,0.76171875,0.771484375,0.74609375,0.748046875,0.783203125,0.75390625,0.66796875,0.65625,0.68359375,0.431640625,0.453125,0.48828125,0.384765625,0.484375,0.763671875,28.550446,28.3746645,26.36489925,28.4293515,28.405914,28.7066955,26.98599275,27.1559145,29.2125555,26.54067975,26.27114925,28.3902895,26.33169575,26.161774,27.6402895,0.3856422016900097,0.1930215121017695,0.0817001965993831,0.1044145967666436,0.5253960409169324,0.6269244043975117,0.1849461717698037,0.3124696127295286,0.9745377837411744,0.7479468481859639,0.147581066984512,0.8379809868641583,0.7662240063713007,0.3012315046443744,1.2266973259003573,1.4330630272463776,0.771668228254182,0.3057290254649142,0.8743195302459973,0.9611608214692512,1.415837396317976,1.5055352096849808,0.7785148186181541,1.086049880256832,2.2094994339329794,1.7157708496072883,0.6273859941780217,2.131470262833888,1.5108243940321064,1.0518482721171525,2.2357737216713605,1.3414935966935242,0.9828506738372772,1.7039066704156245,0.3406279228262972,0.8129862878024896,2.685438488628261,1.3558648075582818,0.6299178499745329,3.239469707428511,2.596284954587757,1.3353083452503367,3.098180719312964,2.630043872420744,1.815059617400272
2025-05-06 07:00:00,-0.12806797,-0.43580723,0.22434902,0.12827969,-0.72059727,-0.8508463,0.09995937,-0.52296543,-0.68812656,0.22386074,-0.19398594,-0.53321934,-0.03834629,-0.51832676,-0.9489908,1.3325386,0.51002884,0.15883255,0.8254585,-0.593853,-1.1374321,1.4752388,0.45204544,-0.8237114,2.220478,1.6582222,-0.23167038,2.1966743,1.3833199,-0.43772507,0.3304386,-0.17737389,-0.064092636,0.12438393,-0.19983482,-0.103155136,-0.13440514,-0.03479576,0.21715736,-0.46448326,-0.09241295,0.27184486,-0.63635826,-0.23499107,0.004266739,0.1728487,0.028317451,-0.0087919235,-0.047854424,-0.48535442,-0.61230755,0.0712862,-0.29785442,-0.9775419,0.62206745,0.0790987,-0.8505888,0.5068331,-0.1865263,-1.3427763,-0.41940594,-0.33761883,0.65505695,0.36843586,-0.2670622,-0.6654997,1.0449495,0.34988117,-0.59494305,1.2741976,0.5442171,-0.6198454,0.99368,0.025906563,-1.1247282,2.1144161,1.240881,0.74625206,1.6114864,0.07169151,-0.44783974,2.4339962,1.30509,0.23013878,2.966711,2.5196896,1.1341915,2.9723263,2.591467,1.310461,26877060.0,27012484.0,27206788.0,26600324.0,26768772.0,26831492.0,26065284.0,26188164.0,26292868.0,25353092.0,25429124.0,25747844.0,24991364.0,25085316.0,25617796.0,1397.4502,1386.4502,1547.9502,1410.9502,1392.9502,1364.4502,1535.4502,1529.4502,1364.9502,1603.4502,1642.4502,1467.4502,1628.9502,1661.4502,1550.9502,291.46436,291.39014,291.01123,291.19482,291.08154,291.2456,290.44092,290.687,290.83936,290.25732,290.00732,290.03857,289.72217,288.54248,288.44873,287.16113,287.66113,287.0713,286.80957,286.40332,287.05176,286.55957,286.2666,287.333,286.16504,286.16113,287.40723,286.04395,286.5244,287.7119,0.91015625,0.90234375,0.92578125,0.91796875,0.9453125,0.92578125,0.828125,0.76953125,0.8046875,0.48828125,0.46484375,0.44921875,0.41015625,0.46484375,0.44140625,100945.69,100943.06,100973.31,100947.56,100950.81,100958.69,100973.31,100981.69,100966.44,100987.44,101007.31,100990.06,100998.19,101028.31,101025.81,290.43066,289.99707,288.59473,290.1494,289.98926,290.34473,288.81348,289.1416,290.4502,288.84863,288.48145,289.7041,288.5869,287.85254,288.48926,23236816.0,23381840.0,23675472.0,23519824.0,23427664.0,23424848.0,23715280.0,23515088.0,23400528.0,23851856.0,23714256.0,23664080.0,23948752.0,23899472.0,23923408.0,85720.125,85824.125,84240.125,85584.125,85768.125,86048.125,84352.125,84416.125,86048.125,83688.125,83312.125,85032.125,83440.125,83128.125,84208.125,25154896.0,25199952.0,25200336.0,24923728.0,25049168.0,25089360.0,24568528.0,24682448.0,24825296.0,24145744.0,24185680.0,24437712.0,23980496.0,23949520.0,24329680.0,39257476.0,39260708.0,39263936.0,39261696.0,39264920.0,39268144.0,39265960.0,39269180.0,39272400.0,39270020.0,39273230.0,39276656.0,39274440.0,39277652.0,39280860.0,0.90625,0.8984375,0.9296875,0.9140625,0.9453125,0.9296875,0.828125,0.765625,0.8046875,0.4921875,0.46875,0.5078125,0.4140625,0.5078125,0.796875,28.59253,28.428467,26.40503,28.420654,28.420654,28.764404,26.959717,27.147217,29.21753,26.514404,26.24878,28.365967,26.287842,26.131592,27.615967,0.3729159978623202,0.1796200848593205,0.0646928427900517,0.1332719322986527,0.5248836712053147,0.6209360014286344,0.1521396199839463,0.2998799767032037,1.0013718017089257,0.7763456776267451,0.1216419239793275,0.8929730872729926,0.8135303475137468,0.300021438519708,1.3427830788714104,1.338678649052819,0.670863145024392,0.2748822688251515,0.8353666345316565,0.9337675359212552,1.4204545780608755,1.4786214500933756,0.6912582157196242,1.0733213093325753,2.2317338952924803,1.669530296068485,0.5813725393578373,2.1970089709050478,1.4772395120183144,1.045077401626858,2.155610536819324,1.2859907194577918,0.9929711701744144,1.653067875290939,0.2765174339439018,0.8021535285862412,2.648821805853442,1.351176058558088,0.637903668905573,3.228769685401354,2.5777912895113464,1.292516413270412,3.1340267350601354,2.59159648905756,1.7269399400084071
2025-05-06 07:15:00,-0.20065379,-0.4542548724999999,0.1965324865,-0.0149848424999999,-0.7514350424999999,-0.80075145,-0.0131537974999999,-0.5621955375,-0.65860057,0.1565849775,-0.261475325,-0.58337474,-0.0931708799999999,-0.571839095,-0.982605675,1.2493155,0.4585440175,0.0997793675,0.760759575,-0.60127044,-1.1250131250000002,1.442674875,0.44719148,-0.7833383125,2.15278835,1.57924105,-0.25132537,2.1143057,1.307115825,-0.4374520775,0.162478675,-0.2264373325,-0.0587127207499999,-0.0245330275,-0.30578303,-0.168820142,-0.21349788,-0.17736507,0.0589630575,-0.4012420175,-0.2076385025,0.0824005575,-0.5592010024999999,-0.3243377175,-0.12560724575,0.238370655,-0.01895356175,-0.0995199676249999,0.0147378444999999,-0.470125435,-0.656648875,0.18368315,-0.1981527775,-0.877351975,0.7217690875,0.18173003,-0.7748129375,0.6309488,-0.1141684075,-1.20694185,-0.4322597999999999,-0.3443691725,0.66890597,0.275900602575,-0.33286405,-0.6499416925,0.93263886,0.2513644675,-0.6173794300000001,1.20061375,0.48412203,-0.6480190825,0.93883395,0.00591158875,-1.1296475,2.08806465,1.223532225,0.7390656449999999,1.56725165,0.0279145224999999,-0.4811186799999999,2.42153025,1.2868257,0.20589304,2.9683747,2.513784925,1.113790975,2.9677644,2.58284625,1.315145925,27147268.0,27294020.0,27509124.0,26886404.0,27055684.0,27120900.0,26361860.0,26476740.0,26568260.0,25652100.0,25717380.0,26011396.0,25284292.0,25360452.0,25857412.0,1397.4502,1386.4502,1547.9502,1410.9502,1392.9502,1364.4502,1535.4502,1529.4502,1364.9502,1603.4502,1642.4502,1467.4502,1628.9502,1661.4502,1550.9502,292.132205,292.041385,291.622435,291.920285,291.777705,291.843135,291.1478275,291.2904,291.4740025,290.98474,290.6780975,290.735715,290.517945,289.38122500000003,289.219115,287.200255,287.6524025,287.1016325,286.78424,286.4151,287.15143,286.5508425,286.33111499999995,287.47955,286.17975,286.20416,287.56158750000003,286.0801425,286.640675,287.9111825,0.921875,0.91796875,0.9423828125,0.9140625,0.9521484375,0.94140625,0.8447265625,0.818359375,0.8359375,0.560546875,0.5712890625,0.552734375,0.44140625,0.5048828125,0.50390625,100966.48625,100965.38875,100996.67,100968.88875,100974.38875,100982.73625,100995.63875,101005.955,100990.33,101009.79875,101031.63875,101014.545,101021.08,101052.26375,101049.92,292.0534025,291.6276275,290.1891475,291.8805425,291.5885625,291.8463775,290.435245,290.684265,291.9206,290.46844250000004,290.0807525,291.2272325,290.20281,289.34247,289.87958000000003,23335252.0,23482484.0,23779188.0,23620276.0,23528404.0,23526516.0,23817044.0,23616724.0,23501844.0,23954900.0,23817364.0,23767668.0,24052692.0,24004308.0,24029268.0,85736.20375,85842.20375,84256.20375,85602.20375,85784.20375,86066.20375,84370.20375,84434.20375,86066.20375,83704.20375,83330.20375,85050.20375,83456.20375,83146.20375,84226.20375,25274440.0,25322216.0,25326440.0,25045672.0,25171912.0,25213064.0,24692232.0,24805864.0,24947656.0,24270472.0,24309896.0,24559144.0,24104616.0,24071816.0,24447816.0,39515611.0,39520725.0,39525836.0,39520426.0,39525530.0,39530608.0,39525217.5,39530142.5,39535214.0,39529715.0,39534800.0,39539966.0,39534490.0,39539573.0,39544589.0,0.919921875,0.9140625,0.9453125,0.912109375,0.951171875,0.943359375,0.84375,0.81640625,0.8359375,0.564453125,0.57421875,0.59765625,0.4453125,0.5390625,0.7734375,28.53368425,28.4008715,26.4262625,28.3286055,28.37157425,28.77001175,26.8559495,27.082512,29.21141875,26.41258975,26.1918875,28.361809,26.189934,26.07079325,27.57860575,0.2884785763187357,0.2272291861815436,0.1155482909174709,0.028619460142042,0.5608218844427526,0.6780029390671296,0.2816395646183556,0.2659377582951872,0.8793310697263852,0.8258000800908493,0.2759339622522813,0.7791822251525568,0.8430908310605951,0.3438449945312508,1.2134602628295346,1.2653265041014568,0.645453410537919,0.2204108446256053,0.7609071404967431,0.9623828578662288,1.3808900811068812,1.4427348395824289,0.7183620550735571,1.0234127332775729,2.158475511807905,1.6007409657995757,0.6352090434460962,2.1163575798840006,1.426727630115801,1.075582740960114,2.132337336650949,1.2710708999036149,0.9968215609229704,1.591351273895544,0.334032477985009,0.8086404565038203,2.5949227338876897,1.3111462457338805,0.6508066567787752,3.201987154297961,2.559978279026714,1.2885880130109826,3.11272143301966,2.5828530151792632,1.733699016063733
2025-05-06 07:30:00,-0.2732396099999999,-0.472702515,0.168715953,-0.1582493749999999,-0.782272815,-0.7506566,-0.126266965,-0.601425645,-0.62907458,0.089309215,-0.32896471,-0.63353014,-0.14799547,-0.62535143,-1.01622055,1.1660924,0.407059195,0.040726185,0.69606065,-0.60868788,-1.11259415,1.41011095,0.44233752,-0.7429652250000001,2.0850987,1.5002599,-0.27098036,2.0319371,1.23091175,-0.437179085,-0.0054812499999999,-0.275500775,-0.0533328055,-0.173449985,-0.41173124,-0.2344851479999999,-0.29259062,-0.31993438,-0.099231245,-0.338000775,-0.322864055,-0.1070437449999999,-0.4820437449999999,-0.413684365,-0.2554812305,0.30389261,-0.0662245745,-0.1902480117499999,0.0773301129999999,-0.45489645,-0.7009902,0.2960800999999999,-0.098451135,-0.77716205,0.821470725,0.28436136,-0.699037075,0.7550645,-0.041810515,-1.0711074,-0.4451136599999999,-0.351119515,0.6827549900000001,0.18336534515,-0.3986659,-0.634383685,0.8203282199999999,0.152847765,-0.63981581,1.1270299,0.42402696,-0.6761927649999999,0.8839878999999999,-0.0140833854999999,-1.1345668,2.0617132,1.20618345,0.73187923,1.5230169,-0.015862465,-0.51439762,2.4090643,1.2685614,0.1816473,2.9700384,2.50788025,1.09339045,2.9632025000000004,2.5742255,1.31983085,27417476.0,27575556.0,27811460.0,27172484.0,27342596.0,27410308.0,26658436.0,26765316.0,26843652.0,25951108.0,26005636.0,26274948.0,25577220.0,25635588.0,26097028.0,1397.4502,1386.4502,1547.9502,1410.9502,1392.9502,1364.4502,1535.4502,1529.4502,1364.9502,1603.4502,1642.4502,1467.4502,1628.9502,1661.4502,1550.9502,292.80005,292.69263,292.23364000000004,292.64575,292.47387000000003,292.44067,291.854735,291.8938,292.108645,291.71216,291.348875,291.43286,291.31372,290.21997,289.9895,287.23938,287.64367500000003,287.13196500000004,286.75891,286.42688,287.2511,286.542115,286.39563,287.6261,286.19446,286.24719000000005,287.71594500000003,286.116335,286.75695,288.110465,0.93359375,0.93359375,0.958984375,0.91015625,0.958984375,0.95703125,0.861328125,0.8671875,0.8671875,0.6328125,0.677734375,0.65625,0.47265625,0.544921875,0.56640625,100987.2825,100987.7175,101020.03,100990.2175,100997.9675,101006.7825,101017.9675,101030.22,101014.22,101032.1575,101055.9675,101039.03,101043.97,101076.2175,101074.03,293.676145,293.258185,291.783565,293.611685,293.187865,293.348025,292.05701,292.22693,293.391,292.088255,291.68005500000004,292.750365,291.81872,290.8324,291.2699,23433688.0,23583128.0,23882904.0,23720728.0,23629144.0,23628184.0,23918808.0,23718360.0,23603160.0,24057944.0,23920472.0,23871256.0,24156632.0,24109144.0,24135128.0,85752.2825,85860.2825,84272.2825,85620.2825,85800.2825,86084.2825,84388.2825,84452.2825,86084.2825,83720.2825,83348.2825,85068.2825,83472.2825,83164.2825,84244.2825,25393984.0,25444480.0,25452544.0,25167616.0,25294656.0,25336768.0,24815936.0,24929280.0,25070016.0,24395200.0,24434112.0,24680576.0,24228736.0,24194112.0,24565952.0,39773746.0,39780742.0,39787736.0,39779156.0,39786140.0,39793072.0,39784475.0,39791105.0,39798028.0,39789410.0,39796370.0,39803276.0,39794540.0,39801494.0,39808318.0,0.93359375,0.9296875,0.9609375,0.91015625,0.95703125,0.95703125,0.859375,0.8671875,0.8671875,0.63671875,0.6796875,0.6875,0.4765625,0.5703125,0.75,28.4748385,28.373276,26.447495,28.236557,28.3224945,28.7756195,26.752182,27.017807,29.2053075,26.3107755,26.134995,28.357651,26.092026,26.0099945,27.5412445,0.3039420380832086,0.2833484979549153,0.1975821199332797,0.1899074608147162,0.61355797950523,0.7391688204521495,0.4162603710755978,0.3347396503086729,0.7834715642219905,0.8882897477358535,0.4302354949002844,0.7071854039558372,0.8958172644316893,0.4157918626067836,1.101154721859083,1.197677489898976,0.6238147609037263,0.1735617899808377,0.7138230124942128,0.99118701179289,1.3421442075044627,1.415752887251237,0.7465757081926898,0.9735153582566004,2.0870104754470225,1.5359028445749403,0.6890506467554828,2.037319571765051,1.3806549704003197,1.1062683935662898,2.10921489881255,1.2562497478080294,1.000900386489731,1.5340154260917942,0.3989813499634867,0.8167298030902531,2.544902589503743,1.2777364614173985,0.6651015052781388,3.1766845126591607,2.543474436896684,1.2855890990474164,3.09224896529252,2.574264024259631,1.7404583580982231
2025-05-06 07:45:00,-0.34582543,-0.4911501575,0.1408994195,-0.3015139074999999,-0.8131105875,-0.70056175,-0.2393801325,-0.6406557525,-0.59954859,0.0220334524999999,-0.396454095,-0.68368554,-0.2028200599999999,-0.678863765,-1.049835425,1.0828693,0.3555743725,-0.0183269974999999,0.631361725,-0.61610532,-1.100175175,1.377547025,0.43748356,-0.7025921375,2.01740905,1.42127875,-0.29063535,1.9495685,1.154707675,-0.4369060925,-0.173441175,-0.3245642175,-0.04795289025,-0.3223669425,-0.51767945,-0.300150154,-0.37168336,-0.46250369,-0.2574255475,-0.2747595325,-0.4380896075,-0.2964880474999999,-0.4048864875,-0.5030310125,-0.38535521525,0.369414565,-0.11349558725,-0.2809760558749999,0.1399223814999999,-0.439667465,-0.745331525,0.40847705,0.0012505074999999,-0.676972125,0.9211723625,0.3869926899999999,-0.6232612125,0.8791802,0.0305473774999999,-0.93527295,-0.45796752,-0.3578698575,0.69660401,0.090830087725,-0.46446775,-0.6188256775000001,0.70801758,0.0543310625,-0.66225219,1.05344605,0.36393189,-0.7043664475,0.82914185,-0.0340783597499999,-1.1394861,2.03536175,1.1888346749999998,0.724692815,1.47878215,-0.0596394525,-0.54767656,2.39659835,1.2502971,0.15740156,2.9717021,2.501975575,1.072989925,2.9586406000000003,2.56560475,1.324515775,27687684.0,27857092.0,28113796.0,27458564.0,27629508.0,27699716.0,26955012.0,27053892.0,27119044.0,26250116.0,26293892.0,26538500.0,25870148.0,25910724.0,26336644.0,1397.4502,1386.4502,1547.9502,1410.9502,1392.9502,1364.4502,1535.4502,1529.4502,1364.9502,1603.4502,1642.4502,1467.4502,1628.9502,1661.4502,1550.9502,293.467895,293.343875,292.844845,293.371215,293.170035,293.038205,292.5616425,292.4972,292.7432875,292.43958,292.0196525,292.130005,292.109495,291.058715,290.759885,287.278505,287.6349475,287.1622975,286.73358,286.43866,287.35077,286.5333875,286.460145,287.77265,286.20917,286.29022000000003,287.8703025,286.1525275,286.87322500000005,288.3097475,0.9453125,0.94921875,0.9755859375,0.90625,0.9658203125,0.97265625,0.8779296875,0.916015625,0.8984375,0.705078125,0.7841796875,0.759765625,0.50390625,0.5849609375,0.62890625,101008.07875,101010.04625,101043.39,101011.54625,101021.54625,101030.82875,101040.29625,101054.485,101038.11,101054.51625,101080.29625,101063.515,101066.86,101100.17125,101098.14,295.2988875,294.8887425,293.37798250000003,295.3428275,294.7871675,294.8496725,293.67877500000003,293.769595,294.8614,293.7080675,293.2793575,294.2734975,293.43463,292.32233,292.66022,23532124.0,23683772.0,23986620.0,23821180.0,23729884.0,23729852.0,24020572.0,23819996.0,23704476.0,24160988.0,24023580.0,23974844.0,24260572.0,24213980.0,24240988.0,85768.36125,85878.36125,84288.36125,85638.36125,85816.36125,86102.36125,84406.36125,84470.36125,86102.36125,83736.36125,83366.36125,85086.36125,83488.36125,83182.36125,84262.36125,25513528.0,25566744.0,25578648.0,25289560.0,25417400.0,25460472.0,24939640.0,25052696.0,25192376.0,24519928.0,24558328.0,24802008.0,24352856.0,24316408.0,24684088.0,40031881.0,40040759.0,40049636.0,40037886.0,40046750.0,40055536.0,40043732.5,40052067.5,40060842.0,40049105.0,40057940.0,40066586.0,40054590.0,40063415.0,40072047.0,0.947265625,0.9453125,0.9765625,0.908203125,0.962890625,0.970703125,0.875,0.91796875,0.8984375,0.708984375,0.78515625,0.77734375,0.5078125,0.6015625,0.7265625,28.41599275,28.3456805,26.4687275,28.1445085,28.27341475,28.78122725,26.6484145,26.953102,29.19919625,26.20896125,26.0781025,28.353493,25.994118,25.94919575,27.50388325,0.4081041068398109,0.3438359777664485,0.2850386353784336,0.3514238444690823,0.6791903214356257,0.8034981002498073,0.5522698801107953,0.4625053805445118,0.7242645721921586,0.9612758824257738,0.5845390032435305,0.6901881637041687,0.9679312433391783,0.5039576785890881,1.01155036104095,1.1367502579358295,0.6063510629916002,0.1420863302812835,0.6996629647272279,1.0201640029117365,1.3042899145701246,1.3981912079261791,0.7757780987380443,0.9236309996139188,2.017529367332969,1.475536897079782,0.742896240584588,1.9600901287774128,1.339479684852996,1.137119762051715,2.0862482361258,1.2415307967945963,1.0052048661147162,1.4815690169528903,0.4682810641960256,0.8263745116512051,2.4989943066785445,1.2514770084267586,0.6807005319890898,3.1528973899264487,2.5283054005510395,1.283526186532739,3.0726259790917902,2.565831067671021,1.7472179630249514
2025-05-06 08:00:00,-0.41841125,-0.5095978,0.113082886,-0.44477844,-0.84394836,-0.6504669,-0.3524933,-0.67988586,-0.5700226,-0.04524231,-0.46394348,-0.73384094,-0.25764465,-0.7323761,-1.0834503,0.9996462,0.30408955,-0.07738018,0.5666628,-0.62352276,-1.0877562,1.3449831,0.4326296,-0.66221905,1.9497194,1.3422976,-0.31029034,1.8671999,1.0785036,-0.4366331,-0.3414011,-0.37362766,-0.042572975,-0.4712839,-0.62362766,-0.36581516,-0.4507761,-0.605073,-0.41561985,-0.21151829,-0.55331516,-0.48593235,-0.32772923,-0.59237766,-0.5152292,0.43493652,-0.1607666,-0.3717041,0.20251465,-0.42443848,-0.78967285,0.520874,0.10095215,-0.5767822,1.020874,0.48962402,-0.54748535,1.0032959,0.10290527,-0.7994385,-0.47082138,-0.3646202,0.71045303,-0.0017051697,-0.5302696,-0.60326767,0.59570694,-0.04418564,-0.68468857,0.9798622,0.30383682,-0.73254013,0.7742958,-0.054073334,-1.1444054,2.0090103,1.1714859,0.7175064,1.4345474,-0.10341644,-0.5809555,2.3841324,1.2320328,0.13315582,2.9733658,2.4960709,1.0525894,2.9540787,2.556984,1.3292007,27957892.0,28138628.0,28416132.0,27744644.0,27916420.0,27989124.0,27251588.0,27342468.0,27394436.0,26549124.0,26582148.0,26802052.0,26163076.0,26185860.0,26576260.0,1397.4502,1386.4502,1547.9502,1410.9502,1392.9502,1364.4502,1535.4502,1529.4502,1364.9502,1603.4502,1642.4502,1467.4502,1628.9502,1661.4502,1550.9502,294.13574,293.99512,293.45605,294.09668,293.8662,293.63574,293.26855,293.1006,293.37793,293.167,292.69043,292.82715,292.90527,291.89746,291.53027,287.31763,287.62622,287.19263,286.70825,286.45044,287.45044,286.52466,286.52466,287.9192,286.22388,286.33325,288.02466,286.18872,286.9895,288.50903,0.95703125,0.96484375,0.9921875,0.90234375,0.97265625,0.98828125,0.89453125,0.96484375,0.9296875,0.77734375,0.890625,0.86328125,0.53515625,0.625,0.69140625,101028.875,101032.375,101066.75,101032.875,101045.125,101054.875,101062.625,101078.75,101062.0,101076.875,101104.625,101088.0,101089.75,101124.125,101122.25,296.92163,296.5193,294.9724,297.07397,296.38647,296.35132,295.30054,295.31226,296.3318,295.32788,294.87866,295.79663,295.05054,293.81226,294.05054,23630560.0,23784416.0,24090336.0,23921632.0,23830624.0,23831520.0,24122336.0,23921632.0,23805792.0,24264032.0,24126688.0,24078432.0,24364512.0,24318816.0,24346848.0,85784.44,85896.44,84304.44,85656.44,85832.44,86120.44,84424.44,84488.44,86120.44,83752.44,83384.44,85104.44,83504.44,83200.44,84280.44,25633072.0,25689008.0,25704752.0,25411504.0,25540144.0,25584176.0,25063344.0,25176112.0,25314736.0,24644656.0,24682544.0,24923440.0,24476976.0,24438704.0,24802224.0,40290016.0,40300776.0,40311536.0,40296616.0,40307360.0,40318000.0,40302990.0,40313030.0,40323656.0,40308800.0,40319510.0,40329896.0,40314640.0,40325336.0,40335776.0,0.9609375,0.9609375,0.9921875,0.90625,0.96875,0.984375,0.890625,0.96875,0.9296875,0.78125,0.890625,0.8671875,0.5390625,0.6328125,0.703125,28.357147,28.318085,26.48996,28.05246,28.224335,28.786835,26.544647,26.888397,29.193085,26.107147,26.02121,28.349335,25.89621,25.888397,27.466522,0.5529235819811996,0.4067474990613164,0.3741341953860413,0.512952919734192,0.7543603128623523,0.870289573253034,0.6888460032599522,0.6134367709215209,0.7109272578477087,1.042556334631623,0.7388432494425229,0.7320317324004096,1.0554663003399032,0.6012493548111703,0.9510851927219192,1.083679149610715,0.5934310172075964,0.137023470117062,0.7203711471128432,1.0492995123341606,1.2674070927030707,1.3904067986853703,0.8058617458498074,0.8737618867252465,1.9502442424861808,1.4202135049351805,0.7967450158723299,1.884891570418212,1.3036658954901634,1.16812371630136,2.0634425500534768,1.2269177250927832,1.0097321139179147,1.4345484134216129,0.5402599455321796,0.8375208502762655,2.4574283426163057,1.232824882559583,0.6975162437452747,3.130660331559219,2.5144953273001964,1.28240379251341,3.053868849785683,2.5575556888767594,1.753977827804459
2025-05-06 08:15:00,-0.4873318625,-0.41793491,0.2768893245,-0.50176668,-0.811703195,-0.6285672,-0.334011565,-0.6626553449999999,-0.629269135,0.0909762374999999,-0.399013995,-0.784176355,-0.0221829375,-0.6229825,-1.1101346,1.112487325,0.3507990875,-0.1801152225,0.748412625,-0.5000004775,-1.0838323,1.50091505,0.578795925,-0.488708975,2.0984187,1.510283975,-0.0050663974999999,2.0659175,1.3235163499999998,-0.05188035,-0.41841865,-0.3024518475,0.10843681875,-0.515342465,-0.6232526275,-0.391319035,-0.417930365,-0.6132428825,-0.4921491125,-0.0627057575,-0.50655341,-0.582481145,-0.1117780224999999,-0.5490338775,-0.6479108250000001,0.584594015,-0.0853278625,-0.441773175,0.3922112,-0.3533942725,-0.816773175,0.7633049249999999,0.2686760375,-0.4266364375,1.2432854,0.744750265,-0.2401130124999999,1.2491447999999998,0.4517815025,-0.404663825,-0.504462235,-0.3241949,0.7362604125000001,-0.143256187275,-0.5682439625,-0.5843877775,0.40731144,-0.1364812875,-0.687781335,0.885338775,0.24953555875,-0.7445440225,0.775963775,-0.061347008,-1.148810425,1.941638225,1.08327031,0.509692424,1.44984745,-0.0770080068,-0.6702697249999999,2.3415711,1.2042115,0.117480515,2.948046925,2.4295533,1.0461304,2.962146075,2.50755625,1.33668825,28451889.0,28640817.0,28937265.0,28253041.0,28422449.0,28496817.0,27775601.0,27855921.0,27886321.0,27089393.0,27109937.0,27282161.0,26711921.0,26725041.0,27056625.0,1397.4502,1386.4502,1547.9502,1410.9502,1392.9502,1364.4502,1535.4502,1529.4502,1364.9502,1603.4502,1642.4502,1467.4502,1628.9502,1661.4502,1550.9502,294.81323,294.7116725,294.0358875,294.7780775,294.51635,294.2702625,293.9597125,293.679455,294.0124525,293.8405825,293.29663,293.477295,293.6081525,292.66967750000003,292.3181125,287.3286775,287.569885,287.2329725,286.70465,286.52008,287.5239875,286.550355,286.60602,287.952705,286.29352,286.39605500000005,287.9898075,286.2720325,286.95172,288.47418,0.8857421875,0.935546875,0.931640625,0.845703125,0.92578125,0.939453125,0.865234375,0.9208984375,0.8857421875,0.75,0.8583984375,0.8251953125,0.486328125,0.5810546875,0.6357421875,101029.48375,101032.35875,101069.765,101033.10875,101046.26625,101055.48375,101064.57875,101082.235,101062.4525,101077.39125,101107.07875,101089.0475,101087.765,101122.54625,101122.4225,298.4042975,298.0146575,296.09667,298.63280999999995,297.80566,297.73633,296.57617500000003,296.558595,297.7646575,296.6269525,296.13867000000005,297.206055,296.405275,295.1123075,295.454105,23896048.0,24053648.0,24365104.0,24191216.0,24099984.0,24101264.0,24394832.0,24192016.0,24074992.0,24538416.0,24400368.0,24352080.0,24640304.0,24595280.0,24624720.0,85794.98625,85906.98625,84316.98625,85666.98625,85844.98625,86132.98625,84434.98625,84498.98625,86130.98625,83764.98625,83396.98625,85114.98625,83514.98625,83210.98625,84290.98625,25942816.0,26002304.0,26024480.0,25724992.0,25853984.0,25899360.0,25380672.0,25491808.0,25625664.0,24966496.0,25002272.0,25232032.0,24801632.0,24761728.0,25112576.0,40814952.0,40827734.5,40840188.0,40821962.0,40834320.0,40846600.0,40828342.5,40840300.0,40852886.0,40834707.5,40847025.0,40859098.0,40840764.0,40853066.0,40865172.0,0.888671875,0.93359375,0.931640625,0.849609375,0.921875,0.935546875,0.86328125,0.923828125,0.884765625,0.751953125,0.859375,0.828125,0.490234375,0.5859375,0.64453125,28.32937975,28.2571145,26.44070825,28.0071145,28.16727075,28.71219275,26.49930175,26.8254735,29.0989115,26.0129735,25.93289575,28.247349,25.79227075,25.79617675,27.364536,0.7189049513264203,0.3142577989087656,0.4548868890286914,0.6476167706581696,0.7164714575762652,0.905675994245686,0.8702299687544027,0.6695174725603584,0.6513289481799723,1.2448656947144172,0.9006937961372878,0.6300305889814686,1.2541359805384145,0.7110166838013314,0.7638987160715819,1.2145453439428988,0.5456460288387892,0.3303168045956651,0.901050086519952,0.9533428314480766,1.2529122792275325,1.537631201839457,0.8798390927059756,0.7967534791321584,2.1003898962572034,1.5621043029668855,0.7841927212903178,2.066036592009536,1.462806454738142,1.1113462110581396,2.006100980340308,1.1307417466926328,0.8954695763104775,1.456907671564699,0.5734382565098096,0.8892528204863706,2.3767325944476974,1.211920986933516,0.6977426718920432,3.078117187262443,2.442334381820304,1.2840306130480847,3.062095548762344,2.5083065606708868,1.7625268424272984
2025-05-06 08:30:00,-0.556252475,-0.32627202,0.4406957629999999,-0.5587549199999999,-0.77945803,-0.6066674999999999,-0.31552983,-0.64542483,-0.68851567,0.2271947849999999,-0.33408451,-0.83451177,0.2132787749999999,-0.5135889,-1.1368189,1.22532845,0.397508625,-0.282850265,0.93016245,-0.3764781949999999,-1.0799084,1.656847,0.7249622499999999,-0.3151989,2.247118,1.67827035,0.300157545,2.2646351,1.5685291,0.3328723999999999,-0.4954362,-0.231276035,0.2594466125,-0.55940103,-0.6228775950000001,-0.41682291,-0.38508463,-0.621412765,-0.568678375,0.0861067749999999,-0.45979166,-0.6790299399999999,0.104173185,-0.5056900950000001,-0.78059245,0.73425151,-0.0098891249999999,-0.5118422499999999,0.58190775,-0.282350065,-0.8438734999999999,1.00573585,0.436399925,-0.276490675,1.4656968,0.99987651,0.067259325,1.4949937,0.8006577349999999,-0.00988915,-0.53810309,-0.2837696,0.7620677950000001,-0.28480720485,-0.606218325,-0.565507885,0.21891594,-0.228776935,-0.6908741,0.79081535,0.1952342975,-0.756547915,0.7776317500000001,-0.068620682,-1.1532154499999998,1.87426615,0.99505472,0.3018784479999999,1.4651475,-0.0505995735999999,-0.7595839499999999,2.2990098,1.1763902000000002,0.10180521,2.92272805,2.3630357,1.0396714,2.97021345,2.4581285,1.3441758,28945886.0,29143006.0,29458398.0,28761438.0,28928478.0,29004510.0,28299614.0,28369374.0,28378206.0,27629662.0,27637726.0,27762270.0,27260766.0,27264222.0,27536990.0,1397.4502,1386.4502,1547.9502,1410.9502,1392.9502,1364.4502,1535.4502,1529.4502,1364.9502,1603.4502,1642.4502,1467.4502,1628.9502,1661.4502,1550.9502,295.49072,295.428225,294.615725,295.459475,295.1665,294.904785,294.65087500000004,294.25831,294.646975,294.514165,293.90283,294.12744,294.31103499999995,293.44189500000005,293.105955,287.33972500000004,287.51355,287.273315,286.70105,286.58972,287.597535,286.57605,286.68738,287.98621,286.36316,286.45886,287.954955,286.355345,286.91394,288.43933,0.814453125,0.90625,0.87109375,0.7890625,0.87890625,0.890625,0.8359375,0.876953125,0.841796875,0.72265625,0.826171875,0.787109375,0.4375,0.537109375,0.580078125,101030.0925,101032.3425,101072.78,101033.3425,101047.4075,101056.0925,101066.5325,101085.72,101062.905,101077.9075,101109.5325,101090.095,101085.78,101120.9675,101122.595,299.88696500000003,299.51001499999995,297.22094,300.19165,299.22484999999995,299.12134000000003,297.85181,297.80493,299.19751499999995,297.926025,297.39868,298.61548,297.76001,296.412355,296.85767,24161536.0,24322880.0,24639872.0,24460800.0,24369344.0,24371008.0,24667328.0,24462400.0,24344192.0,24812800.0,24674048.0,24625728.0,24916096.0,24871744.0,24902592.0,85805.5325,85917.5325,84329.5325,85677.5325,85857.5325,86145.5325,84445.5325,84509.5325,86141.5325,83777.5325,83409.5325,85125.5325,83525.5325,83221.5325,84301.5325,26252560.0,26315600.0,26344208.0,26038480.0,26167824.0,26214544.0,25698000.0,25807504.0,25936592.0,25288336.0,25322000.0,25540624.0,25126288.0,25084752.0,25422928.0,41339888.0,41354693.0,41368840.0,41347308.0,41361280.0,41375200.0,41353695.0,41367570.0,41382116.0,41360615.0,41374540.0,41388300.0,41366888.0,41380796.0,41394568.0,0.81640625,0.90625,0.87109375,0.79296875,0.875,0.88671875,0.8359375,0.87890625,0.83984375,0.72265625,0.828125,0.7890625,0.44140625,0.5390625,0.5859375,28.3016125,28.196144,26.3914565,27.961769,28.1102065,28.6375505,26.4539565,26.76255,29.004738,25.9188,25.8445815,28.145363,25.6883315,25.7039565,27.26255,0.8857665088541788,0.2314873628485728,0.573842342131345,0.8071840817775852,0.6838845352532021,0.9412033905076618,1.0769376826156003,0.7593409767982701,0.6323307580330062,1.4682239223739475,1.1005277851355393,0.6823528971257169,1.4986187692381057,0.9469821966628724,0.7806550891941492,1.345677014117068,0.5142631019082265,0.5236573573785842,1.0850849017538715,0.8656157645525749,1.2386474913981016,1.686624159387274,0.97064075491687,0.7572345570539943,2.2585740581736955,1.7111995288425783,0.8868508589886802,2.2746560117999186,1.6504717797496629,1.1845510736472995,1.94998167594041,1.03472657338953,0.8196815976603664,1.4925723904356265,0.608326371624893,0.946977795460261,2.3094090692820366,1.198429300644821,0.698334678240995,3.027825650867702,2.371087124167901,1.285799894100481,3.070322308352816,2.4590861149033385,1.771077201994408
2025-05-06 08:45:00,-0.6251730875,-0.23460913,0.6045022014999999,-0.61574316,-0.747212865,-0.5847678,-0.297048095,-0.628194315,-0.747762205,0.3634133324999999,-0.269155025,-0.8848471849999999,0.4487404874999999,-0.4041953,-1.1635032,1.3381695750000002,0.4442181625,-0.3855853075,1.111912275,-0.2529559124999999,-1.0759845,1.81277895,0.871128575,-0.141688825,2.3958173,1.846256725,0.6053814875,2.4633527,1.81354185,0.7176251499999998,-0.57245375,-0.1601002225,0.41045640625,-0.6034595949999999,-0.6225025625,-0.442326785,-0.352238895,-0.6295826474999999,-0.6452076375,0.2349193074999999,-0.41302991,-0.775578735,0.3201243925,-0.4623463125,-0.913274075,0.883909005,0.0655496124999999,-0.581911325,0.7716043,-0.2113058574999999,-0.870973825,1.248166775,0.6041238125,-0.1263449125,1.6881082,1.255002755,0.3746316625000001,1.7408426,1.1495339675,0.3848855249999999,-0.5717439449999999,-0.2433442999999999,0.7878751775,-0.426358222425,-0.6441926875,-0.5466279925,0.0305204399999999,-0.3210725825,-0.693966865,0.696291925,0.14093303625,-0.7685518075,0.779299725,-0.075894356,-1.157620475,1.806894075,0.90683913,0.0940644719999999,1.48044755,-0.0241911403999999,-0.848898175,2.2564485,1.1485689,0.086129905,2.897409175,2.2965181,1.0332124,2.978280825,2.40870075,1.35166335,29439883.0,29645195.0,29979531.0,29269835.0,29434507.0,29512203.0,28823627.0,28882827.0,28870091.0,28169931.0,28165515.0,28242379.0,27809611.0,27803403.0,28017355.0,1397.4502,1386.4502,1547.9502,1410.9502,1392.9502,1364.4502,1535.4502,1529.4502,1364.9502,1603.4502,1642.4502,1467.4502,1628.9502,1661.4502,1550.9502,296.16821000000004,296.14477750000003,295.1955625,296.1408725,295.81665,295.5393075,295.3420375,294.837165,295.2814975,295.1877475,294.50903,294.777585,295.0139175,294.2141125,293.8937975,287.3507725,287.457215,287.3136575,286.69745,286.65936,287.6710825,286.601745,286.76874,288.019715,286.4328,286.521665,287.9201025,286.4386575,286.87616,288.40448,0.7431640625,0.876953125,0.810546875,0.732421875,0.83203125,0.841796875,0.806640625,0.8330078125,0.7978515625,0.6953125,0.7939453125,0.7490234375,0.388671875,0.4931640625,0.5244140625,101030.70125,101032.32625,101075.795,101033.57625,101048.54875,101056.70125,101068.48625,101089.205,101063.3575,101078.42375,101111.98625,101091.1425,101083.795,101119.38875,101122.7675,301.3696325,301.0053725,298.34520999999995,301.75049,300.64404,300.50635,299.127445,299.051265,300.6303725,299.2250975,298.65869,300.024905,299.114745,297.7124025,298.261235,24427024.0,24592112.0,24914640.0,24730384.0,24638704.0,24640752.0,24939824.0,24732784.0,24613392.0,25087184.0,24947728.0,24899376.0,25191888.0,25148208.0,25180464.0,85816.07875,85928.07875,84342.07875,85688.07875,85870.07875,86158.07875,84456.07875,84520.07875,86152.07875,83790.07875,83422.07875,85136.07875,83536.07875,83232.07875,84312.07875,26562304.0,26628896.0,26663936.0,26351968.0,26481664.0,26529728.0,26015328.0,26123200.0,26247520.0,25610176.0,25641728.0,25849216.0,25450944.0,25407776.0,25733280.0,41864824.0,41881651.5,41897492.0,41872654.0,41888240.0,41903800.0,41879047.5,41894840.0,41911346.0,41886522.5,41902055.0,41917502.0,41893012.0,41908526.0,41923964.0,0.744140625,0.87890625,0.810546875,0.736328125,0.828125,0.837890625,0.80859375,0.833984375,0.794921875,0.693359375,0.796875,0.75,0.392578125,0.4921875,0.52734375,28.27384525,28.1351735,26.34220475,27.9164235,28.05314225,28.56290825,26.40861125,26.6996265,28.9105645,25.8246265,25.75626725,28.043377,25.58439225,25.61173625,27.160564,1.0530899415572976,0.1729995171769263,0.7121062080862101,0.9795594308545316,0.6573884739884605,0.9768563807252152,1.296916549884657,0.8725479304099256,0.6574617345541595,1.7043756557588825,1.3212212614139232,0.861319485865561,1.7700318032872329,1.2390288354669712,0.9910632691315076,1.477003453208544,0.5023656235992201,0.7170069323083397,1.2710187041827752,0.7888686578196752,1.2246207674856284,1.836955386585704,1.074007956944384,0.7610676963032543,2.4232230159888397,1.8657728484707017,1.0721199961805288,2.503891880596889,1.8580387192530496,1.3670133694747697,1.895193218886736,0.9389215388101644,0.793470491079092,1.5406187984476916,0.6446467481515169,1.0096683978925511,2.256654898386114,1.1926014092228925,0.6992913343187068,2.979899725191166,2.3008384350784508,1.2877110484597378,3.078549128071169,2.4098961090310964,1.7796288871201342
2025-05-06 09:00:00,-0.6940937,-0.14294624,0.76830864,-0.6727314,-0.7149677,-0.5628681,-0.27856636,-0.6109638,-0.80700874,0.49963188,-0.20422554,-0.9351826,0.6842022,-0.2948017,-1.1901875,1.4510107,0.4909277,-0.48832035,1.2936621,-0.12943363,-1.0720606,1.9687109,1.0172949,0.03182125,2.5445166,2.0142431,0.91060543,2.6620703,2.0585546,1.1023779,-0.6494713,-0.08892441,0.5614662,-0.64751816,-0.62212753,-0.46783066,-0.31939316,-0.63775253,-0.7217369,0.38373184,-0.36626816,-0.87212753,0.5360756,-0.41900253,-1.0459557,1.0335665,0.14098835,-0.6519804,0.96130085,-0.14026165,-0.89807415,1.4905977,0.7718477,0.02380085,1.9105196,1.510129,0.682004,1.9866915,1.4984102,0.7796602,-0.6053848,-0.202919,0.81368256,-0.56790924,-0.68216705,-0.5277481,-0.15787506,-0.41336823,-0.69705963,0.6017685,0.086631775,-0.7805557,0.7809677,-0.08316803,-1.1620255,1.739522,0.81862354,-0.113749504,1.4957476,0.0022172928,-0.9382124,2.2138872,1.1207476,0.0704546,2.8720903,2.2300005,1.0267534,2.9863482,2.359273,1.3591509,29933880.0,30147384.0,30500664.0,29778232.0,29940536.0,30019896.0,29347640.0,29396280.0,29361976.0,28710200.0,28693304.0,28722488.0,28358456.0,28342584.0,28497720.0,1397.4502,1386.4502,1547.9502,1410.9502,1392.9502,1364.4502,1535.4502,1529.4502,1364.9502,1603.4502,1642.4502,1467.4502,1628.9502,1661.4502,1550.9502,296.8457,296.86133,295.7754,296.82227,296.4668,296.17383,296.0332,295.41602,295.91602,295.86133,295.11523,295.42773,295.7168,294.98633,294.68164,287.36182,287.40088,287.354,286.69385,286.729,287.74463,286.62744,286.8501,288.05322,286.50244,286.58447,287.88525,286.52197,286.83838,288.36963,0.671875,0.84765625,0.75,0.67578125,0.78515625,0.79296875,0.77734375,0.7890625,0.75390625,0.66796875,0.76171875,0.7109375,0.33984375,0.44921875,0.46875,101031.31,101032.31,101078.81,101033.81,101049.69,101057.31,101070.44,101092.69,101063.81,101078.94,101114.44,101092.19,101081.81,101117.81,101122.94,302.8523,302.50073,299.46948,303.30933,302.06323,301.89136,300.40308,300.2976,302.06323,300.52417,299.9187,301.43433,300.46948,299.01245,299.6648,24692512.0,24861344.0,25189408.0,24999968.0,24908064.0,24910496.0,25212320.0,25003168.0,24882592.0,25361568.0,25221408.0,25173024.0,25467680.0,25424672.0,25458336.0,85826.625,85938.625,84354.625,85698.625,85882.625,86170.625,84466.625,84530.625,86162.625,83802.625,83434.625,85146.625,83546.625,83242.625,84322.625,26872048.0,26942192.0,26983664.0,26665456.0,26795504.0,26844912.0,26332656.0,26438896.0,26558448.0,25932016.0,25961456.0,26157808.0,25775600.0,25730800.0,26043632.0,42389760.0,42408610.0,42426144.0,42398000.0,42415200.0,42432400.0,42404400.0,42422110.0,42440576.0,42412430.0,42429570.0,42446704.0,42419136.0,42436256.0,42453360.0,0.671875,0.8515625,0.75,0.6796875,0.78125,0.7890625,0.78125,0.7890625,0.75,0.6640625,0.765625,0.7109375,0.34375,0.4453125,0.46875,28.246078,28.074203,26.292953,27.871078,27.996078,28.488266,26.363266,26.636703,28.816391,25.730453,25.667953,27.941391,25.480453,25.519516,27.058578,1.2206853318713795,0.1666891284084556,0.8604200925865225,1.1590423166306345,0.6377428902344764,1.012621699024003,1.5244321873734088,1.001237814665772,0.7221292358590203,1.948675259506813,1.553911825577882,1.1071295699239097,2.057746380166324,1.5558908212372873,1.3045663470389424,1.608476955350676,0.5113155915454052,0.9103597808134828,1.4581252228537749,0.7265892076120226,1.2108403809214363,1.9883213585088453,1.1866615686354935,0.8076358699240334,2.5931056174378813,2.024569914101733,1.3052849284689705,2.7485907175545305,2.07955646316806,1.6222772018260811,1.841854376587639,0.8433982575291057,0.8215949477135309,1.599931807229026,0.6821706534973954,1.0764574141912768,2.2195091954965727,1.1945494868271858,0.7006111463835677,2.934455318955519,2.2316826150776685,1.2897634454480598,3.086776007436648,2.3607384458561014,1.7881818787866797
2025-05-06 09:15:00,-0.421706675,0.06614733,1.04487658,-0.3616480825,-0.45857189,-0.31956433,0.04914903,-0.3716883499999999,-0.65650892,0.85447741,0.1134190449999999,-0.75395157,1.0749974,0.1572423,-0.9112697,1.6741426,0.812204125,-0.2175199975,1.639688275,0.2736299025000001,-0.7739775299999999,2.2678926,1.335092325,0.3112275625,2.735544,2.2698457,1.2576997225,2.8010042,2.350534175,1.583566425,-0.4405846725,0.0647864325,0.7918372,-0.4117760699999999,-0.4371666884999999,-0.2965416925,-0.068514345,-0.46890497,-0.624666685,0.655606755,-0.127108095,-0.7506432475,0.838712225,-0.0670494975,-0.855135475,1.2302046,0.4303998875,-0.45827198,1.2468061375,0.1769819375,-0.688252449,1.72776315,1.023173325,0.2365522374999999,2.053446775,1.72629835,0.9675093,2.09104445,1.7477827,1.177958475,-0.3088724424999999,0.0412251999999999,1.108302845,-0.2330667974999999,-0.395481345,-0.2580606875,0.195216905,-0.1575663124999999,-0.52814125925,0.98522545,0.41503500625,-0.57950232525,1.1921041,0.3908650775,-0.8291056525,1.939206625,1.12240363,0.156644347,1.838437575,0.4260535196,-0.610933785,2.50439215,1.453855075,0.3708167,3.047910175,2.478086,1.373410675,3.11108165,2.6271644,1.818173925,30563778.0,30786754.0,31153090.0,30415938.0,30576706.0,30654786.0,29991362.0,30033090.0,29992258.0,29358914.0,29339074.0,29364418.0,29012546.0,28996290.0,29150530.0,1397.4502,1386.4502,1547.9502,1410.9502,1392.9502,1364.4502,1535.4502,1529.4502,1364.9502,1603.4502,1642.4502,1467.4502,1628.9502,1661.4502,1550.9502,297.49658,297.5424825,296.39112,297.4731475,297.15088,296.87549,296.63037,296.005375,296.5727575,296.37744250000003,295.6684525,296.0620075,296.2583,295.6313475,295.38428,287.28375500000004,287.2368775,287.1665625,286.7290675,286.742735,287.64508249999994,286.60211,286.8228175,287.94684,286.4692975,286.5210525,287.7485925,286.418515,286.66851999999994,288.1528975,0.5927734375,0.732421875,0.6591796875,0.6064453125,0.697265625,0.7001953125,0.6689453125,0.6875,0.6552734375,0.5830078125,0.654296875,0.615234375,0.3193359375,0.404296875,0.392578125,101013.28,101012.7475,101059.935,101014.9975,101028.9075,101034.4975,101053.47,101075.72,101043.185,101062.315,101098.095,101072.3775,101063.06,101095.435,101099.2525,304.185975,303.79144,300.50042499999995,304.6576575,303.4183975,303.31293,301.427185,301.396905,303.4222975,301.5414425,300.958435,302.7006225,301.4984725,299.9779625,300.7934,25131868.0,25304860.0,25640252.0,25445116.0,25352348.0,25355420.0,25661180.0,25449116.0,25326780.0,25813340.0,25671644.0,25622972.0,25921340.0,25878524.0,25913916.0,85824.60875,85934.60875,84350.60875,85694.60875,85876.60875,86164.60875,84464.60875,84528.60875,86156.60875,83798.60875,83430.60875,85142.60875,83542.60875,83238.60875,84316.60875,27380868.0,27455044.0,27502532.0,27177540.0,27307716.0,27357252.0,26847044.0,26951748.0,27069764.0,26448580.0,26478084.0,26674180.0,26294596.0,26250500.0,26565636.0,43155340.0,43175370.0,43194440.5,43163476.0,43182256.0,43200852.5,43170280.0,43189415.0,43209004.5,43178042.5,43196790.0,43215532.0,43184808.0,43203532.0,43222244.0,0.593374475,0.7359526,0.6588041625,0.6197416625,0.698843225,0.6978666625,0.6968901,0.6959135375,0.6529447875,0.6119291625,0.671499475,0.616811975,0.335561975,0.4166166625,0.4088041625,28.2265355,28.017551,26.2597385,27.85739475,27.92575425,28.39841075,26.35153575,26.533176,28.62497325,25.66012925,25.55075425,27.75583275,25.3378635,25.36716075,26.91208225,1.3067204029566126,0.4352486013717789,0.9148876209442124,1.3130442019720103,0.4716326109752271,0.7494187140345925,1.7291210825065726,1.1255023429039392,0.6679561575546299,2.1555657899863623,1.7309715367467056,1.2245568711186248,2.252976939127485,1.7490683238611042,1.4556245564800705,1.7264385204444193,0.8148932506366369,1.0672778535812013,1.679097071270271,0.5340051515110427,0.8373545115142389,2.268425108370277,1.3858657026565122,0.7265442572199287,2.865891243598805,2.272677579767355,1.4663736092422155,3.000207315907419,2.355787776679432,1.8270454533276863,1.9636508142182012,1.123160463047118,1.1193179386046443,1.8531521387270893,0.5813149712561655,0.6632008806443179,2.511989188069766,1.4623685315056882,0.6453202419892512,3.2031899135387265,2.5126010984254816,1.4906642234836496,3.3316574280984432,2.6560813792947764,1.9982924221838396
2025-05-06 09:30:00,-0.14931965,0.2752409,1.32144452,-0.050564765,-0.2021760799999999,-0.07626056,0.3768644200000001,-0.1324128999999999,-0.5060091,1.20932294,0.4310636299999999,-0.57272054,1.4657926,0.6092863,-0.6323519,1.8972745,1.13348055,0.053280355,1.98571445,0.6766934350000001,-0.4758944599999999,2.5670743,1.65288975,0.5906338750000001,2.9265714000000003,2.5254483,1.604794015,2.9399381,2.64251375,2.06475495,-0.231698045,0.218497275,1.0222082,-0.1760339799999999,-0.252205847,-0.125252725,0.1823644699999999,-0.3000574099999999,-0.52759647,0.92748167,0.1120519699999999,-0.629158965,1.14134885,0.284903535,-0.66431525,1.4268427,0.719811425,-0.26456356,1.532311425,0.4942255249999999,-0.478430748,1.9649286,1.27449895,0.449303625,2.19637395,1.9424677,1.2530146,2.1953974,1.9971552,1.5762567500000002,-0.0123600849999999,0.2853694,1.40292313,0.101775645,-0.1087956399999999,0.0116267249999999,0.5483088700000001,0.098235605,-0.3592228885,1.3686824,0.7434382374999999,-0.3784489505,1.6032405,0.8648981849999999,-0.496185805,2.13889125,1.42618372,0.427038198,2.18112755,0.8498897464,-0.2836551699999999,2.7948971,1.78696255,0.6711788000000001,3.22373005,2.7261715,1.72006795,3.2358151,2.8950558,2.27719695,31193676.0,31426124.0,31805516.0,31053644.0,31212876.0,31289676.0,30635084.0,30669900.0,30622540.0,30007628.0,29984844.0,30006348.0,29666636.0,29649996.0,29803340.0,1397.4502,1386.4502,1547.9502,1410.9502,1392.9502,1364.4502,1535.4502,1529.4502,1364.9502,1603.4502,1642.4502,1467.4502,1628.9502,1661.4502,1550.9502,298.14746,298.223635,297.00684,298.124025,297.83496,297.57715,297.22754,296.59473,297.22949500000004,296.893555,296.221675,296.696285,296.7998,296.276365,296.08692,287.20569,287.07287499999995,286.97912499999995,286.764285,286.75647,287.545535,286.57678,286.795535,287.84046,286.436155,286.457635,287.611935,286.31506,286.49866,287.936165,0.513671875,0.6171875,0.568359375,0.537109375,0.609375,0.607421875,0.560546875,0.5859375,0.556640625,0.498046875,0.546875,0.51953125,0.298828125,0.359375,0.31640625,100995.25,100993.185,101041.06,100996.185,101008.125,101011.685,101036.5,101058.75,101022.56,101045.69,101081.75,101052.565,101044.31,101073.06,101075.565,305.51965,305.08215,301.53137,306.005985,304.773565,304.7345,302.45129,302.49621,304.781365,302.558715,301.99817,303.966915,302.527465,300.94347500000003,301.922,25571224.0,25748376.0,26091096.0,25890264.0,25796632.0,25800344.0,26110040.0,25895064.0,25770968.0,26265112.0,26121880.0,26072920.0,26375000.0,26332376.0,26369496.0,85822.5925,85930.5925,84346.5925,85690.5925,85870.5925,86158.5925,84462.5925,84526.5925,86150.5925,83794.5925,83426.5925,85138.5925,83538.5925,83234.5925,84310.5925,27889688.0,27967896.0,28021400.0,27689624.0,27819928.0,27869592.0,27361432.0,27464600.0,27581080.0,26965144.0,26994712.0,27190552.0,26813592.0,26770200.0,27087640.0,43920920.0,43942130.0,43962737.0,43928952.0,43949312.0,43969305.0,43936160.0,43956720.0,43977433.0,43943655.0,43964010.0,43984360.0,43950480.0,43970808.0,43991128.0,0.51487395,0.6203427,0.567608325,0.559795825,0.61643645,0.606670825,0.6125302,0.602764575,0.555889575,0.559795825,0.57737395,0.52268645,0.32737395,0.387920825,0.348858325,28.206993,27.960899,26.226524,27.8437115,27.8554305,28.3085555,26.3398055,26.429649,28.4335555,25.5898055,25.4335555,27.5702745,25.195274,25.2148055,26.7655865,1.4455324536654692,0.7522430104314405,1.0558899002391835,1.542389790325445,0.5548573319534608,0.4945545730773957,1.9733730521663515,1.3093441193387667,0.692987577518242,2.3841729753574072,1.9456968955940104,1.4021007777806245,2.4743578846486782,2.0173742630316607,1.7105262620910342,1.9031413206134675,1.1664200402346971,1.3225182099566557,1.986358143034208,0.7062500777318653,0.4819659843497309,2.5945899970481703,1.6581850625733765,0.7777490492313865,3.166588405920196,2.5619728665779555,1.7039285922589924,3.2850850792706066,2.711845997527653,2.1594170345218435,2.1389269625276524,1.4544537454485784,1.466477047634938,2.183500783440246,0.8568249951529576,0.2838933535712917,2.848173522893064,1.78966069107868,0.7612634663450779,3.5022459861270114,2.8257231747624107,1.761209062193286,3.611215787270024,3.0214891950046647,2.330627877240981
2025-05-06 09:45:00,0.1230673749999999,0.4843344699999999,1.59801246,0.2605185524999999,0.05421973,0.1670432099999999,0.7045798100000001,0.10686255,-0.35550928,1.56416847,0.7487082149999998,-0.39148951,1.8565878,1.0613303,-0.3534341,2.1204064,1.454756975,0.3240807075,2.331740625,1.0797569675,-0.1778113899999999,2.866256,1.970687175,0.8700401875000001,3.1175988,2.7810509,1.9518883075,3.078872,2.934493325,2.545943475,-0.0228114175,0.3722081175,1.2525792,0.0597081099999999,-0.0672450055,0.0460362424999999,0.4332432849999999,-0.1312098499999999,-0.430526255,1.199356585,0.3512120349999999,-0.5076746825,1.443985475,0.6368565675,-0.4734950249999999,1.6234808,1.0092229625,-0.07085514,1.8178167125,0.8114691125,-0.268609047,2.20209405,1.525824575,0.6620550125,2.339301125,2.1586370500000003,1.5385198999999998,2.29975035,2.2465277,1.974555025,0.2841522725000001,0.5295135999999999,1.6975434150000002,0.4366180875,0.177890065,0.2813141375,0.901400835,0.3540375225000001,-0.19030451775,1.7521393500000002,1.07184146875,-0.1773955757499999,2.0143769,1.3389312925,-0.1632659574999999,2.338575875,1.72996381,0.6974320490000001,2.523817525,1.2737259732,0.043623445,3.08540205,2.120070025,0.9715409,3.399549925,2.974257,2.066725225,3.3605485500000003,3.1629472,2.736219975,31823574.0,32065494.0,32457942.0,31691350.0,31849046.0,31924566.0,31278806.0,31306710.0,31252822.0,30656342.0,30630614.0,30648278.0,30320726.0,30303702.0,30456150.0,1397.4502,1386.4502,1547.9502,1410.9502,1392.9502,1364.4502,1535.4502,1529.4502,1364.9502,1603.4502,1642.4502,1467.4502,1628.9502,1661.4502,1550.9502,298.79834000000005,298.9047875,297.62256,298.7749025,298.51904,298.27881,297.82471,297.184085,297.8862325,297.40966749999995,296.7748975,297.3305625,297.3413,296.9213825,296.78956000000005,287.127625,286.9088725,286.7916875,286.7995025,286.770205,287.4459875,286.55145,286.7682525,287.73408,286.4030125,286.3942175,287.4752775,286.211605,286.3288,287.7194325,0.4345703125,0.501953125,0.4775390625,0.4677734375,0.521484375,0.5146484375,0.4521484375,0.484375,0.4580078125,0.4130859375,0.439453125,0.423828125,0.2783203125,0.314453125,0.240234375,100977.22,100973.6225,101022.185,100977.3725,100987.3425,100988.8725,101019.53,101041.78,101001.935,101029.065,101065.405,101032.7525,101025.56,101050.685,101051.8775,306.85332500000004,306.37286,302.562315,307.3543125,306.1287325,306.15607,303.475395,303.595515,306.1404325,303.5759875,303.037905,305.2332075,303.5564575,301.9089875,303.0506,26010580.0,26191892.0,26541940.0,26335412.0,26240916.0,26245268.0,26558900.0,26341012.0,26215156.0,26716884.0,26572116.0,26522868.0,26828660.0,26786228.0,26825076.0,85820.57625,85926.57625,84342.57625,85686.57625,85864.57625,86152.57625,84460.57625,84524.57625,86144.57625,83790.57625,83422.57625,85134.57625,83534.57625,83230.57625,84304.57625,28398508.0,28480748.0,28540268.0,28201708.0,28332140.0,28381932.0,27875820.0,27977452.0,28092396.0,27481708.0,27511340.0,27706924.0,27332588.0,27289900.0,27609644.0,44686500.0,44708890.0,44731033.5,44694428.0,44716368.0,44737757.5,44702040.0,44724025.0,44745861.5,44709267.5,44731230.0,44753188.0,44716152.0,44738084.0,44760012.0,0.436373425,0.5047328,0.4764124875,0.4998499875,0.534029675,0.5154749875,0.5281703,0.5096156125,0.4588343625,0.5076624875,0.483248425,0.428560925,0.319185925,0.3592249875,0.2889124875,28.1874505,27.904247,26.1933095,27.83002825,27.78510675,28.21870025,26.32807525,26.326122,28.24213775,25.51948175,25.31635675,27.38471625,25.0526845,25.06245025,26.61909075,1.623641052923028,1.075671822987927,1.2545816446676796,1.8187970361324213,0.8142505826256636,0.2725255139501015,2.244307899786256,1.531455731782983,0.7897276086225555,2.628837380175717,2.187021675055267,1.6201163741989295,2.715501007979209,2.3350531031296,2.030533202253167,2.1239747832661173,1.5332637526340114,1.630543506714541,2.346248976232507,1.0811174256231693,0.2439678757968682,2.9515853648836985,1.973582414367837,0.9398706166442028,3.487985848638664,2.880070849753404,1.9907616636341112,3.595326278864387,3.1205244879935883,2.5703586988857965,2.355775803657668,1.809187507279076,1.8352288981983151,2.561306356886908,1.2860881501786692,0.2846763933153519,3.214378520878165,2.1494277094709275,0.9900038029466706,3.8245172237010414,3.1614947155073905,2.0743245517389446,3.918035330642223,3.434672036166417,2.7410865590979414
2025-05-06 10:00:00,0.3954544,0.69342804,1.8745804,0.57160187,0.31061554,0.41034698,1.0322952,0.346138,-0.20500946,1.919014,1.0663528,-0.21025848,2.247383,1.5133743,-0.0745163,2.3435383,1.7760334,0.59488106,2.6777668,1.4828205,0.12027168,3.1654377,2.2884846,1.1494465,3.3086262,3.0366535,2.2989826,3.2178059,3.2264729,3.027132,0.18607521,0.52591896,1.4829502,0.2954502,0.117715836,0.21732521,0.6841221,0.03763771,-0.33345604,1.4712315,0.5903721,-0.3861904,1.7466221,0.9888096,-0.2826748,1.8201189,1.2986345,0.12285328,2.103322,1.1287127,-0.058787346,2.4392595,1.7771502,0.8748064,2.4822283,2.3748064,1.8240252,2.4041033,2.4959002,2.3728533,0.58066463,0.7736578,1.9921637,0.77146053,0.46457577,0.55100155,1.2544928,0.60983944,-0.021386147,2.1355963,1.4002447,0.023657799,2.4255133,1.8129644,0.16965389,2.5382605,2.0337439,0.9678259,2.8665075,1.6975622,0.37090206,3.375907,2.4531775,1.271903,3.5753698,3.2223425,2.4133825,3.485282,3.4308386,3.195243,32453472.0,32704864.0,33110368.0,32329056.0,32485216.0,32559456.0,31922528.0,31943520.0,31883104.0,31305056.0,31276384.0,31290208.0,30974816.0,30957408.0,31108960.0,1397.4502,1386.4502,1547.9502,1410.9502,1392.9502,1364.4502,1535.4502,1529.4502,1364.9502,1603.4502,1642.4502,1467.4502,1628.9502,1661.4502,1550.9502,299.44922,299.58594,298.23828,299.42578,299.20312,298.98047,298.42188,297.77344,298.54297,297.92578,297.32812,297.96484,297.8828,297.5664,297.4922,287.04956,286.74487,286.60425,286.83472,286.78394,287.34644,286.52612,286.74097,287.6277,286.36987,286.3308,287.33862,286.10815,286.15894,287.5027,0.35546875,0.38671875,0.38671875,0.3984375,0.43359375,0.421875,0.34375,0.3828125,0.359375,0.328125,0.33203125,0.328125,0.2578125,0.26953125,0.1640625,100959.19,100954.06,101003.31,100958.56,100966.56,100966.06,101002.56,101024.81,100981.31,101012.44,101049.06,101012.94,101006.81,101028.31,101028.19,308.187,307.66357,303.59326,308.70264,307.4839,307.57764,304.4995,304.69482,307.4995,304.59326,304.07764,306.4995,304.58545,302.8745,304.1792,26449936.0,26635408.0,26992784.0,26780560.0,26685200.0,26690192.0,27007760.0,26786960.0,26659344.0,27168656.0,27022352.0,26972816.0,27282320.0,27240080.0,27280656.0,85818.56,85922.56,84338.56,85682.56,85858.56,86146.56,84458.56,84522.56,86138.56,83786.56,83418.56,85130.56,83530.56,83226.56,84298.56,28907328.0,28993600.0,29059136.0,28713792.0,28844352.0,28894272.0,28390208.0,28490304.0,28603712.0,27998272.0,28027968.0,28223296.0,27851584.0,27809600.0,28131648.0,45452080.0,45475650.0,45499330.0,45459904.0,45483424.0,45506210.0,45467920.0,45491330.0,45514290.0,45474880.0,45498450.0,45522016.0,45481824.0,45505360.0,45528896.0,0.3578729,0.3891229,0.38521665,0.43990415,0.4516229,0.42427915,0.4438104,0.41646665,0.36177915,0.45552915,0.3891229,0.3344354,0.3109979,0.33052915,0.22896665,28.167908,27.847595,26.160095,27.816345,27.714783,28.128845,26.316345,26.222595,28.05072,25.449158,25.199158,27.199158,24.910095,24.910095,26.472595,1.829605638905213,1.401086120507134,1.4880303169246245,2.1239713407586365,1.134834515330966,0.2251359565934944,2.5333791575776137,1.7775487139805997,0.9362046614354372,2.885477336579364,2.4470890163497057,1.8644599634444283,2.971599138053331,2.6846344692363986,2.389631315888694,2.3766690863572597,1.9066035467746831,1.966706676556238,2.7380949094159863,1.515004504583977,0.4276095426965385,3.3295088545496214,2.3145136161796844,1.167585600738439,3.8248688949456087,3.218442600564765,2.3085774025392065,3.9249210385387134,3.56376614641518,3.0280490128777124,2.603831365198846,2.175927536083877,2.214814479885053,2.9685041008737265,1.759985246796101,0.664207080822424,3.601458073877973,2.5278417650410323,1.272082783741886,4.164617721151094,3.51342801366192,2.413498453026182,4.246210709326716,3.8803986154668855,3.1997437821552417
2025-05-06 10:15:00,0.94670485,1.170215605,2.41417315,1.1312446525,0.982257855,1.162616735,1.4678535250000002,0.88399125,0.341144555,2.24162675,1.466571775,0.1831855899999999,2.499896925,1.906391125,0.322498325,2.4904721,2.10070155,1.054375895,2.80776335,1.85051845,0.58733486,3.19164395,2.47475555,1.432824375,3.333764325,3.138482325,2.4891293,3.20302705,3.282403275,3.162194475,0.6109309075,0.871673095,1.8955989,0.733977775,0.6416926270000001,0.8208918574999999,1.017180925,0.4639582574999999,0.0962824699999999,1.7056575,0.899016875,-0.0980534499999999,1.929778575,1.29013015,0.0093684124999999,1.931089425,1.565855,0.509702685,2.2089214,1.428159775,0.3192729904999999,2.46331595,1.932066,1.1083355,2.50042535,2.45599175,1.987241775,2.389097225,2.5385113,2.49505425,1.1760907225,1.3017316,2.55734685,1.3649029725,1.1760602025,1.3387189125,1.71277285,1.17239808,0.5623822147499999,2.47717715,1.815983275,0.45114564925,2.69553045,2.219028925,0.5980572675,2.693066375,2.350231925,1.407421825,2.999279725,2.05988765,0.836590545,3.4011352500000003,2.644879125,1.57227775,3.59830925,3.329815625,2.609844875,3.474377425,3.49268795,3.320446825,33153271.5,33413368.0,33830263.5,33029879.5,33189368.0,33261944.5,32623736.0,32644727.5,32577144.0,32002039.5,31975032.0,31986808.5,31646968.0,31640696.0,31804407.5,1397.4502,1386.4502,1547.9502,1410.9502,1392.9502,1364.4502,1535.4502,1529.4502,1364.9502,1603.4502,1642.4502,1467.4502,1628.9502,1661.4502,1550.9502,300.05816500000003,300.10309,298.69586,300.0444925,299.858945,299.7046525,299.017155,298.428285,299.2456675,298.49176,297.91265500000003,298.5942975,298.40972,298.1187075,298.12458250000003,286.77246,286.5820275,286.3593775,286.58594,286.59766,287.019535,286.34277,286.5869175,287.3945425,286.16406,286.240225,287.1591775,285.9404275,286.06152999999995,287.32325000000003,0.275390625,0.2998046875,0.29296875,0.3173828125,0.3369140625,0.3251953125,0.2822265625,0.310546875,0.2978515625,0.2744140625,0.2734375,0.2666015625,0.2294921875,0.2255859375,0.1328125,100929.08,100929.2325,100979.6075,100928.2325,100935.3575,100931.42,100972.8575,100992.545,100946.8575,100984.58,101020.17,100982.0175,100981.045,101000.545,100996.3925,309.10033250000004,308.2995575,304.11987,309.6589375,308.1980075,308.40503,305.315175,305.530025,308.4558,305.4108875,304.895265,307.4558,305.3562025,303.62963,305.0319825,27040388.0,27230532.0,27596100.0,27378372.0,27281732.0,27287300.0,27610532.0,27385668.0,27255780.0,27774628.0,27625860.0,27576004.0,27890180.0,27847748.0,27889828.0,85803.81,85909.81,84329.81,85667.81,85843.81,86129.81,84445.81,84507.81,86123.81,83775.81,83407.81,85115.81,83519.81,83215.81,84285.81,29585080.0,29677240.0,29748792.0,29390136.0,29524728.0,29573560.0,29066168.0,29168248.0,29278456.0,28671160.0,28703736.0,28898616.0,28506616.0,28472312.0,28803576.0,46415367.5,46440041.5,46464797.5,46423008.0,46447632.0,46471705.0,46430812.5,46455341.5,46479537.5,46437720.0,46462361.5,46486999.5,46444800.5,46469404.0,46494012.0,0.29320912,0.322505995,0.3195763075,0.37231068,0.36742787,0.3518028675,0.3947716175,0.366451305,0.32543568,0.4084434925,0.34496693,0.29418568,0.296138805,0.2971153675,0.2072716175,28.07953275,27.8451575,26.07562625,27.774845,27.72797025,28.0502355,26.41156375,26.32562625,28.0502355,25.520939,25.26507975,27.1830485,25.00922,24.9701575,26.4408605,2.025424138565946,1.792126074128681,1.96292944773301,2.3276720399514854,1.5656978541449853,0.8807943483995644,2.6650670730224144,1.9869917697510568,1.1125097278628853,3.0267795489973945,2.61536361097321,1.9896593556089075,3.071128603466766,2.8475384851072185,2.4950718381633488,2.6643388211509307,2.4046520672142817,2.6343766864550657,3.027085973905113,2.095053466501417,1.3025513081154538,3.513002287848177,2.627899458185637,1.4728765382747762,4.017321876693262,3.4642321047476097,2.4958609000707828,4.06311049796288,3.795852787083489,3.178597028147533,2.938672470301209,2.686651309665578,2.919051062364489,3.2952449063970057,2.3719727507977115,1.578623472101115,3.8080588000304942,2.8930784372098266,1.6698296555673509,4.36855079987834,3.792817864276357,2.6485510507447216,4.397406383111167,4.13798966722512,3.373876051792974
2025-05-06 10:30:00,1.4979553,1.64700317,2.9537659,1.690887435,1.65390017,1.91488649,1.90341185,1.4218445000000002,0.8872985700000001,2.5642395,1.86679075,0.5766296599999999,2.75241085,2.29940795,0.71951295,2.6374059,2.4253697,1.5138707299999998,2.9377599,2.2182164,1.05439804,3.2178502,2.6610265,1.7162022499999998,3.35890245,3.24031115,2.679276,3.1882482000000003,3.33833365,3.29725695,1.035786605,1.21742723,2.3082476,1.1725053500000002,1.165669418,1.424458505,1.35023975,0.890278805,0.52602098,1.9400835,1.20766165,0.1900835,2.11293505,1.5914506999999998,0.3014116249999999,2.04205995,1.8330755,0.89655209,2.3145208,1.72760685,0.697333327,2.4873724,2.0869818,1.3418646,2.5186224,2.5371771,2.15045835,2.37409115,2.5811224,2.6172552,1.7715168149999998,1.8298054,3.12253,1.958345415,1.887544635,2.126436275,2.1710529000000003,1.73495672,1.1461505764999995,2.818758,2.23172185,0.8786334995,2.9655476,2.62509345,1.026460645,2.84787225,2.66671995,1.84701775,3.13205195,2.4222131,1.30227903,3.4263635,2.83658075,1.8726525,3.6212487,3.43728875,2.80630725,3.46347285,3.5545373,3.44565065,33853071.0,34121872.0,34550159.0,33730703.0,33893520.0,33964433.0,33324944.0,33345935.0,33271184.0,32699023.0,32673680.0,32683409.0,32319120.0,32323984.0,32499855.0,1397.4502,1386.4502,1547.9502,1410.9502,1392.9502,1364.4502,1535.4502,1529.4502,1364.9502,1603.4502,1642.4502,1467.4502,1628.9502,1661.4502,1550.9502,300.66711,300.62024,299.15344,300.66320499999995,300.51477,300.42883500000005,299.61243,299.08313,299.948365,299.05774,298.49719000000005,299.223755,298.93664,298.671015,298.75696500000004,286.49536,286.419185,286.114505,286.33716000000004,286.41138,286.69263,286.15941999999995,286.432865,287.161385,285.95825,286.14965,286.979735,285.772705,285.96412,287.1438,0.1953125,0.212890625,0.19921875,0.236328125,0.240234375,0.228515625,0.220703125,0.23828125,0.236328125,0.220703125,0.21484375,0.205078125,0.201171875,0.181640625,0.1015625,100898.97,100904.405,100955.905,100897.905,100904.155,100896.78,100943.155,100960.28,100912.405,100956.72,100991.28,100951.095,100955.28,100972.78,100964.595,310.013665,308.935545,304.64648,310.615235,308.912115,309.23242,306.13085,306.36523,309.4121,306.228515,305.71289,308.4121,306.12695499999995,304.38476,305.884765,27630840.0,27825656.0,28199416.0,27976184.0,27878264.0,27884408.0,28213304.0,27984376.0,27852216.0,28380600.0,28229368.0,28179192.0,28498040.0,28455416.0,28499000.0,85789.06,85897.06,84321.06,85653.06,85829.06,86113.06,84433.06,84493.06,86109.06,83765.06,83397.06,85101.06,83509.06,83205.06,84273.06,30262832.0,30360880.0,30438448.0,30066480.0,30205104.0,30252848.0,29742128.0,29846192.0,29953200.0,29344048.0,29379504.0,29573936.0,29161648.0,29135024.0,29475504.0,47378655.0,47404433.0,47430265.0,47386112.0,47411840.0,47437200.0,47393705.0,47419353.0,47444785.0,47400560.0,47426273.0,47451983.0,47407777.0,47433448.0,47459128.0,0.2285453399999999,0.25588909,0.253935965,0.30471721,0.28323284,0.279326585,0.345732835,0.31643596,0.28909221,0.3613578349999999,0.30081096,0.25393596,0.2812797099999999,0.263701585,0.185576585,27.9911575,27.84272,25.9911575,27.733345,27.7411575,27.971626,26.5067825,26.4286575,28.049751,25.59272,25.3310015,27.166939,25.108345,25.03022,26.409126,2.2897298378829385,2.200521494792933,2.4762497113556883,2.5945665012505,2.084085079891745,1.5859873270022444,2.830224167581399,2.2689401455665306,1.4412836903723434,3.179211031176447,2.809931368849626,2.1588429428879192,3.178176098649479,3.0323106988420974,2.6345538046531103,3.033113905238789,2.9317294594945387,3.319116987867939,3.3896214461041057,2.7669242435518524,2.18598844835474,3.738654380971911,3.017068745634163,1.932006448029899,4.225819433195916,3.739588754542388,2.740624317371448,4.211970093911039,4.053609315072868,3.3748484824568057,3.353900442491966,3.234127872177778,3.627901345091272,3.693895800093761,3.0708209083124487,2.493523992989363,4.05628370910254,3.3250962650040257,2.195561096796792,4.588991044861134,4.098235762696429,2.9406389115031075,4.559618048757251,4.418806517412161,3.595292736006241
2025-05-06 10:45:00,2.04920575,2.123790735,3.49335865,2.2505302175,2.325542485,2.667156245,2.338970175,1.9596977500000003,1.4334525850000002,2.88685225,2.267009725,0.97007373,3.004924775,2.692424775,1.116527575,2.7843397000000003,2.75003785,1.973365565,3.06775645,2.5859143500000004,1.52146122,3.24405645,2.84729745,1.999580125,3.384040575,3.342139975,2.8694227,3.17346935,3.394264025,3.432319425,1.4606423025,1.563181365,2.7208963,1.611032925,1.6896462090000002,2.0280251525,1.683298575,1.3165993525,0.95575949,2.1745095,1.516306425,0.4782204500000001,2.296091525,1.89277125,0.5934548374999999,2.153030475,2.100296,1.283401495,2.4201202,2.027053925,1.0753936635,2.51142885,2.2418976,1.5753937,2.53681945,2.61836245,2.313674925,2.359085075,2.6237335,2.73945615,2.3669429074999995,2.3578792,3.68771315,2.5517878575,2.5990290675,2.9141536375,2.62933295,2.29751536,1.7299189382499998,3.16033885,2.647460425,1.3061213497500002,3.23556475,3.031157975,1.4548640225,3.002678125,2.983207975,2.286613675,3.264824175,2.78453855,1.7679675149999998,3.45159175,3.028282375,2.17302725,3.64418815,3.544761875,3.002769625,3.452568275,3.61638665,3.570854475,34552870.5,34830376.0,35270054.5,34431526.5,34597672.0,34666921.5,34026152.0,34047142.5,33965224.0,33396006.5,33372328.0,33380009.5,32991272.0,33007272.0,33195302.5,1397.4502,1386.4502,1547.9502,1410.9502,1392.9502,1364.4502,1535.4502,1529.4502,1364.9502,1603.4502,1642.4502,1467.4502,1628.9502,1661.4502,1550.9502,301.276055,301.13739,299.61102,301.2819175,301.170595,301.15301750000003,300.207705,299.737975,300.6510625,299.62372,299.081725,299.8532125,299.46356,299.2233225,299.3893475,286.21826,286.2563425,285.8696325,286.08838000000003,286.2251,286.365725,285.97607,286.2788125,286.9282275,285.75244,286.059075,286.8002925,285.6049825,285.86671,286.96435,0.115234375,0.1259765625,0.10546875,0.1552734375,0.1435546875,0.1318359375,0.1591796875,0.166015625,0.1748046875,0.1669921875,0.15625,0.1435546875,0.1728515625,0.1376953125,0.0703125,100868.86,100879.5775,100932.2025,100867.5775,100872.9525,100862.14,100913.4525,100928.015,100877.9525,100928.86,100962.39,100920.1725,100929.515,100945.015,100932.7975,310.9269975,309.5715325,305.17309,311.5715325,309.6262225,310.05981,306.946525,307.200435,310.3684,307.0461425,306.530515,309.3684,306.8977075,305.13989,306.7375475,28221292.0,28420780.0,28802732.0,28573996.0,28474796.0,28481516.0,28816076.0,28583084.0,28448652.0,28986572.0,28832876.0,28782380.0,29105900.0,29063084.0,29108172.0,85774.31,85884.31,84312.31,85638.31,85814.31,86096.31,84420.31,84478.31,86094.31,83754.31,83386.31,85086.31,83498.31,83194.31,84260.31,30940584.0,31044520.0,31128104.0,30742824.0,30885480.0,30932136.0,30418088.0,30524136.0,30627944.0,30016936.0,30055272.0,30249256.0,29816680.0,29797736.0,30147432.0,48341942.5,48368824.5,48395732.5,48349216.0,48376048.0,48402695.0,48356597.5,48383364.5,48410032.5,48363400.0,48390184.5,48416966.5,48370753.5,48397492.0,48424244.0,0.1638815599999999,0.1892721849999999,0.1882956224999999,0.23712374,0.1990378099999999,0.2068503025,0.2966940525,0.266420615,0.25274874,0.3142721774999999,0.25665499,0.21368624,0.2664206149999999,0.2302878025,0.1638815525,27.90278225,27.8402825,25.90668875,27.691845,27.75434475,27.8930165,26.60200125,26.53168875,28.0492665,25.664501,25.39692325,27.1508295,25.20747,25.0902825,26.3773915,2.601733299577654,2.618163338582844,3.0083876200918533,2.90730267909657,2.6389111251510498,2.2955081247228466,3.023370463772072,2.5999112876960204,1.842645248745604,3.341248941262616,3.025724226373957,2.362580465798352,3.2920083053152496,3.235206405138444,2.8029999361264664,3.4571363540984543,3.4746503798949995,4.012197192394411,3.8047359824825167,3.4778011551950323,3.0705971209532503,3.9993354110809625,3.4565181961233136,2.4603062796607658,4.448105948218454,4.038469104219763,3.0289651158293984,4.370409662582928,4.332456513393182,3.609355962075189,3.8234140044884057,3.802515502124382,4.339104789628839,4.143754114730853,3.809016543695501,3.4085188215777475,4.338994972412824,3.8011933615868014,2.777528930930976,4.823675872135248,4.424294684172235,3.2745348373616983,4.731712897564584,4.718704384860777,3.855856714867969
2025-05-06 11:00:00,2.6004562,2.6005783,4.0329514,2.810173,2.9971848,3.419426,2.7745285,2.497551,1.9796066,3.209465,2.6672287,1.3635178,3.2574387,3.0854416,1.5135422,2.9312735,3.074706,2.4328604,3.197753,2.9536123,1.9885244,3.2702627,3.0335684,2.282958,3.4091787,3.4439688,3.0595694,3.1586905,3.4501944,3.5673819,1.885498,1.9089355,3.133545,2.0495605,2.213623,2.6315918,2.0163574,1.7429199,1.385498,2.4089355,1.8249512,0.7663574,2.479248,2.1940918,0.88549805,2.264001,2.3675165,1.6702509,2.5257196,2.326501,1.453454,2.5354853,2.3968134,1.8089228,2.5550165,2.6995478,2.4768915,2.344079,2.6663446,2.8616571,2.962369,2.885953,4.2528963,3.1452303,3.3105135,3.701871,3.087613,2.860074,2.3136873,3.5019197,3.063199,1.7336092,3.5055819,3.4372225,1.8832674,3.157484,3.299696,2.7262096,3.3975964,3.146864,2.233656,3.47682,3.219984,2.473402,3.6671276,3.652235,3.199232,3.4416637,3.678236,3.6960583,35252670.0,35538880.0,35989950.0,35132350.0,35301824.0,35369410.0,34727360.0,34748350.0,34659264.0,34092990.0,34070976.0,34076610.0,33663424.0,33690560.0,33890750.0,1397.4502,1386.4502,1547.9502,1410.9502,1392.9502,1364.4502,1535.4502,1529.4502,1364.9502,1603.4502,1642.4502,1467.4502,1628.9502,1661.4502,1550.9502,301.885,301.65454,300.0686,301.90063,301.82642,301.8772,300.80298,300.39282,301.35376,300.1897,299.66626,300.48267,299.99048,299.77563,300.02173,285.94116,286.0935,285.62476,285.8396,286.03882,286.03882,285.79272,286.12476,286.69507,285.54663,285.9685,286.62085,285.43726,285.7693,286.7849,0.03515625,0.0390625,0.01171875,0.07421875,0.046875,0.03515625,0.09765625,0.09375,0.11328125,0.11328125,0.09765625,0.08203125,0.14453125,0.09375,0.0390625,100838.75,100854.75,100908.5,100837.25,100841.75,100827.5,100883.75,100895.75,100843.5,100901.0,100933.5,100889.25,100903.75,100917.25,100901.0,311.84033,310.20752,305.6997,312.52783,310.34033,310.8872,307.7622,308.03564,311.3247,307.86377,307.34814,310.3247,307.66846,305.89502,307.59033,28811744.0,29015904.0,29406048.0,29171808.0,29071328.0,29078624.0,29418848.0,29181792.0,29045088.0,29592544.0,29436384.0,29385568.0,29713760.0,29670752.0,29717344.0,85759.56,85871.56,84303.56,85623.56,85799.56,86079.56,84407.56,84463.56,86079.56,83743.56,83375.56,85071.56,83487.56,83183.56,84247.56,31618336.0,31728160.0,31817760.0,31419168.0,31565856.0,31611424.0,31094048.0,31202080.0,31302688.0,30689824.0,30731040.0,30924576.0,30471712.0,30460448.0,30819360.0,49305230.0,49333216.0,49361200.0,49312320.0,49340256.0,49368190.0,49319490.0,49347376.0,49375280.0,49326240.0,49354096.0,49381950.0,49333730.0,49361536.0,49389360.0,0.09921778,0.12265528,0.12265528,0.16953027,0.11484278,0.13437402,0.24765527,0.21640527,0.21640527,0.26718652,0.21249902,0.17343652,0.25156152,0.19687402,0.14218652,27.814407,27.837845,25.82222,27.650345,27.767532,27.814407,26.69722,26.63472,28.048782,25.736282,25.462845,27.13472,25.306595,25.150345,26.345657,2.946320287410213,3.0412446664042827,3.550893174396522,3.2526846974437,3.211344529808348,3.006294052807084,3.23950349143983,2.963525645617997,2.2785535772423344,3.51156369135354,3.2585280736655133,2.5927389315754508,3.411946219351208,3.453032341692791,2.995528025997121,3.9185120619848415,4.027011855069077,4.709937018756208,4.257076055103784,4.207961780252089,3.955591417079292,4.288662556593086,3.9294144901091257,3.0217113562561795,4.682217956776327,4.356033750268371,3.3496485941562884,4.537425763475138,4.628584153367195,3.875180461814449,4.329588352536185,4.383687763815416,5.051667617894693,4.629917379104194,4.567521501665674,4.323548083111485,4.649906595854265,4.306776084930815,3.3868667490447995,5.0706278131933376,4.766760808853954,3.638747895657054,4.9126523876115336,5.03427438527165,4.14819756724552
2025-05-06 11:15:00,2.8659663,2.657989025,3.94253495,3.14819285,3.2459102,3.609283,3.053466325,2.79653885,2.21673535,3.43966625,2.911101825,1.4902034,3.417968275,3.268401625,1.63836625,2.89763025,3.126664575,2.67076255,3.2314315,3.141709775,2.352464175,3.25828695,3.155869975,2.519822575,3.3618941,3.4755721,3.189500375,3.1793075,3.43287805,3.61656335,2.1038234,1.939272625,3.044253175,2.316714025,2.3928859,2.7581203,2.228335125,1.97003435,1.554507,2.584780425,2.02325705,0.8591945,2.597964,2.34552265,0.9856593625,2.22318895,2.406294325,1.879438875,2.54350135,2.4722124,1.75688025,2.525923275,2.489302175,2.001509225,2.516645875,2.715864675,2.578657625,2.367720125,2.645552125,2.89750525,3.22568925,2.9597590250000003,4.177532425,3.4914972250000003,3.578960625,3.9118465,3.374248675,3.168804375,2.567058775,3.737163775,3.305156925,1.8675349,3.673809325,3.618206275,2.01102855,3.13215395,3.358319775,2.9564032,3.4319587,3.337812,2.59080275,3.4590888,3.3446478500000003,2.712262625,3.613111,3.68729925,3.337537225,3.45017765,3.66212225,3.7547126,35887562.5,36190540.0,36672330.0,35786698.5,35976140.5,36053965.0,35398860.0,35435466.5,35343435.5,34769098.5,34762188.0,34763085.0,34335308.0,34379212.5,34580298.5,1397.4502,1386.4502,1547.9502,1410.9502,1392.9502,1364.4502,1535.4502,1529.4502,1364.9502,1603.4502,1642.4502,1467.4502,1628.9502,1661.4502,1550.9502,302.309625,302.10553,300.3652925,302.32623,302.3047525,302.32135,301.25006,300.94048999999995,301.9483025,300.641665,300.21978750000005,301.1084625,300.41607750000003,300.2813075,300.5986975,285.76831000000004,285.96069,285.58765,285.700925,285.8718275,285.89624,285.67749,285.948,286.4636275,285.3698725,285.76245,286.3972175,285.185305,285.5818,286.62475,0.02685546875,0.0302734375,0.01171875,0.0556640625,0.03564453125,0.02783203125,0.0732421875,0.0703125,0.0849609375,0.0849609375,0.0732421875,0.0615234375,0.10888671875,0.0703125,0.029296875,100802.015,100816.4525,100878.4525,100801.265,100802.265,100788.7025,100847.015,100853.0775,100797.9525,100864.39,100890.765,100842.5775,100865.3275,100876.515,100856.265,312.2874125,310.77765,306.0588925,312.9514725,310.8030375,311.24444,308.2796,308.57843,311.87725,308.4299925,307.98468,311.0432675,308.28351,306.51007,308.2522575,29511880.0,29721032.0,30120264.0,29880008.0,29777672.0,29785928.0,30132776.0,29890792.0,29751880.0,30310152.0,30150728.0,30099336.0,30433608.0,30389896.0,30437960.0,85737.1075,85849.1075,84285.1075,85601.1075,85777.1075,86055.1075,84385.1075,84441.1075,86051.1075,83723.1075,83353.1075,85045.1075,83467.1075,83161.1075,84223.1075,32338816.0,32461887.5,32576384.0,32154752.0,32315584.5,32371264.0,31844223.5,31963136.0,32063616.0,31446400.5,31498560.0,31689024.5,31229440.0,31228672.0,31587264.0,50409886.5,50438516.0,50467040.0,50416727.5,50445232.0,50474190.0,50423525.0,50452139.5,50480900.0,50430227.5,50458908.0,50487298.5,50437501.5,50465896.0,50494252.5,0.1127464525,0.1303245775,0.121535515,0.1703636325,0.1244652025,0.13032457,0.2445823825,0.2035667575,0.18891832,0.2523948825,0.1996605075,0.1547386325,0.2270042574999999,0.186965195,0.13813707,27.89383275,27.90164575,25.83914575,27.72195825,27.8078955,27.817661,26.688755,26.669224,28.098911,25.786411,25.59500525,27.26688,25.35477075,25.31570825,26.55398925,3.0608237462796946,3.090474185719984,3.577676323867049,3.440430640353548,3.440601267385189,3.270146143846197,3.3683476394955867,3.1745331402648254,2.534271333304526,3.607574851006933,3.386663553305459,2.718030598760965,3.515041327726605,3.5355936627043327,3.0605654792311614,4.075539706400952,4.1037710732423145,4.761990595376476,4.511459604161758,4.517330332928354,4.308249234752724,4.4654328397647305,4.21665090310614,3.3561021172513885,4.809743844634959,4.533664660935648,3.520457188419808,4.668029917263033,4.739947350812501,3.970362002853428,4.49616052916999,4.4764366629301255,5.117821513387959,4.895803651157631,4.893868419016227,4.6919933854354285,4.832271665275525,4.607384334688041,3.7344556900941255,5.198169310391232,4.951791398870314,3.8245053707608654,5.039900869364047,5.148063327348882,4.259354709050875
2025-05-06 11:30:00,3.1314764,2.71539975,3.8521185,3.4862127,3.4946356,3.79914,3.3324041500000003,3.0955267,2.4538641,3.6698675,3.15497495,1.616889,3.57849785,3.45136165,1.7631903000000002,2.863987,3.17862315,2.9086647,3.26511,3.32980725,2.71640395,3.2463112,3.27817155,2.75668715,3.3146095,3.5071754,3.31943135,3.1999245,3.4155617,3.6657448,2.3221488,1.96960975,2.95496135,2.58386755,2.5721488,2.8846488,2.44031285,2.1971488,1.723516,2.76062535,2.2215629000000003,0.9520316,2.71668,2.4969535,1.085820675,2.1823769,2.44507215,2.08862685,2.5612831,2.6179238,2.0603065,2.51636125,2.5817909500000003,2.19409565,2.47827525,2.73218155,2.68042375,2.39136125,2.62475965,2.9333534,3.4890095,3.03356505,4.10216855,3.83776415,3.84740775,4.121822,3.66088435,3.47753475,2.82043025,3.97240785,3.54711485,2.0014606,3.84203675,3.79919005,2.1387897,3.1068239,3.41694355,3.1865968,3.466321,3.52876,2.9479495,3.4413576,3.4693117,2.95112325,3.5590944,3.7223635,3.47584245,3.4586916,3.6460085,3.8133669,36522455.0,36842200.0,37354710.0,36441047.0,36650457.0,36738520.0,36070360.0,36122583.0,36027607.0,35445207.0,35453400.0,35449560.0,35007192.0,35067865.0,35269847.0,1397.4502,1386.4502,1547.9502,1410.9502,1392.9502,1364.4502,1535.4502,1529.4502,1364.9502,1603.4502,1642.4502,1467.4502,1628.9502,1661.4502,1550.9502,302.73425,302.55652,300.661985,302.75183,302.783085,302.7655,301.69714,301.48816,302.542845,301.09363,300.773315,301.734255,300.841675,300.786985,301.175665,285.59546,285.82788,285.55054,285.56225,285.704835,285.75366,285.56226,285.77124,286.232185,285.19311500000003,285.5564,286.173585,284.93335,285.3943,286.4646,0.0185546875,0.021484375,0.01171875,0.037109375,0.0244140625,0.0205078125,0.048828125,0.046875,0.056640625,0.056640625,0.048828125,0.041015625,0.0732421875,0.046875,0.01953125,100765.28,100778.155,100848.405,100765.28,100762.78,100749.905,100810.28,100810.405,100752.405,100827.78,100848.03,100795.905,100826.905,100835.78,100811.53,312.73449500000004,311.34778,306.418085,313.375115,311.26574500000004,311.60168,308.797,309.12122,312.4298,308.996215,308.62122,311.761835,308.89856,307.12512,308.914185,30212016.0,30426160.0,30834480.0,30588208.0,30484016.0,30493232.0,30846704.0,30599792.0,30458672.0,31027760.0,30865072.0,30813104.0,31153456.0,31109040.0,31158576.0,85714.655,85826.655,84266.655,85578.655,85754.655,86030.655,84362.655,84418.655,86022.655,83702.655,83330.655,85018.655,83446.655,83138.655,84198.655,33059296.0,33195615.0,33335008.0,32890336.0,33065313.0,33131104.0,32594399.0,32724192.0,32824544.0,32202977.0,32266080.0,32453473.0,31987168.0,31996896.0,32355168.0,51514543.0,51543816.0,51572880.0,51521135.0,51550208.0,51580190.0,51527560.0,51556903.0,51586520.0,51534215.0,51563720.0,51592647.0,51541273.0,51570256.0,51599145.0,0.126275125,0.137993875,0.12041575,0.171196995,0.134087625,0.12627512,0.241509495,0.190728245,0.16143137,0.237603245,0.186821995,0.136040745,0.202446995,0.17705637,0.13408762,27.9732585,27.9654465,25.8560715,27.7935715,27.848259,27.820915,26.68029,26.703728,28.14904,25.83654,25.7271655,27.39904,25.4029465,25.4810715,26.7623215,3.186713665046649,3.139703869157199,3.6185851791183175,3.6382059636981263,3.670078265098427,3.544864112104114,3.505310363773326,3.3901485747446736,2.7900829958273503,3.709838343893866,3.521385769951485,2.844474581880215,3.6192483819712575,3.6227254935242295,3.127869675601753,4.243650077459964,4.180555098550429,4.826919025120303,4.776465461169094,4.827017122296121,4.670365634420458,4.6522525539981885,4.508735328408876,3.6906331522171,4.945155569347288,4.71743004415462,3.692283104758331,4.80053785196564,4.855714053112849,4.067741999284263,4.671781462857767,4.569247217700975,5.194437984842955,5.171442250094863,5.22060279396547,5.067526305233575,5.024441894892673,4.912165674039756,4.08215080953725,5.333589511281589,5.141790912242812,4.010900805377062,5.169506163286888,5.265664537177739,4.372206364622066
2025-05-06 11:45:00,3.3969865,2.772810475,3.76170205,3.82423255,3.743361,3.988997,3.611341975,3.39451455,2.69099285,3.90006875,3.398848075,1.7435746,3.739027425,3.634321675,1.88801435,2.83034375,3.230581725,3.14656685,3.2987885,3.517904725,3.080343725,3.23433545,3.400473125,2.993551725,3.2673249,3.5387787,3.449362325,3.2205415,3.39824535,3.71492625,2.5404742,1.999946875,2.865669525,2.851021075,2.7514117,3.0111773,2.652290575,2.42426325,1.892525,2.936470275,2.41986875,1.0448687,2.835396,2.64838435,1.1859819875,2.14156485,2.483849975,2.297814825,2.57906485,2.7636352,2.36373275,2.506799225,2.674279725,2.386682075,2.439904625,2.748498425,2.782189875,2.415002375,2.603967175,2.96920155,3.75232975,3.107371075,4.026804675,4.184031075,4.115854875,4.3317975,3.947520025,3.786265125,3.073801725,4.207651925,3.789072775,2.1353863000000004,4.010264175,3.980173825,2.26655085,3.08149385,3.475567325,3.4167904,3.5006833,3.719708,3.30509625,3.4236264,3.59397555,3.189983875,3.5050778,3.75742775,3.614147675,3.46720555,3.62989475,3.8720212,37157347.5,37493860.0,38037090.0,37095395.5,37324773.5,37423075.0,36741860.0,36809699.5,36711778.5,36121315.5,36144612.0,36136035.0,35679076.0,35756517.5,35959395.5,1397.4502,1386.4502,1547.9502,1410.9502,1392.9502,1364.4502,1535.4502,1529.4502,1364.9502,1603.4502,1642.4502,1467.4502,1628.9502,1661.4502,1550.9502,303.158875,303.00751,300.9586775,303.17743,303.2614175,303.20965,302.14422,302.03583000000003,303.1373875,301.54559500000005,301.3268425,302.3600475,301.2672725,301.2926625,301.7526325,285.42261,285.69507,285.51343,285.423575,285.5378425,285.61108,285.44703,285.59448,286.0007425,285.0163575,285.35035,285.9499525,284.681395,285.2068,286.30445,0.01025390625,0.0126953125,0.01171875,0.0185546875,0.01318359375,0.01318359375,0.0244140625,0.0234375,0.0283203125,0.0283203125,0.0244140625,0.0205078125,0.03759765625,0.0234375,0.009765625,100728.545,100739.8575,100818.3575,100729.295,100723.295,100711.1075,100773.545,100767.7325,100706.8575,100791.17,100805.295,100749.2325,100788.4825,100795.045,100766.795,313.1815775,311.91791,306.7772775,313.7987575,311.7284525,311.95892000000003,309.3144,309.66401,312.98235,309.5624375,309.25776,312.4804025,309.51361,307.74017,309.5761125,30912152.0,31131288.0,31548696.0,31296408.0,31190360.0,31200536.0,31560632.0,31308792.0,31165464.0,31745368.0,31579416.0,31526872.0,31873304.0,31828184.0,31879192.0,85692.2025,85804.2025,84248.2025,85556.2025,85732.2025,86006.2025,84340.2025,84396.2025,85994.2025,83682.2025,83308.2025,84992.2025,83426.2025,83116.2025,84174.2025,33779776.0,33929342.5,34093632.0,33625920.0,33815041.5,33890944.0,33344574.5,33485248.0,33585472.0,32959553.5,33033600.0,33217921.5,32744896.0,32765120.0,33123072.0,52619199.5,52649116.0,52678720.0,52625542.5,52655184.0,52686190.0,52631595.0,52661666.5,52692140.0,52638202.5,52668532.0,52697995.5,52645044.5,52674616.0,52704037.5,0.1398037975,0.1456631725,0.119295985,0.1720303575,0.1437100475,0.12222567,0.2384366075,0.1778897325,0.13394442,0.2228116075,0.1739834825,0.1173428575,0.1778897325,0.167147545,0.13003817,28.05268425,28.02924725,25.87299725,27.86518475,27.8886225,27.824169,26.671825,26.738232,28.199169,25.886669,25.85932575,27.5312,25.45112225,25.64643475,26.97065375,3.322696069101289,3.188933709114971,3.6731478048811903,3.844463118642144,3.899736640027879,3.8281093565176336,3.649477722728888,3.609546280745911,3.0459649050426214,3.817851785370271,3.661967826108532,2.9719238046747103,3.724474049858804,3.7141061796618575,3.197297471177315,4.421579245512435,4.257362588760053,4.904210971654169,5.050421780823039,5.136964593074234,5.039902234186282,4.847960051766475,4.804783710429531,4.025269487748814,5.087823528473307,4.906640696495403,3.86499066427004,4.934796210394547,4.975576900839884,4.16716633082302,4.855469380021141,4.6621157459199045,5.2810616856967325,5.455355130829206,5.547656167907783,5.448681565550543,5.225335594442998,5.220389243225937,4.429927106327257,5.476303963989677,5.3362286111744,4.197849219175886,5.301295415201762,5.386828340804327,4.486624669936762
2025-05-06 12:00:00,3.6624966,2.8302212,3.6712856,4.1622524,3.9920864,4.178854,3.8902798,3.6935024,2.9281216,4.13027,3.6427212,1.8702602,3.899557,3.8172817,2.0128384,2.7967005,3.2825403,3.384469,3.332467,3.7060022,3.4442835,3.2223597,3.5227747,3.2304163,3.2200403,3.570382,3.5792933,3.2411585,3.380929,3.7641077,2.7587996,2.030284,2.7763777,3.1181746,2.9306746,3.1377058,2.8642683,2.6513777,2.061534,3.1123152,2.6181746,1.1377058,2.954112,2.7998152,1.2861433,2.1007528,2.5226278,2.5070028,2.5968466,2.9093466,2.667159,2.4972372,2.7667685,2.5792685,2.401534,2.7648153,2.883956,2.4386435,2.5831747,3.0050497,4.01565,3.1811771,3.9514408,4.530298,4.384302,4.541773,4.2341557,4.0949955,3.3271732,4.442896,4.0310307,2.269312,4.1784916,4.1611576,2.394312,3.0561638,3.5341911,3.646984,3.5350456,3.910656,3.662243,3.4058952,3.7186394,3.4288445,3.4510612,3.792492,3.7524529,3.4757195,3.613781,3.9306755,37792240.0,38145520.0,38719470.0,37749744.0,37999090.0,38107630.0,37413360.0,37496816.0,37395950.0,36797424.0,36835824.0,36822510.0,36350960.0,36445170.0,36648944.0,1397.4502,1386.4502,1547.9502,1410.9502,1392.9502,1364.4502,1535.4502,1529.4502,1364.9502,1603.4502,1642.4502,1467.4502,1628.9502,1661.4502,1550.9502,303.5835,303.4585,301.25537,303.60303,303.73975,303.6538,302.5913,302.5835,303.73193,301.99756,301.88037,302.98584,301.69287,301.79834,302.3296,285.24976,285.56226,285.47632,285.2849,285.37085,285.4685,285.3318,285.41772,285.7693,284.8396,285.1443,285.72632,284.42944,285.0193,286.1443,0.001953125,0.00390625,0.01171875,0.0,0.001953125,0.005859375,0.0,0.0,0.0,0.0,0.0,0.0,0.001953125,0.0,0.0,100691.81,100701.56,100788.31,100693.31,100683.81,100672.31,100736.81,100725.06,100661.31,100754.56,100762.56,100702.56,100750.06,100754.31,100722.06,313.62866,312.48804,307.13647,314.2224,312.19116,312.31616,309.8318,310.2068,313.5349,310.12866,309.8943,313.19897,310.12866,308.35522,310.23804,31612288.0,31836416.0,32262912.0,32004608.0,31896704.0,31907840.0,32274560.0,32017792.0,31872256.0,32462976.0,32293760.0,32240640.0,32593152.0,32547328.0,32599808.0,85669.75,85781.75,84229.75,85533.75,85709.75,85981.75,84317.75,84373.75,85965.75,83661.75,83285.75,84965.75,83405.75,83093.75,84149.75,34500256.0,34663070.0,34852256.0,34361504.0,34564770.0,34650784.0,34094750.0,34246304.0,34346400.0,33716130.0,33801120.0,33982370.0,33502624.0,33533344.0,33890976.0,53723856.0,53754416.0,53784560.0,53729950.0,53760160.0,53792190.0,53735630.0,53766430.0,53797760.0,53742190.0,53773344.0,53803344.0,53748816.0,53778976.0,53808930.0,0.15333247,0.15333247,0.11817622,0.17286372,0.15333247,0.11817622,0.23536372,0.16505122,0.10645747,0.20801997,0.16114497,0.09864497,0.15333247,0.15723872,0.12598872,28.13211,28.093048,25.889923,27.936798,27.928986,27.827423,26.66336,26.772736,28.249298,25.936798,25.991486,27.66336,25.499298,25.811798,27.178986,3.4675838215777857,3.2381636984545485,3.740766789344816,4.057908956595345,4.129546131237272,4.118122729914036,3.8000298061263584,3.8320766746830026,3.30190072961745,3.931141241078351,3.8077607434290366,3.1002542955844183,3.8306343898414856,3.8094299684954342,3.2687135523941184,4.608189995183771,4.334192296386205,4.993292337599348,5.331949113353836,5.447128246284439,5.415340209228618,5.051522439668276,5.104106343500872,4.359986877926612,5.23715474341976,5.10069067547263,4.038466756471932,5.070665954129818,5.099247050319869,4.268492146146441,5.046343438067849,4.755038850827996,5.377209005809672,5.746315981816816,5.874975266121552,5.834357357462602,5.43398533354899,5.531479651255403,4.777766853664846,5.625757573248374,5.534636760836838,4.38527989073245,5.435109759144779,5.511319777330904,4.602492785398392
2025-05-06 12:15:00,3.83178495,3.0812967,3.7463357,4.26415805,4.1953103,4.310788875,3.988889475,3.95452665,3.21276645,4.1625345000000005,3.86126495,2.16705105,3.963865,3.97015165,2.22356965,2.728187825,3.092079375,3.24112725,3.241462875,3.562050075,3.3961870750000003,3.2319415,3.519630675,3.306617975,3.1900103,3.5089189,3.617653175,3.230110425,3.319130175,3.738411175,2.899260075,2.25277575,2.8382249,3.200041325,3.10043195,3.244474875,2.930998325,2.8538499,2.28597885,3.13119365,2.79574445,1.3899827,2.997892825,2.92025615,1.468595975,2.04311775,2.346828675,2.38149665,2.5211451250000003,2.7818873,2.621731,2.5079615,2.759426375,2.634426375,2.3819849,2.711574775,2.91128185,2.435207625,2.5367701,2.9796412,4.179994,3.424256575,4.0344861,4.635621125,4.584778925,4.67578255,4.3452771,4.362733125,3.619508,4.48278935,4.24987915,2.5662244000000003,4.25201535,4.314576375,2.599671675,2.983391525,3.350456925,3.510369,3.443077775,3.7685478,3.614830825,3.41332315,3.7114494,3.503014375,3.41960975,3.726616675,3.79137495,3.45714645,3.5435417,3.910851225,38473107.5,38830867.5,39423250.0,38408980.5,38663957.5,38789138.5,38068116.0,38162196.0,38077970.0,37462292.0,37520660.5,37526290.0,37022996.0,37143830.0,37367060.5,1397.4502,1386.4502,1547.9502,1410.9502,1392.9502,1364.4502,1535.4502,1529.4502,1364.9502,1603.4502,1642.4502,1467.4502,1628.9502,1661.4502,1550.9502,303.9696075,303.94421750000004,301.7244875,303.9344475,304.0955875,304.058465,302.9012375,302.90125,304.147335,302.29870750000003,302.18444750000003,303.4315175,302.0311275,302.097535,302.756725,285.14545,285.39447,285.34564,285.208915,285.2724,285.35735750000003,285.250925,285.312435,285.63569,284.71869000000004,285.002875,285.53412,284.2186875,284.8241675,285.89741,0.001708984375,0.00341796875,0.009521484375,0.00048828125,0.002197265625,0.0048828125,0.00048828125,0.00048828125,0.00048828125,0.001220703125,0.002197265625,0.002685546875,0.002685546875,0.003173828125,0.003662109375,100650.7175,100654.53,100739.905,100653.8425,100641.9675,100626.9675,100697.7175,100684.905,100615.4675,100715.53,100723.03,100656.2175,100710.9675,100714.5925,100676.8425,314.17187,313.10938,307.667965,314.658195,312.57617000000005,312.72460750000005,310.13087,310.441415,313.8417875,310.4863275,310.18165,313.6445275,310.47460750000005,308.6914025,310.69922,32372128.5,32600799.5,33036064.0,32772608.5,32662432.0,32674207.5,33048032.5,32785791.5,32637759.5,33240192.0,33067040.0,33013152.5,33372736.5,33325152.0,33378783.5,85640.53125,85750.53125,84198.53125,85506.53125,85680.53125,85952.53125,84292.53125,84346.53125,85936.53125,83636.53125,83260.53125,84936.53125,83380.53125,83068.53125,84122.53125,35311236.0,35476290.0,35678979.5,35153092.0,35360133.5,35459524.0,34881602.5,35042052.0,35156996.0,34512070.0,34614916.0,34812421.5,34306564.0,34358915.5,34732676.0,54903988.0,54934979.5,54965232.5,54909870.0,54940587.5,54972350.0,54915442.5,54946590.0,54977920.0,54921675.0,54953072.0,54983340.5,54927952.0,54958239.5,54988573.5,0.1846415175,0.1778055774999999,0.1309305825,0.1797587075,0.16120402,0.124094645,0.2246805825,0.17682902,0.12604777,0.2266337024999999,0.1905008925,0.1436258925,0.1817118274999999,0.1758524575,0.16218058,28.0941615,28.01799,25.90470875,28.06095875,27.99259975,27.89299,26.78361475,26.87345925,28.3226775,26.016037,26.0648655,27.73869275,25.45549,25.75627125,27.1293185,3.5468350853759847,3.2530913620109594,3.705002952352566,4.073872509421352,4.165522203335627,4.171341588849716,3.857540935185919,3.969747242681283,3.4879652561261216,3.934237631057424,3.8947175494664696,3.226083370968381,3.8623305874878993,3.8682164523029,3.321902439645638,4.703784084279882,4.365242744078648,4.953780074628572,5.356316406391903,5.503528799787786,5.48789462118405,5.133876225931828,5.293966482134278,4.61037858476272,5.244316845671736,5.217459042568107,4.217051665309981,5.113300215704011,5.174816831791562,4.349710346881273,5.135462474936198,4.790730079821987,5.347875148809497,5.7744062707126185,5.934825213265257,5.910156034171575,5.525595714681842,5.727852736299409,5.037057461804524,5.638185097952043,5.6523574402184416,4.57821271705923,5.480100009432603,5.583212075082499,4.696067516750723
2025-05-06 12:30:00,4.0010733,3.3323722,3.8213858,4.3660637,4.3985342,4.442723750000001,4.08749915,4.2155509,3.4974113,4.194799,4.0798087,2.4638419,4.028173,4.1230216,2.4343009,2.65967515,2.90161845,3.0977855,3.15045875,3.41809795,3.34809065,3.2415233,3.51648665,3.38281965,3.1599803,3.4474558,3.65601305,3.21906235,3.2573313500000003,3.71271465,3.03972055,2.4752675,2.9000721,3.28190805,3.2701893,3.35124395,2.99772835,3.0563221,2.5104237,3.1500721,2.9733143,1.6422596,3.04167365,3.0406971,1.65104865,1.9854827,2.17102955,2.2559905,2.44544365,2.654428,2.576303,2.5186858,2.75208425,2.68958425,2.3624358,2.65833425,2.9386077,2.43177175,2.4903655,2.9542327,4.3443380000000005,3.66733605,4.1175314,4.74094425,4.78525585,4.8097921,4.4563985,4.63047075,3.9118428,4.522682700000001,4.468727599999999,2.8631368000000004,4.3255391,4.46799515,2.80503135,2.91061925,3.16672275,3.373754,3.35110995,3.6264396,3.56741865,3.4207511,3.7042594,3.57718425,3.3881583,3.66074135,3.830297,3.4385734,3.4733024,3.89102695,39153975.0,39516215.0,40127030.0,39068217.0,39328825.0,39470647.0,38722872.0,38827576.0,38759990.0,38127160.0,38205497.0,38230070.0,37695032.0,37842490.0,38085177.0,1397.4502,1386.4502,1547.9502,1410.9502,1392.9502,1364.4502,1535.4502,1529.4502,1364.9502,1603.4502,1642.4502,1467.4502,1628.9502,1661.4502,1550.9502,304.35571500000003,304.429935,302.19360500000005,304.265865,304.451425,304.46313,303.211175,303.219,304.56274,302.59985500000005,302.488525,303.87719500000003,302.369385,302.39673,303.18385,285.04114,285.22668,285.21496,285.13293,285.17395,285.246215,285.17005,285.20715,285.50208,284.59778,284.86145,285.34192,284.007935,284.629035,285.65052000000003,0.00146484375,0.0029296875,0.00732421875,0.0009765625,0.00244140625,0.00390625,0.0009765625,0.0009765625,0.0009765625,0.00244140625,0.00439453125,0.00537109375,0.00341796875,0.00634765625,0.00732421875,100609.625,100607.5,100691.5,100614.375,100600.125,100581.625,100658.625,100644.75,100569.625,100676.5,100683.5,100609.875,100671.875,100674.875,100631.625,314.71508,313.73072,308.19946,315.09399,312.96118,313.133055,310.42994,310.67603,314.148675,310.843995,310.469,314.090085,310.820555,309.027585,311.1604,33131969.0,33365183.0,33809216.0,33540609.0,33428160.0,33440575.0,33821505.0,33553791.0,33403263.0,34017408.0,33840320.0,33785665.0,34152321.0,34102976.0,34157759.0,85611.3125,85719.3125,84167.3125,85479.3125,85651.3125,85923.3125,84267.3125,84319.3125,85907.3125,83611.3125,83235.3125,84907.3125,83355.3125,83043.3125,84095.3125,36122216.0,36289510.0,36505703.0,35944680.0,36155497.0,36268264.0,35668455.0,35837800.0,35967592.0,35308010.0,35428712.0,35642473.0,35110504.0,35184487.0,35574376.0,56084120.0,56115543.0,56145905.0,56089790.0,56121015.0,56152510.0,56095255.0,56126750.0,56158080.0,56101160.0,56132800.0,56163337.0,56107088.0,56137503.0,56168217.0,0.215950565,0.2022786849999999,0.143684945,0.186653695,0.16907557,0.13001307,0.213997445,0.18860682,0.14563807,0.2452474349999999,0.219856815,0.188606815,0.2100911849999999,0.194466195,0.19837244,28.056213,27.942932,25.9194945,28.1851195,28.0562135,27.958557,26.9038695,26.9741825,28.396057,26.095276,26.138245,27.8140255,25.411682,25.7007445,27.079651,3.630708274440621,3.29246389555443,3.674222546510848,4.092812614080948,4.2119029030853135,4.227076195222959,3.915373982075705,4.112793758267787,3.6791426435203287,3.937519161136876,3.988400545495344,3.366367747037072,3.8942640430769946,3.930363746212132,3.3842949768624058,4.80442082414732,4.418607711566308,4.9192747876543645,5.384041471600052,5.57050237450482,5.56304820394642,5.216811536340336,5.489676470441499,4.865732687457647,5.251839120421444,5.3413285352568725,4.408735457017795,5.156407676970133,5.254475676769223,4.439602566003565,5.2292424954972745,4.845357229245039,5.323183341056549,5.805729091044213,6.004143379567762,5.988370051156678,5.617920049177761,5.929822684456418,5.300826468614107,5.651041980974676,5.776725161767831,4.782125828930398,5.525764701180858,5.659223464599122,4.79669590448562
2025-05-06 12:45:00,4.17036165,3.5834477,3.8964359,4.46796935,4.6017581,4.5746586250000005,4.186108825,4.47657515,3.78205615,4.2270635,4.298352449999999,2.76063275,4.092481,4.27589155,2.64503215,2.591162475,2.711157525,2.9544437500000003,3.059454625,3.274145825,3.299994225,3.2511051,3.513342625,3.459021325,3.1299503,3.3859927,3.694372925,3.208014275,3.195532525,3.687018125,3.180181025,2.69775925,2.9619193,3.363774775,3.43994665,3.458013025,3.064458375,3.2587943,2.73486855,3.16895055,3.15088415,1.8945365,3.085454475,3.16113805,1.833501325,1.92784765,1.995230425,2.13048435,2.369742175,2.5269687,2.530875,2.5294101,2.744742125,2.744742125,2.3428867,2.605093725,2.96593355,2.428335875,2.4439609,2.9288242,4.508682,3.910415525,4.2005767,4.846267375,4.985732775,4.94380165,4.5675199,4.898208374999999,4.2041776,4.5625760500000005,4.68757605,3.1600492,4.39906285,4.621413925000001,3.010391025,2.837846975,2.9829885750000003,3.237139,3.2591421250000003,3.4843314,3.520006475,3.42817905,3.6970694,3.651354125,3.35670685,3.594866025,3.86921905,3.42000035,3.4030631,3.871202675,39834842.5,40201562.5,40830810.0,39727453.5,39993692.5,40152155.5,39377628.0,39492956.0,39442010.0,38792028.0,38890333.5,38933850.0,38367068.0,38541150.0,38803293.5,1397.4502,1386.4502,1547.9502,1410.9502,1392.9502,1364.4502,1535.4502,1529.4502,1364.9502,1603.4502,1642.4502,1467.4502,1628.9502,1661.4502,1550.9502,304.7418225,304.9156525,302.66272250000003,304.5972825,304.8072625,304.867795,303.5211125,303.53675,304.978145,302.9010025,302.7926025,304.3228725,302.7076425,302.695925,303.610975,284.93683,285.05889,285.08428,285.056945,285.07550000000003,285.1350725,285.089175,285.101865,285.36847,284.47687,284.720025,285.14972,283.7971825,284.4339025,285.40363,0.001220703125,0.00244140625,0.005126953125,0.00146484375,0.002685546875,0.0029296875,0.00146484375,0.00146484375,0.00146484375,0.003662109375,0.006591796875,0.008056640625,0.004150390625,0.009521484375,0.010986328125,100568.5325,100560.47,100643.095,100574.9075,100558.2825,100536.2825,100619.5325,100604.595,100523.7825,100637.47,100643.97,100563.5325,100632.7825,100635.1575,100586.4075,315.25829,314.35206000000005,308.730955,315.529785,313.34619,313.5415025,310.72901,310.910645,314.4555625,311.2016625,310.75635,314.5356425,311.1665025,309.3637675,311.62158,33891809.5,34129566.5,34582368.0,34308609.5,34193888.0,34206942.5,34594977.5,34321790.5,34168766.5,34794624.0,34613600.0,34558177.5,34931905.5,34880800.0,34936734.5,85582.09375,85688.09375,84136.09375,85452.09375,85622.09375,85894.09375,84242.09375,84292.09375,85878.09375,83586.09375,83210.09375,84878.09375,83330.09375,83018.09375,84068.09375,36933196.0,37102730.0,37332426.5,36736268.0,36950860.5,37077004.0,36455307.5,36633548.0,36778188.0,36103950.0,36242508.0,36472524.5,35914444.0,36010058.5,36416076.0,57264252.0,57296106.5,57326577.5,57269710.0,57301442.5,57332670.0,57275067.5,57306910.0,57338240.0,57280645.0,57312528.0,57343333.5,57286224.0,57316766.5,57347860.5,0.2472596125,0.2267517925,0.1564393074999999,0.1935486824999999,0.1769471199999999,0.1359314949999999,0.2033143074999999,0.2003846199999999,0.1652283699999999,0.2638611675,0.2492127375,0.2335877375,0.2384705425,0.2130799324999999,0.2345643,28.0182645,27.867874,25.93428025,28.30928025,28.11982725,28.024124,27.02412425,27.07490575,28.4694365,26.174515,26.2116245,27.88935825,25.367874,25.64521775,27.0299835,3.718890683171606,3.355420900543811,3.648551699689537,4.11468816715192,4.2683490679214495,4.285228389093708,3.97351489063394,4.260674784874106,3.874676156600525,3.940985368836352,4.088347373053763,3.5193792595922155,3.9264289677911584,3.995715036371665,3.455392640971847,4.909790144562072,4.493492243678564,4.889882472485701,5.415072734042758,5.647672838814279,5.64069706865386,5.300301073145646,5.69063278328864,5.125307527218008,5.25972002234932,5.471816914780162,4.611885134014682,5.199976569559211,5.338040526793917,4.537653328385955,5.327437360555321,4.918289379117658,5.303198423395441,5.840232432098821,6.0826060704878095,6.068906024860218,5.710923711253278,6.136836924127648,5.5684375042282985,5.664325298645068,5.907320116790092,4.995674829620473,5.572087252749211,5.739190285115621,4.903943747059881
2025-05-06 13:00:00,4.33965,3.8345232,3.971486,4.569875,4.804982,4.7065935,4.2847185,4.7375994,4.066701,4.259328,4.5168962,3.0574236,4.156789,4.4287615,2.8557634,2.5226498,2.5206966,2.811102,2.9684505,3.1301937,3.2518978,3.2606869,3.5101986,3.535223,3.0999203,3.3245296,3.7327328,3.1969662,3.1337337,3.6613216,3.3206415,2.920251,3.0237665,3.4456415,3.609704,3.5647821,3.1311884,3.4612665,2.9593134,3.187829,3.328454,2.1468134,3.1292353,3.281579,2.015954,1.8702126,1.8194313,2.0049782,2.2940407,2.3995094,2.485447,2.5401344,2.7374,2.7999,2.3233376,2.5518532,2.9932594,2.4249,2.3975563,2.9034157,4.673026,4.153495,4.283622,4.9515905,5.1862097,5.0778112,4.6786413,5.165946,4.4965124,4.6024694,4.9064245,3.4569616,4.4725866,4.7748327,3.2157507,2.7650747,2.7992544,3.100524,3.1671743,3.3422232,3.4725943,3.435607,3.6898794,3.725524,3.3252554,3.5289907,3.9081411,3.4014273,3.3328238,3.8513784,40515710.0,40886910.0,41534590.0,40386690.0,40658560.0,40833664.0,40032384.0,40158336.0,40124030.0,39456896.0,39575170.0,39637630.0,39039104.0,39239810.0,39521410.0,1397.4502,1386.4502,1547.9502,1410.9502,1392.9502,1364.4502,1535.4502,1529.4502,1364.9502,1603.4502,1642.4502,1467.4502,1628.9502,1661.4502,1550.9502,305.12793,305.40137,303.13184,304.9287,305.1631,305.27246,303.83105,303.8545,305.39355,303.20215,303.09668,304.76855,303.0459,302.99512,304.0381,284.83252,284.8911,284.9536,284.98096,284.97705,285.02393,285.0083,284.99658,285.23486,284.35596,284.5786,284.95752,283.58643,284.23877,285.15674,0.0009765625,0.001953125,0.0029296875,0.001953125,0.0029296875,0.001953125,0.001953125,0.001953125,0.001953125,0.0048828125,0.0087890625,0.0107421875,0.0048828125,0.0126953125,0.0146484375,100527.44,100513.44,100594.69,100535.44,100516.44,100490.94,100580.44,100564.44,100477.94,100598.44,100604.44,100517.19,100593.69,100595.44,100541.19,315.8015,314.9734,309.26245,315.96558,313.7312,313.94995,311.02808,311.14526,314.76245,311.55933,311.0437,314.9812,311.51245,309.69995,312.08276,34651650.0,34893950.0,35355520.0,35076610.0,34959616.0,34973310.0,35368450.0,35089790.0,34934270.0,35571840.0,35386880.0,35330690.0,35711490.0,35658624.0,35715710.0,85552.875,85656.875,84104.875,85424.875,85592.875,85864.875,84216.875,84264.875,85848.875,83560.875,83184.875,84848.875,83304.875,82992.875,84040.875,37744176.0,37915950.0,38159150.0,37527856.0,37746224.0,37885744.0,37242160.0,37429296.0,37588784.0,36899890.0,37056304.0,37302576.0,36718384.0,36835630.0,37257776.0,58444384.0,58476670.0,58507250.0,58449630.0,58481870.0,58512830.0,58454880.0,58487070.0,58518400.0,58460130.0,58492256.0,58523330.0,58465360.0,58496030.0,58527504.0,0.27856866,0.2512249,0.16919367,0.20044367,0.18481867,0.14184992,0.19263117,0.21216242,0.18481867,0.2824749,0.27856866,0.27856866,0.2668499,0.23169367,0.27075616,27.980316,27.792816,25.949066,28.433441,28.183441,28.089691,27.144379,27.175629,28.542816,26.253754,26.285004,27.964691,25.324066,25.589691,26.980316,3.81108319782198,3.440667981427544,3.628098872549849,4.139452630454749,4.334467479207147,4.345701118380026,4.031950342744553,4.412904320741868,4.073938611395557,3.944635767319304,4.194110249441023,3.68353221923033,3.958819719659648,4.064115764211286,3.5346701765684574,5.019594021028,4.58884293919391,4.865695788127326,5.44935371274202,5.734628551165602,5.720739609166554,5.384319054817783,5.896299032980122,5.388493173710996,5.26795794192931,5.608462208382133,4.825052665622708,5.243995392299982,5.425330895567379,4.643345825523458,5.429807555821485,5.008726975085023,5.287973762554047,5.877860284684448,6.169864420795025,6.151672760740604,5.804574047465902,6.348402008494765,5.839362365697967,5.678032058131191,6.043738638863095,5.217676720666371,5.619051394291108,5.822949578592943,5.017386585119493
2025-05-06 13:15:00,4.4713949,4.1717734,4.40083825,4.70656365,5.031392425,4.96486425,4.425191375000001,4.8484092,4.240071825,4.350789625,4.6101889,3.283650875,4.21553575,4.59120705,3.12843845,2.6923106,2.640003425,2.792011575,3.114307625,3.228077175,3.165333025,3.307941675,3.5024302,3.4377024,3.126850375,3.301410875,3.6859019,3.26549175,3.180164525,3.65312595,3.399756425,3.158545575,3.334815,3.535986875,3.769385325,3.76303765,3.2293463,3.537451725,3.0994634750000003,3.2518072,3.391943925,2.320654875,3.166358025,3.39682675,2.219580625,2.01633815,1.920146725,1.985088125,2.41428735,2.4743459,2.40793975,2.571513875,2.73020525,2.717021675,2.3327444,2.530986575,2.9567678,2.46750995,2.42161155,2.897197525,4.825012625,4.5092169,4.7307745500000005,5.102722625,5.427979025,5.34204145,4.831421349999999,5.289185,4.6732183,4.702148875000001,5.010193375,3.69348195,4.538757775,4.950256775,3.5029301750000004,2.92841195,2.9129090250000003,3.07797865,3.311804275,3.441137825,3.387548975,3.48944715,3.687139975,3.62900405,3.3602357,3.510595775,3.859137025,3.4772096,3.38266615,3.83957525,41196218.5,41572922.5,42238138.5,41064893.5,41338940.0,41521340.5,40665404.0,40801979.5,40781498.5,40017212.0,40167101.5,40261562.5,39572540.5,39812413.5,40130365.0,1397.4502,1386.4502,1547.9502,1410.9502,1392.9502,1364.4502,1535.4502,1529.4502,1364.9502,1603.4502,1642.4502,1467.4502,1628.9502,1661.4502,1550.9502,305.2627575,305.5440075,303.3799475,305.169,305.4131575,305.57135000000005,304.0527925,304.0625675,305.6182225,303.3496725,303.23053,304.9268125,303.14655000000005,303.0996725,304.180735,284.848145,284.802235,284.785635,284.88428,284.8823225,284.9135775,284.84619000000004,284.8823225,285.12744000000004,284.21631,284.45458,284.8334975,283.4633825,284.1010775,284.993655,0.001222313625,0.0019547355,0.0085465321249999,0.0024430167499999,0.0031754386249999,0.0029312979999999,0.00439614175,0.0029312979999999,0.0019547355,0.012941063375,0.0124527821249999,0.010011376125,0.019288720625,0.020753563375,0.016359032125,100496.2825,100480.845,100556.47,100498.6575,100478.22,100450.2825,100541.9075,100525.97,100438.845,100561.595,100568.095,100479.2825,100558.0325,100559.595,100502.72,315.82073,314.924265,309.330505,316.11176,313.85589500000003,314.1410525,311.11176,311.24847,314.85589500000003,311.4144925,310.9320675,314.83441,311.22113,309.47308250000003,311.875425,35416421.5,35662946.5,36133060.0,35848933.5,35729284.5,35743266.5,36146085.0,35861442.5,35702946.5,36353284.0,36163812.5,36106181.5,36495621.5,36440580.5,36498210.0,85530.40625,85632.40625,84080.40625,85398.40625,85566.40625,85834.40625,84190.40625,84238.40625,85820.40625,83534.40625,83160.40625,84822.40625,83280.40625,82968.40625,84014.40625,38561908.0,38735858.5,38990898.5,38342259.5,38561715.5,38708084.0,38013747.5,38212084.5,38387380.5,37602805.0,37791924.0,38070964.5,37398068.0,37555058.5,38015156.0,59629152.0,59661006.5,59691505.0,59633886.5,59666098.5,59696895.0,59639020.0,59670815.0,59702196.0,59643873.5,59675756.0,59706830.0,59648772.5,59679618.5,59710868.0,0.27622578,0.2508351474999999,0.1863820375,0.2166554775,0.1883351625,0.150249225,0.1902882875,0.208842975,0.1883351625,0.2625538974999999,0.26841328,0.2713429675,0.2488820224999999,0.2352101625,0.278178905,28.144081,27.82962775,25.974159,28.521034,28.27494025,28.18119025,27.19681575,27.2554095,28.62454975,26.23001875,26.31595625,28.0288465,25.224159,25.56400275,26.99173725,3.9527159377413152,3.696400085878192,3.88092333707341,4.281586924090446,4.508952579166492,4.467507828190969,4.12811835278995,4.4685104244964045,4.121756981589147,4.0019928162983005,4.2321598071403965,3.758711863388587,4.0142780790362425,4.171646493725105,3.649697473728681,5.219378192717823,4.9369333988782245,5.211785292737704,5.643638310047381,5.977908662910748,5.888056570727196,5.524925052032489,5.9811444621006,5.458571871114696,5.357850653820549,5.670375248539684,4.936419338479246,5.332370770008977,5.585036130772852,4.80962122645867,5.644142395467375,5.368247017339279,5.6439507805068185,6.083241384623428,6.426848825550954,6.325574670458144,5.959771276976906,6.447517286480743,5.91680992379942,5.7793933939660365,6.11770548084343,5.341792535535394,5.7176313926708415,5.995621103838135,5.197389528536234
2025-05-06 13:30:00,4.6031398,4.5090236,4.8301905,4.8432523,5.25780285,5.223135,4.56566425,4.959219,4.41344265,4.44225125,4.7034816,3.50987815,4.2742825,4.753652600000001,3.4011135,2.8619714,2.75931025,2.77292115,3.26016475,3.32596065,3.07876825,3.35519645,3.4946618,3.3401818,3.15378045,3.27829215,3.639071,3.3340173,3.22659535,3.6449303,3.47887135,3.39684015,3.6458635,3.62633225,3.92906665,3.9612932,3.3275042,3.61363695,3.23961355,3.3157854,3.45543385,2.4944963500000004,3.20348075,3.5120745,2.42320725,2.1624637,2.02086215,1.96519805,2.534534,2.5491824,2.3304325,2.60289335,2.7230105,2.63414335,2.3421512,2.51011995,2.9202762,2.5101199000000003,2.4456668,2.8909793500000003,4.97699925,4.8649388,5.1779271,5.25385475,5.66974835,5.606271700000001,4.9842014,5.412424,4.8499242,4.80182835,5.11396225,3.9300023,4.60492895,5.12568085,3.79010965,3.0917492,3.02656365,3.0554333,3.45643425,3.54005245,3.30250365,3.5432873000000003,3.68440055,3.5324841,3.395216,3.49220085,3.81013295,3.5529919,3.4325085,3.8277721,41876727.0,42258935.0,42941687.0,41743097.0,42019320.0,42209017.0,41298424.0,41445623.0,41438967.0,40577528.0,40759033.0,40885495.0,40105977.0,40385017.0,40739320.0,1397.4502,1386.4502,1547.9502,1410.9502,1392.9502,1364.4502,1535.4502,1529.4502,1364.9502,1603.4502,1642.4502,1467.4502,1628.9502,1661.4502,1550.9502,305.397585,305.686645,303.628055,305.40930000000003,305.663215,305.87024,304.274535,304.270635,305.842895,303.49719500000003,303.36438,305.085075,303.2472,303.20422499999995,304.32336999999995,284.86377,284.71337,284.61767,284.7876,284.787595,284.803225,284.68408,284.768065,285.02002000000005,284.07666,284.33056,284.709475,283.340335,283.963385,284.83057,0.00146806475,0.001956346,0.01416337675,0.0029329085,0.00342118975,0.0039094709999999,0.0068391585,0.0039094709999999,0.001956346,0.02099931425,0.0161165017499999,0.00928056475,0.03369462875,0.02881181425,0.0180696267499999,100465.125,100448.25,100518.25,100461.875,100440.0,100409.625,100503.375,100487.5,100399.75,100524.75,100531.75,100441.375,100522.375,100523.75,100464.25,315.83996,314.87513,309.39856,316.25794,313.98059,314.332155,311.19544,311.35168,314.94934,311.269655,310.820435,314.68762000000004,310.92981,309.246215,311.66809,36181193.0,36431943.0,36910600.0,36621257.0,36498953.0,36513223.0,36923720.0,36633095.0,36471623.0,37134728.0,36940745.0,36881673.0,37279753.0,37222537.0,37280710.0,85507.9375,85607.9375,84055.9375,85371.9375,85539.9375,85803.9375,84163.9375,84211.9375,85791.9375,83507.9375,83135.9375,84795.9375,83255.9375,82943.9375,83987.9375,39379640.0,39555767.0,39822647.0,39156663.0,39377207.0,39530424.0,38785335.0,38994873.0,39185977.0,38305720.0,38527544.0,38839353.0,38077752.0,38274487.0,38772536.0,60813920.0,60845343.0,60875760.0,60818143.0,60850327.0,60880960.0,60823160.0,60854560.0,60885992.0,60827617.0,60859256.0,60890330.0,60832185.0,60863207.0,60894232.0,0.2738829,0.2504453949999999,0.203570405,0.2328672849999999,0.191851655,0.15864853,0.187945405,0.20552353,0.191851655,0.242632895,0.2582579,0.264117275,0.230914145,0.238726655,0.28560165,28.307846,27.8664395,25.999252,28.608627,28.3664395,28.2726895,27.2492525,27.33519,28.7062835,26.2062835,26.3469085,28.093002,25.124252,25.5383145,27.0031585,4.096192759584016,3.95251904915772,4.141777883512834,4.424268095916664,4.68357722778348,4.595950331914227,4.224610987119626,4.524727416045695,4.175381077421895,4.059569566162723,4.270916207924691,3.840641238706079,4.069765451226468,4.279714171550769,3.772226793099666,5.420311459018015,5.286311273573665,5.569545041599679,5.838301725553232,6.221455220028233,6.062998694163892,5.665918571760511,6.066837247391777,5.534915580376115,5.447928716028576,5.733231077001012,5.055895803009435,5.4208082650565625,5.745270280337418,4.985287346958081,5.859132585135892,5.729547718210117,6.01220439636439,6.288873305980224,6.684161705186278,6.506674475681431,6.115320799933823,6.547453013853272,6.000017388516341,5.880905303566767,6.192582391148767,5.473758413985859,5.816280776923834,6.168850685389376,5.386721675431313
2025-05-06 13:45:00,4.7348847,4.8462738000000005,5.25954275,4.9799409500000005,5.484213275,5.48140575,4.706137125,5.0700288,4.586813475,4.533712875,4.7967743,3.736105425,4.33302925,4.91609815,3.67378855,3.0316322,2.878617075,2.753830725,3.406021875,3.423844125,2.992203475,3.402451225,3.4868934,3.2426612,3.180710525,3.255173425,3.5922401,3.40254285,3.273026175,3.63673465,3.557986275,3.635134725,3.956912,3.716677625,4.088747975,4.15954875,3.4256621000000003,3.689822175,3.379763625,3.3797636,3.518923775,2.668337825,3.240603475,3.62732225,2.626833875,2.30858925,2.121577575,1.945307975,2.65478065,2.6240189,2.25292525,2.634272825,2.71581575,2.551265025,2.351558,2.489253325,2.8837846000000003,2.55272985,2.46972205,2.884761175,5.128985875,5.2206607,5.62507965,5.404986875,5.911517675,5.87050195,5.13698145,5.535663,5.0266301,4.901507825,5.217731125,4.16652265,4.671100125,5.301104925000001,4.077289125,3.25508645,3.140218275,3.03288795,3.601064225,3.638967075,3.217458325,3.59712745,3.681661125,3.43596415,3.4301963,3.473805925,3.761128875,3.6287742,3.48235085,3.81596895,42557235.5,42944947.5,43645235.5,42421300.5,42699700.0,42896693.5,41931444.0,42089266.5,42096435.5,41137844.0,41350964.5,41509427.5,40639413.5,40957620.5,41348275.0,1397.4502,1386.4502,1547.9502,1410.9502,1392.9502,1364.4502,1535.4502,1529.4502,1364.9502,1603.4502,1642.4502,1467.4502,1628.9502,1661.4502,1550.9502,305.5324125,305.8292825,303.8761625,305.6496,305.91327249999995,306.16913,304.4962775,304.4787025,306.0675675,303.6447175,303.49823,305.2433375,303.34785,303.3087775,304.466005,284.879395,284.624505,284.449705,284.69092,284.69286750000003,284.6928725,284.52197,284.6538075,284.9126,283.93701,284.20654,284.5854525,283.2172875,283.8256925,284.667485,0.001713815875,0.0019579565,0.019780221375,0.00342280025,0.003666940875,0.004887644,0.00928217525,0.004887644,0.0019579565,0.029057565125,0.019780221375,0.008549753375,0.0481005368749999,0.036870065125,0.019780221375,100433.9675,100415.655,100480.03,100425.0925,100401.78,100368.9675,100464.8425,100449.03,100360.655,100487.905,100495.405,100403.4675,100486.7175,100487.905,100425.78,315.85919,314.82599500000003,309.466615,316.40412,314.105285,314.5232575,311.27912,311.45489000000003,315.042785,311.1248175,310.7088025,314.54083,310.63849,309.0193475,311.460755,36945964.5,37200939.5,37688140.0,37393580.5,37268621.5,37283179.5,37701355.0,37404747.5,37240299.5,37916172.0,37717677.5,37657164.5,38063884.5,38004493.5,38063210.0,85485.46875,85583.46875,84031.46875,85345.46875,85513.46875,85773.46875,84137.46875,84185.46875,85763.46875,83481.46875,83111.46875,84769.46875,83231.46875,82919.46875,83961.46875,40197372.0,40375675.5,40654395.5,39971066.5,40192698.5,40352764.0,39556922.5,39777661.5,39984573.5,39008635.0,39263164.0,39607741.5,38757436.0,38993915.5,39529916.0,61998688.0,62029679.5,62060015.0,62002399.5,62034555.5,62065025.0,62007300.0,62038305.0,62069788.0,62011360.5,62042756.0,62073830.0,62015597.5,62046795.5,62077596.0,0.27154002,0.2500556425,0.2207587725,0.2490790925,0.1953681475,0.167047835,0.1856025225,0.202204085,0.1953681475,0.2227118925,0.24810252,0.2568915825,0.2129462675,0.2422431475,0.293024395,28.471611,27.90325125,26.024345,28.69622,28.45793875,28.36418875,27.301689250000003,27.414970500000003,28.78801725,26.18254825,26.37786075,28.1571575,25.024345,25.51262625,27.01457975,4.241326521066721,4.208954249649633,4.409237541042963,4.567444894882703,4.858326377532062,4.730488133978789,4.321406500192952,4.581532808031587,4.234590344845814,4.117356800090193,4.310360385197948,3.928898111114985,4.125280665513936,4.3882791284968725,3.9015513893366696,5.622270619453579,5.636737177574275,5.936865637778203,6.033307291897656,6.4652381114683815,6.244925190259299,5.807271388337837,6.153341987553837,5.617268865954968,5.5381830844408295,5.79699902639001,5.182921249909403,5.509304886048846,5.90599029483359,5.169386929281046,6.074708544689458,6.092312283457609,6.390612676895645,6.494732224772405,6.94176653271856,6.694388039101529,6.271196401739274,6.648172191580574,6.088748623675577,5.982560122144192,6.268336756856549,5.613020702555959,5.914996075430706,6.3425925983272,5.584434227046404
2025-05-06 14:00:00,4.8666296,5.183524,5.688895,5.1166296,5.7106237,5.7396765,4.84661,5.1808386,4.7601843,4.6251745,4.890067,3.9623327,4.391776,5.0785437,3.9464636,3.201293,2.9979239,2.7347403,3.551879,3.5217276,2.9056387,3.449706,3.479125,3.1451406,3.2076406,3.2320547,3.5454092,3.4710684,3.319457,3.628539,3.6371012,3.8734293,4.2679605,3.807023,4.2484293,4.3578043,3.52382,3.7660074,3.5199137,3.4437418,3.5824137,2.8421793,3.2777262,3.74257,2.8304605,2.4547148,2.222293,1.9254179,2.7750273,2.6988554,2.175418,2.6656523,2.708621,2.4683867,2.3609648,2.4683867,2.847293,2.5953398,2.4937773,2.878543,5.2809725,5.5763826,6.0722322,5.556119,6.153287,6.1347322,5.2897615,5.658902,5.203336,5.0011873,5.3215,4.403043,4.7372713,5.476529,4.3644686,3.4184237,3.2538729,3.0103426,3.7456942,3.7378817,3.132413,3.6509676,3.6789217,3.3394442,3.4651766,3.455411,3.7121248,3.7045565,3.5321932,3.8041658,43237744.0,43630960.0,44348784.0,43099504.0,43380080.0,43584370.0,42564464.0,42732910.0,42753904.0,41698160.0,41942896.0,42133360.0,41172850.0,41530224.0,41957230.0,1397.4502,1386.4502,1547.9502,1410.9502,1392.9502,1364.4502,1535.4502,1529.4502,1364.9502,1603.4502,1642.4502,1467.4502,1628.9502,1661.4502,1550.9502,305.66724,305.97192,304.12427,305.8899,306.16333,306.46802,304.71802,304.68677,306.29224,303.79224,303.63208,305.4016,303.4485,303.41333,304.60864,284.89502,284.53564,284.28174,284.59424,284.59814,284.58252,284.35986,284.53955,284.80518,283.79736,284.08252,284.46143,283.09424,283.688,284.5044,0.001959567,0.001959567,0.025397066,0.003912692,0.003912692,0.005865817,0.011725192,0.005865817,0.001959567,0.037115816,0.023443941,0.007818942,0.062506445,0.044928316,0.021490816,100402.81,100383.06,100441.81,100388.31,100363.56,100328.31,100426.31,100410.56,100321.56,100451.06,100459.06,100365.56,100451.06,100452.06,100387.31,315.87842,314.77686,309.53467,316.5503,314.22998,314.71436,311.3628,311.5581,315.13623,310.97998,310.59717,314.39404,310.34717,308.79248,311.25342,37710736.0,37969936.0,38465680.0,38165904.0,38038290.0,38053136.0,38478990.0,38176400.0,38008976.0,38697616.0,38494610.0,38432656.0,38848016.0,38786450.0,38845710.0,85463.0,85559.0,84007.0,85319.0,85487.0,85743.0,84111.0,84159.0,85735.0,83455.0,83087.0,84743.0,83207.0,82895.0,83935.0,41015104.0,41195584.0,41486144.0,40785470.0,41008190.0,41175104.0,40328510.0,40560450.0,40783170.0,39711550.0,39998784.0,40376130.0,39437120.0,39713344.0,40287296.0,63183456.0,63214016.0,63244270.0,63186656.0,63218784.0,63249090.0,63191440.0,63222050.0,63253584.0,63195104.0,63226256.0,63257330.0,63199010.0,63230384.0,63260960.0,0.26919714,0.24966589,0.23794714,0.2652909,0.19888464,0.17544714,0.18325964,0.19888464,0.19888464,0.20279089,0.23794714,0.24966589,0.19497839,0.24575964,0.30044714,28.635376,27.940063,26.049438,28.783813,28.549438,28.455688,27.354126,27.494751,28.869751,26.158813,26.408813,28.221313,24.924438,25.486938,27.026001,4.387952812916347,4.465651208944502,4.682170535040417,4.711072132569644,5.033187060621495,4.870616161413511,4.4184849866096965,4.6389049848531885,4.299154027966965,4.175345778723755,4.350473631535373,4.023066069703242,4.180822612791708,4.49730535175179,4.037018261651692,5.825148971094659,5.988027118239129,6.31207817041813,6.22862287301432,6.709231575344784,6.433243550464256,5.948957890129665,6.240624917816722,5.705371500939693,5.628605277883555,5.8616493283274025,5.316954656655812,5.597857828817606,6.0671575624553125,5.361051223467834,6.290810054236095,6.456293964104885,6.7774749324576335,6.700797219889186,7.1996319702859735,6.888174676086971,6.427374358408883,6.74963974744837,6.182765812628652,6.0843506867100325,6.34493714932788,5.759050111834767,6.013774042271288,6.516805865603735,5.78966869469019
2025-05-06 14:15:00,4.9214720750000005,5.19197975,5.891381575,5.154443275,5.730371025,5.9464965,4.9987425000000005,5.3112426,4.939782624999999,4.777856375,4.980370925,4.006433025,4.387475425,5.061364675,3.96273185,3.377434,3.187797825,2.84655025,3.54198485,3.59236935,3.067070275,3.492027475,3.6099169,3.348015025,3.37529775,3.355400325,3.6003039,3.5140307,3.3517992,3.6783983,3.661109225,3.856909975,4.40378495,3.8266365,4.251441225,4.500464725,3.6318124,3.8505623,3.640601425,3.54441,3.636695175,2.868628725,3.27243735,3.7255624,2.839331825,2.59105375,2.36546785,1.992420925,2.758534225,2.7482803,2.2966202,2.692616225,2.80638575,2.624256875,2.4933975,2.555409225,2.87865145,2.62474515,2.512440475,2.911854575,5.355178625,5.609084825,6.29560825,5.609329,6.187454,6.35517855,5.454238625,5.802383000000001,5.396926825,5.166640975,5.428359875,4.457962,4.7371366,5.465713175,4.384719625000001,3.596872125,3.45404985,3.13395095,3.7414339,3.811563275,3.29410725,3.694925075,3.808725125,3.5427644000000003,3.6360262,3.58701495,3.77826855,3.758737375,3.5746553,3.86023875,43875400.5,44257607.5,44968135.5,43741895.5,44026440.0,44226505.0,43203015.5,43377735.0,43394632.0,42319432.5,42565064.5,42750920.0,41797705.0,42148295.5,42569158.5,1397.4502,1386.4502,1547.9502,1410.9502,1392.9502,1364.4502,1535.4502,1529.4502,1364.9502,1603.4502,1642.4502,1467.4502,1628.9502,1661.4502,1550.9502,305.756595,305.9714325,304.0583525,305.9607,306.1599125,306.42749000000003,304.7927275,304.7907725,306.4089375,304.012455,303.83374,305.5397875,303.6999625,303.599365,304.70288,284.905765,284.5170875,284.063965,284.54638750000004,284.56786750000003,284.37256,284.21630500000003,284.40087750000004,284.6577175,283.6420875,283.9458,284.3334975,283.058105,283.59425,284.3842825,0.00358156425,0.00260500175,0.0279956265,0.0079760954999999,0.0089526579999999,0.0113940642499999,0.0450854715,0.03287844025,0.02506594025,0.101237812,0.08317140575,0.049968284,0.11539797375,0.128581562,0.078776877,100364.17,100348.92,100409.545,100349.9825,100328.67,100294.17,100388.6075,100371.3575,100280.92,100407.92,100415.92,100324.3575,100406.3575,100410.17,100348.795,315.63061500000003,314.484135,309.2302275,316.353275,314.00952,314.304445,311.290775,311.44897000000003,314.8942875,311.118895,310.6657725,314.337645,310.7028825,308.954835,311.2185075,38424419.5,38687108.0,39190564.0,38886660.5,38755877.5,38770564.5,39204835.0,38896004.0,38725284.5,39427684.5,39219750.0,39155844.5,39580964.5,39516901.5,39575810.0,85433.0475,85531.0475,83981.0475,85289.0475,85459.0475,85717.0475,84083.0475,84131.0475,85703.0475,83425.0475,83057.0475,84713.0475,83177.0475,82865.0475,83905.0475,41763744.0,41937504.0,42223392.0,41535390.0,41757982.5,41919455.5,41074270.0,41307873.5,41525601.5,40445855.0,40735135.5,41107937.5,40173984.0,40448608.0,41017952.0,64301392.0,64331307.0,64360995.0,64304587.0,64335673.0,64365705.0,64308972.5,64339042.5,64370043.0,64312515.5,64342927.0,64373630.0,64316242.5,64346728.0,64377120.0,0.2593997375,0.238891925,0.2301028625,0.255493495,0.2056888,0.1929934875,0.2135013,0.2105716125,0.2086184875,0.2593997375,0.2808841125,0.2672122375,0.2681888,0.318970055,0.3414309875,28.6149595,27.91378725,25.8356625,28.75363125,28.6051935,28.3591,27.2868345,27.44308475,28.81417825,26.01534975,26.24191225,28.08175625,24.9782405,25.39035,26.92160025,4.485229123776082,4.52451021709954,4.833535251575637,4.71727230225568,5.062390452839211,5.05258815697632,4.521088745415977,4.764727799568864,4.487839444732487,4.333575122356396,4.444734874329781,4.06394696477233,4.195012909649211,4.493570110359021,4.0670262205211145,5.968915128342906,6.0925125110651015,6.543028747302317,6.254114018214111,6.763303159771782,6.690869950634284,6.097678449005091,6.42189987316529,5.96746654702627,5.849833026786594,6.005231543545633,5.386436090418771,5.621241176601608,6.070582365017256,5.406834357407975,6.451002029860082,6.587282667407731,7.032519590763609,6.742618145669397,7.267227917262863,7.158172740084068,6.58795797560258,6.940751800525306,6.455849963274545,6.317821261450453,6.506440438829324,5.843692191531233,6.047195202842508,6.53086372734776,5.841849826626983
2025-05-06 14:30:00,4.97631455,5.2004355,6.09386815,5.192256950000001,5.75011835,6.1533165,5.150875,5.4416466,5.11938095,4.93053825,5.07067485,4.05053335,4.38317485,5.04418565,3.9790001,3.5535750000000004,3.37767175,2.9583602,3.5320907,3.6630111,3.22850185,3.53434895,3.7407088,3.55088945,3.5429549,3.47874595,3.6551986,3.5569930000000003,3.3841414,3.7282576,3.68511725,3.84039065,4.5396094,3.84625,4.25445315,4.64312515,3.7398048,3.9351172,3.76128915,3.6450782,3.69097665,2.89507815,3.2671485,3.7085548,2.84820315,2.7273927,2.5086427,2.05942395,2.7420411500000004,2.7977052,2.4178224,2.71958015,2.9041505,2.78012705,2.6258302,2.64243175,2.9100099,2.6541505,2.5311036500000004,2.94516615,5.4293847500000005,5.64178705,6.5189843,5.662539,6.221621,6.5756249,5.61871575,5.945864,5.590517650000001,5.33209465,5.53521975,4.512881,4.737001899999999,5.45489735,4.40497065,3.77532055,3.6542268,3.2575593,3.7371736,3.88524485,3.4558015,3.73888255,3.93852855,3.7460846,3.8068758,3.7186189,3.8444123,3.81291825,3.6171174,3.9163117,44513057.0,44884255.0,45587487.0,44384287.0,44672800.0,44868640.0,43841567.0,44022560.0,44035360.0,42940705.0,43187233.0,43368480.0,42422560.0,42766367.0,43181087.0,1397.4502,1386.4502,1547.9502,1410.9502,1392.9502,1364.4502,1535.4502,1529.4502,1364.9502,1603.4502,1642.4502,1467.4502,1628.9502,1661.4502,1550.9502,305.84595,305.97094500000003,303.992435,306.0315,306.15649499999995,306.38696000000004,304.867435,304.894775,306.525635,304.23267,304.0354,305.67797499999995,303.951425,303.7854,304.79711999999995,284.91651,284.498535,283.84619,284.498535,284.537595,284.1626,284.07275000000004,284.262205,284.51025500000003,283.486815,283.80908,284.205565,283.02197,283.5005,284.264165,0.0052035615,0.0032504365,0.030594187,0.0120394989999999,0.0139926239999999,0.0169223115,0.078445751,0.0598910635,0.0481723135,0.165359808,0.1428988705,0.092117626,0.1682895025,0.212234808,0.136062938,100325.53,100314.78,100377.28,100311.655,100293.78,100260.03,100350.905,100332.155,100240.28,100364.78,100372.78,100283.155,100361.655,100368.28,100310.28,315.38281,314.19141,308.925785,316.15625,313.78906,313.89453000000003,311.21875,311.33984,314.652345,311.25781,310.734375,314.28125,311.058595,309.11719,311.183595,39138103.0,39404280.0,39915448.0,39607417.0,39473465.0,39487993.0,39930680.0,39615608.0,39441593.0,40157753.0,39944890.0,39879033.0,40313913.0,40247353.0,40305910.0,85403.095,85503.095,83955.095,85259.095,85431.095,85691.095,84055.095,84103.095,85671.095,83395.095,83027.095,84683.095,83147.095,82835.095,83875.095,42512384.0,42679424.0,42960640.0,42285310.0,42507775.0,42663807.0,41820030.0,42055297.0,42268033.0,41180160.0,41471487.0,41839745.0,40910848.0,41183872.0,41748608.0,65419328.0,65448598.0,65477720.0,65422518.0,65452562.0,65482320.0,65426505.0,65456035.0,65486502.0,65429927.0,65459598.0,65489930.0,65433475.0,65463072.0,65493280.0,0.249602335,0.22811796,0.222258585,0.2456960899999999,0.21249296,0.210539835,0.24374296,0.222258585,0.218352335,0.316008585,0.323821085,0.284758585,0.34139921,0.39218047,0.382414835,28.594543,27.8875115,25.621887,28.7234495,28.660949,28.262512,27.219543,27.3914185,28.7586055,25.8718865,26.0750115,27.9421995,25.032043,25.293762,26.8171995,4.584622131240573,4.587143832590243,4.984905265940563,4.723603362983954,5.09190789308408,5.234928492014412,4.624095169260367,4.890729751722752,4.677221662915862,4.4923912700640045,4.539356142037468,4.104830704512116,4.209367434389935,4.489973762912915,4.097104445187569,6.114867274206914,6.201064089364689,6.774003550525232,6.279744974746173,6.817735060687672,6.948850850653342,6.246850067513315,6.603364297514488,6.230319189041939,6.0714690856618105,6.149261485663455,5.4559414609125145,5.644857922722371,6.074226031920436,5.45273752602835,6.612961818942014,6.721840121825715,7.287581827785056,6.784601273697516,7.335100231904982,7.428418864933659,6.749015439454303,7.131991716600708,6.729564430579344,6.551605659163581,6.668341938160286,5.928372529839222,6.080915439453722,6.5451847479211605,5.894172016400464
2025-05-06 14:45:00,5.031157025,5.208891250000001,6.296354725,5.230070625000001,5.769865675,6.360136499999999,5.3030075,5.572050600000001,5.298979275000001,5.083220125,5.160978775,4.094633675000001,4.378874275,5.027006625,3.99526835,3.729716,3.567545675,3.07017015,3.52219655,3.73365285,3.389933425,3.576670425,3.8715007,3.753763875,3.71061205,3.602091575,3.7100933,3.5999553,3.4164836,3.7781169,3.709125275,3.823871325,4.67543385,3.8658635,4.257465075,4.785785575,3.8477972,4.0196721,3.881976875,3.7457464,3.745258125,2.921527575,3.26185965,3.6915472,2.857074475,2.86373165,2.65181755,2.126426975,2.7255480750000003,2.8471301,2.5390246,2.746544075,3.00191525,2.935997225,2.7582629,2.729454275,2.94136835,2.6835558500000003,2.5497668250000003,2.978477725,5.503590875,5.674489275,6.74236035,5.715749,6.255788,6.796071250000001,5.783192874999999,6.089345,5.784108475,5.497548325,5.642079625,4.5678,4.7368672,5.444081525,4.425221675,3.953768975,3.85440375,3.38116765,3.7329133,3.958926425,3.61749575,3.782840025,4.068331975,3.9494048,3.9777254,3.85022285,3.91055605,3.867099125,3.6595795,3.97238465,45150713.5,45510902.5,46206838.5,45026678.5,45319160.0,45510775.0,44480118.5,44667385.0,44676088.0,43561977.5,43809401.5,43986040.0,43047415.0,43384438.5,43793015.5,1397.4502,1386.4502,1547.9502,1410.9502,1392.9502,1364.4502,1535.4502,1529.4502,1364.9502,1603.4502,1642.4502,1467.4502,1628.9502,1661.4502,1550.9502,305.935305,305.9704575,303.9265175,306.1023,306.1530775,306.34643,304.9421425,304.9987775,306.6423325,304.452885,304.23706,305.8161625,304.2028875,303.971435,304.89136,284.927255,284.4799825,283.628415,284.4506825,284.5073225,283.95264,283.929195,284.1235325,284.3627925,283.3315425,283.67236,284.0776325,282.985835,283.40675,284.1440475,0.00682555875,0.00389587125,0.0331927475,0.0161029025,0.01903259,0.02245055875,0.1118060304999999,0.08690368675,0.07127868675,0.2294818039999999,0.20262633525,0.134266968,0.22118103125,0.295888054,0.193348999,100286.89,100280.64,100345.015,100273.3275,100258.89,100225.89,100313.2025,100292.9525,100199.64,100321.64,100329.64,100241.9525,100316.9525,100326.39,100271.765,315.135005,313.898685,308.6213425,315.959225,313.5686,313.484615,311.146725,311.23071,314.4104025,311.396725,310.8029775,314.224855,311.4143075,309.279545,311.1486825,39851786.5,40121452.0,40640332.0,40328173.5,40191052.5,40205421.5,40656525.0,40335212.0,40157901.5,40887821.5,40670030.0,40602221.5,41046861.5,40977804.5,41036010.0,85373.1425,85475.1425,83929.1425,85229.1425,85403.1425,85665.1425,84027.1425,84075.1425,85639.1425,83365.1425,82997.1425,84653.1425,83117.1425,82805.1425,83845.1425,43261024.0,43421344.0,43697888.0,43035230.0,43257567.5,43408158.5,42565790.0,42802720.5,43010464.5,41914465.0,42207838.5,42571552.5,41647712.0,41919136.0,42479264.0,66537264.0,66565889.0,66594445.0,66540449.0,66569451.0,66598935.0,66544037.5,66573027.5,66602961.0,66547338.5,66576269.0,66606230.0,66550707.5,66579416.0,66609440.0,0.2398049324999999,0.2173439949999999,0.2144143074999999,0.235898685,0.2192971199999999,0.2280861824999999,0.27398462,0.2339455574999999,0.2280861824999999,0.3726174325,0.3667580575,0.3023049325,0.41460962,0.465390885,0.4233986825,28.5741265,27.86123575,25.4081115,28.69326775,28.7167045,28.165924,27.1522515,27.33975225,28.70303275,25.72842325,25.90811075,27.80264275,25.0858455,25.197174,26.71279875,4.685997147764342,4.653399642051524,5.136280109742213,4.730064789172391,5.121733951619389,5.417599975015066,4.727477937362103,5.016897343946852,4.86721934611976,4.651734119511708,4.634315382253812,4.1457172047628985,4.223884512669273,4.486516643421533,4.127251399420406,6.262852580962036,6.313472119011676,7.005000183653163,6.305514037675263,6.872518716733795,7.207148182503567,6.396441188201915,6.78500298887634,6.493837431452572,6.293470316511409,6.2937084164017705,5.525469864830402,5.6687051500545405,6.078088169553223,5.498757723211428,6.776562670488322,6.859756322210293,7.542659860199096,6.82674361143861,7.403241313067356,7.698886928403652,6.91051361942025,7.323349478744845,7.00383531537042,6.78567144382304,6.830613331868689,6.013089510409071,6.114929804422256,6.559767203770768,5.9466315406661465
2025-05-06 15:00:00,5.0859995,5.217347,6.4988413,5.2678843,5.789613,6.5669565,5.45514,5.7024546,5.4785776,5.235902,5.2512827,4.138734,4.3745737,5.0098276,4.0115366,3.905857,3.7574196,3.1819801,3.5123024,3.8042946,3.551365,3.6189919,4.0022926,3.9566383,3.8782692,3.7254372,3.764988,3.6429176,3.4488258,3.8279762,3.7331333,3.807352,4.8112583,3.885477,4.260477,4.928446,3.9557896,4.104227,4.0026646,3.8464146,3.7995396,2.947977,3.2565708,3.6745396,2.8659458,3.0000706,2.7949924,2.19343,2.709055,2.896555,2.6602268,2.773508,3.09968,3.0918674,2.8906956,2.8164768,2.9727268,2.7129612,2.56843,3.0117893,5.577797,5.7071915,6.9657364,5.768959,6.289955,7.0165176,5.94767,6.232826,5.9776993,5.663002,5.7489395,4.622719,4.7367325,5.4332657,4.4454727,4.1322174,4.0545807,3.504776,3.728653,4.032608,3.77919,3.8267975,4.1981354,4.152725,4.148575,3.9818268,3.9766998,3.92128,3.7020416,4.0284576,45788370.0,46137550.0,46826190.0,45669070.0,45965520.0,46152910.0,45118670.0,45312210.0,45316816.0,44183250.0,44431570.0,44603600.0,43672270.0,44002510.0,44404944.0,1397.4502,1386.4502,1547.9502,1410.9502,1392.9502,1364.4502,1535.4502,1529.4502,1364.9502,1603.4502,1642.4502,1467.4502,1628.9502,1661.4502,1550.9502,306.02466,305.96997,303.8606,306.1731,306.14966,306.3059,305.01685,305.10278,306.75903,304.6731,304.43872,305.95435,304.45435,304.15747,304.9856,284.938,284.46143,283.41064,284.40283,284.47705,283.74268,283.78564,283.98486,284.21533,283.17627,283.53564,283.9497,282.9497,283.313,284.02393,0.008447556,0.004541306,0.035791308,0.020166306,0.024072556,0.027978806,0.14516631,0.11391631,0.09438506,0.2936038,0.2623538,0.17641631,0.27407256,0.3795413,0.25063506,100248.25,100246.5,100312.75,100235.0,100224.0,100191.75,100275.5,100253.75,100159.0,100278.5,100286.5,100200.75,100272.25,100284.5,100233.25,314.8872,313.60596,308.3169,315.7622,313.34814,313.0747,311.0747,311.12158,314.16846,311.53564,310.87158,314.16846,311.77002,309.4419,311.11377,40565470.0,40838624.0,41365216.0,41048930.0,40908640.0,40922850.0,41382370.0,41054816.0,40874210.0,41617890.0,41395170.0,41325410.0,41779810.0,41708256.0,41766110.0,85343.19,85447.19,83903.19,85199.19,85375.19,85639.19,83999.19,84047.19,85607.19,83335.19,82967.19,84623.19,83087.19,82775.19,83815.19,44009664.0,44163264.0,44435136.0,43785150.0,44007360.0,44152510.0,43311550.0,43550144.0,43752896.0,42648770.0,42944190.0,43303360.0,42384576.0,42654400.0,43209920.0,67655200.0,67683180.0,67711170.0,67658380.0,67686340.0,67715550.0,67661570.0,67690020.0,67719420.0,67664750.0,67692940.0,67722530.0,67667940.0,67695760.0,67725600.0,0.23000753,0.20657003,0.20657003,0.22610128,0.22610128,0.24563253,0.30422628,0.24563253,0.23782003,0.42922628,0.40969503,0.31985128,0.48782003,0.5386013,0.46438253,28.55371,27.83496,25.194336,28.663086,28.77246,28.069336,27.08496,27.288086,28.64746,25.58496,25.74121,27.663086,25.139648,25.100586,26.608398,4.789228313679903,4.723125211971599,5.287659368209992,4.736656047313758,5.151863268328654,5.6005702033234295,4.831212889692625,5.143218386373361,5.057763133963069,4.811551343065199,4.729592237910833,4.186606384647026,4.23856247424974,4.483199073972531,4.157465588087547,6.412730293599541,6.429534335305564,7.236016556046683,6.331419520710364,6.927645782901878,7.465729102781405,6.546423053230337,6.966802316778906,6.757943411737675,6.5157993938789005,6.438544270754309,5.595020443474716,5.692779962120567,6.082168361733125,5.544892035099151,6.941688556401227,7.000832769784231,7.797752137921605,6.869042228585437,7.471643807335103,7.96955433429058,7.072422324416595,7.514816084443395,7.278599717448783,7.0199904688417485,6.99322887083345,6.097841606034142,6.149233416854189,6.574609355309793,5.999224796708576
2025-05-06 15:15:00,5.2938807,5.3406945,6.502254725,5.546993475000001,5.911739750000001,6.533260625,5.71087275,5.88140515,5.5239222,5.614620575,5.576107275,4.30938375,4.7395594,5.2600672,4.1151087,3.977674175,3.928296825,3.458265075,3.51203705,3.93293545,3.831373,3.5650156,4.0269296,4.132886624999999,3.91657805,3.800672325,3.91328225,3.819959375,3.62727135,3.9554574,3.885755475,3.877943,4.7744274,4.09376325,4.324232,4.858411925,4.140638375,4.21876325,4.000013375,4.105482125,4.0283337,3.056653925,3.495130525,3.843763375,2.9306774,3.02881245,2.919437375,2.413578075,2.6962929250000003,2.99463275,2.88379285,2.7070350000000003,3.09961325,3.22461315,2.893558525,2.854984275,3.0859413,2.8457069500000003,2.69336325,3.09766005,5.802340075,5.853487525,7.0006433,6.057528,6.4325279250000005,7.0154137,6.21853875,6.434847175,6.051973825,6.079012375,6.09646845,4.810641,5.141878625,5.701265775,4.561983525,4.213593725,4.229340775,3.789033175,3.7282422,4.16763425,4.069916924999999,3.782807625,4.2364209,4.33718975,4.192292575,4.06302,4.1275341,4.09634525,3.890107375,4.171113200000001,46425381.5,46757795.0,47410850.0,46292642.5,46572196.0,46716706.5,45705762.5,45886630.0,45859236.0,44722341.5,44968357.5,45134884.0,44205090.0,44542882.5,44960292.0,1397.4502,1386.4502,1547.9502,1410.9502,1392.9502,1364.4502,1535.4502,1529.4502,1364.9502,1603.4502,1642.4502,1467.4502,1628.9502,1661.4502,1550.9502,305.86438,305.8604725,303.7452425,306.04993,306.12024,306.21203,304.8975875,305.063595,306.6710175,304.5050075,304.368285,305.9444625,304.38782,304.1534425,305.053835,284.8354575,284.4321325,283.509275,284.1772475,284.41650250000004,283.896975,283.64599250000003,283.937985,284.2602525,282.941895,283.30029,283.826655,282.701655,283.089365,283.8657225,0.0985876094999999,0.1132360469999999,0.1308141735,0.1034704219999999,0.1024938594999999,0.1278844845,0.2255407375,0.2157751075,0.1952673,0.3827672925,0.354446975,0.2821813574999999,0.3622594875,0.4296422925,0.3192907375,100228.6725,100225.2975,100294.36,100213.235,100198.36,100168.9225,100253.485,100227.735,100133.86,100257.5475,100260.61,100171.2975,100246.1725,100254.7975,100199.735,314.27746,313.0548125,307.93567499999995,315.1192575,312.8907425,312.543085,310.554805,310.677855,313.5841075,310.9063675,310.34973,313.613405,311.226685,309.0548125,310.74817,41175926.5,41452215.5,41985592.0,41665881.5,41522584.0,41536121.5,42004217.5,41670744.5,41486650.0,42243705.0,42016441.5,41944601.5,42408665.0,42334776.0,42391798.5,85326.1425,85430.1425,83886.1425,85182.1425,85354.1425,85620.1425,83982.1425,84026.1425,85588.1425,83318.1425,82946.1425,84600.1425,83066.1425,82754.1425,83792.1425,44654195.5,44793715.5,45044852.0,44415666.5,44626996.0,44749426.5,43926706.5,44158515.5,44344116.0,43251445.0,43546355.0,43899187.5,42994548.0,43268467.5,43827444.0,68640015.0,68666950.0,68693862.5,68643197.5,68670075.0,68697895.0,68646330.0,68673567.5,68701520.0,68649215.0,68676330.0,68704682.5,68652235.0,68678985.0,68707625.0,0.32405518,0.3172192474999999,0.30452393,0.3181958099999999,0.3094067425,0.31624268,0.382648935,0.337727055,0.3211254974999999,0.5008129925,0.4832348725,0.4090161175,0.5398754975,0.564289575,0.49983643,28.8189575,28.18028575,25.46544275,28.752552,28.92052,28.2584115,26.967395,27.28770825,28.762317,25.38341075,25.63927,27.6666145,24.86387975,24.91075525,26.49669225,4.926743393842171,4.85402477309252,5.34981458762745,4.901927486658246,5.259924685506111,5.64981660186358,4.947011688256623,5.235032536587154,5.137921463717776,5.022714845210177,4.9374495044560165,4.3435201075007805,4.507103885208891,4.693476587716397,4.264313286830221,6.621711614703137,6.629821542668801,7.364707315144953,6.5653286933911605,7.1004681624239945,7.573830831178128,6.732265873755724,7.127909128335089,6.898874424625856,6.845695568965591,6.748191051261726,5.8210451186130765,6.08732395497223,6.38947606576992,5.707868503743796,7.170880170893277,7.221539974022731,7.96026249661941,7.112906253610041,7.66463246005168,8.110502645246418,7.278726379869606,7.704188484685606,7.445643162681797,7.384423368808378,7.326326438416827,6.3386753014761545,6.574112883228387,6.9019828184526615,6.181413997588713
2025-05-06 15:30:00,5.5017619,5.464042,6.50566815,5.82610265,6.0338665,6.499564749999999,5.9666055,6.060355700000001,5.5692668,5.993339150000001,5.90093185,4.4800335,5.1045451,5.5103068,4.2186808,4.04949135,4.09917405,3.73455005,3.5117717,4.0615763,4.111381,3.5110393,4.051566599999999,4.30913495,3.9548869,3.87590745,4.061576499999999,3.99700115,3.8057169,4.0829386,4.03837765,3.948534,4.7375965,4.3020495,4.387987,4.78837785,4.325487150000001,4.3332995,3.99736215,4.364549650000001,4.2571278,3.16533085,3.73369025,4.012987150000001,2.995409,3.0575543,3.04388235,2.63372615,2.6835308500000004,3.0927105,3.1073589,2.640562,3.0995465,3.3573589,2.89642145,2.89349175,3.1991558,2.9784527,2.8182965,3.1835308,6.02688315,5.99978355,7.035550199999999,6.346097,6.57510085,7.0143098,6.4894075,6.63686835,6.12624835,6.49502275,6.4439974,4.998563,5.54702475,5.969265849999999,4.678494349999999,4.29497005,4.40410085,4.07329035,3.7278314,4.3026605,4.36064385,3.73881775,4.2747064,4.5216545,4.23601015,4.1442132,4.2783684,4.2714105,4.07817315,4.3137688,47062393.0,47378040.0,47995510.0,46916215.0,47178872.0,47280503.0,46292855.0,46461050.0,46401656.0,45261433.0,45505145.0,45666168.0,44737910.0,45083255.0,45515640.0,1397.4502,1386.4502,1547.9502,1410.9502,1392.9502,1364.4502,1535.4502,1529.4502,1364.9502,1603.4502,1642.4502,1467.4502,1628.9502,1661.4502,1550.9502,305.7041,305.750975,303.629885,305.92676,306.09082,306.11816,304.778325,305.02441,306.583005,304.336915,304.29785,305.934575,304.32129,304.149415,305.12207,284.732915,284.402835,283.60791,283.951665,284.355955,284.05127000000005,283.506345,283.89111,284.305175,282.70752,283.06494,283.70361,282.45361,282.86573,283.707515,0.188727663,0.221930788,0.225837039,0.186774538,0.180915163,0.227790163,0.305915165,0.317633905,0.29614954,0.4719307849999999,0.44654015,0.387946405,0.450446415,0.4797432849999999,0.387946415,100209.095,100204.095,100275.97,100191.47,100172.72,100146.095,100231.47,100201.72,100108.72,100236.595,100234.72,100141.845,100220.095,100225.095,100166.22,313.66772000000003,312.503665,307.55445,314.476315,312.43334500000003,312.01147000000003,310.03491,310.23413,312.999755,310.27709500000003,309.82788,313.05835,310.68335,308.667725,310.38257,41786383.0,42065807.0,42605968.0,42282833.0,42136528.0,42149393.0,42626065.0,42286673.0,42099090.0,42869520.0,42637713.0,42563793.0,43037520.0,42961296.0,43017487.0,85309.095,85413.095,83869.095,85165.095,85333.095,85601.095,83965.095,84005.095,85569.095,83301.095,82925.095,84577.095,83045.095,82733.095,83769.095,45298727.0,45424167.0,45654568.0,45046183.0,45246632.0,45346343.0,44541863.0,44766887.0,44935336.0,43854120.0,44148520.0,44495015.0,43604520.0,43882535.0,44444968.0,69624830.0,69650720.0,69676555.0,69628015.0,69653810.0,69680240.0,69631090.0,69657115.0,69683620.0,69633680.0,69659720.0,69686835.0,69636530.0,69662210.0,69689650.0,0.41810283,0.427868465,0.40247783,0.41029034,0.392712205,0.38685283,0.46107159,0.42982158,0.404430965,0.572399705,0.556774715,0.498180955,0.591930965,0.5899778499999999,0.53529033,29.084205,28.5256115,25.7365495,28.842018,29.06858,28.447487,26.84983,27.2873305,28.877174,25.1818615,25.53733,27.670143,24.5881115,24.7209245,26.3849865,5.065286994975509,4.985593295666778,5.420455149708932,5.070401140279926,5.368359912392168,5.708260835646864,5.067781246330502,5.327726819419564,5.220226330501565,5.23818201891985,5.147371330383199,4.500435225912641,4.776151522835342,4.903759886860018,4.371194737349234,6.831380841236744,6.830738091155114,7.501372018096385,6.802647467071767,7.273509949160992,7.690760408867485,6.922989105781891,7.28993162689185,7.041688484084889,7.180615889929939,7.060003913547777,6.047073988837452,6.483239843707414,6.6967874501937015,5.870916053194646,7.400681606051629,7.442681435062321,8.129616281973163,7.360005032622937,7.857788401702541,8.259283065552292,7.4894037058214,7.894373711792006,7.614215538271029,7.754295745837954,7.661566780904608,6.5795188449526885,7.001030726730373,7.229358963930144,6.36371830322771
2025-05-06 15:45:00,5.7096431,5.5873895000000005,6.509081575,6.105211825,6.15599325,6.465868875,6.22233825,6.23930625,5.6146114,6.372057725,6.225756425,4.65068325,5.4695308,5.760546400000001,4.3222529,4.121308525,4.270051275,4.010835025,3.51150635,4.19021715,4.391389,3.457063,4.0762036,4.485383275,3.99319575,3.951142575,4.209870749999999,4.174042925,3.98416245,4.2104198,4.190999825,4.019125,4.7007656,4.510335749999999,4.451741999999999,4.718343775,4.510335925000001,4.447835749999999,3.994710925,4.623617175000001,4.4859219,3.274007775,3.972249975,4.182210925000001,3.0601406,3.08629615,3.168327325,2.853874225,2.670768775,3.19078825,3.33092495,2.574089,3.0994797500000004,3.49010465,2.899284375,2.931999225,3.3123703,3.11119845,2.9432297500000004,3.26940155,6.251426225,6.146079575,7.0704571,6.634666,6.717673775,7.0132059,6.76027625,6.838889525000001,6.200522875,6.911033125,6.79152635,5.186484999999999,5.952170875,6.237265925,4.795005175,4.376346375,4.578860925,4.357547525,3.7274206,4.43768675,4.651370775,3.694827875,4.3129919,4.70611925,4.279727725000001,4.2254064,4.4292027,4.446475749999999,4.266238925,4.4564244,47699404.5,47998285.0,48580170.0,47539787.5,47785548.0,47844299.5,46879947.5,47035470.0,46944076.0,45800524.5,46041932.5,46197452.0,45270730.0,45623627.5,46070988.0,1397.4502,1386.4502,1547.9502,1410.9502,1392.9502,1364.4502,1535.4502,1529.4502,1364.9502,1603.4502,1642.4502,1467.4502,1628.9502,1661.4502,1550.9502,305.54382,305.64147749999995,303.5145275,305.80359,306.0614,306.02429,304.6590625,304.985225,306.4949925,304.1688225,304.22741499999995,305.9246875,304.25476,304.1453875,305.190305,284.6303725,284.3735375,283.706545,283.7260825,284.2954075,284.20556500000004,283.3666975,283.844235,284.3500975,282.473145,282.82959,283.580565,282.205565,282.642095,283.5493075,0.2788677165,0.330625529,0.3208599045,0.270078654,0.2593364665,0.3276958415,0.3862895925,0.4194927025,0.39703178,0.5610942775,0.5386333249999999,0.4937114524999999,0.5386333425,0.5298442775,0.4566020924999999,100189.5175,100182.8925,100257.58,100169.705,100147.08,100123.2675,100209.455,100175.705,100083.58,100215.6425,100208.83,100112.3925,100194.0175,100195.3925,100132.705,313.05798,311.9525175,307.173225,313.8333725,311.9759475,311.479855,309.515015,309.790405,312.4154025,309.6478225,309.30603,312.503295,310.140015,308.2806375,310.01697,42396839.5,42679398.5,43226344.0,42899784.5,42750472.0,42762664.5,43247912.5,42902601.5,42711530.0,43495335.0,43258984.5,43182984.5,43666375.0,43587816.0,43643175.5,85292.0475,85396.0475,83852.0475,85148.0475,85312.0475,85582.0475,83948.0475,83984.0475,85550.0475,83284.0475,82904.0475,84554.0475,83024.0475,82712.0475,83746.0475,45943258.5,46054618.5,46264284.0,45676699.5,45866268.0,45943259.5,45157019.5,45375258.5,45526556.0,44456795.0,44750685.0,45090842.5,44214492.0,44496602.5,45062492.0,70609645.0,70634490.0,70659247.5,70612832.5,70637545.0,70662585.0,70615850.0,70640662.5,70665720.0,70618145.0,70643110.0,70668987.5,70620825.0,70645435.0,70671675.0,0.51215048,0.5385176825,0.50043173,0.50238487,0.4760176675,0.45746298,0.539494245,0.521916105,0.4877364325,0.6439864175000001,0.6303145575,0.5873457925000001,0.6439864325,0.615666125,0.57074423,29.3494525,28.87093725,26.00765625,28.931484,29.21664,28.6365625,26.732265,27.28695275,28.992031,24.98031225,25.43539,27.6736715,24.31234325,24.53109375,26.27328075,5.204776984526315,5.117779186714356,5.499254069259095,5.241768253866538,5.477146747249161,5.775623689404787,5.193174783912689,5.4212560887342445,5.304577819418429,5.457443143824233,5.359115108700336,4.65735159882551,5.045624407263179,5.1140482577381325,4.478107522928716,7.041676525346452,7.032230038603642,7.645583074414353,7.043031185094252,7.446755847897773,7.816121650666318,7.118200466647597,7.452810092169398,7.186273324655812,7.519889091505954,7.373708070666102,6.273106600683279,6.880290801404487,7.004102030563446,6.034028921358469,7.631037769569313,7.664219563186068,8.305394875355056,7.610023473082087,8.051099591884844,8.415480205093404,7.704095534336985,8.085314407283143,7.784217514857793,8.12886512712451,7.998680479173129,6.820371193191195,7.429635571179539,7.556737443126581,6.546128096912873
2025-05-06 16:00:00,5.9175243,5.710737,6.512495,6.384321,6.27812,6.432173,6.478071,6.4182568,5.659956,6.7507763,6.550581,4.821333,5.8345165,6.010786,4.425825,4.1931257,4.4409285,4.28712,3.511241,4.318858,4.671397,3.4030867,4.1008406,4.6616316,4.0315046,4.0263777,4.358165,4.3510847,4.162608,4.337901,4.343622,4.089716,4.6639347,4.718622,4.515497,4.6483097,4.6951847,4.562372,3.9920597,4.8826847,4.714716,3.3826847,4.2108097,4.3514347,3.1248722,3.115038,3.2927723,3.0740223,2.6580067,3.288866,3.554491,2.507616,3.099413,3.6228504,2.9021473,2.9705067,3.4255848,3.2439442,3.068163,3.3552723,6.4759693,6.2923756,7.105364,6.923235,6.8602467,7.012102,7.031145,7.0409107,6.2747974,7.3270435,7.1390553,5.374407,6.357317,6.505266,4.911516,4.4577227,4.753621,4.6418047,3.7270098,4.572713,4.9420977,3.650838,4.3512774,4.890584,4.3234453,4.3065996,4.580037,4.621541,4.4543047,4.59908,48336416.0,48618530.0,49164830.0,48163360.0,48392224.0,48408096.0,47467040.0,47609890.0,47486496.0,46339616.0,46578720.0,46728736.0,45803550.0,46164000.0,46626336.0,1397.4502,1386.4502,1547.9502,1410.9502,1392.9502,1364.4502,1535.4502,1529.4502,1364.9502,1603.4502,1642.4502,1467.4502,1628.9502,1661.4502,1550.9502,305.38354,305.53198,303.39917,305.68042,306.03198,305.93042,304.5398,304.94604,306.40698,304.00073,304.15698,305.9148,304.18823,304.14136,305.25854,284.52783,284.34424,283.80518,283.5005,284.23486,284.35986,283.22705,283.79736,284.39502,282.23877,282.59424,283.45752,281.95752,282.41846,283.3911,0.36900777,0.43932027,0.41588277,0.35338277,0.33775777,0.42760152,0.46666402,0.5213515,0.49791402,0.65025777,0.6307265,0.5994765,0.62682027,0.57994527,0.52525777,100169.94,100161.69,100239.19,100147.94,100121.44,100100.44,100187.44,100149.69,100058.44,100194.69,100182.94,100082.94,100167.94,100165.69,100099.19,312.44824,311.40137,306.792,313.19043,311.51855,310.94824,308.99512,309.34668,311.83105,309.01855,308.78418,311.94824,309.59668,307.89355,309.65137,43007296.0,43292990.0,43846720.0,43516736.0,43364416.0,43375936.0,43869760.0,43518530.0,43323970.0,44121150.0,43880256.0,43802176.0,44295230.0,44214336.0,44268864.0,85275.0,85379.0,83835.0,85131.0,85291.0,85563.0,83931.0,83963.0,85531.0,83267.0,82883.0,84531.0,83003.0,82691.0,83723.0,46587790.0,46685070.0,46874000.0,46307216.0,46485904.0,46540176.0,45772176.0,45983630.0,46117776.0,45059470.0,45352850.0,45686670.0,44824464.0,45110670.0,45680016.0,71594460.0,71618260.0,71641940.0,71597650.0,71621280.0,71644930.0,71600610.0,71624210.0,71647820.0,71602610.0,71626500.0,71651140.0,71605120.0,71628660.0,71653700.0,0.60619813,0.6491669,0.59838563,0.5944794,0.55932313,0.52807313,0.6179169,0.61401063,0.5710419,0.71557313,0.7038544,0.67651063,0.6960419,0.6413544,0.60619813,29.6147,29.216263,26.278763,29.02095,29.3647,28.825638,26.6147,27.286575,29.106888,24.778763,25.33345,27.6772,24.036575,24.341263,26.161575,5.345139270433278,5.250535818400184,5.585866091015912,5.415754166884691,5.586264648489633,5.851597161134308,5.322865522495388,5.515577867363763,5.390879860388678,5.680058875620163,5.57247315071153,4.814269103571707,5.315457863846513,5.324341099416255,4.585049451585024,7.252544172708704,7.234249306270917,7.7969217656345,7.28617650013517,7.620191937121007,7.949515672890896,7.317540773289745,7.616489609876364,7.332524196758888,7.862951735351225,7.689072038979625,6.499142563762853,7.27829106695702,7.311419403881848,6.19720195059238,7.861899900446315,7.886120928765698,8.487199093071759,7.8626830607955345,8.244555110206365,8.578688951975662,7.922475504112904,8.276958287748299,7.955557445716972,8.507511135049096,8.337440296108767,7.061231445223842,7.859651433312422,7.8841179653273885,6.728634799471286
2025-05-06 16:15:00,5.863190625,5.75082475,6.613129575,6.3989571,6.56149385,6.768098,6.49307325,6.728364025,6.0849314,6.649506575,6.78610325,5.274933875,5.902863475,6.335236500000001,4.900544075,4.231107700000001,4.445158025,4.328642,3.63754085,4.294523125,4.623258425,3.60336115,4.113554025,4.6260052,4.21853445,4.089872375000001,4.35226265,4.598905525,4.315763375,4.37026775,4.2971095,4.144765875,4.7531642750000005,4.69945325,4.72386725,4.894765850000001,4.6418361500000005,4.753164125,4.2863674,4.7551174000000005,4.84593775,3.70433615,4.222890850000001,4.5441799000000005,3.455312725,3.0942915,3.2139203500000004,3.040580525,2.69927195,3.19731875,3.4722211,2.655326575,3.09331495,3.579643,3.0479047250000004,3.005912575,3.3931196000000003,3.403861775,3.157768075,3.349174275,6.432297975,6.3336652,7.20536935,6.97099425,7.165208025,7.36113075,7.089646500000001,7.382737275,6.72343555,7.250779375,7.405808725,5.858567625,6.4547589,6.8761455,5.4224101,4.545357275,4.802071,4.708382125,3.90387775,4.582955,4.906929525,3.874642,4.377998874999999,4.8619466,4.531135975,4.3816609500000006,4.58631175,4.8975911,4.617744925,4.63831375,48794804.5,49086133.5,49638066.5,48564147.5,48817075.5,48861364.5,47846836.0,48016565.0,47931059.5,46735539.5,46988340.0,47167412.0,46222898.5,46572852.5,47045684.5,1397.4502,1386.4502,1547.9502,1410.9502,1392.9502,1364.4502,1535.4502,1529.4502,1364.9502,1603.4502,1642.4502,1467.4502,1628.9502,1661.4502,1550.9502,305.076355,305.20331,303.1427625,305.150575,305.51581,305.62909,304.0197175,304.46698,306.160335,303.6017475,303.7619,305.6662,303.83025999999995,303.775575,304.941585,284.83679,284.62683000000004,284.06824,283.949105,284.33386,284.230345,283.542845,283.7537825,284.10437,282.4344475,282.57605,283.22937,282.02429,282.29187,283.0877575,0.3501414275,0.4194773625,0.4185008025,0.3237742375,0.3354929875,0.455610175,0.4419383,0.508344535,0.50736799,0.5825633025,0.61186016,0.602094535,0.5542429875,0.5337351775,0.5161570525,100165.97,100157.845,100232.6575,100152.1575,100124.4075,100095.7825,100191.47,100152.22,100051.72,100194.97,100182.0325,100075.0325,100165.0325,100161.97,100093.22,311.5604225,310.5545675,306.1659,311.773315,310.4354225,310.18738,307.9823025,308.411985,311.1072975,308.2147175,307.947145,311.1385475,308.7186275,307.113155,308.8475375,43470412.0,43758795.0,44318284.0,43985804.5,43831179.5,43842316.0,44343692.5,43987725.0,43790157.5,44599306.5,44354699.5,44274699.5,44776266.5,44693324.5,44747148.0,85269.59375,85373.59375,83827.59375,85127.59375,85287.59375,85555.59375,83925.59375,83959.59375,85523.59375,83261.59375,82877.59375,84523.59375,82997.59375,82683.59375,83715.59375,47027610.0,47128858.5,47319067.5,46706459.5,46904988.0,46978332.0,46163356.0,46400922.5,46560796.0,45471130.0,45784605.0,46137242.5,45256604.0,45545882.5,46122908.0,72387951.0,72410540.0,72432682.5,72391457.5,72413507.5,72436027.5,72394280.0,72416462.5,72438782.5,72396440.0,72419097.5,72441967.5,72399197.5,72421312.5,72444370.0,0.5609935275,0.6225169875,0.6059154099999999,0.565876355,0.5727122849999999,0.5805247849999999,0.5893138625,0.6107982224999999,0.5873607375,0.6469310275,0.67818105,0.6732982224999999,0.61861073,0.59907948,0.5990794724999999,29.8656425,29.51212725,26.7836115,29.3363455,29.4945485,29.0023615,26.86368925,27.297283,28.8773615,24.64493975,25.02775175,27.2289235,23.90470475,24.13908025,25.81876725,5.295261083455896,5.244842054314757,5.642490633943981,5.419495355565163,5.704188722747883,6.001254210047383,5.347653884026906,5.671081605750398,5.584513362436494,5.648085047204946,5.70251024421861,5.023481554868196,5.4239360352349175,5.533630831475228,4.8120842004134445,7.230440973694979,7.268522213795213,7.903836052190335,7.36059477237126,7.841946851053479,8.196442460112648,7.425914880147421,7.886203723561033,7.643710764617732,7.874767970982068,7.923272894672296,6.838648811001157,7.482895778531504,7.665574669907251,6.566168779258394,7.876212922247881,7.948282880895221,8.60733464580871,7.989682241521131,8.505508954410042,8.846705787009778,8.079352580691491,8.58322106328246,8.297174840646385,8.550145891671358,8.60493785869724,7.440233200974698,8.102487953704616,8.282810219335797,7.13557886481686
2025-05-06 16:30:00,5.80885695,5.7909125,6.71376415,6.413593199999999,6.8448677,7.104023,6.5080755,7.038471250000001,6.5099068,6.54823685,7.021625500000001,5.72853475,5.97121045,6.659687,5.37526315,4.2690897,4.44938755,4.370164,3.7638407,4.27018825,4.57511985,3.8036356,4.12626745,4.5903788,4.4055643,4.15336705,4.3463603,4.84672635,4.46891875,4.4026345,4.250597,4.19981575,4.8423938500000006,4.6802845,4.932237499999999,5.141222000000001,4.5884876000000006,4.943956249999999,4.5806751,4.6275501000000006,4.9771595,4.0259876,4.234972000000001,4.7369251000000006,3.78575325,3.073545,3.1350684,3.00713875,2.7405372000000003,3.1057715000000004,3.3899512,2.80303715,3.0872169,3.5364356,3.19366215,3.0413184500000003,3.3606544,3.56377935,3.24737315,3.34307625,6.38862665,6.374954799999999,7.3053747,7.0187535,7.470169350000001,7.7101595,7.148148000000001,7.724563850000001,7.1720737,7.174515250000001,7.672562149999999,6.34272825,6.5522008,7.247025,5.9333042,4.63299185,4.8505210000000005,4.77495955,4.0807457,4.593197,4.87176135,4.098446,4.40472035,4.8333092,4.73882665,4.4567223,4.5925865,5.1736412000000005,4.78118515,4.677547499999999,49253193.0,49553737.0,50111303.0,48964935.0,49241927.0,49314633.0,48226632.0,48423240.0,48375623.0,47131463.0,47397960.0,47606088.0,46642247.0,46981705.0,47465033.0,1397.4502,1386.4502,1547.9502,1410.9502,1392.9502,1364.4502,1535.4502,1529.4502,1364.9502,1603.4502,1642.4502,1467.4502,1628.9502,1661.4502,1550.9502,304.76917000000003,304.87464,302.886355,304.62073,304.99964,305.32776,303.499635,303.98792000000003,305.91369,303.202765,303.36682,305.4176,303.47229,303.40979000000004,304.62463,285.14575,284.90942,284.3313,284.39771,284.43286,284.10083,283.85864000000004,283.710205,283.81372,282.630125,282.55786,283.00122,282.09106,282.16528,282.784415,0.331275085,0.399634455,0.421118835,0.294165705,0.333228205,0.48361883,0.41721258,0.49533757,0.51682196,0.5148688349999999,0.59299382,0.60471257,0.4816657049999999,0.4875250849999999,0.5070563349999999,100162.0,100154.0,100226.125,100156.375,100127.375,100091.125,100195.5,100154.75,100045.0,100195.25,100181.125,100067.125,100162.125,100158.25,100087.25,310.672605,309.707765,305.5398,310.3562,309.352295,309.42652,306.969485,307.47729,310.383545,307.410885,307.11011,310.328855,307.840575,306.33276,308.043705,43933528.0,44224600.0,44789848.0,44454873.0,44297943.0,44308696.0,44817625.0,44456920.0,44256345.0,45077463.0,44829143.0,44747223.0,45257303.0,45172313.0,45225432.0,85264.1875,85368.1875,83820.1875,85124.1875,85284.1875,85548.1875,83920.1875,83956.1875,85516.1875,83256.1875,82872.1875,84516.1875,82992.1875,82676.1875,83708.1875,47467430.0,47572647.0,47764135.0,47105703.0,47324072.0,47416488.0,46554536.0,46818215.0,47003816.0,45882790.0,46216360.0,46587815.0,45688744.0,45981095.0,46565800.0,73181442.0,73202820.0,73223425.0,73185265.0,73205735.0,73227125.0,73187950.0,73208715.0,73229745.0,73190270.0,73211695.0,73232795.0,73193275.0,73213965.0,73235040.0,0.5157889250000001,0.5958670749999999,0.61344519,0.53727331,0.58610144,0.63297644,0.5607108249999999,0.607585815,0.6036795749999999,0.5782889250000001,0.6525076999999999,0.670085815,0.54117956,0.55680456,0.591960815,30.116585,29.8079915,27.28846,29.651741,29.624397,29.179085,27.1126785,27.307991,28.647835,24.5111165,24.7220535,26.780647,23.7728345,23.9368975,25.4759595,5.245403103998205,5.240907002287545,5.700145757809128,5.423615689327932,5.828617620552793,6.158241046895245,5.376916934418263,5.828688668093336,5.786964759241874,5.622605966662847,5.832815323902399,5.244289670831801,5.534935509675829,5.743160434669306,5.050553086860846,7.208879658602257,7.302856780243691,8.010802859184667,7.436442331522697,8.067634196029301,8.449784874562962,7.538082680051183,8.158808773712378,7.965579958306594,7.892300212557326,8.15804403728467,7.190755053495679,7.690650853469655,8.020141253872687,6.948139641108127,7.891714893181117,8.010468317987659,8.727470321435433,8.1188291127373,8.769315184122899,9.120340901895831,8.239737826218745,8.892156545767227,8.648671515385258,8.598264190592936,8.873025617281284,7.830839828098282,8.348526731696921,8.682113958547511,7.555365599657894
2025-05-06 16:45:00,5.754523275,5.831000250000001,6.814398725,6.4282293,7.12824155,7.439947999999999,6.52307775,7.348578475,6.9348822,6.446967125,7.257147750000001,6.182135625,6.039557425,6.9841375,5.849982225,4.3070717,4.453617075,4.411686,3.89014055,4.245853375,4.526981275000001,4.00391005,4.138980875,4.5547524,4.59259415,4.216861724999999,4.340457949999999,5.094547175,4.622074125,4.435001249999999,4.2040845,4.254865625,4.931623425,4.66111575,5.14060775,5.38767815,4.53513905,5.134748375,4.8749828,4.4999828,5.10838125,4.34763905,4.24705315,4.9296703,4.116193775,3.0527985,3.05621645,2.973696975,2.7818024500000003,3.0142242500000003,3.3076813,2.950747725,3.08111885,3.4932282,3.339419575,3.0767243250000003,3.3281892,3.723696925,3.336978225,3.336978225,6.344955325,6.4162444,7.40538005,7.066512749999999,7.775130675000001,8.05918825,7.2066495,8.066390425,7.62071185,7.098251125,7.939315574999999,6.826888875,6.6496427,7.6179045,6.4441983,4.720626425,4.898971,4.841536975,4.25761365,4.603439,4.836593175,4.32225,4.431441825,4.8046718,4.946517325,4.53178365,4.59886125,5.4496913000000005,4.944625374999999,4.71678125,49711581.5,50021340.5,50584539.5,49365722.5,49666778.5,49767901.5,48606428.0,48829915.0,48820186.5,47527386.5,47807580.0,48044764.0,47061595.5,47390557.5,47884381.5,1397.4502,1386.4502,1547.9502,1410.9502,1392.9502,1364.4502,1535.4502,1529.4502,1364.9502,1603.4502,1642.4502,1467.4502,1628.9502,1661.4502,1550.9502,304.461985,304.54597,302.6299475,304.090885,304.48347,305.02643,302.9795525,303.50886,305.667045,302.8037825,302.97174,305.169,303.11432,303.044005,304.307675,285.45471,285.19201,284.59436,284.846315,284.53186,283.971315,284.174435,283.6666275,283.52307,282.8258025,282.53967,282.77307,282.15783,282.03869,282.4810725,0.3124087425,0.3797915475,0.4237368675,0.2645571725,0.3309634225,0.511627485,0.39248686,0.4823306049999999,0.52627593,0.4471743674999999,0.57412748,0.607330605,0.4090884225,0.4413149924999999,0.4979556174999999,100158.03,100150.155,100219.5925,100160.5925,100130.3425,100086.4675,100199.53,100157.28,100038.28,100195.53,100180.2175,100059.2175,100159.2175,100154.53,100081.28,309.7847875,308.8609625,304.9137,308.939085,308.2691675,308.66566,305.9566675,306.542595,309.6597925,306.6070525,306.273075,309.5191625,306.9625225,305.552365,307.2398725,44396644.0,44690405.0,45261412.0,44923941.5,44764706.5,44775076.0,45291557.5,44926115.0,44722532.5,45555619.5,45303586.5,45219746.5,45738339.5,45651301.5,45703716.0,85258.78125,85362.78125,83812.78125,85120.78125,85280.78125,85540.78125,83914.78125,83952.78125,85508.78125,83250.78125,82866.78125,84508.78125,82986.78125,82668.78125,83700.78125,47907250.0,48016435.5,48209202.5,47504946.5,47743156.0,47854644.0,46945716.0,47235507.5,47446836.0,46294450.0,46648115.0,47038387.5,46120884.0,46416307.5,47008692.0,73974933.0,73995100.0,74014167.5,73979072.5,73997962.5,74018222.5,73981620.0,74000967.5,74020707.5,73984100.0,74004292.5,74023622.5,73987352.5,74006617.5,74025710.0,0.4705843225,0.5692171625,0.62097497,0.508670265,0.599490595,0.685428095,0.5321077875,0.6043734075,0.6199984125,0.5096468225,0.62683435,0.6668734075,0.46374839,0.51452964,0.5848421575,30.3675275,30.10385575,27.7933085,29.9671365,29.7542455,29.3558085,27.36166775,27.318699,28.4183085,24.37729325,24.41635525,26.3323705,23.64096425,23.73471475,25.13315175,5.195565913809823,5.238734625466082,5.758800509232186,5.428114304776942,5.959143887224752,6.322011660093416,5.410582070297758,5.988232981639113,5.997341123995789,5.603710226108147,5.963370822563214,5.475290737493448,5.648307644611736,5.95290458018825,5.298912611798095,7.187865103871776,7.337252140020243,8.117820110465471,7.51367589347137,8.296933076573856,8.708983046653875,7.653877384766238,8.434024441916746,8.296888606771974,7.9155104786390735,8.393337612243418,7.553699497703913,7.901307791003531,8.375066915308842,7.341084941636182,7.908398821547515,8.072676697314984,8.847606114946016,8.25002281442778,9.035723968783408,9.39910361627079,8.403430375647213,9.203495593354246,9.008891175191632,8.65177453936988,9.141651647806588,8.231399425878344,8.59749284983471,9.081948528273772,7.985970015600763
2025-05-06 17:00:00,5.7001896,5.871088,6.9150333,6.4428654,7.4116154,7.775873,6.53808,7.6586857,7.3598576,6.3456974,7.49267,6.6357365,6.1079044,7.308588,6.3247013,4.3450537,4.4578466,4.453208,4.0164404,4.2215185,4.4788427,4.2041845,4.1516943,4.519126,4.779624,4.2803564,4.3345556,5.342368,4.7752295,4.467368,4.157572,4.3099155,5.020853,4.641947,5.348978,5.6341343,4.4817905,5.3255405,5.1692905,4.3724155,5.239603,4.6692905,4.2591343,5.1224155,4.4466343,3.032052,2.9773645,2.9402552,2.8230677,2.922677,3.2254114,3.0984583,3.0750208,3.4500208,3.485177,3.1121302,3.295724,3.8836145,3.4265833,3.3308802,6.301284,6.457534,7.5053854,7.114272,8.080092,8.408217,7.265151,8.408217,8.06935,7.021987,8.206069,7.3110495,6.7470846,7.988784,6.9550924,4.808261,4.947421,4.9081144,4.4344816,4.613681,4.801425,4.546054,4.4581633,4.7760344,5.154208,4.606845,4.605136,5.7257414,5.1080656,4.756015,50169970.0,50488944.0,51057776.0,49766510.0,50091630.0,50221170.0,48986224.0,49236590.0,49264750.0,47923310.0,48217200.0,48483440.0,47480944.0,47799410.0,48303730.0,1397.4502,1386.4502,1547.9502,1410.9502,1392.9502,1364.4502,1535.4502,1529.4502,1364.9502,1603.4502,1642.4502,1467.4502,1628.9502,1661.4502,1550.9502,304.1548,304.2173,302.37354,303.56104,303.9673,304.7251,302.45947,303.0298,305.4204,302.4048,302.57666,304.9204,302.75635,302.67822,303.99072,285.76367,285.4746,284.85742,285.29492,284.63086,283.8418,284.49023,283.62305,283.23242,283.02148,282.52148,282.54492,282.2246,281.9121,282.17773,0.2935424,0.35994864,0.4263549,0.23494864,0.32869864,0.53963614,0.36776114,0.46932364,0.5357299,0.3794799,0.55526114,0.60994864,0.33651114,0.3951049,0.4888549,100154.06,100146.31,100213.06,100164.81,100133.31,100081.81,100203.56,100159.81,100031.56,100195.81,100179.31,100051.31,100156.31,100150.81,100075.31,308.89697,308.01416,304.2876,307.52197,307.18604,307.9048,304.94385,305.6079,308.93604,305.80322,305.43604,308.70947,306.08447,304.77197,306.43604,44859760.0,45156210.0,45732976.0,45393010.0,45231470.0,45241456.0,45765490.0,45395310.0,45188720.0,46033776.0,45778030.0,45692270.0,46219376.0,46130290.0,46182000.0,85253.375,85357.375,83805.375,85117.375,85277.375,85533.375,83909.375,83949.375,85501.375,83245.375,82861.375,84501.375,82981.375,82661.375,83693.375,48347070.0,48460224.0,48654270.0,47904190.0,48162240.0,48292800.0,47336896.0,47652800.0,47889856.0,46706110.0,47079870.0,47488960.0,46553024.0,46851520.0,47451584.0,74768424.0,74787380.0,74804910.0,74772880.0,74790190.0,74809320.0,74775290.0,74793220.0,74811670.0,74777930.0,74796890.0,74814450.0,74781430.0,74799270.0,74816380.0,0.42537972,0.54256725,0.62850475,0.48006722,0.61287975,0.73787975,0.50350475,0.601161,0.63631725,0.44100472,0.601161,0.663661,0.38631722,0.47225472,0.5777235,30.61847,30.39972,28.298157,30.282532,29.884094,29.532532,27.610657,27.329407,28.188782,24.24347,24.110657,25.884094,23.509094,23.532532,24.790344,5.145750116930281,5.238327116838017,5.81842465696137,5.432990262239781,6.095375828512382,6.492052680754097,5.448567694608293,6.149563768071105,6.214837712589355,5.591464568963059,6.094160646008689,5.715248940996905,5.763912436014859,6.1628413630791385,5.555836526094746,7.167402118747898,7.371707442165319,8.224885836981137,7.592253160246259,8.52955223228977,8.973529564417353,7.773136908381343,8.711603308922932,8.636550451201785,7.944349002513847,8.629110883510593,7.925993385495827,8.114640596290347,8.73030786005936,7.743334125662258,7.926257243666584,8.134907492553127,8.967742021602792,8.3831672505517,9.30451176033568,9.682551066207395,8.570240721456837,9.517002318406565,9.376828569003669,8.710577566122295,9.410769856222496,8.640527898800295,8.849139233802976,9.482246778720716,8.425733734978976
2025-05-06 17:15:00,5.54250145,5.6239223250000006,6.6240444,6.1541958,6.9223843,7.325094075,6.1626185,7.06191065,6.882955575,6.043844225,6.97731585,6.271017125,5.859273875,6.91860005,6.104024875,4.586977525,4.6603417,4.581545375,4.276064399999999,4.385927625,4.473574125000001,4.365908125000001,4.362368099999999,4.62292725,4.819826625,4.4893823,4.57055895,5.407228849999999,4.95941405,4.72467275,3.9903857,4.060698,4.753080825,4.398588825,4.9435105,5.2677293,4.2042527,4.867338625,4.7980027,4.151518325,4.8448777,4.374174575,4.0616746,4.811674575,4.247221475,3.2250032,3.1463899250000003,3.02773765,3.039944675,3.06191725,3.207913375,3.195706375,3.198147775,3.4842806,3.4764680500000003,3.2318392,3.437893925,3.90078445,3.539456375,3.4969759,6.150624625,6.219960575,7.231557125,6.8088275,7.584218,7.959950375,6.87938425,7.813832250000001,7.5952044,6.718983925,7.695058124999999,6.94701125,6.49583935,7.594960575,6.73485305,5.05693085,5.1716768250000005,5.06803915,4.692367775,4.79991185,4.828110000000001,4.73033175,4.708725225,4.924301425,5.23411575,4.8601535,4.8773654,5.8234713000000005,5.3276217,5.040268325,50477453.5,50766348.0,51332108.0,50118922.5,50404746.5,50504973.5,49383948.0,49596042.5,49581450.0,48353675.0,48626956.0,48853387.5,47927564.0,48237837.5,48708877.5,1397.4502,1386.4502,1547.9502,1410.9502,1392.9502,1364.4502,1535.4502,1529.4502,1364.9502,1603.4502,1642.4502,1467.4502,1628.9502,1661.4502,1550.9502,303.896495,303.94923,302.11719,303.539065,303.84962,304.4257825,302.4882775,302.865245,304.96678999999995,302.31251000000003,302.308595,304.41796,302.51172,302.35742,303.5624975,285.57794,285.421685,284.99005,285.036925,284.648255,284.20099,284.3279375,283.8513825,283.761535,283.2205175,282.992,283.14044,282.601375,282.427545,282.681455,0.2923264399999999,0.3509201799999999,0.389006125,0.2532639299999999,0.32259987,0.48666237,0.363615495,0.4368576799999999,0.5042405,0.3587326899999999,0.49838112,0.56869362,0.3020920549999999,0.3528733149999999,0.46127175,100152.795,100145.545,100213.92,100156.295,100130.2325,100087.545,100193.795,100160.545,100045.92,100192.3575,100185.795,100069.4825,100160.92,100161.67,100091.7325,308.0335675,307.205445,303.6781,307.1370825,306.6273225,307.13905,304.6702875,305.092155,308.00623,305.34997250000004,304.816775,307.72497250000004,305.47302,304.176145,305.60193,45150476.0,45447950.0,46028236.0,45688205.0,45524042.5,45532876.0,46064717.5,45690315.0,45480780.0,46336524.5,46077962.5,45989962.5,46524876.0,46434253.5,46484876.0,85250.1875,85354.1875,83804.1875,85112.1875,85276.1875,85536.1875,83906.1875,83950.1875,85508.1875,83244.1875,82864.1875,84508.1875,82982.1875,82666.1875,83700.1875,48604895.0,48702175.5,48887902.5,48180318.5,48420960.0,48536416.0,47630048.0,47930207.5,48149984.5,47010526.5,47374815.0,47769312.5,46862815.5,47156192.5,47746272.0,75326800.5,75343812.5,75359650.0,75331170.0,75346837.5,75364196.0,75333900.0,75350167.5,75367062.5,75336801.5,75353781.5,75370062.5,75340350.0,75356405.0,75372419.0,0.41404817,0.5087747549999999,0.5595560049999999,0.4482278575,0.5517435049999999,0.6503763174999999,0.4775247549999999,0.5507669424999999,0.5888528799999999,0.42186067,0.5468606924999999,0.6161966299999999,0.3583841075,0.431626295,0.5400247549999999,30.02881675,29.86475425,27.8881915,29.616707,29.43701925,29.351082,27.2026445,27.15186325,28.335457,24.47217625,24.36084775,26.07959725,23.78076925,23.757332,24.8960035,5.130674777724147,5.137026163778564,5.635509968601794,5.346853960833018,5.81494912354853,6.167631652391571,5.280935523245188,5.82401360585244,5.929674629247683,5.414880839453589,5.82388397399999,5.563498706041759,5.631458060009589,5.973270766190795,5.501611645952664,7.194420417108471,7.303922718539148,8.054099716067293,7.493921049603138,8.194862142136659,8.583115323672963,7.552418191048697,8.30065283387283,8.291352953904214,7.730380437670887,8.29683613832493,7.759875314556824,7.97303042628898,8.51250928758362,7.718915226196705,7.962583305645103,8.089137824069782,8.830653389080052,8.269126148548873,8.9754953311388,9.309750595185816,8.348770336055852,9.122941832308884,9.051843701812157,8.517083577657699,9.101374159471236,8.48820702815051,8.724032716750443,9.277229064441345,8.41204793097927
2025-05-06 17:30:00,5.384813299999999,5.376756650000001,6.3330555,5.8655262,6.4331532,6.874315149999999,5.7871570000000006,6.4651356,6.406053549999999,5.741991049999999,6.4619617,5.90629775,5.61064335,6.5286121,5.88334845,4.828901350000001,4.8628368,4.70988275,4.5356884,4.55033675,4.46830555,4.52763175,4.5730419,4.7267285,4.86002925,4.698408199999999,4.8065623,5.4720897,5.1435986,4.981977499999999,3.8231994,3.8114805,4.48530865,4.15523065,4.538043,4.901324300000001,3.9267149,4.40913675,4.4267149,3.93062115,4.4501524,4.07905865,3.8642149,4.50093365,4.04780865,3.4179544,3.3154153500000003,3.1152201,3.25682165,3.2011575,3.1904153500000003,3.29295445,3.32127475,3.5185404,3.4677591000000003,3.3515482,3.58006385,3.9179544,3.65232945,3.6630716,5.99996525,5.98238715,6.9577288500000005,6.503383,7.088344,7.51168375,6.4936175,7.2194475,7.1210588,6.41598085,7.18404725,6.582973,6.2445941000000005,7.20113715,6.5146137,5.305600699999999,5.395932650000001,5.2279639,4.9502539500000005,4.9861427,4.854795,4.9146095,4.95928715,5.07256845,5.314023499999999,5.113462,5.1495948,5.9212012000000005,5.5471778,5.324521649999999,50784937.0,51043752.0,51606440.0,50471335.0,50717863.0,50788777.0,49781672.0,49955495.0,49898150.0,48784040.0,49036712.0,49223335.0,48374184.0,48676265.0,49114025.0,1397.4502,1386.4502,1547.9502,1410.9502,1392.9502,1364.4502,1535.4502,1529.4502,1364.9502,1603.4502,1642.4502,1467.4502,1628.9502,1661.4502,1550.9502,303.63819,303.68116,301.86084,303.51709,303.73194,304.126465,302.517085,302.70069,304.51318,302.22022000000004,302.04053,303.91552,302.26709,302.03662,303.134275,285.39221,285.36877000000004,285.12268,284.77893,284.66565,284.56018,284.16564500000004,284.079715,284.29065,283.419555,283.46252000000004,283.73596,282.97815,282.94299,283.18518,0.2911104799999999,0.34189172,0.35165735,0.27157922,0.3165011,0.4336886,0.35946985,0.40439172,0.4727511,0.3379854799999999,0.4415011,0.5274386,0.26767297,0.31064173,0.4336886,100151.53,100144.78,100214.78,100147.78,100127.155,100093.28,100184.03,100161.28,100060.28,100188.905,100192.28,100087.655,100165.53,100172.53,100108.155,307.170165,306.39673,303.0686,306.75219500000003,306.068605,306.3733,304.396725,304.57641,307.07642,304.896725,304.19751,306.740475,304.86157000000003,303.58032000000003,304.76782000000003,45441192.0,45739690.0,46323496.0,45983400.0,45816615.0,45824296.0,46363945.0,45985320.0,45772840.0,46639273.0,46377895.0,46287655.0,46830376.0,46738217.0,46787752.0,85247.0,85351.0,83803.0,85107.0,85275.0,85539.0,83903.0,83951.0,85515.0,83243.0,82867.0,84515.0,82983.0,82671.0,83707.0,48862720.0,48944127.0,49121535.0,48456447.0,48679680.0,48780032.0,47923200.0,48207615.0,48410113.0,47314943.0,47669760.0,48049665.0,47172607.0,47460865.0,48040960.0,75885177.0,75900245.0,75914390.0,75889460.0,75903485.0,75919072.0,75892510.0,75907115.0,75922455.0,75895673.0,75910673.0,75925675.0,75899270.0,75913540.0,75928458.0,0.4027166199999999,0.47498226,0.49060726,0.4163884949999999,0.49060726,0.562872885,0.45154476,0.500372885,0.54138851,0.4027166199999999,0.492560385,0.56873226,0.3304509949999999,0.3909978699999999,0.50232601,29.4391635,29.3297885,27.478226,28.950882,28.9899445,29.169632,26.794632,26.9743195,28.482132,24.7008825,24.6110385,26.2751005,24.0524445,23.982132,25.001663,5.128280991973794,5.0516692830089225,5.461006313602726,5.27947241820697,5.553489318406514,5.848224516832961,5.124708666417712,5.520086307766222,5.654726461316602,5.241672996330478,5.571061992129418,5.4272992031227325,5.502955885145853,5.79637077256447,5.45919851386093,7.232876504122596,7.249599562510571,7.892438627244929,7.414638687406217,7.879785824060879,8.198900125607112,7.347832020824718,7.919008179408768,7.961123312584716,7.522655483879058,7.989492388512184,7.614945453214774,7.837288082349998,8.311400754998424,7.70933776628211,8.009305949272262,8.056366747847392,8.702964856290386,8.17306580263365,8.66638561841667,8.94396037849224,8.143737150338074,8.758707167237148,8.74302173810593,8.330885668770096,8.818051287879685,8.357862174199575,8.605555131694658,9.089970175854427,8.4137222714769
2025-05-06 17:45:00,5.22712515,5.129590975,6.0420666,5.576856599999999,5.9439221,6.423536224999999,5.4116955,5.86836055,5.929151525,5.440137875,5.94660755,5.541578375,5.362012825,6.13862415,5.662672025,5.070825175,5.065331899999999,4.838220125,4.7953124,4.714745875,4.463036975,4.689355375,4.7837157,4.83052975,4.900231875,4.9074341,5.04256565,5.53695055,5.32778315,5.23928225,3.6560131,3.562263,4.217536475,3.911872475,4.1325755,4.5349193,3.6491771,3.950934875,4.0554271,3.709723975,4.0554271,3.783942725,3.6667552,4.190192725,3.848395825,3.6109056,3.484440775,3.20270255,3.473698625,3.34039775,3.172917325,3.390202525,3.444401725,3.5528002,3.45905015,3.4712572,3.722233775,3.93512435,3.765202525,3.8291673,5.849305875,5.744813725,6.683900575,6.1979385,6.5924700000000005,7.063417125000001,6.10785075,6.62506275,6.6469132,6.112977775,6.673036375000001,6.21893475,5.99334885,6.807313725,6.29437435,5.55427055,5.620188475,5.38788865,5.208140125,5.17237355,4.88148,5.098887250000001,5.209849074999999,5.220835475,5.39393125,5.3667705,5.4218242,6.0189311,5.7667339,5.608774975,51092420.5,51321156.0,51880772.0,50823747.5,51030979.5,51072580.5,50179396.0,50314947.5,50214850.0,49214405.0,49446468.0,49593282.5,48820804.0,49114692.5,49519172.5,1397.4502,1386.4502,1547.9502,1410.9502,1392.9502,1364.4502,1535.4502,1529.4502,1364.9502,1603.4502,1642.4502,1467.4502,1628.9502,1661.4502,1550.9502,303.379885,303.41309,301.60449,303.495115,303.61426,303.8271475,302.54589250000004,302.536135,304.05957,302.12793,301.772465,303.41308,302.02246,301.71582,302.7060525,285.20648,285.315855,285.25531,284.520935,284.683045,284.91937,284.0033525,284.3080475,284.819765,283.6185925,283.93304,284.33148,283.354925,283.458435,283.688905,0.28989452,0.33286326,0.314308575,0.28989451,0.3104023299999999,0.38071483,0.3553242049999999,0.37192576,0.4412617,0.31723827,0.38462108,0.48618358,0.233253885,0.268410145,0.40610545,100150.265,100144.015,100215.64,100139.265,100124.0775,100099.015,100174.265,100162.015,100074.64,100185.4525,100198.765,100105.8275,100170.14,100183.39,100124.5775,306.3067625,305.588015,302.45910000000003,306.3673075,305.5098875,305.60755,304.12316250000003,304.060665,306.14661,304.4434775,303.578245,305.7559775,304.25012,302.984495,303.93371,45731908.0,46031430.0,46618756.0,46278595.0,46109187.5,46115716.0,46663172.5,46280325.0,46064900.0,46942021.5,46677827.5,46585347.5,47135876.0,47042180.5,47090628.0,85243.8125,85347.8125,83801.8125,85101.8125,85273.8125,85541.8125,83899.8125,83951.8125,85521.8125,83241.8125,82869.8125,84521.8125,82983.8125,82675.8125,83713.8125,49120545.0,49186078.5,49355167.5,48732575.5,48938400.0,49023648.0,48216352.0,48485022.5,48670241.5,47619359.5,47964705.0,48330017.5,47482398.5,47765537.5,48335648.0,76443553.5,76456677.5,76469130.0,76447750.0,76460132.5,76473948.0,76451120.0,76464062.5,76477847.5,76454544.5,76467564.5,76481287.5,76458190.0,76470675.0,76484497.0,0.39138507,0.4411897649999999,0.4216585149999999,0.3845491325,0.4294710149999999,0.4753694524999999,0.4255647649999999,0.4499788274999999,0.4939241399999999,0.38357257,0.4382600774999999,0.52126789,0.3025178825,0.350369445,0.4646272649999999,28.84951025,28.79482275,27.0682605,28.285057,28.54286975,28.988182,26.3866195,26.79677575,28.628807,24.92958875,24.86122925,26.47060375,24.32411975,24.206932,25.1073225,5.138586482631481,4.983075876971131,5.295745230062709,5.231570356784808,5.31379689030408,5.534699396425938,4.980960416192924,5.241544584344794,5.391556196918887,5.072186896290871,5.338175297980224,5.307847663774006,5.378689184800509,5.633335169054767,5.42887397507685,7.282589188549379,7.209042296169378,7.740474325052088,7.355022131207853,7.586767335084023,7.821797534716965,7.160761273619003,7.57110239286346,7.647800695104762,7.321705575053911,7.710061659906477,7.492433464557931,7.7077235892713345,8.128221192142052,7.714657021403004,8.066244514140816,8.036753276632997,8.585095864420161,8.095626301368984,8.379385946573867,8.586076430602239,7.956412003691621,8.428166100980444,8.452134531900963,8.152483769218465,8.56338951944517,8.25053495722933,8.493983872385416,8.921588424937713,8.43074760493541
2025-05-06 18:00:00,5.069437,4.8824253,5.7510777,5.288187,5.454691,5.9727573,5.036234,5.2715855,5.4522495,5.1382847,5.4312534,5.176859,5.1133823,5.7486362,5.4419956,5.312749,5.267827,4.9665575,5.0549364,4.879155,4.4577684,4.851079,4.9943895,4.934331,4.9404345,5.11646,5.278569,5.6018114,5.5119677,5.496587,3.4888268,3.3130455,3.9497643,3.6685143,3.727108,4.1685143,3.3716393,3.492733,3.6841393,3.4888268,3.6607018,3.4888268,3.4692955,3.8794518,3.648983,3.8038568,3.6534662,3.290185,3.6905756,3.479638,3.1554193,3.4874506,3.5675287,3.58706,3.4503412,3.5909662,3.8644037,3.9522943,3.8780756,3.995263,5.6986465,5.5072403,6.4100723,5.892494,6.096596,6.6151505,5.722084,6.030678,6.1727676,5.8099747,6.1620255,5.8548965,5.7421036,6.4134903,6.074135,5.8029404,5.8444443,5.5478134,5.4660263,5.3586044,4.908165,5.283165,5.460411,5.3691025,5.473839,5.620079,5.6940536,6.116661,5.98629,5.8930283,51399904.0,51598560.0,52155104.0,51176160.0,51344096.0,51356384.0,50577120.0,50674400.0,50531550.0,49644770.0,49856224.0,49963230.0,49267424.0,49553120.0,49924320.0,1397.4502,1386.4502,1547.9502,1410.9502,1392.9502,1364.4502,1535.4502,1529.4502,1364.9502,1603.4502,1642.4502,1467.4502,1628.9502,1661.4502,1550.9502,303.12158,303.14502,301.34814,303.47314,303.49658,303.52783,302.5747,302.37158,303.60596,302.03564,301.5044,302.91064,301.77783,301.39502,302.27783,285.02075,285.26294,285.38794,284.26294,284.70044,285.27856,283.84106,284.53638,285.34888,283.81763,284.40356,284.927,283.7317,283.97388,284.19263,0.28867856,0.3238348,0.2769598,0.3082098,0.30430356,0.32774106,0.35117856,0.3394598,0.4097723,0.29649106,0.32774106,0.44492856,0.1988348,0.22617856,0.3785223,100149.0,100143.25,100216.5,100130.75,100121.0,100104.75,100164.5,100162.75,100089.0,100182.0,100205.25,100124.0,100174.75,100194.25,100141.0,305.44336,304.7793,301.8496,305.98242,304.95117,304.8418,303.8496,303.54492,305.2168,303.99023,302.95898,304.77148,303.63867,302.38867,303.0996,46022624.0,46323170.0,46914016.0,46573790.0,46401760.0,46407136.0,46962400.0,46575330.0,46356960.0,47244770.0,46977760.0,46883040.0,47441376.0,47346144.0,47393504.0,85240.625,85344.625,83800.625,85096.625,85272.625,85544.625,83896.625,83952.625,85528.625,83240.625,82872.625,84528.625,82984.625,82680.625,83720.625,49378370.0,49428030.0,49588800.0,49008704.0,49197120.0,49267264.0,48509504.0,48762430.0,48930370.0,47923776.0,48259650.0,48610370.0,47792190.0,48070210.0,48630336.0,77001930.0,77013110.0,77023870.0,77006040.0,77016780.0,77028824.0,77009730.0,77021010.0,77033240.0,77013416.0,77024456.0,77036900.0,77017110.0,77027810.0,77040536.0,0.38005352,0.40739727,0.35270977,0.35270977,0.36833477,0.38786602,0.39958477,0.39958477,0.44645977,0.36442852,0.38395977,0.47380352,0.27458477,0.30974102,0.42692852,28.259857,28.259857,26.658295,27.619232,28.095795,28.806732,25.978607,26.619232,28.775482,25.158295,25.11142,26.666107,24.595795,24.431732,25.212982,5.161515184062184,4.931945433559934,5.140618188484678,5.203685754214972,5.098942503569539,5.22811461505168,4.850800269723012,4.992639065125045,5.141972561712527,4.906808212760682,5.127940709297025,5.206296994695167,5.258958214336063,5.48540031609714,5.410841281488305,7.343329860081869,7.182484118465497,7.598788595048789,7.315552183876071,7.318456628245193,7.452887284317524,6.99261184157944,7.261786292746468,7.353546561205094,7.128103724486923,7.461680536354499,7.393453847400551,7.584653552214712,7.964207812820665,7.734842258183961,8.133184445093718,8.030393819592323,8.477456010646522,8.037345896023618,8.116841990756956,8.237129342487906,7.78807278601587,8.135426567095607,8.181095372816284,7.982400604615198,8.340014761910872,8.16713287668232,8.389594480191159,8.773170794661079,8.463031285705252
2025-05-06 18:15:00,4.874238999999999,4.73690985,5.623140375,5.111177424999999,5.33468825,5.846162724999999,4.9444295,5.159639374999999,5.184541625,5.222505525,5.32650945,4.7138386500000005,5.216890299999999,5.601900075,4.89108465,5.4589382,5.35505625,5.049087050000001,5.1693873,5.080153825,4.7512965000000005,4.85414075,5.09254405,5.085586125000001,4.8670192000000005,5.045913325,5.251784625,5.47090105,5.321792149999999,5.39241,3.305950925,3.144818075,3.7649353,3.470989975,3.562786825,3.990521225,3.224896225,3.33524775,3.4182556,3.4836853,3.50028685,3.080364975,3.472943075,3.6760681,3.1545837,3.85563085,3.655923825,3.285806675,3.6886387,3.5421542500000003,3.299966775,3.398599625,3.55631445,3.62272075,3.3131504,3.47037695,3.768228525,3.769693325,3.66129495,3.795083925,5.514389725,5.399277475,6.341538225000001,5.767807575,6.0257425,6.537339,5.700669,5.9754495,5.948960025,5.952133925,6.12229995,5.4376075,5.898667125,6.34129405,5.57334985,5.9844203,5.9806361500000005,5.71159315,5.636641975,5.61875865,5.2663417500000005,5.353805075,5.629806,5.574264125,5.448775925,5.610885124999999,5.7219691,6.034896325,5.84800675,5.8387294,51649464.0,51869496.0,52446648.0,51432504.0,51602359.5,51617464.0,50843576.0,50931127.5,50780470.0,49927353.5,50126904.0,50224695.0,49563448.0,49842744.0,50208184.0,1397.4502,1386.4502,1547.9502,1410.9502,1392.9502,1364.4502,1535.4502,1529.4502,1364.9502,1603.4502,1642.4502,1467.4502,1628.9502,1661.4502,1550.9502,302.74127,302.77057,300.9912675,303.09869000000003,303.1201775,303.1826775,302.182675,302.05963,303.37018,301.702205,301.2569,302.7119725,301.4990825,301.1631475,302.03424,285.21123750000004,285.3948375,285.4456175,284.42023,284.82648,285.32842750000003,283.94561500000003,284.519835,285.238585,283.7659325,284.20538,284.71124000000003,283.603825,283.78937,284.1526475,0.28170352,0.3080707,0.2680316399999999,0.313930075,0.3178363325,0.33248477,0.357875395,0.3500628875,0.39791445,0.3158832075,0.33248477,0.4076800825,0.2328753875,0.24264102,0.3422503899999999,100163.375,100158.25,100232.3125,100143.25,100134.125,100117.0,100177.375,100172.25,100095.4375,100193.4375,100211.625,100128.875,100185.0625,100201.125,100148.75,304.594055,303.9964,301.23272,305.031555,304.13507,304.0882,303.023735,302.81671,304.5159325,303.1682725,302.238585,304.04327,302.8557725,301.7561625,302.39092500000004,46143288.0,46443961.5,47035896.0,46696822.5,46522872.5,46526839.5,47086904.0,46697337.5,46476600.0,47370873.5,47101816.0,47005560.0,47568824.5,47472184.0,47518840.5,85248.92125,85352.92125,83808.92125,85104.92125,85278.92125,85550.92125,83902.92125,83956.92125,85532.92125,83246.92125,82876.92125,84532.92125,82990.92125,82684.92125,83726.92125,49505817.5,49559318.5,49723287.5,49139992.0,49327384.0,49396760.5,48643735.5,48893206.5,49059097.5,48060952.0,48393753.5,48742553.5,47931286.5,48207770.0,48767512.0,77295840.0,77305300.0,77314447.5,77300650.0,77309779.0,77319618.0,77304662.5,77314192.5,77324437.5,77308834.5,77318184.5,77328422.5,77313192.5,77322287.5,77332772.0,0.36928542,0.3858869825,0.3370588575,0.3565901075,0.3722151075,0.38491042,0.4034651075,0.4073713575,0.4327619825,0.3800276075,0.39272292,0.44350417,0.3077619825,0.3253401075,0.3976057325,28.27030175,28.27030175,26.53788025,27.6882705,28.13358325,28.69412975,26.00077025,26.53006725,28.524208,25.082802,25.033974,26.62577025,24.56327075,24.448036,25.3484265,5.078897593964666,4.822412232384259,4.997125505594256,5.064960697348814,5.023973197697878,5.1782275310456765,4.685129141557295,4.875576891113385,4.980820914208011,4.807601152597442,4.929049016531914,4.867051940942322,5.125614242872752,5.188309684929487,4.934983314875451,7.318347634578466,7.149471474709937,7.557313525018851,7.269573558829356,7.36660448309465,7.533421336822445,6.9289296071818205,7.249543667103523,7.262414068073381,7.138798207809503,7.3370937164760175,7.057018957436647,7.559543815675995,7.726755861167519,7.280164466656342,8.13767659508767,8.05730761549596,8.534483192921705,8.064696955035526,8.238933270955414,8.394710038394065,7.820540635317789,8.209793683442127,8.152456434370563,8.06951407099557,8.3044920713862,7.89357369671121,8.438853447302796,8.626192275657376,8.07174018145526
2025-05-06 18:30:00,4.679041,4.5913944,5.49520305,4.93416785,5.2146855,5.71956815,4.852625,5.04769325,4.91683375,5.30672635,5.2217655,4.250818300000001,5.3203983,5.45516395,4.3401737,5.605127400000001,5.4422855,5.1316166,5.2838382,5.28115265,5.0448246,4.8572025,5.190698599999999,5.23684125,4.793603900000001,4.97536665,5.22500025,5.3399907,5.131616599999999,5.288233,3.12307505,2.97659065,3.5801063,3.27346565,3.39846565,3.81252815,3.07815315,3.1777625,3.1523719,3.4785438,3.3398719,2.67190315,3.47659065,3.4726844,2.6601844,3.9074049,3.65838145,3.28142835,3.6867018,3.6046705,3.44451425,3.30974865,3.5451002000000003,3.6583815,3.1759596,3.3497877000000003,3.67205335,3.58709235,3.4445143,3.59490485,5.330132949999999,5.29131465,6.27300415,5.643121150000001,5.954889,6.4595275,5.679254,5.920221,5.72515245,6.09429315,6.0825744,5.0203185,6.05523065,6.2690978,5.0725647,6.165900199999999,6.116828,5.8753729,5.80725765,5.8789129,5.624518500000001,5.42444515,5.799201,5.77942575,5.423712849999999,5.60169125,5.7498846,5.95313165,5.7097235,5.7844305,51899024.0,52140432.0,52738192.0,51688848.0,51860623.0,51878544.0,51110032.0,51187855.0,51029390.0,50209937.0,50397584.0,50486160.0,49859472.0,50132368.0,50492048.0,1397.4502,1386.4502,1547.9502,1410.9502,1392.9502,1364.4502,1535.4502,1529.4502,1364.9502,1603.4502,1642.4502,1467.4502,1628.9502,1661.4502,1550.9502,302.36096,302.39612,300.63439500000004,302.72424,302.743775,302.837525,301.79065,301.74768,303.1344,301.36877000000004,301.0094,302.513305,301.220335,300.931275,301.79065,285.401725,285.52673500000003,285.503295,284.57752000000005,284.95252000000005,285.378295,284.05017,284.50329,285.12829,283.71423500000003,284.0072,284.49548000000004,283.47595,283.60486000000003,284.112665,0.27472848,0.2923065999999999,0.25910348,0.3196503499999999,0.331369105,0.33722848,0.36457223,0.3606659749999999,0.3860565999999999,0.335275355,0.33722848,0.370431605,0.266915975,0.25910348,0.30597848,100177.75,100173.25,100248.125,100155.75,100147.25,100129.25,100190.25,100181.75,100101.875,100204.875,100218.0,100133.75,100195.375,100208.0,100156.5,303.74474999999995,303.21349999999995,300.61584,304.08069,303.31897000000004,303.3346,302.19787,302.08849999999995,303.815065,302.346315,301.51819,303.31506,302.07287499999995,301.123655,301.68225,46263952.0,46564753.0,47157776.0,46819855.0,46643985.0,46646543.0,47211408.0,46819345.0,46596240.0,47496977.0,47225872.0,47128080.0,47696273.0,47598224.0,47644177.0,85257.2175,85361.2175,83817.2175,85113.2175,85285.2175,85557.2175,83909.2175,83961.2175,85537.2175,83253.2175,82881.2175,84537.2175,82997.2175,82689.2175,83733.2175,49633265.0,49690607.0,49857775.0,49271280.0,49457648.0,49526257.0,48777967.0,49023983.0,49187825.0,48198128.0,48527857.0,48874737.0,48070383.0,48345330.0,48904688.0,77589750.0,77597490.0,77605025.0,77595260.0,77602778.0,77610412.0,77599595.0,77607375.0,77615635.0,77604253.0,77611913.0,77619945.0,77609275.0,77616765.0,77625008.0,0.35851732,0.364376695,0.321407945,0.360470445,0.376095445,0.38195482,0.407345445,0.415157945,0.419064195,0.395626695,0.40148607,0.41320482,0.340939195,0.340939195,0.368282945,28.2807465,28.2807465,26.4174655,27.757309,28.1713715,28.5815275,26.0229335,26.4409025,28.272934,25.007309,24.956528,26.5854335,24.5307465,24.46434,25.483871,5.002140623820617,4.716338275757107,4.8564321405207975,4.930248221322448,4.954111240959389,5.138097830228175,4.519896341845877,4.760872812252632,4.829203225735262,4.710306396546896,4.730308863433856,4.541259984654715,4.9953892816372125,4.891238667751539,4.472127225667544,7.301429849687783,7.120349289175469,7.518693070615721,7.229450774142726,7.421827145421286,7.626513952472623,6.865885632358817,7.240342471329482,7.183297321066464,7.151222476184023,7.212565995463922,6.7357318705627645,7.538046082820759,7.489479464607347,6.841236438573125,8.15037683429642,8.087867179107766,8.594800043047636,8.09747230480357,8.367934027471023,8.565086332320211,7.853568054195146,8.287324594055793,8.135055781954053,8.158251655679177,8.269017849289112,7.6331363642188,8.49150131996287,8.479535934968204,7.6935394224645615
2025-05-06 18:45:00,4.483843,4.44587895,5.367265724999999,4.757158275,5.0946827500000005,5.592973575,4.7608205,4.935747125,4.649125875,5.390947175,5.1170215500000005,3.78779795,5.4239063000000005,5.308427825000001,3.78926275,5.7513166,5.52951475,5.21414615,5.3982891,5.482151475,5.3383527,4.86026425,5.28885315,5.388096375,4.7201886,4.9048199750000006,5.198215875,5.20908035,4.94144105,5.184056,2.940199175,2.808363225,3.3952773,3.075941325,3.234144475,3.634535075,2.931410075,3.02027725,2.8864882,3.4734023,3.17945695,2.263441325,3.480238225,3.2693007,2.1657851,3.95917895,3.660839075,3.2770500250000003,3.6847649,3.66718675,3.589061725,3.220897675,3.53388595,3.69404225,3.0387688,3.22919845,3.575878175,3.404491375,3.22773365,3.394725775,5.145876175,5.183351825000001,6.204470075,5.5184347250000005,5.8840355,6.381716,5.657839,5.8649925000000005,5.501344875,6.236452375,6.04284885,4.6030295,6.211794175,6.19690155,4.5717795500000005,6.3473801,6.253019849999999,6.03915265,5.977873325,6.13906715,5.98269525,5.495085225,5.968596,5.984587375,5.398649775,5.592497375000001,5.7778001,5.871366975,5.57144025,5.7301316,52148584.0,52411368.0,53029736.0,51945192.0,52118886.5,52139624.0,51376488.0,51444582.5,51278310.0,50492520.5,50668264.0,50747625.0,50155496.0,50421992.0,50775912.0,1397.4502,1386.4502,1547.9502,1410.9502,1392.9502,1364.4502,1535.4502,1529.4502,1364.9502,1603.4502,1642.4502,1467.4502,1628.9502,1661.4502,1550.9502,301.98065,302.02167,300.27752250000003,302.34979,302.3673725,302.4923725,301.398625,301.43573000000004,302.89862,301.03533500000003,300.7619,302.3146375,300.9415875,300.6994025,301.54706,285.5922125,285.6586325,285.5609725,284.73481000000004,285.07856000000004,285.4281625,284.154725,284.486745,285.017995,283.6625375,283.80902000000003,284.27972,283.348075,283.42035,284.0726825,0.26775344,0.2765425,0.25017532,0.325370625,0.3449018775,0.34197219,0.371269065,0.3712690625,0.37419875,0.3546675025,0.34197219,0.3331831275,0.3009565625,0.27556594,0.26970657,100192.125,100188.25,100263.9375,100168.25,100160.375,100141.5,100203.125,100191.25,100108.3125,100216.3125,100224.375,100138.625,100205.6875,100214.875,100164.25,302.895445,302.4306,299.99896,303.129825,302.50287000000003,302.581,301.372005,301.36029,303.1141975,301.5243575,300.797795,302.58685,301.2899775,300.4911475,300.973575,46384616.0,46685544.5,47279656.0,46942887.5,46765097.5,46766246.5,47335912.0,46941352.5,46715880.0,47623080.5,47349928.0,47250600.0,47823721.5,47724264.0,47769513.5,85265.51375,85369.51375,83825.51375,85121.51375,85291.51375,85563.51375,83915.51375,83965.51375,85541.51375,83259.51375,82885.51375,84541.51375,83003.51375,82693.51375,83739.51375,49760712.5,49821895.5,49992262.5,49402568.0,49587912.0,49655753.5,48912198.5,49154759.5,49316552.5,48335304.0,48661960.5,49006920.5,48209479.5,48482890.0,49041864.0,77883660.0,77889680.0,77895602.5,77889870.0,77895777.0,77901206.0,77894527.5,77900557.5,77906832.5,77899671.5,77905641.5,77911467.5,77905357.5,77911242.5,77917244.0,0.34774922,0.3428664075,0.3057570325,0.3643507825,0.3799757825,0.37899922,0.4112257825,0.4229445325,0.4053664075,0.4112257825,0.41024922,0.38290547,0.3741164075,0.3565382825,0.3389601575,28.29119125,28.29119125,26.29705075,27.8263475,28.20915975,28.46892525,26.04509675,26.35173775,28.02166,24.931816,24.879082,26.54509675,24.49822225,24.480644,25.6193155,4.931517935361666,4.613962151619719,4.718788489670605,4.799886186475129,4.889575558731922,5.107955488966719,4.355151760918546,4.6487013858146415,4.688044610871819,4.615044892251724,4.531740187431943,4.232029224161748,4.868533621656581,4.594191069422648,4.026759017725218,7.292632630407524,7.095165467310869,7.482971430943699,7.195281791603425,7.483968006211159,7.731711515586026,6.8034976602515504,7.234194310647916,7.116597076404049,7.165367531621141,7.088100488164894,6.431862995518967,7.520191330274504,7.252395854051221,6.421288717981271,8.171246890304358,8.122031358362566,8.658337810548426,8.135606388206867,8.503529810465144,8.747510592107252,7.88714801306114,8.36793135943838,8.128965585035907,8.248560942294764,8.233592722094544,7.387208848640348,8.547475476869447,8.333218782662103,7.33045540243693
2025-05-06 19:00:00,4.288645,4.3003635,5.2393284,4.5801487,4.97468,5.466379,4.669016,4.823801,4.381418,5.475168,5.0122776,3.3247776,5.5274143,5.1616917,3.2383518,5.8975058,5.616744,5.2966757,5.51274,5.6831503,5.6318808,4.863326,5.3870077,5.5393515,4.6467733,4.8342733,5.1714315,5.07817,4.7512655,5.079879,2.7573233,2.6401358,3.2104483,2.878417,3.0698233,3.456542,2.784667,2.862792,2.6206045,3.4682608,3.019042,1.8549795,3.4838858,3.065917,1.6713858,4.010953,3.6632967,3.2726717,3.682828,3.729703,3.7336092,3.1320467,3.5226717,3.729703,2.901578,3.1086092,3.479703,3.2218904,3.010953,3.1945467,4.9616194,5.075389,6.135936,5.3937483,5.813182,6.3039045,5.636424,5.809764,5.2775373,6.3786116,6.0031233,4.1857405,6.3683577,6.1247053,4.0709944,6.52886,6.3892117,6.2029324,6.148489,6.3992214,6.340872,5.5657253,6.137991,6.189749,5.3735867,5.5833035,5.8057156,5.7896023,5.433157,5.6758327,52398144.0,52682304.0,53321280.0,52201536.0,52377150.0,52400704.0,51642944.0,51701310.0,51527230.0,50775104.0,50938944.0,51009090.0,50451520.0,50711616.0,51059776.0,1397.4502,1386.4502,1547.9502,1410.9502,1392.9502,1364.4502,1535.4502,1529.4502,1364.9502,1603.4502,1642.4502,1467.4502,1628.9502,1661.4502,1550.9502,301.60034,301.64722,299.92065,301.97534,301.99097,302.14722,301.0066,301.12378,302.66284,300.7019,300.5144,302.11597,300.66284,300.46753,301.30347,285.7827,285.79053,285.61865,284.8921,285.2046,285.47803,284.25928,284.4702,284.9077,283.61084,283.61084,284.06396,283.2202,283.23584,284.0327,0.2607784,0.2607784,0.24124716,0.3310909,0.35843465,0.3467159,0.3779659,0.38187215,0.3623409,0.37405965,0.3467159,0.29593465,0.33499715,0.2920284,0.23343466,100206.5,100203.25,100279.75,100180.75,100173.5,100153.75,100216.0,100200.75,100114.75,100227.75,100230.75,100143.5,100216.0,100221.75,100172.0,302.04614,301.6477,299.38208,302.17896,301.68677,301.8274,300.54614,300.63208,302.41333,300.7024,300.0774,301.85864,300.50708,299.85864,300.2649,46505280.0,46806336.0,47401536.0,47065920.0,46886210.0,46885950.0,47460416.0,47063360.0,46835520.0,47749184.0,47473984.0,47373120.0,47951170.0,47850304.0,47894850.0,85273.81,85377.81,83833.81,85129.81,85297.81,85569.81,83921.81,83969.81,85545.81,83265.81,82889.81,84545.81,83009.81,82697.81,83745.81,49888160.0,49953184.0,50126750.0,49533856.0,49718176.0,49785250.0,49046430.0,49285536.0,49445280.0,48472480.0,48796064.0,49139104.0,48348576.0,48620450.0,49179040.0,78177570.0,78181870.0,78186180.0,78184480.0,78188776.0,78192000.0,78189460.0,78193740.0,78198030.0,78195090.0,78199370.0,78202990.0,78201440.0,78205720.0,78209480.0,0.33698112,0.32135612,0.29010612,0.36823112,0.38385612,0.37604362,0.41510612,0.43073112,0.39166862,0.42682487,0.41901237,0.35260612,0.40729362,0.37213737,0.30963737,28.301636,28.301636,26.176636,27.895386,28.246948,28.356323,26.06726,26.262573,27.770386,24.856323,24.801636,26.50476,24.465698,24.496948,25.75476,4.867296554447026,4.51553537852075,4.5844692542271215,4.674238601470083,4.830579629964906,5.087978012539819,4.190952974189748,4.539250372169935,4.558316839978245,4.521945141960552,4.333366561472574,3.943257779251726,4.745317483272726,4.29717174652096,3.605365322810232,7.29198536730969,7.073962071828506,7.45019030320817,7.167151764942032,7.552856309687753,7.848527296063232,6.741783902687181,7.231106972480789,7.062665129487328,7.18122320568139,6.963700530504931,6.147995596017779,7.506005555070186,7.015524574637248,6.024291911519913,8.200224385348022,8.159754876755667,8.725026129191004,8.179024251515207,8.645410313648622,8.94124542027028,7.921273484916178,8.45152597178622,8.134211248541083,8.340390876096363,8.19821732623106,7.157286997279319,8.606711020320978,8.187259003994992,6.984845899747585
2025-05-06 19:15:00,3.829990075,3.9722018,5.095614925,4.154208649999999,4.7063327500000005,5.33853475,4.3155857,4.566073875,4.149325675,5.13724075,4.7688327,3.0598483,5.31949185,5.073520200000001,3.0873141,5.84400395,5.69092775,5.380380875,5.604196675,5.7762549000000005,5.7549536,5.03565425,5.510629874999999,5.749094275,4.630563975,4.821909150000001,5.274912125,4.91657485,4.620187975,5.026194,2.35472395,2.3351927,3.0178099,2.518786425,2.829333325,3.268786425,2.460192675,2.6262083,2.37718485,3.098864575,2.7482786,1.6027708,3.1896849,2.88499735,1.484606775,3.81421165,3.538820975,3.23218035,3.5573757,3.6228054,3.66675065,3.08374285,3.453860025,3.69897725,2.76147725,2.9392116,3.3230007,3.0036647,2.7907741500000003,2.9323756750000003,4.605073,4.8107615,6.0406200000000005,4.999726300000001,5.5704051,6.247773125,5.2963571,5.5686961,5.12521455,6.1080027,5.811249725000001,3.984223375,6.2597361,6.1316843,4.007294675,6.599853675,6.605102775,6.419983175,6.388672124999999,6.6267703,6.602783575,5.866882550000001,6.384460750000001,6.533874925,5.430298125,5.672180450000001,6.029175075,5.680053975,5.38122585,5.7100832,52439320.5,52725272.0,53367192.5,52244248.0,52418326.5,52441495.5,51686424.0,51741975.0,51566230.0,50820120.5,50982424.0,51051801.5,50498967.5,50758296.0,51106839.5,1397.4502,1386.4502,1547.9502,1410.9502,1392.9502,1364.4502,1535.4502,1529.4502,1364.9502,1603.4502,1642.4502,1467.4502,1628.9502,1661.4502,1550.9502,301.120115,301.14551,299.41308250000003,301.39160000000004,301.4501975,301.6220725,300.43067,300.5947275,302.12597500000004,300.208005,299.97363,301.536135,300.18066250000004,299.8955075,300.6709025,286.1216325,286.0884425,285.8228125,285.3189175,285.53376000000003,285.70563,284.54938,284.717335,285.129445,283.7778925,283.80328,284.2915625,283.41265,283.3872675,284.092335,0.2239041125,0.2512478625,0.2444119324999999,0.256130675,0.3127713,0.334255675,0.287380675,0.3098416125,0.3274197375,0.2971463,0.275661925,0.2532009875,0.2844509875,0.2492947375,0.2121853699999999,100236.96875,100234.28125,100310.03125,100216.03125,100207.59375,100186.78125,100249.96875,100234.53125,100148.15625,100257.84375,100262.34375,100174.84375,100246.65625,100253.03125,100201.40625,301.26135,300.854125,298.70080499999995,301.30237,300.90197750000004,301.06507,299.723265,299.876585,301.61486749999995,299.9205375,299.26135750000003,300.96057,299.72815,299.052365,299.335575,46516647.5,46817639.5,47412584.5,47077736.0,46897641.5,46896935.0,47472552.0,47074920.0,46846696.0,47761512.0,47485735.5,47384552.5,47963561.5,47862440.5,47906537.5,85292.32625,85398.32625,83852.32625,85150.32625,85320.32625,85590.32625,83942.32625,83990.32625,85566.32625,83284.32625,82908.32625,84566.32625,83028.32625,82718.32625,83764.32625,49901724.0,49967004.0,50140186.5,49548188.0,49732124.5,49798685.0,49061018.5,49299739.5,49459100.0,48487580.0,48810652.0,49152924.0,48363548.0,48635165.0,49192987.5,78222382.5,78225607.5,78228840.0,78229505.0,78232727.0,78235145.0,78235157.5,78238230.0,78241125.0,78240887.5,78244097.5,78246812.5,78247107.5,78250317.5,78253137.5,0.28900057,0.2997427575,0.2850943225,0.28802400625,0.3348990075,0.3593130725,0.32318025625,0.35345369375,0.3524771325,0.34075838125,0.33489900625,0.3016958825,0.34368807,0.318297445,0.28118807,28.275818,28.28558375,26.16839625,28.1410525,28.4574585,28.48870825,26.394958000000003,26.545349,28.006287,25.14300525,25.055115,26.769958000000003,24.654724,24.6449585,25.902770500000003,4.48251440507438,4.23985599274707,4.422009317885268,4.358807970731766,4.596721226072418,4.912232183187161,3.944872363340768,4.338907593770798,4.396980839972706,4.150749119912873,4.023928440317064,3.689337052850163,4.381334430434876,4.01392950434051,3.286774159522922,6.987217338985106,6.940104163169549,7.410383918795875,6.975992393904674,7.450817983516748,7.849805361606778,6.631899702165855,7.156540522570945,7.09006266122183,6.916166947813533,6.781782447958871,6.098144762588447,7.243597296776578,6.861978150952002,5.898655310975105,8.047655923729593,8.17134070261392,8.81505949790942,8.112483873368483,8.656991254879959,9.090182614214196,7.903904692379261,8.471818891031948,8.304176402213253,8.172871876493955,8.120606776816299,7.226685823176323,8.452651016134316,8.15813361030418,6.975920065712163
2025-05-06 19:30:00,3.37133515,3.6440401,4.951901449999999,3.7282686,4.4379855,5.2106905,3.9621554,4.30834675,3.91723335,4.7993135,4.5253878,2.794919,5.1115694000000005,4.9853487,2.9362764,5.7905021,5.7651115,5.46408605,5.695653350000001,5.8693595,5.8780264,5.2079825,5.63425205,5.95883705,4.61435465,4.809545,5.37839275,4.7549797,4.48911045,4.9725090000000005,1.9521246,2.0302496,2.8251715,2.15915585,2.58884335,3.08103085,2.13571835,2.3896246,2.1337652,2.72946835,2.4775152,1.3505621,2.895484,2.7040777,1.29782775,3.6174703,3.41434525,3.191689,3.4319234,3.5159078,3.5998921,3.035439,3.38504835,3.6682515,2.6213765,2.769814,3.1662984,2.785439,2.5705953,2.67020465,4.2485266,4.546134,5.945304,4.6057043,5.3276282,6.1916417500000005,4.9562902,5.3276282,4.972891799999999,5.8373938,5.619376150000001,3.78270625,6.1511145,6.138663299999999,3.94359495,6.67084735,6.82099385,6.637033949999999,6.62885525,6.8543192,6.86469515,6.168039800000001,6.6309305,6.878000849999999,5.48700955,5.7610574,6.25263455,5.57050565,5.3292947,5.7443337,52480497.0,52768240.0,53413105.0,52286960.0,52459503.0,52482287.0,51729904.0,51782640.0,51605230.0,50865137.0,51025904.0,51094513.0,50546415.0,50804976.0,51153903.0,1397.4502,1386.4502,1547.9502,1410.9502,1392.9502,1364.4502,1535.4502,1529.4502,1364.9502,1603.4502,1642.4502,1467.4502,1628.9502,1661.4502,1550.9502,300.63989000000004,300.6438,298.90551500000004,300.80786,300.909425,301.096925,299.85474,300.065675,301.58911,299.71411,299.43286,300.9563,299.698485,299.323485,300.038335,286.460565,286.386355,286.026975,285.745735,285.86292000000003,285.93323,284.83948,284.96447,285.35119,283.944945,283.99572,284.51916500000004,283.6051,283.538695,284.15197,0.187029825,0.241717325,0.247576705,0.18117045,0.26710795,0.32179545,0.19679545,0.237811075,0.292498575,0.22023295,0.20460795,0.210467325,0.233904825,0.206561075,0.19093608,100267.4375,100265.3125,100340.3125,100251.3125,100241.6875,100219.8125,100283.9375,100268.3125,100181.5625,100287.9375,100293.9375,100206.1875,100277.3125,100284.3125,100230.8125,300.47655999999995,300.06055000000003,298.01953,300.42578000000003,300.117185,300.30274,298.90039,299.12109,300.816405,299.13867500000003,298.445315,300.0625,298.94922,298.24609,298.40625,46528015.0,46828943.0,47423633.0,47089552.0,46909073.0,46907920.0,47484688.0,47086480.0,46857872.0,47773840.0,47497487.0,47395985.0,47975953.0,47874577.0,47918225.0,85310.8425,85418.8425,83870.8425,85170.8425,85342.8425,85610.8425,83962.8425,84010.8425,85586.8425,83302.8425,82926.8425,84586.8425,83046.8425,82738.8425,83782.8425,49915288.0,49980824.0,50153623.0,49562520.0,49746073.0,49812120.0,49075607.0,49313943.0,49472920.0,48502680.0,48825240.0,49166744.0,48378520.0,48649880.0,49206935.0,78267195.0,78269345.0,78271500.0,78274530.0,78276678.0,78278290.0,78280855.0,78282720.0,78284220.0,78286685.0,78288825.0,78290635.0,78292775.0,78294915.0,78296795.0,0.24102002,0.278129395,0.2800825249999999,0.2078168925,0.285941895,0.3425825249999999,0.2312543925,0.2761762675,0.313285645,0.2546918925,0.2507856425,0.250785645,0.28008252,0.26445752,0.25273877,28.25,28.2695315,26.1601565,28.386719,28.667969,28.6210935,26.722656,26.828125,28.242188,25.4296875,25.308594,27.035156,24.84375,24.792969,26.050781,4.1105816894093286,3.972362889326417,4.262449140709276,4.054633424621366,4.36620173021587,4.738351425368757,3.7114933373573127,4.14353207550791,4.243703924166163,3.78439060198653,3.716174264055312,3.442304975419664,4.01777276821089,3.730951139323508,2.968897058092733,6.7004339608513375,6.820230117660272,7.374114477841844,6.807382304315822,7.358335153990371,7.855093242342017,6.543833519738672,7.092717947385527,7.131090807639804,6.6577532927601695,6.603851743294502,6.061244161870858,6.981258745987607,6.708637290306497,5.774735046067305,7.908867342287995,8.197151422762289,8.910491529981305,8.071817269022574,8.681319826669439,9.244483060873474,7.912618246888958,8.506048526387884,8.487434744792324,8.011394396612218,8.047805333212501,7.307824942460154,8.298598844913048,8.129241607321987,6.967733547332388
2025-05-06 19:45:00,2.912680225,3.3158784,4.808187975,3.30232855,4.16963825,5.08284625,3.6087251,4.050619625,3.685141025,4.46138625,4.2819429,2.5299897,4.90364695,4.8971772,2.7852387,5.73700025,5.839295249999999,5.547791224999999,5.7871100250000005,5.9624641,6.0010992,5.38031075,5.757874225,6.168579825,4.598145325,4.79718085,5.481873374999999,4.593384550000001,4.358032925,4.918824,1.54952525,1.7253065,2.6325331,1.799525275,2.348353375,2.893275275,1.811244025,2.1530409,1.89034555,2.3600721250000003,2.2067518,1.0983534,2.6012831,2.52315805,1.1110487249999998,3.42072895,3.289869525,3.15119765,3.3064711,3.4090102,3.53303355,2.98713515,3.316236675,3.63752575,2.48127575,2.6004164,3.0095961,2.5672133,2.35041645,2.408033625,3.8919802,4.281506500000001,5.849988,4.2116823,5.0848513,6.135510375,4.6162233,5.0865603,4.82056905,5.5667849,5.427502575,3.581189125,6.0424929,6.1456423,3.879895225,6.741841024999999,7.036884925,6.854084725,6.869038375000001,7.0818681,7.126606725,6.46919705,6.87740025,7.222126774999999,5.543720974999999,5.84993435,6.476094025,5.460957325000001,5.27736355,5.7785842,52521673.5,52811208.0,53459017.5,52329672.0,52500679.5,52523078.5,51773384.0,51823305.0,51644230.0,50910153.5,51069384.0,51137224.5,50593862.5,50851656.0,51200966.5,1397.4502,1386.4502,1547.9502,1410.9502,1392.9502,1364.4502,1535.4502,1529.4502,1364.9502,1603.4502,1642.4502,1467.4502,1628.9502,1661.4502,1550.9502,300.159665,300.14209,298.3979475,300.22412,300.3686525,300.5717775,299.27881,299.5366225,301.052245,299.220215,298.89209,300.376465,299.2163075,298.7514625,299.4057675,286.79949750000003,286.68426750000003,286.2311375,286.17255250000005,286.19208,286.16083000000003,285.12958000000003,285.211605,285.57293500000003,284.1119975,284.18816000000004,284.74676750000003,283.79755,283.6901225,284.211605,0.1501555375,0.2321867875,0.2507414775,0.1062102249999999,0.2214446,0.309335225,0.1062102249999999,0.1657805375,0.2575774125,0.1433196,0.133553975,0.1677336625,0.1833586625,0.1638274125,0.16968679,100297.90625,100296.34375,100370.59375,100286.59375,100275.78125,100252.84375,100317.90625,100302.09375,100214.96875,100318.03125,100325.53125,100237.53125,100307.96875,100315.59375,100260.21875,299.69177,299.266975,297.338255,299.54919,299.3323925,299.54041,298.077515,298.365595,300.0179425,298.3568125,297.6292725,299.16443000000004,298.17029,297.43981499999995,297.476925,46539382.5,46840246.5,47434681.5,47101368.0,46920504.5,46918905.0,47496824.0,47098040.0,46869048.0,47786168.0,47509238.5,47407417.5,47988344.5,47886713.5,47929912.5,85329.35875,85439.35875,83889.35875,85191.35875,85365.35875,85631.35875,83983.35875,84031.35875,85607.35875,83321.35875,82945.35875,84607.35875,83065.35875,82759.35875,83801.35875,49928852.0,49994644.0,50167059.5,49576852.0,49760021.5,49825555.0,49090195.5,49328146.5,49486740.0,48517780.0,48839828.0,49180564.0,48393492.0,48664595.0,49220882.5,78312007.5,78313082.5,78314160.0,78319555.0,78320629.0,78321435.0,78326552.5,78327210.0,78327315.0,78332482.5,78333552.5,78334457.5,78338442.5,78339512.5,78340452.5,0.19303947,0.2565160325,0.2750707275,0.12760977875,0.2369847825,0.3258519775,0.13932852875,0.19889884125,0.2740941575,0.16862540375,0.16667227875,0.1998754075,0.21647697,0.210617595,0.22428947,28.224182,28.25347925,26.15191675,28.6323855,28.8784795,28.75347875,27.050354,27.110901,28.478089,25.71636975,25.562073,27.300354,25.032776,24.9409795,26.1987915,3.755318235483601,3.714824896339796,4.106126782256136,3.764444494277879,4.139578978299355,4.566548793383459,3.493362466516139,3.9538602405355534,4.099390183956373,3.424422547341388,3.410559918868484,3.203755433304292,3.6547582538442263,3.44830161582632,2.651990800974763,6.434040562632949,6.715088873593492,7.341434402017197,6.663033565396516,7.275772211913446,7.864382849873199,6.478475176608734,7.039931458285265,7.1855160866520285,6.406786066469554,6.43023942839356,6.03753124891623,6.718998067749611,6.555516417764804,5.652643997188721,7.784595704567135,8.237053317615135,9.011150704411858,8.057416210756147,8.718289312067437,9.403882760570118,7.947328357831428,8.554047573180556,8.68314465617093,7.856330973903973,7.9799446176613,7.400318193811599,8.144554951132786,8.100585492322015,6.960288953302689
2025-05-06 20:00:00,2.4540253,2.9877167,4.6644745,2.8763885,3.901291,4.955002,3.2552948,3.7928925,3.4530487,4.123459,4.038498,2.2650604,4.6957245,4.8090057,2.634201,5.6834984,5.913479,5.6314964,5.8785667,6.0555687,6.124172,5.552639,5.8814964,6.3783226,4.581936,4.7848167,5.585354,4.4317894,4.2269554,4.865139,1.1469259,1.4203634,2.4398947,1.4398947,2.1078634,2.7055197,1.4867697,1.9164572,1.6469259,1.9906759,1.9359884,0.8461447,2.3070822,2.3422384,0.9242697,3.2239876,3.1653938,3.1107063,3.1810188,3.3021126,3.466175,2.9388313,3.247425,3.6068,2.341175,2.4310188,2.8528938,2.3489876,2.1302376,2.1458626,3.5354338,4.016879,5.754672,3.8176603,4.8420744,6.079379,4.2761564,4.8454924,4.6682463,5.296176,5.235629,3.379672,5.9338713,6.1526213,3.8161955,6.8128347,7.252776,7.0711355,7.1092215,7.309417,7.3885183,6.7703543,7.12387,7.5662527,5.6004324,5.9388113,6.6995535,5.351409,5.2254324,5.8128347,52562850.0,52854176.0,53504930.0,52372384.0,52541856.0,52563870.0,51816864.0,51863970.0,51683230.0,50955170.0,51112864.0,51179936.0,50641310.0,50898336.0,51248030.0,1397.4502,1386.4502,1547.9502,1410.9502,1392.9502,1364.4502,1535.4502,1529.4502,1364.9502,1603.4502,1642.4502,1467.4502,1628.9502,1661.4502,1550.9502,299.67944,299.64038,297.89038,299.64038,299.82788,300.04663,298.70288,299.00757,300.51538,298.72632,298.35132,299.79663,298.73413,298.17944,298.7732,287.13843,286.98218,286.4353,286.59937,286.52124,286.38843,285.41968,285.45874,285.79468,284.27905,284.3806,284.97437,283.99,283.84155,284.27124,0.11328125,0.22265625,0.25390625,0.03125,0.17578125,0.296875,0.015625,0.09375,0.22265625,0.06640625,0.0625,0.125,0.1328125,0.12109375,0.1484375,100328.375,100327.375,100400.875,100321.875,100309.875,100285.875,100351.875,100335.875,100248.375,100348.125,100357.125,100268.875,100338.625,100346.875,100289.625,298.90698,298.4734,296.65698,298.6726,298.5476,298.77808,297.25464,297.6101,299.21948,297.57495,296.81323,298.26636,297.39136,296.63354,296.5476,46550750.0,46851550.0,47445730.0,47113184.0,46931936.0,46929890.0,47508960.0,47109600.0,46880224.0,47798496.0,47520990.0,47418850.0,48000736.0,47898850.0,47941600.0,85347.875,85459.875,83907.875,85211.875,85387.875,85651.875,84003.875,84051.875,85627.875,83339.875,82963.875,84627.875,83083.875,82779.875,83819.875,49942416.0,50008464.0,50180496.0,49591184.0,49773970.0,49838990.0,49104784.0,49342350.0,49500560.0,48532880.0,48854416.0,49194384.0,48408464.0,48679310.0,49234830.0,78356820.0,78356820.0,78356820.0,78364580.0,78364580.0,78364580.0,78372250.0,78371700.0,78370410.0,78378280.0,78378280.0,78378280.0,78384110.0,78384110.0,78384110.0,0.14505892,0.23490267,0.27005893,0.047402665,0.18802767,0.30912143,0.047402665,0.121621415,0.23490267,0.082558915,0.082558915,0.14896517,0.15287142,0.15677767,0.19584017,28.198364,28.237427,26.143677,28.878052,29.08899,28.885864,27.378052,27.393677,28.71399,26.003052,25.815552,27.565552,25.221802,25.08899,26.346802,3.421919792316087,3.469459626100007,3.953426340776792,3.49172985109695,3.917529289761382,4.397067884137461,3.29351082443914,3.7707528863685615,3.9650184312422567,3.073091427124453,3.1077167649076385,2.9757291354248845,3.2924718711798584,3.166069006652938,2.3364504652178804,6.190669934332039,6.625381872986635,7.312391815566451,6.544551722561382,7.203470257251063,7.877660027291607,6.436516456844342,6.998430782666155,7.253036916646878,6.164174854169616,6.261304732130747,6.027161680340437,6.45682475105625,6.402631316593331,5.532503266851453,7.675546156704846,8.290842937049103,9.116863884414652,8.069421323878085,8.767739809952412,9.56812686449526,8.007696978831644,8.615585898553723,8.890483869718283,7.708068713364311,7.917151677380489,7.503745726431983,7.990519813519311,8.072167777504593,6.953588666562348
2025-05-06 20:15:00,2.229895625,2.72269345,4.400061625,2.708655325,3.657752125,4.723426,3.056189525,3.6501837,3.437781325,3.705969925,3.7888556,2.249182675,4.260046975,4.457800825,2.46756645,5.6365661750000005,5.886200075,5.63986205,5.781158425,6.004425025,6.07431015,5.516571,5.79354855,6.206817624999999,4.759613125,4.83627315,5.4806215,4.5725403,4.3371887,4.90512085,1.03674935,1.237921225,2.185186875,1.33167125,1.944952475,2.527960325,1.356085325,1.844366575,1.656866525,1.710577475,1.788702475,0.8541322,2.0260072,2.113897775,0.845343125,3.1198339500000003,3.0524511,3.097372975,3.04854485,3.1842870750000003,3.38643545,2.8522558,3.1295995,3.44112295,2.388388575,2.41084955,2.745810475,2.3659277000000003,2.140341775,2.1178808250000003,3.28518225,3.7477066,5.5138199,3.6622574,4.61489415,5.8540298250000005,4.10866855,4.7105973,4.6439469,4.8919938,4.96767725,3.35525055,5.488307225,5.7574723,3.611964475,6.8339307,7.275703075,7.119697374999999,7.057197375,7.32672875,7.422919975,6.829536225,7.11762225,7.444282275,5.9140088,6.0877149,6.62909675,5.54328135,5.3687208,5.904853525,52562850.0,52854176.0,53504930.0,52372384.0,52541856.0,52563870.0,51816864.0,51863970.0,51683230.0,50955170.0,51112864.0,51179936.0,50641310.0,50898336.0,51248030.0,1397.4502,1386.4502,1547.9502,1410.9502,1392.9502,1364.4502,1535.4502,1529.4502,1364.9502,1603.4502,1642.4502,1467.4502,1628.9502,1661.4502,1550.9502,299.38928,299.36389,297.601195,299.3404525,299.547485,299.7496325,298.31897,298.67151,300.169555,298.31604,297.942995,299.379515,298.3892825,297.7535375,298.3014,287.2229625,287.07648,286.5628,286.75421500000004,286.70148,286.58819750000004,285.76007250000004,285.810855,286.117495,284.6682725,284.781545,285.30890250000004,284.226875,284.0803825,284.506165,0.0869140625,0.16796875,0.19140625,0.025390625,0.1337890625,0.2255859375,0.0166015625,0.078125,0.1748046875,0.060546875,0.05859375,0.1025390625,0.1103515625,0.099609375,0.1162109375,100359.98375,100358.35875,100430.17125,100354.54625,100341.17125,100317.29625,100388.98375,100371.67125,100285.54625,100387.85875,100398.60875,100311.73375,100374.48375,100387.29625,100331.67125,298.5818475,298.13459,296.3474725,298.32305,298.2185625,298.4734525,296.864075,297.2781325,298.8923925,297.142395,296.4197375,297.85822,297.00177,296.13653,296.052545,46550750.0,46851550.0,47445730.0,47113184.0,46931936.0,46929890.0,47508960.0,47109600.0,46880224.0,47798496.0,47520990.0,47418850.0,48000736.0,47898850.0,47941600.0,85370.20375,85482.20375,83928.20375,85234.20375,85410.20375,85674.20375,84026.20375,84074.20375,85652.20375,83362.20375,82988.20375,84654.20375,83108.20375,82804.20375,83846.20375,49942416.0,50008464.0,50180496.0,49591184.0,49773970.0,49838990.0,49104784.0,49342350.0,49500560.0,48532880.0,48854416.0,49194384.0,48408464.0,48679310.0,49234830.0,78356820.0,78356820.0,78356820.0,78364580.0,78364580.0,78364580.0,78372250.0,78371700.0,78370410.0,78378280.0,78378280.0,78378280.0,78384110.0,78384110.0,78384110.0,0.1157778055,0.1782778055,0.2036684379999999,0.03960592675,0.1450746805,0.2368715629999999,0.04253561425,0.10112936375,0.186090305,0.0767153012499999,0.0786684262499999,0.12554343,0.127496555,0.1304262425,0.15679343,28.12825375,28.13020725,26.0247385,28.80989475,28.997395,28.866535,27.42708225,27.487629,28.8938795,26.28059775,26.16341025,27.9466135,25.54426975,25.46028575,26.68684775,3.2875846894487792,3.293919652510776,3.7906148610657633,3.3267061818769155,3.73128989841592,4.225935217415289,3.158216356951182,3.6326410631078714,3.819232100656136,2.9377670573358783,3.0019413879698464,2.8755898490042986,3.114854580245943,3.008259748917985,2.2803561537372725,6.061626245781596,6.485399829278292,7.153222088459707,6.38424673744674,7.030808665351964,7.694673285843202,6.30657196983914,6.84755765546759,7.095274869131526,6.032257470025361,6.143693086333519,5.924190639385468,6.24948998113692,6.219581498362921,5.490819131811786,7.5825478058577085,8.184201854502858,9.005126351207844,7.950859327994783,8.658995449345195,9.45353934498839,7.970177055896961,8.535237162285672,8.774028800949925,7.675096313774564,7.857358968753405,7.429847237604275,7.800607945618406,7.872207461291905,6.921963776296937
2025-05-06 20:30:00,2.00576595,2.4576702,4.13564875,2.54092215,3.41421325,4.49185,2.85708425,3.5074749,3.42251395,3.28848085,3.5392132,2.23330495,3.82436945,4.10659595,2.3009319,5.58963395,5.8589211500000005,5.6482277,5.68375015,5.95328135,6.0244483,5.480503000000001,5.7056007,6.03531265,4.93729025,4.8877296,5.375889,4.7132912000000005,4.447422,4.9451027,0.9265728,1.05547905,1.93047905,1.2234478,1.7820415499999998,2.35040095,1.22540095,1.77227595,1.66680715,1.43047905,1.64141655,0.8621197,1.7449322,1.88555715,0.76641655,3.0156803,2.9395084,3.08403965,2.9160709,3.06646155,3.3066959,2.7656803,3.011774,3.2754459,2.43560215,2.3906803,2.63872715,2.3828678,2.15044595,2.08989905,3.0349307,3.4785342000000004,5.2729678,3.5068545,4.3877139,5.62868065,3.9411807,4.5757022,4.6196475,4.4878116,4.6997255,3.3308291,5.04274315,5.3623233,3.4077334500000003,6.8550267,7.29863015,7.16825925,7.00517325,7.3440405,7.457321650000001,6.88871815,7.1113745,7.32231185,6.2275852,6.2366185000000005,6.5586400000000005,5.7351537,5.5120092,5.99687235,52562850.0,52854176.0,53504930.0,52372384.0,52541856.0,52563870.0,51816864.0,51863970.0,51683230.0,50955170.0,51112864.0,51179936.0,50641310.0,50898336.0,51248030.0,1397.4502,1386.4502,1547.9502,1410.9502,1392.9502,1364.4502,1535.4502,1529.4502,1364.9502,1603.4502,1642.4502,1467.4502,1628.9502,1661.4502,1550.9502,299.09912,299.0874,297.31201,299.040525,299.26709,299.452635,297.93506,298.33545,299.82372999999995,297.90576,297.53467,298.9624,298.044435,297.327635,297.8296,287.307495,287.17078000000004,286.6903,286.90906,286.88172,286.787965,286.100465,286.16297,286.44031,285.057495,285.18249000000003,285.643435,284.46375,284.319215,284.74109,0.060546875,0.11328125,0.12890625,0.01953125,0.091796875,0.154296875,0.017578125,0.0625,0.126953125,0.0546875,0.0546875,0.080078125,0.087890625,0.078125,0.083984375,100391.5925,100389.3425,100459.4675,100387.2175,100372.4675,100348.7175,100426.0925,100407.4675,100322.7175,100427.5925,100440.0925,100354.5925,100410.3425,100427.7175,100373.7175,298.256715,297.79578000000004,296.037965,297.9735,297.889525,298.168825,296.47351000000003,296.946165,298.565305,296.70984,296.026245,297.45008,296.61218,295.63952,295.55749000000003,46550750.0,46851550.0,47445730.0,47113184.0,46931936.0,46929890.0,47508960.0,47109600.0,46880224.0,47798496.0,47520990.0,47418850.0,48000736.0,47898850.0,47941600.0,85392.5325,85504.5325,83948.5325,85256.5325,85432.5325,85696.5325,84048.5325,84096.5325,85676.5325,83384.5325,83012.5325,84680.5325,83132.5325,82828.5325,83872.5325,49942416.0,50008464.0,50180496.0,49591184.0,49773970.0,49838990.0,49104784.0,49342350.0,49500560.0,48532880.0,48854416.0,49194384.0,48408464.0,48679310.0,49234830.0,78356820.0,78356820.0,78356820.0,78364580.0,78364580.0,78364580.0,78372250.0,78371700.0,78370410.0,78378280.0,78378280.0,78378280.0,78384110.0,78384110.0,78384110.0,0.086496691,0.121652941,0.1372779459999999,0.0318091885,0.102121691,0.1646216959999999,0.0376685635,0.0806373125,0.13727794,0.0708716875,0.0747779375,0.10212169,0.10212169,0.104074815,0.11774669,28.0581435,28.0229875,25.9058,28.7417375,28.9058,28.847206,27.4761125,27.581581,29.073769,26.5581435,26.5112685,28.327675,25.8667375,25.8315815,27.0268935,3.1548161318067223,3.123258820312441,3.638413105360773,3.162324147387748,3.546668651503098,4.05692277481809,3.024995042982549,3.494530679508252,3.6751587610765775,2.8246111494458,2.899931134944758,2.775991957710831,2.9534466873254512,2.8600250960065936,2.225999184030579,5.938611347880244,6.353510828973644,7.000433324760964,6.225857462228448,6.86282820335271,7.514698513039155,6.180521300392635,6.697481580562242,6.938198651032891,5.932195319909973,6.034561352556655,5.821325754500903,6.069671788992445,6.053403401611395,5.454202812692694,7.496812350026868,8.085184119552174,8.898771268835231,7.8339313723497614,8.554937997080602,9.343109335293212,7.936456580879902,8.45628156475026,8.657793821344251,7.67614945010541,7.809150407687926,7.355962285317049,7.636834844324945,7.690042691338425,6.8974723811294405
2025-05-06 20:45:00,1.781636275,2.1926469500000003,3.871235875,2.373188975,3.170674375,4.260274000000001,2.657978975,3.3647661,3.4072465750000003,2.870991775,3.2895708,2.217427225,3.388691925,3.755391075,2.13429735,5.542701725,5.831642225,5.65659335,5.5863418750000005,5.9021376750000005,5.97458645,5.444435,5.61765285,5.863807675,5.114967375,4.93918605,5.2711565,4.8540421,4.5576553,4.98508455,0.81639625,0.873036875,1.675771225,1.11522435,1.619130625,2.172841575,1.094716575,1.700185325,1.676747775,1.150380625,1.494130625,0.8701072,1.4638572,1.657216525,0.687489975,2.91152665,2.8265657,3.070706325,2.78359695,2.948636025,3.22695635,2.6791048,2.8939485,3.10976885,2.482815725,2.37051105,2.531643825,2.3998079,2.160550125,2.061917275,2.78467915,3.2093618,5.0321157,3.3514516,4.16053365,5.403331475,3.77369285,4.440807100000001,4.595348100000001,4.0836294,4.43177375,3.30640765,4.597179075,4.9671743,3.203502425,6.8761227,7.321557225,7.216821125,6.953149125,7.361352249999999,7.491723325000001,6.947900075,7.10512675,7.200341425,6.541161600000001,6.3855221,6.48818325,5.92702605,5.6552976,6.088891175,52562850.0,52854176.0,53504930.0,52372384.0,52541856.0,52563870.0,51816864.0,51863970.0,51683230.0,50955170.0,51112864.0,51179936.0,50641310.0,50898336.0,51248030.0,1397.4502,1386.4502,1547.9502,1410.9502,1392.9502,1364.4502,1535.4502,1529.4502,1364.9502,1603.4502,1642.4502,1467.4502,1628.9502,1661.4502,1550.9502,298.80896,298.81091000000004,297.022825,298.74059750000004,298.986695,299.1556375,297.55115,297.99938999999995,299.477905,297.49548,297.126345,298.54528500000004,297.6995875,296.9017325,297.3578,287.39202750000004,287.26508,286.8178,287.063905,287.06196,286.9877325,286.4408575,286.515085,286.763125,285.4467175,285.583435,285.9779675,284.700625,284.5580475,284.976015,0.0341796875,0.05859375,0.06640625,0.013671875,0.0498046875,0.0830078125,0.0185546875,0.046875,0.0791015625,0.048828125,0.05078125,0.0576171875,0.0654296875,0.056640625,0.0517578125,100423.20125,100420.32625,100488.76375,100419.88875,100403.76375,100380.13875,100463.20125,100443.26375,100359.88875,100467.32625,100481.57625,100397.45125,100446.20125,100468.13875,100415.76375,297.9315825,297.45697,295.7284575,297.62395000000004,297.5604875,297.8641975,296.082945,296.61419750000005,298.2382175,296.277285,295.6327525,297.04194,296.22259,295.14251,295.062435,46550750.0,46851550.0,47445730.0,47113184.0,46931936.0,46929890.0,47508960.0,47109600.0,46880224.0,47798496.0,47520990.0,47418850.0,48000736.0,47898850.0,47941600.0,85414.86125,85526.86125,83968.86125,85278.86125,85454.86125,85718.86125,84070.86125,84118.86125,85700.86125,83406.86125,83036.86125,84706.86125,83156.86125,82852.86125,83898.86125,49942416.0,50008464.0,50180496.0,49591184.0,49773970.0,49838990.0,49104784.0,49342350.0,49500560.0,48532880.0,48854416.0,49194384.0,48408464.0,48679310.0,49234830.0,78356820.0,78356820.0,78356820.0,78364580.0,78364580.0,78364580.0,78372250.0,78371700.0,78370410.0,78378280.0,78378280.0,78378280.0,78384110.0,78384110.0,78384110.0,0.0572155765,0.0650280765,0.0708874539999999,0.0240124502499999,0.0591687015,0.0923718289999999,0.03280151275,0.06014526125,0.0884655749999999,0.06502807375,0.07088744875,0.0786999499999999,0.0767468249999999,0.0777233874999999,0.0786999499999999,27.98803325,27.91576775,25.7868615,28.67358025,28.814205,28.827877,27.52514275,27.675533,29.2536585,26.83568925,26.85912675,28.7087365,26.18920525,26.20287725,27.36693925,3.0238204759334315,2.958321659577649,3.498206187881584,2.998689268810996,3.363931983370158,3.8903069023990646,2.894133187841011,3.3564219132876616,3.533007982073883,2.736375249610818,2.8020972436257443,2.676995890200893,2.8110417746618865,2.722929204619648,2.1735099067335595,5.82200740541558,6.2302288631917255,6.854452241218931,6.069533874643099,6.699880978564922,7.337957331819232,6.058607488587378,6.548257359849438,6.7818559165053145,5.865618894833864,5.934377379702713,5.718572754251138,5.919878180430119,5.905521480767617,5.422756969371366,7.418591601773211,7.99407301456829,8.79799383771282,7.718711717743501,8.45574048805676,9.236985948190824,7.906584166270927,8.378758489953984,8.541787915696846,7.711214181557852,7.772741540844998,7.282091281600299,7.5009128274495005,7.526965621759292,6.880190660728361
2025-05-06 21:00:00,1.5575066,1.9276237,3.606823,2.2054558,2.9271355,4.028698,2.4588737,3.2220573,3.3919792,2.4535027,3.0399284,2.2015495,2.9530144,3.4041862,1.9676628,5.4957695,5.8043633,5.664959,5.4889336,5.850994,5.9247246,5.408367,5.529705,5.6923027,5.2926445,4.9906425,5.166424,4.994793,4.6678886,5.0250664,0.7062197,0.6905947,1.4210634,1.0070009,1.4562197,1.9952822,0.9640322,1.6280947,1.6866884,0.8702822,1.3468447,0.8780947,1.1827822,1.4288759,0.6085634,2.807373,2.713623,3.057373,2.651123,2.8308105,3.1472168,2.5925293,2.776123,2.9440918,2.5300293,2.3503418,2.4245605,2.416748,2.1706543,2.0339355,2.5344276,2.9401894,4.7912636,3.1960487,3.9333534,5.1779823,3.606205,4.305912,4.5710487,3.6794472,4.163822,3.2819862,4.151615,4.5720253,2.9992714,6.8972187,7.3444843,7.265383,6.901125,7.378664,7.526125,7.007082,7.098879,7.078371,6.854738,6.5344257,6.4177265,6.1188984,5.798586,6.18091,52562850.0,52854176.0,53504930.0,52372384.0,52541856.0,52563870.0,51816864.0,51863970.0,51683230.0,50955170.0,51112864.0,51179936.0,50641310.0,50898336.0,51248030.0,1397.4502,1386.4502,1547.9502,1410.9502,1392.9502,1364.4502,1535.4502,1529.4502,1364.9502,1603.4502,1642.4502,1467.4502,1628.9502,1661.4502,1550.9502,298.5188,298.53442,296.73364,298.44067,298.7063,298.85864,297.16724,297.66333,299.13208,297.0852,296.71802,298.12817,297.35474,296.47583,296.886,287.47656,287.35938,286.9453,287.21875,287.2422,287.1875,286.78125,286.8672,287.08594,285.83594,285.98438,286.3125,284.9375,284.79688,285.21094,0.0078125,0.00390625,0.00390625,0.0078125,0.0078125,0.01171875,0.01953125,0.03125,0.03125,0.04296875,0.046875,0.03515625,0.04296875,0.03515625,0.01953125,100454.81,100451.31,100518.06,100452.56,100435.06,100411.56,100500.31,100479.06,100397.06,100507.06,100523.06,100440.31,100482.06,100508.56,100457.81,297.60645,297.11816,295.41895,297.2744,297.23145,297.55957,295.69238,296.28223,297.91113,295.84473,295.23926,296.6338,295.833,294.6455,294.56738,46550750.0,46851550.0,47445730.0,47113184.0,46931936.0,46929890.0,47508960.0,47109600.0,46880224.0,47798496.0,47520990.0,47418850.0,48000736.0,47898850.0,47941600.0,85437.19,85549.19,83989.19,85301.19,85477.19,85741.19,84093.19,84141.19,85725.19,83429.19,83061.19,84733.19,83181.19,82877.19,83925.19,49942416.0,50008464.0,50180496.0,49591184.0,49773970.0,49838990.0,49104784.0,49342350.0,49500560.0,48532880.0,48854416.0,49194384.0,48408464.0,48679310.0,49234830.0,78356820.0,78356820.0,78356820.0,78364580.0,78364580.0,78364580.0,78372250.0,78371700.0,78370410.0,78378280.0,78378280.0,78378280.0,78384110.0,78384110.0,78384110.0,0.027934462,0.008403212,0.004496962,0.016215712,0.016215712,0.020121962,0.027934462,0.03965321,0.03965321,0.05918446,0.06699696,0.05527821,0.05137196,0.05137196,0.03965321,27.917923,27.808548,25.667923,28.605423,28.72261,28.808548,27.574173,27.769485,29.433548,27.113235,27.206985,29.089798,26.511673,26.574173,27.706985,2.894838410999324,2.8001197877585686,3.371490893944185,2.835930883101669,3.1834044514604707,3.726409081654761,2.765965700075713,3.2183149726676987,3.393021409528947,2.675525998097445,2.708892250117256,2.578670960073879,2.690658772148717,2.5987355440116064,2.123026855689728,5.712207034603509,6.116074431135431,6.7157227924483305,5.915439742822388,6.542343083589873,7.16468904845487,5.9410852105689145,6.399944580346637,6.626298583799249,5.833674768298927,5.843601392971017,5.615937779990645,5.802434933668481,5.777340881952561,5.396571987744888,7.348125547054258,7.911141721699773,8.702987821511298,7.605278006647534,8.361575891791425,9.13531927273143,7.880603571855965,8.302708064745202,8.426020545394646,7.77983063737456,7.748298708523341,7.208234655294782,7.394377914182338,7.384240986265013,6.870173022490624
2025-05-06 21:15:00,1.64321425,1.95858285,3.5017958,2.2210951000000003,2.872767475,4.00435925,2.4027967,3.177454925,3.481532075,2.363978425,3.06606575,2.3151502500000003,2.7342787,3.335597,1.947047225,5.42742395,5.706903975,5.57995085,5.4618478,5.73626175,5.8156075750000005,5.3504585,5.404352625,5.557795025,5.243952275,4.93670125,4.986506125,5.062922,4.8073067,4.93529755,0.7854624,0.72442725,1.321595175,1.026185025,1.430481925,1.944642075,0.9309702125,1.620423325,1.74639985,0.7962045875,1.34649755,0.9207163,1.049134275,1.391907675,0.58282565,2.706197,2.563618875,2.969868875,2.5938923000000003,2.684712625,3.0479939,2.521626725,2.6388141750000003,2.788228275,2.4776814,2.30482985,2.266743875,2.4376423000000003,2.264790775,1.98061105,2.56885025,2.926333225,4.677187699999999,3.177553875,3.862185225,5.169314125,3.515017275,4.2255275,4.6397731,3.58264425,4.18353525,3.39074965,3.923037175,4.521181825,3.0192287,6.894922025,7.315332150000001,7.217554,6.94558125,7.3142335,7.4511965,6.993188625,7.009179925,7.02395025,6.845727500000001,6.525537275,6.29604505,6.239038225,6.02187525,6.1233155,52562850.0,52854176.0,53504930.0,52372384.0,52541856.0,52563870.0,51816864.0,51863970.0,51683230.0,50955170.0,51112864.0,51179936.0,50641310.0,50898336.0,51248030.0,1397.4502,1386.4502,1547.9502,1410.9502,1392.9502,1364.4502,1535.4502,1529.4502,1364.9502,1603.4502,1642.4502,1467.4502,1628.9502,1661.4502,1550.9502,298.277955,298.359005,296.5660375,298.2252175,298.5094,298.65685499999995,296.93616,297.4215075,298.913695,296.821895,296.474245,297.87951250000003,297.03577,296.22131249999995,296.614875,287.54846,287.409795,287.001575,287.3140875,287.31410000000005,287.2554925,286.900025,286.962535,287.173465,286.06018,286.20276,286.513305,285.2262,285.16761,285.52698,0.005859375,0.0029296875,0.0029296875,0.005859375,0.005859375,0.0087890625,0.0146484375,0.0234375,0.0234375,0.0322265625,0.03515625,0.0263671875,0.0322265625,0.0263671875,0.0146484375,100484.4975,100477.7475,100543.81,100483.81,100464.9975,100441.4975,100533.4975,100512.185,100428.8725,100542.31,100557.7475,100472.9975,100518.8725,100545.7475,100493.81,297.3328875,296.82214,295.2030075,297.0194,296.9637475,297.3280025,295.434445,296.015505,297.64929,295.54773250000005,294.96472,296.32801,295.5057325,294.422725,294.31921,46550750.0,46851550.0,47445730.0,47113184.0,46931936.0,46929890.0,47508960.0,47109600.0,46880224.0,47798496.0,47520990.0,47418850.0,48000736.0,47898850.0,47941600.0,85459.5175,85569.5175,84009.5175,85323.5175,85499.5175,85763.5175,84115.5175,84165.5175,85749.5175,83453.5175,83083.5175,84757.5175,83203.5175,82899.5175,83949.5175,49942416.0,50008464.0,50180496.0,49591184.0,49773970.0,49838990.0,49104784.0,49342350.0,49500560.0,48532880.0,48854416.0,49194384.0,48408464.0,48679310.0,49234830.0,78356820.0,78356820.0,78356820.0,78364580.0,78364580.0,78364580.0,78372250.0,78371700.0,78370410.0,78378280.0,78378280.0,78378280.0,78384110.0,78384110.0,78384110.0,0.0209519146349,0.0063034771349,0.00532691475,0.0121628521349,0.0121628521349,0.0150925396349,0.02290503975,0.03169410075,0.03169410075,0.04634253825,0.0522019132499999,0.04341285075,0.0385300381349,0.0385300381349,0.0297409756349,27.761097,27.716175,25.636097,28.56383125,28.75719025,28.82945625,27.54820625,27.751331,29.40562825,27.1360965,27.1985965,29.122425,26.636097,26.73375325,27.96617475,2.8178810096636018,2.66400761575466,3.2506514641340813,2.789504072327829,3.042032283948692,3.615508209684707,2.6879930946333404,3.096629135428553,3.290004460420912,2.6024693783139896,2.669325062559265,2.4465989250254534,2.653824167070808,2.658323575159541,2.0645837037233497,5.67072162995475,6.033639014739357,6.58774812157488,5.896189009318549,6.415410495824171,7.060891195129545,5.865222770002274,6.269230183662994,6.558212494969079,5.752167370334695,5.811349104560371,5.497741719536994,5.754081958693123,5.851188345479394,5.305483465568072,7.357916915659972,7.8789282652250705,8.60053315347062,7.637928222291636,8.271305000103101,9.068745106382512,7.826878917447096,8.184356167364617,8.418038461183144,7.726533817069225,7.751425927879785,7.151039537060652,7.369926637996008,7.530210264081136,6.82720547921651
2025-05-06 21:30:00,1.7289219,1.989542,3.3967686,2.2367344,2.8183994500000003,3.9800205,2.3467197,3.13285255,3.5710849500000004,2.27445415,3.0922031,2.428751,2.515543,3.2670078,1.92643165,5.3590784,5.60944465,5.494942699999999,5.434762,5.621529499999999,5.70649055,5.29255,5.279000249999999,5.42328735,5.19526005,4.882759999999999,4.80658825,5.131050999999999,4.9467248,4.8455287,0.8647050999999999,0.7582598,1.2221269499999998,1.04536915,1.40474415,1.89400195,0.897908225,1.6127519499999998,1.8061113,0.722126975,1.3461504,0.9633379,0.91548635,1.3549394499999998,0.5570879,2.605021,2.41361475,2.88236475,2.5366616,2.53861475,2.948771,2.45072415,2.50150535,2.63236475,2.4253335,2.2593179,2.10892725,2.4585366,2.35892725,1.9272866,2.6032729,2.91247705,4.5631118,3.15905905,3.79101705,5.16064595,3.42382955,4.145143,4.7084975,3.4858413,4.2032485,3.4995131,3.69445935,4.4703383500000005,3.039186,6.892625349999999,7.28618,7.169725,6.9900375,7.249803,7.376268,6.97929525,6.91948085,6.9695295,6.836717,6.51664885,6.1743636,6.359178050000001,6.2451645,6.065721,52562850.0,52854176.0,53504930.0,52372384.0,52541856.0,52563870.0,51816864.0,51863970.0,51683230.0,50955170.0,51112864.0,51179936.0,50641310.0,50898336.0,51248030.0,1397.4502,1386.4502,1547.9502,1410.9502,1392.9502,1364.4502,1535.4502,1529.4502,1364.9502,1603.4502,1642.4502,1467.4502,1628.9502,1661.4502,1550.9502,298.03711,298.18359,296.39843499999995,298.009765,298.3125,298.45507,296.70508,297.17968499999995,298.69530999999995,296.55859,296.23047,297.630855,296.71680000000003,295.966795,296.34375,287.62036,287.46021,287.05785,287.409425,287.386,287.323485,287.0188,287.05787,287.26099,286.28441999999995,286.42114,286.71411,285.5149,285.53834,285.84302,0.00390625,0.001953125,0.001953125,0.00390625,0.00390625,0.005859375,0.009765625,0.015625,0.015625,0.021484375,0.0234375,0.017578125,0.021484375,0.017578125,0.009765625,100514.185,100504.185,100569.56,100515.06,100494.935,100471.435,100566.685,100545.31,100460.685,100577.56,100592.435,100505.685,100555.685,100582.935,100529.81,297.059325,296.52612,294.98706500000003,296.7644,296.696045,297.09643500000004,295.17651,295.74878,297.38745,295.250735,294.69018,296.02222,295.178465,294.19995,294.07104000000004,46550750.0,46851550.0,47445730.0,47113184.0,46931936.0,46929890.0,47508960.0,47109600.0,46880224.0,47798496.0,47520990.0,47418850.0,48000736.0,47898850.0,47941600.0,85481.845,85589.845,84029.845,85345.845,85521.845,85785.845,84137.845,84189.845,85773.845,83477.845,83105.845,84781.845,83225.845,82921.845,83973.845,49942416.0,50008464.0,50180496.0,49591184.0,49773970.0,49838990.0,49104784.0,49342350.0,49500560.0,48532880.0,48854416.0,49194384.0,48408464.0,48679310.0,49234830.0,78356820.0,78356820.0,78356820.0,78364580.0,78364580.0,78364580.0,78372250.0,78371700.0,78370410.0,78378280.0,78378280.0,78378280.0,78384110.0,78384110.0,78384110.0,0.0139693672698,0.0042037422698,0.0061568675,0.0081099922698,0.0081099922698,0.0100631172698,0.0178756175,0.0237349915,0.0237349915,0.0335006165,0.0374068665,0.0315474915,0.0256881162698,0.0256881162698,0.0198287412698,27.604271,27.623802,25.604271,28.5222395,28.7917705,28.8503645,27.5222395,27.733177,29.3777085,27.158958,27.190208,29.155052,26.760521,26.8933335,28.2253645,2.7447858423576528,2.5299197785134613,3.130754036004564,2.7436196406729345,2.901356747433308,3.504638896811596,2.6100360227238,2.9763228770258485,3.1923944313054817,2.5305552659929997,2.629950241483776,2.3185327376099245,2.6234552541592704,2.720367380329147,2.006185576377711,5.631064928914083,5.951818768341122,6.460064411306535,5.8770416684576405,6.288479099045376,6.957341272185774,5.78948865210634,6.13861619092948,6.493434638216244,5.671319834710279,5.779538496216597,5.3853618286090175,5.71451143576159,5.928189117445215,5.214430676943113,7.367856812353035,7.84671533567879,8.498643766797395,7.670741706822955,8.181164575547891,9.002310605009994,7.773877473573003,8.066066310412142,8.410962498957923,7.674098572918822,7.754612188043873,7.097137296267881,7.354466354563343,7.68023467060356,6.784513452889382
2025-05-06 21:45:00,1.81462955,2.02050115,3.2917414,2.2523737,2.764031425,3.95568175,2.2906427000000003,3.088250175,3.660637825,2.184929875,3.1183404500000003,2.54235175,2.2968073,3.1984186,1.905816075,5.29073285,5.511985325,5.40993455,5.4076762,5.50679725,5.597373525,5.2346415,5.153647875,5.288779675,5.146567825,4.82881875,4.626670375,5.19918,5.0861429000000005,4.7557598500000005,0.9439478,0.79209235,1.122658725,1.064553275,1.379006375,1.843361825,0.8648462375,1.605080575,1.86582275,0.6480493625,1.34580325,1.0059595,0.781838425,1.317971225,0.53135015,2.503845,2.263610625,2.794860625,2.4794309,2.392516875,2.8495481,2.379821575,2.364196525,2.476501225,2.3729856,2.21380595,1.951110625,2.4794309,2.453063725,1.87396215,2.63769555,2.898620875,4.4490359,3.140564225,3.719848875,5.151977775000001,3.332641825,4.0647585,4.7772219,3.38903835,4.22296175,3.60827655,3.465881525,4.419494875,3.0591433,6.890328675,7.25702785,7.121896,7.03449375,7.1853725,7.3013395,6.965401875,6.829781775000001,6.91510875,6.8277065,6.507760425000001,6.05268215,6.479317875,6.46845375,6.0081265,52562850.0,52854176.0,53504930.0,52372384.0,52541856.0,52563870.0,51816864.0,51863970.0,51683230.0,50955170.0,51112864.0,51179936.0,50641310.0,50898336.0,51248030.0,1397.4502,1386.4502,1547.9502,1410.9502,1392.9502,1364.4502,1535.4502,1529.4502,1364.9502,1603.4502,1642.4502,1467.4502,1628.9502,1661.4502,1550.9502,297.796265,298.008175,296.2308325,297.79431250000005,298.1156,298.253285,296.47400000000005,296.9378625,298.476925,296.295285,295.98669500000005,297.3821975,296.39783,295.7122775,296.072625,287.69226000000003,287.510625,287.11412499999994,287.5047625,287.4579,287.3914775,287.137575,287.153205,287.348515,286.50866,286.63951999999995,286.914915,285.8036,285.90907000000004,286.15906,0.001953125,0.0009765625,0.0009765625,0.001953125,0.001953125,0.0029296875,0.0048828125,0.0078125,0.0078125,0.0107421875,0.01171875,0.0087890625,0.0107421875,0.0087890625,0.0048828125,100543.8725,100530.6225,100595.31,100546.31,100524.8725,100501.3725,100599.8725,100578.435,100492.4975,100612.81,100627.1225,100538.3725,100592.4975,100620.1225,100565.81,296.78576250000003,296.2301,294.7711225,296.5094,296.4283425,296.8648675,294.91857500000003,295.482055,297.12561,294.9537375,294.41564,295.71643,294.8511975,293.977175,293.82287,46550750.0,46851550.0,47445730.0,47113184.0,46931936.0,46929890.0,47508960.0,47109600.0,46880224.0,47798496.0,47520990.0,47418850.0,48000736.0,47898850.0,47941600.0,85504.1725,85610.1725,84050.1725,85368.1725,85544.1725,85808.1725,84160.1725,84214.1725,85798.1725,83502.1725,83128.1725,84806.1725,83248.1725,82944.1725,83998.1725,49942416.0,50008464.0,50180496.0,49591184.0,49773970.0,49838990.0,49104784.0,49342350.0,49500560.0,48532880.0,48854416.0,49194384.0,48408464.0,48679310.0,49234830.0,78356820.0,78356820.0,78356820.0,78364580.0,78364580.0,78364580.0,78372250.0,78371700.0,78370410.0,78378280.0,78378280.0,78378280.0,78384110.0,78384110.0,78384110.0,0.0069868199047,0.0021040074047,0.00698682025,0.0040571324047,0.0040571324047,0.0050336949047,0.01284619525,0.0157758822499999,0.0157758822499999,0.0206586947499999,0.0226118197499999,0.0196821322499999,0.0128461944047,0.0128461944047,0.0099165069047,27.447445,27.531429,25.572445,28.48064775,28.82635075,28.87127275,27.49627275,27.715023,29.34978875,27.1818195,27.1818195,29.187679,26.884945,27.05291375,28.48455425,2.675869434996753,2.398195853666129,3.011911108581064,2.6983052575993023,2.761484307297509,3.393804235968972,2.532095919066532,2.8575704472618706,3.100701993395054,2.4598838659668503,2.5907765577073536,2.195173611956043,2.5997786272452683,2.7847028187652043,1.947836523309296,5.593275828510724,5.870639413229762,6.332689261266312,5.857998734081301,6.161548966858504,6.854050516713018,5.713887959400809,6.008109150379972,6.4320649667516445,5.591160786097351,5.748176900762342,5.279169553976336,5.683906794251055,6.00822196161613,5.123415527028862,7.377944636822443,7.8145029395772445,8.397340238093536,7.703716373941795,8.091158978576248,8.936018883616697,7.72161413267931,7.947841263981335,8.40479494730039,7.62254268521423,7.757857416268957,7.046603498864437,7.348053815169758,7.83408123943327,6.742102177358123
2025-05-06 22:00:00,1.9003372,2.0514603,3.1867142,2.268013,2.7096634,3.931343,2.2345657,3.0436478,3.7501907,2.0954056,3.1444778,2.6559525,2.0780716,3.1298294,1.8852005,5.2223873,5.414526,5.3249264,5.3805904,5.392065,5.4882565,5.176733,5.0282955,5.154272,5.0978756,4.7748775,4.4467525,5.267309,5.225561,4.665991,1.0231905,0.8259249,1.0231905,1.0837374,1.3532686,1.7927217,0.83178425,1.5974092,1.9255342,0.57397175,1.3454561,1.0485811,0.6481905,1.281003,0.5056124,2.402669,2.1136065,2.7073565,2.4222002,2.246419,2.7503252,2.308919,2.2268877,2.3206377,2.3206377,2.168294,1.793294,2.5003252,2.5472002,1.8206377,2.6721182,2.8847647,4.33496,3.1220694,3.6486807,5.1433096,3.2414541,3.984374,4.8459463,3.2922354,4.242675,3.71704,3.2373037,4.3686514,3.0791006,6.888032,7.2278757,7.074067,7.07895,7.120942,7.226411,6.9515085,6.7400827,6.860688,6.818696,6.498872,5.9310007,6.5994577,6.691743,5.950532,52562850.0,52854176.0,53504930.0,52372384.0,52541856.0,52563870.0,51816864.0,51863970.0,51683230.0,50955170.0,51112864.0,51179936.0,50641310.0,50898336.0,51248030.0,1397.4502,1386.4502,1547.9502,1410.9502,1392.9502,1364.4502,1535.4502,1529.4502,1364.9502,1603.4502,1642.4502,1467.4502,1628.9502,1661.4502,1550.9502,297.55542,297.83276,296.06323,297.57886,297.9187,298.0515,296.24292,296.69604,298.25854,296.03198,295.74292,297.13354,296.07886,295.45776,295.8015,287.76416,287.56104,287.1704,287.6001,287.5298,287.45947,287.25635,287.24854,287.43604,286.7329,286.8579,287.11572,286.0923,286.2798,286.4751,0.0,0.0,0.0,0.0,0.0,0.0,0.0,0.0,0.0,0.0,0.0,0.0,0.0,0.0,0.0,100573.56,100557.06,100621.06,100577.56,100554.81,100531.31,100633.06,100611.56,100524.31,100648.06,100661.81,100571.06,100629.31,100657.31,100601.81,296.5122,295.93408,294.55518,296.2544,296.16064,296.6333,294.66064,295.21533,296.86377,294.65674,294.1411,295.41064,294.52393,293.7544,293.5747,46550750.0,46851550.0,47445730.0,47113184.0,46931936.0,46929890.0,47508960.0,47109600.0,46880224.0,47798496.0,47520990.0,47418850.0,48000736.0,47898850.0,47941600.0,85526.5,85630.5,84070.5,85390.5,85566.5,85830.5,84182.5,84238.5,85822.5,83526.5,83150.5,84830.5,83270.5,82966.5,84022.5,49942416.0,50008464.0,50180496.0,49591184.0,49773970.0,49838990.0,49104784.0,49342350.0,49500560.0,48532880.0,48854416.0,49194384.0,48408464.0,48679310.0,49234830.0,78356820.0,78356820.0,78356820.0,78364580.0,78364580.0,78364580.0,78372250.0,78371700.0,78370410.0,78378280.0,78378280.0,78378280.0,78384110.0,78384110.0,78384110.0,4.2725396e-06,4.2725396e-06,0.007816773,4.2725396e-06,4.2725396e-06,4.2725396e-06,0.007816773,0.007816773,0.007816773,0.007816773,0.007816773,0.007816773,4.2725396e-06,4.2725396e-06,4.2725396e-06,27.290619,27.439056,25.540619,28.439056,28.860931,28.892181,27.470306,27.696869,29.321869,27.204681,27.173431,29.220306,27.009369,27.212494,28.743744,2.6114626405237447,2.269247535480045,2.894252583549421,2.6535901267978064,2.6225434652846005,3.2830077367264803,2.4541744003043187,2.740573841489393,3.015467010270702,2.3905653943072447,2.551813274411592,2.077360270562911,2.582978325508228,2.8511747657569217,1.889541090766499,5.557392426750619,5.790127905940602,6.205641671728928,5.839061227692442,6.034620179060531,6.751030824506821,5.638426058831088,5.877716186221064,6.374201921523234,5.511720263364853,5.717271707265546,5.1795454895688,5.662413414455674,6.091167362486879,5.032440057991873,7.388179783126237,7.782291083544523,8.29664402768306,7.736850162754631,8.00129275916814,8.869873143533292,7.670103982866142,7.829683963910376,8.399537807274141,7.571884116217651,7.761161538584866,6.999511101855649,7.350712698787988,7.9915292299265825,6.69997698413542
2025-05-06 22:15:00,1.811440225,1.888832825,3.0209129,2.23252175,2.7388084,3.93778295,2.1727073,3.07791975,3.755470975,2.039101375,3.1105735,2.611061875,2.065590625,3.1011130500000004,1.82431865,5.141916475,5.341135250000001,5.338938049999999,5.22370355,5.2462255,5.362985875000001,5.006174325,4.895029299999999,4.9267065,5.03064945,4.702341275,4.2702734,5.302072625,5.196787,4.5385230750000005,1.005449775,0.7827935425,0.9839654,1.07185605,1.39363335,1.8008598999999998,0.7896294625,1.609941925,1.86726615,0.5342583675,1.330645075,1.0181450675,0.6582818,1.2779106999999998,0.47371151,2.3046358,2.0209444,2.685006875,2.260202175,2.0990694,2.6474092,2.1610811,2.098581075,2.132272475,2.2826631,2.0985811,1.66498735,2.51362015,2.4989717,1.75043655,2.490409625,2.636466775,4.128227,3.0215986,3.59325385,5.0927045500000006,3.182914475,4.013602925,4.850028725,3.25414255,4.221977125,3.677848525,3.213432025,4.334586875,3.01512885,6.812157425,7.161705775,7.077416100000001,6.967736,7.018944425,7.117516374999999,6.821251625,6.63350745,6.65169575,6.7751090000000005,6.44515315,5.775902525,6.670983025,6.718346425,5.85347825,52562850.0,52854176.0,53504930.0,52372384.0,52541856.0,52563870.0,51816864.0,51863970.0,51683230.0,50955170.0,51112864.0,51179936.0,50641310.0,50898336.0,51248030.0,1397.4502,1386.4502,1547.9502,1410.9502,1392.9502,1364.4502,1535.4502,1529.4502,1364.9502,1603.4502,1642.4502,1467.4502,1628.9502,1661.4502,1550.9502,297.35431000000005,297.562315,295.8416125,297.36310000000003,297.7127075,297.89922,295.999815,296.5173925,298.10430499999995,295.80548,295.54962250000005,296.888485,295.869935,295.275205,295.5183625,287.7937,287.6013225,287.25267499999995,287.645265,287.57008,287.5075675,287.3405775,287.31226,287.4939,286.86303,286.954825,287.206785,286.30347500000005,286.474375,286.656985,0.0,0.0,0.0,0.0,0.0,0.0,0.0,0.0,0.0,0.0,0.0,0.0,0.0,0.0,0.0,100594.03,100577.9675,100642.03,100599.405,100576.4675,100551.78,100657.03,100634.0925,100545.4675,100673.28,100684.405,100593.8425,100656.155,100681.2175,100626.78,296.23852,295.5969225,294.30298500000004,295.9748575,295.89282000000003,296.4465325,294.34985,294.96411,296.6213375,294.41821500000003,293.92504,295.10473,294.3566925,293.60865,293.28735,46550750.0,46851550.0,47445730.0,47113184.0,46931936.0,46929890.0,47508960.0,47109600.0,46880224.0,47798496.0,47520990.0,47418850.0,48000736.0,47898850.0,47941600.0,85541.7975,85645.7975,84083.7975,85407.7975,85581.7975,85845.7975,84199.7975,84253.7975,85837.7975,83541.7975,83165.7975,84845.7975,83285.7975,82981.7975,84037.7975,49942416.0,50008464.0,50180496.0,49591184.0,49773970.0,49838990.0,49104784.0,49342350.0,49500560.0,48532880.0,48854416.0,49194384.0,48408464.0,48679310.0,49234830.0,78356820.0,78356820.0,78356820.0,78364580.0,78364580.0,78364580.0,78372250.0,78371700.0,78370410.0,78378280.0,78378280.0,78378280.0,78384110.0,78384110.0,78384110.0,3.2044047e-06,3.2044047e-06,0.00586257975,3.2044047e-06,3.2044047e-06,3.2044047e-06,0.00586257975,0.00586257975,0.00586257975,0.00586257975,0.00586257975,0.00586257975,3.2044047e-06,3.2044047e-06,3.2044047e-06,27.2759095,27.3442685,25.375519,28.3286435,28.68215925,28.71536225,27.320831,27.531769,29.203644,27.05911225,27.03567475,29.11379975,26.9946595,27.19387825,28.72317525,2.5144135341445306,2.167252176852306,2.8596240709566048,2.5014774162075364,2.519584541198922,3.2018544394885677,2.3008229416504977,2.644986867684008,2.834302168537866,2.3443512602307224,2.484886103808174,1.9516152935798088,2.598388190147358,2.8067624257452533,1.8134030744107563,5.451662198323048,5.665281564016924,6.134343832157128,5.680777424130051,5.91810387275864,6.65340154032208,5.457328868939684,5.782292091835084,6.1948364935008335,5.428201203558339,5.638056488318548,5.005285109344529,5.690223084454798,6.05173506295916,4.891454818256556,7.253111669020081,7.631578255075895,8.193416675360055,7.594695719067221,7.885242803603349,8.751838605800717,7.527311491278255,7.753220590746406,8.232122143402222,7.516085796317223,7.704874429280349,6.847453523109599,7.404603966393729,7.995299998326051,6.5843913617984
2025-05-06 22:30:00,1.7225432500000002,1.72620535,2.8551116,2.1970305,2.7679534,3.9442229,2.1108489,3.1121917000000003,3.76075125,1.98279715,3.0766692000000004,2.56617125,2.05310965,3.0723967,1.7634368,5.06144565,5.2677445,5.3529497,5.0668167,5.100386,5.237715250000001,4.835615649999999,4.7617631,4.699141,4.9634233000000005,4.62980505,4.0937943,5.33683625,5.168013,4.41105515,0.98770905,0.739662185,0.9447403,1.0599747,1.4339981000000002,1.8089981,0.747474675,1.62247465,1.8089981,0.494544985,1.31583405,0.987709035,0.6683730999999999,1.2748184,0.44181062,2.2066026,1.9282823,2.66265725,2.09820415,1.9517198,2.5444932,2.0132432,1.97027445,1.94390725,2.2446885,2.0288682,1.5366807,2.5269151,2.4507432,1.6802354,2.30870105,2.38816885,3.921494,2.9211278,3.537827,5.0420995,3.12437485,4.04283185,4.85411115,3.2160497,4.201279250000001,3.63865705,3.18956035,4.30052235,2.9511571,6.73628285,7.09553585,7.0807652,6.856522,6.91694685,7.00862175,6.69099475,6.5269322,6.4427035,6.731522,6.3914343,5.62080435,6.74250835,6.744949849999999,5.7564245,52562850.0,52854176.0,53504930.0,52372384.0,52541856.0,52563870.0,51816864.0,51863970.0,51683230.0,50955170.0,51112864.0,51179936.0,50641310.0,50898336.0,51248030.0,1397.4502,1386.4502,1547.9502,1410.9502,1392.9502,1364.4502,1535.4502,1529.4502,1364.9502,1603.4502,1642.4502,1467.4502,1628.9502,1661.4502,1550.9502,297.1532,297.29187,295.619995,297.14734,297.506715,297.74694,295.75671,296.338745,297.95007,295.57898,295.356325,296.64343,295.66101000000003,295.09265,295.235225,287.82324,287.641605,287.33495,287.69043,287.61036,287.555665,287.424805,287.37598,287.55176,286.99316,287.05175,287.29785000000004,286.51465,286.66895,286.83887,0.0,0.0,0.0,0.0,0.0,0.0,0.0,0.0,0.0,0.0,0.0,0.0,0.0,0.0,0.0,100614.5,100598.875,100663.0,100621.25,100598.125,100572.25,100681.0,100656.625,100566.625,100698.5,100707.0,100616.625,100683.0,100705.125,100651.75,295.96484,295.259765,294.05079,295.695315,295.625,296.259765,294.03906,294.71289,296.37890500000003,294.17969,293.70898,294.79882,294.189455,293.4629,293.0,46550750.0,46851550.0,47445730.0,47113184.0,46931936.0,46929890.0,47508960.0,47109600.0,46880224.0,47798496.0,47520990.0,47418850.0,48000736.0,47898850.0,47941600.0,85557.095,85661.095,84097.095,85425.095,85597.095,85861.095,84217.095,84269.095,85853.095,83557.095,83181.095,84861.095,83301.095,82997.095,84053.095,49942416.0,50008464.0,50180496.0,49591184.0,49773970.0,49838990.0,49104784.0,49342350.0,49500560.0,48532880.0,48854416.0,49194384.0,48408464.0,48679310.0,49234830.0,78356820.0,78356820.0,78356820.0,78364580.0,78364580.0,78364580.0,78372250.0,78371700.0,78370410.0,78378280.0,78378280.0,78378280.0,78384110.0,78384110.0,78384110.0,2.1362698e-06,2.1362698e-06,0.0039083865,2.1362698e-06,2.1362698e-06,2.1362698e-06,0.0039083865,0.0039083865,0.0039083865,0.0039083865,0.0039083865,0.0039083865,2.1362698e-06,2.1362698e-06,2.1362698e-06,27.2612,27.249481000000003,25.210419,28.218231000000003,28.5033875,28.538543500000003,27.171356000000003,27.366669,29.085419,26.913543500000003,26.897918500000003,29.007293500000003,26.97995,27.1752625,28.7026065,2.417574032326345,2.065277893265762,2.825292527406968,2.350746055982507,2.421891972924401,3.122005728798371,2.1475256860192835,2.5523333242771065,2.6554188977270936,2.2985215257249387,2.418207067252646,1.826733891833488,2.613813788970366,2.7624815266938527,1.7373507485127877,5.346530399803641,5.543366939653993,6.0667728438754525,5.522641984533231,5.80305982853594,6.556718335033692,5.276254523159031,5.6885960480658575,6.018735423845906,5.344815749212597,5.558865726677894,4.831602907425139,5.718136094413738,6.012319007699101,4.750485962923769,7.120927409647933,7.486653421572655,8.09415536109649,7.452843857241129,7.769193884030307,8.63386044608513,7.384519547529147,7.677586424832433,8.066648836131803,7.460319303445,7.648606392519952,6.695764830733949,7.458868149800734,7.999302529712484,6.468829202651795
2025-05-06 22:45:00,1.633646275,1.563577875,2.6893103,2.16153925,2.7970984000000003,3.95066285,2.0489905,3.1464636500000003,3.766031525,1.926492925,3.0427649000000003,2.521280625,2.040628675,3.04368035,1.70255495,4.980974825,5.194353749999999,5.36696135,4.90992985,4.9545465,5.112444625,4.665056975,4.6284969,4.4715755,4.89619715,4.557268825,3.9173152,5.371599875,5.139239,4.283587225,0.969968325,0.6965308275,0.9055152,1.0480933499999998,1.47436285,1.8171363,0.7053198875,1.635007375,1.75073005,0.4548316025,1.301023025,0.9572730025,0.6784644,1.2717261,0.4099097299999999,2.1085694000000004,1.8356202,2.640307625,1.936206125,1.8043702,2.4415772,1.8654053,1.841967825,1.755542025,2.2067139,1.9591553,1.40837405,2.54021005,2.4025147,1.61003425,2.126992475,2.139870925,3.714761,2.820657,3.48240015,4.991494449999999,3.065835225,4.072060775,4.858193575,3.17795685,4.180581375,3.599465575,3.165688675,4.266457825,2.88718535,6.660408275,7.0293659250000005,7.0841143,6.745308,6.814949275,6.899727125,6.560737875,6.42035695,6.23371125,6.687935,6.33771545,5.465706175,6.814033675,6.771553275,5.65937075,52562850.0,52854176.0,53504930.0,52372384.0,52541856.0,52563870.0,51816864.0,51863970.0,51683230.0,50955170.0,51112864.0,51179936.0,50641310.0,50898336.0,51248030.0,1397.4502,1386.4502,1547.9502,1410.9502,1392.9502,1364.4502,1535.4502,1529.4502,1364.9502,1603.4502,1642.4502,1467.4502,1628.9502,1661.4502,1550.9502,296.95209,297.021425,295.3983775,296.93158,297.3007225,297.59466,295.51360500000004,296.1600975,297.795835,295.35248,295.1630275,296.398375,295.452085,294.910095,294.9520875,287.85278,287.6818875,287.41722500000003,287.735595,287.65064,287.6037625,287.5090325,287.4397,287.60962,287.12329,287.148675,287.388915,286.725825,286.86352500000004,287.020755,0.0,0.0,0.0,0.0,0.0,0.0,0.0,0.0,0.0,0.0,0.0,0.0,0.0,0.0,0.0,100634.97,100619.7825,100683.97,100643.095,100619.7825,100592.72,100704.97,100679.1575,100587.7825,100723.72,100729.595,100639.4075,100709.845,100729.0325,100676.72,295.69116,294.9226075,293.798595,295.4157725,295.35718,296.07299750000004,293.72827,294.46167,296.1364725,293.941165,293.49292,294.49291,294.0222175,293.31715,292.71265,46550750.0,46851550.0,47445730.0,47113184.0,46931936.0,46929890.0,47508960.0,47109600.0,46880224.0,47798496.0,47520990.0,47418850.0,48000736.0,47898850.0,47941600.0,85572.3925,85676.3925,84110.3925,85442.3925,85612.3925,85876.3925,84234.3925,84284.3925,85868.3925,83572.3925,83196.3925,84876.3925,83316.3925,83012.3925,84068.3925,49942416.0,50008464.0,50180496.0,49591184.0,49773970.0,49838990.0,49104784.0,49342350.0,49500560.0,48532880.0,48854416.0,49194384.0,48408464.0,48679310.0,49234830.0,78356820.0,78356820.0,78356820.0,78364580.0,78364580.0,78364580.0,78372250.0,78371700.0,78370410.0,78378280.0,78378280.0,78378280.0,78384110.0,78384110.0,78384110.0,1.0681349e-06,1.0681349e-06,0.0019541932499999,1.0681349e-06,1.0681349e-06,1.0681349e-06,0.0019541932499999,0.0019541932499999,0.0019541932499999,0.0019541932499999,0.0019541932499999,0.0019541932499999,1.0681349e-06,1.0681349e-06,1.0681349e-06,27.2464905,27.1546935,25.045319,28.1078185,28.32461575,28.36172475,27.021881,27.201569,28.967194,26.76797475,26.76016225,28.90078725,26.9652405,27.15664675,28.68203775,2.3209703716591616,1.963327968604806,2.7912689107400923,2.2016797743545125,2.3301282437042303,3.0435642849030686,1.99429513286552,2.462944291826273,2.479311095751016,2.2530996478376024,2.351797270407941,1.7029060649456762,2.6292548450441933,2.718338492008914,1.661395880854932,5.2420330368193175,5.424581702889963,6.003054557646458,5.364668028984793,5.689577355124439,6.461023680351397,5.095205457004299,5.596714844806812,5.846193710397738,5.261570252476268,5.479700482689624,4.6585635517991415,5.746150938352757,5.972919518300671,4.609534995197747,6.991790570261319,7.347859068001473,7.9990077323744035,7.311312189102104,7.653146047576974,8.515941007536487,7.241728184025573,7.60280621354424,7.90323989010506,7.404585356702084,7.592357852351639,6.544470675084671,7.513497169165452,8.003536476375112,6.3532917870353
2025-05-06 23:00:00,1.5447493,1.4009504,2.523509,2.126048,2.8262434,3.9571028,1.9871321,3.1807356,3.7713118,1.8701887,3.0088606,2.47639,2.0281477,3.014964,1.6416731,4.900504,5.120963,5.380973,4.753043,4.808707,4.987174,4.4944983,4.4952307,4.24401,4.828971,4.4847326,3.7408361,5.4063635,5.110465,4.1561193,0.9522276,0.65339947,0.8662901,1.036212,1.5147276,1.8252745,0.6631651,1.6475401,1.692462,0.41511822,1.286212,0.92683697,0.6885557,1.2686338,0.37800884,2.0105362,1.7429581,2.617958,1.7742081,1.6570206,2.3386612,1.7175674,1.7136612,1.5671768,2.1687393,1.8894424,1.2800674,2.553505,2.3542862,1.5398331,1.9452839,1.891573,3.508028,2.7201862,3.4269733,4.9408894,3.0072956,4.1012897,4.862276,3.139864,4.1598835,3.5602741,3.141817,4.2323933,2.8232136,6.5845337,6.963196,7.0874634,6.634094,6.7129517,6.7908325,6.430481,6.3137817,6.024719,6.644348,6.2839966,5.310608,6.885559,6.7981567,5.562317,52562850.0,52854176.0,53504930.0,52372384.0,52541856.0,52563870.0,51816864.0,51863970.0,51683230.0,50955170.0,51112864.0,51179936.0,50641310.0,50898336.0,51248030.0,1397.4502,1386.4502,1547.9502,1410.9502,1392.9502,1364.4502,1535.4502,1529.4502,1364.9502,1603.4502,1642.4502,1467.4502,1628.9502,1661.4502,1550.9502,296.75098,296.75098,295.17676,296.71582,297.09473,297.44238,295.2705,295.98145,297.6416,295.12598,294.96973,296.15332,295.24316,294.72754,294.66895,287.88232,287.72217,287.4995,287.78076,287.69092,287.65186,287.59326,287.50342,287.66748,287.25342,287.2456,287.47998,286.937,287.0581,287.20264,0.0,0.0,0.0,0.0,0.0,0.0,0.0,0.0,0.0,0.0,0.0,0.0,0.0,0.0,0.0,100655.44,100640.69,100704.94,100664.94,100641.44,100613.19,100728.94,100701.69,100608.94,100748.94,100752.19,100662.19,100736.69,100752.94,100701.69,295.41748,294.58545,293.5464,295.13623,295.08936,295.88623,293.41748,294.21045,295.89404,293.70264,293.27686,294.187,293.85498,293.1714,292.4253,46550750.0,46851550.0,47445730.0,47113184.0,46931936.0,46929890.0,47508960.0,47109600.0,46880224.0,47798496.0,47520990.0,47418850.0,48000736.0,47898850.0,47941600.0,85587.69,85691.69,84123.69,85459.69,85627.69,85891.69,84251.69,84299.69,85883.69,83587.69,83211.69,84891.69,83331.69,83027.69,84083.69,49942416.0,50008464.0,50180496.0,49591184.0,49773970.0,49838990.0,49104784.0,49342350.0,49500560.0,48532880.0,48854416.0,49194384.0,48408464.0,48679310.0,49234830.0,78356820.0,78356820.0,78356820.0,78364580.0,78364580.0,78364580.0,78372250.0,78371700.0,78370410.0,78378280.0,78378280.0,78378280.0,78384110.0,78384110.0,78384110.0,0.0,0.0,0.0,0.0,0.0,0.0,0.0,0.0,0.0,0.0,0.0,0.0,0.0,0.0,0.0,27.231781,27.059906,24.880219,27.997406,28.145844,28.184906,26.872406,27.036469,28.848969,26.622406,26.622406,28.794281,26.950531,27.138031,28.661469,2.2246332762305343,1.8614064053161232,2.7575646188479443,2.0546410126953103,2.245020483431303,2.966641739195296,1.8411479363160284,2.3771880635518614,2.3066145633595223,2.208110796119719,2.2856801814474745,1.580379485282425,2.6447110876289472,2.6743401485250304,1.5855524775212442,5.138208817658785,5.309135906211966,5.943312889273961,5.206870255552081,5.577751766428169,6.366362154012592,4.914184464542749,5.506739325892397,5.677535871566048,5.178471462936596,5.400561878521079,4.486241428987434,5.774266134076913,5.933536924762581,4.468603607738786,6.865873105296579,7.215548970712138,7.90812227365786,7.170119675675326,7.537099344273351,8.398082763707952,7.098937435781524,7.528905402419463,7.742026022246179,7.348884696578114,7.536129245334359,6.393599064438965,7.568483124376376,8.008001471256096,6.237780489862877
2025-05-06 23:15:00,1.4547863250000002,1.296277975,2.4812145,2.13850205,2.8375988000000003,3.825758,2.0799084,3.24842645,3.638258,1.931226725,3.053174975,2.4851819,2.089368825,3.0189952,1.69495965,4.916892,5.221762575,5.561789625,4.658896325,4.75258525,4.89046375,4.4045019750000005,4.39742185,4.0396948,4.7496557500000005,4.452109325,3.654074625,5.228354475,5.013999,4.097556075,0.93382645,0.6462287925,0.881092075,1.0529671,1.5344124,1.724353825,0.7214241075,1.67113115,1.55394365,0.46263504,1.328357725,0.9225959775,0.7228889325,1.280994375,0.428455355,2.0329067750000003,1.782418525,2.6974575,1.695016175,1.589547425,2.2457974000000003,1.64472315,1.617379425,1.450387225,2.101754425,1.82441065,1.225777825,2.4289029,2.2536099000000003,1.5094693,1.871631625,1.812183425,3.550342525,2.71196365,3.38286205,4.811512049999999,3.0943489,4.131214099999999,4.725086149999999,3.19823075,4.2189827,3.588184325,3.185474325,4.253955875,2.8873787,6.5689881,7.052752875,7.268451049999999,6.56959825,6.716449024999999,6.728350874999999,6.356768875,6.255816675,5.8147765,6.5663635,6.2766297,5.239398250000001,6.7329285,6.724261525,5.52479875,52562850.0,52854176.0,53504930.0,52372384.0,52541856.0,52563870.0,51816864.0,51863970.0,51683230.0,50955170.0,51112864.0,51179936.0,50641310.0,50898336.0,51248030.0,1397.4502,1386.4502,1547.9502,1410.9502,1392.9502,1364.4502,1535.4502,1529.4502,1364.9502,1603.4502,1642.4502,1467.4502,1628.9502,1661.4502,1550.9502,296.51227,296.511295,295.01227,296.48004000000003,296.8706725,297.202695,295.06500000000005,295.8169625,297.39508,294.92536,294.789615,295.96149,295.0112875,294.5239875,294.47028,287.9237025,287.881715,287.6776,287.792845,287.74304,287.737185,287.6102275,287.52527,287.69812,287.299685,287.28015000000005,287.51745500000004,287.02526,287.12292,287.27918,0.0,0.0,0.0,0.0,0.0,0.0,0.0,0.0,0.0,0.0,0.0,0.0,0.0,0.0,0.0,100663.205,100648.83,100707.705,100670.7675,100647.08,100617.33,100733.33,100704.83,100612.7675,100754.1425,100754.705,100665.1425,100743.205,100756.58,100705.7675,295.21234000000004,294.39886249999995,293.4311,294.88031,294.859805,295.6215225,293.16839500000003,293.97992,295.55316000000005,293.470155,293.054145,293.925225,293.58441,292.895945,292.2191825,46550750.0,46851550.0,47445730.0,47113184.0,46931936.0,46929890.0,47508960.0,47109600.0,46880224.0,47798496.0,47520990.0,47418850.0,48000736.0,47898850.0,47941600.0,85589.5175,85693.5175,84123.5175,85459.5175,85627.5175,85893.5175,84251.5175,84299.5175,85885.5175,83589.5175,83211.5175,84891.5175,83333.5175,83027.5175,84083.5175,49942416.0,50008464.0,50180496.0,49591184.0,49773970.0,49838990.0,49104784.0,49342350.0,49500560.0,48532880.0,48854416.0,49194384.0,48408464.0,48679310.0,49234830.0,78356820.0,78356820.0,78356820.0,78364580.0,78364580.0,78364580.0,78372250.0,78371700.0,78370410.0,78378280.0,78378280.0,78378280.0,78384110.0,78384110.0,78384110.0,0.0,0.0,0.0,0.0,0.0,0.0,0.0,0.0,0.0,0.0,0.0,0.0,0.0,0.0,0.0,27.239414250000003,27.071445500000003,24.86050825,27.993320500000003,28.120274,28.139804750000003,26.862461000000003,26.99136775,28.760899,26.671054750000003,26.606601750000003,28.698398500000003,27.042148500000003,27.176914250000003,28.62613325,2.237128023730538,1.895950276383636,2.8377103814403006,1.9954497105149105,2.209317186281293,2.831431100281074,1.795986353797849,2.3256387348239733,2.1256443657908823,2.1520694327188616,2.2567694754672214,1.5341820667576946,2.534193699455391,2.592239219315928,1.5690989640142732,5.127594971433587,5.380254731714914,6.090150181052016,5.126256527423565,5.5352536986374,6.209111044636588,4.87089895195635,5.46713758084768,5.436548109941734,5.127266952954789,5.398440040392985,4.419093848421473,5.630377660791006,5.852735940534481,4.434281678344028,6.830417966540683,7.281849482217104,8.089209646873387,7.107346059206938,7.520268821973962,8.271720117630217,7.069901388640437,7.4968108026844895,7.492533941856657,7.3038215712309,7.56279679839551,6.350303990540829,7.448461106923125,7.956873358489648,6.233807583268452
2025-05-06 23:30:00,1.36482335,1.19160555,2.43892,2.1509561,2.8489542,3.6944132,2.1726847,3.3161173,3.5052042,1.99226475,3.09748935,2.4939738,2.15058995,3.0230264,1.7482462,4.93328,5.32256215,5.74260625,4.56474965,4.6964635,4.7937535,4.31450565,4.299613,3.8353796,4.6703405,4.41948605,3.5673131500000004,5.05034545,4.917533,4.03899285,0.9154253,0.639058115,0.89589405,1.0697222,1.5540972000000002,1.62343315,0.779683115,1.6947222000000002,1.4154253,0.51015186,1.37050345,0.918354985,0.757222165,1.29335495,0.47890187,2.05527735,1.82187895,2.776957,1.6158242500000002,1.5220742500000002,2.1529336,1.5718789000000002,1.52109765,1.33359765,2.03476955,1.7593789000000002,1.17148825,2.3043008,2.1529336,1.4791055000000002,1.79797935,1.73279385,3.59265705,2.7037411,3.3387508,4.6821347,3.1814022,4.1611385,4.5878963,3.2565975,4.2780819,3.61609455,3.22913165,4.27551845,2.9515438,6.5534425,7.14230975,7.4494387,6.5051025,6.71994635,6.66586925,6.28305675,6.1978516500000005,5.604834,6.488379,6.2692628,5.1681885,6.580298,6.6503663500000005,5.487280500000001,52562850.0,52854176.0,53504930.0,52372384.0,52541856.0,52563870.0,51816864.0,51863970.0,51683230.0,50955170.0,51112864.0,51179936.0,50641310.0,50898336.0,51248030.0,1397.4502,1386.4502,1547.9502,1410.9502,1392.9502,1364.4502,1535.4502,1529.4502,1364.9502,1603.4502,1642.4502,1467.4502,1628.9502,1661.4502,1550.9502,296.27356,296.27161,294.84778,296.24426,296.646615,296.96301,294.8595,295.652475,297.14856,294.72474,294.6095,295.76966000000004,294.779415,294.320435,294.27161,287.965085,288.04126,287.8557,287.80493,287.79516,287.82251,287.62719500000003,287.54712,287.72876,287.34595,287.3147,287.55493,287.11352,287.18774,287.35572,0.0,0.0,0.0,0.0,0.0,0.0,0.0,0.0,0.0,0.0,0.0,0.0,0.0,0.0,0.0,100670.97,100656.97,100710.47,100676.595,100652.72,100621.47,100737.72,100707.97,100616.595,100759.345,100757.22,100668.095,100749.72,100760.22,100709.845,295.0072,294.212275,293.3158,294.62439,294.63025,295.356815,292.91931,293.74938999999995,295.21228,293.23767,292.83143,293.66345,293.31384,292.62049,292.013065,46550750.0,46851550.0,47445730.0,47113184.0,46931936.0,46929890.0,47508960.0,47109600.0,46880224.0,47798496.0,47520990.0,47418850.0,48000736.0,47898850.0,47941600.0,85591.345,85695.345,84123.345,85459.345,85627.345,85895.345,84251.345,84299.345,85887.345,83591.345,83211.345,84891.345,83335.345,83027.345,84083.345,49942416.0,50008464.0,50180496.0,49591184.0,49773970.0,49838990.0,49104784.0,49342350.0,49500560.0,48532880.0,48854416.0,49194384.0,48408464.0,48679310.0,49234830.0,78356820.0,78356820.0,78356820.0,78364580.0,78364580.0,78364580.0,78372250.0,78371700.0,78370410.0,78378280.0,78378280.0,78378280.0,78384110.0,78384110.0,78384110.0,0.0,0.0,0.0,0.0,0.0,0.0,0.0,0.0,0.0,0.0,0.0,0.0,0.0,0.0,0.0,27.2470475,27.082985,24.8407975,27.989235,28.094704,28.0947035,26.852516,26.9462665,28.672829,26.7197035,26.5907975,28.602516,27.133766,27.2157975,28.5907975,2.249926324416671,1.9307092434648088,2.917895873514749,1.9378321888287704,2.1752995493864526,2.696415820775401,1.7546250414494016,2.277239863520829,1.9447137249388693,2.0977468965222337,2.230177979495608,1.4885431126985915,2.425528310296116,2.511551335867627,1.5547025700177342,5.118593003463474,5.454318621734839,6.239059008291159,5.046142240494449,5.493023706532668,6.052169983658464,4.830685024869249,5.429853211379502,5.195824589013163,5.077519002429514,5.396878469959096,4.35265762784639,5.489173553220621,5.772418853581742,4.40111667854484,6.7956116975466365,7.349500873633725,8.270509151435139,7.044613152710052,7.503661496321576,8.145931389782243,7.042593420174517,7.465148269899934,7.243131686439899,7.259785762999295,7.589837995541898,6.307639191176993,7.329912208330719,7.906164089209301,6.230718906273873
2025-05-06 23:45:00,1.274860375,1.0869331249999998,2.3966255,2.16341015,2.8603096,3.5630684,2.265461,3.38380815,3.3721504,2.053302775,3.141803725,2.5027657000000003,2.211811075,3.0270576,1.80153275,4.949668,5.423361725,5.923422875,4.470602975,4.64034175,4.69704325,4.224509325,4.20180415,3.6310644,4.59102525,4.386862775,3.480551675,4.872336425,4.821066999999999,3.980429625,0.89702415,0.6318874375,0.910696025,1.0864773,1.573782,1.522512475,0.8379421225,1.71831325,1.27690695,0.55766868,1.412649175,0.9141139925,0.7915553975,1.305715525,0.529348385,2.077647925,1.861339375,2.8564565,1.536632325,1.454601075,2.0600698,1.49903465,1.424815875,1.216808075,1.967784675,1.69434715,1.117198675,2.1796987000000003,2.0522573,1.4487417,1.724327075,1.653404275,3.634971575,2.69551855,3.29463955,4.55275735,3.2684555,4.1910629,4.45070645,3.31496425,4.3371811000000005,3.644004775,3.272788975,4.297081025,3.0157089,6.5378969,7.231866625,7.63042635,6.44060675,6.723443675,6.603387625,6.209344625,6.139886625,5.3948915,6.410394500000001,6.2618959,5.09697875,6.4276675,6.576471175,5.44976225,52562850.0,52854176.0,53504930.0,52372384.0,52541856.0,52563870.0,51816864.0,51863970.0,51683230.0,50955170.0,51112864.0,51179936.0,50641310.0,50898336.0,51248030.0,1397.4502,1386.4502,1547.9502,1410.9502,1392.9502,1364.4502,1535.4502,1529.4502,1364.9502,1603.4502,1642.4502,1467.4502,1628.9502,1661.4502,1550.9502,296.03485,296.031925,294.68329,296.00848,296.42255750000004,296.723325,294.654,295.48798750000003,296.90204,294.52412000000004,294.429385,295.57783,294.5475425,294.1168825,294.07294,288.0064675,288.200805,288.03380000000004,287.817015,287.84728,287.907835,287.6441625,287.56897000000004,287.7594,287.392215,287.34925,287.592405,287.20178,287.25256,287.43226,0.0,0.0,0.0,0.0,0.0,0.0,0.0,0.0,0.0,0.0,0.0,0.0,0.0,0.0,0.0,100678.735,100665.11,100713.235,100682.4225,100658.36,100625.61,100742.11,100711.11,100620.4225,100764.5475,100759.735,100671.0475,100756.235,100763.86,100713.9225,294.80206,294.0256875,293.2005,294.36847,294.400695,295.0921075,292.670225,293.51886,294.8714,293.005185,292.608715,293.401675,293.04327,292.345035,291.8069475,46550750.0,46851550.0,47445730.0,47113184.0,46931936.0,46929890.0,47508960.0,47109600.0,46880224.0,47798496.0,47520990.0,47418850.0,48000736.0,47898850.0,47941600.0,85593.1725,85697.1725,84123.1725,85459.1725,85627.1725,85897.1725,84251.1725,84299.1725,85889.1725,83593.1725,83211.1725,84891.1725,83337.1725,83027.1725,84083.1725,49942416.0,50008464.0,50180496.0,49591184.0,49773970.0,49838990.0,49104784.0,49342350.0,49500560.0,48532880.0,48854416.0,49194384.0,48408464.0,48679310.0,49234830.0,78356820.0,78356820.0,78356820.0,78364580.0,78364580.0,78364580.0,78372250.0,78371700.0,78370410.0,78378280.0,78378280.0,78378280.0,78384110.0,78384110.0,78384110.0,0.0,0.0,0.0,0.0,0.0,0.0,0.0,0.0,0.0,0.0,0.0,0.0,0.0,0.0,0.0,27.25468075,27.0945245,24.82108675,27.9851495,28.069134,28.04960225,26.842571,26.90116525,28.584759,26.76835225,26.57499325,28.5066335,27.2253835,27.25468075,28.55546175,2.263023028150626,1.965671895967307,2.998117907345049,1.881933002433985,2.1430478461563,2.561626791201768,1.7173386045158443,2.2321963853517857,1.7638348137916735,2.0452801480036418,2.205989563969264,1.4435155942025863,2.3189752844937943,2.4324171224585056,1.5424208978164806,5.111211430372367,5.531209272701336,6.389894548685723,4.9665515639326525,5.451068020548379,5.895563731777405,4.793619986975704,5.394934263822281,4.955403817769801,5.029270835017763,5.395877653644917,4.286965839780136,5.350866328911089,5.6926061458884325,4.369134954301618,6.761464318962843,7.418466187722174,8.452007136404482,6.98192205352793,7.487278852515225,8.020743582360813,7.017033705740385,7.433923324840679,6.993828865567405,7.21679607751309,7.617248857470393,6.265617541645385,7.212909063993377,7.855881774251757,6.228515774328926
2025-05-07 00:00:00,1.1848974,0.9822607,2.354331,2.1758642,2.871665,3.4317236,2.3582373,3.451499,3.2390966,2.1143408,3.1861181,2.5115576,2.2730322,3.0310888,1.8548193,4.966056,5.5241613,6.1042395,4.3764563,4.58422,4.600333,4.134513,4.1039953,3.4267492,4.51171,4.3542395,3.3937902,4.6943274,4.724601,3.9218664,0.878623,0.62471676,0.925498,1.1032324,1.5934668,1.4215918,0.89620113,1.7419043,1.1383886,0.6051855,1.4547949,0.909873,0.82588863,1.3180761,0.5797949,2.1000185,1.9007998,2.935956,1.4574404,1.3871279,1.967206,1.4261904,1.3285341,1.1000185,1.9007998,1.6293154,1.0629091,2.0550966,1.951581,1.4183779,1.6506748,1.5740147,3.6772861,2.687296,3.2505283,4.42338,3.3555088,4.2209873,4.3135166,3.373331,4.3962803,3.671915,3.3164463,4.3186436,3.079874,6.5223513,7.3214235,7.811414,6.376111,6.726941,6.540906,6.1356325,6.0819216,5.184949,6.33241,6.254529,5.025769,6.275037,6.502576,5.412244,52562850.0,52854176.0,53504930.0,52372384.0,52541856.0,52563870.0,51816864.0,51863970.0,51683230.0,50955170.0,51112864.0,51179936.0,50641310.0,50898336.0,51248030.0,1397.4502,1386.4502,1547.9502,1410.9502,1392.9502,1364.4502,1535.4502,1529.4502,1364.9502,1603.4502,1642.4502,1467.4502,1628.9502,1661.4502,1550.9502,295.79614,295.79224,294.5188,295.7727,296.1985,296.48364,294.4485,295.3235,296.65552,294.3235,294.24927,295.386,294.31567,293.91333,293.87427,288.04785,288.36035,288.2119,287.8291,287.8994,287.99316,287.66113,287.59082,287.79004,287.43848,287.3838,287.62988,287.29004,287.31738,287.5088,0.0,0.0,0.0,0.0,0.0,0.0,0.0,0.0,0.0,0.0,0.0,0.0,0.0,0.0,0.0,100686.5,100673.25,100716.0,100688.25,100664.0,100629.75,100746.5,100714.25,100624.25,100769.75,100762.25,100674.0,100762.75,100767.5,100718.0,294.59692,293.8391,293.0852,294.11255,294.17114,294.8274,292.42114,293.28833,294.53052,292.7727,292.386,293.1399,292.7727,292.06958,291.60083,46550750.0,46851550.0,47445730.0,47113184.0,46931936.0,46929890.0,47508960.0,47109600.0,46880224.0,47798496.0,47520990.0,47418850.0,48000736.0,47898850.0,47941600.0,85595.0,85699.0,84123.0,85459.0,85627.0,85899.0,84251.0,84299.0,85891.0,83595.0,83211.0,84891.0,83339.0,83027.0,84083.0,49942416.0,50008464.0,50180496.0,49591184.0,49773970.0,49838990.0,49104784.0,49342350.0,49500560.0,48532880.0,48854416.0,49194384.0,48408464.0,48679310.0,49234830.0,78356820.0,78356820.0,78356820.0,78364580.0,78364580.0,78364580.0,78372250.0,78371700.0,78370410.0,78378280.0,78378280.0,78378280.0,78384110.0,78384110.0,78384110.0,0.0,0.0,0.0,0.0,0.0,0.0,0.0,0.0,0.0,0.0,0.0,0.0,0.0,0.0,0.0,27.262314,27.106064,24.801376,27.981064,28.043564,28.004501,26.832626,26.856064,28.496689,26.817001,26.559189,28.410751,27.317001,27.293564,28.520126,2.276412984603464,2.000827556263892,3.0783736261116843,1.8279098030159804,2.11264295460938,2.427101706205004,1.6843976734920518,2.1907152816423454,1.5830253645953405,1.9948156228309144,2.1842840643430903,1.3991585439083771,2.214839512130583,2.3549932069864257,1.5323047977717814,5.105457280563884,5.610810471864308,6.542523544544663,4.887510078010206,5.409393023309085,5.739319696417509,4.759777401337198,5.362426947700369,4.715332105359304,4.982566019898245,5.39543790349846,4.222053232697784,5.215686447691003,5.613319331971631,4.338362674454666,6.727985863240702,7.488709123885661,8.633691084388484,6.919273898028391,7.471122368599104,7.896185276779922,6.993241414532584,7.403141504476856,6.744636505481712,7.174871318961825,7.645025407937444,6.224252068207553,7.097528119856426,7.8060346642579646,6.2271991273293965
