2025-03-24 09:52:49,359 - 定时任务启动成功，每周六 1:00 运行参数优化，每天 2:00 运行训练
2025-03-24 09:52:49,360 - 当前时间: 2025-03-24 09:52:49, 星期: 周一
2025-03-24 09:52:49,360 - 当前任务状态: 训练任务已执行=False, 参数优化任务已执行=False
2025-03-24 09:52:49,361 - 检测到 2:00 训练未执行，立即补救运行 auto_train.py
2025-03-24 09:52:49,361 - False
2025-03-24 09:52:49,361 - 执行 auto_train.py
2025-03-24 09:54:28,433 - auto_train.py 执行成功
2025-03-24 09:54:55,262 - 定时任务启动成功，每周六 1:00 运行参数优化，每天 2:00 运行训练
2025-03-24 09:54:55,266 - 检测到20250324的训练已经执行过 (标志文件: D:\my-vue-project\wind-power-forecast\backend\auto_scripts\scripts\supershort\logs\auto_train\20250324_train_done.flag)
2025-03-24 09:54:55,266 - 当前时间: 2025-03-24 09:54:55, 星期: 周一
2025-03-24 09:54:55,266 - 检测到今天(20250324)的训练已执行过，初始化状态为已完成
2025-03-24 09:54:55,266 - 当前任务状态: 训练任务已执行=True, 参数优化任务已执行=False
2025-03-24 09:54:55,266 - 检测到20250324的训练已经执行过 (标志文件: D:\my-vue-project\wind-power-forecast\backend\auto_scripts\scripts\supershort\logs\auto_train\20250324_train_done.flag)
2025-03-24 09:55:25,273 - 检测到20250324的训练已经执行过 (标志文件: D:\my-vue-project\wind-power-forecast\backend\auto_scripts\scripts\supershort\logs\auto_train\20250324_train_done.flag)
2025-03-24 09:55:55,284 - 检测到20250324的训练已经执行过 (标志文件: D:\my-vue-project\wind-power-forecast\backend\auto_scripts\scripts\supershort\logs\auto_train\20250324_train_done.flag)
2025-03-24 09:56:25,293 - 检测到20250324的训练已经执行过 (标志文件: D:\my-vue-project\wind-power-forecast\backend\auto_scripts\scripts\supershort\logs\auto_train\20250324_train_done.flag)
2025-03-24 09:56:55,307 - 检测到20250324的训练已经执行过 (标志文件: D:\my-vue-project\wind-power-forecast\backend\auto_scripts\scripts\supershort\logs\auto_train\20250324_train_done.flag)
2025-03-24 09:57:25,318 - 检测到20250324的训练已经执行过 (标志文件: D:\my-vue-project\wind-power-forecast\backend\auto_scripts\scripts\supershort\logs\auto_train\20250324_train_done.flag)
2025-03-24 09:57:55,318 - 检测到20250324的训练已经执行过 (标志文件: D:\my-vue-project\wind-power-forecast\backend\auto_scripts\scripts\supershort\logs\auto_train\20250324_train_done.flag)
2025-03-24 09:58:25,322 - 检测到20250324的训练已经执行过 (标志文件: D:\my-vue-project\wind-power-forecast\backend\auto_scripts\scripts\supershort\logs\auto_train\20250324_train_done.flag)
2025-03-24 09:58:55,329 - 检测到20250324的训练已经执行过 (标志文件: D:\my-vue-project\wind-power-forecast\backend\auto_scripts\scripts\supershort\logs\auto_train\20250324_train_done.flag)
2025-03-24 09:59:25,339 - 检测到20250324的训练已经执行过 (标志文件: D:\my-vue-project\wind-power-forecast\backend\auto_scripts\scripts\supershort\logs\auto_train\20250324_train_done.flag)
2025-03-24 09:59:55,341 - 检测到20250324的训练已经执行过 (标志文件: D:\my-vue-project\wind-power-forecast\backend\auto_scripts\scripts\supershort\logs\auto_train\20250324_train_done.flag)
2025-03-24 10:00:25,355 - 当前时间: 2025-03-24 10:00:25, 星期: 周一
2025-03-24 10:00:25,355 - 当前任务状态: 训练任务已执行=True, 参数优化任务已执行=False
2025-03-24 10:00:25,355 - 检测到20250324的训练已经执行过 (标志文件: D:\my-vue-project\wind-power-forecast\backend\auto_scripts\scripts\supershort\logs\auto_train\20250324_train_done.flag)
2025-03-24 10:00:55,360 - 当前时间: 2025-03-24 10:00:55, 星期: 周一
2025-03-24 10:00:55,360 - 当前任务状态: 训练任务已执行=True, 参数优化任务已执行=False
2025-03-24 10:00:55,360 - 检测到20250324的训练已经执行过 (标志文件: D:\my-vue-project\wind-power-forecast\backend\auto_scripts\scripts\supershort\logs\auto_train\20250324_train_done.flag)
2025-03-24 10:01:25,372 - 检测到20250324的训练已经执行过 (标志文件: D:\my-vue-project\wind-power-forecast\backend\auto_scripts\scripts\supershort\logs\auto_train\20250324_train_done.flag)
2025-03-24 10:01:55,385 - 检测到20250324的训练已经执行过 (标志文件: D:\my-vue-project\wind-power-forecast\backend\auto_scripts\scripts\supershort\logs\auto_train\20250324_train_done.flag)
2025-03-24 10:02:25,390 - 检测到20250324的训练已经执行过 (标志文件: D:\my-vue-project\wind-power-forecast\backend\auto_scripts\scripts\supershort\logs\auto_train\20250324_train_done.flag)
2025-03-24 10:02:55,401 - 检测到20250324的训练已经执行过 (标志文件: D:\my-vue-project\wind-power-forecast\backend\auto_scripts\scripts\supershort\logs\auto_train\20250324_train_done.flag)
2025-03-24 10:03:25,411 - 检测到20250324的训练已经执行过 (标志文件: D:\my-vue-project\wind-power-forecast\backend\auto_scripts\scripts\supershort\logs\auto_train\20250324_train_done.flag)
2025-03-24 10:03:55,423 - 检测到20250324的训练已经执行过 (标志文件: D:\my-vue-project\wind-power-forecast\backend\auto_scripts\scripts\supershort\logs\auto_train\20250324_train_done.flag)
2025-03-24 10:04:25,435 - 检测到20250324的训练已经执行过 (标志文件: D:\my-vue-project\wind-power-forecast\backend\auto_scripts\scripts\supershort\logs\auto_train\20250324_train_done.flag)
2025-03-24 10:04:55,449 - 检测到20250324的训练已经执行过 (标志文件: D:\my-vue-project\wind-power-forecast\backend\auto_scripts\scripts\supershort\logs\auto_train\20250324_train_done.flag)
2025-03-24 10:05:25,462 - 检测到20250324的训练已经执行过 (标志文件: D:\my-vue-project\wind-power-forecast\backend\auto_scripts\scripts\supershort\logs\auto_train\20250324_train_done.flag)
2025-03-24 10:05:55,462 - 检测到20250324的训练已经执行过 (标志文件: D:\my-vue-project\wind-power-forecast\backend\auto_scripts\scripts\supershort\logs\auto_train\20250324_train_done.flag)
2025-03-24 10:06:25,474 - 检测到20250324的训练已经执行过 (标志文件: D:\my-vue-project\wind-power-forecast\backend\auto_scripts\scripts\supershort\logs\auto_train\20250324_train_done.flag)
2025-03-24 10:06:55,487 - 检测到20250324的训练已经执行过 (标志文件: D:\my-vue-project\wind-power-forecast\backend\auto_scripts\scripts\supershort\logs\auto_train\20250324_train_done.flag)
2025-03-24 10:07:25,492 - 检测到20250324的训练已经执行过 (标志文件: D:\my-vue-project\wind-power-forecast\backend\auto_scripts\scripts\supershort\logs\auto_train\20250324_train_done.flag)
2025-03-24 10:07:55,497 - 检测到20250324的训练已经执行过 (标志文件: D:\my-vue-project\wind-power-forecast\backend\auto_scripts\scripts\supershort\logs\auto_train\20250324_train_done.flag)
2025-03-24 10:08:25,505 - 检测到20250324的训练已经执行过 (标志文件: D:\my-vue-project\wind-power-forecast\backend\auto_scripts\scripts\supershort\logs\auto_train\20250324_train_done.flag)
2025-03-24 10:08:55,514 - 检测到20250324的训练已经执行过 (标志文件: D:\my-vue-project\wind-power-forecast\backend\auto_scripts\scripts\supershort\logs\auto_train\20250324_train_done.flag)
2025-03-24 10:09:25,523 - 检测到20250324的训练已经执行过 (标志文件: D:\my-vue-project\wind-power-forecast\backend\auto_scripts\scripts\supershort\logs\auto_train\20250324_train_done.flag)
2025-03-24 10:09:55,526 - 检测到20250324的训练已经执行过 (标志文件: D:\my-vue-project\wind-power-forecast\backend\auto_scripts\scripts\supershort\logs\auto_train\20250324_train_done.flag)
2025-03-24 10:10:25,538 - 检测到20250324的训练已经执行过 (标志文件: D:\my-vue-project\wind-power-forecast\backend\auto_scripts\scripts\supershort\logs\auto_train\20250324_train_done.flag)
2025-03-24 10:10:55,550 - 检测到20250324的训练已经执行过 (标志文件: D:\my-vue-project\wind-power-forecast\backend\auto_scripts\scripts\supershort\logs\auto_train\20250324_train_done.flag)
2025-03-24 10:11:25,557 - 检测到20250324的训练已经执行过 (标志文件: D:\my-vue-project\wind-power-forecast\backend\auto_scripts\scripts\supershort\logs\auto_train\20250324_train_done.flag)
2025-03-24 10:11:55,569 - 检测到20250324的训练已经执行过 (标志文件: D:\my-vue-project\wind-power-forecast\backend\auto_scripts\scripts\supershort\logs\auto_train\20250324_train_done.flag)
2025-03-24 10:12:25,575 - 检测到20250324的训练已经执行过 (标志文件: D:\my-vue-project\wind-power-forecast\backend\auto_scripts\scripts\supershort\logs\auto_train\20250324_train_done.flag)
2025-03-24 10:12:55,583 - 检测到20250324的训练已经执行过 (标志文件: D:\my-vue-project\wind-power-forecast\backend\auto_scripts\scripts\supershort\logs\auto_train\20250324_train_done.flag)
2025-03-24 10:13:25,590 - 检测到20250324的训练已经执行过 (标志文件: D:\my-vue-project\wind-power-forecast\backend\auto_scripts\scripts\supershort\logs\auto_train\20250324_train_done.flag)
2025-03-24 10:13:55,595 - 检测到20250324的训练已经执行过 (标志文件: D:\my-vue-project\wind-power-forecast\backend\auto_scripts\scripts\supershort\logs\auto_train\20250324_train_done.flag)
2025-03-24 10:14:25,610 - 检测到20250324的训练已经执行过 (标志文件: D:\my-vue-project\wind-power-forecast\backend\auto_scripts\scripts\supershort\logs\auto_train\20250324_train_done.flag)
2025-03-24 10:14:55,613 - 检测到20250324的训练已经执行过 (标志文件: D:\my-vue-project\wind-power-forecast\backend\auto_scripts\scripts\supershort\logs\auto_train\20250324_train_done.flag)
2025-03-24 10:15:25,624 - 检测到20250324的训练已经执行过 (标志文件: D:\my-vue-project\wind-power-forecast\backend\auto_scripts\scripts\supershort\logs\auto_train\20250324_train_done.flag)
2025-03-24 10:15:55,636 - 检测到20250324的训练已经执行过 (标志文件: D:\my-vue-project\wind-power-forecast\backend\auto_scripts\scripts\supershort\logs\auto_train\20250324_train_done.flag)
2025-03-24 10:16:25,642 - 检测到20250324的训练已经执行过 (标志文件: D:\my-vue-project\wind-power-forecast\backend\auto_scripts\scripts\supershort\logs\auto_train\20250324_train_done.flag)
2025-03-24 10:16:55,648 - 检测到20250324的训练已经执行过 (标志文件: D:\my-vue-project\wind-power-forecast\backend\auto_scripts\scripts\supershort\logs\auto_train\20250324_train_done.flag)
2025-03-24 10:17:25,664 - 检测到20250324的训练已经执行过 (标志文件: D:\my-vue-project\wind-power-forecast\backend\auto_scripts\scripts\supershort\logs\auto_train\20250324_train_done.flag)
2025-03-24 10:17:55,673 - 检测到20250324的训练已经执行过 (标志文件: D:\my-vue-project\wind-power-forecast\backend\auto_scripts\scripts\supershort\logs\auto_train\20250324_train_done.flag)
2025-03-24 10:18:25,678 - 检测到20250324的训练已经执行过 (标志文件: D:\my-vue-project\wind-power-forecast\backend\auto_scripts\scripts\supershort\logs\auto_train\20250324_train_done.flag)
2025-03-24 10:18:55,684 - 检测到20250324的训练已经执行过 (标志文件: D:\my-vue-project\wind-power-forecast\backend\auto_scripts\scripts\supershort\logs\auto_train\20250324_train_done.flag)
2025-03-24 10:19:25,684 - 检测到20250324的训练已经执行过 (标志文件: D:\my-vue-project\wind-power-forecast\backend\auto_scripts\scripts\supershort\logs\auto_train\20250324_train_done.flag)
2025-03-24 10:19:55,696 - 检测到20250324的训练已经执行过 (标志文件: D:\my-vue-project\wind-power-forecast\backend\auto_scripts\scripts\supershort\logs\auto_train\20250324_train_done.flag)
2025-03-24 10:20:25,700 - 检测到20250324的训练已经执行过 (标志文件: D:\my-vue-project\wind-power-forecast\backend\auto_scripts\scripts\supershort\logs\auto_train\20250324_train_done.flag)
2025-03-24 10:20:55,706 - 检测到20250324的训练已经执行过 (标志文件: D:\my-vue-project\wind-power-forecast\backend\auto_scripts\scripts\supershort\logs\auto_train\20250324_train_done.flag)
2025-03-24 10:21:25,717 - 检测到20250324的训练已经执行过 (标志文件: D:\my-vue-project\wind-power-forecast\backend\auto_scripts\scripts\supershort\logs\auto_train\20250324_train_done.flag)
2025-03-24 10:21:55,726 - 检测到20250324的训练已经执行过 (标志文件: D:\my-vue-project\wind-power-forecast\backend\auto_scripts\scripts\supershort\logs\auto_train\20250324_train_done.flag)
2025-03-24 10:22:25,739 - 检测到20250324的训练已经执行过 (标志文件: D:\my-vue-project\wind-power-forecast\backend\auto_scripts\scripts\supershort\logs\auto_train\20250324_train_done.flag)
2025-03-24 10:22:55,744 - 检测到20250324的训练已经执行过 (标志文件: D:\my-vue-project\wind-power-forecast\backend\auto_scripts\scripts\supershort\logs\auto_train\20250324_train_done.flag)
2025-03-24 10:23:25,745 - 检测到20250324的训练已经执行过 (标志文件: D:\my-vue-project\wind-power-forecast\backend\auto_scripts\scripts\supershort\logs\auto_train\20250324_train_done.flag)
2025-03-24 10:23:55,756 - 检测到20250324的训练已经执行过 (标志文件: D:\my-vue-project\wind-power-forecast\backend\auto_scripts\scripts\supershort\logs\auto_train\20250324_train_done.flag)
2025-03-24 10:24:25,769 - 检测到20250324的训练已经执行过 (标志文件: D:\my-vue-project\wind-power-forecast\backend\auto_scripts\scripts\supershort\logs\auto_train\20250324_train_done.flag)
2025-03-24 10:24:55,772 - 检测到20250324的训练已经执行过 (标志文件: D:\my-vue-project\wind-power-forecast\backend\auto_scripts\scripts\supershort\logs\auto_train\20250324_train_done.flag)
2025-03-24 10:25:25,780 - 检测到20250324的训练已经执行过 (标志文件: D:\my-vue-project\wind-power-forecast\backend\auto_scripts\scripts\supershort\logs\auto_train\20250324_train_done.flag)
2025-03-24 10:25:55,788 - 检测到20250324的训练已经执行过 (标志文件: D:\my-vue-project\wind-power-forecast\backend\auto_scripts\scripts\supershort\logs\auto_train\20250324_train_done.flag)
2025-03-24 10:26:25,792 - 检测到20250324的训练已经执行过 (标志文件: D:\my-vue-project\wind-power-forecast\backend\auto_scripts\scripts\supershort\logs\auto_train\20250324_train_done.flag)
2025-03-24 10:26:55,799 - 检测到20250324的训练已经执行过 (标志文件: D:\my-vue-project\wind-power-forecast\backend\auto_scripts\scripts\supershort\logs\auto_train\20250324_train_done.flag)
2025-03-24 10:27:25,803 - 检测到20250324的训练已经执行过 (标志文件: D:\my-vue-project\wind-power-forecast\backend\auto_scripts\scripts\supershort\logs\auto_train\20250324_train_done.flag)
2025-03-24 10:27:55,808 - 检测到20250324的训练已经执行过 (标志文件: D:\my-vue-project\wind-power-forecast\backend\auto_scripts\scripts\supershort\logs\auto_train\20250324_train_done.flag)
2025-03-24 10:28:25,814 - 检测到20250324的训练已经执行过 (标志文件: D:\my-vue-project\wind-power-forecast\backend\auto_scripts\scripts\supershort\logs\auto_train\20250324_train_done.flag)
2025-03-24 10:28:55,821 - 检测到20250324的训练已经执行过 (标志文件: D:\my-vue-project\wind-power-forecast\backend\auto_scripts\scripts\supershort\logs\auto_train\20250324_train_done.flag)
2025-03-24 10:29:25,824 - 检测到20250324的训练已经执行过 (标志文件: D:\my-vue-project\wind-power-forecast\backend\auto_scripts\scripts\supershort\logs\auto_train\20250324_train_done.flag)
2025-03-24 10:29:55,828 - 检测到20250324的训练已经执行过 (标志文件: D:\my-vue-project\wind-power-forecast\backend\auto_scripts\scripts\supershort\logs\auto_train\20250324_train_done.flag)
2025-03-24 10:30:25,842 - 检测到20250324的训练已经执行过 (标志文件: D:\my-vue-project\wind-power-forecast\backend\auto_scripts\scripts\supershort\logs\auto_train\20250324_train_done.flag)
2025-03-24 10:30:55,858 - 检测到20250324的训练已经执行过 (标志文件: D:\my-vue-project\wind-power-forecast\backend\auto_scripts\scripts\supershort\logs\auto_train\20250324_train_done.flag)
2025-03-24 10:31:25,869 - 检测到20250324的训练已经执行过 (标志文件: D:\my-vue-project\wind-power-forecast\backend\auto_scripts\scripts\supershort\logs\auto_train\20250324_train_done.flag)
2025-03-24 10:31:55,882 - 检测到20250324的训练已经执行过 (标志文件: D:\my-vue-project\wind-power-forecast\backend\auto_scripts\scripts\supershort\logs\auto_train\20250324_train_done.flag)
2025-03-24 10:32:25,894 - 检测到20250324的训练已经执行过 (标志文件: D:\my-vue-project\wind-power-forecast\backend\auto_scripts\scripts\supershort\logs\auto_train\20250324_train_done.flag)
2025-03-24 10:32:55,898 - 检测到20250324的训练已经执行过 (标志文件: D:\my-vue-project\wind-power-forecast\backend\auto_scripts\scripts\supershort\logs\auto_train\20250324_train_done.flag)
2025-03-24 10:33:25,911 - 检测到20250324的训练已经执行过 (标志文件: D:\my-vue-project\wind-power-forecast\backend\auto_scripts\scripts\supershort\logs\auto_train\20250324_train_done.flag)
2025-03-24 10:33:55,912 - 检测到20250324的训练已经执行过 (标志文件: D:\my-vue-project\wind-power-forecast\backend\auto_scripts\scripts\supershort\logs\auto_train\20250324_train_done.flag)
2025-03-24 10:34:25,916 - 检测到20250324的训练已经执行过 (标志文件: D:\my-vue-project\wind-power-forecast\backend\auto_scripts\scripts\supershort\logs\auto_train\20250324_train_done.flag)
2025-03-24 10:34:55,929 - 检测到20250324的训练已经执行过 (标志文件: D:\my-vue-project\wind-power-forecast\backend\auto_scripts\scripts\supershort\logs\auto_train\20250324_train_done.flag)
2025-03-24 10:35:25,944 - 检测到20250324的训练已经执行过 (标志文件: D:\my-vue-project\wind-power-forecast\backend\auto_scripts\scripts\supershort\logs\auto_train\20250324_train_done.flag)
2025-03-24 10:35:55,952 - 检测到20250324的训练已经执行过 (标志文件: D:\my-vue-project\wind-power-forecast\backend\auto_scripts\scripts\supershort\logs\auto_train\20250324_train_done.flag)
2025-03-24 10:36:25,967 - 检测到20250324的训练已经执行过 (标志文件: D:\my-vue-project\wind-power-forecast\backend\auto_scripts\scripts\supershort\logs\auto_train\20250324_train_done.flag)
2025-03-24 10:36:55,984 - 检测到20250324的训练已经执行过 (标志文件: D:\my-vue-project\wind-power-forecast\backend\auto_scripts\scripts\supershort\logs\auto_train\20250324_train_done.flag)
2025-03-24 10:37:25,988 - 检测到20250324的训练已经执行过 (标志文件: D:\my-vue-project\wind-power-forecast\backend\auto_scripts\scripts\supershort\logs\auto_train\20250324_train_done.flag)
2025-03-24 10:37:55,989 - 检测到20250324的训练已经执行过 (标志文件: D:\my-vue-project\wind-power-forecast\backend\auto_scripts\scripts\supershort\logs\auto_train\20250324_train_done.flag)
2025-03-24 10:38:25,990 - 检测到20250324的训练已经执行过 (标志文件: D:\my-vue-project\wind-power-forecast\backend\auto_scripts\scripts\supershort\logs\auto_train\20250324_train_done.flag)
2025-03-24 10:38:55,999 - 检测到20250324的训练已经执行过 (标志文件: D:\my-vue-project\wind-power-forecast\backend\auto_scripts\scripts\supershort\logs\auto_train\20250324_train_done.flag)
2025-03-24 10:39:26,005 - 检测到20250324的训练已经执行过 (标志文件: D:\my-vue-project\wind-power-forecast\backend\auto_scripts\scripts\supershort\logs\auto_train\20250324_train_done.flag)
2025-03-24 10:39:56,012 - 检测到20250324的训练已经执行过 (标志文件: D:\my-vue-project\wind-power-forecast\backend\auto_scripts\scripts\supershort\logs\auto_train\20250324_train_done.flag)
2025-03-24 10:40:26,019 - 检测到20250324的训练已经执行过 (标志文件: D:\my-vue-project\wind-power-forecast\backend\auto_scripts\scripts\supershort\logs\auto_train\20250324_train_done.flag)
2025-03-24 10:40:56,023 - 检测到20250324的训练已经执行过 (标志文件: D:\my-vue-project\wind-power-forecast\backend\auto_scripts\scripts\supershort\logs\auto_train\20250324_train_done.flag)
2025-03-24 10:41:26,032 - 检测到20250324的训练已经执行过 (标志文件: D:\my-vue-project\wind-power-forecast\backend\auto_scripts\scripts\supershort\logs\auto_train\20250324_train_done.flag)
2025-03-24 10:41:56,046 - 检测到20250324的训练已经执行过 (标志文件: D:\my-vue-project\wind-power-forecast\backend\auto_scripts\scripts\supershort\logs\auto_train\20250324_train_done.flag)
2025-03-24 10:42:26,056 - 检测到20250324的训练已经执行过 (标志文件: D:\my-vue-project\wind-power-forecast\backend\auto_scripts\scripts\supershort\logs\auto_train\20250324_train_done.flag)
2025-03-24 10:42:56,070 - 检测到20250324的训练已经执行过 (标志文件: D:\my-vue-project\wind-power-forecast\backend\auto_scripts\scripts\supershort\logs\auto_train\20250324_train_done.flag)
2025-03-24 10:43:26,081 - 检测到20250324的训练已经执行过 (标志文件: D:\my-vue-project\wind-power-forecast\backend\auto_scripts\scripts\supershort\logs\auto_train\20250324_train_done.flag)
2025-03-24 10:43:56,096 - 检测到20250324的训练已经执行过 (标志文件: D:\my-vue-project\wind-power-forecast\backend\auto_scripts\scripts\supershort\logs\auto_train\20250324_train_done.flag)
2025-03-24 10:44:26,099 - 检测到20250324的训练已经执行过 (标志文件: D:\my-vue-project\wind-power-forecast\backend\auto_scripts\scripts\supershort\logs\auto_train\20250324_train_done.flag)
2025-03-24 10:44:56,116 - 检测到20250324的训练已经执行过 (标志文件: D:\my-vue-project\wind-power-forecast\backend\auto_scripts\scripts\supershort\logs\auto_train\20250324_train_done.flag)
2025-03-24 10:45:26,129 - 检测到20250324的训练已经执行过 (标志文件: D:\my-vue-project\wind-power-forecast\backend\auto_scripts\scripts\supershort\logs\auto_train\20250324_train_done.flag)
2025-03-24 10:45:56,142 - 检测到20250324的训练已经执行过 (标志文件: D:\my-vue-project\wind-power-forecast\backend\auto_scripts\scripts\supershort\logs\auto_train\20250324_train_done.flag)
2025-03-24 10:46:26,157 - 检测到20250324的训练已经执行过 (标志文件: D:\my-vue-project\wind-power-forecast\backend\auto_scripts\scripts\supershort\logs\auto_train\20250324_train_done.flag)
2025-03-24 10:46:56,172 - 检测到20250324的训练已经执行过 (标志文件: D:\my-vue-project\wind-power-forecast\backend\auto_scripts\scripts\supershort\logs\auto_train\20250324_train_done.flag)
2025-03-24 10:47:26,183 - 检测到20250324的训练已经执行过 (标志文件: D:\my-vue-project\wind-power-forecast\backend\auto_scripts\scripts\supershort\logs\auto_train\20250324_train_done.flag)
2025-03-24 10:47:56,185 - 检测到20250324的训练已经执行过 (标志文件: D:\my-vue-project\wind-power-forecast\backend\auto_scripts\scripts\supershort\logs\auto_train\20250324_train_done.flag)
2025-03-24 10:48:26,195 - 检测到20250324的训练已经执行过 (标志文件: D:\my-vue-project\wind-power-forecast\backend\auto_scripts\scripts\supershort\logs\auto_train\20250324_train_done.flag)
2025-03-24 10:48:56,207 - 检测到20250324的训练已经执行过 (标志文件: D:\my-vue-project\wind-power-forecast\backend\auto_scripts\scripts\supershort\logs\auto_train\20250324_train_done.flag)
2025-03-24 10:49:26,215 - 检测到20250324的训练已经执行过 (标志文件: D:\my-vue-project\wind-power-forecast\backend\auto_scripts\scripts\supershort\logs\auto_train\20250324_train_done.flag)
2025-03-24 10:49:56,222 - 检测到20250324的训练已经执行过 (标志文件: D:\my-vue-project\wind-power-forecast\backend\auto_scripts\scripts\supershort\logs\auto_train\20250324_train_done.flag)
2025-03-24 10:50:26,223 - 检测到20250324的训练已经执行过 (标志文件: D:\my-vue-project\wind-power-forecast\backend\auto_scripts\scripts\supershort\logs\auto_train\20250324_train_done.flag)
2025-03-24 10:50:56,234 - 检测到20250324的训练已经执行过 (标志文件: D:\my-vue-project\wind-power-forecast\backend\auto_scripts\scripts\supershort\logs\auto_train\20250324_train_done.flag)
2025-03-24 10:51:26,250 - 检测到20250324的训练已经执行过 (标志文件: D:\my-vue-project\wind-power-forecast\backend\auto_scripts\scripts\supershort\logs\auto_train\20250324_train_done.flag)
2025-03-24 10:51:56,258 - 检测到20250324的训练已经执行过 (标志文件: D:\my-vue-project\wind-power-forecast\backend\auto_scripts\scripts\supershort\logs\auto_train\20250324_train_done.flag)
2025-03-24 10:52:26,261 - 检测到20250324的训练已经执行过 (标志文件: D:\my-vue-project\wind-power-forecast\backend\auto_scripts\scripts\supershort\logs\auto_train\20250324_train_done.flag)
2025-03-24 10:52:56,265 - 检测到20250324的训练已经执行过 (标志文件: D:\my-vue-project\wind-power-forecast\backend\auto_scripts\scripts\supershort\logs\auto_train\20250324_train_done.flag)
2025-03-24 10:53:26,279 - 检测到20250324的训练已经执行过 (标志文件: D:\my-vue-project\wind-power-forecast\backend\auto_scripts\scripts\supershort\logs\auto_train\20250324_train_done.flag)
2025-03-24 10:53:56,283 - 检测到20250324的训练已经执行过 (标志文件: D:\my-vue-project\wind-power-forecast\backend\auto_scripts\scripts\supershort\logs\auto_train\20250324_train_done.flag)
2025-03-24 10:54:26,296 - 检测到20250324的训练已经执行过 (标志文件: D:\my-vue-project\wind-power-forecast\backend\auto_scripts\scripts\supershort\logs\auto_train\20250324_train_done.flag)
2025-03-24 10:54:56,309 - 检测到20250324的训练已经执行过 (标志文件: D:\my-vue-project\wind-power-forecast\backend\auto_scripts\scripts\supershort\logs\auto_train\20250324_train_done.flag)
2025-03-24 10:55:26,313 - 检测到20250324的训练已经执行过 (标志文件: D:\my-vue-project\wind-power-forecast\backend\auto_scripts\scripts\supershort\logs\auto_train\20250324_train_done.flag)
2025-03-24 10:55:56,322 - 检测到20250324的训练已经执行过 (标志文件: D:\my-vue-project\wind-power-forecast\backend\auto_scripts\scripts\supershort\logs\auto_train\20250324_train_done.flag)
2025-03-24 10:56:26,325 - 检测到20250324的训练已经执行过 (标志文件: D:\my-vue-project\wind-power-forecast\backend\auto_scripts\scripts\supershort\logs\auto_train\20250324_train_done.flag)
2025-03-24 10:56:56,332 - 检测到20250324的训练已经执行过 (标志文件: D:\my-vue-project\wind-power-forecast\backend\auto_scripts\scripts\supershort\logs\auto_train\20250324_train_done.flag)
2025-03-24 10:57:26,343 - 检测到20250324的训练已经执行过 (标志文件: D:\my-vue-project\wind-power-forecast\backend\auto_scripts\scripts\supershort\logs\auto_train\20250324_train_done.flag)
2025-03-24 10:57:56,350 - 检测到20250324的训练已经执行过 (标志文件: D:\my-vue-project\wind-power-forecast\backend\auto_scripts\scripts\supershort\logs\auto_train\20250324_train_done.flag)
2025-03-24 10:58:26,357 - 检测到20250324的训练已经执行过 (标志文件: D:\my-vue-project\wind-power-forecast\backend\auto_scripts\scripts\supershort\logs\auto_train\20250324_train_done.flag)
2025-03-24 10:58:56,358 - 检测到20250324的训练已经执行过 (标志文件: D:\my-vue-project\wind-power-forecast\backend\auto_scripts\scripts\supershort\logs\auto_train\20250324_train_done.flag)
2025-03-24 10:59:26,362 - 检测到20250324的训练已经执行过 (标志文件: D:\my-vue-project\wind-power-forecast\backend\auto_scripts\scripts\supershort\logs\auto_train\20250324_train_done.flag)
2025-03-24 11:00:27,410 - 定时任务启动成功，每周六 1:00 运行参数优化，每天 2:00 运行训练
2025-03-24 11:00:27,410 - 检测到20250324的训练已经执行过 (标志文件: D:\my-vue-project\wind-power-forecast\backend\auto_scripts\scripts\supershort\logs\auto_train\20250324_train_done.flag)
2025-03-24 11:00:27,411 - 当前时间: 2025-03-24 11:00:27, 星期: 周一
2025-03-24 11:00:27,411 - 检测到今天(20250324)的训练已执行过，初始化状态为已完成
2025-03-24 11:00:27,411 - 当前任务状态: 训练任务已执行=True, 参数优化任务已执行=False
2025-03-24 11:00:27,411 - 当前时间: 2025-03-24 11:00:27, 星期: 周一
2025-03-24 11:00:27,411 - 当前任务状态: 训练任务已执行=True, 参数优化任务已执行=False
2025-03-24 11:00:27,411 - 检测到20250324的训练已经执行过 (标志文件: D:\my-vue-project\wind-power-forecast\backend\auto_scripts\scripts\supershort\logs\auto_train\20250324_train_done.flag)
2025-03-24 11:00:57,425 - 当前时间: 2025-03-24 11:00:57, 星期: 周一
2025-03-24 11:00:57,425 - 当前任务状态: 训练任务已执行=True, 参数优化任务已执行=False
2025-03-24 11:00:57,426 - 检测到20250324的训练已经执行过 (标志文件: D:\my-vue-project\wind-power-forecast\backend\auto_scripts\scripts\supershort\logs\auto_train\20250324_train_done.flag)
2025-03-24 11:01:27,433 - 检测到20250324的训练已经执行过 (标志文件: D:\my-vue-project\wind-power-forecast\backend\auto_scripts\scripts\supershort\logs\auto_train\20250324_train_done.flag)
2025-03-24 11:01:57,434 - 检测到20250324的训练已经执行过 (标志文件: D:\my-vue-project\wind-power-forecast\backend\auto_scripts\scripts\supershort\logs\auto_train\20250324_train_done.flag)
2025-03-24 11:02:27,436 - 检测到20250324的训练已经执行过 (标志文件: D:\my-vue-project\wind-power-forecast\backend\auto_scripts\scripts\supershort\logs\auto_train\20250324_train_done.flag)
2025-03-24 11:02:57,444 - 检测到20250324的训练已经执行过 (标志文件: D:\my-vue-project\wind-power-forecast\backend\auto_scripts\scripts\supershort\logs\auto_train\20250324_train_done.flag)
2025-03-24 11:03:27,446 - 检测到20250324的训练已经执行过 (标志文件: D:\my-vue-project\wind-power-forecast\backend\auto_scripts\scripts\supershort\logs\auto_train\20250324_train_done.flag)
2025-03-24 11:03:57,457 - 检测到20250324的训练已经执行过 (标志文件: D:\my-vue-project\wind-power-forecast\backend\auto_scripts\scripts\supershort\logs\auto_train\20250324_train_done.flag)
2025-03-24 11:04:27,471 - 检测到20250324的训练已经执行过 (标志文件: D:\my-vue-project\wind-power-forecast\backend\auto_scripts\scripts\supershort\logs\auto_train\20250324_train_done.flag)
2025-03-24 11:04:57,486 - 检测到20250324的训练已经执行过 (标志文件: D:\my-vue-project\wind-power-forecast\backend\auto_scripts\scripts\supershort\logs\auto_train\20250324_train_done.flag)
2025-03-24 11:05:27,500 - 检测到20250324的训练已经执行过 (标志文件: D:\my-vue-project\wind-power-forecast\backend\auto_scripts\scripts\supershort\logs\auto_train\20250324_train_done.flag)
2025-03-24 11:05:57,502 - 检测到20250324的训练已经执行过 (标志文件: D:\my-vue-project\wind-power-forecast\backend\auto_scripts\scripts\supershort\logs\auto_train\20250324_train_done.flag)
2025-03-24 11:06:27,515 - 检测到20250324的训练已经执行过 (标志文件: D:\my-vue-project\wind-power-forecast\backend\auto_scripts\scripts\supershort\logs\auto_train\20250324_train_done.flag)
2025-03-24 11:06:57,517 - 检测到20250324的训练已经执行过 (标志文件: D:\my-vue-project\wind-power-forecast\backend\auto_scripts\scripts\supershort\logs\auto_train\20250324_train_done.flag)
2025-03-24 11:07:27,521 - 检测到20250324的训练已经执行过 (标志文件: D:\my-vue-project\wind-power-forecast\backend\auto_scripts\scripts\supershort\logs\auto_train\20250324_train_done.flag)
2025-03-24 11:07:57,526 - 检测到20250324的训练已经执行过 (标志文件: D:\my-vue-project\wind-power-forecast\backend\auto_scripts\scripts\supershort\logs\auto_train\20250324_train_done.flag)
2025-03-24 11:08:27,540 - 检测到20250324的训练已经执行过 (标志文件: D:\my-vue-project\wind-power-forecast\backend\auto_scripts\scripts\supershort\logs\auto_train\20250324_train_done.flag)
2025-03-24 11:08:57,549 - 检测到20250324的训练已经执行过 (标志文件: D:\my-vue-project\wind-power-forecast\backend\auto_scripts\scripts\supershort\logs\auto_train\20250324_train_done.flag)
2025-03-24 11:09:27,552 - 检测到20250324的训练已经执行过 (标志文件: D:\my-vue-project\wind-power-forecast\backend\auto_scripts\scripts\supershort\logs\auto_train\20250324_train_done.flag)
2025-03-24 11:09:57,554 - 检测到20250324的训练已经执行过 (标志文件: D:\my-vue-project\wind-power-forecast\backend\auto_scripts\scripts\supershort\logs\auto_train\20250324_train_done.flag)
2025-03-24 11:10:27,569 - 检测到20250324的训练已经执行过 (标志文件: D:\my-vue-project\wind-power-forecast\backend\auto_scripts\scripts\supershort\logs\auto_train\20250324_train_done.flag)
2025-03-24 11:10:57,575 - 检测到20250324的训练已经执行过 (标志文件: D:\my-vue-project\wind-power-forecast\backend\auto_scripts\scripts\supershort\logs\auto_train\20250324_train_done.flag)
2025-03-24 11:11:27,575 - 检测到20250324的训练已经执行过 (标志文件: D:\my-vue-project\wind-power-forecast\backend\auto_scripts\scripts\supershort\logs\auto_train\20250324_train_done.flag)
2025-03-24 11:11:57,582 - 检测到20250324的训练已经执行过 (标志文件: D:\my-vue-project\wind-power-forecast\backend\auto_scripts\scripts\supershort\logs\auto_train\20250324_train_done.flag)
2025-03-24 11:12:27,597 - 检测到20250324的训练已经执行过 (标志文件: D:\my-vue-project\wind-power-forecast\backend\auto_scripts\scripts\supershort\logs\auto_train\20250324_train_done.flag)
2025-03-24 11:12:57,611 - 检测到20250324的训练已经执行过 (标志文件: D:\my-vue-project\wind-power-forecast\backend\auto_scripts\scripts\supershort\logs\auto_train\20250324_train_done.flag)
2025-03-24 11:13:27,619 - 检测到20250324的训练已经执行过 (标志文件: D:\my-vue-project\wind-power-forecast\backend\auto_scripts\scripts\supershort\logs\auto_train\20250324_train_done.flag)
2025-03-24 11:13:57,630 - 检测到20250324的训练已经执行过 (标志文件: D:\my-vue-project\wind-power-forecast\backend\auto_scripts\scripts\supershort\logs\auto_train\20250324_train_done.flag)
2025-03-24 11:14:27,636 - 检测到20250324的训练已经执行过 (标志文件: D:\my-vue-project\wind-power-forecast\backend\auto_scripts\scripts\supershort\logs\auto_train\20250324_train_done.flag)
2025-03-24 11:14:57,646 - 检测到20250324的训练已经执行过 (标志文件: D:\my-vue-project\wind-power-forecast\backend\auto_scripts\scripts\supershort\logs\auto_train\20250324_train_done.flag)
2025-03-24 11:15:27,649 - 检测到20250324的训练已经执行过 (标志文件: D:\my-vue-project\wind-power-forecast\backend\auto_scripts\scripts\supershort\logs\auto_train\20250324_train_done.flag)
2025-03-24 11:15:57,657 - 检测到20250324的训练已经执行过 (标志文件: D:\my-vue-project\wind-power-forecast\backend\auto_scripts\scripts\supershort\logs\auto_train\20250324_train_done.flag)
2025-03-24 11:16:27,657 - 检测到20250324的训练已经执行过 (标志文件: D:\my-vue-project\wind-power-forecast\backend\auto_scripts\scripts\supershort\logs\auto_train\20250324_train_done.flag)
2025-03-24 11:16:57,668 - 检测到20250324的训练已经执行过 (标志文件: D:\my-vue-project\wind-power-forecast\backend\auto_scripts\scripts\supershort\logs\auto_train\20250324_train_done.flag)
2025-03-24 11:17:27,681 - 检测到20250324的训练已经执行过 (标志文件: D:\my-vue-project\wind-power-forecast\backend\auto_scripts\scripts\supershort\logs\auto_train\20250324_train_done.flag)
2025-03-24 11:17:57,690 - 检测到20250324的训练已经执行过 (标志文件: D:\my-vue-project\wind-power-forecast\backend\auto_scripts\scripts\supershort\logs\auto_train\20250324_train_done.flag)
2025-03-24 11:18:27,702 - 检测到20250324的训练已经执行过 (标志文件: D:\my-vue-project\wind-power-forecast\backend\auto_scripts\scripts\supershort\logs\auto_train\20250324_train_done.flag)
2025-03-24 11:18:57,707 - 检测到20250324的训练已经执行过 (标志文件: D:\my-vue-project\wind-power-forecast\backend\auto_scripts\scripts\supershort\logs\auto_train\20250324_train_done.flag)
2025-03-24 11:19:27,721 - 检测到20250324的训练已经执行过 (标志文件: D:\my-vue-project\wind-power-forecast\backend\auto_scripts\scripts\supershort\logs\auto_train\20250324_train_done.flag)
2025-03-24 11:19:57,722 - 检测到20250324的训练已经执行过 (标志文件: D:\my-vue-project\wind-power-forecast\backend\auto_scripts\scripts\supershort\logs\auto_train\20250324_train_done.flag)
2025-03-24 11:20:27,731 - 检测到20250324的训练已经执行过 (标志文件: D:\my-vue-project\wind-power-forecast\backend\auto_scripts\scripts\supershort\logs\auto_train\20250324_train_done.flag)
2025-03-24 11:20:57,746 - 检测到20250324的训练已经执行过 (标志文件: D:\my-vue-project\wind-power-forecast\backend\auto_scripts\scripts\supershort\logs\auto_train\20250324_train_done.flag)
2025-03-24 11:21:27,751 - 检测到20250324的训练已经执行过 (标志文件: D:\my-vue-project\wind-power-forecast\backend\auto_scripts\scripts\supershort\logs\auto_train\20250324_train_done.flag)
2025-03-24 11:21:57,762 - 检测到20250324的训练已经执行过 (标志文件: D:\my-vue-project\wind-power-forecast\backend\auto_scripts\scripts\supershort\logs\auto_train\20250324_train_done.flag)
2025-03-24 11:22:27,769 - 检测到20250324的训练已经执行过 (标志文件: D:\my-vue-project\wind-power-forecast\backend\auto_scripts\scripts\supershort\logs\auto_train\20250324_train_done.flag)
2025-03-24 11:22:57,782 - 检测到20250324的训练已经执行过 (标志文件: D:\my-vue-project\wind-power-forecast\backend\auto_scripts\scripts\supershort\logs\auto_train\20250324_train_done.flag)
2025-03-24 11:23:27,792 - 检测到20250324的训练已经执行过 (标志文件: D:\my-vue-project\wind-power-forecast\backend\auto_scripts\scripts\supershort\logs\auto_train\20250324_train_done.flag)
2025-03-24 11:23:57,793 - 检测到20250324的训练已经执行过 (标志文件: D:\my-vue-project\wind-power-forecast\backend\auto_scripts\scripts\supershort\logs\auto_train\20250324_train_done.flag)
2025-03-24 11:24:27,793 - 检测到20250324的训练已经执行过 (标志文件: D:\my-vue-project\wind-power-forecast\backend\auto_scripts\scripts\supershort\logs\auto_train\20250324_train_done.flag)
2025-03-24 11:24:57,807 - 检测到20250324的训练已经执行过 (标志文件: D:\my-vue-project\wind-power-forecast\backend\auto_scripts\scripts\supershort\logs\auto_train\20250324_train_done.flag)
2025-03-24 11:25:27,810 - 检测到20250324的训练已经执行过 (标志文件: D:\my-vue-project\wind-power-forecast\backend\auto_scripts\scripts\supershort\logs\auto_train\20250324_train_done.flag)
2025-03-24 11:25:57,825 - 检测到20250324的训练已经执行过 (标志文件: D:\my-vue-project\wind-power-forecast\backend\auto_scripts\scripts\supershort\logs\auto_train\20250324_train_done.flag)
2025-03-24 11:26:27,835 - 检测到20250324的训练已经执行过 (标志文件: D:\my-vue-project\wind-power-forecast\backend\auto_scripts\scripts\supershort\logs\auto_train\20250324_train_done.flag)
2025-03-24 11:26:57,849 - 检测到20250324的训练已经执行过 (标志文件: D:\my-vue-project\wind-power-forecast\backend\auto_scripts\scripts\supershort\logs\auto_train\20250324_train_done.flag)
2025-03-24 11:27:27,860 - 检测到20250324的训练已经执行过 (标志文件: D:\my-vue-project\wind-power-forecast\backend\auto_scripts\scripts\supershort\logs\auto_train\20250324_train_done.flag)
2025-03-24 11:27:57,875 - 检测到20250324的训练已经执行过 (标志文件: D:\my-vue-project\wind-power-forecast\backend\auto_scripts\scripts\supershort\logs\auto_train\20250324_train_done.flag)
2025-03-24 11:28:27,878 - 检测到20250324的训练已经执行过 (标志文件: D:\my-vue-project\wind-power-forecast\backend\auto_scripts\scripts\supershort\logs\auto_train\20250324_train_done.flag)
2025-03-24 11:28:57,885 - 检测到20250324的训练已经执行过 (标志文件: D:\my-vue-project\wind-power-forecast\backend\auto_scripts\scripts\supershort\logs\auto_train\20250324_train_done.flag)
2025-03-24 11:29:27,898 - 检测到20250324的训练已经执行过 (标志文件: D:\my-vue-project\wind-power-forecast\backend\auto_scripts\scripts\supershort\logs\auto_train\20250324_train_done.flag)
2025-03-24 11:29:57,902 - 检测到20250324的训练已经执行过 (标志文件: D:\my-vue-project\wind-power-forecast\backend\auto_scripts\scripts\supershort\logs\auto_train\20250324_train_done.flag)
2025-03-24 11:30:27,904 - 检测到20250324的训练已经执行过 (标志文件: D:\my-vue-project\wind-power-forecast\backend\auto_scripts\scripts\supershort\logs\auto_train\20250324_train_done.flag)
2025-03-24 11:30:57,916 - 检测到20250324的训练已经执行过 (标志文件: D:\my-vue-project\wind-power-forecast\backend\auto_scripts\scripts\supershort\logs\auto_train\20250324_train_done.flag)
2025-03-24 11:31:27,925 - 检测到20250324的训练已经执行过 (标志文件: D:\my-vue-project\wind-power-forecast\backend\auto_scripts\scripts\supershort\logs\auto_train\20250324_train_done.flag)
2025-03-24 11:31:57,936 - 检测到20250324的训练已经执行过 (标志文件: D:\my-vue-project\wind-power-forecast\backend\auto_scripts\scripts\supershort\logs\auto_train\20250324_train_done.flag)
2025-03-24 11:32:27,952 - 检测到20250324的训练已经执行过 (标志文件: D:\my-vue-project\wind-power-forecast\backend\auto_scripts\scripts\supershort\logs\auto_train\20250324_train_done.flag)
2025-03-24 11:32:57,967 - 检测到20250324的训练已经执行过 (标志文件: D:\my-vue-project\wind-power-forecast\backend\auto_scripts\scripts\supershort\logs\auto_train\20250324_train_done.flag)
2025-03-24 11:33:27,976 - 检测到20250324的训练已经执行过 (标志文件: D:\my-vue-project\wind-power-forecast\backend\auto_scripts\scripts\supershort\logs\auto_train\20250324_train_done.flag)
2025-03-24 11:33:57,989 - 检测到20250324的训练已经执行过 (标志文件: D:\my-vue-project\wind-power-forecast\backend\auto_scripts\scripts\supershort\logs\auto_train\20250324_train_done.flag)
2025-03-24 11:34:27,990 - 检测到20250324的训练已经执行过 (标志文件: D:\my-vue-project\wind-power-forecast\backend\auto_scripts\scripts\supershort\logs\auto_train\20250324_train_done.flag)
2025-03-24 11:34:58,001 - 检测到20250324的训练已经执行过 (标志文件: D:\my-vue-project\wind-power-forecast\backend\auto_scripts\scripts\supershort\logs\auto_train\20250324_train_done.flag)
2025-03-24 11:35:28,009 - 检测到20250324的训练已经执行过 (标志文件: D:\my-vue-project\wind-power-forecast\backend\auto_scripts\scripts\supershort\logs\auto_train\20250324_train_done.flag)
2025-03-24 11:35:58,009 - 检测到20250324的训练已经执行过 (标志文件: D:\my-vue-project\wind-power-forecast\backend\auto_scripts\scripts\supershort\logs\auto_train\20250324_train_done.flag)
2025-03-24 11:36:28,019 - 检测到20250324的训练已经执行过 (标志文件: D:\my-vue-project\wind-power-forecast\backend\auto_scripts\scripts\supershort\logs\auto_train\20250324_train_done.flag)
2025-03-24 11:36:58,027 - 检测到20250324的训练已经执行过 (标志文件: D:\my-vue-project\wind-power-forecast\backend\auto_scripts\scripts\supershort\logs\auto_train\20250324_train_done.flag)
2025-03-24 11:37:28,032 - 检测到20250324的训练已经执行过 (标志文件: D:\my-vue-project\wind-power-forecast\backend\auto_scripts\scripts\supershort\logs\auto_train\20250324_train_done.flag)
2025-03-24 11:37:58,044 - 检测到20250324的训练已经执行过 (标志文件: D:\my-vue-project\wind-power-forecast\backend\auto_scripts\scripts\supershort\logs\auto_train\20250324_train_done.flag)
2025-03-24 11:38:28,045 - 检测到20250324的训练已经执行过 (标志文件: D:\my-vue-project\wind-power-forecast\backend\auto_scripts\scripts\supershort\logs\auto_train\20250324_train_done.flag)
2025-03-24 11:38:58,055 - 检测到20250324的训练已经执行过 (标志文件: D:\my-vue-project\wind-power-forecast\backend\auto_scripts\scripts\supershort\logs\auto_train\20250324_train_done.flag)
2025-03-24 11:39:28,065 - 检测到20250324的训练已经执行过 (标志文件: D:\my-vue-project\wind-power-forecast\backend\auto_scripts\scripts\supershort\logs\auto_train\20250324_train_done.flag)
2025-03-24 11:39:58,073 - 检测到20250324的训练已经执行过 (标志文件: D:\my-vue-project\wind-power-forecast\backend\auto_scripts\scripts\supershort\logs\auto_train\20250324_train_done.flag)
2025-03-24 11:40:28,077 - 检测到20250324的训练已经执行过 (标志文件: D:\my-vue-project\wind-power-forecast\backend\auto_scripts\scripts\supershort\logs\auto_train\20250324_train_done.flag)
2025-03-24 11:40:58,081 - 检测到20250324的训练已经执行过 (标志文件: D:\my-vue-project\wind-power-forecast\backend\auto_scripts\scripts\supershort\logs\auto_train\20250324_train_done.flag)
2025-03-24 11:41:28,091 - 检测到20250324的训练已经执行过 (标志文件: D:\my-vue-project\wind-power-forecast\backend\auto_scripts\scripts\supershort\logs\auto_train\20250324_train_done.flag)
2025-03-24 11:41:58,101 - 检测到20250324的训练已经执行过 (标志文件: D:\my-vue-project\wind-power-forecast\backend\auto_scripts\scripts\supershort\logs\auto_train\20250324_train_done.flag)
2025-03-24 11:42:28,111 - 检测到20250324的训练已经执行过 (标志文件: D:\my-vue-project\wind-power-forecast\backend\auto_scripts\scripts\supershort\logs\auto_train\20250324_train_done.flag)
2025-03-24 11:42:58,123 - 检测到20250324的训练已经执行过 (标志文件: D:\my-vue-project\wind-power-forecast\backend\auto_scripts\scripts\supershort\logs\auto_train\20250324_train_done.flag)
2025-03-24 11:43:28,137 - 检测到20250324的训练已经执行过 (标志文件: D:\my-vue-project\wind-power-forecast\backend\auto_scripts\scripts\supershort\logs\auto_train\20250324_train_done.flag)
2025-03-24 11:43:58,152 - 检测到20250324的训练已经执行过 (标志文件: D:\my-vue-project\wind-power-forecast\backend\auto_scripts\scripts\supershort\logs\auto_train\20250324_train_done.flag)
2025-03-24 11:44:28,163 - 检测到20250324的训练已经执行过 (标志文件: D:\my-vue-project\wind-power-forecast\backend\auto_scripts\scripts\supershort\logs\auto_train\20250324_train_done.flag)
2025-03-24 11:44:58,163 - 检测到20250324的训练已经执行过 (标志文件: D:\my-vue-project\wind-power-forecast\backend\auto_scripts\scripts\supershort\logs\auto_train\20250324_train_done.flag)
2025-03-24 11:45:28,165 - 检测到20250324的训练已经执行过 (标志文件: D:\my-vue-project\wind-power-forecast\backend\auto_scripts\scripts\supershort\logs\auto_train\20250324_train_done.flag)
2025-03-24 11:45:58,175 - 检测到20250324的训练已经执行过 (标志文件: D:\my-vue-project\wind-power-forecast\backend\auto_scripts\scripts\supershort\logs\auto_train\20250324_train_done.flag)
2025-03-24 11:46:28,178 - 检测到20250324的训练已经执行过 (标志文件: D:\my-vue-project\wind-power-forecast\backend\auto_scripts\scripts\supershort\logs\auto_train\20250324_train_done.flag)
2025-03-24 11:46:58,182 - 检测到20250324的训练已经执行过 (标志文件: D:\my-vue-project\wind-power-forecast\backend\auto_scripts\scripts\supershort\logs\auto_train\20250324_train_done.flag)
2025-03-24 11:47:28,192 - 检测到20250324的训练已经执行过 (标志文件: D:\my-vue-project\wind-power-forecast\backend\auto_scripts\scripts\supershort\logs\auto_train\20250324_train_done.flag)
2025-03-24 11:47:58,204 - 检测到20250324的训练已经执行过 (标志文件: D:\my-vue-project\wind-power-forecast\backend\auto_scripts\scripts\supershort\logs\auto_train\20250324_train_done.flag)
2025-03-24 11:48:28,214 - 检测到20250324的训练已经执行过 (标志文件: D:\my-vue-project\wind-power-forecast\backend\auto_scripts\scripts\supershort\logs\auto_train\20250324_train_done.flag)
2025-03-24 11:48:58,215 - 检测到20250324的训练已经执行过 (标志文件: D:\my-vue-project\wind-power-forecast\backend\auto_scripts\scripts\supershort\logs\auto_train\20250324_train_done.flag)
2025-03-24 11:49:28,227 - 检测到20250324的训练已经执行过 (标志文件: D:\my-vue-project\wind-power-forecast\backend\auto_scripts\scripts\supershort\logs\auto_train\20250324_train_done.flag)
2025-03-24 11:49:58,239 - 检测到20250324的训练已经执行过 (标志文件: D:\my-vue-project\wind-power-forecast\backend\auto_scripts\scripts\supershort\logs\auto_train\20250324_train_done.flag)
2025-03-24 11:50:28,249 - 检测到20250324的训练已经执行过 (标志文件: D:\my-vue-project\wind-power-forecast\backend\auto_scripts\scripts\supershort\logs\auto_train\20250324_train_done.flag)
2025-03-24 11:50:58,263 - 检测到20250324的训练已经执行过 (标志文件: D:\my-vue-project\wind-power-forecast\backend\auto_scripts\scripts\supershort\logs\auto_train\20250324_train_done.flag)
2025-03-24 11:51:28,278 - 检测到20250324的训练已经执行过 (标志文件: D:\my-vue-project\wind-power-forecast\backend\auto_scripts\scripts\supershort\logs\auto_train\20250324_train_done.flag)
2025-03-24 11:51:58,290 - 检测到20250324的训练已经执行过 (标志文件: D:\my-vue-project\wind-power-forecast\backend\auto_scripts\scripts\supershort\logs\auto_train\20250324_train_done.flag)
2025-03-24 11:52:28,305 - 检测到20250324的训练已经执行过 (标志文件: D:\my-vue-project\wind-power-forecast\backend\auto_scripts\scripts\supershort\logs\auto_train\20250324_train_done.flag)
2025-03-24 11:52:58,308 - 检测到20250324的训练已经执行过 (标志文件: D:\my-vue-project\wind-power-forecast\backend\auto_scripts\scripts\supershort\logs\auto_train\20250324_train_done.flag)
2025-03-24 11:53:28,319 - 检测到20250324的训练已经执行过 (标志文件: D:\my-vue-project\wind-power-forecast\backend\auto_scripts\scripts\supershort\logs\auto_train\20250324_train_done.flag)
2025-03-24 11:53:58,330 - 检测到20250324的训练已经执行过 (标志文件: D:\my-vue-project\wind-power-forecast\backend\auto_scripts\scripts\supershort\logs\auto_train\20250324_train_done.flag)
2025-03-24 11:54:28,333 - 检测到20250324的训练已经执行过 (标志文件: D:\my-vue-project\wind-power-forecast\backend\auto_scripts\scripts\supershort\logs\auto_train\20250324_train_done.flag)
2025-03-24 11:54:58,338 - 检测到20250324的训练已经执行过 (标志文件: D:\my-vue-project\wind-power-forecast\backend\auto_scripts\scripts\supershort\logs\auto_train\20250324_train_done.flag)
2025-03-24 11:55:28,353 - 检测到20250324的训练已经执行过 (标志文件: D:\my-vue-project\wind-power-forecast\backend\auto_scripts\scripts\supershort\logs\auto_train\20250324_train_done.flag)
2025-03-24 11:55:58,367 - 检测到20250324的训练已经执行过 (标志文件: D:\my-vue-project\wind-power-forecast\backend\auto_scripts\scripts\supershort\logs\auto_train\20250324_train_done.flag)
2025-03-24 11:56:28,370 - 检测到20250324的训练已经执行过 (标志文件: D:\my-vue-project\wind-power-forecast\backend\auto_scripts\scripts\supershort\logs\auto_train\20250324_train_done.flag)
2025-03-24 11:56:58,378 - 检测到20250324的训练已经执行过 (标志文件: D:\my-vue-project\wind-power-forecast\backend\auto_scripts\scripts\supershort\logs\auto_train\20250324_train_done.flag)
2025-03-24 11:57:28,393 - 检测到20250324的训练已经执行过 (标志文件: D:\my-vue-project\wind-power-forecast\backend\auto_scripts\scripts\supershort\logs\auto_train\20250324_train_done.flag)
2025-03-24 11:57:58,401 - 检测到20250324的训练已经执行过 (标志文件: D:\my-vue-project\wind-power-forecast\backend\auto_scripts\scripts\supershort\logs\auto_train\20250324_train_done.flag)
2025-03-24 11:58:28,402 - 检测到20250324的训练已经执行过 (标志文件: D:\my-vue-project\wind-power-forecast\backend\auto_scripts\scripts\supershort\logs\auto_train\20250324_train_done.flag)
2025-03-24 11:58:58,409 - 检测到20250324的训练已经执行过 (标志文件: D:\my-vue-project\wind-power-forecast\backend\auto_scripts\scripts\supershort\logs\auto_train\20250324_train_done.flag)
2025-03-24 11:59:28,425 - 检测到20250324的训练已经执行过 (标志文件: D:\my-vue-project\wind-power-forecast\backend\auto_scripts\scripts\supershort\logs\auto_train\20250324_train_done.flag)
2025-03-24 11:59:58,439 - 检测到20250324的训练已经执行过 (标志文件: D:\my-vue-project\wind-power-forecast\backend\auto_scripts\scripts\supershort\logs\auto_train\20250324_train_done.flag)
2025-03-24 12:00:28,441 - 当前时间: 2025-03-24 12:00:28, 星期: 周一
2025-03-24 12:00:28,441 - 当前任务状态: 训练任务已执行=True, 参数优化任务已执行=False
2025-03-24 12:00:28,441 - 检测到20250324的训练已经执行过 (标志文件: D:\my-vue-project\wind-power-forecast\backend\auto_scripts\scripts\supershort\logs\auto_train\20250324_train_done.flag)
2025-03-24 12:00:58,453 - 当前时间: 2025-03-24 12:00:58, 星期: 周一
2025-03-24 12:00:58,453 - 当前任务状态: 训练任务已执行=True, 参数优化任务已执行=False
2025-03-24 12:00:58,453 - 检测到20250324的训练已经执行过 (标志文件: D:\my-vue-project\wind-power-forecast\backend\auto_scripts\scripts\supershort\logs\auto_train\20250324_train_done.flag)
2025-03-24 12:01:28,462 - 检测到20250324的训练已经执行过 (标志文件: D:\my-vue-project\wind-power-forecast\backend\auto_scripts\scripts\supershort\logs\auto_train\20250324_train_done.flag)
2025-03-24 12:01:58,474 - 检测到20250324的训练已经执行过 (标志文件: D:\my-vue-project\wind-power-forecast\backend\auto_scripts\scripts\supershort\logs\auto_train\20250324_train_done.flag)
2025-03-24 12:02:28,490 - 检测到20250324的训练已经执行过 (标志文件: D:\my-vue-project\wind-power-forecast\backend\auto_scripts\scripts\supershort\logs\auto_train\20250324_train_done.flag)
2025-03-24 12:02:58,493 - 检测到20250324的训练已经执行过 (标志文件: D:\my-vue-project\wind-power-forecast\backend\auto_scripts\scripts\supershort\logs\auto_train\20250324_train_done.flag)
2025-03-24 12:03:28,495 - 检测到20250324的训练已经执行过 (标志文件: D:\my-vue-project\wind-power-forecast\backend\auto_scripts\scripts\supershort\logs\auto_train\20250324_train_done.flag)
2025-03-24 12:03:58,506 - 检测到20250324的训练已经执行过 (标志文件: D:\my-vue-project\wind-power-forecast\backend\auto_scripts\scripts\supershort\logs\auto_train\20250324_train_done.flag)
2025-03-24 12:04:28,518 - 检测到20250324的训练已经执行过 (标志文件: D:\my-vue-project\wind-power-forecast\backend\auto_scripts\scripts\supershort\logs\auto_train\20250324_train_done.flag)
2025-03-24 12:04:58,526 - 检测到20250324的训练已经执行过 (标志文件: D:\my-vue-project\wind-power-forecast\backend\auto_scripts\scripts\supershort\logs\auto_train\20250324_train_done.flag)
2025-03-24 12:05:28,527 - 检测到20250324的训练已经执行过 (标志文件: D:\my-vue-project\wind-power-forecast\backend\auto_scripts\scripts\supershort\logs\auto_train\20250324_train_done.flag)
2025-03-24 12:05:58,530 - 检测到20250324的训练已经执行过 (标志文件: D:\my-vue-project\wind-power-forecast\backend\auto_scripts\scripts\supershort\logs\auto_train\20250324_train_done.flag)
2025-03-24 12:06:28,531 - 检测到20250324的训练已经执行过 (标志文件: D:\my-vue-project\wind-power-forecast\backend\auto_scripts\scripts\supershort\logs\auto_train\20250324_train_done.flag)
2025-03-24 12:06:58,540 - 检测到20250324的训练已经执行过 (标志文件: D:\my-vue-project\wind-power-forecast\backend\auto_scripts\scripts\supershort\logs\auto_train\20250324_train_done.flag)
2025-03-24 12:07:28,551 - 检测到20250324的训练已经执行过 (标志文件: D:\my-vue-project\wind-power-forecast\backend\auto_scripts\scripts\supershort\logs\auto_train\20250324_train_done.flag)
2025-03-24 12:07:58,562 - 检测到20250324的训练已经执行过 (标志文件: D:\my-vue-project\wind-power-forecast\backend\auto_scripts\scripts\supershort\logs\auto_train\20250324_train_done.flag)
2025-03-24 12:08:28,567 - 检测到20250324的训练已经执行过 (标志文件: D:\my-vue-project\wind-power-forecast\backend\auto_scripts\scripts\supershort\logs\auto_train\20250324_train_done.flag)
2025-03-24 12:08:58,576 - 检测到20250324的训练已经执行过 (标志文件: D:\my-vue-project\wind-power-forecast\backend\auto_scripts\scripts\supershort\logs\auto_train\20250324_train_done.flag)
2025-03-24 12:09:28,590 - 检测到20250324的训练已经执行过 (标志文件: D:\my-vue-project\wind-power-forecast\backend\auto_scripts\scripts\supershort\logs\auto_train\20250324_train_done.flag)
2025-03-24 12:09:58,590 - 检测到20250324的训练已经执行过 (标志文件: D:\my-vue-project\wind-power-forecast\backend\auto_scripts\scripts\supershort\logs\auto_train\20250324_train_done.flag)
2025-03-24 12:10:28,605 - 检测到20250324的训练已经执行过 (标志文件: D:\my-vue-project\wind-power-forecast\backend\auto_scripts\scripts\supershort\logs\auto_train\20250324_train_done.flag)
2025-03-24 12:10:58,606 - 检测到20250324的训练已经执行过 (标志文件: D:\my-vue-project\wind-power-forecast\backend\auto_scripts\scripts\supershort\logs\auto_train\20250324_train_done.flag)
2025-03-24 12:11:28,608 - 检测到20250324的训练已经执行过 (标志文件: D:\my-vue-project\wind-power-forecast\backend\auto_scripts\scripts\supershort\logs\auto_train\20250324_train_done.flag)
2025-03-24 12:11:58,622 - 检测到20250324的训练已经执行过 (标志文件: D:\my-vue-project\wind-power-forecast\backend\auto_scripts\scripts\supershort\logs\auto_train\20250324_train_done.flag)
2025-03-24 12:12:28,634 - 检测到20250324的训练已经执行过 (标志文件: D:\my-vue-project\wind-power-forecast\backend\auto_scripts\scripts\supershort\logs\auto_train\20250324_train_done.flag)
2025-03-24 12:12:58,638 - 检测到20250324的训练已经执行过 (标志文件: D:\my-vue-project\wind-power-forecast\backend\auto_scripts\scripts\supershort\logs\auto_train\20250324_train_done.flag)
2025-03-24 12:13:28,650 - 检测到20250324的训练已经执行过 (标志文件: D:\my-vue-project\wind-power-forecast\backend\auto_scripts\scripts\supershort\logs\auto_train\20250324_train_done.flag)
2025-03-24 12:13:58,665 - 检测到20250324的训练已经执行过 (标志文件: D:\my-vue-project\wind-power-forecast\backend\auto_scripts\scripts\supershort\logs\auto_train\20250324_train_done.flag)
2025-03-24 12:14:28,677 - 检测到20250324的训练已经执行过 (标志文件: D:\my-vue-project\wind-power-forecast\backend\auto_scripts\scripts\supershort\logs\auto_train\20250324_train_done.flag)
2025-03-24 12:14:58,685 - 检测到20250324的训练已经执行过 (标志文件: D:\my-vue-project\wind-power-forecast\backend\auto_scripts\scripts\supershort\logs\auto_train\20250324_train_done.flag)
2025-03-24 12:15:28,685 - 检测到20250324的训练已经执行过 (标志文件: D:\my-vue-project\wind-power-forecast\backend\auto_scripts\scripts\supershort\logs\auto_train\20250324_train_done.flag)
2025-03-24 12:15:58,700 - 检测到20250324的训练已经执行过 (标志文件: D:\my-vue-project\wind-power-forecast\backend\auto_scripts\scripts\supershort\logs\auto_train\20250324_train_done.flag)
2025-03-24 12:16:28,712 - 检测到20250324的训练已经执行过 (标志文件: D:\my-vue-project\wind-power-forecast\backend\auto_scripts\scripts\supershort\logs\auto_train\20250324_train_done.flag)
2025-03-24 12:16:58,721 - 检测到20250324的训练已经执行过 (标志文件: D:\my-vue-project\wind-power-forecast\backend\auto_scripts\scripts\supershort\logs\auto_train\20250324_train_done.flag)
2025-03-24 12:17:28,726 - 检测到20250324的训练已经执行过 (标志文件: D:\my-vue-project\wind-power-forecast\backend\auto_scripts\scripts\supershort\logs\auto_train\20250324_train_done.flag)
2025-03-24 12:17:58,728 - 检测到20250324的训练已经执行过 (标志文件: D:\my-vue-project\wind-power-forecast\backend\auto_scripts\scripts\supershort\logs\auto_train\20250324_train_done.flag)
2025-03-24 12:18:28,741 - 检测到20250324的训练已经执行过 (标志文件: D:\my-vue-project\wind-power-forecast\backend\auto_scripts\scripts\supershort\logs\auto_train\20250324_train_done.flag)
2025-03-24 12:18:58,745 - 检测到20250324的训练已经执行过 (标志文件: D:\my-vue-project\wind-power-forecast\backend\auto_scripts\scripts\supershort\logs\auto_train\20250324_train_done.flag)
2025-03-24 12:19:28,759 - 检测到20250324的训练已经执行过 (标志文件: D:\my-vue-project\wind-power-forecast\backend\auto_scripts\scripts\supershort\logs\auto_train\20250324_train_done.flag)
2025-03-24 12:19:58,771 - 检测到20250324的训练已经执行过 (标志文件: D:\my-vue-project\wind-power-forecast\backend\auto_scripts\scripts\supershort\logs\auto_train\20250324_train_done.flag)
2025-03-24 12:20:28,781 - 检测到20250324的训练已经执行过 (标志文件: D:\my-vue-project\wind-power-forecast\backend\auto_scripts\scripts\supershort\logs\auto_train\20250324_train_done.flag)
2025-03-24 12:20:58,796 - 检测到20250324的训练已经执行过 (标志文件: D:\my-vue-project\wind-power-forecast\backend\auto_scripts\scripts\supershort\logs\auto_train\20250324_train_done.flag)
2025-03-24 12:21:28,802 - 检测到20250324的训练已经执行过 (标志文件: D:\my-vue-project\wind-power-forecast\backend\auto_scripts\scripts\supershort\logs\auto_train\20250324_train_done.flag)
2025-03-24 12:21:58,808 - 检测到20250324的训练已经执行过 (标志文件: D:\my-vue-project\wind-power-forecast\backend\auto_scripts\scripts\supershort\logs\auto_train\20250324_train_done.flag)
2025-03-24 12:22:28,814 - 检测到20250324的训练已经执行过 (标志文件: D:\my-vue-project\wind-power-forecast\backend\auto_scripts\scripts\supershort\logs\auto_train\20250324_train_done.flag)
2025-03-24 12:22:58,817 - 检测到20250324的训练已经执行过 (标志文件: D:\my-vue-project\wind-power-forecast\backend\auto_scripts\scripts\supershort\logs\auto_train\20250324_train_done.flag)
2025-03-24 12:23:28,832 - 检测到20250324的训练已经执行过 (标志文件: D:\my-vue-project\wind-power-forecast\backend\auto_scripts\scripts\supershort\logs\auto_train\20250324_train_done.flag)
2025-03-24 12:23:58,834 - 检测到20250324的训练已经执行过 (标志文件: D:\my-vue-project\wind-power-forecast\backend\auto_scripts\scripts\supershort\logs\auto_train\20250324_train_done.flag)
2025-03-24 12:24:28,847 - 检测到20250324的训练已经执行过 (标志文件: D:\my-vue-project\wind-power-forecast\backend\auto_scripts\scripts\supershort\logs\auto_train\20250324_train_done.flag)
2025-03-24 12:24:58,860 - 检测到20250324的训练已经执行过 (标志文件: D:\my-vue-project\wind-power-forecast\backend\auto_scripts\scripts\supershort\logs\auto_train\20250324_train_done.flag)
2025-03-24 12:25:28,871 - 检测到20250324的训练已经执行过 (标志文件: D:\my-vue-project\wind-power-forecast\backend\auto_scripts\scripts\supershort\logs\auto_train\20250324_train_done.flag)
2025-03-24 12:25:58,887 - 检测到20250324的训练已经执行过 (标志文件: D:\my-vue-project\wind-power-forecast\backend\auto_scripts\scripts\supershort\logs\auto_train\20250324_train_done.flag)
2025-03-24 12:26:28,898 - 检测到20250324的训练已经执行过 (标志文件: D:\my-vue-project\wind-power-forecast\backend\auto_scripts\scripts\supershort\logs\auto_train\20250324_train_done.flag)
2025-03-24 12:26:58,911 - 检测到20250324的训练已经执行过 (标志文件: D:\my-vue-project\wind-power-forecast\backend\auto_scripts\scripts\supershort\logs\auto_train\20250324_train_done.flag)
2025-03-24 12:27:28,923 - 检测到20250324的训练已经执行过 (标志文件: D:\my-vue-project\wind-power-forecast\backend\auto_scripts\scripts\supershort\logs\auto_train\20250324_train_done.flag)
2025-03-24 12:27:58,931 - 检测到20250324的训练已经执行过 (标志文件: D:\my-vue-project\wind-power-forecast\backend\auto_scripts\scripts\supershort\logs\auto_train\20250324_train_done.flag)
2025-03-24 12:28:28,943 - 检测到20250324的训练已经执行过 (标志文件: D:\my-vue-project\wind-power-forecast\backend\auto_scripts\scripts\supershort\logs\auto_train\20250324_train_done.flag)
2025-03-24 12:28:58,958 - 检测到20250324的训练已经执行过 (标志文件: D:\my-vue-project\wind-power-forecast\backend\auto_scripts\scripts\supershort\logs\auto_train\20250324_train_done.flag)
2025-03-24 12:29:28,968 - 检测到20250324的训练已经执行过 (标志文件: D:\my-vue-project\wind-power-forecast\backend\auto_scripts\scripts\supershort\logs\auto_train\20250324_train_done.flag)
2025-03-24 12:29:58,979 - 检测到20250324的训练已经执行过 (标志文件: D:\my-vue-project\wind-power-forecast\backend\auto_scripts\scripts\supershort\logs\auto_train\20250324_train_done.flag)
2025-03-24 12:30:28,988 - 检测到20250324的训练已经执行过 (标志文件: D:\my-vue-project\wind-power-forecast\backend\auto_scripts\scripts\supershort\logs\auto_train\20250324_train_done.flag)
2025-03-24 12:30:58,998 - 检测到20250324的训练已经执行过 (标志文件: D:\my-vue-project\wind-power-forecast\backend\auto_scripts\scripts\supershort\logs\auto_train\20250324_train_done.flag)
2025-03-24 12:31:29,004 - 检测到20250324的训练已经执行过 (标志文件: D:\my-vue-project\wind-power-forecast\backend\auto_scripts\scripts\supershort\logs\auto_train\20250324_train_done.flag)
2025-03-24 12:31:59,017 - 检测到20250324的训练已经执行过 (标志文件: D:\my-vue-project\wind-power-forecast\backend\auto_scripts\scripts\supershort\logs\auto_train\20250324_train_done.flag)
2025-03-24 12:32:29,028 - 检测到20250324的训练已经执行过 (标志文件: D:\my-vue-project\wind-power-forecast\backend\auto_scripts\scripts\supershort\logs\auto_train\20250324_train_done.flag)
2025-03-24 12:32:59,033 - 检测到20250324的训练已经执行过 (标志文件: D:\my-vue-project\wind-power-forecast\backend\auto_scripts\scripts\supershort\logs\auto_train\20250324_train_done.flag)
2025-03-24 12:33:29,036 - 检测到20250324的训练已经执行过 (标志文件: D:\my-vue-project\wind-power-forecast\backend\auto_scripts\scripts\supershort\logs\auto_train\20250324_train_done.flag)
2025-03-24 12:33:59,052 - 检测到20250324的训练已经执行过 (标志文件: D:\my-vue-project\wind-power-forecast\backend\auto_scripts\scripts\supershort\logs\auto_train\20250324_train_done.flag)
2025-03-24 12:34:29,055 - 检测到20250324的训练已经执行过 (标志文件: D:\my-vue-project\wind-power-forecast\backend\auto_scripts\scripts\supershort\logs\auto_train\20250324_train_done.flag)
2025-03-24 12:34:59,067 - 检测到20250324的训练已经执行过 (标志文件: D:\my-vue-project\wind-power-forecast\backend\auto_scripts\scripts\supershort\logs\auto_train\20250324_train_done.flag)
2025-03-24 12:35:29,072 - 检测到20250324的训练已经执行过 (标志文件: D:\my-vue-project\wind-power-forecast\backend\auto_scripts\scripts\supershort\logs\auto_train\20250324_train_done.flag)
2025-03-24 12:35:59,081 - 检测到20250324的训练已经执行过 (标志文件: D:\my-vue-project\wind-power-forecast\backend\auto_scripts\scripts\supershort\logs\auto_train\20250324_train_done.flag)
2025-03-24 12:36:29,091 - 检测到20250324的训练已经执行过 (标志文件: D:\my-vue-project\wind-power-forecast\backend\auto_scripts\scripts\supershort\logs\auto_train\20250324_train_done.flag)
2025-03-24 12:36:59,103 - 检测到20250324的训练已经执行过 (标志文件: D:\my-vue-project\wind-power-forecast\backend\auto_scripts\scripts\supershort\logs\auto_train\20250324_train_done.flag)
2025-03-24 12:37:29,116 - 检测到20250324的训练已经执行过 (标志文件: D:\my-vue-project\wind-power-forecast\backend\auto_scripts\scripts\supershort\logs\auto_train\20250324_train_done.flag)
2025-03-24 12:37:59,120 - 检测到20250324的训练已经执行过 (标志文件: D:\my-vue-project\wind-power-forecast\backend\auto_scripts\scripts\supershort\logs\auto_train\20250324_train_done.flag)
2025-03-24 12:38:29,127 - 检测到20250324的训练已经执行过 (标志文件: D:\my-vue-project\wind-power-forecast\backend\auto_scripts\scripts\supershort\logs\auto_train\20250324_train_done.flag)
2025-03-24 12:38:59,141 - 检测到20250324的训练已经执行过 (标志文件: D:\my-vue-project\wind-power-forecast\backend\auto_scripts\scripts\supershort\logs\auto_train\20250324_train_done.flag)
2025-03-24 12:39:29,144 - 检测到20250324的训练已经执行过 (标志文件: D:\my-vue-project\wind-power-forecast\backend\auto_scripts\scripts\supershort\logs\auto_train\20250324_train_done.flag)
2025-03-24 12:39:59,148 - 检测到20250324的训练已经执行过 (标志文件: D:\my-vue-project\wind-power-forecast\backend\auto_scripts\scripts\supershort\logs\auto_train\20250324_train_done.flag)
2025-03-24 12:40:29,158 - 检测到20250324的训练已经执行过 (标志文件: D:\my-vue-project\wind-power-forecast\backend\auto_scripts\scripts\supershort\logs\auto_train\20250324_train_done.flag)
2025-03-24 12:40:59,168 - 检测到20250324的训练已经执行过 (标志文件: D:\my-vue-project\wind-power-forecast\backend\auto_scripts\scripts\supershort\logs\auto_train\20250324_train_done.flag)
2025-03-24 12:41:29,173 - 检测到20250324的训练已经执行过 (标志文件: D:\my-vue-project\wind-power-forecast\backend\auto_scripts\scripts\supershort\logs\auto_train\20250324_train_done.flag)
2025-03-24 12:41:59,178 - 检测到20250324的训练已经执行过 (标志文件: D:\my-vue-project\wind-power-forecast\backend\auto_scripts\scripts\supershort\logs\auto_train\20250324_train_done.flag)
2025-03-24 12:42:29,192 - 检测到20250324的训练已经执行过 (标志文件: D:\my-vue-project\wind-power-forecast\backend\auto_scripts\scripts\supershort\logs\auto_train\20250324_train_done.flag)
2025-03-24 12:42:59,204 - 检测到20250324的训练已经执行过 (标志文件: D:\my-vue-project\wind-power-forecast\backend\auto_scripts\scripts\supershort\logs\auto_train\20250324_train_done.flag)
2025-03-24 12:43:29,204 - 检测到20250324的训练已经执行过 (标志文件: D:\my-vue-project\wind-power-forecast\backend\auto_scripts\scripts\supershort\logs\auto_train\20250324_train_done.flag)
2025-03-24 12:43:59,214 - 检测到20250324的训练已经执行过 (标志文件: D:\my-vue-project\wind-power-forecast\backend\auto_scripts\scripts\supershort\logs\auto_train\20250324_train_done.flag)
2025-03-24 12:44:29,229 - 检测到20250324的训练已经执行过 (标志文件: D:\my-vue-project\wind-power-forecast\backend\auto_scripts\scripts\supershort\logs\auto_train\20250324_train_done.flag)
2025-03-24 12:44:59,232 - 检测到20250324的训练已经执行过 (标志文件: D:\my-vue-project\wind-power-forecast\backend\auto_scripts\scripts\supershort\logs\auto_train\20250324_train_done.flag)
2025-03-24 12:45:29,241 - 检测到20250324的训练已经执行过 (标志文件: D:\my-vue-project\wind-power-forecast\backend\auto_scripts\scripts\supershort\logs\auto_train\20250324_train_done.flag)
2025-03-24 12:45:59,242 - 检测到20250324的训练已经执行过 (标志文件: D:\my-vue-project\wind-power-forecast\backend\auto_scripts\scripts\supershort\logs\auto_train\20250324_train_done.flag)
2025-03-24 12:46:29,250 - 检测到20250324的训练已经执行过 (标志文件: D:\my-vue-project\wind-power-forecast\backend\auto_scripts\scripts\supershort\logs\auto_train\20250324_train_done.flag)
2025-03-24 12:46:59,253 - 检测到20250324的训练已经执行过 (标志文件: D:\my-vue-project\wind-power-forecast\backend\auto_scripts\scripts\supershort\logs\auto_train\20250324_train_done.flag)
2025-03-24 12:47:29,263 - 检测到20250324的训练已经执行过 (标志文件: D:\my-vue-project\wind-power-forecast\backend\auto_scripts\scripts\supershort\logs\auto_train\20250324_train_done.flag)
2025-03-24 12:47:59,270 - 检测到20250324的训练已经执行过 (标志文件: D:\my-vue-project\wind-power-forecast\backend\auto_scripts\scripts\supershort\logs\auto_train\20250324_train_done.flag)
2025-03-24 12:48:29,283 - 检测到20250324的训练已经执行过 (标志文件: D:\my-vue-project\wind-power-forecast\backend\auto_scripts\scripts\supershort\logs\auto_train\20250324_train_done.flag)
2025-03-24 12:48:59,299 - 检测到20250324的训练已经执行过 (标志文件: D:\my-vue-project\wind-power-forecast\backend\auto_scripts\scripts\supershort\logs\auto_train\20250324_train_done.flag)
2025-03-24 12:49:29,300 - 检测到20250324的训练已经执行过 (标志文件: D:\my-vue-project\wind-power-forecast\backend\auto_scripts\scripts\supershort\logs\auto_train\20250324_train_done.flag)
2025-03-24 12:49:59,300 - 检测到20250324的训练已经执行过 (标志文件: D:\my-vue-project\wind-power-forecast\backend\auto_scripts\scripts\supershort\logs\auto_train\20250324_train_done.flag)
2025-03-24 12:50:29,302 - 检测到20250324的训练已经执行过 (标志文件: D:\my-vue-project\wind-power-forecast\backend\auto_scripts\scripts\supershort\logs\auto_train\20250324_train_done.flag)
2025-03-24 12:50:59,303 - 检测到20250324的训练已经执行过 (标志文件: D:\my-vue-project\wind-power-forecast\backend\auto_scripts\scripts\supershort\logs\auto_train\20250324_train_done.flag)
2025-03-24 12:51:29,310 - 检测到20250324的训练已经执行过 (标志文件: D:\my-vue-project\wind-power-forecast\backend\auto_scripts\scripts\supershort\logs\auto_train\20250324_train_done.flag)
2025-03-24 12:51:59,318 - 检测到20250324的训练已经执行过 (标志文件: D:\my-vue-project\wind-power-forecast\backend\auto_scripts\scripts\supershort\logs\auto_train\20250324_train_done.flag)
2025-03-24 12:52:29,320 - 检测到20250324的训练已经执行过 (标志文件: D:\my-vue-project\wind-power-forecast\backend\auto_scripts\scripts\supershort\logs\auto_train\20250324_train_done.flag)
2025-03-24 12:52:59,332 - 检测到20250324的训练已经执行过 (标志文件: D:\my-vue-project\wind-power-forecast\backend\auto_scripts\scripts\supershort\logs\auto_train\20250324_train_done.flag)
2025-03-24 12:53:29,346 - 检测到20250324的训练已经执行过 (标志文件: D:\my-vue-project\wind-power-forecast\backend\auto_scripts\scripts\supershort\logs\auto_train\20250324_train_done.flag)
2025-03-24 12:53:59,354 - 检测到20250324的训练已经执行过 (标志文件: D:\my-vue-project\wind-power-forecast\backend\auto_scripts\scripts\supershort\logs\auto_train\20250324_train_done.flag)
2025-03-24 12:54:29,356 - 检测到20250324的训练已经执行过 (标志文件: D:\my-vue-project\wind-power-forecast\backend\auto_scripts\scripts\supershort\logs\auto_train\20250324_train_done.flag)
2025-03-24 12:54:59,368 - 检测到20250324的训练已经执行过 (标志文件: D:\my-vue-project\wind-power-forecast\backend\auto_scripts\scripts\supershort\logs\auto_train\20250324_train_done.flag)
2025-03-24 12:55:29,379 - 检测到20250324的训练已经执行过 (标志文件: D:\my-vue-project\wind-power-forecast\backend\auto_scripts\scripts\supershort\logs\auto_train\20250324_train_done.flag)
2025-03-24 12:55:59,385 - 检测到20250324的训练已经执行过 (标志文件: D:\my-vue-project\wind-power-forecast\backend\auto_scripts\scripts\supershort\logs\auto_train\20250324_train_done.flag)
2025-03-24 12:56:29,392 - 检测到20250324的训练已经执行过 (标志文件: D:\my-vue-project\wind-power-forecast\backend\auto_scripts\scripts\supershort\logs\auto_train\20250324_train_done.flag)
2025-03-24 12:56:59,406 - 检测到20250324的训练已经执行过 (标志文件: D:\my-vue-project\wind-power-forecast\backend\auto_scripts\scripts\supershort\logs\auto_train\20250324_train_done.flag)
2025-03-24 12:57:29,412 - 检测到20250324的训练已经执行过 (标志文件: D:\my-vue-project\wind-power-forecast\backend\auto_scripts\scripts\supershort\logs\auto_train\20250324_train_done.flag)
2025-03-24 12:57:59,413 - 检测到20250324的训练已经执行过 (标志文件: D:\my-vue-project\wind-power-forecast\backend\auto_scripts\scripts\supershort\logs\auto_train\20250324_train_done.flag)
2025-03-24 12:58:29,422 - 检测到20250324的训练已经执行过 (标志文件: D:\my-vue-project\wind-power-forecast\backend\auto_scripts\scripts\supershort\logs\auto_train\20250324_train_done.flag)
2025-03-24 12:58:59,429 - 检测到20250324的训练已经执行过 (标志文件: D:\my-vue-project\wind-power-forecast\backend\auto_scripts\scripts\supershort\logs\auto_train\20250324_train_done.flag)
2025-03-24 12:59:29,442 - 检测到20250324的训练已经执行过 (标志文件: D:\my-vue-project\wind-power-forecast\backend\auto_scripts\scripts\supershort\logs\auto_train\20250324_train_done.flag)
2025-03-24 12:59:59,454 - 检测到20250324的训练已经执行过 (标志文件: D:\my-vue-project\wind-power-forecast\backend\auto_scripts\scripts\supershort\logs\auto_train\20250324_train_done.flag)
2025-03-24 13:00:29,455 - 当前时间: 2025-03-24 13:00:29, 星期: 周一
2025-03-24 13:00:29,455 - 当前任务状态: 训练任务已执行=True, 参数优化任务已执行=False
2025-03-24 13:00:29,455 - 检测到20250324的训练已经执行过 (标志文件: D:\my-vue-project\wind-power-forecast\backend\auto_scripts\scripts\supershort\logs\auto_train\20250324_train_done.flag)
2025-03-24 13:00:59,456 - 当前时间: 2025-03-24 13:00:59, 星期: 周一
2025-03-24 13:00:59,456 - 当前任务状态: 训练任务已执行=True, 参数优化任务已执行=False
2025-03-24 13:00:59,456 - 检测到20250324的训练已经执行过 (标志文件: D:\my-vue-project\wind-power-forecast\backend\auto_scripts\scripts\supershort\logs\auto_train\20250324_train_done.flag)
2025-03-24 13:01:29,459 - 检测到20250324的训练已经执行过 (标志文件: D:\my-vue-project\wind-power-forecast\backend\auto_scripts\scripts\supershort\logs\auto_train\20250324_train_done.flag)
2025-03-24 13:01:59,461 - 检测到20250324的训练已经执行过 (标志文件: D:\my-vue-project\wind-power-forecast\backend\auto_scripts\scripts\supershort\logs\auto_train\20250324_train_done.flag)
2025-03-24 13:02:29,472 - 检测到20250324的训练已经执行过 (标志文件: D:\my-vue-project\wind-power-forecast\backend\auto_scripts\scripts\supershort\logs\auto_train\20250324_train_done.flag)
2025-03-24 13:02:59,487 - 检测到20250324的训练已经执行过 (标志文件: D:\my-vue-project\wind-power-forecast\backend\auto_scripts\scripts\supershort\logs\auto_train\20250324_train_done.flag)
2025-03-24 13:03:29,488 - 检测到20250324的训练已经执行过 (标志文件: D:\my-vue-project\wind-power-forecast\backend\auto_scripts\scripts\supershort\logs\auto_train\20250324_train_done.flag)
2025-03-24 13:03:59,496 - 检测到20250324的训练已经执行过 (标志文件: D:\my-vue-project\wind-power-forecast\backend\auto_scripts\scripts\supershort\logs\auto_train\20250324_train_done.flag)
2025-03-24 13:04:29,507 - 检测到20250324的训练已经执行过 (标志文件: D:\my-vue-project\wind-power-forecast\backend\auto_scripts\scripts\supershort\logs\auto_train\20250324_train_done.flag)
2025-03-24 13:04:59,516 - 检测到20250324的训练已经执行过 (标志文件: D:\my-vue-project\wind-power-forecast\backend\auto_scripts\scripts\supershort\logs\auto_train\20250324_train_done.flag)
2025-03-24 13:05:29,518 - 检测到20250324的训练已经执行过 (标志文件: D:\my-vue-project\wind-power-forecast\backend\auto_scripts\scripts\supershort\logs\auto_train\20250324_train_done.flag)
2025-03-24 13:05:59,519 - 检测到20250324的训练已经执行过 (标志文件: D:\my-vue-project\wind-power-forecast\backend\auto_scripts\scripts\supershort\logs\auto_train\20250324_train_done.flag)
2025-03-24 13:06:29,532 - 检测到20250324的训练已经执行过 (标志文件: D:\my-vue-project\wind-power-forecast\backend\auto_scripts\scripts\supershort\logs\auto_train\20250324_train_done.flag)
2025-03-24 13:06:59,537 - 检测到20250324的训练已经执行过 (标志文件: D:\my-vue-project\wind-power-forecast\backend\auto_scripts\scripts\supershort\logs\auto_train\20250324_train_done.flag)
2025-03-24 13:07:29,551 - 检测到20250324的训练已经执行过 (标志文件: D:\my-vue-project\wind-power-forecast\backend\auto_scripts\scripts\supershort\logs\auto_train\20250324_train_done.flag)
2025-03-24 13:07:59,554 - 检测到20250324的训练已经执行过 (标志文件: D:\my-vue-project\wind-power-forecast\backend\auto_scripts\scripts\supershort\logs\auto_train\20250324_train_done.flag)
2025-03-24 13:08:29,556 - 检测到20250324的训练已经执行过 (标志文件: D:\my-vue-project\wind-power-forecast\backend\auto_scripts\scripts\supershort\logs\auto_train\20250324_train_done.flag)
2025-03-24 13:08:59,559 - 检测到20250324的训练已经执行过 (标志文件: D:\my-vue-project\wind-power-forecast\backend\auto_scripts\scripts\supershort\logs\auto_train\20250324_train_done.flag)
2025-03-24 13:09:29,567 - 检测到20250324的训练已经执行过 (标志文件: D:\my-vue-project\wind-power-forecast\backend\auto_scripts\scripts\supershort\logs\auto_train\20250324_train_done.flag)
2025-03-24 13:09:59,567 - 检测到20250324的训练已经执行过 (标志文件: D:\my-vue-project\wind-power-forecast\backend\auto_scripts\scripts\supershort\logs\auto_train\20250324_train_done.flag)
2025-03-24 13:10:29,570 - 检测到20250324的训练已经执行过 (标志文件: D:\my-vue-project\wind-power-forecast\backend\auto_scripts\scripts\supershort\logs\auto_train\20250324_train_done.flag)
2025-03-24 13:10:59,573 - 检测到20250324的训练已经执行过 (标志文件: D:\my-vue-project\wind-power-forecast\backend\auto_scripts\scripts\supershort\logs\auto_train\20250324_train_done.flag)
2025-03-24 13:11:29,579 - 检测到20250324的训练已经执行过 (标志文件: D:\my-vue-project\wind-power-forecast\backend\auto_scripts\scripts\supershort\logs\auto_train\20250324_train_done.flag)
2025-03-24 13:11:59,584 - 检测到20250324的训练已经执行过 (标志文件: D:\my-vue-project\wind-power-forecast\backend\auto_scripts\scripts\supershort\logs\auto_train\20250324_train_done.flag)
2025-03-24 13:12:29,595 - 检测到20250324的训练已经执行过 (标志文件: D:\my-vue-project\wind-power-forecast\backend\auto_scripts\scripts\supershort\logs\auto_train\20250324_train_done.flag)
2025-03-24 13:12:59,602 - 检测到20250324的训练已经执行过 (标志文件: D:\my-vue-project\wind-power-forecast\backend\auto_scripts\scripts\supershort\logs\auto_train\20250324_train_done.flag)
2025-03-24 13:13:29,608 - 检测到20250324的训练已经执行过 (标志文件: D:\my-vue-project\wind-power-forecast\backend\auto_scripts\scripts\supershort\logs\auto_train\20250324_train_done.flag)
2025-03-24 13:13:59,612 - 检测到20250324的训练已经执行过 (标志文件: D:\my-vue-project\wind-power-forecast\backend\auto_scripts\scripts\supershort\logs\auto_train\20250324_train_done.flag)
2025-03-24 13:14:29,617 - 检测到20250324的训练已经执行过 (标志文件: D:\my-vue-project\wind-power-forecast\backend\auto_scripts\scripts\supershort\logs\auto_train\20250324_train_done.flag)
2025-03-24 13:14:59,627 - 检测到20250324的训练已经执行过 (标志文件: D:\my-vue-project\wind-power-forecast\backend\auto_scripts\scripts\supershort\logs\auto_train\20250324_train_done.flag)
2025-03-24 13:15:29,630 - 检测到20250324的训练已经执行过 (标志文件: D:\my-vue-project\wind-power-forecast\backend\auto_scripts\scripts\supershort\logs\auto_train\20250324_train_done.flag)
2025-03-24 13:15:59,642 - 检测到20250324的训练已经执行过 (标志文件: D:\my-vue-project\wind-power-forecast\backend\auto_scripts\scripts\supershort\logs\auto_train\20250324_train_done.flag)
2025-03-24 13:16:29,655 - 检测到20250324的训练已经执行过 (标志文件: D:\my-vue-project\wind-power-forecast\backend\auto_scripts\scripts\supershort\logs\auto_train\20250324_train_done.flag)
2025-03-24 13:16:59,664 - 检测到20250324的训练已经执行过 (标志文件: D:\my-vue-project\wind-power-forecast\backend\auto_scripts\scripts\supershort\logs\auto_train\20250324_train_done.flag)
2025-03-24 13:17:29,676 - 检测到20250324的训练已经执行过 (标志文件: D:\my-vue-project\wind-power-forecast\backend\auto_scripts\scripts\supershort\logs\auto_train\20250324_train_done.flag)
2025-03-24 13:17:59,680 - 检测到20250324的训练已经执行过 (标志文件: D:\my-vue-project\wind-power-forecast\backend\auto_scripts\scripts\supershort\logs\auto_train\20250324_train_done.flag)
2025-03-24 13:18:29,689 - 检测到20250324的训练已经执行过 (标志文件: D:\my-vue-project\wind-power-forecast\backend\auto_scripts\scripts\supershort\logs\auto_train\20250324_train_done.flag)
2025-03-24 13:18:59,704 - 检测到20250324的训练已经执行过 (标志文件: D:\my-vue-project\wind-power-forecast\backend\auto_scripts\scripts\supershort\logs\auto_train\20250324_train_done.flag)
2025-03-24 13:19:29,708 - 检测到20250324的训练已经执行过 (标志文件: D:\my-vue-project\wind-power-forecast\backend\auto_scripts\scripts\supershort\logs\auto_train\20250324_train_done.flag)
2025-03-24 13:19:59,720 - 检测到20250324的训练已经执行过 (标志文件: D:\my-vue-project\wind-power-forecast\backend\auto_scripts\scripts\supershort\logs\auto_train\20250324_train_done.flag)
2025-03-24 13:20:29,725 - 检测到20250324的训练已经执行过 (标志文件: D:\my-vue-project\wind-power-forecast\backend\auto_scripts\scripts\supershort\logs\auto_train\20250324_train_done.flag)
2025-03-24 13:20:59,737 - 检测到20250324的训练已经执行过 (标志文件: D:\my-vue-project\wind-power-forecast\backend\auto_scripts\scripts\supershort\logs\auto_train\20250324_train_done.flag)
2025-03-24 13:21:29,737 - 检测到20250324的训练已经执行过 (标志文件: D:\my-vue-project\wind-power-forecast\backend\auto_scripts\scripts\supershort\logs\auto_train\20250324_train_done.flag)
2025-03-24 13:21:59,748 - 检测到20250324的训练已经执行过 (标志文件: D:\my-vue-project\wind-power-forecast\backend\auto_scripts\scripts\supershort\logs\auto_train\20250324_train_done.flag)
2025-03-24 13:22:29,756 - 检测到20250324的训练已经执行过 (标志文件: D:\my-vue-project\wind-power-forecast\backend\auto_scripts\scripts\supershort\logs\auto_train\20250324_train_done.flag)
2025-03-24 13:22:59,760 - 检测到20250324的训练已经执行过 (标志文件: D:\my-vue-project\wind-power-forecast\backend\auto_scripts\scripts\supershort\logs\auto_train\20250324_train_done.flag)
2025-03-24 13:23:29,770 - 检测到20250324的训练已经执行过 (标志文件: D:\my-vue-project\wind-power-forecast\backend\auto_scripts\scripts\supershort\logs\auto_train\20250324_train_done.flag)
2025-03-24 13:23:59,774 - 检测到20250324的训练已经执行过 (标志文件: D:\my-vue-project\wind-power-forecast\backend\auto_scripts\scripts\supershort\logs\auto_train\20250324_train_done.flag)
2025-03-24 13:24:29,777 - 检测到20250324的训练已经执行过 (标志文件: D:\my-vue-project\wind-power-forecast\backend\auto_scripts\scripts\supershort\logs\auto_train\20250324_train_done.flag)
2025-03-24 13:24:59,778 - 检测到20250324的训练已经执行过 (标志文件: D:\my-vue-project\wind-power-forecast\backend\auto_scripts\scripts\supershort\logs\auto_train\20250324_train_done.flag)
2025-03-24 13:25:29,794 - 检测到20250324的训练已经执行过 (标志文件: D:\my-vue-project\wind-power-forecast\backend\auto_scripts\scripts\supershort\logs\auto_train\20250324_train_done.flag)
2025-03-24 13:25:59,794 - 检测到20250324的训练已经执行过 (标志文件: D:\my-vue-project\wind-power-forecast\backend\auto_scripts\scripts\supershort\logs\auto_train\20250324_train_done.flag)
2025-03-24 13:26:29,804 - 检测到20250324的训练已经执行过 (标志文件: D:\my-vue-project\wind-power-forecast\backend\auto_scripts\scripts\supershort\logs\auto_train\20250324_train_done.flag)
2025-03-24 13:26:59,816 - 检测到20250324的训练已经执行过 (标志文件: D:\my-vue-project\wind-power-forecast\backend\auto_scripts\scripts\supershort\logs\auto_train\20250324_train_done.flag)
2025-03-24 13:27:29,822 - 检测到20250324的训练已经执行过 (标志文件: D:\my-vue-project\wind-power-forecast\backend\auto_scripts\scripts\supershort\logs\auto_train\20250324_train_done.flag)
2025-03-24 13:27:59,830 - 检测到20250324的训练已经执行过 (标志文件: D:\my-vue-project\wind-power-forecast\backend\auto_scripts\scripts\supershort\logs\auto_train\20250324_train_done.flag)
2025-03-24 13:28:29,834 - 检测到20250324的训练已经执行过 (标志文件: D:\my-vue-project\wind-power-forecast\backend\auto_scripts\scripts\supershort\logs\auto_train\20250324_train_done.flag)
2025-03-24 13:28:59,848 - 检测到20250324的训练已经执行过 (标志文件: D:\my-vue-project\wind-power-forecast\backend\auto_scripts\scripts\supershort\logs\auto_train\20250324_train_done.flag)
2025-03-24 13:29:29,853 - 检测到20250324的训练已经执行过 (标志文件: D:\my-vue-project\wind-power-forecast\backend\auto_scripts\scripts\supershort\logs\auto_train\20250324_train_done.flag)
2025-03-24 13:29:59,855 - 检测到20250324的训练已经执行过 (标志文件: D:\my-vue-project\wind-power-forecast\backend\auto_scripts\scripts\supershort\logs\auto_train\20250324_train_done.flag)
2025-03-24 13:30:29,858 - 检测到20250324的训练已经执行过 (标志文件: D:\my-vue-project\wind-power-forecast\backend\auto_scripts\scripts\supershort\logs\auto_train\20250324_train_done.flag)
2025-03-24 13:30:59,872 - 检测到20250324的训练已经执行过 (标志文件: D:\my-vue-project\wind-power-forecast\backend\auto_scripts\scripts\supershort\logs\auto_train\20250324_train_done.flag)
2025-03-24 13:31:29,882 - 检测到20250324的训练已经执行过 (标志文件: D:\my-vue-project\wind-power-forecast\backend\auto_scripts\scripts\supershort\logs\auto_train\20250324_train_done.flag)
2025-03-24 13:31:59,886 - 检测到20250324的训练已经执行过 (标志文件: D:\my-vue-project\wind-power-forecast\backend\auto_scripts\scripts\supershort\logs\auto_train\20250324_train_done.flag)
2025-03-24 13:32:29,892 - 检测到20250324的训练已经执行过 (标志文件: D:\my-vue-project\wind-power-forecast\backend\auto_scripts\scripts\supershort\logs\auto_train\20250324_train_done.flag)
2025-03-24 13:32:59,899 - 检测到20250324的训练已经执行过 (标志文件: D:\my-vue-project\wind-power-forecast\backend\auto_scripts\scripts\supershort\logs\auto_train\20250324_train_done.flag)
2025-03-24 13:33:29,911 - 检测到20250324的训练已经执行过 (标志文件: D:\my-vue-project\wind-power-forecast\backend\auto_scripts\scripts\supershort\logs\auto_train\20250324_train_done.flag)
2025-03-24 13:33:59,921 - 检测到20250324的训练已经执行过 (标志文件: D:\my-vue-project\wind-power-forecast\backend\auto_scripts\scripts\supershort\logs\auto_train\20250324_train_done.flag)
2025-03-24 13:34:29,935 - 检测到20250324的训练已经执行过 (标志文件: D:\my-vue-project\wind-power-forecast\backend\auto_scripts\scripts\supershort\logs\auto_train\20250324_train_done.flag)
2025-03-24 13:34:59,944 - 检测到20250324的训练已经执行过 (标志文件: D:\my-vue-project\wind-power-forecast\backend\auto_scripts\scripts\supershort\logs\auto_train\20250324_train_done.flag)
2025-03-24 13:35:29,958 - 检测到20250324的训练已经执行过 (标志文件: D:\my-vue-project\wind-power-forecast\backend\auto_scripts\scripts\supershort\logs\auto_train\20250324_train_done.flag)
2025-03-24 13:35:59,971 - 检测到20250324的训练已经执行过 (标志文件: D:\my-vue-project\wind-power-forecast\backend\auto_scripts\scripts\supershort\logs\auto_train\20250324_train_done.flag)
2025-03-24 13:36:29,980 - 检测到20250324的训练已经执行过 (标志文件: D:\my-vue-project\wind-power-forecast\backend\auto_scripts\scripts\supershort\logs\auto_train\20250324_train_done.flag)
2025-03-24 13:36:59,990 - 检测到20250324的训练已经执行过 (标志文件: D:\my-vue-project\wind-power-forecast\backend\auto_scripts\scripts\supershort\logs\auto_train\20250324_train_done.flag)
2025-03-24 13:37:30,004 - 检测到20250324的训练已经执行过 (标志文件: D:\my-vue-project\wind-power-forecast\backend\auto_scripts\scripts\supershort\logs\auto_train\20250324_train_done.flag)
2025-03-24 13:38:00,014 - 检测到20250324的训练已经执行过 (标志文件: D:\my-vue-project\wind-power-forecast\backend\auto_scripts\scripts\supershort\logs\auto_train\20250324_train_done.flag)
2025-03-24 13:38:30,014 - 检测到20250324的训练已经执行过 (标志文件: D:\my-vue-project\wind-power-forecast\backend\auto_scripts\scripts\supershort\logs\auto_train\20250324_train_done.flag)
2025-03-24 13:39:00,029 - 检测到20250324的训练已经执行过 (标志文件: D:\my-vue-project\wind-power-forecast\backend\auto_scripts\scripts\supershort\logs\auto_train\20250324_train_done.flag)
2025-03-24 13:39:30,041 - 检测到20250324的训练已经执行过 (标志文件: D:\my-vue-project\wind-power-forecast\backend\auto_scripts\scripts\supershort\logs\auto_train\20250324_train_done.flag)
2025-03-24 13:40:00,049 - 检测到20250324的训练已经执行过 (标志文件: D:\my-vue-project\wind-power-forecast\backend\auto_scripts\scripts\supershort\logs\auto_train\20250324_train_done.flag)
2025-03-24 13:40:30,057 - 检测到20250324的训练已经执行过 (标志文件: D:\my-vue-project\wind-power-forecast\backend\auto_scripts\scripts\supershort\logs\auto_train\20250324_train_done.flag)
2025-03-24 13:41:00,060 - 检测到20250324的训练已经执行过 (标志文件: D:\my-vue-project\wind-power-forecast\backend\auto_scripts\scripts\supershort\logs\auto_train\20250324_train_done.flag)
2025-03-24 13:41:30,060 - 检测到20250324的训练已经执行过 (标志文件: D:\my-vue-project\wind-power-forecast\backend\auto_scripts\scripts\supershort\logs\auto_train\20250324_train_done.flag)
2025-03-24 13:42:00,066 - 检测到20250324的训练已经执行过 (标志文件: D:\my-vue-project\wind-power-forecast\backend\auto_scripts\scripts\supershort\logs\auto_train\20250324_train_done.flag)
2025-03-24 13:42:30,068 - 检测到20250324的训练已经执行过 (标志文件: D:\my-vue-project\wind-power-forecast\backend\auto_scripts\scripts\supershort\logs\auto_train\20250324_train_done.flag)
2025-03-24 13:43:00,082 - 检测到20250324的训练已经执行过 (标志文件: D:\my-vue-project\wind-power-forecast\backend\auto_scripts\scripts\supershort\logs\auto_train\20250324_train_done.flag)
2025-03-24 13:43:30,092 - 检测到20250324的训练已经执行过 (标志文件: D:\my-vue-project\wind-power-forecast\backend\auto_scripts\scripts\supershort\logs\auto_train\20250324_train_done.flag)
2025-03-24 13:44:00,098 - 检测到20250324的训练已经执行过 (标志文件: D:\my-vue-project\wind-power-forecast\backend\auto_scripts\scripts\supershort\logs\auto_train\20250324_train_done.flag)
2025-03-24 13:44:30,104 - 检测到20250324的训练已经执行过 (标志文件: D:\my-vue-project\wind-power-forecast\backend\auto_scripts\scripts\supershort\logs\auto_train\20250324_train_done.flag)
2025-03-24 13:45:00,114 - 检测到20250324的训练已经执行过 (标志文件: D:\my-vue-project\wind-power-forecast\backend\auto_scripts\scripts\supershort\logs\auto_train\20250324_train_done.flag)
2025-03-24 13:45:30,122 - 检测到20250324的训练已经执行过 (标志文件: D:\my-vue-project\wind-power-forecast\backend\auto_scripts\scripts\supershort\logs\auto_train\20250324_train_done.flag)
2025-03-24 13:46:00,133 - 检测到20250324的训练已经执行过 (标志文件: D:\my-vue-project\wind-power-forecast\backend\auto_scripts\scripts\supershort\logs\auto_train\20250324_train_done.flag)
2025-03-24 13:46:30,133 - 检测到20250324的训练已经执行过 (标志文件: D:\my-vue-project\wind-power-forecast\backend\auto_scripts\scripts\supershort\logs\auto_train\20250324_train_done.flag)
2025-03-24 13:47:00,146 - 检测到20250324的训练已经执行过 (标志文件: D:\my-vue-project\wind-power-forecast\backend\auto_scripts\scripts\supershort\logs\auto_train\20250324_train_done.flag)
2025-03-24 13:47:30,148 - 检测到20250324的训练已经执行过 (标志文件: D:\my-vue-project\wind-power-forecast\backend\auto_scripts\scripts\supershort\logs\auto_train\20250324_train_done.flag)
2025-03-24 13:48:00,150 - 检测到20250324的训练已经执行过 (标志文件: D:\my-vue-project\wind-power-forecast\backend\auto_scripts\scripts\supershort\logs\auto_train\20250324_train_done.flag)
2025-03-24 13:48:30,156 - 检测到20250324的训练已经执行过 (标志文件: D:\my-vue-project\wind-power-forecast\backend\auto_scripts\scripts\supershort\logs\auto_train\20250324_train_done.flag)
2025-03-24 13:49:00,160 - 检测到20250324的训练已经执行过 (标志文件: D:\my-vue-project\wind-power-forecast\backend\auto_scripts\scripts\supershort\logs\auto_train\20250324_train_done.flag)
2025-03-24 13:49:30,161 - 检测到20250324的训练已经执行过 (标志文件: D:\my-vue-project\wind-power-forecast\backend\auto_scripts\scripts\supershort\logs\auto_train\20250324_train_done.flag)
2025-03-24 13:50:00,175 - 检测到20250324的训练已经执行过 (标志文件: D:\my-vue-project\wind-power-forecast\backend\auto_scripts\scripts\supershort\logs\auto_train\20250324_train_done.flag)
2025-03-24 13:50:30,184 - 检测到20250324的训练已经执行过 (标志文件: D:\my-vue-project\wind-power-forecast\backend\auto_scripts\scripts\supershort\logs\auto_train\20250324_train_done.flag)
2025-03-24 13:51:00,191 - 检测到20250324的训练已经执行过 (标志文件: D:\my-vue-project\wind-power-forecast\backend\auto_scripts\scripts\supershort\logs\auto_train\20250324_train_done.flag)
2025-03-24 13:51:30,194 - 检测到20250324的训练已经执行过 (标志文件: D:\my-vue-project\wind-power-forecast\backend\auto_scripts\scripts\supershort\logs\auto_train\20250324_train_done.flag)
2025-03-24 13:52:00,199 - 检测到20250324的训练已经执行过 (标志文件: D:\my-vue-project\wind-power-forecast\backend\auto_scripts\scripts\supershort\logs\auto_train\20250324_train_done.flag)
2025-03-24 13:52:30,208 - 检测到20250324的训练已经执行过 (标志文件: D:\my-vue-project\wind-power-forecast\backend\auto_scripts\scripts\supershort\logs\auto_train\20250324_train_done.flag)
2025-03-24 13:53:00,220 - 检测到20250324的训练已经执行过 (标志文件: D:\my-vue-project\wind-power-forecast\backend\auto_scripts\scripts\supershort\logs\auto_train\20250324_train_done.flag)
2025-03-24 13:53:30,229 - 检测到20250324的训练已经执行过 (标志文件: D:\my-vue-project\wind-power-forecast\backend\auto_scripts\scripts\supershort\logs\auto_train\20250324_train_done.flag)
2025-03-24 13:54:00,252 - 检测到20250324的训练已经执行过 (标志文件: D:\my-vue-project\wind-power-forecast\backend\auto_scripts\scripts\supershort\logs\auto_train\20250324_train_done.flag)
2025-03-24 13:54:30,266 - 检测到20250324的训练已经执行过 (标志文件: D:\my-vue-project\wind-power-forecast\backend\auto_scripts\scripts\supershort\logs\auto_train\20250324_train_done.flag)
2025-03-24 13:55:00,270 - 检测到20250324的训练已经执行过 (标志文件: D:\my-vue-project\wind-power-forecast\backend\auto_scripts\scripts\supershort\logs\auto_train\20250324_train_done.flag)
2025-03-24 13:55:30,275 - 检测到20250324的训练已经执行过 (标志文件: D:\my-vue-project\wind-power-forecast\backend\auto_scripts\scripts\supershort\logs\auto_train\20250324_train_done.flag)
2025-03-24 13:56:00,279 - 检测到20250324的训练已经执行过 (标志文件: D:\my-vue-project\wind-power-forecast\backend\auto_scripts\scripts\supershort\logs\auto_train\20250324_train_done.flag)
2025-03-24 13:56:30,282 - 检测到20250324的训练已经执行过 (标志文件: D:\my-vue-project\wind-power-forecast\backend\auto_scripts\scripts\supershort\logs\auto_train\20250324_train_done.flag)
2025-03-24 13:57:00,296 - 检测到20250324的训练已经执行过 (标志文件: D:\my-vue-project\wind-power-forecast\backend\auto_scripts\scripts\supershort\logs\auto_train\20250324_train_done.flag)
2025-03-24 13:57:30,309 - 检测到20250324的训练已经执行过 (标志文件: D:\my-vue-project\wind-power-forecast\backend\auto_scripts\scripts\supershort\logs\auto_train\20250324_train_done.flag)
2025-03-24 13:58:00,324 - 检测到20250324的训练已经执行过 (标志文件: D:\my-vue-project\wind-power-forecast\backend\auto_scripts\scripts\supershort\logs\auto_train\20250324_train_done.flag)
2025-03-24 13:58:30,329 - 检测到20250324的训练已经执行过 (标志文件: D:\my-vue-project\wind-power-forecast\backend\auto_scripts\scripts\supershort\logs\auto_train\20250324_train_done.flag)
2025-03-24 13:59:00,334 - 检测到20250324的训练已经执行过 (标志文件: D:\my-vue-project\wind-power-forecast\backend\auto_scripts\scripts\supershort\logs\auto_train\20250324_train_done.flag)
2025-03-24 13:59:30,349 - 检测到20250324的训练已经执行过 (标志文件: D:\my-vue-project\wind-power-forecast\backend\auto_scripts\scripts\supershort\logs\auto_train\20250324_train_done.flag)
2025-03-24 14:00:00,351 - 当前时间: 2025-03-24 14:00:00, 星期: 周一
2025-03-24 14:00:00,351 - 当前任务状态: 训练任务已执行=True, 参数优化任务已执行=False
2025-03-24 14:00:00,352 - 检测到20250324的训练已经执行过 (标志文件: D:\my-vue-project\wind-power-forecast\backend\auto_scripts\scripts\supershort\logs\auto_train\20250324_train_done.flag)
2025-03-24 14:00:30,355 - 当前时间: 2025-03-24 14:00:30, 星期: 周一
2025-03-24 14:00:30,355 - 当前任务状态: 训练任务已执行=True, 参数优化任务已执行=False
2025-03-24 14:00:30,355 - 检测到20250324的训练已经执行过 (标志文件: D:\my-vue-project\wind-power-forecast\backend\auto_scripts\scripts\supershort\logs\auto_train\20250324_train_done.flag)
2025-03-24 14:01:00,360 - 检测到20250324的训练已经执行过 (标志文件: D:\my-vue-project\wind-power-forecast\backend\auto_scripts\scripts\supershort\logs\auto_train\20250324_train_done.flag)
2025-03-24 14:01:30,375 - 检测到20250324的训练已经执行过 (标志文件: D:\my-vue-project\wind-power-forecast\backend\auto_scripts\scripts\supershort\logs\auto_train\20250324_train_done.flag)
2025-03-24 14:02:00,386 - 检测到20250324的训练已经执行过 (标志文件: D:\my-vue-project\wind-power-forecast\backend\auto_scripts\scripts\supershort\logs\auto_train\20250324_train_done.flag)
2025-03-24 14:02:30,399 - 检测到20250324的训练已经执行过 (标志文件: D:\my-vue-project\wind-power-forecast\backend\auto_scripts\scripts\supershort\logs\auto_train\20250324_train_done.flag)
2025-03-24 14:03:00,402 - 检测到20250324的训练已经执行过 (标志文件: D:\my-vue-project\wind-power-forecast\backend\auto_scripts\scripts\supershort\logs\auto_train\20250324_train_done.flag)
2025-03-24 14:03:30,403 - 检测到20250324的训练已经执行过 (标志文件: D:\my-vue-project\wind-power-forecast\backend\auto_scripts\scripts\supershort\logs\auto_train\20250324_train_done.flag)
2025-03-24 14:04:00,409 - 检测到20250324的训练已经执行过 (标志文件: D:\my-vue-project\wind-power-forecast\backend\auto_scripts\scripts\supershort\logs\auto_train\20250324_train_done.flag)
2025-03-24 14:04:30,415 - 检测到20250324的训练已经执行过 (标志文件: D:\my-vue-project\wind-power-forecast\backend\auto_scripts\scripts\supershort\logs\auto_train\20250324_train_done.flag)
2025-03-24 14:05:00,427 - 检测到20250324的训练已经执行过 (标志文件: D:\my-vue-project\wind-power-forecast\backend\auto_scripts\scripts\supershort\logs\auto_train\20250324_train_done.flag)
2025-03-24 14:05:30,432 - 检测到20250324的训练已经执行过 (标志文件: D:\my-vue-project\wind-power-forecast\backend\auto_scripts\scripts\supershort\logs\auto_train\20250324_train_done.flag)
2025-03-24 14:06:00,443 - 检测到20250324的训练已经执行过 (标志文件: D:\my-vue-project\wind-power-forecast\backend\auto_scripts\scripts\supershort\logs\auto_train\20250324_train_done.flag)
2025-03-24 14:06:30,445 - 检测到20250324的训练已经执行过 (标志文件: D:\my-vue-project\wind-power-forecast\backend\auto_scripts\scripts\supershort\logs\auto_train\20250324_train_done.flag)
2025-03-24 14:07:00,454 - 检测到20250324的训练已经执行过 (标志文件: D:\my-vue-project\wind-power-forecast\backend\auto_scripts\scripts\supershort\logs\auto_train\20250324_train_done.flag)
2025-03-24 14:07:30,456 - 检测到20250324的训练已经执行过 (标志文件: D:\my-vue-project\wind-power-forecast\backend\auto_scripts\scripts\supershort\logs\auto_train\20250324_train_done.flag)
2025-03-24 14:08:00,464 - 检测到20250324的训练已经执行过 (标志文件: D:\my-vue-project\wind-power-forecast\backend\auto_scripts\scripts\supershort\logs\auto_train\20250324_train_done.flag)
2025-03-24 14:08:30,475 - 检测到20250324的训练已经执行过 (标志文件: D:\my-vue-project\wind-power-forecast\backend\auto_scripts\scripts\supershort\logs\auto_train\20250324_train_done.flag)
2025-03-24 14:09:00,481 - 检测到20250324的训练已经执行过 (标志文件: D:\my-vue-project\wind-power-forecast\backend\auto_scripts\scripts\supershort\logs\auto_train\20250324_train_done.flag)
2025-03-24 14:09:30,496 - 检测到20250324的训练已经执行过 (标志文件: D:\my-vue-project\wind-power-forecast\backend\auto_scripts\scripts\supershort\logs\auto_train\20250324_train_done.flag)
2025-03-24 14:10:00,504 - 检测到20250324的训练已经执行过 (标志文件: D:\my-vue-project\wind-power-forecast\backend\auto_scripts\scripts\supershort\logs\auto_train\20250324_train_done.flag)
2025-03-24 14:10:30,515 - 检测到20250324的训练已经执行过 (标志文件: D:\my-vue-project\wind-power-forecast\backend\auto_scripts\scripts\supershort\logs\auto_train\20250324_train_done.flag)
2025-03-24 14:11:00,524 - 检测到20250324的训练已经执行过 (标志文件: D:\my-vue-project\wind-power-forecast\backend\auto_scripts\scripts\supershort\logs\auto_train\20250324_train_done.flag)
2025-03-24 14:11:30,526 - 检测到20250324的训练已经执行过 (标志文件: D:\my-vue-project\wind-power-forecast\backend\auto_scripts\scripts\supershort\logs\auto_train\20250324_train_done.flag)
2025-03-24 14:12:00,532 - 检测到20250324的训练已经执行过 (标志文件: D:\my-vue-project\wind-power-forecast\backend\auto_scripts\scripts\supershort\logs\auto_train\20250324_train_done.flag)
2025-03-24 14:12:30,544 - 检测到20250324的训练已经执行过 (标志文件: D:\my-vue-project\wind-power-forecast\backend\auto_scripts\scripts\supershort\logs\auto_train\20250324_train_done.flag)
2025-03-24 14:13:00,553 - 检测到20250324的训练已经执行过 (标志文件: D:\my-vue-project\wind-power-forecast\backend\auto_scripts\scripts\supershort\logs\auto_train\20250324_train_done.flag)
2025-03-24 14:13:30,561 - 检测到20250324的训练已经执行过 (标志文件: D:\my-vue-project\wind-power-forecast\backend\auto_scripts\scripts\supershort\logs\auto_train\20250324_train_done.flag)
2025-03-24 14:14:00,562 - 检测到20250324的训练已经执行过 (标志文件: D:\my-vue-project\wind-power-forecast\backend\auto_scripts\scripts\supershort\logs\auto_train\20250324_train_done.flag)
2025-03-24 14:14:30,570 - 检测到20250324的训练已经执行过 (标志文件: D:\my-vue-project\wind-power-forecast\backend\auto_scripts\scripts\supershort\logs\auto_train\20250324_train_done.flag)
2025-03-24 14:15:00,582 - 检测到20250324的训练已经执行过 (标志文件: D:\my-vue-project\wind-power-forecast\backend\auto_scripts\scripts\supershort\logs\auto_train\20250324_train_done.flag)
2025-03-24 14:15:30,591 - 检测到20250324的训练已经执行过 (标志文件: D:\my-vue-project\wind-power-forecast\backend\auto_scripts\scripts\supershort\logs\auto_train\20250324_train_done.flag)
2025-03-24 14:16:00,598 - 检测到20250324的训练已经执行过 (标志文件: D:\my-vue-project\wind-power-forecast\backend\auto_scripts\scripts\supershort\logs\auto_train\20250324_train_done.flag)
2025-03-24 14:16:30,611 - 检测到20250324的训练已经执行过 (标志文件: D:\my-vue-project\wind-power-forecast\backend\auto_scripts\scripts\supershort\logs\auto_train\20250324_train_done.flag)
2025-03-24 14:17:00,613 - 检测到20250324的训练已经执行过 (标志文件: D:\my-vue-project\wind-power-forecast\backend\auto_scripts\scripts\supershort\logs\auto_train\20250324_train_done.flag)
2025-03-24 14:17:30,621 - 检测到20250324的训练已经执行过 (标志文件: D:\my-vue-project\wind-power-forecast\backend\auto_scripts\scripts\supershort\logs\auto_train\20250324_train_done.flag)
2025-03-24 14:18:00,624 - 检测到20250324的训练已经执行过 (标志文件: D:\my-vue-project\wind-power-forecast\backend\auto_scripts\scripts\supershort\logs\auto_train\20250324_train_done.flag)
2025-03-24 14:18:30,626 - 检测到20250324的训练已经执行过 (标志文件: D:\my-vue-project\wind-power-forecast\backend\auto_scripts\scripts\supershort\logs\auto_train\20250324_train_done.flag)
2025-03-24 14:19:00,640 - 检测到20250324的训练已经执行过 (标志文件: D:\my-vue-project\wind-power-forecast\backend\auto_scripts\scripts\supershort\logs\auto_train\20250324_train_done.flag)
2025-03-24 14:19:30,641 - 检测到20250324的训练已经执行过 (标志文件: D:\my-vue-project\wind-power-forecast\backend\auto_scripts\scripts\supershort\logs\auto_train\20250324_train_done.flag)
2025-03-24 14:20:00,646 - 检测到20250324的训练已经执行过 (标志文件: D:\my-vue-project\wind-power-forecast\backend\auto_scripts\scripts\supershort\logs\auto_train\20250324_train_done.flag)
2025-03-24 14:20:30,657 - 检测到20250324的训练已经执行过 (标志文件: D:\my-vue-project\wind-power-forecast\backend\auto_scripts\scripts\supershort\logs\auto_train\20250324_train_done.flag)
2025-03-24 14:21:00,671 - 检测到20250324的训练已经执行过 (标志文件: D:\my-vue-project\wind-power-forecast\backend\auto_scripts\scripts\supershort\logs\auto_train\20250324_train_done.flag)
2025-03-24 14:21:30,682 - 检测到20250324的训练已经执行过 (标志文件: D:\my-vue-project\wind-power-forecast\backend\auto_scripts\scripts\supershort\logs\auto_train\20250324_train_done.flag)
2025-03-24 14:22:00,698 - 检测到20250324的训练已经执行过 (标志文件: D:\my-vue-project\wind-power-forecast\backend\auto_scripts\scripts\supershort\logs\auto_train\20250324_train_done.flag)
2025-03-24 14:22:30,713 - 检测到20250324的训练已经执行过 (标志文件: D:\my-vue-project\wind-power-forecast\backend\auto_scripts\scripts\supershort\logs\auto_train\20250324_train_done.flag)
2025-03-24 14:23:00,724 - 检测到20250324的训练已经执行过 (标志文件: D:\my-vue-project\wind-power-forecast\backend\auto_scripts\scripts\supershort\logs\auto_train\20250324_train_done.flag)
2025-03-24 14:23:30,734 - 检测到20250324的训练已经执行过 (标志文件: D:\my-vue-project\wind-power-forecast\backend\auto_scripts\scripts\supershort\logs\auto_train\20250324_train_done.flag)
2025-03-24 14:24:00,736 - 检测到20250324的训练已经执行过 (标志文件: D:\my-vue-project\wind-power-forecast\backend\auto_scripts\scripts\supershort\logs\auto_train\20250324_train_done.flag)
2025-03-24 14:24:30,749 - 检测到20250324的训练已经执行过 (标志文件: D:\my-vue-project\wind-power-forecast\backend\auto_scripts\scripts\supershort\logs\auto_train\20250324_train_done.flag)
2025-03-24 14:25:00,758 - 检测到20250324的训练已经执行过 (标志文件: D:\my-vue-project\wind-power-forecast\backend\auto_scripts\scripts\supershort\logs\auto_train\20250324_train_done.flag)
2025-03-24 14:25:30,772 - 检测到20250324的训练已经执行过 (标志文件: D:\my-vue-project\wind-power-forecast\backend\auto_scripts\scripts\supershort\logs\auto_train\20250324_train_done.flag)
2025-03-24 14:26:00,775 - 检测到20250324的训练已经执行过 (标志文件: D:\my-vue-project\wind-power-forecast\backend\auto_scripts\scripts\supershort\logs\auto_train\20250324_train_done.flag)
2025-03-24 14:26:30,782 - 检测到20250324的训练已经执行过 (标志文件: D:\my-vue-project\wind-power-forecast\backend\auto_scripts\scripts\supershort\logs\auto_train\20250324_train_done.flag)
2025-03-24 14:27:00,790 - 检测到20250324的训练已经执行过 (标志文件: D:\my-vue-project\wind-power-forecast\backend\auto_scripts\scripts\supershort\logs\auto_train\20250324_train_done.flag)
2025-03-24 14:27:30,802 - 检测到20250324的训练已经执行过 (标志文件: D:\my-vue-project\wind-power-forecast\backend\auto_scripts\scripts\supershort\logs\auto_train\20250324_train_done.flag)
2025-03-24 14:28:00,812 - 检测到20250324的训练已经执行过 (标志文件: D:\my-vue-project\wind-power-forecast\backend\auto_scripts\scripts\supershort\logs\auto_train\20250324_train_done.flag)
2025-03-24 14:28:30,818 - 检测到20250324的训练已经执行过 (标志文件: D:\my-vue-project\wind-power-forecast\backend\auto_scripts\scripts\supershort\logs\auto_train\20250324_train_done.flag)
2025-03-24 14:29:00,822 - 检测到20250324的训练已经执行过 (标志文件: D:\my-vue-project\wind-power-forecast\backend\auto_scripts\scripts\supershort\logs\auto_train\20250324_train_done.flag)
2025-03-24 14:29:30,823 - 检测到20250324的训练已经执行过 (标志文件: D:\my-vue-project\wind-power-forecast\backend\auto_scripts\scripts\supershort\logs\auto_train\20250324_train_done.flag)
2025-03-24 14:30:00,824 - 检测到20250324的训练已经执行过 (标志文件: D:\my-vue-project\wind-power-forecast\backend\auto_scripts\scripts\supershort\logs\auto_train\20250324_train_done.flag)
2025-03-24 14:30:30,824 - 检测到20250324的训练已经执行过 (标志文件: D:\my-vue-project\wind-power-forecast\backend\auto_scripts\scripts\supershort\logs\auto_train\20250324_train_done.flag)
2025-03-24 14:31:00,830 - 检测到20250324的训练已经执行过 (标志文件: D:\my-vue-project\wind-power-forecast\backend\auto_scripts\scripts\supershort\logs\auto_train\20250324_train_done.flag)
2025-03-24 14:31:30,836 - 检测到20250324的训练已经执行过 (标志文件: D:\my-vue-project\wind-power-forecast\backend\auto_scripts\scripts\supershort\logs\auto_train\20250324_train_done.flag)
2025-03-24 14:32:00,840 - 检测到20250324的训练已经执行过 (标志文件: D:\my-vue-project\wind-power-forecast\backend\auto_scripts\scripts\supershort\logs\auto_train\20250324_train_done.flag)
2025-03-24 14:32:30,849 - 检测到20250324的训练已经执行过 (标志文件: D:\my-vue-project\wind-power-forecast\backend\auto_scripts\scripts\supershort\logs\auto_train\20250324_train_done.flag)
2025-03-24 14:33:00,859 - 检测到20250324的训练已经执行过 (标志文件: D:\my-vue-project\wind-power-forecast\backend\auto_scripts\scripts\supershort\logs\auto_train\20250324_train_done.flag)
2025-03-24 14:33:30,867 - 检测到20250324的训练已经执行过 (标志文件: D:\my-vue-project\wind-power-forecast\backend\auto_scripts\scripts\supershort\logs\auto_train\20250324_train_done.flag)
2025-03-24 14:34:00,879 - 检测到20250324的训练已经执行过 (标志文件: D:\my-vue-project\wind-power-forecast\backend\auto_scripts\scripts\supershort\logs\auto_train\20250324_train_done.flag)
2025-03-24 14:34:30,889 - 检测到20250324的训练已经执行过 (标志文件: D:\my-vue-project\wind-power-forecast\backend\auto_scripts\scripts\supershort\logs\auto_train\20250324_train_done.flag)
2025-03-24 14:35:00,905 - 检测到20250324的训练已经执行过 (标志文件: D:\my-vue-project\wind-power-forecast\backend\auto_scripts\scripts\supershort\logs\auto_train\20250324_train_done.flag)
2025-03-24 14:35:30,909 - 检测到20250324的训练已经执行过 (标志文件: D:\my-vue-project\wind-power-forecast\backend\auto_scripts\scripts\supershort\logs\auto_train\20250324_train_done.flag)
2025-03-24 14:36:00,910 - 检测到20250324的训练已经执行过 (标志文件: D:\my-vue-project\wind-power-forecast\backend\auto_scripts\scripts\supershort\logs\auto_train\20250324_train_done.flag)
2025-03-24 14:36:30,919 - 检测到20250324的训练已经执行过 (标志文件: D:\my-vue-project\wind-power-forecast\backend\auto_scripts\scripts\supershort\logs\auto_train\20250324_train_done.flag)
2025-03-24 14:37:00,923 - 检测到20250324的训练已经执行过 (标志文件: D:\my-vue-project\wind-power-forecast\backend\auto_scripts\scripts\supershort\logs\auto_train\20250324_train_done.flag)
2025-03-24 14:37:30,934 - 检测到20250324的训练已经执行过 (标志文件: D:\my-vue-project\wind-power-forecast\backend\auto_scripts\scripts\supershort\logs\auto_train\20250324_train_done.flag)
2025-03-24 14:38:00,940 - 检测到20250324的训练已经执行过 (标志文件: D:\my-vue-project\wind-power-forecast\backend\auto_scripts\scripts\supershort\logs\auto_train\20250324_train_done.flag)
2025-03-24 14:38:30,954 - 检测到20250324的训练已经执行过 (标志文件: D:\my-vue-project\wind-power-forecast\backend\auto_scripts\scripts\supershort\logs\auto_train\20250324_train_done.flag)
2025-03-24 14:39:00,959 - 检测到20250324的训练已经执行过 (标志文件: D:\my-vue-project\wind-power-forecast\backend\auto_scripts\scripts\supershort\logs\auto_train\20250324_train_done.flag)
2025-03-24 14:39:30,961 - 检测到20250324的训练已经执行过 (标志文件: D:\my-vue-project\wind-power-forecast\backend\auto_scripts\scripts\supershort\logs\auto_train\20250324_train_done.flag)
2025-03-24 14:40:00,973 - 检测到20250324的训练已经执行过 (标志文件: D:\my-vue-project\wind-power-forecast\backend\auto_scripts\scripts\supershort\logs\auto_train\20250324_train_done.flag)
2025-03-24 14:40:30,981 - 检测到20250324的训练已经执行过 (标志文件: D:\my-vue-project\wind-power-forecast\backend\auto_scripts\scripts\supershort\logs\auto_train\20250324_train_done.flag)
2025-03-24 14:41:00,993 - 检测到20250324的训练已经执行过 (标志文件: D:\my-vue-project\wind-power-forecast\backend\auto_scripts\scripts\supershort\logs\auto_train\20250324_train_done.flag)
2025-03-24 14:41:31,005 - 检测到20250324的训练已经执行过 (标志文件: D:\my-vue-project\wind-power-forecast\backend\auto_scripts\scripts\supershort\logs\auto_train\20250324_train_done.flag)
2025-03-24 14:42:01,011 - 检测到20250324的训练已经执行过 (标志文件: D:\my-vue-project\wind-power-forecast\backend\auto_scripts\scripts\supershort\logs\auto_train\20250324_train_done.flag)
2025-03-24 14:42:31,027 - 检测到20250324的训练已经执行过 (标志文件: D:\my-vue-project\wind-power-forecast\backend\auto_scripts\scripts\supershort\logs\auto_train\20250324_train_done.flag)
2025-03-24 14:43:01,037 - 检测到20250324的训练已经执行过 (标志文件: D:\my-vue-project\wind-power-forecast\backend\auto_scripts\scripts\supershort\logs\auto_train\20250324_train_done.flag)
2025-03-24 14:43:31,041 - 检测到20250324的训练已经执行过 (标志文件: D:\my-vue-project\wind-power-forecast\backend\auto_scripts\scripts\supershort\logs\auto_train\20250324_train_done.flag)
2025-03-24 14:44:01,050 - 检测到20250324的训练已经执行过 (标志文件: D:\my-vue-project\wind-power-forecast\backend\auto_scripts\scripts\supershort\logs\auto_train\20250324_train_done.flag)
2025-03-24 14:44:31,053 - 检测到20250324的训练已经执行过 (标志文件: D:\my-vue-project\wind-power-forecast\backend\auto_scripts\scripts\supershort\logs\auto_train\20250324_train_done.flag)
2025-03-24 14:45:01,069 - 检测到20250324的训练已经执行过 (标志文件: D:\my-vue-project\wind-power-forecast\backend\auto_scripts\scripts\supershort\logs\auto_train\20250324_train_done.flag)
2025-03-24 14:45:31,084 - 检测到20250324的训练已经执行过 (标志文件: D:\my-vue-project\wind-power-forecast\backend\auto_scripts\scripts\supershort\logs\auto_train\20250324_train_done.flag)
2025-03-24 14:46:01,088 - 检测到20250324的训练已经执行过 (标志文件: D:\my-vue-project\wind-power-forecast\backend\auto_scripts\scripts\supershort\logs\auto_train\20250324_train_done.flag)
2025-03-24 14:46:31,090 - 检测到20250324的训练已经执行过 (标志文件: D:\my-vue-project\wind-power-forecast\backend\auto_scripts\scripts\supershort\logs\auto_train\20250324_train_done.flag)
2025-03-24 14:47:01,101 - 检测到20250324的训练已经执行过 (标志文件: D:\my-vue-project\wind-power-forecast\backend\auto_scripts\scripts\supershort\logs\auto_train\20250324_train_done.flag)
2025-03-24 14:47:31,114 - 检测到20250324的训练已经执行过 (标志文件: D:\my-vue-project\wind-power-forecast\backend\auto_scripts\scripts\supershort\logs\auto_train\20250324_train_done.flag)
2025-03-24 14:48:01,128 - 检测到20250324的训练已经执行过 (标志文件: D:\my-vue-project\wind-power-forecast\backend\auto_scripts\scripts\supershort\logs\auto_train\20250324_train_done.flag)
2025-03-24 14:48:31,142 - 检测到20250324的训练已经执行过 (标志文件: D:\my-vue-project\wind-power-forecast\backend\auto_scripts\scripts\supershort\logs\auto_train\20250324_train_done.flag)
2025-03-24 14:49:01,154 - 检测到20250324的训练已经执行过 (标志文件: D:\my-vue-project\wind-power-forecast\backend\auto_scripts\scripts\supershort\logs\auto_train\20250324_train_done.flag)
2025-03-24 14:49:31,162 - 检测到20250324的训练已经执行过 (标志文件: D:\my-vue-project\wind-power-forecast\backend\auto_scripts\scripts\supershort\logs\auto_train\20250324_train_done.flag)
2025-03-24 14:50:01,175 - 检测到20250324的训练已经执行过 (标志文件: D:\my-vue-project\wind-power-forecast\backend\auto_scripts\scripts\supershort\logs\auto_train\20250324_train_done.flag)
2025-03-24 14:50:31,181 - 检测到20250324的训练已经执行过 (标志文件: D:\my-vue-project\wind-power-forecast\backend\auto_scripts\scripts\supershort\logs\auto_train\20250324_train_done.flag)
2025-03-24 14:51:01,186 - 检测到20250324的训练已经执行过 (标志文件: D:\my-vue-project\wind-power-forecast\backend\auto_scripts\scripts\supershort\logs\auto_train\20250324_train_done.flag)
2025-03-24 14:51:31,197 - 检测到20250324的训练已经执行过 (标志文件: D:\my-vue-project\wind-power-forecast\backend\auto_scripts\scripts\supershort\logs\auto_train\20250324_train_done.flag)
2025-03-24 14:52:01,202 - 检测到20250324的训练已经执行过 (标志文件: D:\my-vue-project\wind-power-forecast\backend\auto_scripts\scripts\supershort\logs\auto_train\20250324_train_done.flag)
2025-03-24 14:52:31,209 - 检测到20250324的训练已经执行过 (标志文件: D:\my-vue-project\wind-power-forecast\backend\auto_scripts\scripts\supershort\logs\auto_train\20250324_train_done.flag)
2025-03-24 14:53:01,216 - 检测到20250324的训练已经执行过 (标志文件: D:\my-vue-project\wind-power-forecast\backend\auto_scripts\scripts\supershort\logs\auto_train\20250324_train_done.flag)
2025-03-24 14:53:31,218 - 检测到20250324的训练已经执行过 (标志文件: D:\my-vue-project\wind-power-forecast\backend\auto_scripts\scripts\supershort\logs\auto_train\20250324_train_done.flag)
2025-03-24 14:54:01,231 - 检测到20250324的训练已经执行过 (标志文件: D:\my-vue-project\wind-power-forecast\backend\auto_scripts\scripts\supershort\logs\auto_train\20250324_train_done.flag)
2025-03-24 14:54:31,240 - 检测到20250324的训练已经执行过 (标志文件: D:\my-vue-project\wind-power-forecast\backend\auto_scripts\scripts\supershort\logs\auto_train\20250324_train_done.flag)
2025-03-24 14:55:01,251 - 检测到20250324的训练已经执行过 (标志文件: D:\my-vue-project\wind-power-forecast\backend\auto_scripts\scripts\supershort\logs\auto_train\20250324_train_done.flag)
2025-03-24 14:55:31,266 - 检测到20250324的训练已经执行过 (标志文件: D:\my-vue-project\wind-power-forecast\backend\auto_scripts\scripts\supershort\logs\auto_train\20250324_train_done.flag)
2025-03-24 14:56:01,276 - 检测到20250324的训练已经执行过 (标志文件: D:\my-vue-project\wind-power-forecast\backend\auto_scripts\scripts\supershort\logs\auto_train\20250324_train_done.flag)
2025-03-24 14:56:31,288 - 检测到20250324的训练已经执行过 (标志文件: D:\my-vue-project\wind-power-forecast\backend\auto_scripts\scripts\supershort\logs\auto_train\20250324_train_done.flag)
2025-03-24 14:57:01,295 - 检测到20250324的训练已经执行过 (标志文件: D:\my-vue-project\wind-power-forecast\backend\auto_scripts\scripts\supershort\logs\auto_train\20250324_train_done.flag)
2025-03-24 14:57:31,298 - 检测到20250324的训练已经执行过 (标志文件: D:\my-vue-project\wind-power-forecast\backend\auto_scripts\scripts\supershort\logs\auto_train\20250324_train_done.flag)
2025-03-24 14:58:01,310 - 检测到20250324的训练已经执行过 (标志文件: D:\my-vue-project\wind-power-forecast\backend\auto_scripts\scripts\supershort\logs\auto_train\20250324_train_done.flag)
2025-03-24 14:58:31,321 - 检测到20250324的训练已经执行过 (标志文件: D:\my-vue-project\wind-power-forecast\backend\auto_scripts\scripts\supershort\logs\auto_train\20250324_train_done.flag)
2025-03-24 14:59:01,330 - 检测到20250324的训练已经执行过 (标志文件: D:\my-vue-project\wind-power-forecast\backend\auto_scripts\scripts\supershort\logs\auto_train\20250324_train_done.flag)
2025-03-24 14:59:31,334 - 检测到20250324的训练已经执行过 (标志文件: D:\my-vue-project\wind-power-forecast\backend\auto_scripts\scripts\supershort\logs\auto_train\20250324_train_done.flag)
2025-03-24 15:00:01,339 - 当前时间: 2025-03-24 15:00:01, 星期: 周一
2025-03-24 15:00:01,339 - 当前任务状态: 训练任务已执行=True, 参数优化任务已执行=False
2025-03-24 15:00:01,340 - 检测到20250324的训练已经执行过 (标志文件: D:\my-vue-project\wind-power-forecast\backend\auto_scripts\scripts\supershort\logs\auto_train\20250324_train_done.flag)
2025-03-24 15:00:31,345 - 当前时间: 2025-03-24 15:00:31, 星期: 周一
2025-03-24 15:00:31,345 - 当前任务状态: 训练任务已执行=True, 参数优化任务已执行=False
2025-03-24 15:00:31,346 - 检测到20250324的训练已经执行过 (标志文件: D:\my-vue-project\wind-power-forecast\backend\auto_scripts\scripts\supershort\logs\auto_train\20250324_train_done.flag)
2025-03-24 15:01:01,352 - 检测到20250324的训练已经执行过 (标志文件: D:\my-vue-project\wind-power-forecast\backend\auto_scripts\scripts\supershort\logs\auto_train\20250324_train_done.flag)
2025-03-24 15:01:31,366 - 检测到20250324的训练已经执行过 (标志文件: D:\my-vue-project\wind-power-forecast\backend\auto_scripts\scripts\supershort\logs\auto_train\20250324_train_done.flag)
2025-03-24 15:02:01,375 - 检测到20250324的训练已经执行过 (标志文件: D:\my-vue-project\wind-power-forecast\backend\auto_scripts\scripts\supershort\logs\auto_train\20250324_train_done.flag)
2025-03-24 15:02:31,390 - 检测到20250324的训练已经执行过 (标志文件: D:\my-vue-project\wind-power-forecast\backend\auto_scripts\scripts\supershort\logs\auto_train\20250324_train_done.flag)
2025-03-24 15:03:01,395 - 检测到20250324的训练已经执行过 (标志文件: D:\my-vue-project\wind-power-forecast\backend\auto_scripts\scripts\supershort\logs\auto_train\20250324_train_done.flag)
2025-03-24 15:03:31,410 - 检测到20250324的训练已经执行过 (标志文件: D:\my-vue-project\wind-power-forecast\backend\auto_scripts\scripts\supershort\logs\auto_train\20250324_train_done.flag)
2025-03-24 15:04:01,424 - 检测到20250324的训练已经执行过 (标志文件: D:\my-vue-project\wind-power-forecast\backend\auto_scripts\scripts\supershort\logs\auto_train\20250324_train_done.flag)
2025-03-24 15:04:31,437 - 检测到20250324的训练已经执行过 (标志文件: D:\my-vue-project\wind-power-forecast\backend\auto_scripts\scripts\supershort\logs\auto_train\20250324_train_done.flag)
2025-03-24 15:05:01,441 - 检测到20250324的训练已经执行过 (标志文件: D:\my-vue-project\wind-power-forecast\backend\auto_scripts\scripts\supershort\logs\auto_train\20250324_train_done.flag)
2025-03-24 15:05:31,444 - 检测到20250324的训练已经执行过 (标志文件: D:\my-vue-project\wind-power-forecast\backend\auto_scripts\scripts\supershort\logs\auto_train\20250324_train_done.flag)
2025-03-24 15:06:01,453 - 检测到20250324的训练已经执行过 (标志文件: D:\my-vue-project\wind-power-forecast\backend\auto_scripts\scripts\supershort\logs\auto_train\20250324_train_done.flag)
2025-03-24 15:06:31,462 - 检测到20250324的训练已经执行过 (标志文件: D:\my-vue-project\wind-power-forecast\backend\auto_scripts\scripts\supershort\logs\auto_train\20250324_train_done.flag)
2025-03-24 15:07:01,474 - 检测到20250324的训练已经执行过 (标志文件: D:\my-vue-project\wind-power-forecast\backend\auto_scripts\scripts\supershort\logs\auto_train\20250324_train_done.flag)
2025-03-24 15:07:31,485 - 检测到20250324的训练已经执行过 (标志文件: D:\my-vue-project\wind-power-forecast\backend\auto_scripts\scripts\supershort\logs\auto_train\20250324_train_done.flag)
2025-03-24 15:08:01,487 - 检测到20250324的训练已经执行过 (标志文件: D:\my-vue-project\wind-power-forecast\backend\auto_scripts\scripts\supershort\logs\auto_train\20250324_train_done.flag)
2025-03-24 15:08:31,490 - 检测到20250324的训练已经执行过 (标志文件: D:\my-vue-project\wind-power-forecast\backend\auto_scripts\scripts\supershort\logs\auto_train\20250324_train_done.flag)
2025-03-24 15:09:01,496 - 检测到20250324的训练已经执行过 (标志文件: D:\my-vue-project\wind-power-forecast\backend\auto_scripts\scripts\supershort\logs\auto_train\20250324_train_done.flag)
2025-03-24 15:09:31,506 - 检测到20250324的训练已经执行过 (标志文件: D:\my-vue-project\wind-power-forecast\backend\auto_scripts\scripts\supershort\logs\auto_train\20250324_train_done.flag)
2025-03-24 15:10:01,510 - 检测到20250324的训练已经执行过 (标志文件: D:\my-vue-project\wind-power-forecast\backend\auto_scripts\scripts\supershort\logs\auto_train\20250324_train_done.flag)
2025-03-24 15:10:31,512 - 检测到20250324的训练已经执行过 (标志文件: D:\my-vue-project\wind-power-forecast\backend\auto_scripts\scripts\supershort\logs\auto_train\20250324_train_done.flag)
2025-03-24 15:11:01,523 - 检测到20250324的训练已经执行过 (标志文件: D:\my-vue-project\wind-power-forecast\backend\auto_scripts\scripts\supershort\logs\auto_train\20250324_train_done.flag)
2025-03-24 15:11:31,530 - 检测到20250324的训练已经执行过 (标志文件: D:\my-vue-project\wind-power-forecast\backend\auto_scripts\scripts\supershort\logs\auto_train\20250324_train_done.flag)
2025-03-24 15:12:01,539 - 检测到20250324的训练已经执行过 (标志文件: D:\my-vue-project\wind-power-forecast\backend\auto_scripts\scripts\supershort\logs\auto_train\20250324_train_done.flag)
2025-03-24 15:12:31,545 - 检测到20250324的训练已经执行过 (标志文件: D:\my-vue-project\wind-power-forecast\backend\auto_scripts\scripts\supershort\logs\auto_train\20250324_train_done.flag)
2025-03-24 15:13:01,548 - 检测到20250324的训练已经执行过 (标志文件: D:\my-vue-project\wind-power-forecast\backend\auto_scripts\scripts\supershort\logs\auto_train\20250324_train_done.flag)
2025-03-24 15:13:31,563 - 检测到20250324的训练已经执行过 (标志文件: D:\my-vue-project\wind-power-forecast\backend\auto_scripts\scripts\supershort\logs\auto_train\20250324_train_done.flag)
2025-03-24 15:14:01,571 - 检测到20250324的训练已经执行过 (标志文件: D:\my-vue-project\wind-power-forecast\backend\auto_scripts\scripts\supershort\logs\auto_train\20250324_train_done.flag)
2025-03-24 15:14:31,572 - 检测到20250324的训练已经执行过 (标志文件: D:\my-vue-project\wind-power-forecast\backend\auto_scripts\scripts\supershort\logs\auto_train\20250324_train_done.flag)
2025-03-24 15:15:01,583 - 检测到20250324的训练已经执行过 (标志文件: D:\my-vue-project\wind-power-forecast\backend\auto_scripts\scripts\supershort\logs\auto_train\20250324_train_done.flag)
2025-03-24 15:15:31,588 - 检测到20250324的训练已经执行过 (标志文件: D:\my-vue-project\wind-power-forecast\backend\auto_scripts\scripts\supershort\logs\auto_train\20250324_train_done.flag)
2025-03-24 15:16:01,589 - 检测到20250324的训练已经执行过 (标志文件: D:\my-vue-project\wind-power-forecast\backend\auto_scripts\scripts\supershort\logs\auto_train\20250324_train_done.flag)
2025-03-24 15:16:31,600 - 检测到20250324的训练已经执行过 (标志文件: D:\my-vue-project\wind-power-forecast\backend\auto_scripts\scripts\supershort\logs\auto_train\20250324_train_done.flag)
2025-03-24 15:17:01,607 - 检测到20250324的训练已经执行过 (标志文件: D:\my-vue-project\wind-power-forecast\backend\auto_scripts\scripts\supershort\logs\auto_train\20250324_train_done.flag)
2025-03-24 15:17:31,608 - 检测到20250324的训练已经执行过 (标志文件: D:\my-vue-project\wind-power-forecast\backend\auto_scripts\scripts\supershort\logs\auto_train\20250324_train_done.flag)
2025-03-24 15:18:01,611 - 检测到20250324的训练已经执行过 (标志文件: D:\my-vue-project\wind-power-forecast\backend\auto_scripts\scripts\supershort\logs\auto_train\20250324_train_done.flag)
2025-03-24 15:18:31,612 - 检测到20250324的训练已经执行过 (标志文件: D:\my-vue-project\wind-power-forecast\backend\auto_scripts\scripts\supershort\logs\auto_train\20250324_train_done.flag)
2025-03-24 15:19:01,625 - 检测到20250324的训练已经执行过 (标志文件: D:\my-vue-project\wind-power-forecast\backend\auto_scripts\scripts\supershort\logs\auto_train\20250324_train_done.flag)
2025-03-24 15:19:31,639 - 检测到20250324的训练已经执行过 (标志文件: D:\my-vue-project\wind-power-forecast\backend\auto_scripts\scripts\supershort\logs\auto_train\20250324_train_done.flag)
2025-03-24 15:20:01,640 - 检测到20250324的训练已经执行过 (标志文件: D:\my-vue-project\wind-power-forecast\backend\auto_scripts\scripts\supershort\logs\auto_train\20250324_train_done.flag)
2025-03-24 15:20:31,654 - 检测到20250324的训练已经执行过 (标志文件: D:\my-vue-project\wind-power-forecast\backend\auto_scripts\scripts\supershort\logs\auto_train\20250324_train_done.flag)
2025-03-24 15:21:01,657 - 检测到20250324的训练已经执行过 (标志文件: D:\my-vue-project\wind-power-forecast\backend\auto_scripts\scripts\supershort\logs\auto_train\20250324_train_done.flag)
2025-03-24 15:21:31,666 - 检测到20250324的训练已经执行过 (标志文件: D:\my-vue-project\wind-power-forecast\backend\auto_scripts\scripts\supershort\logs\auto_train\20250324_train_done.flag)
2025-03-24 15:22:01,681 - 检测到20250324的训练已经执行过 (标志文件: D:\my-vue-project\wind-power-forecast\backend\auto_scripts\scripts\supershort\logs\auto_train\20250324_train_done.flag)
2025-03-24 15:22:31,684 - 检测到20250324的训练已经执行过 (标志文件: D:\my-vue-project\wind-power-forecast\backend\auto_scripts\scripts\supershort\logs\auto_train\20250324_train_done.flag)
2025-03-24 15:23:01,693 - 检测到20250324的训练已经执行过 (标志文件: D:\my-vue-project\wind-power-forecast\backend\auto_scripts\scripts\supershort\logs\auto_train\20250324_train_done.flag)
2025-03-24 15:23:31,707 - 检测到20250324的训练已经执行过 (标志文件: D:\my-vue-project\wind-power-forecast\backend\auto_scripts\scripts\supershort\logs\auto_train\20250324_train_done.flag)
2025-03-24 15:24:01,722 - 检测到20250324的训练已经执行过 (标志文件: D:\my-vue-project\wind-power-forecast\backend\auto_scripts\scripts\supershort\logs\auto_train\20250324_train_done.flag)
2025-03-24 15:24:31,736 - 检测到20250324的训练已经执行过 (标志文件: D:\my-vue-project\wind-power-forecast\backend\auto_scripts\scripts\supershort\logs\auto_train\20250324_train_done.flag)
2025-03-24 15:25:01,744 - 检测到20250324的训练已经执行过 (标志文件: D:\my-vue-project\wind-power-forecast\backend\auto_scripts\scripts\supershort\logs\auto_train\20250324_train_done.flag)
2025-03-24 15:25:31,746 - 检测到20250324的训练已经执行过 (标志文件: D:\my-vue-project\wind-power-forecast\backend\auto_scripts\scripts\supershort\logs\auto_train\20250324_train_done.flag)
2025-03-24 15:26:01,752 - 检测到20250324的训练已经执行过 (标志文件: D:\my-vue-project\wind-power-forecast\backend\auto_scripts\scripts\supershort\logs\auto_train\20250324_train_done.flag)
2025-03-24 15:26:31,763 - 检测到20250324的训练已经执行过 (标志文件: D:\my-vue-project\wind-power-forecast\backend\auto_scripts\scripts\supershort\logs\auto_train\20250324_train_done.flag)
2025-03-24 15:27:01,766 - 检测到20250324的训练已经执行过 (标志文件: D:\my-vue-project\wind-power-forecast\backend\auto_scripts\scripts\supershort\logs\auto_train\20250324_train_done.flag)
2025-03-24 15:27:31,767 - 检测到20250324的训练已经执行过 (标志文件: D:\my-vue-project\wind-power-forecast\backend\auto_scripts\scripts\supershort\logs\auto_train\20250324_train_done.flag)
2025-03-24 15:28:01,779 - 检测到20250324的训练已经执行过 (标志文件: D:\my-vue-project\wind-power-forecast\backend\auto_scripts\scripts\supershort\logs\auto_train\20250324_train_done.flag)
2025-03-24 15:28:31,793 - 检测到20250324的训练已经执行过 (标志文件: D:\my-vue-project\wind-power-forecast\backend\auto_scripts\scripts\supershort\logs\auto_train\20250324_train_done.flag)
2025-03-24 15:29:01,801 - 检测到20250324的训练已经执行过 (标志文件: D:\my-vue-project\wind-power-forecast\backend\auto_scripts\scripts\supershort\logs\auto_train\20250324_train_done.flag)
2025-03-24 15:29:31,811 - 检测到20250324的训练已经执行过 (标志文件: D:\my-vue-project\wind-power-forecast\backend\auto_scripts\scripts\supershort\logs\auto_train\20250324_train_done.flag)
2025-03-24 15:30:01,821 - 检测到20250324的训练已经执行过 (标志文件: D:\my-vue-project\wind-power-forecast\backend\auto_scripts\scripts\supershort\logs\auto_train\20250324_train_done.flag)
2025-03-24 15:30:31,829 - 检测到20250324的训练已经执行过 (标志文件: D:\my-vue-project\wind-power-forecast\backend\auto_scripts\scripts\supershort\logs\auto_train\20250324_train_done.flag)
2025-03-24 15:31:01,838 - 检测到20250324的训练已经执行过 (标志文件: D:\my-vue-project\wind-power-forecast\backend\auto_scripts\scripts\supershort\logs\auto_train\20250324_train_done.flag)
2025-03-24 15:31:31,853 - 检测到20250324的训练已经执行过 (标志文件: D:\my-vue-project\wind-power-forecast\backend\auto_scripts\scripts\supershort\logs\auto_train\20250324_train_done.flag)
2025-03-24 15:32:01,859 - 检测到20250324的训练已经执行过 (标志文件: D:\my-vue-project\wind-power-forecast\backend\auto_scripts\scripts\supershort\logs\auto_train\20250324_train_done.flag)
2025-03-24 15:32:31,866 - 检测到20250324的训练已经执行过 (标志文件: D:\my-vue-project\wind-power-forecast\backend\auto_scripts\scripts\supershort\logs\auto_train\20250324_train_done.flag)
2025-03-24 15:33:01,874 - 检测到20250324的训练已经执行过 (标志文件: D:\my-vue-project\wind-power-forecast\backend\auto_scripts\scripts\supershort\logs\auto_train\20250324_train_done.flag)
2025-03-24 15:33:31,882 - 检测到20250324的训练已经执行过 (标志文件: D:\my-vue-project\wind-power-forecast\backend\auto_scripts\scripts\supershort\logs\auto_train\20250324_train_done.flag)
2025-03-24 15:34:01,893 - 检测到20250324的训练已经执行过 (标志文件: D:\my-vue-project\wind-power-forecast\backend\auto_scripts\scripts\supershort\logs\auto_train\20250324_train_done.flag)
2025-03-24 15:34:31,899 - 检测到20250324的训练已经执行过 (标志文件: D:\my-vue-project\wind-power-forecast\backend\auto_scripts\scripts\supershort\logs\auto_train\20250324_train_done.flag)
2025-03-24 15:35:01,909 - 检测到20250324的训练已经执行过 (标志文件: D:\my-vue-project\wind-power-forecast\backend\auto_scripts\scripts\supershort\logs\auto_train\20250324_train_done.flag)
2025-03-24 15:35:31,910 - 检测到20250324的训练已经执行过 (标志文件: D:\my-vue-project\wind-power-forecast\backend\auto_scripts\scripts\supershort\logs\auto_train\20250324_train_done.flag)
2025-03-24 15:36:01,912 - 检测到20250324的训练已经执行过 (标志文件: D:\my-vue-project\wind-power-forecast\backend\auto_scripts\scripts\supershort\logs\auto_train\20250324_train_done.flag)
2025-03-24 15:36:31,925 - 检测到20250324的训练已经执行过 (标志文件: D:\my-vue-project\wind-power-forecast\backend\auto_scripts\scripts\supershort\logs\auto_train\20250324_train_done.flag)
2025-03-24 15:37:01,934 - 检测到20250324的训练已经执行过 (标志文件: D:\my-vue-project\wind-power-forecast\backend\auto_scripts\scripts\supershort\logs\auto_train\20250324_train_done.flag)
2025-03-24 15:37:31,940 - 检测到20250324的训练已经执行过 (标志文件: D:\my-vue-project\wind-power-forecast\backend\auto_scripts\scripts\supershort\logs\auto_train\20250324_train_done.flag)
2025-03-24 15:38:01,954 - 检测到20250324的训练已经执行过 (标志文件: D:\my-vue-project\wind-power-forecast\backend\auto_scripts\scripts\supershort\logs\auto_train\20250324_train_done.flag)
2025-03-24 15:38:31,961 - 检测到20250324的训练已经执行过 (标志文件: D:\my-vue-project\wind-power-forecast\backend\auto_scripts\scripts\supershort\logs\auto_train\20250324_train_done.flag)
2025-03-24 15:39:01,963 - 检测到20250324的训练已经执行过 (标志文件: D:\my-vue-project\wind-power-forecast\backend\auto_scripts\scripts\supershort\logs\auto_train\20250324_train_done.flag)
2025-03-24 15:39:31,965 - 检测到20250324的训练已经执行过 (标志文件: D:\my-vue-project\wind-power-forecast\backend\auto_scripts\scripts\supershort\logs\auto_train\20250324_train_done.flag)
2025-03-24 15:40:01,978 - 检测到20250324的训练已经执行过 (标志文件: D:\my-vue-project\wind-power-forecast\backend\auto_scripts\scripts\supershort\logs\auto_train\20250324_train_done.flag)
2025-03-24 15:40:31,993 - 检测到20250324的训练已经执行过 (标志文件: D:\my-vue-project\wind-power-forecast\backend\auto_scripts\scripts\supershort\logs\auto_train\20250324_train_done.flag)
2025-03-24 15:41:01,996 - 检测到20250324的训练已经执行过 (标志文件: D:\my-vue-project\wind-power-forecast\backend\auto_scripts\scripts\supershort\logs\auto_train\20250324_train_done.flag)
2025-03-24 15:41:32,010 - 检测到20250324的训练已经执行过 (标志文件: D:\my-vue-project\wind-power-forecast\backend\auto_scripts\scripts\supershort\logs\auto_train\20250324_train_done.flag)
2025-03-24 15:42:02,020 - 检测到20250324的训练已经执行过 (标志文件: D:\my-vue-project\wind-power-forecast\backend\auto_scripts\scripts\supershort\logs\auto_train\20250324_train_done.flag)
2025-03-24 15:42:32,023 - 检测到20250324的训练已经执行过 (标志文件: D:\my-vue-project\wind-power-forecast\backend\auto_scripts\scripts\supershort\logs\auto_train\20250324_train_done.flag)
2025-03-24 15:43:02,036 - 检测到20250324的训练已经执行过 (标志文件: D:\my-vue-project\wind-power-forecast\backend\auto_scripts\scripts\supershort\logs\auto_train\20250324_train_done.flag)
2025-03-24 15:43:32,049 - 检测到20250324的训练已经执行过 (标志文件: D:\my-vue-project\wind-power-forecast\backend\auto_scripts\scripts\supershort\logs\auto_train\20250324_train_done.flag)
2025-03-24 15:44:02,054 - 检测到20250324的训练已经执行过 (标志文件: D:\my-vue-project\wind-power-forecast\backend\auto_scripts\scripts\supershort\logs\auto_train\20250324_train_done.flag)
2025-03-24 15:44:32,056 - 检测到20250324的训练已经执行过 (标志文件: D:\my-vue-project\wind-power-forecast\backend\auto_scripts\scripts\supershort\logs\auto_train\20250324_train_done.flag)
2025-03-24 15:45:02,062 - 检测到20250324的训练已经执行过 (标志文件: D:\my-vue-project\wind-power-forecast\backend\auto_scripts\scripts\supershort\logs\auto_train\20250324_train_done.flag)
2025-03-24 15:45:32,070 - 检测到20250324的训练已经执行过 (标志文件: D:\my-vue-project\wind-power-forecast\backend\auto_scripts\scripts\supershort\logs\auto_train\20250324_train_done.flag)
2025-03-24 15:46:02,073 - 检测到20250324的训练已经执行过 (标志文件: D:\my-vue-project\wind-power-forecast\backend\auto_scripts\scripts\supershort\logs\auto_train\20250324_train_done.flag)
2025-03-24 15:46:32,082 - 检测到20250324的训练已经执行过 (标志文件: D:\my-vue-project\wind-power-forecast\backend\auto_scripts\scripts\supershort\logs\auto_train\20250324_train_done.flag)
2025-03-24 15:47:02,083 - 检测到20250324的训练已经执行过 (标志文件: D:\my-vue-project\wind-power-forecast\backend\auto_scripts\scripts\supershort\logs\auto_train\20250324_train_done.flag)
2025-03-24 15:47:32,092 - 检测到20250324的训练已经执行过 (标志文件: D:\my-vue-project\wind-power-forecast\backend\auto_scripts\scripts\supershort\logs\auto_train\20250324_train_done.flag)
2025-03-24 15:48:02,103 - 检测到20250324的训练已经执行过 (标志文件: D:\my-vue-project\wind-power-forecast\backend\auto_scripts\scripts\supershort\logs\auto_train\20250324_train_done.flag)
2025-03-24 15:48:32,106 - 检测到20250324的训练已经执行过 (标志文件: D:\my-vue-project\wind-power-forecast\backend\auto_scripts\scripts\supershort\logs\auto_train\20250324_train_done.flag)
2025-03-24 15:49:02,112 - 检测到20250324的训练已经执行过 (标志文件: D:\my-vue-project\wind-power-forecast\backend\auto_scripts\scripts\supershort\logs\auto_train\20250324_train_done.flag)
2025-03-24 15:49:32,114 - 检测到20250324的训练已经执行过 (标志文件: D:\my-vue-project\wind-power-forecast\backend\auto_scripts\scripts\supershort\logs\auto_train\20250324_train_done.flag)
2025-03-24 15:50:02,118 - 检测到20250324的训练已经执行过 (标志文件: D:\my-vue-project\wind-power-forecast\backend\auto_scripts\scripts\supershort\logs\auto_train\20250324_train_done.flag)
2025-03-24 15:50:32,125 - 检测到20250324的训练已经执行过 (标志文件: D:\my-vue-project\wind-power-forecast\backend\auto_scripts\scripts\supershort\logs\auto_train\20250324_train_done.flag)
2025-03-24 15:51:02,139 - 检测到20250324的训练已经执行过 (标志文件: D:\my-vue-project\wind-power-forecast\backend\auto_scripts\scripts\supershort\logs\auto_train\20250324_train_done.flag)
2025-03-24 15:51:32,146 - 检测到20250324的训练已经执行过 (标志文件: D:\my-vue-project\wind-power-forecast\backend\auto_scripts\scripts\supershort\logs\auto_train\20250324_train_done.flag)
2025-03-24 15:52:02,155 - 检测到20250324的训练已经执行过 (标志文件: D:\my-vue-project\wind-power-forecast\backend\auto_scripts\scripts\supershort\logs\auto_train\20250324_train_done.flag)
2025-03-24 15:52:32,159 - 检测到20250324的训练已经执行过 (标志文件: D:\my-vue-project\wind-power-forecast\backend\auto_scripts\scripts\supershort\logs\auto_train\20250324_train_done.flag)
2025-03-24 15:53:02,171 - 检测到20250324的训练已经执行过 (标志文件: D:\my-vue-project\wind-power-forecast\backend\auto_scripts\scripts\supershort\logs\auto_train\20250324_train_done.flag)
2025-03-24 15:53:32,184 - 检测到20250324的训练已经执行过 (标志文件: D:\my-vue-project\wind-power-forecast\backend\auto_scripts\scripts\supershort\logs\auto_train\20250324_train_done.flag)
2025-03-24 15:54:02,194 - 检测到20250324的训练已经执行过 (标志文件: D:\my-vue-project\wind-power-forecast\backend\auto_scripts\scripts\supershort\logs\auto_train\20250324_train_done.flag)
2025-03-24 15:54:32,203 - 检测到20250324的训练已经执行过 (标志文件: D:\my-vue-project\wind-power-forecast\backend\auto_scripts\scripts\supershort\logs\auto_train\20250324_train_done.flag)
2025-03-24 15:55:02,206 - 检测到20250324的训练已经执行过 (标志文件: D:\my-vue-project\wind-power-forecast\backend\auto_scripts\scripts\supershort\logs\auto_train\20250324_train_done.flag)
2025-03-24 15:55:32,212 - 检测到20250324的训练已经执行过 (标志文件: D:\my-vue-project\wind-power-forecast\backend\auto_scripts\scripts\supershort\logs\auto_train\20250324_train_done.flag)
2025-03-24 15:56:02,218 - 检测到20250324的训练已经执行过 (标志文件: D:\my-vue-project\wind-power-forecast\backend\auto_scripts\scripts\supershort\logs\auto_train\20250324_train_done.flag)
2025-03-24 15:56:32,227 - 检测到20250324的训练已经执行过 (标志文件: D:\my-vue-project\wind-power-forecast\backend\auto_scripts\scripts\supershort\logs\auto_train\20250324_train_done.flag)
2025-03-24 15:57:02,234 - 检测到20250324的训练已经执行过 (标志文件: D:\my-vue-project\wind-power-forecast\backend\auto_scripts\scripts\supershort\logs\auto_train\20250324_train_done.flag)
2025-03-24 15:57:32,239 - 检测到20250324的训练已经执行过 (标志文件: D:\my-vue-project\wind-power-forecast\backend\auto_scripts\scripts\supershort\logs\auto_train\20250324_train_done.flag)
2025-03-24 15:58:02,247 - 检测到20250324的训练已经执行过 (标志文件: D:\my-vue-project\wind-power-forecast\backend\auto_scripts\scripts\supershort\logs\auto_train\20250324_train_done.flag)
2025-03-24 15:58:32,255 - 检测到20250324的训练已经执行过 (标志文件: D:\my-vue-project\wind-power-forecast\backend\auto_scripts\scripts\supershort\logs\auto_train\20250324_train_done.flag)
2025-03-24 15:59:02,263 - 检测到20250324的训练已经执行过 (标志文件: D:\my-vue-project\wind-power-forecast\backend\auto_scripts\scripts\supershort\logs\auto_train\20250324_train_done.flag)
2025-03-24 15:59:32,265 - 检测到20250324的训练已经执行过 (标志文件: D:\my-vue-project\wind-power-forecast\backend\auto_scripts\scripts\supershort\logs\auto_train\20250324_train_done.flag)
2025-03-24 16:00:02,274 - 当前时间: 2025-03-24 16:00:02, 星期: 周一
2025-03-24 16:00:02,274 - 当前任务状态: 训练任务已执行=True, 参数优化任务已执行=False
2025-03-24 16:00:02,274 - 检测到20250324的训练已经执行过 (标志文件: D:\my-vue-project\wind-power-forecast\backend\auto_scripts\scripts\supershort\logs\auto_train\20250324_train_done.flag)
2025-03-24 16:00:32,275 - 当前时间: 2025-03-24 16:00:32, 星期: 周一
2025-03-24 16:00:32,275 - 当前任务状态: 训练任务已执行=True, 参数优化任务已执行=False
2025-03-24 16:00:32,275 - 检测到20250324的训练已经执行过 (标志文件: D:\my-vue-project\wind-power-forecast\backend\auto_scripts\scripts\supershort\logs\auto_train\20250324_train_done.flag)
2025-03-24 16:01:02,281 - 检测到20250324的训练已经执行过 (标志文件: D:\my-vue-project\wind-power-forecast\backend\auto_scripts\scripts\supershort\logs\auto_train\20250324_train_done.flag)
2025-03-24 16:01:32,290 - 检测到20250324的训练已经执行过 (标志文件: D:\my-vue-project\wind-power-forecast\backend\auto_scripts\scripts\supershort\logs\auto_train\20250324_train_done.flag)
2025-03-24 16:02:02,297 - 检测到20250324的训练已经执行过 (标志文件: D:\my-vue-project\wind-power-forecast\backend\auto_scripts\scripts\supershort\logs\auto_train\20250324_train_done.flag)
2025-03-24 16:02:32,305 - 检测到20250324的训练已经执行过 (标志文件: D:\my-vue-project\wind-power-forecast\backend\auto_scripts\scripts\supershort\logs\auto_train\20250324_train_done.flag)
2025-03-24 16:03:02,307 - 检测到20250324的训练已经执行过 (标志文件: D:\my-vue-project\wind-power-forecast\backend\auto_scripts\scripts\supershort\logs\auto_train\20250324_train_done.flag)
2025-03-24 16:03:32,312 - 检测到20250324的训练已经执行过 (标志文件: D:\my-vue-project\wind-power-forecast\backend\auto_scripts\scripts\supershort\logs\auto_train\20250324_train_done.flag)
2025-03-24 16:04:02,314 - 检测到20250324的训练已经执行过 (标志文件: D:\my-vue-project\wind-power-forecast\backend\auto_scripts\scripts\supershort\logs\auto_train\20250324_train_done.flag)
2025-03-24 16:04:32,317 - 检测到20250324的训练已经执行过 (标志文件: D:\my-vue-project\wind-power-forecast\backend\auto_scripts\scripts\supershort\logs\auto_train\20250324_train_done.flag)
2025-03-24 16:05:02,325 - 检测到20250324的训练已经执行过 (标志文件: D:\my-vue-project\wind-power-forecast\backend\auto_scripts\scripts\supershort\logs\auto_train\20250324_train_done.flag)
2025-03-24 16:05:32,336 - 检测到20250324的训练已经执行过 (标志文件: D:\my-vue-project\wind-power-forecast\backend\auto_scripts\scripts\supershort\logs\auto_train\20250324_train_done.flag)
2025-03-24 16:06:02,337 - 检测到20250324的训练已经执行过 (标志文件: D:\my-vue-project\wind-power-forecast\backend\auto_scripts\scripts\supershort\logs\auto_train\20250324_train_done.flag)
2025-03-24 16:06:32,341 - 检测到20250324的训练已经执行过 (标志文件: D:\my-vue-project\wind-power-forecast\backend\auto_scripts\scripts\supershort\logs\auto_train\20250324_train_done.flag)
2025-03-24 16:07:02,347 - 检测到20250324的训练已经执行过 (标志文件: D:\my-vue-project\wind-power-forecast\backend\auto_scripts\scripts\supershort\logs\auto_train\20250324_train_done.flag)
2025-03-24 16:07:32,355 - 检测到20250324的训练已经执行过 (标志文件: D:\my-vue-project\wind-power-forecast\backend\auto_scripts\scripts\supershort\logs\auto_train\20250324_train_done.flag)
2025-03-24 16:08:02,363 - 检测到20250324的训练已经执行过 (标志文件: D:\my-vue-project\wind-power-forecast\backend\auto_scripts\scripts\supershort\logs\auto_train\20250324_train_done.flag)
2025-03-24 16:08:32,368 - 检测到20250324的训练已经执行过 (标志文件: D:\my-vue-project\wind-power-forecast\backend\auto_scripts\scripts\supershort\logs\auto_train\20250324_train_done.flag)
2025-03-24 16:09:02,370 - 检测到20250324的训练已经执行过 (标志文件: D:\my-vue-project\wind-power-forecast\backend\auto_scripts\scripts\supershort\logs\auto_train\20250324_train_done.flag)
2025-03-24 16:09:32,381 - 检测到20250324的训练已经执行过 (标志文件: D:\my-vue-project\wind-power-forecast\backend\auto_scripts\scripts\supershort\logs\auto_train\20250324_train_done.flag)
2025-03-24 16:10:02,392 - 检测到20250324的训练已经执行过 (标志文件: D:\my-vue-project\wind-power-forecast\backend\auto_scripts\scripts\supershort\logs\auto_train\20250324_train_done.flag)
2025-03-24 16:10:32,405 - 检测到20250324的训练已经执行过 (标志文件: D:\my-vue-project\wind-power-forecast\backend\auto_scripts\scripts\supershort\logs\auto_train\20250324_train_done.flag)
2025-03-24 16:11:02,421 - 检测到20250324的训练已经执行过 (标志文件: D:\my-vue-project\wind-power-forecast\backend\auto_scripts\scripts\supershort\logs\auto_train\20250324_train_done.flag)
2025-03-24 16:11:32,422 - 检测到20250324的训练已经执行过 (标志文件: D:\my-vue-project\wind-power-forecast\backend\auto_scripts\scripts\supershort\logs\auto_train\20250324_train_done.flag)
2025-03-24 16:12:02,424 - 检测到20250324的训练已经执行过 (标志文件: D:\my-vue-project\wind-power-forecast\backend\auto_scripts\scripts\supershort\logs\auto_train\20250324_train_done.flag)
2025-03-24 16:12:32,437 - 检测到20250324的训练已经执行过 (标志文件: D:\my-vue-project\wind-power-forecast\backend\auto_scripts\scripts\supershort\logs\auto_train\20250324_train_done.flag)
2025-03-24 16:13:02,450 - 检测到20250324的训练已经执行过 (标志文件: D:\my-vue-project\wind-power-forecast\backend\auto_scripts\scripts\supershort\logs\auto_train\20250324_train_done.flag)
2025-03-24 16:13:32,455 - 检测到20250324的训练已经执行过 (标志文件: D:\my-vue-project\wind-power-forecast\backend\auto_scripts\scripts\supershort\logs\auto_train\20250324_train_done.flag)
2025-03-24 16:14:02,461 - 检测到20250324的训练已经执行过 (标志文件: D:\my-vue-project\wind-power-forecast\backend\auto_scripts\scripts\supershort\logs\auto_train\20250324_train_done.flag)
2025-03-24 16:14:32,474 - 检测到20250324的训练已经执行过 (标志文件: D:\my-vue-project\wind-power-forecast\backend\auto_scripts\scripts\supershort\logs\auto_train\20250324_train_done.flag)
2025-03-24 16:15:02,487 - 检测到20250324的训练已经执行过 (标志文件: D:\my-vue-project\wind-power-forecast\backend\auto_scripts\scripts\supershort\logs\auto_train\20250324_train_done.flag)
2025-03-24 16:15:32,492 - 检测到20250324的训练已经执行过 (标志文件: D:\my-vue-project\wind-power-forecast\backend\auto_scripts\scripts\supershort\logs\auto_train\20250324_train_done.flag)
2025-03-24 16:16:02,496 - 检测到20250324的训练已经执行过 (标志文件: D:\my-vue-project\wind-power-forecast\backend\auto_scripts\scripts\supershort\logs\auto_train\20250324_train_done.flag)
2025-03-24 16:16:32,503 - 检测到20250324的训练已经执行过 (标志文件: D:\my-vue-project\wind-power-forecast\backend\auto_scripts\scripts\supershort\logs\auto_train\20250324_train_done.flag)
2025-03-24 16:17:02,516 - 检测到20250324的训练已经执行过 (标志文件: D:\my-vue-project\wind-power-forecast\backend\auto_scripts\scripts\supershort\logs\auto_train\20250324_train_done.flag)
2025-03-24 16:17:32,530 - 检测到20250324的训练已经执行过 (标志文件: D:\my-vue-project\wind-power-forecast\backend\auto_scripts\scripts\supershort\logs\auto_train\20250324_train_done.flag)
2025-03-24 16:18:02,538 - 检测到20250324的训练已经执行过 (标志文件: D:\my-vue-project\wind-power-forecast\backend\auto_scripts\scripts\supershort\logs\auto_train\20250324_train_done.flag)
2025-03-24 16:18:32,538 - 检测到20250324的训练已经执行过 (标志文件: D:\my-vue-project\wind-power-forecast\backend\auto_scripts\scripts\supershort\logs\auto_train\20250324_train_done.flag)
2025-03-24 16:19:02,549 - 检测到20250324的训练已经执行过 (标志文件: D:\my-vue-project\wind-power-forecast\backend\auto_scripts\scripts\supershort\logs\auto_train\20250324_train_done.flag)
2025-03-24 16:19:32,556 - 检测到20250324的训练已经执行过 (标志文件: D:\my-vue-project\wind-power-forecast\backend\auto_scripts\scripts\supershort\logs\auto_train\20250324_train_done.flag)
2025-03-24 16:20:02,560 - 检测到20250324的训练已经执行过 (标志文件: D:\my-vue-project\wind-power-forecast\backend\auto_scripts\scripts\supershort\logs\auto_train\20250324_train_done.flag)
2025-03-24 16:20:32,565 - 检测到20250324的训练已经执行过 (标志文件: D:\my-vue-project\wind-power-forecast\backend\auto_scripts\scripts\supershort\logs\auto_train\20250324_train_done.flag)
2025-03-24 16:21:02,576 - 检测到20250324的训练已经执行过 (标志文件: D:\my-vue-project\wind-power-forecast\backend\auto_scripts\scripts\supershort\logs\auto_train\20250324_train_done.flag)
2025-03-24 16:21:32,581 - 检测到20250324的训练已经执行过 (标志文件: D:\my-vue-project\wind-power-forecast\backend\auto_scripts\scripts\supershort\logs\auto_train\20250324_train_done.flag)
2025-03-24 16:22:02,584 - 检测到20250324的训练已经执行过 (标志文件: D:\my-vue-project\wind-power-forecast\backend\auto_scripts\scripts\supershort\logs\auto_train\20250324_train_done.flag)
2025-03-24 16:22:32,590 - 检测到20250324的训练已经执行过 (标志文件: D:\my-vue-project\wind-power-forecast\backend\auto_scripts\scripts\supershort\logs\auto_train\20250324_train_done.flag)
2025-03-24 16:23:02,605 - 检测到20250324的训练已经执行过 (标志文件: D:\my-vue-project\wind-power-forecast\backend\auto_scripts\scripts\supershort\logs\auto_train\20250324_train_done.flag)
2025-03-24 16:23:32,614 - 检测到20250324的训练已经执行过 (标志文件: D:\my-vue-project\wind-power-forecast\backend\auto_scripts\scripts\supershort\logs\auto_train\20250324_train_done.flag)
2025-03-24 16:24:02,628 - 检测到20250324的训练已经执行过 (标志文件: D:\my-vue-project\wind-power-forecast\backend\auto_scripts\scripts\supershort\logs\auto_train\20250324_train_done.flag)
2025-03-24 16:24:32,643 - 检测到20250324的训练已经执行过 (标志文件: D:\my-vue-project\wind-power-forecast\backend\auto_scripts\scripts\supershort\logs\auto_train\20250324_train_done.flag)
2025-03-24 16:25:02,655 - 检测到20250324的训练已经执行过 (标志文件: D:\my-vue-project\wind-power-forecast\backend\auto_scripts\scripts\supershort\logs\auto_train\20250324_train_done.flag)
2025-03-24 16:25:32,658 - 检测到20250324的训练已经执行过 (标志文件: D:\my-vue-project\wind-power-forecast\backend\auto_scripts\scripts\supershort\logs\auto_train\20250324_train_done.flag)
2025-03-24 16:26:02,664 - 检测到20250324的训练已经执行过 (标志文件: D:\my-vue-project\wind-power-forecast\backend\auto_scripts\scripts\supershort\logs\auto_train\20250324_train_done.flag)
2025-03-24 16:26:32,670 - 检测到20250324的训练已经执行过 (标志文件: D:\my-vue-project\wind-power-forecast\backend\auto_scripts\scripts\supershort\logs\auto_train\20250324_train_done.flag)
2025-03-24 16:27:02,679 - 检测到20250324的训练已经执行过 (标志文件: D:\my-vue-project\wind-power-forecast\backend\auto_scripts\scripts\supershort\logs\auto_train\20250324_train_done.flag)
2025-03-24 16:27:32,693 - 检测到20250324的训练已经执行过 (标志文件: D:\my-vue-project\wind-power-forecast\backend\auto_scripts\scripts\supershort\logs\auto_train\20250324_train_done.flag)
2025-03-24 16:28:02,694 - 检测到20250324的训练已经执行过 (标志文件: D:\my-vue-project\wind-power-forecast\backend\auto_scripts\scripts\supershort\logs\auto_train\20250324_train_done.flag)
2025-03-24 16:28:32,707 - 检测到20250324的训练已经执行过 (标志文件: D:\my-vue-project\wind-power-forecast\backend\auto_scripts\scripts\supershort\logs\auto_train\20250324_train_done.flag)
2025-03-24 16:29:02,715 - 检测到20250324的训练已经执行过 (标志文件: D:\my-vue-project\wind-power-forecast\backend\auto_scripts\scripts\supershort\logs\auto_train\20250324_train_done.flag)
2025-03-24 16:29:32,715 - 检测到20250324的训练已经执行过 (标志文件: D:\my-vue-project\wind-power-forecast\backend\auto_scripts\scripts\supershort\logs\auto_train\20250324_train_done.flag)
2025-03-24 16:30:02,722 - 检测到20250324的训练已经执行过 (标志文件: D:\my-vue-project\wind-power-forecast\backend\auto_scripts\scripts\supershort\logs\auto_train\20250324_train_done.flag)
2025-03-24 16:30:32,734 - 检测到20250324的训练已经执行过 (标志文件: D:\my-vue-project\wind-power-forecast\backend\auto_scripts\scripts\supershort\logs\auto_train\20250324_train_done.flag)
2025-03-24 16:31:02,741 - 检测到20250324的训练已经执行过 (标志文件: D:\my-vue-project\wind-power-forecast\backend\auto_scripts\scripts\supershort\logs\auto_train\20250324_train_done.flag)
2025-03-24 16:31:32,745 - 检测到20250324的训练已经执行过 (标志文件: D:\my-vue-project\wind-power-forecast\backend\auto_scripts\scripts\supershort\logs\auto_train\20250324_train_done.flag)
2025-03-24 16:32:02,760 - 检测到20250324的训练已经执行过 (标志文件: D:\my-vue-project\wind-power-forecast\backend\auto_scripts\scripts\supershort\logs\auto_train\20250324_train_done.flag)
2025-03-24 16:32:32,764 - 检测到20250324的训练已经执行过 (标志文件: D:\my-vue-project\wind-power-forecast\backend\auto_scripts\scripts\supershort\logs\auto_train\20250324_train_done.flag)
2025-03-24 16:33:02,774 - 检测到20250324的训练已经执行过 (标志文件: D:\my-vue-project\wind-power-forecast\backend\auto_scripts\scripts\supershort\logs\auto_train\20250324_train_done.flag)
2025-03-24 16:33:32,783 - 检测到20250324的训练已经执行过 (标志文件: D:\my-vue-project\wind-power-forecast\backend\auto_scripts\scripts\supershort\logs\auto_train\20250324_train_done.flag)
2025-03-24 16:34:02,790 - 检测到20250324的训练已经执行过 (标志文件: D:\my-vue-project\wind-power-forecast\backend\auto_scripts\scripts\supershort\logs\auto_train\20250324_train_done.flag)
2025-03-24 16:34:32,801 - 检测到20250324的训练已经执行过 (标志文件: D:\my-vue-project\wind-power-forecast\backend\auto_scripts\scripts\supershort\logs\auto_train\20250324_train_done.flag)
2025-03-24 16:35:02,811 - 检测到20250324的训练已经执行过 (标志文件: D:\my-vue-project\wind-power-forecast\backend\auto_scripts\scripts\supershort\logs\auto_train\20250324_train_done.flag)
2025-03-24 16:35:32,820 - 检测到20250324的训练已经执行过 (标志文件: D:\my-vue-project\wind-power-forecast\backend\auto_scripts\scripts\supershort\logs\auto_train\20250324_train_done.flag)
2025-03-24 16:36:02,832 - 检测到20250324的训练已经执行过 (标志文件: D:\my-vue-project\wind-power-forecast\backend\auto_scripts\scripts\supershort\logs\auto_train\20250324_train_done.flag)
2025-03-24 16:36:32,835 - 检测到20250324的训练已经执行过 (标志文件: D:\my-vue-project\wind-power-forecast\backend\auto_scripts\scripts\supershort\logs\auto_train\20250324_train_done.flag)
2025-03-24 16:37:02,843 - 检测到20250324的训练已经执行过 (标志文件: D:\my-vue-project\wind-power-forecast\backend\auto_scripts\scripts\supershort\logs\auto_train\20250324_train_done.flag)
2025-03-24 16:37:32,850 - 检测到20250324的训练已经执行过 (标志文件: D:\my-vue-project\wind-power-forecast\backend\auto_scripts\scripts\supershort\logs\auto_train\20250324_train_done.flag)
2025-03-24 16:38:02,864 - 检测到20250324的训练已经执行过 (标志文件: D:\my-vue-project\wind-power-forecast\backend\auto_scripts\scripts\supershort\logs\auto_train\20250324_train_done.flag)
2025-03-24 16:38:32,878 - 检测到20250324的训练已经执行过 (标志文件: D:\my-vue-project\wind-power-forecast\backend\auto_scripts\scripts\supershort\logs\auto_train\20250324_train_done.flag)
2025-03-24 16:39:02,890 - 检测到20250324的训练已经执行过 (标志文件: D:\my-vue-project\wind-power-forecast\backend\auto_scripts\scripts\supershort\logs\auto_train\20250324_train_done.flag)
2025-03-24 16:39:32,899 - 检测到20250324的训练已经执行过 (标志文件: D:\my-vue-project\wind-power-forecast\backend\auto_scripts\scripts\supershort\logs\auto_train\20250324_train_done.flag)
2025-03-24 16:40:02,903 - 检测到20250324的训练已经执行过 (标志文件: D:\my-vue-project\wind-power-forecast\backend\auto_scripts\scripts\supershort\logs\auto_train\20250324_train_done.flag)
2025-03-24 16:40:32,915 - 检测到20250324的训练已经执行过 (标志文件: D:\my-vue-project\wind-power-forecast\backend\auto_scripts\scripts\supershort\logs\auto_train\20250324_train_done.flag)
2025-03-24 16:41:02,922 - 检测到20250324的训练已经执行过 (标志文件: D:\my-vue-project\wind-power-forecast\backend\auto_scripts\scripts\supershort\logs\auto_train\20250324_train_done.flag)
2025-03-24 16:41:32,932 - 检测到20250324的训练已经执行过 (标志文件: D:\my-vue-project\wind-power-forecast\backend\auto_scripts\scripts\supershort\logs\auto_train\20250324_train_done.flag)
2025-03-24 16:42:02,935 - 检测到20250324的训练已经执行过 (标志文件: D:\my-vue-project\wind-power-forecast\backend\auto_scripts\scripts\supershort\logs\auto_train\20250324_train_done.flag)
2025-03-24 16:42:32,936 - 检测到20250324的训练已经执行过 (标志文件: D:\my-vue-project\wind-power-forecast\backend\auto_scripts\scripts\supershort\logs\auto_train\20250324_train_done.flag)
2025-03-24 16:43:02,945 - 检测到20250324的训练已经执行过 (标志文件: D:\my-vue-project\wind-power-forecast\backend\auto_scripts\scripts\supershort\logs\auto_train\20250324_train_done.flag)
2025-03-24 16:43:32,945 - 检测到20250324的训练已经执行过 (标志文件: D:\my-vue-project\wind-power-forecast\backend\auto_scripts\scripts\supershort\logs\auto_train\20250324_train_done.flag)
2025-03-24 16:44:02,950 - 检测到20250324的训练已经执行过 (标志文件: D:\my-vue-project\wind-power-forecast\backend\auto_scripts\scripts\supershort\logs\auto_train\20250324_train_done.flag)
2025-03-24 16:44:32,962 - 检测到20250324的训练已经执行过 (标志文件: D:\my-vue-project\wind-power-forecast\backend\auto_scripts\scripts\supershort\logs\auto_train\20250324_train_done.flag)
2025-03-24 16:45:02,975 - 检测到20250324的训练已经执行过 (标志文件: D:\my-vue-project\wind-power-forecast\backend\auto_scripts\scripts\supershort\logs\auto_train\20250324_train_done.flag)
2025-03-24 16:45:32,978 - 检测到20250324的训练已经执行过 (标志文件: D:\my-vue-project\wind-power-forecast\backend\auto_scripts\scripts\supershort\logs\auto_train\20250324_train_done.flag)
2025-03-24 16:46:02,986 - 检测到20250324的训练已经执行过 (标志文件: D:\my-vue-project\wind-power-forecast\backend\auto_scripts\scripts\supershort\logs\auto_train\20250324_train_done.flag)
2025-03-24 16:46:32,989 - 检测到20250324的训练已经执行过 (标志文件: D:\my-vue-project\wind-power-forecast\backend\auto_scripts\scripts\supershort\logs\auto_train\20250324_train_done.flag)
2025-03-24 16:47:03,004 - 检测到20250324的训练已经执行过 (标志文件: D:\my-vue-project\wind-power-forecast\backend\auto_scripts\scripts\supershort\logs\auto_train\20250324_train_done.flag)
2025-03-24 16:47:33,017 - 检测到20250324的训练已经执行过 (标志文件: D:\my-vue-project\wind-power-forecast\backend\auto_scripts\scripts\supershort\logs\auto_train\20250324_train_done.flag)
2025-03-24 16:48:03,033 - 检测到20250324的训练已经执行过 (标志文件: D:\my-vue-project\wind-power-forecast\backend\auto_scripts\scripts\supershort\logs\auto_train\20250324_train_done.flag)
2025-03-24 16:48:33,037 - 检测到20250324的训练已经执行过 (标志文件: D:\my-vue-project\wind-power-forecast\backend\auto_scripts\scripts\supershort\logs\auto_train\20250324_train_done.flag)
2025-03-24 16:49:03,045 - 检测到20250324的训练已经执行过 (标志文件: D:\my-vue-project\wind-power-forecast\backend\auto_scripts\scripts\supershort\logs\auto_train\20250324_train_done.flag)
2025-03-24 16:49:33,052 - 检测到20250324的训练已经执行过 (标志文件: D:\my-vue-project\wind-power-forecast\backend\auto_scripts\scripts\supershort\logs\auto_train\20250324_train_done.flag)
2025-03-24 16:50:03,056 - 检测到20250324的训练已经执行过 (标志文件: D:\my-vue-project\wind-power-forecast\backend\auto_scripts\scripts\supershort\logs\auto_train\20250324_train_done.flag)
2025-03-24 16:50:33,061 - 检测到20250324的训练已经执行过 (标志文件: D:\my-vue-project\wind-power-forecast\backend\auto_scripts\scripts\supershort\logs\auto_train\20250324_train_done.flag)
2025-03-24 16:51:03,063 - 检测到20250324的训练已经执行过 (标志文件: D:\my-vue-project\wind-power-forecast\backend\auto_scripts\scripts\supershort\logs\auto_train\20250324_train_done.flag)
2025-03-24 16:51:33,077 - 检测到20250324的训练已经执行过 (标志文件: D:\my-vue-project\wind-power-forecast\backend\auto_scripts\scripts\supershort\logs\auto_train\20250324_train_done.flag)
2025-03-24 16:52:03,079 - 检测到20250324的训练已经执行过 (标志文件: D:\my-vue-project\wind-power-forecast\backend\auto_scripts\scripts\supershort\logs\auto_train\20250324_train_done.flag)
2025-03-24 16:52:33,083 - 检测到20250324的训练已经执行过 (标志文件: D:\my-vue-project\wind-power-forecast\backend\auto_scripts\scripts\supershort\logs\auto_train\20250324_train_done.flag)
2025-03-24 16:53:03,093 - 检测到20250324的训练已经执行过 (标志文件: D:\my-vue-project\wind-power-forecast\backend\auto_scripts\scripts\supershort\logs\auto_train\20250324_train_done.flag)
2025-03-24 16:53:33,105 - 检测到20250324的训练已经执行过 (标志文件: D:\my-vue-project\wind-power-forecast\backend\auto_scripts\scripts\supershort\logs\auto_train\20250324_train_done.flag)
2025-03-24 16:54:03,119 - 检测到20250324的训练已经执行过 (标志文件: D:\my-vue-project\wind-power-forecast\backend\auto_scripts\scripts\supershort\logs\auto_train\20250324_train_done.flag)
2025-03-24 16:54:33,131 - 检测到20250324的训练已经执行过 (标志文件: D:\my-vue-project\wind-power-forecast\backend\auto_scripts\scripts\supershort\logs\auto_train\20250324_train_done.flag)
2025-03-24 16:55:03,136 - 检测到20250324的训练已经执行过 (标志文件: D:\my-vue-project\wind-power-forecast\backend\auto_scripts\scripts\supershort\logs\auto_train\20250324_train_done.flag)
2025-03-24 16:55:33,139 - 检测到20250324的训练已经执行过 (标志文件: D:\my-vue-project\wind-power-forecast\backend\auto_scripts\scripts\supershort\logs\auto_train\20250324_train_done.flag)
2025-03-24 16:56:03,149 - 检测到20250324的训练已经执行过 (标志文件: D:\my-vue-project\wind-power-forecast\backend\auto_scripts\scripts\supershort\logs\auto_train\20250324_train_done.flag)
2025-03-24 16:56:33,154 - 检测到20250324的训练已经执行过 (标志文件: D:\my-vue-project\wind-power-forecast\backend\auto_scripts\scripts\supershort\logs\auto_train\20250324_train_done.flag)
2025-03-24 16:57:03,161 - 检测到20250324的训练已经执行过 (标志文件: D:\my-vue-project\wind-power-forecast\backend\auto_scripts\scripts\supershort\logs\auto_train\20250324_train_done.flag)
2025-03-24 16:57:33,166 - 检测到20250324的训练已经执行过 (标志文件: D:\my-vue-project\wind-power-forecast\backend\auto_scripts\scripts\supershort\logs\auto_train\20250324_train_done.flag)
2025-03-24 16:58:03,170 - 检测到20250324的训练已经执行过 (标志文件: D:\my-vue-project\wind-power-forecast\backend\auto_scripts\scripts\supershort\logs\auto_train\20250324_train_done.flag)
2025-03-24 16:58:33,180 - 检测到20250324的训练已经执行过 (标志文件: D:\my-vue-project\wind-power-forecast\backend\auto_scripts\scripts\supershort\logs\auto_train\20250324_train_done.flag)
2025-03-24 16:59:03,180 - 检测到20250324的训练已经执行过 (标志文件: D:\my-vue-project\wind-power-forecast\backend\auto_scripts\scripts\supershort\logs\auto_train\20250324_train_done.flag)
2025-03-24 16:59:33,195 - 检测到20250324的训练已经执行过 (标志文件: D:\my-vue-project\wind-power-forecast\backend\auto_scripts\scripts\supershort\logs\auto_train\20250324_train_done.flag)
2025-03-24 17:00:03,206 - 当前时间: 2025-03-24 17:00:03, 星期: 周一
2025-03-24 17:00:03,206 - 当前任务状态: 训练任务已执行=True, 参数优化任务已执行=False
2025-03-24 17:00:03,206 - 检测到20250324的训练已经执行过 (标志文件: D:\my-vue-project\wind-power-forecast\backend\auto_scripts\scripts\supershort\logs\auto_train\20250324_train_done.flag)
2025-03-24 17:00:33,207 - 当前时间: 2025-03-24 17:00:33, 星期: 周一
2025-03-24 17:00:33,207 - 当前任务状态: 训练任务已执行=True, 参数优化任务已执行=False
2025-03-24 17:00:33,207 - 检测到20250324的训练已经执行过 (标志文件: D:\my-vue-project\wind-power-forecast\backend\auto_scripts\scripts\supershort\logs\auto_train\20250324_train_done.flag)
2025-03-24 17:01:03,211 - 检测到20250324的训练已经执行过 (标志文件: D:\my-vue-project\wind-power-forecast\backend\auto_scripts\scripts\supershort\logs\auto_train\20250324_train_done.flag)
2025-03-24 17:01:33,222 - 检测到20250324的训练已经执行过 (标志文件: D:\my-vue-project\wind-power-forecast\backend\auto_scripts\scripts\supershort\logs\auto_train\20250324_train_done.flag)
2025-03-24 17:02:03,233 - 检测到20250324的训练已经执行过 (标志文件: D:\my-vue-project\wind-power-forecast\backend\auto_scripts\scripts\supershort\logs\auto_train\20250324_train_done.flag)
2025-03-24 17:02:33,237 - 检测到20250324的训练已经执行过 (标志文件: D:\my-vue-project\wind-power-forecast\backend\auto_scripts\scripts\supershort\logs\auto_train\20250324_train_done.flag)
2025-03-24 17:03:03,239 - 检测到20250324的训练已经执行过 (标志文件: D:\my-vue-project\wind-power-forecast\backend\auto_scripts\scripts\supershort\logs\auto_train\20250324_train_done.flag)
2025-03-24 17:03:33,252 - 检测到20250324的训练已经执行过 (标志文件: D:\my-vue-project\wind-power-forecast\backend\auto_scripts\scripts\supershort\logs\auto_train\20250324_train_done.flag)
2025-03-24 17:04:03,260 - 检测到20250324的训练已经执行过 (标志文件: D:\my-vue-project\wind-power-forecast\backend\auto_scripts\scripts\supershort\logs\auto_train\20250324_train_done.flag)
2025-03-24 17:04:33,268 - 检测到20250324的训练已经执行过 (标志文件: D:\my-vue-project\wind-power-forecast\backend\auto_scripts\scripts\supershort\logs\auto_train\20250324_train_done.flag)
2025-03-24 17:05:03,282 - 检测到20250324的训练已经执行过 (标志文件: D:\my-vue-project\wind-power-forecast\backend\auto_scripts\scripts\supershort\logs\auto_train\20250324_train_done.flag)
2025-03-24 17:05:33,292 - 检测到20250324的训练已经执行过 (标志文件: D:\my-vue-project\wind-power-forecast\backend\auto_scripts\scripts\supershort\logs\auto_train\20250324_train_done.flag)
2025-03-24 17:06:03,298 - 检测到20250324的训练已经执行过 (标志文件: D:\my-vue-project\wind-power-forecast\backend\auto_scripts\scripts\supershort\logs\auto_train\20250324_train_done.flag)
2025-03-24 17:06:33,299 - 检测到20250324的训练已经执行过 (标志文件: D:\my-vue-project\wind-power-forecast\backend\auto_scripts\scripts\supershort\logs\auto_train\20250324_train_done.flag)
2025-03-24 17:07:03,311 - 检测到20250324的训练已经执行过 (标志文件: D:\my-vue-project\wind-power-forecast\backend\auto_scripts\scripts\supershort\logs\auto_train\20250324_train_done.flag)
2025-03-24 17:07:33,319 - 检测到20250324的训练已经执行过 (标志文件: D:\my-vue-project\wind-power-forecast\backend\auto_scripts\scripts\supershort\logs\auto_train\20250324_train_done.flag)
2025-03-24 17:08:03,333 - 检测到20250324的训练已经执行过 (标志文件: D:\my-vue-project\wind-power-forecast\backend\auto_scripts\scripts\supershort\logs\auto_train\20250324_train_done.flag)
2025-03-24 17:08:33,349 - 检测到20250324的训练已经执行过 (标志文件: D:\my-vue-project\wind-power-forecast\backend\auto_scripts\scripts\supershort\logs\auto_train\20250324_train_done.flag)
2025-03-24 17:09:03,354 - 检测到20250324的训练已经执行过 (标志文件: D:\my-vue-project\wind-power-forecast\backend\auto_scripts\scripts\supershort\logs\auto_train\20250324_train_done.flag)
2025-03-24 17:09:33,364 - 检测到20250324的训练已经执行过 (标志文件: D:\my-vue-project\wind-power-forecast\backend\auto_scripts\scripts\supershort\logs\auto_train\20250324_train_done.flag)
2025-03-24 17:10:03,369 - 检测到20250324的训练已经执行过 (标志文件: D:\my-vue-project\wind-power-forecast\backend\auto_scripts\scripts\supershort\logs\auto_train\20250324_train_done.flag)
2025-03-24 17:10:33,381 - 检测到20250324的训练已经执行过 (标志文件: D:\my-vue-project\wind-power-forecast\backend\auto_scripts\scripts\supershort\logs\auto_train\20250324_train_done.flag)
2025-03-24 17:11:03,391 - 检测到20250324的训练已经执行过 (标志文件: D:\my-vue-project\wind-power-forecast\backend\auto_scripts\scripts\supershort\logs\auto_train\20250324_train_done.flag)
2025-03-24 17:11:33,398 - 检测到20250324的训练已经执行过 (标志文件: D:\my-vue-project\wind-power-forecast\backend\auto_scripts\scripts\supershort\logs\auto_train\20250324_train_done.flag)
2025-03-24 17:12:03,412 - 检测到20250324的训练已经执行过 (标志文件: D:\my-vue-project\wind-power-forecast\backend\auto_scripts\scripts\supershort\logs\auto_train\20250324_train_done.flag)
2025-03-24 17:12:33,419 - 检测到20250324的训练已经执行过 (标志文件: D:\my-vue-project\wind-power-forecast\backend\auto_scripts\scripts\supershort\logs\auto_train\20250324_train_done.flag)
2025-03-24 17:13:03,420 - 检测到20250324的训练已经执行过 (标志文件: D:\my-vue-project\wind-power-forecast\backend\auto_scripts\scripts\supershort\logs\auto_train\20250324_train_done.flag)
2025-03-24 17:13:33,425 - 检测到20250324的训练已经执行过 (标志文件: D:\my-vue-project\wind-power-forecast\backend\auto_scripts\scripts\supershort\logs\auto_train\20250324_train_done.flag)
2025-03-24 17:14:03,426 - 检测到20250324的训练已经执行过 (标志文件: D:\my-vue-project\wind-power-forecast\backend\auto_scripts\scripts\supershort\logs\auto_train\20250324_train_done.flag)
2025-03-24 17:14:33,435 - 检测到20250324的训练已经执行过 (标志文件: D:\my-vue-project\wind-power-forecast\backend\auto_scripts\scripts\supershort\logs\auto_train\20250324_train_done.flag)
2025-03-24 17:15:03,436 - 检测到20250324的训练已经执行过 (标志文件: D:\my-vue-project\wind-power-forecast\backend\auto_scripts\scripts\supershort\logs\auto_train\20250324_train_done.flag)
2025-03-24 17:15:33,437 - 检测到20250324的训练已经执行过 (标志文件: D:\my-vue-project\wind-power-forecast\backend\auto_scripts\scripts\supershort\logs\auto_train\20250324_train_done.flag)
2025-03-24 17:16:03,452 - 检测到20250324的训练已经执行过 (标志文件: D:\my-vue-project\wind-power-forecast\backend\auto_scripts\scripts\supershort\logs\auto_train\20250324_train_done.flag)
2025-03-24 17:16:33,461 - 检测到20250324的训练已经执行过 (标志文件: D:\my-vue-project\wind-power-forecast\backend\auto_scripts\scripts\supershort\logs\auto_train\20250324_train_done.flag)
2025-03-24 17:17:03,470 - 检测到20250324的训练已经执行过 (标志文件: D:\my-vue-project\wind-power-forecast\backend\auto_scripts\scripts\supershort\logs\auto_train\20250324_train_done.flag)
2025-03-24 17:17:33,471 - 检测到20250324的训练已经执行过 (标志文件: D:\my-vue-project\wind-power-forecast\backend\auto_scripts\scripts\supershort\logs\auto_train\20250324_train_done.flag)
2025-03-24 17:18:03,485 - 检测到20250324的训练已经执行过 (标志文件: D:\my-vue-project\wind-power-forecast\backend\auto_scripts\scripts\supershort\logs\auto_train\20250324_train_done.flag)
2025-03-24 17:18:33,499 - 检测到20250324的训练已经执行过 (标志文件: D:\my-vue-project\wind-power-forecast\backend\auto_scripts\scripts\supershort\logs\auto_train\20250324_train_done.flag)
2025-03-24 17:19:03,512 - 检测到20250324的训练已经执行过 (标志文件: D:\my-vue-project\wind-power-forecast\backend\auto_scripts\scripts\supershort\logs\auto_train\20250324_train_done.flag)
2025-03-24 17:19:33,524 - 检测到20250324的训练已经执行过 (标志文件: D:\my-vue-project\wind-power-forecast\backend\auto_scripts\scripts\supershort\logs\auto_train\20250324_train_done.flag)
2025-03-24 17:20:03,524 - 检测到20250324的训练已经执行过 (标志文件: D:\my-vue-project\wind-power-forecast\backend\auto_scripts\scripts\supershort\logs\auto_train\20250324_train_done.flag)
2025-03-24 17:20:33,539 - 检测到20250324的训练已经执行过 (标志文件: D:\my-vue-project\wind-power-forecast\backend\auto_scripts\scripts\supershort\logs\auto_train\20250324_train_done.flag)
2025-03-24 17:21:03,542 - 检测到20250324的训练已经执行过 (标志文件: D:\my-vue-project\wind-power-forecast\backend\auto_scripts\scripts\supershort\logs\auto_train\20250324_train_done.flag)
2025-03-24 17:21:33,545 - 检测到20250324的训练已经执行过 (标志文件: D:\my-vue-project\wind-power-forecast\backend\auto_scripts\scripts\supershort\logs\auto_train\20250324_train_done.flag)
2025-03-24 17:22:03,546 - 检测到20250324的训练已经执行过 (标志文件: D:\my-vue-project\wind-power-forecast\backend\auto_scripts\scripts\supershort\logs\auto_train\20250324_train_done.flag)
2025-03-24 17:22:33,558 - 检测到20250324的训练已经执行过 (标志文件: D:\my-vue-project\wind-power-forecast\backend\auto_scripts\scripts\supershort\logs\auto_train\20250324_train_done.flag)
2025-03-24 17:23:03,571 - 检测到20250324的训练已经执行过 (标志文件: D:\my-vue-project\wind-power-forecast\backend\auto_scripts\scripts\supershort\logs\auto_train\20250324_train_done.flag)
2025-03-24 17:23:33,579 - 检测到20250324的训练已经执行过 (标志文件: D:\my-vue-project\wind-power-forecast\backend\auto_scripts\scripts\supershort\logs\auto_train\20250324_train_done.flag)
2025-03-24 17:24:03,583 - 检测到20250324的训练已经执行过 (标志文件: D:\my-vue-project\wind-power-forecast\backend\auto_scripts\scripts\supershort\logs\auto_train\20250324_train_done.flag)
2025-03-24 17:24:33,584 - 检测到20250324的训练已经执行过 (标志文件: D:\my-vue-project\wind-power-forecast\backend\auto_scripts\scripts\supershort\logs\auto_train\20250324_train_done.flag)
2025-03-24 17:25:03,591 - 检测到20250324的训练已经执行过 (标志文件: D:\my-vue-project\wind-power-forecast\backend\auto_scripts\scripts\supershort\logs\auto_train\20250324_train_done.flag)
2025-03-24 17:25:33,599 - 检测到20250324的训练已经执行过 (标志文件: D:\my-vue-project\wind-power-forecast\backend\auto_scripts\scripts\supershort\logs\auto_train\20250324_train_done.flag)
2025-03-24 17:26:03,614 - 检测到20250324的训练已经执行过 (标志文件: D:\my-vue-project\wind-power-forecast\backend\auto_scripts\scripts\supershort\logs\auto_train\20250324_train_done.flag)
2025-03-24 17:26:33,628 - 检测到20250324的训练已经执行过 (标志文件: D:\my-vue-project\wind-power-forecast\backend\auto_scripts\scripts\supershort\logs\auto_train\20250324_train_done.flag)
2025-03-24 17:27:03,640 - 检测到20250324的训练已经执行过 (标志文件: D:\my-vue-project\wind-power-forecast\backend\auto_scripts\scripts\supershort\logs\auto_train\20250324_train_done.flag)
2025-03-24 17:27:33,643 - 检测到20250324的训练已经执行过 (标志文件: D:\my-vue-project\wind-power-forecast\backend\auto_scripts\scripts\supershort\logs\auto_train\20250324_train_done.flag)
2025-03-24 17:28:03,656 - 检测到20250324的训练已经执行过 (标志文件: D:\my-vue-project\wind-power-forecast\backend\auto_scripts\scripts\supershort\logs\auto_train\20250324_train_done.flag)
2025-03-24 17:28:33,664 - 检测到20250324的训练已经执行过 (标志文件: D:\my-vue-project\wind-power-forecast\backend\auto_scripts\scripts\supershort\logs\auto_train\20250324_train_done.flag)
2025-03-24 17:29:03,664 - 检测到20250324的训练已经执行过 (标志文件: D:\my-vue-project\wind-power-forecast\backend\auto_scripts\scripts\supershort\logs\auto_train\20250324_train_done.flag)
2025-03-24 17:29:33,674 - 检测到20250324的训练已经执行过 (标志文件: D:\my-vue-project\wind-power-forecast\backend\auto_scripts\scripts\supershort\logs\auto_train\20250324_train_done.flag)
2025-03-24 17:30:03,687 - 检测到20250324的训练已经执行过 (标志文件: D:\my-vue-project\wind-power-forecast\backend\auto_scripts\scripts\supershort\logs\auto_train\20250324_train_done.flag)
2025-03-24 17:30:33,697 - 检测到20250324的训练已经执行过 (标志文件: D:\my-vue-project\wind-power-forecast\backend\auto_scripts\scripts\supershort\logs\auto_train\20250324_train_done.flag)
2025-03-24 17:31:03,709 - 检测到20250324的训练已经执行过 (标志文件: D:\my-vue-project\wind-power-forecast\backend\auto_scripts\scripts\supershort\logs\auto_train\20250324_train_done.flag)
2025-03-24 17:31:33,716 - 检测到20250324的训练已经执行过 (标志文件: D:\my-vue-project\wind-power-forecast\backend\auto_scripts\scripts\supershort\logs\auto_train\20250324_train_done.flag)
2025-03-24 17:32:03,731 - 检测到20250324的训练已经执行过 (标志文件: D:\my-vue-project\wind-power-forecast\backend\auto_scripts\scripts\supershort\logs\auto_train\20250324_train_done.flag)
2025-03-24 17:32:33,734 - 检测到20250324的训练已经执行过 (标志文件: D:\my-vue-project\wind-power-forecast\backend\auto_scripts\scripts\supershort\logs\auto_train\20250324_train_done.flag)
2025-03-24 17:33:03,740 - 检测到20250324的训练已经执行过 (标志文件: D:\my-vue-project\wind-power-forecast\backend\auto_scripts\scripts\supershort\logs\auto_train\20250324_train_done.flag)
2025-03-24 17:33:33,742 - 检测到20250324的训练已经执行过 (标志文件: D:\my-vue-project\wind-power-forecast\backend\auto_scripts\scripts\supershort\logs\auto_train\20250324_train_done.flag)
2025-03-24 17:34:03,750 - 检测到20250324的训练已经执行过 (标志文件: D:\my-vue-project\wind-power-forecast\backend\auto_scripts\scripts\supershort\logs\auto_train\20250324_train_done.flag)
2025-03-24 17:34:33,757 - 检测到20250324的训练已经执行过 (标志文件: D:\my-vue-project\wind-power-forecast\backend\auto_scripts\scripts\supershort\logs\auto_train\20250324_train_done.flag)
2025-03-24 17:35:03,764 - 检测到20250324的训练已经执行过 (标志文件: D:\my-vue-project\wind-power-forecast\backend\auto_scripts\scripts\supershort\logs\auto_train\20250324_train_done.flag)
2025-03-24 17:35:33,779 - 检测到20250324的训练已经执行过 (标志文件: D:\my-vue-project\wind-power-forecast\backend\auto_scripts\scripts\supershort\logs\auto_train\20250324_train_done.flag)
2025-03-24 17:36:03,794 - 检测到20250324的训练已经执行过 (标志文件: D:\my-vue-project\wind-power-forecast\backend\auto_scripts\scripts\supershort\logs\auto_train\20250324_train_done.flag)
2025-03-24 17:36:33,807 - 检测到20250324的训练已经执行过 (标志文件: D:\my-vue-project\wind-power-forecast\backend\auto_scripts\scripts\supershort\logs\auto_train\20250324_train_done.flag)
2025-03-24 17:37:03,821 - 检测到20250324的训练已经执行过 (标志文件: D:\my-vue-project\wind-power-forecast\backend\auto_scripts\scripts\supershort\logs\auto_train\20250324_train_done.flag)
2025-03-24 17:37:33,822 - 检测到20250324的训练已经执行过 (标志文件: D:\my-vue-project\wind-power-forecast\backend\auto_scripts\scripts\supershort\logs\auto_train\20250324_train_done.flag)
2025-03-24 17:38:03,823 - 检测到20250324的训练已经执行过 (标志文件: D:\my-vue-project\wind-power-forecast\backend\auto_scripts\scripts\supershort\logs\auto_train\20250324_train_done.flag)
2025-03-24 17:38:33,832 - 检测到20250324的训练已经执行过 (标志文件: D:\my-vue-project\wind-power-forecast\backend\auto_scripts\scripts\supershort\logs\auto_train\20250324_train_done.flag)
2025-03-24 17:39:03,842 - 检测到20250324的训练已经执行过 (标志文件: D:\my-vue-project\wind-power-forecast\backend\auto_scripts\scripts\supershort\logs\auto_train\20250324_train_done.flag)
2025-03-24 17:39:33,852 - 检测到20250324的训练已经执行过 (标志文件: D:\my-vue-project\wind-power-forecast\backend\auto_scripts\scripts\supershort\logs\auto_train\20250324_train_done.flag)
2025-03-24 17:40:03,863 - 检测到20250324的训练已经执行过 (标志文件: D:\my-vue-project\wind-power-forecast\backend\auto_scripts\scripts\supershort\logs\auto_train\20250324_train_done.flag)
2025-03-24 17:40:33,876 - 检测到20250324的训练已经执行过 (标志文件: D:\my-vue-project\wind-power-forecast\backend\auto_scripts\scripts\supershort\logs\auto_train\20250324_train_done.flag)
2025-03-24 17:41:03,887 - 检测到20250324的训练已经执行过 (标志文件: D:\my-vue-project\wind-power-forecast\backend\auto_scripts\scripts\supershort\logs\auto_train\20250324_train_done.flag)
2025-03-24 17:41:33,887 - 检测到20250324的训练已经执行过 (标志文件: D:\my-vue-project\wind-power-forecast\backend\auto_scripts\scripts\supershort\logs\auto_train\20250324_train_done.flag)
2025-03-24 17:42:03,894 - 检测到20250324的训练已经执行过 (标志文件: D:\my-vue-project\wind-power-forecast\backend\auto_scripts\scripts\supershort\logs\auto_train\20250324_train_done.flag)
2025-03-24 17:42:33,904 - 检测到20250324的训练已经执行过 (标志文件: D:\my-vue-project\wind-power-forecast\backend\auto_scripts\scripts\supershort\logs\auto_train\20250324_train_done.flag)
2025-03-24 17:43:03,911 - 检测到20250324的训练已经执行过 (标志文件: D:\my-vue-project\wind-power-forecast\backend\auto_scripts\scripts\supershort\logs\auto_train\20250324_train_done.flag)
2025-03-24 17:43:33,916 - 检测到20250324的训练已经执行过 (标志文件: D:\my-vue-project\wind-power-forecast\backend\auto_scripts\scripts\supershort\logs\auto_train\20250324_train_done.flag)
2025-03-24 17:44:03,921 - 检测到20250324的训练已经执行过 (标志文件: D:\my-vue-project\wind-power-forecast\backend\auto_scripts\scripts\supershort\logs\auto_train\20250324_train_done.flag)
2025-03-24 17:44:33,923 - 检测到20250324的训练已经执行过 (标志文件: D:\my-vue-project\wind-power-forecast\backend\auto_scripts\scripts\supershort\logs\auto_train\20250324_train_done.flag)
2025-03-24 17:45:03,937 - 检测到20250324的训练已经执行过 (标志文件: D:\my-vue-project\wind-power-forecast\backend\auto_scripts\scripts\supershort\logs\auto_train\20250324_train_done.flag)
2025-03-24 17:45:33,944 - 检测到20250324的训练已经执行过 (标志文件: D:\my-vue-project\wind-power-forecast\backend\auto_scripts\scripts\supershort\logs\auto_train\20250324_train_done.flag)
2025-03-24 17:46:03,956 - 检测到20250324的训练已经执行过 (标志文件: D:\my-vue-project\wind-power-forecast\backend\auto_scripts\scripts\supershort\logs\auto_train\20250324_train_done.flag)
2025-03-24 17:46:33,961 - 检测到20250324的训练已经执行过 (标志文件: D:\my-vue-project\wind-power-forecast\backend\auto_scripts\scripts\supershort\logs\auto_train\20250324_train_done.flag)
2025-03-24 17:47:03,969 - 检测到20250324的训练已经执行过 (标志文件: D:\my-vue-project\wind-power-forecast\backend\auto_scripts\scripts\supershort\logs\auto_train\20250324_train_done.flag)
2025-03-24 17:47:33,976 - 检测到20250324的训练已经执行过 (标志文件: D:\my-vue-project\wind-power-forecast\backend\auto_scripts\scripts\supershort\logs\auto_train\20250324_train_done.flag)
2025-03-24 17:48:03,991 - 检测到20250324的训练已经执行过 (标志文件: D:\my-vue-project\wind-power-forecast\backend\auto_scripts\scripts\supershort\logs\auto_train\20250324_train_done.flag)
2025-03-24 17:48:33,994 - 检测到20250324的训练已经执行过 (标志文件: D:\my-vue-project\wind-power-forecast\backend\auto_scripts\scripts\supershort\logs\auto_train\20250324_train_done.flag)
2025-03-24 17:49:04,007 - 检测到20250324的训练已经执行过 (标志文件: D:\my-vue-project\wind-power-forecast\backend\auto_scripts\scripts\supershort\logs\auto_train\20250324_train_done.flag)
2025-03-24 17:49:34,007 - 检测到20250324的训练已经执行过 (标志文件: D:\my-vue-project\wind-power-forecast\backend\auto_scripts\scripts\supershort\logs\auto_train\20250324_train_done.flag)
2025-03-24 17:50:04,023 - 检测到20250324的训练已经执行过 (标志文件: D:\my-vue-project\wind-power-forecast\backend\auto_scripts\scripts\supershort\logs\auto_train\20250324_train_done.flag)
2025-03-24 17:50:34,036 - 检测到20250324的训练已经执行过 (标志文件: D:\my-vue-project\wind-power-forecast\backend\auto_scripts\scripts\supershort\logs\auto_train\20250324_train_done.flag)
2025-03-24 17:51:04,041 - 检测到20250324的训练已经执行过 (标志文件: D:\my-vue-project\wind-power-forecast\backend\auto_scripts\scripts\supershort\logs\auto_train\20250324_train_done.flag)
2025-03-24 17:51:34,056 - 检测到20250324的训练已经执行过 (标志文件: D:\my-vue-project\wind-power-forecast\backend\auto_scripts\scripts\supershort\logs\auto_train\20250324_train_done.flag)
2025-03-24 17:52:04,061 - 检测到20250324的训练已经执行过 (标志文件: D:\my-vue-project\wind-power-forecast\backend\auto_scripts\scripts\supershort\logs\auto_train\20250324_train_done.flag)
2025-03-24 17:52:34,072 - 检测到20250324的训练已经执行过 (标志文件: D:\my-vue-project\wind-power-forecast\backend\auto_scripts\scripts\supershort\logs\auto_train\20250324_train_done.flag)
2025-03-24 17:53:04,073 - 检测到20250324的训练已经执行过 (标志文件: D:\my-vue-project\wind-power-forecast\backend\auto_scripts\scripts\supershort\logs\auto_train\20250324_train_done.flag)
2025-03-24 17:53:34,085 - 检测到20250324的训练已经执行过 (标志文件: D:\my-vue-project\wind-power-forecast\backend\auto_scripts\scripts\supershort\logs\auto_train\20250324_train_done.flag)
2025-03-24 17:54:04,089 - 检测到20250324的训练已经执行过 (标志文件: D:\my-vue-project\wind-power-forecast\backend\auto_scripts\scripts\supershort\logs\auto_train\20250324_train_done.flag)
2025-03-24 17:54:34,096 - 检测到20250324的训练已经执行过 (标志文件: D:\my-vue-project\wind-power-forecast\backend\auto_scripts\scripts\supershort\logs\auto_train\20250324_train_done.flag)
2025-03-24 17:55:04,110 - 检测到20250324的训练已经执行过 (标志文件: D:\my-vue-project\wind-power-forecast\backend\auto_scripts\scripts\supershort\logs\auto_train\20250324_train_done.flag)
2025-03-24 17:55:34,123 - 检测到20250324的训练已经执行过 (标志文件: D:\my-vue-project\wind-power-forecast\backend\auto_scripts\scripts\supershort\logs\auto_train\20250324_train_done.flag)
2025-03-24 17:56:04,129 - 检测到20250324的训练已经执行过 (标志文件: D:\my-vue-project\wind-power-forecast\backend\auto_scripts\scripts\supershort\logs\auto_train\20250324_train_done.flag)
2025-03-24 17:56:34,138 - 检测到20250324的训练已经执行过 (标志文件: D:\my-vue-project\wind-power-forecast\backend\auto_scripts\scripts\supershort\logs\auto_train\20250324_train_done.flag)
2025-03-24 17:57:04,144 - 检测到20250324的训练已经执行过 (标志文件: D:\my-vue-project\wind-power-forecast\backend\auto_scripts\scripts\supershort\logs\auto_train\20250324_train_done.flag)
2025-03-24 17:57:34,156 - 检测到20250324的训练已经执行过 (标志文件: D:\my-vue-project\wind-power-forecast\backend\auto_scripts\scripts\supershort\logs\auto_train\20250324_train_done.flag)
2025-03-24 17:58:04,168 - 检测到20250324的训练已经执行过 (标志文件: D:\my-vue-project\wind-power-forecast\backend\auto_scripts\scripts\supershort\logs\auto_train\20250324_train_done.flag)
2025-03-24 17:58:34,182 - 检测到20250324的训练已经执行过 (标志文件: D:\my-vue-project\wind-power-forecast\backend\auto_scripts\scripts\supershort\logs\auto_train\20250324_train_done.flag)
2025-03-24 17:59:04,188 - 检测到20250324的训练已经执行过 (标志文件: D:\my-vue-project\wind-power-forecast\backend\auto_scripts\scripts\supershort\logs\auto_train\20250324_train_done.flag)
2025-03-24 17:59:34,201 - 检测到20250324的训练已经执行过 (标志文件: D:\my-vue-project\wind-power-forecast\backend\auto_scripts\scripts\supershort\logs\auto_train\20250324_train_done.flag)
2025-03-24 18:00:04,204 - 当前时间: 2025-03-24 18:00:04, 星期: 周一
2025-03-24 18:00:04,204 - 当前任务状态: 训练任务已执行=True, 参数优化任务已执行=False
2025-03-24 18:00:04,205 - 检测到20250324的训练已经执行过 (标志文件: D:\my-vue-project\wind-power-forecast\backend\auto_scripts\scripts\supershort\logs\auto_train\20250324_train_done.flag)
2025-03-24 18:00:34,213 - 当前时间: 2025-03-24 18:00:34, 星期: 周一
2025-03-24 18:00:34,213 - 当前任务状态: 训练任务已执行=True, 参数优化任务已执行=False
2025-03-24 18:00:34,214 - 检测到20250324的训练已经执行过 (标志文件: D:\my-vue-project\wind-power-forecast\backend\auto_scripts\scripts\supershort\logs\auto_train\20250324_train_done.flag)
2025-03-24 18:01:04,217 - 检测到20250324的训练已经执行过 (标志文件: D:\my-vue-project\wind-power-forecast\backend\auto_scripts\scripts\supershort\logs\auto_train\20250324_train_done.flag)
2025-03-24 18:01:34,218 - 检测到20250324的训练已经执行过 (标志文件: D:\my-vue-project\wind-power-forecast\backend\auto_scripts\scripts\supershort\logs\auto_train\20250324_train_done.flag)
2025-03-24 18:02:04,232 - 检测到20250324的训练已经执行过 (标志文件: D:\my-vue-project\wind-power-forecast\backend\auto_scripts\scripts\supershort\logs\auto_train\20250324_train_done.flag)
2025-03-24 18:02:34,240 - 检测到20250324的训练已经执行过 (标志文件: D:\my-vue-project\wind-power-forecast\backend\auto_scripts\scripts\supershort\logs\auto_train\20250324_train_done.flag)
2025-03-24 18:03:04,255 - 检测到20250324的训练已经执行过 (标志文件: D:\my-vue-project\wind-power-forecast\backend\auto_scripts\scripts\supershort\logs\auto_train\20250324_train_done.flag)
2025-03-24 18:03:34,265 - 检测到20250324的训练已经执行过 (标志文件: D:\my-vue-project\wind-power-forecast\backend\auto_scripts\scripts\supershort\logs\auto_train\20250324_train_done.flag)
2025-03-24 18:04:04,279 - 检测到20250324的训练已经执行过 (标志文件: D:\my-vue-project\wind-power-forecast\backend\auto_scripts\scripts\supershort\logs\auto_train\20250324_train_done.flag)
2025-03-24 18:04:34,287 - 检测到20250324的训练已经执行过 (标志文件: D:\my-vue-project\wind-power-forecast\backend\auto_scripts\scripts\supershort\logs\auto_train\20250324_train_done.flag)
2025-03-24 18:05:04,294 - 检测到20250324的训练已经执行过 (标志文件: D:\my-vue-project\wind-power-forecast\backend\auto_scripts\scripts\supershort\logs\auto_train\20250324_train_done.flag)
2025-03-24 18:05:34,297 - 检测到20250324的训练已经执行过 (标志文件: D:\my-vue-project\wind-power-forecast\backend\auto_scripts\scripts\supershort\logs\auto_train\20250324_train_done.flag)
2025-03-24 18:06:04,312 - 检测到20250324的训练已经执行过 (标志文件: D:\my-vue-project\wind-power-forecast\backend\auto_scripts\scripts\supershort\logs\auto_train\20250324_train_done.flag)
2025-03-24 18:06:34,319 - 检测到20250324的训练已经执行过 (标志文件: D:\my-vue-project\wind-power-forecast\backend\auto_scripts\scripts\supershort\logs\auto_train\20250324_train_done.flag)
2025-03-24 18:07:04,325 - 检测到20250324的训练已经执行过 (标志文件: D:\my-vue-project\wind-power-forecast\backend\auto_scripts\scripts\supershort\logs\auto_train\20250324_train_done.flag)
2025-03-24 18:07:34,338 - 检测到20250324的训练已经执行过 (标志文件: D:\my-vue-project\wind-power-forecast\backend\auto_scripts\scripts\supershort\logs\auto_train\20250324_train_done.flag)
2025-03-24 18:08:04,344 - 检测到20250324的训练已经执行过 (标志文件: D:\my-vue-project\wind-power-forecast\backend\auto_scripts\scripts\supershort\logs\auto_train\20250324_train_done.flag)
2025-03-24 18:08:34,353 - 检测到20250324的训练已经执行过 (标志文件: D:\my-vue-project\wind-power-forecast\backend\auto_scripts\scripts\supershort\logs\auto_train\20250324_train_done.flag)
2025-03-24 18:09:04,355 - 检测到20250324的训练已经执行过 (标志文件: D:\my-vue-project\wind-power-forecast\backend\auto_scripts\scripts\supershort\logs\auto_train\20250324_train_done.flag)
2025-03-24 18:09:34,365 - 检测到20250324的训练已经执行过 (标志文件: D:\my-vue-project\wind-power-forecast\backend\auto_scripts\scripts\supershort\logs\auto_train\20250324_train_done.flag)
2025-03-24 18:10:04,380 - 检测到20250324的训练已经执行过 (标志文件: D:\my-vue-project\wind-power-forecast\backend\auto_scripts\scripts\supershort\logs\auto_train\20250324_train_done.flag)
2025-03-24 18:10:34,395 - 检测到20250324的训练已经执行过 (标志文件: D:\my-vue-project\wind-power-forecast\backend\auto_scripts\scripts\supershort\logs\auto_train\20250324_train_done.flag)
2025-03-24 18:11:04,409 - 检测到20250324的训练已经执行过 (标志文件: D:\my-vue-project\wind-power-forecast\backend\auto_scripts\scripts\supershort\logs\auto_train\20250324_train_done.flag)
2025-03-24 18:11:34,416 - 检测到20250324的训练已经执行过 (标志文件: D:\my-vue-project\wind-power-forecast\backend\auto_scripts\scripts\supershort\logs\auto_train\20250324_train_done.flag)
2025-03-24 18:12:04,418 - 检测到20250324的训练已经执行过 (标志文件: D:\my-vue-project\wind-power-forecast\backend\auto_scripts\scripts\supershort\logs\auto_train\20250324_train_done.flag)
2025-03-24 18:12:34,431 - 检测到20250324的训练已经执行过 (标志文件: D:\my-vue-project\wind-power-forecast\backend\auto_scripts\scripts\supershort\logs\auto_train\20250324_train_done.flag)
2025-03-24 18:13:04,442 - 检测到20250324的训练已经执行过 (标志文件: D:\my-vue-project\wind-power-forecast\backend\auto_scripts\scripts\supershort\logs\auto_train\20250324_train_done.flag)
2025-03-24 18:13:34,452 - 检测到20250324的训练已经执行过 (标志文件: D:\my-vue-project\wind-power-forecast\backend\auto_scripts\scripts\supershort\logs\auto_train\20250324_train_done.flag)
2025-03-24 18:14:04,466 - 检测到20250324的训练已经执行过 (标志文件: D:\my-vue-project\wind-power-forecast\backend\auto_scripts\scripts\supershort\logs\auto_train\20250324_train_done.flag)
2025-03-24 18:14:34,469 - 检测到20250324的训练已经执行过 (标志文件: D:\my-vue-project\wind-power-forecast\backend\auto_scripts\scripts\supershort\logs\auto_train\20250324_train_done.flag)
2025-03-24 18:15:04,478 - 检测到20250324的训练已经执行过 (标志文件: D:\my-vue-project\wind-power-forecast\backend\auto_scripts\scripts\supershort\logs\auto_train\20250324_train_done.flag)
2025-03-24 18:15:34,489 - 检测到20250324的训练已经执行过 (标志文件: D:\my-vue-project\wind-power-forecast\backend\auto_scripts\scripts\supershort\logs\auto_train\20250324_train_done.flag)
2025-03-24 18:16:04,490 - 检测到20250324的训练已经执行过 (标志文件: D:\my-vue-project\wind-power-forecast\backend\auto_scripts\scripts\supershort\logs\auto_train\20250324_train_done.flag)
2025-03-24 18:16:34,505 - 检测到20250324的训练已经执行过 (标志文件: D:\my-vue-project\wind-power-forecast\backend\auto_scripts\scripts\supershort\logs\auto_train\20250324_train_done.flag)
2025-03-24 18:17:04,521 - 检测到20250324的训练已经执行过 (标志文件: D:\my-vue-project\wind-power-forecast\backend\auto_scripts\scripts\supershort\logs\auto_train\20250324_train_done.flag)
2025-03-24 18:17:34,531 - 检测到20250324的训练已经执行过 (标志文件: D:\my-vue-project\wind-power-forecast\backend\auto_scripts\scripts\supershort\logs\auto_train\20250324_train_done.flag)
2025-03-24 18:18:04,541 - 检测到20250324的训练已经执行过 (标志文件: D:\my-vue-project\wind-power-forecast\backend\auto_scripts\scripts\supershort\logs\auto_train\20250324_train_done.flag)
2025-03-24 18:18:34,547 - 检测到20250324的训练已经执行过 (标志文件: D:\my-vue-project\wind-power-forecast\backend\auto_scripts\scripts\supershort\logs\auto_train\20250324_train_done.flag)
2025-03-24 18:19:04,553 - 检测到20250324的训练已经执行过 (标志文件: D:\my-vue-project\wind-power-forecast\backend\auto_scripts\scripts\supershort\logs\auto_train\20250324_train_done.flag)
2025-03-24 18:19:34,563 - 检测到20250324的训练已经执行过 (标志文件: D:\my-vue-project\wind-power-forecast\backend\auto_scripts\scripts\supershort\logs\auto_train\20250324_train_done.flag)
2025-03-24 18:20:04,578 - 检测到20250324的训练已经执行过 (标志文件: D:\my-vue-project\wind-power-forecast\backend\auto_scripts\scripts\supershort\logs\auto_train\20250324_train_done.flag)
2025-03-24 18:20:34,586 - 检测到20250324的训练已经执行过 (标志文件: D:\my-vue-project\wind-power-forecast\backend\auto_scripts\scripts\supershort\logs\auto_train\20250324_train_done.flag)
2025-03-24 18:21:04,590 - 检测到20250324的训练已经执行过 (标志文件: D:\my-vue-project\wind-power-forecast\backend\auto_scripts\scripts\supershort\logs\auto_train\20250324_train_done.flag)
2025-03-24 18:21:34,597 - 检测到20250324的训练已经执行过 (标志文件: D:\my-vue-project\wind-power-forecast\backend\auto_scripts\scripts\supershort\logs\auto_train\20250324_train_done.flag)
2025-03-24 18:22:04,606 - 检测到20250324的训练已经执行过 (标志文件: D:\my-vue-project\wind-power-forecast\backend\auto_scripts\scripts\supershort\logs\auto_train\20250324_train_done.flag)
2025-03-24 18:22:34,621 - 检测到20250324的训练已经执行过 (标志文件: D:\my-vue-project\wind-power-forecast\backend\auto_scripts\scripts\supershort\logs\auto_train\20250324_train_done.flag)
2025-03-24 18:23:04,622 - 检测到20250324的训练已经执行过 (标志文件: D:\my-vue-project\wind-power-forecast\backend\auto_scripts\scripts\supershort\logs\auto_train\20250324_train_done.flag)
2025-03-24 18:23:34,632 - 检测到20250324的训练已经执行过 (标志文件: D:\my-vue-project\wind-power-forecast\backend\auto_scripts\scripts\supershort\logs\auto_train\20250324_train_done.flag)
2025-03-24 18:24:04,637 - 检测到20250324的训练已经执行过 (标志文件: D:\my-vue-project\wind-power-forecast\backend\auto_scripts\scripts\supershort\logs\auto_train\20250324_train_done.flag)
2025-03-24 18:24:34,640 - 检测到20250324的训练已经执行过 (标志文件: D:\my-vue-project\wind-power-forecast\backend\auto_scripts\scripts\supershort\logs\auto_train\20250324_train_done.flag)
2025-03-24 18:25:04,640 - 检测到20250324的训练已经执行过 (标志文件: D:\my-vue-project\wind-power-forecast\backend\auto_scripts\scripts\supershort\logs\auto_train\20250324_train_done.flag)
2025-03-24 18:25:34,644 - 检测到20250324的训练已经执行过 (标志文件: D:\my-vue-project\wind-power-forecast\backend\auto_scripts\scripts\supershort\logs\auto_train\20250324_train_done.flag)
2025-03-24 18:26:04,650 - 检测到20250324的训练已经执行过 (标志文件: D:\my-vue-project\wind-power-forecast\backend\auto_scripts\scripts\supershort\logs\auto_train\20250324_train_done.flag)
2025-03-24 18:26:34,665 - 检测到20250324的训练已经执行过 (标志文件: D:\my-vue-project\wind-power-forecast\backend\auto_scripts\scripts\supershort\logs\auto_train\20250324_train_done.flag)
2025-03-24 18:27:04,671 - 检测到20250324的训练已经执行过 (标志文件: D:\my-vue-project\wind-power-forecast\backend\auto_scripts\scripts\supershort\logs\auto_train\20250324_train_done.flag)
2025-03-24 18:27:34,683 - 检测到20250324的训练已经执行过 (标志文件: D:\my-vue-project\wind-power-forecast\backend\auto_scripts\scripts\supershort\logs\auto_train\20250324_train_done.flag)
2025-03-24 18:28:04,683 - 检测到20250324的训练已经执行过 (标志文件: D:\my-vue-project\wind-power-forecast\backend\auto_scripts\scripts\supershort\logs\auto_train\20250324_train_done.flag)
2025-03-24 18:28:34,686 - 检测到20250324的训练已经执行过 (标志文件: D:\my-vue-project\wind-power-forecast\backend\auto_scripts\scripts\supershort\logs\auto_train\20250324_train_done.flag)
2025-03-24 18:29:04,694 - 检测到20250324的训练已经执行过 (标志文件: D:\my-vue-project\wind-power-forecast\backend\auto_scripts\scripts\supershort\logs\auto_train\20250324_train_done.flag)
2025-03-24 18:29:34,700 - 检测到20250324的训练已经执行过 (标志文件: D:\my-vue-project\wind-power-forecast\backend\auto_scripts\scripts\supershort\logs\auto_train\20250324_train_done.flag)
2025-03-24 18:30:04,712 - 检测到20250324的训练已经执行过 (标志文件: D:\my-vue-project\wind-power-forecast\backend\auto_scripts\scripts\supershort\logs\auto_train\20250324_train_done.flag)
2025-03-24 18:30:34,716 - 检测到20250324的训练已经执行过 (标志文件: D:\my-vue-project\wind-power-forecast\backend\auto_scripts\scripts\supershort\logs\auto_train\20250324_train_done.flag)
2025-03-24 18:31:04,717 - 检测到20250324的训练已经执行过 (标志文件: D:\my-vue-project\wind-power-forecast\backend\auto_scripts\scripts\supershort\logs\auto_train\20250324_train_done.flag)
2025-03-24 18:31:34,728 - 检测到20250324的训练已经执行过 (标志文件: D:\my-vue-project\wind-power-forecast\backend\auto_scripts\scripts\supershort\logs\auto_train\20250324_train_done.flag)
2025-03-24 18:32:04,731 - 检测到20250324的训练已经执行过 (标志文件: D:\my-vue-project\wind-power-forecast\backend\auto_scripts\scripts\supershort\logs\auto_train\20250324_train_done.flag)
2025-03-24 18:32:34,736 - 检测到20250324的训练已经执行过 (标志文件: D:\my-vue-project\wind-power-forecast\backend\auto_scripts\scripts\supershort\logs\auto_train\20250324_train_done.flag)
2025-03-24 18:33:04,751 - 检测到20250324的训练已经执行过 (标志文件: D:\my-vue-project\wind-power-forecast\backend\auto_scripts\scripts\supershort\logs\auto_train\20250324_train_done.flag)
2025-03-24 18:33:34,758 - 检测到20250324的训练已经执行过 (标志文件: D:\my-vue-project\wind-power-forecast\backend\auto_scripts\scripts\supershort\logs\auto_train\20250324_train_done.flag)
2025-03-24 18:34:04,763 - 检测到20250324的训练已经执行过 (标志文件: D:\my-vue-project\wind-power-forecast\backend\auto_scripts\scripts\supershort\logs\auto_train\20250324_train_done.flag)
2025-03-24 18:34:34,772 - 检测到20250324的训练已经执行过 (标志文件: D:\my-vue-project\wind-power-forecast\backend\auto_scripts\scripts\supershort\logs\auto_train\20250324_train_done.flag)
2025-03-24 18:35:04,782 - 检测到20250324的训练已经执行过 (标志文件: D:\my-vue-project\wind-power-forecast\backend\auto_scripts\scripts\supershort\logs\auto_train\20250324_train_done.flag)
2025-03-24 18:35:34,785 - 检测到20250324的训练已经执行过 (标志文件: D:\my-vue-project\wind-power-forecast\backend\auto_scripts\scripts\supershort\logs\auto_train\20250324_train_done.flag)
2025-03-24 18:36:04,801 - 检测到20250324的训练已经执行过 (标志文件: D:\my-vue-project\wind-power-forecast\backend\auto_scripts\scripts\supershort\logs\auto_train\20250324_train_done.flag)
2025-03-24 18:36:34,815 - 检测到20250324的训练已经执行过 (标志文件: D:\my-vue-project\wind-power-forecast\backend\auto_scripts\scripts\supershort\logs\auto_train\20250324_train_done.flag)
2025-03-24 18:37:04,826 - 检测到20250324的训练已经执行过 (标志文件: D:\my-vue-project\wind-power-forecast\backend\auto_scripts\scripts\supershort\logs\auto_train\20250324_train_done.flag)
2025-03-24 18:37:34,826 - 检测到20250324的训练已经执行过 (标志文件: D:\my-vue-project\wind-power-forecast\backend\auto_scripts\scripts\supershort\logs\auto_train\20250324_train_done.flag)
2025-03-24 18:38:04,838 - 检测到20250324的训练已经执行过 (标志文件: D:\my-vue-project\wind-power-forecast\backend\auto_scripts\scripts\supershort\logs\auto_train\20250324_train_done.flag)
2025-03-24 18:38:34,848 - 检测到20250324的训练已经执行过 (标志文件: D:\my-vue-project\wind-power-forecast\backend\auto_scripts\scripts\supershort\logs\auto_train\20250324_train_done.flag)
2025-03-24 18:39:04,851 - 检测到20250324的训练已经执行过 (标志文件: D:\my-vue-project\wind-power-forecast\backend\auto_scripts\scripts\supershort\logs\auto_train\20250324_train_done.flag)
2025-03-24 18:39:34,855 - 检测到20250324的训练已经执行过 (标志文件: D:\my-vue-project\wind-power-forecast\backend\auto_scripts\scripts\supershort\logs\auto_train\20250324_train_done.flag)
2025-03-24 18:40:04,856 - 检测到20250324的训练已经执行过 (标志文件: D:\my-vue-project\wind-power-forecast\backend\auto_scripts\scripts\supershort\logs\auto_train\20250324_train_done.flag)
2025-03-24 18:40:34,858 - 检测到20250324的训练已经执行过 (标志文件: D:\my-vue-project\wind-power-forecast\backend\auto_scripts\scripts\supershort\logs\auto_train\20250324_train_done.flag)
2025-03-24 18:41:04,863 - 检测到20250324的训练已经执行过 (标志文件: D:\my-vue-project\wind-power-forecast\backend\auto_scripts\scripts\supershort\logs\auto_train\20250324_train_done.flag)
2025-03-24 18:41:34,869 - 检测到20250324的训练已经执行过 (标志文件: D:\my-vue-project\wind-power-forecast\backend\auto_scripts\scripts\supershort\logs\auto_train\20250324_train_done.flag)
2025-03-24 18:42:04,880 - 检测到20250324的训练已经执行过 (标志文件: D:\my-vue-project\wind-power-forecast\backend\auto_scripts\scripts\supershort\logs\auto_train\20250324_train_done.flag)
2025-03-24 18:42:34,884 - 检测到20250324的训练已经执行过 (标志文件: D:\my-vue-project\wind-power-forecast\backend\auto_scripts\scripts\supershort\logs\auto_train\20250324_train_done.flag)
2025-03-24 18:43:04,896 - 检测到20250324的训练已经执行过 (标志文件: D:\my-vue-project\wind-power-forecast\backend\auto_scripts\scripts\supershort\logs\auto_train\20250324_train_done.flag)
2025-03-24 18:43:34,900 - 检测到20250324的训练已经执行过 (标志文件: D:\my-vue-project\wind-power-forecast\backend\auto_scripts\scripts\supershort\logs\auto_train\20250324_train_done.flag)
2025-03-24 18:44:04,905 - 检测到20250324的训练已经执行过 (标志文件: D:\my-vue-project\wind-power-forecast\backend\auto_scripts\scripts\supershort\logs\auto_train\20250324_train_done.flag)
2025-03-24 18:44:34,907 - 检测到20250324的训练已经执行过 (标志文件: D:\my-vue-project\wind-power-forecast\backend\auto_scripts\scripts\supershort\logs\auto_train\20250324_train_done.flag)
2025-03-24 18:45:04,913 - 检测到20250324的训练已经执行过 (标志文件: D:\my-vue-project\wind-power-forecast\backend\auto_scripts\scripts\supershort\logs\auto_train\20250324_train_done.flag)
2025-03-24 18:45:34,919 - 检测到20250324的训练已经执行过 (标志文件: D:\my-vue-project\wind-power-forecast\backend\auto_scripts\scripts\supershort\logs\auto_train\20250324_train_done.flag)
2025-03-24 18:46:04,932 - 检测到20250324的训练已经执行过 (标志文件: D:\my-vue-project\wind-power-forecast\backend\auto_scripts\scripts\supershort\logs\auto_train\20250324_train_done.flag)
2025-03-24 18:46:34,942 - 检测到20250324的训练已经执行过 (标志文件: D:\my-vue-project\wind-power-forecast\backend\auto_scripts\scripts\supershort\logs\auto_train\20250324_train_done.flag)
2025-03-24 18:47:04,957 - 检测到20250324的训练已经执行过 (标志文件: D:\my-vue-project\wind-power-forecast\backend\auto_scripts\scripts\supershort\logs\auto_train\20250324_train_done.flag)
2025-03-24 18:47:34,967 - 检测到20250324的训练已经执行过 (标志文件: D:\my-vue-project\wind-power-forecast\backend\auto_scripts\scripts\supershort\logs\auto_train\20250324_train_done.flag)
2025-03-24 18:48:04,978 - 检测到20250324的训练已经执行过 (标志文件: D:\my-vue-project\wind-power-forecast\backend\auto_scripts\scripts\supershort\logs\auto_train\20250324_train_done.flag)
2025-03-24 18:48:34,980 - 检测到20250324的训练已经执行过 (标志文件: D:\my-vue-project\wind-power-forecast\backend\auto_scripts\scripts\supershort\logs\auto_train\20250324_train_done.flag)
2025-03-24 18:49:04,986 - 检测到20250324的训练已经执行过 (标志文件: D:\my-vue-project\wind-power-forecast\backend\auto_scripts\scripts\supershort\logs\auto_train\20250324_train_done.flag)
2025-03-24 18:49:34,995 - 检测到20250324的训练已经执行过 (标志文件: D:\my-vue-project\wind-power-forecast\backend\auto_scripts\scripts\supershort\logs\auto_train\20250324_train_done.flag)
2025-03-24 18:50:04,996 - 检测到20250324的训练已经执行过 (标志文件: D:\my-vue-project\wind-power-forecast\backend\auto_scripts\scripts\supershort\logs\auto_train\20250324_train_done.flag)
2025-03-24 18:50:35,009 - 检测到20250324的训练已经执行过 (标志文件: D:\my-vue-project\wind-power-forecast\backend\auto_scripts\scripts\supershort\logs\auto_train\20250324_train_done.flag)
2025-03-24 18:51:05,015 - 检测到20250324的训练已经执行过 (标志文件: D:\my-vue-project\wind-power-forecast\backend\auto_scripts\scripts\supershort\logs\auto_train\20250324_train_done.flag)
2025-03-24 18:51:35,018 - 检测到20250324的训练已经执行过 (标志文件: D:\my-vue-project\wind-power-forecast\backend\auto_scripts\scripts\supershort\logs\auto_train\20250324_train_done.flag)
2025-03-24 18:52:05,020 - 检测到20250324的训练已经执行过 (标志文件: D:\my-vue-project\wind-power-forecast\backend\auto_scripts\scripts\supershort\logs\auto_train\20250324_train_done.flag)
2025-03-24 18:52:35,025 - 检测到20250324的训练已经执行过 (标志文件: D:\my-vue-project\wind-power-forecast\backend\auto_scripts\scripts\supershort\logs\auto_train\20250324_train_done.flag)
2025-03-24 18:53:05,027 - 检测到20250324的训练已经执行过 (标志文件: D:\my-vue-project\wind-power-forecast\backend\auto_scripts\scripts\supershort\logs\auto_train\20250324_train_done.flag)
2025-03-24 18:53:35,040 - 检测到20250324的训练已经执行过 (标志文件: D:\my-vue-project\wind-power-forecast\backend\auto_scripts\scripts\supershort\logs\auto_train\20250324_train_done.flag)
2025-03-24 18:54:05,055 - 检测到20250324的训练已经执行过 (标志文件: D:\my-vue-project\wind-power-forecast\backend\auto_scripts\scripts\supershort\logs\auto_train\20250324_train_done.flag)
2025-03-24 18:54:35,068 - 检测到20250324的训练已经执行过 (标志文件: D:\my-vue-project\wind-power-forecast\backend\auto_scripts\scripts\supershort\logs\auto_train\20250324_train_done.flag)
2025-03-24 18:55:05,083 - 检测到20250324的训练已经执行过 (标志文件: D:\my-vue-project\wind-power-forecast\backend\auto_scripts\scripts\supershort\logs\auto_train\20250324_train_done.flag)
2025-03-24 18:55:35,093 - 检测到20250324的训练已经执行过 (标志文件: D:\my-vue-project\wind-power-forecast\backend\auto_scripts\scripts\supershort\logs\auto_train\20250324_train_done.flag)
2025-03-24 18:56:05,096 - 检测到20250324的训练已经执行过 (标志文件: D:\my-vue-project\wind-power-forecast\backend\auto_scripts\scripts\supershort\logs\auto_train\20250324_train_done.flag)
2025-03-24 18:56:35,100 - 检测到20250324的训练已经执行过 (标志文件: D:\my-vue-project\wind-power-forecast\backend\auto_scripts\scripts\supershort\logs\auto_train\20250324_train_done.flag)
2025-03-24 18:57:05,109 - 检测到20250324的训练已经执行过 (标志文件: D:\my-vue-project\wind-power-forecast\backend\auto_scripts\scripts\supershort\logs\auto_train\20250324_train_done.flag)
2025-03-24 18:57:35,118 - 检测到20250324的训练已经执行过 (标志文件: D:\my-vue-project\wind-power-forecast\backend\auto_scripts\scripts\supershort\logs\auto_train\20250324_train_done.flag)
2025-03-24 18:58:05,118 - 检测到20250324的训练已经执行过 (标志文件: D:\my-vue-project\wind-power-forecast\backend\auto_scripts\scripts\supershort\logs\auto_train\20250324_train_done.flag)
2025-03-24 18:58:35,130 - 检测到20250324的训练已经执行过 (标志文件: D:\my-vue-project\wind-power-forecast\backend\auto_scripts\scripts\supershort\logs\auto_train\20250324_train_done.flag)
2025-03-24 18:59:05,132 - 检测到20250324的训练已经执行过 (标志文件: D:\my-vue-project\wind-power-forecast\backend\auto_scripts\scripts\supershort\logs\auto_train\20250324_train_done.flag)
2025-03-24 18:59:35,141 - 检测到20250324的训练已经执行过 (标志文件: D:\my-vue-project\wind-power-forecast\backend\auto_scripts\scripts\supershort\logs\auto_train\20250324_train_done.flag)
2025-03-24 19:00:05,156 - 当前时间: 2025-03-24 19:00:05, 星期: 周一
2025-03-24 19:00:05,156 - 当前任务状态: 训练任务已执行=True, 参数优化任务已执行=False
2025-03-24 19:00:05,157 - 检测到20250324的训练已经执行过 (标志文件: D:\my-vue-project\wind-power-forecast\backend\auto_scripts\scripts\supershort\logs\auto_train\20250324_train_done.flag)
2025-03-24 19:00:35,162 - 当前时间: 2025-03-24 19:00:35, 星期: 周一
2025-03-24 19:00:35,162 - 当前任务状态: 训练任务已执行=True, 参数优化任务已执行=False
2025-03-24 19:00:35,162 - 检测到20250324的训练已经执行过 (标志文件: D:\my-vue-project\wind-power-forecast\backend\auto_scripts\scripts\supershort\logs\auto_train\20250324_train_done.flag)
2025-03-24 19:01:05,176 - 检测到20250324的训练已经执行过 (标志文件: D:\my-vue-project\wind-power-forecast\backend\auto_scripts\scripts\supershort\logs\auto_train\20250324_train_done.flag)
2025-03-24 19:01:35,189 - 检测到20250324的训练已经执行过 (标志文件: D:\my-vue-project\wind-power-forecast\backend\auto_scripts\scripts\supershort\logs\auto_train\20250324_train_done.flag)
2025-03-24 19:02:05,190 - 检测到20250324的训练已经执行过 (标志文件: D:\my-vue-project\wind-power-forecast\backend\auto_scripts\scripts\supershort\logs\auto_train\20250324_train_done.flag)
2025-03-24 19:02:35,194 - 检测到20250324的训练已经执行过 (标志文件: D:\my-vue-project\wind-power-forecast\backend\auto_scripts\scripts\supershort\logs\auto_train\20250324_train_done.flag)
2025-03-24 19:03:05,208 - 检测到20250324的训练已经执行过 (标志文件: D:\my-vue-project\wind-power-forecast\backend\auto_scripts\scripts\supershort\logs\auto_train\20250324_train_done.flag)
2025-03-24 19:03:35,223 - 检测到20250324的训练已经执行过 (标志文件: D:\my-vue-project\wind-power-forecast\backend\auto_scripts\scripts\supershort\logs\auto_train\20250324_train_done.flag)
2025-03-24 19:04:05,237 - 检测到20250324的训练已经执行过 (标志文件: D:\my-vue-project\wind-power-forecast\backend\auto_scripts\scripts\supershort\logs\auto_train\20250324_train_done.flag)
2025-03-24 19:04:35,240 - 检测到20250324的训练已经执行过 (标志文件: D:\my-vue-project\wind-power-forecast\backend\auto_scripts\scripts\supershort\logs\auto_train\20250324_train_done.flag)
2025-03-24 19:05:05,244 - 检测到20250324的训练已经执行过 (标志文件: D:\my-vue-project\wind-power-forecast\backend\auto_scripts\scripts\supershort\logs\auto_train\20250324_train_done.flag)
2025-03-24 19:05:35,253 - 检测到20250324的训练已经执行过 (标志文件: D:\my-vue-project\wind-power-forecast\backend\auto_scripts\scripts\supershort\logs\auto_train\20250324_train_done.flag)
2025-03-24 19:06:05,263 - 检测到20250324的训练已经执行过 (标志文件: D:\my-vue-project\wind-power-forecast\backend\auto_scripts\scripts\supershort\logs\auto_train\20250324_train_done.flag)
2025-03-24 19:06:35,265 - 检测到20250324的训练已经执行过 (标志文件: D:\my-vue-project\wind-power-forecast\backend\auto_scripts\scripts\supershort\logs\auto_train\20250324_train_done.flag)
2025-03-24 19:07:05,273 - 检测到20250324的训练已经执行过 (标志文件: D:\my-vue-project\wind-power-forecast\backend\auto_scripts\scripts\supershort\logs\auto_train\20250324_train_done.flag)
2025-03-24 19:07:35,276 - 检测到20250324的训练已经执行过 (标志文件: D:\my-vue-project\wind-power-forecast\backend\auto_scripts\scripts\supershort\logs\auto_train\20250324_train_done.flag)
2025-03-24 19:08:05,291 - 检测到20250324的训练已经执行过 (标志文件: D:\my-vue-project\wind-power-forecast\backend\auto_scripts\scripts\supershort\logs\auto_train\20250324_train_done.flag)
2025-03-24 19:08:35,305 - 检测到20250324的训练已经执行过 (标志文件: D:\my-vue-project\wind-power-forecast\backend\auto_scripts\scripts\supershort\logs\auto_train\20250324_train_done.flag)
2025-03-24 19:09:05,320 - 检测到20250324的训练已经执行过 (标志文件: D:\my-vue-project\wind-power-forecast\backend\auto_scripts\scripts\supershort\logs\auto_train\20250324_train_done.flag)
2025-03-24 19:09:35,329 - 检测到20250324的训练已经执行过 (标志文件: D:\my-vue-project\wind-power-forecast\backend\auto_scripts\scripts\supershort\logs\auto_train\20250324_train_done.flag)
2025-03-24 19:10:05,339 - 检测到20250324的训练已经执行过 (标志文件: D:\my-vue-project\wind-power-forecast\backend\auto_scripts\scripts\supershort\logs\auto_train\20250324_train_done.flag)
2025-03-24 19:10:35,342 - 检测到20250324的训练已经执行过 (标志文件: D:\my-vue-project\wind-power-forecast\backend\auto_scripts\scripts\supershort\logs\auto_train\20250324_train_done.flag)
2025-03-24 19:11:05,347 - 检测到20250324的训练已经执行过 (标志文件: D:\my-vue-project\wind-power-forecast\backend\auto_scripts\scripts\supershort\logs\auto_train\20250324_train_done.flag)
2025-03-24 19:11:35,359 - 检测到20250324的训练已经执行过 (标志文件: D:\my-vue-project\wind-power-forecast\backend\auto_scripts\scripts\supershort\logs\auto_train\20250324_train_done.flag)
2025-03-24 19:12:05,361 - 检测到20250324的训练已经执行过 (标志文件: D:\my-vue-project\wind-power-forecast\backend\auto_scripts\scripts\supershort\logs\auto_train\20250324_train_done.flag)
2025-03-24 19:12:35,361 - 检测到20250324的训练已经执行过 (标志文件: D:\my-vue-project\wind-power-forecast\backend\auto_scripts\scripts\supershort\logs\auto_train\20250324_train_done.flag)
2025-03-24 19:13:05,369 - 检测到20250324的训练已经执行过 (标志文件: D:\my-vue-project\wind-power-forecast\backend\auto_scripts\scripts\supershort\logs\auto_train\20250324_train_done.flag)
2025-03-24 19:13:35,376 - 检测到20250324的训练已经执行过 (标志文件: D:\my-vue-project\wind-power-forecast\backend\auto_scripts\scripts\supershort\logs\auto_train\20250324_train_done.flag)
2025-03-24 19:14:05,380 - 检测到20250324的训练已经执行过 (标志文件: D:\my-vue-project\wind-power-forecast\backend\auto_scripts\scripts\supershort\logs\auto_train\20250324_train_done.flag)
2025-03-24 19:14:35,386 - 检测到20250324的训练已经执行过 (标志文件: D:\my-vue-project\wind-power-forecast\backend\auto_scripts\scripts\supershort\logs\auto_train\20250324_train_done.flag)
2025-03-24 19:15:05,395 - 检测到20250324的训练已经执行过 (标志文件: D:\my-vue-project\wind-power-forecast\backend\auto_scripts\scripts\supershort\logs\auto_train\20250324_train_done.flag)
2025-03-24 19:15:35,401 - 检测到20250324的训练已经执行过 (标志文件: D:\my-vue-project\wind-power-forecast\backend\auto_scripts\scripts\supershort\logs\auto_train\20250324_train_done.flag)
2025-03-24 19:16:05,415 - 检测到20250324的训练已经执行过 (标志文件: D:\my-vue-project\wind-power-forecast\backend\auto_scripts\scripts\supershort\logs\auto_train\20250324_train_done.flag)
2025-03-24 19:16:35,422 - 检测到20250324的训练已经执行过 (标志文件: D:\my-vue-project\wind-power-forecast\backend\auto_scripts\scripts\supershort\logs\auto_train\20250324_train_done.flag)
2025-03-24 19:17:05,435 - 检测到20250324的训练已经执行过 (标志文件: D:\my-vue-project\wind-power-forecast\backend\auto_scripts\scripts\supershort\logs\auto_train\20250324_train_done.flag)
2025-03-24 19:17:35,447 - 检测到20250324的训练已经执行过 (标志文件: D:\my-vue-project\wind-power-forecast\backend\auto_scripts\scripts\supershort\logs\auto_train\20250324_train_done.flag)
2025-03-24 19:18:05,454 - 检测到20250324的训练已经执行过 (标志文件: D:\my-vue-project\wind-power-forecast\backend\auto_scripts\scripts\supershort\logs\auto_train\20250324_train_done.flag)
2025-03-24 19:18:35,461 - 检测到20250324的训练已经执行过 (标志文件: D:\my-vue-project\wind-power-forecast\backend\auto_scripts\scripts\supershort\logs\auto_train\20250324_train_done.flag)
2025-03-24 19:19:05,464 - 检测到20250324的训练已经执行过 (标志文件: D:\my-vue-project\wind-power-forecast\backend\auto_scripts\scripts\supershort\logs\auto_train\20250324_train_done.flag)
2025-03-24 19:19:35,466 - 检测到20250324的训练已经执行过 (标志文件: D:\my-vue-project\wind-power-forecast\backend\auto_scripts\scripts\supershort\logs\auto_train\20250324_train_done.flag)
2025-03-24 19:20:05,478 - 检测到20250324的训练已经执行过 (标志文件: D:\my-vue-project\wind-power-forecast\backend\auto_scripts\scripts\supershort\logs\auto_train\20250324_train_done.flag)
2025-03-24 19:20:35,493 - 检测到20250324的训练已经执行过 (标志文件: D:\my-vue-project\wind-power-forecast\backend\auto_scripts\scripts\supershort\logs\auto_train\20250324_train_done.flag)
2025-03-24 19:21:05,499 - 检测到20250324的训练已经执行过 (标志文件: D:\my-vue-project\wind-power-forecast\backend\auto_scripts\scripts\supershort\logs\auto_train\20250324_train_done.flag)
2025-03-24 19:21:35,503 - 检测到20250324的训练已经执行过 (标志文件: D:\my-vue-project\wind-power-forecast\backend\auto_scripts\scripts\supershort\logs\auto_train\20250324_train_done.flag)
2025-03-24 19:22:05,508 - 检测到20250324的训练已经执行过 (标志文件: D:\my-vue-project\wind-power-forecast\backend\auto_scripts\scripts\supershort\logs\auto_train\20250324_train_done.flag)
2025-03-24 19:22:35,514 - 检测到20250324的训练已经执行过 (标志文件: D:\my-vue-project\wind-power-forecast\backend\auto_scripts\scripts\supershort\logs\auto_train\20250324_train_done.flag)
2025-03-24 19:23:05,518 - 检测到20250324的训练已经执行过 (标志文件: D:\my-vue-project\wind-power-forecast\backend\auto_scripts\scripts\supershort\logs\auto_train\20250324_train_done.flag)
2025-03-24 19:23:35,522 - 检测到20250324的训练已经执行过 (标志文件: D:\my-vue-project\wind-power-forecast\backend\auto_scripts\scripts\supershort\logs\auto_train\20250324_train_done.flag)
2025-03-24 19:24:05,535 - 检测到20250324的训练已经执行过 (标志文件: D:\my-vue-project\wind-power-forecast\backend\auto_scripts\scripts\supershort\logs\auto_train\20250324_train_done.flag)
2025-03-24 19:24:35,544 - 检测到20250324的训练已经执行过 (标志文件: D:\my-vue-project\wind-power-forecast\backend\auto_scripts\scripts\supershort\logs\auto_train\20250324_train_done.flag)
2025-03-24 19:25:05,545 - 检测到20250324的训练已经执行过 (标志文件: D:\my-vue-project\wind-power-forecast\backend\auto_scripts\scripts\supershort\logs\auto_train\20250324_train_done.flag)
2025-03-24 19:25:35,547 - 检测到20250324的训练已经执行过 (标志文件: D:\my-vue-project\wind-power-forecast\backend\auto_scripts\scripts\supershort\logs\auto_train\20250324_train_done.flag)
2025-03-24 19:26:05,553 - 检测到20250324的训练已经执行过 (标志文件: D:\my-vue-project\wind-power-forecast\backend\auto_scripts\scripts\supershort\logs\auto_train\20250324_train_done.flag)
2025-03-24 19:26:35,564 - 检测到20250324的训练已经执行过 (标志文件: D:\my-vue-project\wind-power-forecast\backend\auto_scripts\scripts\supershort\logs\auto_train\20250324_train_done.flag)
2025-03-24 19:27:05,570 - 检测到20250324的训练已经执行过 (标志文件: D:\my-vue-project\wind-power-forecast\backend\auto_scripts\scripts\supershort\logs\auto_train\20250324_train_done.flag)
2025-03-24 19:27:35,582 - 检测到20250324的训练已经执行过 (标志文件: D:\my-vue-project\wind-power-forecast\backend\auto_scripts\scripts\supershort\logs\auto_train\20250324_train_done.flag)
2025-03-24 19:28:05,594 - 检测到20250324的训练已经执行过 (标志文件: D:\my-vue-project\wind-power-forecast\backend\auto_scripts\scripts\supershort\logs\auto_train\20250324_train_done.flag)
2025-03-24 19:28:35,600 - 检测到20250324的训练已经执行过 (标志文件: D:\my-vue-project\wind-power-forecast\backend\auto_scripts\scripts\supershort\logs\auto_train\20250324_train_done.flag)
2025-03-24 19:29:05,612 - 检测到20250324的训练已经执行过 (标志文件: D:\my-vue-project\wind-power-forecast\backend\auto_scripts\scripts\supershort\logs\auto_train\20250324_train_done.flag)
2025-03-24 19:29:35,625 - 检测到20250324的训练已经执行过 (标志文件: D:\my-vue-project\wind-power-forecast\backend\auto_scripts\scripts\supershort\logs\auto_train\20250324_train_done.flag)
2025-03-24 19:30:05,637 - 检测到20250324的训练已经执行过 (标志文件: D:\my-vue-project\wind-power-forecast\backend\auto_scripts\scripts\supershort\logs\auto_train\20250324_train_done.flag)
2025-03-24 19:30:35,648 - 检测到20250324的训练已经执行过 (标志文件: D:\my-vue-project\wind-power-forecast\backend\auto_scripts\scripts\supershort\logs\auto_train\20250324_train_done.flag)
2025-03-24 19:31:05,657 - 检测到20250324的训练已经执行过 (标志文件: D:\my-vue-project\wind-power-forecast\backend\auto_scripts\scripts\supershort\logs\auto_train\20250324_train_done.flag)
2025-03-24 19:31:35,670 - 检测到20250324的训练已经执行过 (标志文件: D:\my-vue-project\wind-power-forecast\backend\auto_scripts\scripts\supershort\logs\auto_train\20250324_train_done.flag)
2025-03-24 19:32:05,682 - 检测到20250324的训练已经执行过 (标志文件: D:\my-vue-project\wind-power-forecast\backend\auto_scripts\scripts\supershort\logs\auto_train\20250324_train_done.flag)
2025-03-24 19:32:35,686 - 检测到20250324的训练已经执行过 (标志文件: D:\my-vue-project\wind-power-forecast\backend\auto_scripts\scripts\supershort\logs\auto_train\20250324_train_done.flag)
2025-03-24 19:33:05,700 - 检测到20250324的训练已经执行过 (标志文件: D:\my-vue-project\wind-power-forecast\backend\auto_scripts\scripts\supershort\logs\auto_train\20250324_train_done.flag)
2025-03-24 19:33:35,702 - 检测到20250324的训练已经执行过 (标志文件: D:\my-vue-project\wind-power-forecast\backend\auto_scripts\scripts\supershort\logs\auto_train\20250324_train_done.flag)
2025-03-24 19:34:05,717 - 检测到20250324的训练已经执行过 (标志文件: D:\my-vue-project\wind-power-forecast\backend\auto_scripts\scripts\supershort\logs\auto_train\20250324_train_done.flag)
2025-03-24 19:34:35,728 - 检测到20250324的训练已经执行过 (标志文件: D:\my-vue-project\wind-power-forecast\backend\auto_scripts\scripts\supershort\logs\auto_train\20250324_train_done.flag)
2025-03-24 19:35:05,729 - 检测到20250324的训练已经执行过 (标志文件: D:\my-vue-project\wind-power-forecast\backend\auto_scripts\scripts\supershort\logs\auto_train\20250324_train_done.flag)
2025-03-24 19:35:35,737 - 检测到20250324的训练已经执行过 (标志文件: D:\my-vue-project\wind-power-forecast\backend\auto_scripts\scripts\supershort\logs\auto_train\20250324_train_done.flag)
2025-03-24 19:36:05,747 - 检测到20250324的训练已经执行过 (标志文件: D:\my-vue-project\wind-power-forecast\backend\auto_scripts\scripts\supershort\logs\auto_train\20250324_train_done.flag)
2025-03-24 19:36:35,762 - 检测到20250324的训练已经执行过 (标志文件: D:\my-vue-project\wind-power-forecast\backend\auto_scripts\scripts\supershort\logs\auto_train\20250324_train_done.flag)
2025-03-24 19:37:05,775 - 检测到20250324的训练已经执行过 (标志文件: D:\my-vue-project\wind-power-forecast\backend\auto_scripts\scripts\supershort\logs\auto_train\20250324_train_done.flag)
2025-03-24 19:37:35,790 - 检测到20250324的训练已经执行过 (标志文件: D:\my-vue-project\wind-power-forecast\backend\auto_scripts\scripts\supershort\logs\auto_train\20250324_train_done.flag)
2025-03-24 19:38:05,798 - 检测到20250324的训练已经执行过 (标志文件: D:\my-vue-project\wind-power-forecast\backend\auto_scripts\scripts\supershort\logs\auto_train\20250324_train_done.flag)
2025-03-24 19:38:35,809 - 检测到20250324的训练已经执行过 (标志文件: D:\my-vue-project\wind-power-forecast\backend\auto_scripts\scripts\supershort\logs\auto_train\20250324_train_done.flag)
2025-03-24 19:39:05,821 - 检测到20250324的训练已经执行过 (标志文件: D:\my-vue-project\wind-power-forecast\backend\auto_scripts\scripts\supershort\logs\auto_train\20250324_train_done.flag)
2025-03-24 19:39:35,825 - 检测到20250324的训练已经执行过 (标志文件: D:\my-vue-project\wind-power-forecast\backend\auto_scripts\scripts\supershort\logs\auto_train\20250324_train_done.flag)
2025-03-24 19:40:05,838 - 检测到20250324的训练已经执行过 (标志文件: D:\my-vue-project\wind-power-forecast\backend\auto_scripts\scripts\supershort\logs\auto_train\20250324_train_done.flag)
2025-03-24 19:40:35,839 - 检测到20250324的训练已经执行过 (标志文件: D:\my-vue-project\wind-power-forecast\backend\auto_scripts\scripts\supershort\logs\auto_train\20250324_train_done.flag)
2025-03-24 19:41:05,849 - 检测到20250324的训练已经执行过 (标志文件: D:\my-vue-project\wind-power-forecast\backend\auto_scripts\scripts\supershort\logs\auto_train\20250324_train_done.flag)
2025-03-24 19:41:35,864 - 检测到20250324的训练已经执行过 (标志文件: D:\my-vue-project\wind-power-forecast\backend\auto_scripts\scripts\supershort\logs\auto_train\20250324_train_done.flag)
2025-03-24 19:42:05,867 - 检测到20250324的训练已经执行过 (标志文件: D:\my-vue-project\wind-power-forecast\backend\auto_scripts\scripts\supershort\logs\auto_train\20250324_train_done.flag)
2025-03-24 19:42:35,871 - 检测到20250324的训练已经执行过 (标志文件: D:\my-vue-project\wind-power-forecast\backend\auto_scripts\scripts\supershort\logs\auto_train\20250324_train_done.flag)
2025-03-24 19:43:05,884 - 检测到20250324的训练已经执行过 (标志文件: D:\my-vue-project\wind-power-forecast\backend\auto_scripts\scripts\supershort\logs\auto_train\20250324_train_done.flag)
2025-03-24 19:43:35,898 - 检测到20250324的训练已经执行过 (标志文件: D:\my-vue-project\wind-power-forecast\backend\auto_scripts\scripts\supershort\logs\auto_train\20250324_train_done.flag)
2025-03-24 19:44:05,900 - 检测到20250324的训练已经执行过 (标志文件: D:\my-vue-project\wind-power-forecast\backend\auto_scripts\scripts\supershort\logs\auto_train\20250324_train_done.flag)
2025-03-24 19:44:35,913 - 检测到20250324的训练已经执行过 (标志文件: D:\my-vue-project\wind-power-forecast\backend\auto_scripts\scripts\supershort\logs\auto_train\20250324_train_done.flag)
2025-03-24 19:45:05,929 - 检测到20250324的训练已经执行过 (标志文件: D:\my-vue-project\wind-power-forecast\backend\auto_scripts\scripts\supershort\logs\auto_train\20250324_train_done.flag)
2025-03-24 19:45:35,938 - 检测到20250324的训练已经执行过 (标志文件: D:\my-vue-project\wind-power-forecast\backend\auto_scripts\scripts\supershort\logs\auto_train\20250324_train_done.flag)
2025-03-24 19:46:05,951 - 检测到20250324的训练已经执行过 (标志文件: D:\my-vue-project\wind-power-forecast\backend\auto_scripts\scripts\supershort\logs\auto_train\20250324_train_done.flag)
2025-03-24 19:46:35,953 - 检测到20250324的训练已经执行过 (标志文件: D:\my-vue-project\wind-power-forecast\backend\auto_scripts\scripts\supershort\logs\auto_train\20250324_train_done.flag)
2025-03-24 19:47:05,967 - 检测到20250324的训练已经执行过 (标志文件: D:\my-vue-project\wind-power-forecast\backend\auto_scripts\scripts\supershort\logs\auto_train\20250324_train_done.flag)
2025-03-24 19:47:35,981 - 检测到20250324的训练已经执行过 (标志文件: D:\my-vue-project\wind-power-forecast\backend\auto_scripts\scripts\supershort\logs\auto_train\20250324_train_done.flag)
2025-03-24 19:48:05,993 - 检测到20250324的训练已经执行过 (标志文件: D:\my-vue-project\wind-power-forecast\backend\auto_scripts\scripts\supershort\logs\auto_train\20250324_train_done.flag)
2025-03-24 19:48:36,005 - 检测到20250324的训练已经执行过 (标志文件: D:\my-vue-project\wind-power-forecast\backend\auto_scripts\scripts\supershort\logs\auto_train\20250324_train_done.flag)
2025-03-24 19:49:06,019 - 检测到20250324的训练已经执行过 (标志文件: D:\my-vue-project\wind-power-forecast\backend\auto_scripts\scripts\supershort\logs\auto_train\20250324_train_done.flag)
2025-03-24 19:49:36,020 - 检测到20250324的训练已经执行过 (标志文件: D:\my-vue-project\wind-power-forecast\backend\auto_scripts\scripts\supershort\logs\auto_train\20250324_train_done.flag)
2025-03-24 19:50:06,033 - 检测到20250324的训练已经执行过 (标志文件: D:\my-vue-project\wind-power-forecast\backend\auto_scripts\scripts\supershort\logs\auto_train\20250324_train_done.flag)
2025-03-24 19:50:36,048 - 检测到20250324的训练已经执行过 (标志文件: D:\my-vue-project\wind-power-forecast\backend\auto_scripts\scripts\supershort\logs\auto_train\20250324_train_done.flag)
2025-03-24 19:51:06,059 - 检测到20250324的训练已经执行过 (标志文件: D:\my-vue-project\wind-power-forecast\backend\auto_scripts\scripts\supershort\logs\auto_train\20250324_train_done.flag)
2025-03-24 19:51:36,067 - 检测到20250324的训练已经执行过 (标志文件: D:\my-vue-project\wind-power-forecast\backend\auto_scripts\scripts\supershort\logs\auto_train\20250324_train_done.flag)
2025-03-24 19:52:06,081 - 检测到20250324的训练已经执行过 (标志文件: D:\my-vue-project\wind-power-forecast\backend\auto_scripts\scripts\supershort\logs\auto_train\20250324_train_done.flag)
2025-03-24 19:52:36,083 - 检测到20250324的训练已经执行过 (标志文件: D:\my-vue-project\wind-power-forecast\backend\auto_scripts\scripts\supershort\logs\auto_train\20250324_train_done.flag)
2025-03-24 19:53:06,098 - 检测到20250324的训练已经执行过 (标志文件: D:\my-vue-project\wind-power-forecast\backend\auto_scripts\scripts\supershort\logs\auto_train\20250324_train_done.flag)
2025-03-24 19:53:36,111 - 检测到20250324的训练已经执行过 (标志文件: D:\my-vue-project\wind-power-forecast\backend\auto_scripts\scripts\supershort\logs\auto_train\20250324_train_done.flag)
2025-03-24 19:54:06,123 - 检测到20250324的训练已经执行过 (标志文件: D:\my-vue-project\wind-power-forecast\backend\auto_scripts\scripts\supershort\logs\auto_train\20250324_train_done.flag)
2025-03-24 19:54:36,130 - 检测到20250324的训练已经执行过 (标志文件: D:\my-vue-project\wind-power-forecast\backend\auto_scripts\scripts\supershort\logs\auto_train\20250324_train_done.flag)
2025-03-24 19:55:06,130 - 检测到20250324的训练已经执行过 (标志文件: D:\my-vue-project\wind-power-forecast\backend\auto_scripts\scripts\supershort\logs\auto_train\20250324_train_done.flag)
2025-03-24 19:55:36,144 - 检测到20250324的训练已经执行过 (标志文件: D:\my-vue-project\wind-power-forecast\backend\auto_scripts\scripts\supershort\logs\auto_train\20250324_train_done.flag)
2025-03-24 19:56:06,159 - 检测到20250324的训练已经执行过 (标志文件: D:\my-vue-project\wind-power-forecast\backend\auto_scripts\scripts\supershort\logs\auto_train\20250324_train_done.flag)
2025-03-24 19:56:36,161 - 检测到20250324的训练已经执行过 (标志文件: D:\my-vue-project\wind-power-forecast\backend\auto_scripts\scripts\supershort\logs\auto_train\20250324_train_done.flag)
2025-03-24 19:57:06,172 - 检测到20250324的训练已经执行过 (标志文件: D:\my-vue-project\wind-power-forecast\backend\auto_scripts\scripts\supershort\logs\auto_train\20250324_train_done.flag)
2025-03-24 19:57:36,181 - 检测到20250324的训练已经执行过 (标志文件: D:\my-vue-project\wind-power-forecast\backend\auto_scripts\scripts\supershort\logs\auto_train\20250324_train_done.flag)
2025-03-24 19:58:06,192 - 检测到20250324的训练已经执行过 (标志文件: D:\my-vue-project\wind-power-forecast\backend\auto_scripts\scripts\supershort\logs\auto_train\20250324_train_done.flag)
2025-03-24 19:58:36,207 - 检测到20250324的训练已经执行过 (标志文件: D:\my-vue-project\wind-power-forecast\backend\auto_scripts\scripts\supershort\logs\auto_train\20250324_train_done.flag)
2025-03-24 19:59:06,212 - 检测到20250324的训练已经执行过 (标志文件: D:\my-vue-project\wind-power-forecast\backend\auto_scripts\scripts\supershort\logs\auto_train\20250324_train_done.flag)
2025-03-24 19:59:36,216 - 检测到20250324的训练已经执行过 (标志文件: D:\my-vue-project\wind-power-forecast\backend\auto_scripts\scripts\supershort\logs\auto_train\20250324_train_done.flag)
2025-03-24 20:00:06,217 - 当前时间: 2025-03-24 20:00:06, 星期: 周一
2025-03-24 20:00:06,217 - 当前任务状态: 训练任务已执行=True, 参数优化任务已执行=False
2025-03-24 20:00:06,217 - 检测到20250324的训练已经执行过 (标志文件: D:\my-vue-project\wind-power-forecast\backend\auto_scripts\scripts\supershort\logs\auto_train\20250324_train_done.flag)
2025-03-24 20:00:36,222 - 当前时间: 2025-03-24 20:00:36, 星期: 周一
2025-03-24 20:00:36,222 - 当前任务状态: 训练任务已执行=True, 参数优化任务已执行=False
2025-03-24 20:00:36,223 - 检测到20250324的训练已经执行过 (标志文件: D:\my-vue-project\wind-power-forecast\backend\auto_scripts\scripts\supershort\logs\auto_train\20250324_train_done.flag)
2025-03-24 20:01:06,233 - 检测到20250324的训练已经执行过 (标志文件: D:\my-vue-project\wind-power-forecast\backend\auto_scripts\scripts\supershort\logs\auto_train\20250324_train_done.flag)
2025-03-24 20:01:36,240 - 检测到20250324的训练已经执行过 (标志文件: D:\my-vue-project\wind-power-forecast\backend\auto_scripts\scripts\supershort\logs\auto_train\20250324_train_done.flag)
2025-03-24 20:02:06,249 - 检测到20250324的训练已经执行过 (标志文件: D:\my-vue-project\wind-power-forecast\backend\auto_scripts\scripts\supershort\logs\auto_train\20250324_train_done.flag)
2025-03-24 20:02:36,261 - 检测到20250324的训练已经执行过 (标志文件: D:\my-vue-project\wind-power-forecast\backend\auto_scripts\scripts\supershort\logs\auto_train\20250324_train_done.flag)
2025-03-24 20:03:06,267 - 检测到20250324的训练已经执行过 (标志文件: D:\my-vue-project\wind-power-forecast\backend\auto_scripts\scripts\supershort\logs\auto_train\20250324_train_done.flag)
2025-03-24 20:03:36,270 - 检测到20250324的训练已经执行过 (标志文件: D:\my-vue-project\wind-power-forecast\backend\auto_scripts\scripts\supershort\logs\auto_train\20250324_train_done.flag)
2025-03-24 20:04:06,275 - 检测到20250324的训练已经执行过 (标志文件: D:\my-vue-project\wind-power-forecast\backend\auto_scripts\scripts\supershort\logs\auto_train\20250324_train_done.flag)
2025-03-24 20:04:36,289 - 检测到20250324的训练已经执行过 (标志文件: D:\my-vue-project\wind-power-forecast\backend\auto_scripts\scripts\supershort\logs\auto_train\20250324_train_done.flag)
2025-03-24 20:05:06,289 - 检测到20250324的训练已经执行过 (标志文件: D:\my-vue-project\wind-power-forecast\backend\auto_scripts\scripts\supershort\logs\auto_train\20250324_train_done.flag)
2025-03-24 20:05:36,298 - 检测到20250324的训练已经执行过 (标志文件: D:\my-vue-project\wind-power-forecast\backend\auto_scripts\scripts\supershort\logs\auto_train\20250324_train_done.flag)
2025-03-24 20:06:06,305 - 检测到20250324的训练已经执行过 (标志文件: D:\my-vue-project\wind-power-forecast\backend\auto_scripts\scripts\supershort\logs\auto_train\20250324_train_done.flag)
2025-03-24 20:06:36,307 - 检测到20250324的训练已经执行过 (标志文件: D:\my-vue-project\wind-power-forecast\backend\auto_scripts\scripts\supershort\logs\auto_train\20250324_train_done.flag)
2025-03-24 20:07:06,311 - 检测到20250324的训练已经执行过 (标志文件: D:\my-vue-project\wind-power-forecast\backend\auto_scripts\scripts\supershort\logs\auto_train\20250324_train_done.flag)
2025-03-24 20:07:36,319 - 检测到20250324的训练已经执行过 (标志文件: D:\my-vue-project\wind-power-forecast\backend\auto_scripts\scripts\supershort\logs\auto_train\20250324_train_done.flag)
2025-03-24 20:08:06,329 - 检测到20250324的训练已经执行过 (标志文件: D:\my-vue-project\wind-power-forecast\backend\auto_scripts\scripts\supershort\logs\auto_train\20250324_train_done.flag)
2025-03-24 20:08:36,340 - 检测到20250324的训练已经执行过 (标志文件: D:\my-vue-project\wind-power-forecast\backend\auto_scripts\scripts\supershort\logs\auto_train\20250324_train_done.flag)
2025-03-24 20:09:06,343 - 检测到20250324的训练已经执行过 (标志文件: D:\my-vue-project\wind-power-forecast\backend\auto_scripts\scripts\supershort\logs\auto_train\20250324_train_done.flag)
2025-03-24 20:09:36,352 - 检测到20250324的训练已经执行过 (标志文件: D:\my-vue-project\wind-power-forecast\backend\auto_scripts\scripts\supershort\logs\auto_train\20250324_train_done.flag)
2025-03-24 20:10:06,360 - 检测到20250324的训练已经执行过 (标志文件: D:\my-vue-project\wind-power-forecast\backend\auto_scripts\scripts\supershort\logs\auto_train\20250324_train_done.flag)
2025-03-24 20:10:36,376 - 检测到20250324的训练已经执行过 (标志文件: D:\my-vue-project\wind-power-forecast\backend\auto_scripts\scripts\supershort\logs\auto_train\20250324_train_done.flag)
2025-03-24 20:11:06,392 - 检测到20250324的训练已经执行过 (标志文件: D:\my-vue-project\wind-power-forecast\backend\auto_scripts\scripts\supershort\logs\auto_train\20250324_train_done.flag)
2025-03-24 20:11:36,403 - 检测到20250324的训练已经执行过 (标志文件: D:\my-vue-project\wind-power-forecast\backend\auto_scripts\scripts\supershort\logs\auto_train\20250324_train_done.flag)
2025-03-24 20:12:06,415 - 检测到20250324的训练已经执行过 (标志文件: D:\my-vue-project\wind-power-forecast\backend\auto_scripts\scripts\supershort\logs\auto_train\20250324_train_done.flag)
2025-03-24 20:12:36,419 - 检测到20250324的训练已经执行过 (标志文件: D:\my-vue-project\wind-power-forecast\backend\auto_scripts\scripts\supershort\logs\auto_train\20250324_train_done.flag)
2025-03-24 20:13:06,429 - 检测到20250324的训练已经执行过 (标志文件: D:\my-vue-project\wind-power-forecast\backend\auto_scripts\scripts\supershort\logs\auto_train\20250324_train_done.flag)
2025-03-24 20:13:36,444 - 检测到20250324的训练已经执行过 (标志文件: D:\my-vue-project\wind-power-forecast\backend\auto_scripts\scripts\supershort\logs\auto_train\20250324_train_done.flag)
2025-03-24 20:14:06,452 - 检测到20250324的训练已经执行过 (标志文件: D:\my-vue-project\wind-power-forecast\backend\auto_scripts\scripts\supershort\logs\auto_train\20250324_train_done.flag)
2025-03-24 20:14:36,466 - 检测到20250324的训练已经执行过 (标志文件: D:\my-vue-project\wind-power-forecast\backend\auto_scripts\scripts\supershort\logs\auto_train\20250324_train_done.flag)
2025-03-24 20:15:06,477 - 检测到20250324的训练已经执行过 (标志文件: D:\my-vue-project\wind-power-forecast\backend\auto_scripts\scripts\supershort\logs\auto_train\20250324_train_done.flag)
2025-03-24 20:15:36,480 - 检测到20250324的训练已经执行过 (标志文件: D:\my-vue-project\wind-power-forecast\backend\auto_scripts\scripts\supershort\logs\auto_train\20250324_train_done.flag)
2025-03-24 20:16:06,486 - 检测到20250324的训练已经执行过 (标志文件: D:\my-vue-project\wind-power-forecast\backend\auto_scripts\scripts\supershort\logs\auto_train\20250324_train_done.flag)
2025-03-24 20:16:36,493 - 检测到20250324的训练已经执行过 (标志文件: D:\my-vue-project\wind-power-forecast\backend\auto_scripts\scripts\supershort\logs\auto_train\20250324_train_done.flag)
2025-03-24 20:17:06,507 - 检测到20250324的训练已经执行过 (标志文件: D:\my-vue-project\wind-power-forecast\backend\auto_scripts\scripts\supershort\logs\auto_train\20250324_train_done.flag)
2025-03-24 20:17:36,519 - 检测到20250324的训练已经执行过 (标志文件: D:\my-vue-project\wind-power-forecast\backend\auto_scripts\scripts\supershort\logs\auto_train\20250324_train_done.flag)
2025-03-24 20:18:06,524 - 检测到20250324的训练已经执行过 (标志文件: D:\my-vue-project\wind-power-forecast\backend\auto_scripts\scripts\supershort\logs\auto_train\20250324_train_done.flag)
2025-03-24 20:18:36,533 - 检测到20250324的训练已经执行过 (标志文件: D:\my-vue-project\wind-power-forecast\backend\auto_scripts\scripts\supershort\logs\auto_train\20250324_train_done.flag)
2025-03-24 20:19:06,546 - 检测到20250324的训练已经执行过 (标志文件: D:\my-vue-project\wind-power-forecast\backend\auto_scripts\scripts\supershort\logs\auto_train\20250324_train_done.flag)
2025-03-24 20:19:36,551 - 检测到20250324的训练已经执行过 (标志文件: D:\my-vue-project\wind-power-forecast\backend\auto_scripts\scripts\supershort\logs\auto_train\20250324_train_done.flag)
2025-03-24 20:20:06,562 - 检测到20250324的训练已经执行过 (标志文件: D:\my-vue-project\wind-power-forecast\backend\auto_scripts\scripts\supershort\logs\auto_train\20250324_train_done.flag)
2025-03-24 20:20:36,573 - 检测到20250324的训练已经执行过 (标志文件: D:\my-vue-project\wind-power-forecast\backend\auto_scripts\scripts\supershort\logs\auto_train\20250324_train_done.flag)
2025-03-24 20:21:06,582 - 检测到20250324的训练已经执行过 (标志文件: D:\my-vue-project\wind-power-forecast\backend\auto_scripts\scripts\supershort\logs\auto_train\20250324_train_done.flag)
2025-03-24 20:21:36,594 - 检测到20250324的训练已经执行过 (标志文件: D:\my-vue-project\wind-power-forecast\backend\auto_scripts\scripts\supershort\logs\auto_train\20250324_train_done.flag)
2025-03-24 20:22:06,603 - 检测到20250324的训练已经执行过 (标志文件: D:\my-vue-project\wind-power-forecast\backend\auto_scripts\scripts\supershort\logs\auto_train\20250324_train_done.flag)
2025-03-24 20:22:36,607 - 检测到20250324的训练已经执行过 (标志文件: D:\my-vue-project\wind-power-forecast\backend\auto_scripts\scripts\supershort\logs\auto_train\20250324_train_done.flag)
2025-03-24 20:23:06,611 - 检测到20250324的训练已经执行过 (标志文件: D:\my-vue-project\wind-power-forecast\backend\auto_scripts\scripts\supershort\logs\auto_train\20250324_train_done.flag)
2025-03-24 20:23:36,617 - 检测到20250324的训练已经执行过 (标志文件: D:\my-vue-project\wind-power-forecast\backend\auto_scripts\scripts\supershort\logs\auto_train\20250324_train_done.flag)
2025-03-24 20:24:06,622 - 检测到20250324的训练已经执行过 (标志文件: D:\my-vue-project\wind-power-forecast\backend\auto_scripts\scripts\supershort\logs\auto_train\20250324_train_done.flag)
2025-03-24 20:24:36,634 - 检测到20250324的训练已经执行过 (标志文件: D:\my-vue-project\wind-power-forecast\backend\auto_scripts\scripts\supershort\logs\auto_train\20250324_train_done.flag)
2025-03-24 20:25:06,640 - 检测到20250324的训练已经执行过 (标志文件: D:\my-vue-project\wind-power-forecast\backend\auto_scripts\scripts\supershort\logs\auto_train\20250324_train_done.flag)
2025-03-24 20:25:36,649 - 检测到20250324的训练已经执行过 (标志文件: D:\my-vue-project\wind-power-forecast\backend\auto_scripts\scripts\supershort\logs\auto_train\20250324_train_done.flag)
2025-03-24 20:26:06,665 - 检测到20250324的训练已经执行过 (标志文件: D:\my-vue-project\wind-power-forecast\backend\auto_scripts\scripts\supershort\logs\auto_train\20250324_train_done.flag)
2025-03-24 20:26:36,679 - 检测到20250324的训练已经执行过 (标志文件: D:\my-vue-project\wind-power-forecast\backend\auto_scripts\scripts\supershort\logs\auto_train\20250324_train_done.flag)
2025-03-24 20:27:06,679 - 检测到20250324的训练已经执行过 (标志文件: D:\my-vue-project\wind-power-forecast\backend\auto_scripts\scripts\supershort\logs\auto_train\20250324_train_done.flag)
2025-03-24 20:27:36,685 - 检测到20250324的训练已经执行过 (标志文件: D:\my-vue-project\wind-power-forecast\backend\auto_scripts\scripts\supershort\logs\auto_train\20250324_train_done.flag)
2025-03-24 20:28:06,688 - 检测到20250324的训练已经执行过 (标志文件: D:\my-vue-project\wind-power-forecast\backend\auto_scripts\scripts\supershort\logs\auto_train\20250324_train_done.flag)
2025-03-24 20:28:36,695 - 检测到20250324的训练已经执行过 (标志文件: D:\my-vue-project\wind-power-forecast\backend\auto_scripts\scripts\supershort\logs\auto_train\20250324_train_done.flag)
2025-03-24 20:29:06,702 - 检测到20250324的训练已经执行过 (标志文件: D:\my-vue-project\wind-power-forecast\backend\auto_scripts\scripts\supershort\logs\auto_train\20250324_train_done.flag)
2025-03-24 20:29:36,714 - 检测到20250324的训练已经执行过 (标志文件: D:\my-vue-project\wind-power-forecast\backend\auto_scripts\scripts\supershort\logs\auto_train\20250324_train_done.flag)
2025-03-24 20:30:06,716 - 检测到20250324的训练已经执行过 (标志文件: D:\my-vue-project\wind-power-forecast\backend\auto_scripts\scripts\supershort\logs\auto_train\20250324_train_done.flag)
2025-03-24 20:30:36,729 - 检测到20250324的训练已经执行过 (标志文件: D:\my-vue-project\wind-power-forecast\backend\auto_scripts\scripts\supershort\logs\auto_train\20250324_train_done.flag)
2025-03-24 20:31:06,736 - 检测到20250324的训练已经执行过 (标志文件: D:\my-vue-project\wind-power-forecast\backend\auto_scripts\scripts\supershort\logs\auto_train\20250324_train_done.flag)
2025-03-24 20:31:36,752 - 检测到20250324的训练已经执行过 (标志文件: D:\my-vue-project\wind-power-forecast\backend\auto_scripts\scripts\supershort\logs\auto_train\20250324_train_done.flag)
2025-03-24 20:32:06,764 - 检测到20250324的训练已经执行过 (标志文件: D:\my-vue-project\wind-power-forecast\backend\auto_scripts\scripts\supershort\logs\auto_train\20250324_train_done.flag)
2025-03-24 20:32:36,771 - 检测到20250324的训练已经执行过 (标志文件: D:\my-vue-project\wind-power-forecast\backend\auto_scripts\scripts\supershort\logs\auto_train\20250324_train_done.flag)
2025-03-24 20:33:06,771 - 检测到20250324的训练已经执行过 (标志文件: D:\my-vue-project\wind-power-forecast\backend\auto_scripts\scripts\supershort\logs\auto_train\20250324_train_done.flag)
2025-03-24 20:33:36,783 - 检测到20250324的训练已经执行过 (标志文件: D:\my-vue-project\wind-power-forecast\backend\auto_scripts\scripts\supershort\logs\auto_train\20250324_train_done.flag)
2025-03-24 20:34:06,795 - 检测到20250324的训练已经执行过 (标志文件: D:\my-vue-project\wind-power-forecast\backend\auto_scripts\scripts\supershort\logs\auto_train\20250324_train_done.flag)
2025-03-24 20:34:36,808 - 检测到20250324的训练已经执行过 (标志文件: D:\my-vue-project\wind-power-forecast\backend\auto_scripts\scripts\supershort\logs\auto_train\20250324_train_done.flag)
2025-03-24 20:35:06,814 - 检测到20250324的训练已经执行过 (标志文件: D:\my-vue-project\wind-power-forecast\backend\auto_scripts\scripts\supershort\logs\auto_train\20250324_train_done.flag)
2025-03-24 20:35:36,822 - 检测到20250324的训练已经执行过 (标志文件: D:\my-vue-project\wind-power-forecast\backend\auto_scripts\scripts\supershort\logs\auto_train\20250324_train_done.flag)
2025-03-24 20:36:06,833 - 检测到20250324的训练已经执行过 (标志文件: D:\my-vue-project\wind-power-forecast\backend\auto_scripts\scripts\supershort\logs\auto_train\20250324_train_done.flag)
2025-03-24 20:36:36,845 - 检测到20250324的训练已经执行过 (标志文件: D:\my-vue-project\wind-power-forecast\backend\auto_scripts\scripts\supershort\logs\auto_train\20250324_train_done.flag)
2025-03-24 20:37:06,851 - 检测到20250324的训练已经执行过 (标志文件: D:\my-vue-project\wind-power-forecast\backend\auto_scripts\scripts\supershort\logs\auto_train\20250324_train_done.flag)
2025-03-24 20:37:36,854 - 检测到20250324的训练已经执行过 (标志文件: D:\my-vue-project\wind-power-forecast\backend\auto_scripts\scripts\supershort\logs\auto_train\20250324_train_done.flag)
2025-03-24 20:38:06,867 - 检测到20250324的训练已经执行过 (标志文件: D:\my-vue-project\wind-power-forecast\backend\auto_scripts\scripts\supershort\logs\auto_train\20250324_train_done.flag)
2025-03-24 20:38:36,881 - 检测到20250324的训练已经执行过 (标志文件: D:\my-vue-project\wind-power-forecast\backend\auto_scripts\scripts\supershort\logs\auto_train\20250324_train_done.flag)
2025-03-24 20:39:06,889 - 检测到20250324的训练已经执行过 (标志文件: D:\my-vue-project\wind-power-forecast\backend\auto_scripts\scripts\supershort\logs\auto_train\20250324_train_done.flag)
2025-03-24 20:39:36,897 - 检测到20250324的训练已经执行过 (标志文件: D:\my-vue-project\wind-power-forecast\backend\auto_scripts\scripts\supershort\logs\auto_train\20250324_train_done.flag)
2025-03-24 20:40:06,911 - 检测到20250324的训练已经执行过 (标志文件: D:\my-vue-project\wind-power-forecast\backend\auto_scripts\scripts\supershort\logs\auto_train\20250324_train_done.flag)
2025-03-24 20:40:36,922 - 检测到20250324的训练已经执行过 (标志文件: D:\my-vue-project\wind-power-forecast\backend\auto_scripts\scripts\supershort\logs\auto_train\20250324_train_done.flag)
2025-03-24 20:41:06,935 - 检测到20250324的训练已经执行过 (标志文件: D:\my-vue-project\wind-power-forecast\backend\auto_scripts\scripts\supershort\logs\auto_train\20250324_train_done.flag)
2025-03-24 20:41:36,948 - 检测到20250324的训练已经执行过 (标志文件: D:\my-vue-project\wind-power-forecast\backend\auto_scripts\scripts\supershort\logs\auto_train\20250324_train_done.flag)
2025-03-24 20:42:06,952 - 检测到20250324的训练已经执行过 (标志文件: D:\my-vue-project\wind-power-forecast\backend\auto_scripts\scripts\supershort\logs\auto_train\20250324_train_done.flag)
2025-03-24 20:42:36,957 - 检测到20250324的训练已经执行过 (标志文件: D:\my-vue-project\wind-power-forecast\backend\auto_scripts\scripts\supershort\logs\auto_train\20250324_train_done.flag)
2025-03-24 20:43:06,964 - 检测到20250324的训练已经执行过 (标志文件: D:\my-vue-project\wind-power-forecast\backend\auto_scripts\scripts\supershort\logs\auto_train\20250324_train_done.flag)
2025-03-24 20:43:36,966 - 检测到20250324的训练已经执行过 (标志文件: D:\my-vue-project\wind-power-forecast\backend\auto_scripts\scripts\supershort\logs\auto_train\20250324_train_done.flag)
2025-03-24 20:44:06,981 - 检测到20250324的训练已经执行过 (标志文件: D:\my-vue-project\wind-power-forecast\backend\auto_scripts\scripts\supershort\logs\auto_train\20250324_train_done.flag)
2025-03-24 20:44:36,985 - 检测到20250324的训练已经执行过 (标志文件: D:\my-vue-project\wind-power-forecast\backend\auto_scripts\scripts\supershort\logs\auto_train\20250324_train_done.flag)
2025-03-24 20:45:07,000 - 检测到20250324的训练已经执行过 (标志文件: D:\my-vue-project\wind-power-forecast\backend\auto_scripts\scripts\supershort\logs\auto_train\20250324_train_done.flag)
2025-03-24 20:45:37,013 - 检测到20250324的训练已经执行过 (标志文件: D:\my-vue-project\wind-power-forecast\backend\auto_scripts\scripts\supershort\logs\auto_train\20250324_train_done.flag)
2025-03-24 20:46:07,028 - 检测到20250324的训练已经执行过 (标志文件: D:\my-vue-project\wind-power-forecast\backend\auto_scripts\scripts\supershort\logs\auto_train\20250324_train_done.flag)
2025-03-24 20:46:37,028 - 检测到20250324的训练已经执行过 (标志文件: D:\my-vue-project\wind-power-forecast\backend\auto_scripts\scripts\supershort\logs\auto_train\20250324_train_done.flag)
2025-03-24 20:47:07,042 - 检测到20250324的训练已经执行过 (标志文件: D:\my-vue-project\wind-power-forecast\backend\auto_scripts\scripts\supershort\logs\auto_train\20250324_train_done.flag)
2025-03-24 20:47:37,057 - 检测到20250324的训练已经执行过 (标志文件: D:\my-vue-project\wind-power-forecast\backend\auto_scripts\scripts\supershort\logs\auto_train\20250324_train_done.flag)
2025-03-24 20:48:07,057 - 检测到20250324的训练已经执行过 (标志文件: D:\my-vue-project\wind-power-forecast\backend\auto_scripts\scripts\supershort\logs\auto_train\20250324_train_done.flag)
2025-03-24 20:48:37,063 - 检测到20250324的训练已经执行过 (标志文件: D:\my-vue-project\wind-power-forecast\backend\auto_scripts\scripts\supershort\logs\auto_train\20250324_train_done.flag)
2025-03-24 20:49:07,075 - 检测到20250324的训练已经执行过 (标志文件: D:\my-vue-project\wind-power-forecast\backend\auto_scripts\scripts\supershort\logs\auto_train\20250324_train_done.flag)
2025-03-24 20:49:37,084 - 检测到20250324的训练已经执行过 (标志文件: D:\my-vue-project\wind-power-forecast\backend\auto_scripts\scripts\supershort\logs\auto_train\20250324_train_done.flag)
2025-03-24 20:50:07,099 - 检测到20250324的训练已经执行过 (标志文件: D:\my-vue-project\wind-power-forecast\backend\auto_scripts\scripts\supershort\logs\auto_train\20250324_train_done.flag)
2025-03-24 20:50:37,110 - 检测到20250324的训练已经执行过 (标志文件: D:\my-vue-project\wind-power-forecast\backend\auto_scripts\scripts\supershort\logs\auto_train\20250324_train_done.flag)
2025-03-24 20:51:07,119 - 检测到20250324的训练已经执行过 (标志文件: D:\my-vue-project\wind-power-forecast\backend\auto_scripts\scripts\supershort\logs\auto_train\20250324_train_done.flag)
2025-03-24 20:51:37,131 - 检测到20250324的训练已经执行过 (标志文件: D:\my-vue-project\wind-power-forecast\backend\auto_scripts\scripts\supershort\logs\auto_train\20250324_train_done.flag)
2025-03-24 20:52:07,145 - 检测到20250324的训练已经执行过 (标志文件: D:\my-vue-project\wind-power-forecast\backend\auto_scripts\scripts\supershort\logs\auto_train\20250324_train_done.flag)
2025-03-24 20:52:37,148 - 检测到20250324的训练已经执行过 (标志文件: D:\my-vue-project\wind-power-forecast\backend\auto_scripts\scripts\supershort\logs\auto_train\20250324_train_done.flag)
2025-03-24 20:53:07,159 - 检测到20250324的训练已经执行过 (标志文件: D:\my-vue-project\wind-power-forecast\backend\auto_scripts\scripts\supershort\logs\auto_train\20250324_train_done.flag)
2025-03-24 20:53:37,167 - 检测到20250324的训练已经执行过 (标志文件: D:\my-vue-project\wind-power-forecast\backend\auto_scripts\scripts\supershort\logs\auto_train\20250324_train_done.flag)
2025-03-24 20:54:07,173 - 检测到20250324的训练已经执行过 (标志文件: D:\my-vue-project\wind-power-forecast\backend\auto_scripts\scripts\supershort\logs\auto_train\20250324_train_done.flag)
2025-03-24 20:54:37,175 - 检测到20250324的训练已经执行过 (标志文件: D:\my-vue-project\wind-power-forecast\backend\auto_scripts\scripts\supershort\logs\auto_train\20250324_train_done.flag)
2025-03-24 20:55:07,181 - 检测到20250324的训练已经执行过 (标志文件: D:\my-vue-project\wind-power-forecast\backend\auto_scripts\scripts\supershort\logs\auto_train\20250324_train_done.flag)
2025-03-24 20:55:37,194 - 检测到20250324的训练已经执行过 (标志文件: D:\my-vue-project\wind-power-forecast\backend\auto_scripts\scripts\supershort\logs\auto_train\20250324_train_done.flag)
2025-03-24 20:56:07,210 - 检测到20250324的训练已经执行过 (标志文件: D:\my-vue-project\wind-power-forecast\backend\auto_scripts\scripts\supershort\logs\auto_train\20250324_train_done.flag)
2025-03-24 20:56:37,211 - 检测到20250324的训练已经执行过 (标志文件: D:\my-vue-project\wind-power-forecast\backend\auto_scripts\scripts\supershort\logs\auto_train\20250324_train_done.flag)
2025-03-24 20:57:07,226 - 检测到20250324的训练已经执行过 (标志文件: D:\my-vue-project\wind-power-forecast\backend\auto_scripts\scripts\supershort\logs\auto_train\20250324_train_done.flag)
2025-03-24 20:57:37,231 - 检测到20250324的训练已经执行过 (标志文件: D:\my-vue-project\wind-power-forecast\backend\auto_scripts\scripts\supershort\logs\auto_train\20250324_train_done.flag)
2025-03-24 20:58:07,237 - 检测到20250324的训练已经执行过 (标志文件: D:\my-vue-project\wind-power-forecast\backend\auto_scripts\scripts\supershort\logs\auto_train\20250324_train_done.flag)
2025-03-24 20:58:37,249 - 检测到20250324的训练已经执行过 (标志文件: D:\my-vue-project\wind-power-forecast\backend\auto_scripts\scripts\supershort\logs\auto_train\20250324_train_done.flag)
2025-03-24 20:59:07,258 - 检测到20250324的训练已经执行过 (标志文件: D:\my-vue-project\wind-power-forecast\backend\auto_scripts\scripts\supershort\logs\auto_train\20250324_train_done.flag)
2025-03-24 20:59:37,261 - 检测到20250324的训练已经执行过 (标志文件: D:\my-vue-project\wind-power-forecast\backend\auto_scripts\scripts\supershort\logs\auto_train\20250324_train_done.flag)
2025-03-24 21:00:07,269 - 当前时间: 2025-03-24 21:00:07, 星期: 周一
2025-03-24 21:00:07,269 - 当前任务状态: 训练任务已执行=True, 参数优化任务已执行=False
2025-03-24 21:00:07,271 - 检测到20250324的训练已经执行过 (标志文件: D:\my-vue-project\wind-power-forecast\backend\auto_scripts\scripts\supershort\logs\auto_train\20250324_train_done.flag)
2025-03-24 21:00:37,279 - 当前时间: 2025-03-24 21:00:37, 星期: 周一
2025-03-24 21:00:37,279 - 当前任务状态: 训练任务已执行=True, 参数优化任务已执行=False
2025-03-24 21:00:37,280 - 检测到20250324的训练已经执行过 (标志文件: D:\my-vue-project\wind-power-forecast\backend\auto_scripts\scripts\supershort\logs\auto_train\20250324_train_done.flag)
2025-03-24 21:01:07,280 - 检测到20250324的训练已经执行过 (标志文件: D:\my-vue-project\wind-power-forecast\backend\auto_scripts\scripts\supershort\logs\auto_train\20250324_train_done.flag)
2025-03-24 21:01:37,287 - 检测到20250324的训练已经执行过 (标志文件: D:\my-vue-project\wind-power-forecast\backend\auto_scripts\scripts\supershort\logs\auto_train\20250324_train_done.flag)
2025-03-24 21:02:07,294 - 检测到20250324的训练已经执行过 (标志文件: D:\my-vue-project\wind-power-forecast\backend\auto_scripts\scripts\supershort\logs\auto_train\20250324_train_done.flag)
2025-03-24 21:02:37,308 - 检测到20250324的训练已经执行过 (标志文件: D:\my-vue-project\wind-power-forecast\backend\auto_scripts\scripts\supershort\logs\auto_train\20250324_train_done.flag)
2025-03-24 21:03:07,312 - 检测到20250324的训练已经执行过 (标志文件: D:\my-vue-project\wind-power-forecast\backend\auto_scripts\scripts\supershort\logs\auto_train\20250324_train_done.flag)
2025-03-24 21:03:37,317 - 检测到20250324的训练已经执行过 (标志文件: D:\my-vue-project\wind-power-forecast\backend\auto_scripts\scripts\supershort\logs\auto_train\20250324_train_done.flag)
2025-03-24 21:04:07,323 - 检测到20250324的训练已经执行过 (标志文件: D:\my-vue-project\wind-power-forecast\backend\auto_scripts\scripts\supershort\logs\auto_train\20250324_train_done.flag)
2025-03-24 21:04:37,336 - 检测到20250324的训练已经执行过 (标志文件: D:\my-vue-project\wind-power-forecast\backend\auto_scripts\scripts\supershort\logs\auto_train\20250324_train_done.flag)
2025-03-24 21:05:07,348 - 检测到20250324的训练已经执行过 (标志文件: D:\my-vue-project\wind-power-forecast\backend\auto_scripts\scripts\supershort\logs\auto_train\20250324_train_done.flag)
2025-03-24 21:05:37,352 - 检测到20250324的训练已经执行过 (标志文件: D:\my-vue-project\wind-power-forecast\backend\auto_scripts\scripts\supershort\logs\auto_train\20250324_train_done.flag)
2025-03-24 21:06:07,369 - 检测到20250324的训练已经执行过 (标志文件: D:\my-vue-project\wind-power-forecast\backend\auto_scripts\scripts\supershort\logs\auto_train\20250324_train_done.flag)
2025-03-24 21:06:37,382 - 检测到20250324的训练已经执行过 (标志文件: D:\my-vue-project\wind-power-forecast\backend\auto_scripts\scripts\supershort\logs\auto_train\20250324_train_done.flag)
2025-03-24 21:07:07,389 - 检测到20250324的训练已经执行过 (标志文件: D:\my-vue-project\wind-power-forecast\backend\auto_scripts\scripts\supershort\logs\auto_train\20250324_train_done.flag)
2025-03-24 21:07:37,391 - 检测到20250324的训练已经执行过 (标志文件: D:\my-vue-project\wind-power-forecast\backend\auto_scripts\scripts\supershort\logs\auto_train\20250324_train_done.flag)
2025-03-24 21:08:07,404 - 检测到20250324的训练已经执行过 (标志文件: D:\my-vue-project\wind-power-forecast\backend\auto_scripts\scripts\supershort\logs\auto_train\20250324_train_done.flag)
2025-03-24 21:08:37,408 - 检测到20250324的训练已经执行过 (标志文件: D:\my-vue-project\wind-power-forecast\backend\auto_scripts\scripts\supershort\logs\auto_train\20250324_train_done.flag)
2025-03-24 21:09:07,411 - 检测到20250324的训练已经执行过 (标志文件: D:\my-vue-project\wind-power-forecast\backend\auto_scripts\scripts\supershort\logs\auto_train\20250324_train_done.flag)
2025-03-24 21:09:37,417 - 检测到20250324的训练已经执行过 (标志文件: D:\my-vue-project\wind-power-forecast\backend\auto_scripts\scripts\supershort\logs\auto_train\20250324_train_done.flag)
2025-03-24 21:10:07,431 - 检测到20250324的训练已经执行过 (标志文件: D:\my-vue-project\wind-power-forecast\backend\auto_scripts\scripts\supershort\logs\auto_train\20250324_train_done.flag)
2025-03-24 21:10:37,441 - 检测到20250324的训练已经执行过 (标志文件: D:\my-vue-project\wind-power-forecast\backend\auto_scripts\scripts\supershort\logs\auto_train\20250324_train_done.flag)
2025-03-24 21:11:07,455 - 检测到20250324的训练已经执行过 (标志文件: D:\my-vue-project\wind-power-forecast\backend\auto_scripts\scripts\supershort\logs\auto_train\20250324_train_done.flag)
2025-03-24 21:11:37,464 - 检测到20250324的训练已经执行过 (标志文件: D:\my-vue-project\wind-power-forecast\backend\auto_scripts\scripts\supershort\logs\auto_train\20250324_train_done.flag)
2025-03-24 21:12:07,471 - 检测到20250324的训练已经执行过 (标志文件: D:\my-vue-project\wind-power-forecast\backend\auto_scripts\scripts\supershort\logs\auto_train\20250324_train_done.flag)
2025-03-24 21:12:37,477 - 检测到20250324的训练已经执行过 (标志文件: D:\my-vue-project\wind-power-forecast\backend\auto_scripts\scripts\supershort\logs\auto_train\20250324_train_done.flag)
2025-03-24 21:13:07,485 - 检测到20250324的训练已经执行过 (标志文件: D:\my-vue-project\wind-power-forecast\backend\auto_scripts\scripts\supershort\logs\auto_train\20250324_train_done.flag)
2025-03-24 21:13:37,486 - 检测到20250324的训练已经执行过 (标志文件: D:\my-vue-project\wind-power-forecast\backend\auto_scripts\scripts\supershort\logs\auto_train\20250324_train_done.flag)
2025-03-24 21:14:07,491 - 检测到20250324的训练已经执行过 (标志文件: D:\my-vue-project\wind-power-forecast\backend\auto_scripts\scripts\supershort\logs\auto_train\20250324_train_done.flag)
2025-03-24 21:14:37,506 - 检测到20250324的训练已经执行过 (标志文件: D:\my-vue-project\wind-power-forecast\backend\auto_scripts\scripts\supershort\logs\auto_train\20250324_train_done.flag)
2025-03-24 21:15:07,511 - 检测到20250324的训练已经执行过 (标志文件: D:\my-vue-project\wind-power-forecast\backend\auto_scripts\scripts\supershort\logs\auto_train\20250324_train_done.flag)
2025-03-24 21:15:37,523 - 检测到20250324的训练已经执行过 (标志文件: D:\my-vue-project\wind-power-forecast\backend\auto_scripts\scripts\supershort\logs\auto_train\20250324_train_done.flag)
2025-03-24 21:16:07,531 - 检测到20250324的训练已经执行过 (标志文件: D:\my-vue-project\wind-power-forecast\backend\auto_scripts\scripts\supershort\logs\auto_train\20250324_train_done.flag)
2025-03-24 21:16:37,545 - 检测到20250324的训练已经执行过 (标志文件: D:\my-vue-project\wind-power-forecast\backend\auto_scripts\scripts\supershort\logs\auto_train\20250324_train_done.flag)
2025-03-24 21:17:07,552 - 检测到20250324的训练已经执行过 (标志文件: D:\my-vue-project\wind-power-forecast\backend\auto_scripts\scripts\supershort\logs\auto_train\20250324_train_done.flag)
2025-03-24 21:17:37,566 - 检测到20250324的训练已经执行过 (标志文件: D:\my-vue-project\wind-power-forecast\backend\auto_scripts\scripts\supershort\logs\auto_train\20250324_train_done.flag)
2025-03-24 21:18:07,567 - 检测到20250324的训练已经执行过 (标志文件: D:\my-vue-project\wind-power-forecast\backend\auto_scripts\scripts\supershort\logs\auto_train\20250324_train_done.flag)
2025-03-24 21:18:37,568 - 检测到20250324的训练已经执行过 (标志文件: D:\my-vue-project\wind-power-forecast\backend\auto_scripts\scripts\supershort\logs\auto_train\20250324_train_done.flag)
2025-03-24 21:19:07,581 - 检测到20250324的训练已经执行过 (标志文件: D:\my-vue-project\wind-power-forecast\backend\auto_scripts\scripts\supershort\logs\auto_train\20250324_train_done.flag)
2025-03-24 21:19:37,584 - 检测到20250324的训练已经执行过 (标志文件: D:\my-vue-project\wind-power-forecast\backend\auto_scripts\scripts\supershort\logs\auto_train\20250324_train_done.flag)
2025-03-24 21:20:07,590 - 检测到20250324的训练已经执行过 (标志文件: D:\my-vue-project\wind-power-forecast\backend\auto_scripts\scripts\supershort\logs\auto_train\20250324_train_done.flag)
2025-03-24 21:20:37,595 - 检测到20250324的训练已经执行过 (标志文件: D:\my-vue-project\wind-power-forecast\backend\auto_scripts\scripts\supershort\logs\auto_train\20250324_train_done.flag)
2025-03-24 21:21:07,611 - 检测到20250324的训练已经执行过 (标志文件: D:\my-vue-project\wind-power-forecast\backend\auto_scripts\scripts\supershort\logs\auto_train\20250324_train_done.flag)
2025-03-24 21:21:37,623 - 检测到20250324的训练已经执行过 (标志文件: D:\my-vue-project\wind-power-forecast\backend\auto_scripts\scripts\supershort\logs\auto_train\20250324_train_done.flag)
2025-03-24 21:22:07,629 - 检测到20250324的训练已经执行过 (标志文件: D:\my-vue-project\wind-power-forecast\backend\auto_scripts\scripts\supershort\logs\auto_train\20250324_train_done.flag)
2025-03-24 21:22:37,643 - 检测到20250324的训练已经执行过 (标志文件: D:\my-vue-project\wind-power-forecast\backend\auto_scripts\scripts\supershort\logs\auto_train\20250324_train_done.flag)
2025-03-24 21:23:07,648 - 检测到20250324的训练已经执行过 (标志文件: D:\my-vue-project\wind-power-forecast\backend\auto_scripts\scripts\supershort\logs\auto_train\20250324_train_done.flag)
2025-03-24 21:23:37,650 - 检测到20250324的训练已经执行过 (标志文件: D:\my-vue-project\wind-power-forecast\backend\auto_scripts\scripts\supershort\logs\auto_train\20250324_train_done.flag)
2025-03-24 21:24:07,662 - 检测到20250324的训练已经执行过 (标志文件: D:\my-vue-project\wind-power-forecast\backend\auto_scripts\scripts\supershort\logs\auto_train\20250324_train_done.flag)
2025-03-24 21:24:37,671 - 检测到20250324的训练已经执行过 (标志文件: D:\my-vue-project\wind-power-forecast\backend\auto_scripts\scripts\supershort\logs\auto_train\20250324_train_done.flag)
2025-03-24 21:25:07,681 - 检测到20250324的训练已经执行过 (标志文件: D:\my-vue-project\wind-power-forecast\backend\auto_scripts\scripts\supershort\logs\auto_train\20250324_train_done.flag)
2025-03-24 21:25:37,693 - 检测到20250324的训练已经执行过 (标志文件: D:\my-vue-project\wind-power-forecast\backend\auto_scripts\scripts\supershort\logs\auto_train\20250324_train_done.flag)
2025-03-24 21:26:07,694 - 检测到20250324的训练已经执行过 (标志文件: D:\my-vue-project\wind-power-forecast\backend\auto_scripts\scripts\supershort\logs\auto_train\20250324_train_done.flag)
2025-03-24 21:26:37,709 - 检测到20250324的训练已经执行过 (标志文件: D:\my-vue-project\wind-power-forecast\backend\auto_scripts\scripts\supershort\logs\auto_train\20250324_train_done.flag)
2025-03-24 21:27:07,718 - 检测到20250324的训练已经执行过 (标志文件: D:\my-vue-project\wind-power-forecast\backend\auto_scripts\scripts\supershort\logs\auto_train\20250324_train_done.flag)
2025-03-24 21:27:37,722 - 检测到20250324的训练已经执行过 (标志文件: D:\my-vue-project\wind-power-forecast\backend\auto_scripts\scripts\supershort\logs\auto_train\20250324_train_done.flag)
2025-03-24 21:28:07,730 - 检测到20250324的训练已经执行过 (标志文件: D:\my-vue-project\wind-power-forecast\backend\auto_scripts\scripts\supershort\logs\auto_train\20250324_train_done.flag)
2025-03-24 21:28:37,734 - 检测到20250324的训练已经执行过 (标志文件: D:\my-vue-project\wind-power-forecast\backend\auto_scripts\scripts\supershort\logs\auto_train\20250324_train_done.flag)
2025-03-24 21:29:07,748 - 检测到20250324的训练已经执行过 (标志文件: D:\my-vue-project\wind-power-forecast\backend\auto_scripts\scripts\supershort\logs\auto_train\20250324_train_done.flag)
2025-03-24 21:29:37,757 - 检测到20250324的训练已经执行过 (标志文件: D:\my-vue-project\wind-power-forecast\backend\auto_scripts\scripts\supershort\logs\auto_train\20250324_train_done.flag)
2025-03-24 21:30:07,761 - 检测到20250324的训练已经执行过 (标志文件: D:\my-vue-project\wind-power-forecast\backend\auto_scripts\scripts\supershort\logs\auto_train\20250324_train_done.flag)
2025-03-24 21:30:37,768 - 检测到20250324的训练已经执行过 (标志文件: D:\my-vue-project\wind-power-forecast\backend\auto_scripts\scripts\supershort\logs\auto_train\20250324_train_done.flag)
2025-03-24 21:31:07,776 - 检测到20250324的训练已经执行过 (标志文件: D:\my-vue-project\wind-power-forecast\backend\auto_scripts\scripts\supershort\logs\auto_train\20250324_train_done.flag)
2025-03-24 21:31:37,782 - 检测到20250324的训练已经执行过 (标志文件: D:\my-vue-project\wind-power-forecast\backend\auto_scripts\scripts\supershort\logs\auto_train\20250324_train_done.flag)
2025-03-24 21:32:07,794 - 检测到20250324的训练已经执行过 (标志文件: D:\my-vue-project\wind-power-forecast\backend\auto_scripts\scripts\supershort\logs\auto_train\20250324_train_done.flag)
2025-03-24 21:32:37,798 - 检测到20250324的训练已经执行过 (标志文件: D:\my-vue-project\wind-power-forecast\backend\auto_scripts\scripts\supershort\logs\auto_train\20250324_train_done.flag)
2025-03-24 21:33:07,812 - 检测到20250324的训练已经执行过 (标志文件: D:\my-vue-project\wind-power-forecast\backend\auto_scripts\scripts\supershort\logs\auto_train\20250324_train_done.flag)
2025-03-24 21:33:37,821 - 检测到20250324的训练已经执行过 (标志文件: D:\my-vue-project\wind-power-forecast\backend\auto_scripts\scripts\supershort\logs\auto_train\20250324_train_done.flag)
2025-03-24 21:34:07,827 - 检测到20250324的训练已经执行过 (标志文件: D:\my-vue-project\wind-power-forecast\backend\auto_scripts\scripts\supershort\logs\auto_train\20250324_train_done.flag)
2025-03-24 21:34:37,839 - 检测到20250324的训练已经执行过 (标志文件: D:\my-vue-project\wind-power-forecast\backend\auto_scripts\scripts\supershort\logs\auto_train\20250324_train_done.flag)
2025-03-24 21:35:07,839 - 检测到20250324的训练已经执行过 (标志文件: D:\my-vue-project\wind-power-forecast\backend\auto_scripts\scripts\supershort\logs\auto_train\20250324_train_done.flag)
2025-03-24 21:35:37,841 - 检测到20250324的训练已经执行过 (标志文件: D:\my-vue-project\wind-power-forecast\backend\auto_scripts\scripts\supershort\logs\auto_train\20250324_train_done.flag)
2025-03-24 21:36:07,854 - 检测到20250324的训练已经执行过 (标志文件: D:\my-vue-project\wind-power-forecast\backend\auto_scripts\scripts\supershort\logs\auto_train\20250324_train_done.flag)
2025-03-24 21:36:37,858 - 检测到20250324的训练已经执行过 (标志文件: D:\my-vue-project\wind-power-forecast\backend\auto_scripts\scripts\supershort\logs\auto_train\20250324_train_done.flag)
2025-03-24 21:37:07,872 - 检测到20250324的训练已经执行过 (标志文件: D:\my-vue-project\wind-power-forecast\backend\auto_scripts\scripts\supershort\logs\auto_train\20250324_train_done.flag)
2025-03-24 21:37:37,887 - 检测到20250324的训练已经执行过 (标志文件: D:\my-vue-project\wind-power-forecast\backend\auto_scripts\scripts\supershort\logs\auto_train\20250324_train_done.flag)
2025-03-24 21:38:07,903 - 检测到20250324的训练已经执行过 (标志文件: D:\my-vue-project\wind-power-forecast\backend\auto_scripts\scripts\supershort\logs\auto_train\20250324_train_done.flag)
2025-03-24 21:38:37,917 - 检测到20250324的训练已经执行过 (标志文件: D:\my-vue-project\wind-power-forecast\backend\auto_scripts\scripts\supershort\logs\auto_train\20250324_train_done.flag)
2025-03-24 21:39:07,920 - 检测到20250324的训练已经执行过 (标志文件: D:\my-vue-project\wind-power-forecast\backend\auto_scripts\scripts\supershort\logs\auto_train\20250324_train_done.flag)
2025-03-24 21:39:37,929 - 检测到20250324的训练已经执行过 (标志文件: D:\my-vue-project\wind-power-forecast\backend\auto_scripts\scripts\supershort\logs\auto_train\20250324_train_done.flag)
2025-03-24 21:40:07,945 - 检测到20250324的训练已经执行过 (标志文件: D:\my-vue-project\wind-power-forecast\backend\auto_scripts\scripts\supershort\logs\auto_train\20250324_train_done.flag)
2025-03-24 21:40:37,949 - 检测到20250324的训练已经执行过 (标志文件: D:\my-vue-project\wind-power-forecast\backend\auto_scripts\scripts\supershort\logs\auto_train\20250324_train_done.flag)
2025-03-24 21:41:07,950 - 检测到20250324的训练已经执行过 (标志文件: D:\my-vue-project\wind-power-forecast\backend\auto_scripts\scripts\supershort\logs\auto_train\20250324_train_done.flag)
2025-03-24 21:41:37,965 - 检测到20250324的训练已经执行过 (标志文件: D:\my-vue-project\wind-power-forecast\backend\auto_scripts\scripts\supershort\logs\auto_train\20250324_train_done.flag)
2025-03-24 21:42:07,977 - 检测到20250324的训练已经执行过 (标志文件: D:\my-vue-project\wind-power-forecast\backend\auto_scripts\scripts\supershort\logs\auto_train\20250324_train_done.flag)
2025-03-24 21:42:37,979 - 检测到20250324的训练已经执行过 (标志文件: D:\my-vue-project\wind-power-forecast\backend\auto_scripts\scripts\supershort\logs\auto_train\20250324_train_done.flag)
2025-03-24 21:43:07,984 - 检测到20250324的训练已经执行过 (标志文件: D:\my-vue-project\wind-power-forecast\backend\auto_scripts\scripts\supershort\logs\auto_train\20250324_train_done.flag)
2025-03-24 21:43:37,990 - 检测到20250324的训练已经执行过 (标志文件: D:\my-vue-project\wind-power-forecast\backend\auto_scripts\scripts\supershort\logs\auto_train\20250324_train_done.flag)
2025-03-24 21:44:08,000 - 检测到20250324的训练已经执行过 (标志文件: D:\my-vue-project\wind-power-forecast\backend\auto_scripts\scripts\supershort\logs\auto_train\20250324_train_done.flag)
2025-03-24 21:44:38,016 - 检测到20250324的训练已经执行过 (标志文件: D:\my-vue-project\wind-power-forecast\backend\auto_scripts\scripts\supershort\logs\auto_train\20250324_train_done.flag)
2025-03-24 21:45:08,028 - 检测到20250324的训练已经执行过 (标志文件: D:\my-vue-project\wind-power-forecast\backend\auto_scripts\scripts\supershort\logs\auto_train\20250324_train_done.flag)
2025-03-24 21:45:38,032 - 检测到20250324的训练已经执行过 (标志文件: D:\my-vue-project\wind-power-forecast\backend\auto_scripts\scripts\supershort\logs\auto_train\20250324_train_done.flag)
2025-03-24 21:46:08,043 - 检测到20250324的训练已经执行过 (标志文件: D:\my-vue-project\wind-power-forecast\backend\auto_scripts\scripts\supershort\logs\auto_train\20250324_train_done.flag)
2025-03-24 21:46:38,054 - 检测到20250324的训练已经执行过 (标志文件: D:\my-vue-project\wind-power-forecast\backend\auto_scripts\scripts\supershort\logs\auto_train\20250324_train_done.flag)
2025-03-24 21:47:08,056 - 检测到20250324的训练已经执行过 (标志文件: D:\my-vue-project\wind-power-forecast\backend\auto_scripts\scripts\supershort\logs\auto_train\20250324_train_done.flag)
2025-03-24 21:47:38,070 - 检测到20250324的训练已经执行过 (标志文件: D:\my-vue-project\wind-power-forecast\backend\auto_scripts\scripts\supershort\logs\auto_train\20250324_train_done.flag)
2025-03-24 21:48:08,082 - 检测到20250324的训练已经执行过 (标志文件: D:\my-vue-project\wind-power-forecast\backend\auto_scripts\scripts\supershort\logs\auto_train\20250324_train_done.flag)
2025-03-24 21:48:38,099 - 检测到20250324的训练已经执行过 (标志文件: D:\my-vue-project\wind-power-forecast\backend\auto_scripts\scripts\supershort\logs\auto_train\20250324_train_done.flag)
2025-03-24 21:49:08,113 - 检测到20250324的训练已经执行过 (标志文件: D:\my-vue-project\wind-power-forecast\backend\auto_scripts\scripts\supershort\logs\auto_train\20250324_train_done.flag)
2025-03-24 21:49:38,116 - 检测到20250324的训练已经执行过 (标志文件: D:\my-vue-project\wind-power-forecast\backend\auto_scripts\scripts\supershort\logs\auto_train\20250324_train_done.flag)
2025-03-24 21:50:08,127 - 检测到20250324的训练已经执行过 (标志文件: D:\my-vue-project\wind-power-forecast\backend\auto_scripts\scripts\supershort\logs\auto_train\20250324_train_done.flag)
2025-03-24 21:50:38,133 - 检测到20250324的训练已经执行过 (标志文件: D:\my-vue-project\wind-power-forecast\backend\auto_scripts\scripts\supershort\logs\auto_train\20250324_train_done.flag)
2025-03-24 21:51:08,138 - 检测到20250324的训练已经执行过 (标志文件: D:\my-vue-project\wind-power-forecast\backend\auto_scripts\scripts\supershort\logs\auto_train\20250324_train_done.flag)
2025-03-24 21:51:38,140 - 检测到20250324的训练已经执行过 (标志文件: D:\my-vue-project\wind-power-forecast\backend\auto_scripts\scripts\supershort\logs\auto_train\20250324_train_done.flag)
2025-03-24 21:52:08,153 - 检测到20250324的训练已经执行过 (标志文件: D:\my-vue-project\wind-power-forecast\backend\auto_scripts\scripts\supershort\logs\auto_train\20250324_train_done.flag)
2025-03-24 21:52:38,167 - 检测到20250324的训练已经执行过 (标志文件: D:\my-vue-project\wind-power-forecast\backend\auto_scripts\scripts\supershort\logs\auto_train\20250324_train_done.flag)
2025-03-24 21:53:08,174 - 检测到20250324的训练已经执行过 (标志文件: D:\my-vue-project\wind-power-forecast\backend\auto_scripts\scripts\supershort\logs\auto_train\20250324_train_done.flag)
2025-03-24 21:53:38,184 - 检测到20250324的训练已经执行过 (标志文件: D:\my-vue-project\wind-power-forecast\backend\auto_scripts\scripts\supershort\logs\auto_train\20250324_train_done.flag)
2025-03-24 21:54:08,192 - 检测到20250324的训练已经执行过 (标志文件: D:\my-vue-project\wind-power-forecast\backend\auto_scripts\scripts\supershort\logs\auto_train\20250324_train_done.flag)
2025-03-24 21:54:38,207 - 检测到20250324的训练已经执行过 (标志文件: D:\my-vue-project\wind-power-forecast\backend\auto_scripts\scripts\supershort\logs\auto_train\20250324_train_done.flag)
2025-03-24 21:55:08,214 - 检测到20250324的训练已经执行过 (标志文件: D:\my-vue-project\wind-power-forecast\backend\auto_scripts\scripts\supershort\logs\auto_train\20250324_train_done.flag)
2025-03-24 21:55:38,223 - 检测到20250324的训练已经执行过 (标志文件: D:\my-vue-project\wind-power-forecast\backend\auto_scripts\scripts\supershort\logs\auto_train\20250324_train_done.flag)
2025-03-24 21:56:08,232 - 检测到20250324的训练已经执行过 (标志文件: D:\my-vue-project\wind-power-forecast\backend\auto_scripts\scripts\supershort\logs\auto_train\20250324_train_done.flag)
2025-03-24 21:56:38,245 - 检测到20250324的训练已经执行过 (标志文件: D:\my-vue-project\wind-power-forecast\backend\auto_scripts\scripts\supershort\logs\auto_train\20250324_train_done.flag)
2025-03-24 21:57:08,252 - 检测到20250324的训练已经执行过 (标志文件: D:\my-vue-project\wind-power-forecast\backend\auto_scripts\scripts\supershort\logs\auto_train\20250324_train_done.flag)
2025-03-24 21:57:38,254 - 检测到20250324的训练已经执行过 (标志文件: D:\my-vue-project\wind-power-forecast\backend\auto_scripts\scripts\supershort\logs\auto_train\20250324_train_done.flag)
2025-03-24 21:58:08,257 - 检测到20250324的训练已经执行过 (标志文件: D:\my-vue-project\wind-power-forecast\backend\auto_scripts\scripts\supershort\logs\auto_train\20250324_train_done.flag)
2025-03-24 21:58:38,258 - 检测到20250324的训练已经执行过 (标志文件: D:\my-vue-project\wind-power-forecast\backend\auto_scripts\scripts\supershort\logs\auto_train\20250324_train_done.flag)
2025-03-24 21:59:08,264 - 检测到20250324的训练已经执行过 (标志文件: D:\my-vue-project\wind-power-forecast\backend\auto_scripts\scripts\supershort\logs\auto_train\20250324_train_done.flag)
2025-03-24 21:59:38,268 - 检测到20250324的训练已经执行过 (标志文件: D:\my-vue-project\wind-power-forecast\backend\auto_scripts\scripts\supershort\logs\auto_train\20250324_train_done.flag)
2025-03-24 22:00:08,281 - 当前时间: 2025-03-24 22:00:08, 星期: 周一
2025-03-24 22:00:08,281 - 当前任务状态: 训练任务已执行=True, 参数优化任务已执行=False
2025-03-24 22:00:08,283 - 检测到20250324的训练已经执行过 (标志文件: D:\my-vue-project\wind-power-forecast\backend\auto_scripts\scripts\supershort\logs\auto_train\20250324_train_done.flag)
2025-03-24 22:00:38,284 - 当前时间: 2025-03-24 22:00:38, 星期: 周一
2025-03-24 22:00:38,284 - 当前任务状态: 训练任务已执行=True, 参数优化任务已执行=False
2025-03-24 22:00:38,284 - 检测到20250324的训练已经执行过 (标志文件: D:\my-vue-project\wind-power-forecast\backend\auto_scripts\scripts\supershort\logs\auto_train\20250324_train_done.flag)
2025-03-24 22:01:08,298 - 检测到20250324的训练已经执行过 (标志文件: D:\my-vue-project\wind-power-forecast\backend\auto_scripts\scripts\supershort\logs\auto_train\20250324_train_done.flag)
2025-03-24 22:01:38,303 - 检测到20250324的训练已经执行过 (标志文件: D:\my-vue-project\wind-power-forecast\backend\auto_scripts\scripts\supershort\logs\auto_train\20250324_train_done.flag)
2025-03-24 22:02:08,307 - 检测到20250324的训练已经执行过 (标志文件: D:\my-vue-project\wind-power-forecast\backend\auto_scripts\scripts\supershort\logs\auto_train\20250324_train_done.flag)
2025-03-24 22:02:38,317 - 检测到20250324的训练已经执行过 (标志文件: D:\my-vue-project\wind-power-forecast\backend\auto_scripts\scripts\supershort\logs\auto_train\20250324_train_done.flag)
2025-03-24 22:03:08,325 - 检测到20250324的训练已经执行过 (标志文件: D:\my-vue-project\wind-power-forecast\backend\auto_scripts\scripts\supershort\logs\auto_train\20250324_train_done.flag)
2025-03-24 22:03:38,336 - 检测到20250324的训练已经执行过 (标志文件: D:\my-vue-project\wind-power-forecast\backend\auto_scripts\scripts\supershort\logs\auto_train\20250324_train_done.flag)
2025-03-24 22:04:08,338 - 检测到20250324的训练已经执行过 (标志文件: D:\my-vue-project\wind-power-forecast\backend\auto_scripts\scripts\supershort\logs\auto_train\20250324_train_done.flag)
2025-03-24 22:04:38,343 - 检测到20250324的训练已经执行过 (标志文件: D:\my-vue-project\wind-power-forecast\backend\auto_scripts\scripts\supershort\logs\auto_train\20250324_train_done.flag)
2025-03-24 22:05:08,349 - 检测到20250324的训练已经执行过 (标志文件: D:\my-vue-project\wind-power-forecast\backend\auto_scripts\scripts\supershort\logs\auto_train\20250324_train_done.flag)
2025-03-24 22:05:38,361 - 检测到20250324的训练已经执行过 (标志文件: D:\my-vue-project\wind-power-forecast\backend\auto_scripts\scripts\supershort\logs\auto_train\20250324_train_done.flag)
2025-03-24 22:06:08,375 - 检测到20250324的训练已经执行过 (标志文件: D:\my-vue-project\wind-power-forecast\backend\auto_scripts\scripts\supershort\logs\auto_train\20250324_train_done.flag)
2025-03-24 22:06:38,386 - 检测到20250324的训练已经执行过 (标志文件: D:\my-vue-project\wind-power-forecast\backend\auto_scripts\scripts\supershort\logs\auto_train\20250324_train_done.flag)
2025-03-24 22:07:08,394 - 检测到20250324的训练已经执行过 (标志文件: D:\my-vue-project\wind-power-forecast\backend\auto_scripts\scripts\supershort\logs\auto_train\20250324_train_done.flag)
2025-03-24 22:07:38,401 - 检测到20250324的训练已经执行过 (标志文件: D:\my-vue-project\wind-power-forecast\backend\auto_scripts\scripts\supershort\logs\auto_train\20250324_train_done.flag)
2025-03-24 22:08:08,406 - 检测到20250324的训练已经执行过 (标志文件: D:\my-vue-project\wind-power-forecast\backend\auto_scripts\scripts\supershort\logs\auto_train\20250324_train_done.flag)
2025-03-24 22:08:38,413 - 检测到20250324的训练已经执行过 (标志文件: D:\my-vue-project\wind-power-forecast\backend\auto_scripts\scripts\supershort\logs\auto_train\20250324_train_done.flag)
2025-03-24 22:09:08,428 - 检测到20250324的训练已经执行过 (标志文件: D:\my-vue-project\wind-power-forecast\backend\auto_scripts\scripts\supershort\logs\auto_train\20250324_train_done.flag)
2025-03-24 22:09:38,429 - 检测到20250324的训练已经执行过 (标志文件: D:\my-vue-project\wind-power-forecast\backend\auto_scripts\scripts\supershort\logs\auto_train\20250324_train_done.flag)
2025-03-24 22:10:08,432 - 检测到20250324的训练已经执行过 (标志文件: D:\my-vue-project\wind-power-forecast\backend\auto_scripts\scripts\supershort\logs\auto_train\20250324_train_done.flag)
2025-03-24 22:10:38,440 - 检测到20250324的训练已经执行过 (标志文件: D:\my-vue-project\wind-power-forecast\backend\auto_scripts\scripts\supershort\logs\auto_train\20250324_train_done.flag)
2025-03-24 22:11:08,453 - 检测到20250324的训练已经执行过 (标志文件: D:\my-vue-project\wind-power-forecast\backend\auto_scripts\scripts\supershort\logs\auto_train\20250324_train_done.flag)
2025-03-24 22:11:38,468 - 检测到20250324的训练已经执行过 (标志文件: D:\my-vue-project\wind-power-forecast\backend\auto_scripts\scripts\supershort\logs\auto_train\20250324_train_done.flag)
2025-03-24 22:12:08,470 - 检测到20250324的训练已经执行过 (标志文件: D:\my-vue-project\wind-power-forecast\backend\auto_scripts\scripts\supershort\logs\auto_train\20250324_train_done.flag)
2025-03-24 22:12:38,470 - 检测到20250324的训练已经执行过 (标志文件: D:\my-vue-project\wind-power-forecast\backend\auto_scripts\scripts\supershort\logs\auto_train\20250324_train_done.flag)
2025-03-24 22:13:08,470 - 检测到20250324的训练已经执行过 (标志文件: D:\my-vue-project\wind-power-forecast\backend\auto_scripts\scripts\supershort\logs\auto_train\20250324_train_done.flag)
2025-03-24 22:13:38,484 - 检测到20250324的训练已经执行过 (标志文件: D:\my-vue-project\wind-power-forecast\backend\auto_scripts\scripts\supershort\logs\auto_train\20250324_train_done.flag)
2025-03-24 22:14:08,499 - 检测到20250324的训练已经执行过 (标志文件: D:\my-vue-project\wind-power-forecast\backend\auto_scripts\scripts\supershort\logs\auto_train\20250324_train_done.flag)
2025-03-24 22:14:38,509 - 检测到20250324的训练已经执行过 (标志文件: D:\my-vue-project\wind-power-forecast\backend\auto_scripts\scripts\supershort\logs\auto_train\20250324_train_done.flag)
2025-03-24 22:15:08,518 - 检测到20250324的训练已经执行过 (标志文件: D:\my-vue-project\wind-power-forecast\backend\auto_scripts\scripts\supershort\logs\auto_train\20250324_train_done.flag)
2025-03-24 22:15:38,519 - 检测到20250324的训练已经执行过 (标志文件: D:\my-vue-project\wind-power-forecast\backend\auto_scripts\scripts\supershort\logs\auto_train\20250324_train_done.flag)
2025-03-24 22:16:08,525 - 检测到20250324的训练已经执行过 (标志文件: D:\my-vue-project\wind-power-forecast\backend\auto_scripts\scripts\supershort\logs\auto_train\20250324_train_done.flag)
2025-03-24 22:16:38,532 - 检测到20250324的训练已经执行过 (标志文件: D:\my-vue-project\wind-power-forecast\backend\auto_scripts\scripts\supershort\logs\auto_train\20250324_train_done.flag)
2025-03-24 22:17:08,541 - 检测到20250324的训练已经执行过 (标志文件: D:\my-vue-project\wind-power-forecast\backend\auto_scripts\scripts\supershort\logs\auto_train\20250324_train_done.flag)
2025-03-24 22:17:38,557 - 检测到20250324的训练已经执行过 (标志文件: D:\my-vue-project\wind-power-forecast\backend\auto_scripts\scripts\supershort\logs\auto_train\20250324_train_done.flag)
2025-03-24 22:18:08,559 - 检测到20250324的训练已经执行过 (标志文件: D:\my-vue-project\wind-power-forecast\backend\auto_scripts\scripts\supershort\logs\auto_train\20250324_train_done.flag)
2025-03-24 22:18:38,563 - 检测到20250324的训练已经执行过 (标志文件: D:\my-vue-project\wind-power-forecast\backend\auto_scripts\scripts\supershort\logs\auto_train\20250324_train_done.flag)
2025-03-24 22:19:08,577 - 检测到20250324的训练已经执行过 (标志文件: D:\my-vue-project\wind-power-forecast\backend\auto_scripts\scripts\supershort\logs\auto_train\20250324_train_done.flag)
2025-03-24 22:19:38,579 - 检测到20250324的训练已经执行过 (标志文件: D:\my-vue-project\wind-power-forecast\backend\auto_scripts\scripts\supershort\logs\auto_train\20250324_train_done.flag)
2025-03-24 22:20:08,588 - 检测到20250324的训练已经执行过 (标志文件: D:\my-vue-project\wind-power-forecast\backend\auto_scripts\scripts\supershort\logs\auto_train\20250324_train_done.flag)
2025-03-24 22:20:38,593 - 检测到20250324的训练已经执行过 (标志文件: D:\my-vue-project\wind-power-forecast\backend\auto_scripts\scripts\supershort\logs\auto_train\20250324_train_done.flag)
2025-03-24 22:21:08,599 - 检测到20250324的训练已经执行过 (标志文件: D:\my-vue-project\wind-power-forecast\backend\auto_scripts\scripts\supershort\logs\auto_train\20250324_train_done.flag)
2025-03-24 22:21:38,601 - 检测到20250324的训练已经执行过 (标志文件: D:\my-vue-project\wind-power-forecast\backend\auto_scripts\scripts\supershort\logs\auto_train\20250324_train_done.flag)
2025-03-24 22:22:08,614 - 检测到20250324的训练已经执行过 (标志文件: D:\my-vue-project\wind-power-forecast\backend\auto_scripts\scripts\supershort\logs\auto_train\20250324_train_done.flag)
2025-03-24 22:22:38,622 - 检测到20250324的训练已经执行过 (标志文件: D:\my-vue-project\wind-power-forecast\backend\auto_scripts\scripts\supershort\logs\auto_train\20250324_train_done.flag)
2025-03-24 22:23:08,635 - 检测到20250324的训练已经执行过 (标志文件: D:\my-vue-project\wind-power-forecast\backend\auto_scripts\scripts\supershort\logs\auto_train\20250324_train_done.flag)
2025-03-24 22:23:38,643 - 检测到20250324的训练已经执行过 (标志文件: D:\my-vue-project\wind-power-forecast\backend\auto_scripts\scripts\supershort\logs\auto_train\20250324_train_done.flag)
2025-03-24 22:24:08,653 - 检测到20250324的训练已经执行过 (标志文件: D:\my-vue-project\wind-power-forecast\backend\auto_scripts\scripts\supershort\logs\auto_train\20250324_train_done.flag)
2025-03-24 22:24:38,663 - 检测到20250324的训练已经执行过 (标志文件: D:\my-vue-project\wind-power-forecast\backend\auto_scripts\scripts\supershort\logs\auto_train\20250324_train_done.flag)
2025-03-24 22:25:08,670 - 检测到20250324的训练已经执行过 (标志文件: D:\my-vue-project\wind-power-forecast\backend\auto_scripts\scripts\supershort\logs\auto_train\20250324_train_done.flag)
2025-03-24 22:25:38,681 - 检测到20250324的训练已经执行过 (标志文件: D:\my-vue-project\wind-power-forecast\backend\auto_scripts\scripts\supershort\logs\auto_train\20250324_train_done.flag)
2025-03-24 22:26:08,692 - 检测到20250324的训练已经执行过 (标志文件: D:\my-vue-project\wind-power-forecast\backend\auto_scripts\scripts\supershort\logs\auto_train\20250324_train_done.flag)
2025-03-24 22:26:38,696 - 检测到20250324的训练已经执行过 (标志文件: D:\my-vue-project\wind-power-forecast\backend\auto_scripts\scripts\supershort\logs\auto_train\20250324_train_done.flag)
2025-03-24 22:27:08,713 - 检测到20250324的训练已经执行过 (标志文件: D:\my-vue-project\wind-power-forecast\backend\auto_scripts\scripts\supershort\logs\auto_train\20250324_train_done.flag)
2025-03-24 22:27:38,726 - 检测到20250324的训练已经执行过 (标志文件: D:\my-vue-project\wind-power-forecast\backend\auto_scripts\scripts\supershort\logs\auto_train\20250324_train_done.flag)
2025-03-24 22:28:08,735 - 检测到20250324的训练已经执行过 (标志文件: D:\my-vue-project\wind-power-forecast\backend\auto_scripts\scripts\supershort\logs\auto_train\20250324_train_done.flag)
2025-03-24 22:28:38,745 - 检测到20250324的训练已经执行过 (标志文件: D:\my-vue-project\wind-power-forecast\backend\auto_scripts\scripts\supershort\logs\auto_train\20250324_train_done.flag)
2025-03-24 22:29:08,746 - 检测到20250324的训练已经执行过 (标志文件: D:\my-vue-project\wind-power-forecast\backend\auto_scripts\scripts\supershort\logs\auto_train\20250324_train_done.flag)
2025-03-24 22:29:38,750 - 检测到20250324的训练已经执行过 (标志文件: D:\my-vue-project\wind-power-forecast\backend\auto_scripts\scripts\supershort\logs\auto_train\20250324_train_done.flag)
2025-03-24 22:30:08,758 - 检测到20250324的训练已经执行过 (标志文件: D:\my-vue-project\wind-power-forecast\backend\auto_scripts\scripts\supershort\logs\auto_train\20250324_train_done.flag)
2025-03-24 22:30:38,760 - 检测到20250324的训练已经执行过 (标志文件: D:\my-vue-project\wind-power-forecast\backend\auto_scripts\scripts\supershort\logs\auto_train\20250324_train_done.flag)
2025-03-24 22:31:08,768 - 检测到20250324的训练已经执行过 (标志文件: D:\my-vue-project\wind-power-forecast\backend\auto_scripts\scripts\supershort\logs\auto_train\20250324_train_done.flag)
2025-03-24 22:31:38,784 - 检测到20250324的训练已经执行过 (标志文件: D:\my-vue-project\wind-power-forecast\backend\auto_scripts\scripts\supershort\logs\auto_train\20250324_train_done.flag)
2025-03-24 22:32:08,795 - 检测到20250324的训练已经执行过 (标志文件: D:\my-vue-project\wind-power-forecast\backend\auto_scripts\scripts\supershort\logs\auto_train\20250324_train_done.flag)
2025-03-24 22:32:38,802 - 检测到20250324的训练已经执行过 (标志文件: D:\my-vue-project\wind-power-forecast\backend\auto_scripts\scripts\supershort\logs\auto_train\20250324_train_done.flag)
2025-03-24 22:33:08,814 - 检测到20250324的训练已经执行过 (标志文件: D:\my-vue-project\wind-power-forecast\backend\auto_scripts\scripts\supershort\logs\auto_train\20250324_train_done.flag)
2025-03-24 22:33:38,815 - 检测到20250324的训练已经执行过 (标志文件: D:\my-vue-project\wind-power-forecast\backend\auto_scripts\scripts\supershort\logs\auto_train\20250324_train_done.flag)
2025-03-24 22:34:08,831 - 检测到20250324的训练已经执行过 (标志文件: D:\my-vue-project\wind-power-forecast\backend\auto_scripts\scripts\supershort\logs\auto_train\20250324_train_done.flag)
2025-03-24 22:34:38,843 - 检测到20250324的训练已经执行过 (标志文件: D:\my-vue-project\wind-power-forecast\backend\auto_scripts\scripts\supershort\logs\auto_train\20250324_train_done.flag)
2025-03-24 22:35:08,851 - 检测到20250324的训练已经执行过 (标志文件: D:\my-vue-project\wind-power-forecast\backend\auto_scripts\scripts\supershort\logs\auto_train\20250324_train_done.flag)
2025-03-24 22:35:38,856 - 检测到20250324的训练已经执行过 (标志文件: D:\my-vue-project\wind-power-forecast\backend\auto_scripts\scripts\supershort\logs\auto_train\20250324_train_done.flag)
2025-03-24 22:36:08,866 - 检测到20250324的训练已经执行过 (标志文件: D:\my-vue-project\wind-power-forecast\backend\auto_scripts\scripts\supershort\logs\auto_train\20250324_train_done.flag)
2025-03-24 22:36:38,877 - 检测到20250324的训练已经执行过 (标志文件: D:\my-vue-project\wind-power-forecast\backend\auto_scripts\scripts\supershort\logs\auto_train\20250324_train_done.flag)
2025-03-24 22:37:08,883 - 检测到20250324的训练已经执行过 (标志文件: D:\my-vue-project\wind-power-forecast\backend\auto_scripts\scripts\supershort\logs\auto_train\20250324_train_done.flag)
2025-03-24 22:37:38,898 - 检测到20250324的训练已经执行过 (标志文件: D:\my-vue-project\wind-power-forecast\backend\auto_scripts\scripts\supershort\logs\auto_train\20250324_train_done.flag)
2025-03-24 22:38:08,907 - 检测到20250324的训练已经执行过 (标志文件: D:\my-vue-project\wind-power-forecast\backend\auto_scripts\scripts\supershort\logs\auto_train\20250324_train_done.flag)
2025-03-24 22:38:38,921 - 检测到20250324的训练已经执行过 (标志文件: D:\my-vue-project\wind-power-forecast\backend\auto_scripts\scripts\supershort\logs\auto_train\20250324_train_done.flag)
2025-03-24 22:39:08,936 - 检测到20250324的训练已经执行过 (标志文件: D:\my-vue-project\wind-power-forecast\backend\auto_scripts\scripts\supershort\logs\auto_train\20250324_train_done.flag)
2025-03-24 22:39:38,950 - 检测到20250324的训练已经执行过 (标志文件: D:\my-vue-project\wind-power-forecast\backend\auto_scripts\scripts\supershort\logs\auto_train\20250324_train_done.flag)
2025-03-24 22:40:08,952 - 检测到20250324的训练已经执行过 (标志文件: D:\my-vue-project\wind-power-forecast\backend\auto_scripts\scripts\supershort\logs\auto_train\20250324_train_done.flag)
2025-03-24 22:40:38,968 - 检测到20250324的训练已经执行过 (标志文件: D:\my-vue-project\wind-power-forecast\backend\auto_scripts\scripts\supershort\logs\auto_train\20250324_train_done.flag)
2025-03-24 22:41:08,979 - 检测到20250324的训练已经执行过 (标志文件: D:\my-vue-project\wind-power-forecast\backend\auto_scripts\scripts\supershort\logs\auto_train\20250324_train_done.flag)
2025-03-24 22:41:38,983 - 检测到20250324的训练已经执行过 (标志文件: D:\my-vue-project\wind-power-forecast\backend\auto_scripts\scripts\supershort\logs\auto_train\20250324_train_done.flag)
2025-03-24 22:42:08,997 - 检测到20250324的训练已经执行过 (标志文件: D:\my-vue-project\wind-power-forecast\backend\auto_scripts\scripts\supershort\logs\auto_train\20250324_train_done.flag)
2025-03-24 22:42:39,008 - 检测到20250324的训练已经执行过 (标志文件: D:\my-vue-project\wind-power-forecast\backend\auto_scripts\scripts\supershort\logs\auto_train\20250324_train_done.flag)
2025-03-24 22:43:09,023 - 检测到20250324的训练已经执行过 (标志文件: D:\my-vue-project\wind-power-forecast\backend\auto_scripts\scripts\supershort\logs\auto_train\20250324_train_done.flag)
2025-03-24 22:43:39,036 - 检测到20250324的训练已经执行过 (标志文件: D:\my-vue-project\wind-power-forecast\backend\auto_scripts\scripts\supershort\logs\auto_train\20250324_train_done.flag)
2025-03-24 22:44:09,041 - 检测到20250324的训练已经执行过 (标志文件: D:\my-vue-project\wind-power-forecast\backend\auto_scripts\scripts\supershort\logs\auto_train\20250324_train_done.flag)
2025-03-24 22:44:39,052 - 检测到20250324的训练已经执行过 (标志文件: D:\my-vue-project\wind-power-forecast\backend\auto_scripts\scripts\supershort\logs\auto_train\20250324_train_done.flag)
2025-03-24 22:45:09,064 - 检测到20250324的训练已经执行过 (标志文件: D:\my-vue-project\wind-power-forecast\backend\auto_scripts\scripts\supershort\logs\auto_train\20250324_train_done.flag)
2025-03-24 22:45:39,072 - 检测到20250324的训练已经执行过 (标志文件: D:\my-vue-project\wind-power-forecast\backend\auto_scripts\scripts\supershort\logs\auto_train\20250324_train_done.flag)
2025-03-24 22:46:09,077 - 检测到20250324的训练已经执行过 (标志文件: D:\my-vue-project\wind-power-forecast\backend\auto_scripts\scripts\supershort\logs\auto_train\20250324_train_done.flag)
2025-03-24 22:46:39,086 - 检测到20250324的训练已经执行过 (标志文件: D:\my-vue-project\wind-power-forecast\backend\auto_scripts\scripts\supershort\logs\auto_train\20250324_train_done.flag)
2025-03-24 22:47:09,094 - 检测到20250324的训练已经执行过 (标志文件: D:\my-vue-project\wind-power-forecast\backend\auto_scripts\scripts\supershort\logs\auto_train\20250324_train_done.flag)
2025-03-24 22:47:39,106 - 检测到20250324的训练已经执行过 (标志文件: D:\my-vue-project\wind-power-forecast\backend\auto_scripts\scripts\supershort\logs\auto_train\20250324_train_done.flag)
2025-03-24 22:48:09,107 - 检测到20250324的训练已经执行过 (标志文件: D:\my-vue-project\wind-power-forecast\backend\auto_scripts\scripts\supershort\logs\auto_train\20250324_train_done.flag)
2025-03-24 22:48:39,113 - 检测到20250324的训练已经执行过 (标志文件: D:\my-vue-project\wind-power-forecast\backend\auto_scripts\scripts\supershort\logs\auto_train\20250324_train_done.flag)
2025-03-24 22:49:09,120 - 检测到20250324的训练已经执行过 (标志文件: D:\my-vue-project\wind-power-forecast\backend\auto_scripts\scripts\supershort\logs\auto_train\20250324_train_done.flag)
2025-03-24 22:49:39,124 - 检测到20250324的训练已经执行过 (标志文件: D:\my-vue-project\wind-power-forecast\backend\auto_scripts\scripts\supershort\logs\auto_train\20250324_train_done.flag)
2025-03-24 22:50:09,129 - 检测到20250324的训练已经执行过 (标志文件: D:\my-vue-project\wind-power-forecast\backend\auto_scripts\scripts\supershort\logs\auto_train\20250324_train_done.flag)
2025-03-24 22:50:39,134 - 检测到20250324的训练已经执行过 (标志文件: D:\my-vue-project\wind-power-forecast\backend\auto_scripts\scripts\supershort\logs\auto_train\20250324_train_done.flag)
2025-03-24 22:51:09,143 - 检测到20250324的训练已经执行过 (标志文件: D:\my-vue-project\wind-power-forecast\backend\auto_scripts\scripts\supershort\logs\auto_train\20250324_train_done.flag)
2025-03-24 22:51:39,152 - 检测到20250324的训练已经执行过 (标志文件: D:\my-vue-project\wind-power-forecast\backend\auto_scripts\scripts\supershort\logs\auto_train\20250324_train_done.flag)
2025-03-24 22:52:09,158 - 检测到20250324的训练已经执行过 (标志文件: D:\my-vue-project\wind-power-forecast\backend\auto_scripts\scripts\supershort\logs\auto_train\20250324_train_done.flag)
2025-03-24 22:52:39,159 - 检测到20250324的训练已经执行过 (标志文件: D:\my-vue-project\wind-power-forecast\backend\auto_scripts\scripts\supershort\logs\auto_train\20250324_train_done.flag)
2025-03-24 22:53:09,162 - 检测到20250324的训练已经执行过 (标志文件: D:\my-vue-project\wind-power-forecast\backend\auto_scripts\scripts\supershort\logs\auto_train\20250324_train_done.flag)
2025-03-24 22:53:39,177 - 检测到20250324的训练已经执行过 (标志文件: D:\my-vue-project\wind-power-forecast\backend\auto_scripts\scripts\supershort\logs\auto_train\20250324_train_done.flag)
2025-03-24 22:54:09,190 - 检测到20250324的训练已经执行过 (标志文件: D:\my-vue-project\wind-power-forecast\backend\auto_scripts\scripts\supershort\logs\auto_train\20250324_train_done.flag)
2025-03-24 22:54:39,197 - 检测到20250324的训练已经执行过 (标志文件: D:\my-vue-project\wind-power-forecast\backend\auto_scripts\scripts\supershort\logs\auto_train\20250324_train_done.flag)
2025-03-24 22:55:09,211 - 检测到20250324的训练已经执行过 (标志文件: D:\my-vue-project\wind-power-forecast\backend\auto_scripts\scripts\supershort\logs\auto_train\20250324_train_done.flag)
2025-03-24 22:55:39,216 - 检测到20250324的训练已经执行过 (标志文件: D:\my-vue-project\wind-power-forecast\backend\auto_scripts\scripts\supershort\logs\auto_train\20250324_train_done.flag)
2025-03-24 22:56:09,223 - 检测到20250324的训练已经执行过 (标志文件: D:\my-vue-project\wind-power-forecast\backend\auto_scripts\scripts\supershort\logs\auto_train\20250324_train_done.flag)
2025-03-24 22:56:39,227 - 检测到20250324的训练已经执行过 (标志文件: D:\my-vue-project\wind-power-forecast\backend\auto_scripts\scripts\supershort\logs\auto_train\20250324_train_done.flag)
2025-03-24 22:57:09,230 - 检测到20250324的训练已经执行过 (标志文件: D:\my-vue-project\wind-power-forecast\backend\auto_scripts\scripts\supershort\logs\auto_train\20250324_train_done.flag)
2025-03-24 22:57:39,244 - 检测到20250324的训练已经执行过 (标志文件: D:\my-vue-project\wind-power-forecast\backend\auto_scripts\scripts\supershort\logs\auto_train\20250324_train_done.flag)
2025-03-24 22:58:09,245 - 检测到20250324的训练已经执行过 (标志文件: D:\my-vue-project\wind-power-forecast\backend\auto_scripts\scripts\supershort\logs\auto_train\20250324_train_done.flag)
2025-03-24 22:58:39,248 - 检测到20250324的训练已经执行过 (标志文件: D:\my-vue-project\wind-power-forecast\backend\auto_scripts\scripts\supershort\logs\auto_train\20250324_train_done.flag)
2025-03-24 22:59:09,261 - 检测到20250324的训练已经执行过 (标志文件: D:\my-vue-project\wind-power-forecast\backend\auto_scripts\scripts\supershort\logs\auto_train\20250324_train_done.flag)
2025-03-24 22:59:39,267 - 检测到20250324的训练已经执行过 (标志文件: D:\my-vue-project\wind-power-forecast\backend\auto_scripts\scripts\supershort\logs\auto_train\20250324_train_done.flag)
2025-03-24 23:00:09,276 - 当前时间: 2025-03-24 23:00:09, 星期: 周一
2025-03-24 23:00:09,276 - 当前任务状态: 训练任务已执行=True, 参数优化任务已执行=False
2025-03-24 23:00:09,276 - 检测到20250324的训练已经执行过 (标志文件: D:\my-vue-project\wind-power-forecast\backend\auto_scripts\scripts\supershort\logs\auto_train\20250324_train_done.flag)
2025-03-24 23:00:39,290 - 当前时间: 2025-03-24 23:00:39, 星期: 周一
2025-03-24 23:00:39,290 - 当前任务状态: 训练任务已执行=True, 参数优化任务已执行=False
2025-03-24 23:00:39,290 - 检测到20250324的训练已经执行过 (标志文件: D:\my-vue-project\wind-power-forecast\backend\auto_scripts\scripts\supershort\logs\auto_train\20250324_train_done.flag)
2025-03-24 23:01:09,299 - 检测到20250324的训练已经执行过 (标志文件: D:\my-vue-project\wind-power-forecast\backend\auto_scripts\scripts\supershort\logs\auto_train\20250324_train_done.flag)
2025-03-24 23:01:39,310 - 检测到20250324的训练已经执行过 (标志文件: D:\my-vue-project\wind-power-forecast\backend\auto_scripts\scripts\supershort\logs\auto_train\20250324_train_done.flag)
2025-03-24 23:02:09,319 - 检测到20250324的训练已经执行过 (标志文件: D:\my-vue-project\wind-power-forecast\backend\auto_scripts\scripts\supershort\logs\auto_train\20250324_train_done.flag)
2025-03-24 23:02:39,333 - 检测到20250324的训练已经执行过 (标志文件: D:\my-vue-project\wind-power-forecast\backend\auto_scripts\scripts\supershort\logs\auto_train\20250324_train_done.flag)
2025-03-24 23:03:09,337 - 检测到20250324的训练已经执行过 (标志文件: D:\my-vue-project\wind-power-forecast\backend\auto_scripts\scripts\supershort\logs\auto_train\20250324_train_done.flag)
2025-03-24 23:03:39,338 - 检测到20250324的训练已经执行过 (标志文件: D:\my-vue-project\wind-power-forecast\backend\auto_scripts\scripts\supershort\logs\auto_train\20250324_train_done.flag)
2025-03-24 23:04:09,341 - 检测到20250324的训练已经执行过 (标志文件: D:\my-vue-project\wind-power-forecast\backend\auto_scripts\scripts\supershort\logs\auto_train\20250324_train_done.flag)
2025-03-24 23:04:39,352 - 检测到20250324的训练已经执行过 (标志文件: D:\my-vue-project\wind-power-forecast\backend\auto_scripts\scripts\supershort\logs\auto_train\20250324_train_done.flag)
2025-03-24 23:05:09,356 - 检测到20250324的训练已经执行过 (标志文件: D:\my-vue-project\wind-power-forecast\backend\auto_scripts\scripts\supershort\logs\auto_train\20250324_train_done.flag)
2025-03-24 23:05:39,371 - 检测到20250324的训练已经执行过 (标志文件: D:\my-vue-project\wind-power-forecast\backend\auto_scripts\scripts\supershort\logs\auto_train\20250324_train_done.flag)
2025-03-24 23:06:09,380 - 检测到20250324的训练已经执行过 (标志文件: D:\my-vue-project\wind-power-forecast\backend\auto_scripts\scripts\supershort\logs\auto_train\20250324_train_done.flag)
2025-03-24 23:06:39,381 - 检测到20250324的训练已经执行过 (标志文件: D:\my-vue-project\wind-power-forecast\backend\auto_scripts\scripts\supershort\logs\auto_train\20250324_train_done.flag)
2025-03-24 23:07:09,385 - 检测到20250324的训练已经执行过 (标志文件: D:\my-vue-project\wind-power-forecast\backend\auto_scripts\scripts\supershort\logs\auto_train\20250324_train_done.flag)
2025-03-24 23:07:39,400 - 检测到20250324的训练已经执行过 (标志文件: D:\my-vue-project\wind-power-forecast\backend\auto_scripts\scripts\supershort\logs\auto_train\20250324_train_done.flag)
2025-03-24 23:08:09,416 - 检测到20250324的训练已经执行过 (标志文件: D:\my-vue-project\wind-power-forecast\backend\auto_scripts\scripts\supershort\logs\auto_train\20250324_train_done.flag)
2025-03-24 23:08:39,425 - 检测到20250324的训练已经执行过 (标志文件: D:\my-vue-project\wind-power-forecast\backend\auto_scripts\scripts\supershort\logs\auto_train\20250324_train_done.flag)
2025-03-24 23:09:09,435 - 检测到20250324的训练已经执行过 (标志文件: D:\my-vue-project\wind-power-forecast\backend\auto_scripts\scripts\supershort\logs\auto_train\20250324_train_done.flag)
2025-03-24 23:09:39,439 - 检测到20250324的训练已经执行过 (标志文件: D:\my-vue-project\wind-power-forecast\backend\auto_scripts\scripts\supershort\logs\auto_train\20250324_train_done.flag)
2025-03-24 23:10:09,447 - 检测到20250324的训练已经执行过 (标志文件: D:\my-vue-project\wind-power-forecast\backend\auto_scripts\scripts\supershort\logs\auto_train\20250324_train_done.flag)
2025-03-24 23:10:39,456 - 检测到20250324的训练已经执行过 (标志文件: D:\my-vue-project\wind-power-forecast\backend\auto_scripts\scripts\supershort\logs\auto_train\20250324_train_done.flag)
2025-03-24 23:11:09,471 - 检测到20250324的训练已经执行过 (标志文件: D:\my-vue-project\wind-power-forecast\backend\auto_scripts\scripts\supershort\logs\auto_train\20250324_train_done.flag)
2025-03-24 23:11:39,482 - 检测到20250324的训练已经执行过 (标志文件: D:\my-vue-project\wind-power-forecast\backend\auto_scripts\scripts\supershort\logs\auto_train\20250324_train_done.flag)
2025-03-24 23:12:09,484 - 检测到20250324的训练已经执行过 (标志文件: D:\my-vue-project\wind-power-forecast\backend\auto_scripts\scripts\supershort\logs\auto_train\20250324_train_done.flag)
2025-03-24 23:12:39,485 - 检测到20250324的训练已经执行过 (标志文件: D:\my-vue-project\wind-power-forecast\backend\auto_scripts\scripts\supershort\logs\auto_train\20250324_train_done.flag)
2025-03-24 23:13:09,494 - 检测到20250324的训练已经执行过 (标志文件: D:\my-vue-project\wind-power-forecast\backend\auto_scripts\scripts\supershort\logs\auto_train\20250324_train_done.flag)
2025-03-24 23:13:39,501 - 检测到20250324的训练已经执行过 (标志文件: D:\my-vue-project\wind-power-forecast\backend\auto_scripts\scripts\supershort\logs\auto_train\20250324_train_done.flag)
2025-03-24 23:14:09,508 - 检测到20250324的训练已经执行过 (标志文件: D:\my-vue-project\wind-power-forecast\backend\auto_scripts\scripts\supershort\logs\auto_train\20250324_train_done.flag)
2025-03-24 23:14:39,522 - 检测到20250324的训练已经执行过 (标志文件: D:\my-vue-project\wind-power-forecast\backend\auto_scripts\scripts\supershort\logs\auto_train\20250324_train_done.flag)
2025-03-24 23:15:09,530 - 检测到20250324的训练已经执行过 (标志文件: D:\my-vue-project\wind-power-forecast\backend\auto_scripts\scripts\supershort\logs\auto_train\20250324_train_done.flag)
2025-03-24 23:15:39,543 - 检测到20250324的训练已经执行过 (标志文件: D:\my-vue-project\wind-power-forecast\backend\auto_scripts\scripts\supershort\logs\auto_train\20250324_train_done.flag)
2025-03-24 23:16:09,543 - 检测到20250324的训练已经执行过 (标志文件: D:\my-vue-project\wind-power-forecast\backend\auto_scripts\scripts\supershort\logs\auto_train\20250324_train_done.flag)
2025-03-24 23:16:39,546 - 检测到20250324的训练已经执行过 (标志文件: D:\my-vue-project\wind-power-forecast\backend\auto_scripts\scripts\supershort\logs\auto_train\20250324_train_done.flag)
2025-03-24 23:17:09,555 - 检测到20250324的训练已经执行过 (标志文件: D:\my-vue-project\wind-power-forecast\backend\auto_scripts\scripts\supershort\logs\auto_train\20250324_train_done.flag)
2025-03-24 23:17:39,570 - 检测到20250324的训练已经执行过 (标志文件: D:\my-vue-project\wind-power-forecast\backend\auto_scripts\scripts\supershort\logs\auto_train\20250324_train_done.flag)
2025-03-24 23:18:09,578 - 检测到20250324的训练已经执行过 (标志文件: D:\my-vue-project\wind-power-forecast\backend\auto_scripts\scripts\supershort\logs\auto_train\20250324_train_done.flag)
2025-03-24 23:18:39,589 - 检测到20250324的训练已经执行过 (标志文件: D:\my-vue-project\wind-power-forecast\backend\auto_scripts\scripts\supershort\logs\auto_train\20250324_train_done.flag)
2025-03-24 23:19:09,593 - 检测到20250324的训练已经执行过 (标志文件: D:\my-vue-project\wind-power-forecast\backend\auto_scripts\scripts\supershort\logs\auto_train\20250324_train_done.flag)
2025-03-24 23:19:39,606 - 检测到20250324的训练已经执行过 (标志文件: D:\my-vue-project\wind-power-forecast\backend\auto_scripts\scripts\supershort\logs\auto_train\20250324_train_done.flag)
2025-03-24 23:20:09,608 - 检测到20250324的训练已经执行过 (标志文件: D:\my-vue-project\wind-power-forecast\backend\auto_scripts\scripts\supershort\logs\auto_train\20250324_train_done.flag)
2025-03-24 23:20:39,615 - 检测到20250324的训练已经执行过 (标志文件: D:\my-vue-project\wind-power-forecast\backend\auto_scripts\scripts\supershort\logs\auto_train\20250324_train_done.flag)
2025-03-24 23:21:09,627 - 检测到20250324的训练已经执行过 (标志文件: D:\my-vue-project\wind-power-forecast\backend\auto_scripts\scripts\supershort\logs\auto_train\20250324_train_done.flag)
2025-03-24 23:21:39,629 - 检测到20250324的训练已经执行过 (标志文件: D:\my-vue-project\wind-power-forecast\backend\auto_scripts\scripts\supershort\logs\auto_train\20250324_train_done.flag)
2025-03-24 23:22:09,643 - 检测到20250324的训练已经执行过 (标志文件: D:\my-vue-project\wind-power-forecast\backend\auto_scripts\scripts\supershort\logs\auto_train\20250324_train_done.flag)
2025-03-24 23:22:39,650 - 检测到20250324的训练已经执行过 (标志文件: D:\my-vue-project\wind-power-forecast\backend\auto_scripts\scripts\supershort\logs\auto_train\20250324_train_done.flag)
2025-03-24 23:23:09,662 - 检测到20250324的训练已经执行过 (标志文件: D:\my-vue-project\wind-power-forecast\backend\auto_scripts\scripts\supershort\logs\auto_train\20250324_train_done.flag)
2025-03-24 23:23:39,665 - 检测到20250324的训练已经执行过 (标志文件: D:\my-vue-project\wind-power-forecast\backend\auto_scripts\scripts\supershort\logs\auto_train\20250324_train_done.flag)
2025-03-24 23:24:09,674 - 检测到20250324的训练已经执行过 (标志文件: D:\my-vue-project\wind-power-forecast\backend\auto_scripts\scripts\supershort\logs\auto_train\20250324_train_done.flag)
2025-03-24 23:24:39,679 - 检测到20250324的训练已经执行过 (标志文件: D:\my-vue-project\wind-power-forecast\backend\auto_scripts\scripts\supershort\logs\auto_train\20250324_train_done.flag)
2025-03-24 23:25:09,682 - 检测到20250324的训练已经执行过 (标志文件: D:\my-vue-project\wind-power-forecast\backend\auto_scripts\scripts\supershort\logs\auto_train\20250324_train_done.flag)
2025-03-24 23:25:39,696 - 检测到20250324的训练已经执行过 (标志文件: D:\my-vue-project\wind-power-forecast\backend\auto_scripts\scripts\supershort\logs\auto_train\20250324_train_done.flag)
2025-03-24 23:26:09,704 - 检测到20250324的训练已经执行过 (标志文件: D:\my-vue-project\wind-power-forecast\backend\auto_scripts\scripts\supershort\logs\auto_train\20250324_train_done.flag)
2025-03-24 23:26:39,705 - 检测到20250324的训练已经执行过 (标志文件: D:\my-vue-project\wind-power-forecast\backend\auto_scripts\scripts\supershort\logs\auto_train\20250324_train_done.flag)
2025-03-24 23:27:09,715 - 检测到20250324的训练已经执行过 (标志文件: D:\my-vue-project\wind-power-forecast\backend\auto_scripts\scripts\supershort\logs\auto_train\20250324_train_done.flag)
2025-03-24 23:27:39,720 - 检测到20250324的训练已经执行过 (标志文件: D:\my-vue-project\wind-power-forecast\backend\auto_scripts\scripts\supershort\logs\auto_train\20250324_train_done.flag)
2025-03-24 23:28:09,726 - 检测到20250324的训练已经执行过 (标志文件: D:\my-vue-project\wind-power-forecast\backend\auto_scripts\scripts\supershort\logs\auto_train\20250324_train_done.flag)
2025-03-24 23:28:39,732 - 检测到20250324的训练已经执行过 (标志文件: D:\my-vue-project\wind-power-forecast\backend\auto_scripts\scripts\supershort\logs\auto_train\20250324_train_done.flag)
2025-03-24 23:29:09,745 - 检测到20250324的训练已经执行过 (标志文件: D:\my-vue-project\wind-power-forecast\backend\auto_scripts\scripts\supershort\logs\auto_train\20250324_train_done.flag)
2025-03-24 23:29:39,749 - 检测到20250324的训练已经执行过 (标志文件: D:\my-vue-project\wind-power-forecast\backend\auto_scripts\scripts\supershort\logs\auto_train\20250324_train_done.flag)
2025-03-24 23:30:09,757 - 检测到20250324的训练已经执行过 (标志文件: D:\my-vue-project\wind-power-forecast\backend\auto_scripts\scripts\supershort\logs\auto_train\20250324_train_done.flag)
2025-03-24 23:30:39,772 - 检测到20250324的训练已经执行过 (标志文件: D:\my-vue-project\wind-power-forecast\backend\auto_scripts\scripts\supershort\logs\auto_train\20250324_train_done.flag)
2025-03-24 23:31:09,787 - 检测到20250324的训练已经执行过 (标志文件: D:\my-vue-project\wind-power-forecast\backend\auto_scripts\scripts\supershort\logs\auto_train\20250324_train_done.flag)
2025-03-24 23:31:39,792 - 检测到20250324的训练已经执行过 (标志文件: D:\my-vue-project\wind-power-forecast\backend\auto_scripts\scripts\supershort\logs\auto_train\20250324_train_done.flag)
2025-03-24 23:32:09,797 - 检测到20250324的训练已经执行过 (标志文件: D:\my-vue-project\wind-power-forecast\backend\auto_scripts\scripts\supershort\logs\auto_train\20250324_train_done.flag)
2025-03-24 23:32:39,807 - 检测到20250324的训练已经执行过 (标志文件: D:\my-vue-project\wind-power-forecast\backend\auto_scripts\scripts\supershort\logs\auto_train\20250324_train_done.flag)
2025-03-24 23:33:09,810 - 检测到20250324的训练已经执行过 (标志文件: D:\my-vue-project\wind-power-forecast\backend\auto_scripts\scripts\supershort\logs\auto_train\20250324_train_done.flag)
2025-03-24 23:33:39,814 - 检测到20250324的训练已经执行过 (标志文件: D:\my-vue-project\wind-power-forecast\backend\auto_scripts\scripts\supershort\logs\auto_train\20250324_train_done.flag)
2025-03-24 23:34:09,826 - 检测到20250324的训练已经执行过 (标志文件: D:\my-vue-project\wind-power-forecast\backend\auto_scripts\scripts\supershort\logs\auto_train\20250324_train_done.flag)
2025-03-24 23:34:39,841 - 检测到20250324的训练已经执行过 (标志文件: D:\my-vue-project\wind-power-forecast\backend\auto_scripts\scripts\supershort\logs\auto_train\20250324_train_done.flag)
2025-03-24 23:35:09,845 - 检测到20250324的训练已经执行过 (标志文件: D:\my-vue-project\wind-power-forecast\backend\auto_scripts\scripts\supershort\logs\auto_train\20250324_train_done.flag)
2025-03-24 23:35:39,851 - 检测到20250324的训练已经执行过 (标志文件: D:\my-vue-project\wind-power-forecast\backend\auto_scripts\scripts\supershort\logs\auto_train\20250324_train_done.flag)
2025-03-24 23:36:09,862 - 检测到20250324的训练已经执行过 (标志文件: D:\my-vue-project\wind-power-forecast\backend\auto_scripts\scripts\supershort\logs\auto_train\20250324_train_done.flag)
2025-03-24 23:36:39,866 - 检测到20250324的训练已经执行过 (标志文件: D:\my-vue-project\wind-power-forecast\backend\auto_scripts\scripts\supershort\logs\auto_train\20250324_train_done.flag)
2025-03-24 23:37:09,876 - 检测到20250324的训练已经执行过 (标志文件: D:\my-vue-project\wind-power-forecast\backend\auto_scripts\scripts\supershort\logs\auto_train\20250324_train_done.flag)
2025-03-24 23:37:39,884 - 检测到20250324的训练已经执行过 (标志文件: D:\my-vue-project\wind-power-forecast\backend\auto_scripts\scripts\supershort\logs\auto_train\20250324_train_done.flag)
2025-03-24 23:38:09,894 - 检测到20250324的训练已经执行过 (标志文件: D:\my-vue-project\wind-power-forecast\backend\auto_scripts\scripts\supershort\logs\auto_train\20250324_train_done.flag)
2025-03-24 23:38:39,905 - 检测到20250324的训练已经执行过 (标志文件: D:\my-vue-project\wind-power-forecast\backend\auto_scripts\scripts\supershort\logs\auto_train\20250324_train_done.flag)
2025-03-24 23:39:09,917 - 检测到20250324的训练已经执行过 (标志文件: D:\my-vue-project\wind-power-forecast\backend\auto_scripts\scripts\supershort\logs\auto_train\20250324_train_done.flag)
2025-03-24 23:39:39,923 - 检测到20250324的训练已经执行过 (标志文件: D:\my-vue-project\wind-power-forecast\backend\auto_scripts\scripts\supershort\logs\auto_train\20250324_train_done.flag)
2025-03-24 23:40:09,938 - 检测到20250324的训练已经执行过 (标志文件: D:\my-vue-project\wind-power-forecast\backend\auto_scripts\scripts\supershort\logs\auto_train\20250324_train_done.flag)
2025-03-24 23:40:39,947 - 检测到20250324的训练已经执行过 (标志文件: D:\my-vue-project\wind-power-forecast\backend\auto_scripts\scripts\supershort\logs\auto_train\20250324_train_done.flag)
2025-03-24 23:41:09,951 - 检测到20250324的训练已经执行过 (标志文件: D:\my-vue-project\wind-power-forecast\backend\auto_scripts\scripts\supershort\logs\auto_train\20250324_train_done.flag)
2025-03-24 23:41:39,954 - 检测到20250324的训练已经执行过 (标志文件: D:\my-vue-project\wind-power-forecast\backend\auto_scripts\scripts\supershort\logs\auto_train\20250324_train_done.flag)
2025-03-24 23:42:09,966 - 检测到20250324的训练已经执行过 (标志文件: D:\my-vue-project\wind-power-forecast\backend\auto_scripts\scripts\supershort\logs\auto_train\20250324_train_done.flag)
2025-03-24 23:42:39,982 - 检测到20250324的训练已经执行过 (标志文件: D:\my-vue-project\wind-power-forecast\backend\auto_scripts\scripts\supershort\logs\auto_train\20250324_train_done.flag)
2025-03-24 23:43:09,987 - 检测到20250324的训练已经执行过 (标志文件: D:\my-vue-project\wind-power-forecast\backend\auto_scripts\scripts\supershort\logs\auto_train\20250324_train_done.flag)
2025-03-24 23:43:40,003 - 检测到20250324的训练已经执行过 (标志文件: D:\my-vue-project\wind-power-forecast\backend\auto_scripts\scripts\supershort\logs\auto_train\20250324_train_done.flag)
2025-03-24 23:44:10,010 - 检测到20250324的训练已经执行过 (标志文件: D:\my-vue-project\wind-power-forecast\backend\auto_scripts\scripts\supershort\logs\auto_train\20250324_train_done.flag)
2025-03-24 23:44:40,025 - 检测到20250324的训练已经执行过 (标志文件: D:\my-vue-project\wind-power-forecast\backend\auto_scripts\scripts\supershort\logs\auto_train\20250324_train_done.flag)
2025-03-24 23:45:10,038 - 检测到20250324的训练已经执行过 (标志文件: D:\my-vue-project\wind-power-forecast\backend\auto_scripts\scripts\supershort\logs\auto_train\20250324_train_done.flag)
2025-03-24 23:45:40,045 - 检测到20250324的训练已经执行过 (标志文件: D:\my-vue-project\wind-power-forecast\backend\auto_scripts\scripts\supershort\logs\auto_train\20250324_train_done.flag)
2025-03-24 23:46:10,058 - 检测到20250324的训练已经执行过 (标志文件: D:\my-vue-project\wind-power-forecast\backend\auto_scripts\scripts\supershort\logs\auto_train\20250324_train_done.flag)
2025-03-24 23:46:40,071 - 检测到20250324的训练已经执行过 (标志文件: D:\my-vue-project\wind-power-forecast\backend\auto_scripts\scripts\supershort\logs\auto_train\20250324_train_done.flag)
2025-03-24 23:47:10,082 - 检测到20250324的训练已经执行过 (标志文件: D:\my-vue-project\wind-power-forecast\backend\auto_scripts\scripts\supershort\logs\auto_train\20250324_train_done.flag)
2025-03-24 23:47:40,092 - 检测到20250324的训练已经执行过 (标志文件: D:\my-vue-project\wind-power-forecast\backend\auto_scripts\scripts\supershort\logs\auto_train\20250324_train_done.flag)
2025-03-24 23:48:10,093 - 检测到20250324的训练已经执行过 (标志文件: D:\my-vue-project\wind-power-forecast\backend\auto_scripts\scripts\supershort\logs\auto_train\20250324_train_done.flag)
2025-03-24 23:48:40,100 - 检测到20250324的训练已经执行过 (标志文件: D:\my-vue-project\wind-power-forecast\backend\auto_scripts\scripts\supershort\logs\auto_train\20250324_train_done.flag)
2025-03-24 23:49:10,106 - 检测到20250324的训练已经执行过 (标志文件: D:\my-vue-project\wind-power-forecast\backend\auto_scripts\scripts\supershort\logs\auto_train\20250324_train_done.flag)
2025-03-24 23:49:40,119 - 检测到20250324的训练已经执行过 (标志文件: D:\my-vue-project\wind-power-forecast\backend\auto_scripts\scripts\supershort\logs\auto_train\20250324_train_done.flag)
2025-03-24 23:50:10,135 - 检测到20250324的训练已经执行过 (标志文件: D:\my-vue-project\wind-power-forecast\backend\auto_scripts\scripts\supershort\logs\auto_train\20250324_train_done.flag)
2025-03-24 23:50:40,147 - 检测到20250324的训练已经执行过 (标志文件: D:\my-vue-project\wind-power-forecast\backend\auto_scripts\scripts\supershort\logs\auto_train\20250324_train_done.flag)
2025-03-24 23:51:10,155 - 检测到20250324的训练已经执行过 (标志文件: D:\my-vue-project\wind-power-forecast\backend\auto_scripts\scripts\supershort\logs\auto_train\20250324_train_done.flag)
2025-03-24 23:51:40,169 - 检测到20250324的训练已经执行过 (标志文件: D:\my-vue-project\wind-power-forecast\backend\auto_scripts\scripts\supershort\logs\auto_train\20250324_train_done.flag)
2025-03-24 23:52:10,171 - 检测到20250324的训练已经执行过 (标志文件: D:\my-vue-project\wind-power-forecast\backend\auto_scripts\scripts\supershort\logs\auto_train\20250324_train_done.flag)
2025-03-24 23:52:40,185 - 检测到20250324的训练已经执行过 (标志文件: D:\my-vue-project\wind-power-forecast\backend\auto_scripts\scripts\supershort\logs\auto_train\20250324_train_done.flag)
2025-03-24 23:53:10,185 - 检测到20250324的训练已经执行过 (标志文件: D:\my-vue-project\wind-power-forecast\backend\auto_scripts\scripts\supershort\logs\auto_train\20250324_train_done.flag)
2025-03-24 23:53:40,193 - 检测到20250324的训练已经执行过 (标志文件: D:\my-vue-project\wind-power-forecast\backend\auto_scripts\scripts\supershort\logs\auto_train\20250324_train_done.flag)
2025-03-24 23:54:10,196 - 检测到20250324的训练已经执行过 (标志文件: D:\my-vue-project\wind-power-forecast\backend\auto_scripts\scripts\supershort\logs\auto_train\20250324_train_done.flag)
2025-03-24 23:54:40,199 - 检测到20250324的训练已经执行过 (标志文件: D:\my-vue-project\wind-power-forecast\backend\auto_scripts\scripts\supershort\logs\auto_train\20250324_train_done.flag)
2025-03-24 23:55:10,206 - 检测到20250324的训练已经执行过 (标志文件: D:\my-vue-project\wind-power-forecast\backend\auto_scripts\scripts\supershort\logs\auto_train\20250324_train_done.flag)
2025-03-24 23:55:40,218 - 检测到20250324的训练已经执行过 (标志文件: D:\my-vue-project\wind-power-forecast\backend\auto_scripts\scripts\supershort\logs\auto_train\20250324_train_done.flag)
2025-03-24 23:56:10,220 - 检测到20250324的训练已经执行过 (标志文件: D:\my-vue-project\wind-power-forecast\backend\auto_scripts\scripts\supershort\logs\auto_train\20250324_train_done.flag)
2025-03-24 23:56:40,225 - 检测到20250324的训练已经执行过 (标志文件: D:\my-vue-project\wind-power-forecast\backend\auto_scripts\scripts\supershort\logs\auto_train\20250324_train_done.flag)
2025-03-24 23:57:10,228 - 检测到20250324的训练已经执行过 (标志文件: D:\my-vue-project\wind-power-forecast\backend\auto_scripts\scripts\supershort\logs\auto_train\20250324_train_done.flag)
2025-03-24 23:57:40,241 - 检测到20250324的训练已经执行过 (标志文件: D:\my-vue-project\wind-power-forecast\backend\auto_scripts\scripts\supershort\logs\auto_train\20250324_train_done.flag)
2025-03-24 23:58:10,249 - 检测到20250324的训练已经执行过 (标志文件: D:\my-vue-project\wind-power-forecast\backend\auto_scripts\scripts\supershort\logs\auto_train\20250324_train_done.flag)
2025-03-24 23:58:40,254 - 检测到20250324的训练已经执行过 (标志文件: D:\my-vue-project\wind-power-forecast\backend\auto_scripts\scripts\supershort\logs\auto_train\20250324_train_done.flag)
2025-03-24 23:59:10,269 - 检测到20250324的训练已经执行过 (标志文件: D:\my-vue-project\wind-power-forecast\backend\auto_scripts\scripts\supershort\logs\auto_train\20250324_train_done.flag)
2025-03-24 23:59:40,279 - 检测到20250324的训练已经执行过 (标志文件: D:\my-vue-project\wind-power-forecast\backend\auto_scripts\scripts\supershort\logs\auto_train\20250324_train_done.flag)
2025-03-25 00:00:10,289 - 当前时间: 2025-03-25 00:00:10, 星期: 周二
2025-03-25 00:00:10,290 - 当前任务状态: 训练任务已执行=False, 参数优化任务已执行=False
2025-03-25 00:00:40,296 - 当前时间: 2025-03-25 00:00:40, 星期: 周二
2025-03-25 00:00:40,297 - 当前任务状态: 训练任务已执行=False, 参数优化任务已执行=False
2025-03-25 01:00:11,204 - 当前时间: 2025-03-25 01:00:11, 星期: 周二
2025-03-25 01:00:11,205 - 当前任务状态: 训练任务已执行=False, 参数优化任务已执行=False
2025-03-25 01:00:41,219 - 当前时间: 2025-03-25 01:00:41, 星期: 周二
2025-03-25 01:00:41,219 - 当前任务状态: 训练任务已执行=False, 参数优化任务已执行=False
2025-03-25 02:00:12,250 - False
2025-03-25 02:00:12,250 - 执行 auto_train.py
2025-03-25 02:23:10,035 - auto_train.py 执行成功
2025-03-25 02:23:10,043 - 检测到20250325的训练已经执行过 (标志文件: D:\my-vue-project\wind-power-forecast\backend\auto_scripts\scripts\supershort\logs\auto_train\20250325_train_done.flag)
2025-03-25 02:23:40,046 - 检测到20250325的训练已经执行过 (标志文件: D:\my-vue-project\wind-power-forecast\backend\auto_scripts\scripts\supershort\logs\auto_train\20250325_train_done.flag)
2025-03-25 02:24:10,055 - 检测到20250325的训练已经执行过 (标志文件: D:\my-vue-project\wind-power-forecast\backend\auto_scripts\scripts\supershort\logs\auto_train\20250325_train_done.flag)
2025-03-25 02:24:40,066 - 检测到20250325的训练已经执行过 (标志文件: D:\my-vue-project\wind-power-forecast\backend\auto_scripts\scripts\supershort\logs\auto_train\20250325_train_done.flag)
2025-03-25 02:25:10,081 - 检测到20250325的训练已经执行过 (标志文件: D:\my-vue-project\wind-power-forecast\backend\auto_scripts\scripts\supershort\logs\auto_train\20250325_train_done.flag)
2025-03-25 02:25:40,096 - 检测到20250325的训练已经执行过 (标志文件: D:\my-vue-project\wind-power-forecast\backend\auto_scripts\scripts\supershort\logs\auto_train\20250325_train_done.flag)
2025-03-25 02:26:10,096 - 检测到20250325的训练已经执行过 (标志文件: D:\my-vue-project\wind-power-forecast\backend\auto_scripts\scripts\supershort\logs\auto_train\20250325_train_done.flag)
2025-03-25 02:26:40,110 - 检测到20250325的训练已经执行过 (标志文件: D:\my-vue-project\wind-power-forecast\backend\auto_scripts\scripts\supershort\logs\auto_train\20250325_train_done.flag)
2025-03-25 02:27:10,119 - 检测到20250325的训练已经执行过 (标志文件: D:\my-vue-project\wind-power-forecast\backend\auto_scripts\scripts\supershort\logs\auto_train\20250325_train_done.flag)
2025-03-25 02:27:40,124 - 检测到20250325的训练已经执行过 (标志文件: D:\my-vue-project\wind-power-forecast\backend\auto_scripts\scripts\supershort\logs\auto_train\20250325_train_done.flag)
2025-03-25 02:28:10,130 - 检测到20250325的训练已经执行过 (标志文件: D:\my-vue-project\wind-power-forecast\backend\auto_scripts\scripts\supershort\logs\auto_train\20250325_train_done.flag)
2025-03-25 02:28:40,144 - 检测到20250325的训练已经执行过 (标志文件: D:\my-vue-project\wind-power-forecast\backend\auto_scripts\scripts\supershort\logs\auto_train\20250325_train_done.flag)
2025-03-25 02:29:10,145 - 检测到20250325的训练已经执行过 (标志文件: D:\my-vue-project\wind-power-forecast\backend\auto_scripts\scripts\supershort\logs\auto_train\20250325_train_done.flag)
2025-03-25 02:29:40,160 - 检测到20250325的训练已经执行过 (标志文件: D:\my-vue-project\wind-power-forecast\backend\auto_scripts\scripts\supershort\logs\auto_train\20250325_train_done.flag)
2025-03-25 02:30:10,161 - 检测到20250325的训练已经执行过 (标志文件: D:\my-vue-project\wind-power-forecast\backend\auto_scripts\scripts\supershort\logs\auto_train\20250325_train_done.flag)
2025-03-25 02:30:40,175 - 检测到20250325的训练已经执行过 (标志文件: D:\my-vue-project\wind-power-forecast\backend\auto_scripts\scripts\supershort\logs\auto_train\20250325_train_done.flag)
2025-03-25 02:31:10,187 - 检测到20250325的训练已经执行过 (标志文件: D:\my-vue-project\wind-power-forecast\backend\auto_scripts\scripts\supershort\logs\auto_train\20250325_train_done.flag)
2025-03-25 02:31:40,198 - 检测到20250325的训练已经执行过 (标志文件: D:\my-vue-project\wind-power-forecast\backend\auto_scripts\scripts\supershort\logs\auto_train\20250325_train_done.flag)
2025-03-25 02:32:10,200 - 检测到20250325的训练已经执行过 (标志文件: D:\my-vue-project\wind-power-forecast\backend\auto_scripts\scripts\supershort\logs\auto_train\20250325_train_done.flag)
2025-03-25 02:32:40,207 - 检测到20250325的训练已经执行过 (标志文件: D:\my-vue-project\wind-power-forecast\backend\auto_scripts\scripts\supershort\logs\auto_train\20250325_train_done.flag)
2025-03-25 02:33:10,215 - 检测到20250325的训练已经执行过 (标志文件: D:\my-vue-project\wind-power-forecast\backend\auto_scripts\scripts\supershort\logs\auto_train\20250325_train_done.flag)
2025-03-25 02:33:40,217 - 检测到20250325的训练已经执行过 (标志文件: D:\my-vue-project\wind-power-forecast\backend\auto_scripts\scripts\supershort\logs\auto_train\20250325_train_done.flag)
2025-03-25 02:34:10,233 - 检测到20250325的训练已经执行过 (标志文件: D:\my-vue-project\wind-power-forecast\backend\auto_scripts\scripts\supershort\logs\auto_train\20250325_train_done.flag)
2025-03-25 02:34:40,239 - 检测到20250325的训练已经执行过 (标志文件: D:\my-vue-project\wind-power-forecast\backend\auto_scripts\scripts\supershort\logs\auto_train\20250325_train_done.flag)
2025-03-25 02:35:10,249 - 检测到20250325的训练已经执行过 (标志文件: D:\my-vue-project\wind-power-forecast\backend\auto_scripts\scripts\supershort\logs\auto_train\20250325_train_done.flag)
2025-03-25 02:35:40,259 - 检测到20250325的训练已经执行过 (标志文件: D:\my-vue-project\wind-power-forecast\backend\auto_scripts\scripts\supershort\logs\auto_train\20250325_train_done.flag)
2025-03-25 02:36:10,269 - 检测到20250325的训练已经执行过 (标志文件: D:\my-vue-project\wind-power-forecast\backend\auto_scripts\scripts\supershort\logs\auto_train\20250325_train_done.flag)
2025-03-25 02:36:40,283 - 检测到20250325的训练已经执行过 (标志文件: D:\my-vue-project\wind-power-forecast\backend\auto_scripts\scripts\supershort\logs\auto_train\20250325_train_done.flag)
2025-03-25 02:37:10,296 - 检测到20250325的训练已经执行过 (标志文件: D:\my-vue-project\wind-power-forecast\backend\auto_scripts\scripts\supershort\logs\auto_train\20250325_train_done.flag)
2025-03-25 02:37:40,310 - 检测到20250325的训练已经执行过 (标志文件: D:\my-vue-project\wind-power-forecast\backend\auto_scripts\scripts\supershort\logs\auto_train\20250325_train_done.flag)
2025-03-25 02:38:10,318 - 检测到20250325的训练已经执行过 (标志文件: D:\my-vue-project\wind-power-forecast\backend\auto_scripts\scripts\supershort\logs\auto_train\20250325_train_done.flag)
2025-03-25 02:38:40,323 - 检测到20250325的训练已经执行过 (标志文件: D:\my-vue-project\wind-power-forecast\backend\auto_scripts\scripts\supershort\logs\auto_train\20250325_train_done.flag)
2025-03-25 02:39:10,324 - 检测到20250325的训练已经执行过 (标志文件: D:\my-vue-project\wind-power-forecast\backend\auto_scripts\scripts\supershort\logs\auto_train\20250325_train_done.flag)
2025-03-25 02:39:40,326 - 检测到20250325的训练已经执行过 (标志文件: D:\my-vue-project\wind-power-forecast\backend\auto_scripts\scripts\supershort\logs\auto_train\20250325_train_done.flag)
2025-03-25 02:40:10,330 - 检测到20250325的训练已经执行过 (标志文件: D:\my-vue-project\wind-power-forecast\backend\auto_scripts\scripts\supershort\logs\auto_train\20250325_train_done.flag)
2025-03-25 02:40:40,343 - 检测到20250325的训练已经执行过 (标志文件: D:\my-vue-project\wind-power-forecast\backend\auto_scripts\scripts\supershort\logs\auto_train\20250325_train_done.flag)
2025-03-25 02:41:10,347 - 检测到20250325的训练已经执行过 (标志文件: D:\my-vue-project\wind-power-forecast\backend\auto_scripts\scripts\supershort\logs\auto_train\20250325_train_done.flag)
2025-03-25 02:41:40,351 - 检测到20250325的训练已经执行过 (标志文件: D:\my-vue-project\wind-power-forecast\backend\auto_scripts\scripts\supershort\logs\auto_train\20250325_train_done.flag)
2025-03-25 02:42:10,352 - 检测到20250325的训练已经执行过 (标志文件: D:\my-vue-project\wind-power-forecast\backend\auto_scripts\scripts\supershort\logs\auto_train\20250325_train_done.flag)
2025-03-25 02:42:40,358 - 检测到20250325的训练已经执行过 (标志文件: D:\my-vue-project\wind-power-forecast\backend\auto_scripts\scripts\supershort\logs\auto_train\20250325_train_done.flag)
2025-03-25 02:43:10,365 - 检测到20250325的训练已经执行过 (标志文件: D:\my-vue-project\wind-power-forecast\backend\auto_scripts\scripts\supershort\logs\auto_train\20250325_train_done.flag)
2025-03-25 02:43:40,378 - 检测到20250325的训练已经执行过 (标志文件: D:\my-vue-project\wind-power-forecast\backend\auto_scripts\scripts\supershort\logs\auto_train\20250325_train_done.flag)
2025-03-25 02:44:10,384 - 检测到20250325的训练已经执行过 (标志文件: D:\my-vue-project\wind-power-forecast\backend\auto_scripts\scripts\supershort\logs\auto_train\20250325_train_done.flag)
2025-03-25 02:44:40,391 - 检测到20250325的训练已经执行过 (标志文件: D:\my-vue-project\wind-power-forecast\backend\auto_scripts\scripts\supershort\logs\auto_train\20250325_train_done.flag)
2025-03-25 02:45:10,406 - 检测到20250325的训练已经执行过 (标志文件: D:\my-vue-project\wind-power-forecast\backend\auto_scripts\scripts\supershort\logs\auto_train\20250325_train_done.flag)
2025-03-25 02:45:40,412 - 检测到20250325的训练已经执行过 (标志文件: D:\my-vue-project\wind-power-forecast\backend\auto_scripts\scripts\supershort\logs\auto_train\20250325_train_done.flag)
2025-03-25 02:46:10,416 - 检测到20250325的训练已经执行过 (标志文件: D:\my-vue-project\wind-power-forecast\backend\auto_scripts\scripts\supershort\logs\auto_train\20250325_train_done.flag)
2025-03-25 02:46:40,431 - 检测到20250325的训练已经执行过 (标志文件: D:\my-vue-project\wind-power-forecast\backend\auto_scripts\scripts\supershort\logs\auto_train\20250325_train_done.flag)
2025-03-25 02:47:10,445 - 检测到20250325的训练已经执行过 (标志文件: D:\my-vue-project\wind-power-forecast\backend\auto_scripts\scripts\supershort\logs\auto_train\20250325_train_done.flag)
2025-03-25 02:47:40,455 - 检测到20250325的训练已经执行过 (标志文件: D:\my-vue-project\wind-power-forecast\backend\auto_scripts\scripts\supershort\logs\auto_train\20250325_train_done.flag)
2025-03-25 02:48:10,459 - 检测到20250325的训练已经执行过 (标志文件: D:\my-vue-project\wind-power-forecast\backend\auto_scripts\scripts\supershort\logs\auto_train\20250325_train_done.flag)
2025-03-25 02:48:40,474 - 检测到20250325的训练已经执行过 (标志文件: D:\my-vue-project\wind-power-forecast\backend\auto_scripts\scripts\supershort\logs\auto_train\20250325_train_done.flag)
2025-03-25 02:49:10,483 - 检测到20250325的训练已经执行过 (标志文件: D:\my-vue-project\wind-power-forecast\backend\auto_scripts\scripts\supershort\logs\auto_train\20250325_train_done.flag)
2025-03-25 02:49:40,486 - 检测到20250325的训练已经执行过 (标志文件: D:\my-vue-project\wind-power-forecast\backend\auto_scripts\scripts\supershort\logs\auto_train\20250325_train_done.flag)
2025-03-25 02:50:10,495 - 检测到20250325的训练已经执行过 (标志文件: D:\my-vue-project\wind-power-forecast\backend\auto_scripts\scripts\supershort\logs\auto_train\20250325_train_done.flag)
2025-03-25 02:50:40,504 - 检测到20250325的训练已经执行过 (标志文件: D:\my-vue-project\wind-power-forecast\backend\auto_scripts\scripts\supershort\logs\auto_train\20250325_train_done.flag)
2025-03-25 02:51:10,514 - 检测到20250325的训练已经执行过 (标志文件: D:\my-vue-project\wind-power-forecast\backend\auto_scripts\scripts\supershort\logs\auto_train\20250325_train_done.flag)
2025-03-25 02:51:40,519 - 检测到20250325的训练已经执行过 (标志文件: D:\my-vue-project\wind-power-forecast\backend\auto_scripts\scripts\supershort\logs\auto_train\20250325_train_done.flag)
2025-03-25 02:52:10,525 - 检测到20250325的训练已经执行过 (标志文件: D:\my-vue-project\wind-power-forecast\backend\auto_scripts\scripts\supershort\logs\auto_train\20250325_train_done.flag)
2025-03-25 02:52:40,532 - 检测到20250325的训练已经执行过 (标志文件: D:\my-vue-project\wind-power-forecast\backend\auto_scripts\scripts\supershort\logs\auto_train\20250325_train_done.flag)
2025-03-25 02:53:10,535 - 检测到20250325的训练已经执行过 (标志文件: D:\my-vue-project\wind-power-forecast\backend\auto_scripts\scripts\supershort\logs\auto_train\20250325_train_done.flag)
2025-03-25 02:53:40,539 - 检测到20250325的训练已经执行过 (标志文件: D:\my-vue-project\wind-power-forecast\backend\auto_scripts\scripts\supershort\logs\auto_train\20250325_train_done.flag)
2025-03-25 02:54:10,542 - 检测到20250325的训练已经执行过 (标志文件: D:\my-vue-project\wind-power-forecast\backend\auto_scripts\scripts\supershort\logs\auto_train\20250325_train_done.flag)
2025-03-25 02:54:40,546 - 检测到20250325的训练已经执行过 (标志文件: D:\my-vue-project\wind-power-forecast\backend\auto_scripts\scripts\supershort\logs\auto_train\20250325_train_done.flag)
2025-03-25 02:55:10,555 - 检测到20250325的训练已经执行过 (标志文件: D:\my-vue-project\wind-power-forecast\backend\auto_scripts\scripts\supershort\logs\auto_train\20250325_train_done.flag)
2025-03-25 02:55:40,566 - 检测到20250325的训练已经执行过 (标志文件: D:\my-vue-project\wind-power-forecast\backend\auto_scripts\scripts\supershort\logs\auto_train\20250325_train_done.flag)
2025-03-25 02:56:10,577 - 检测到20250325的训练已经执行过 (标志文件: D:\my-vue-project\wind-power-forecast\backend\auto_scripts\scripts\supershort\logs\auto_train\20250325_train_done.flag)
2025-03-25 02:56:40,582 - 检测到20250325的训练已经执行过 (标志文件: D:\my-vue-project\wind-power-forecast\backend\auto_scripts\scripts\supershort\logs\auto_train\20250325_train_done.flag)
2025-03-25 02:57:10,594 - 检测到20250325的训练已经执行过 (标志文件: D:\my-vue-project\wind-power-forecast\backend\auto_scripts\scripts\supershort\logs\auto_train\20250325_train_done.flag)
2025-03-25 02:57:40,596 - 检测到20250325的训练已经执行过 (标志文件: D:\my-vue-project\wind-power-forecast\backend\auto_scripts\scripts\supershort\logs\auto_train\20250325_train_done.flag)
2025-03-25 02:58:10,600 - 检测到20250325的训练已经执行过 (标志文件: D:\my-vue-project\wind-power-forecast\backend\auto_scripts\scripts\supershort\logs\auto_train\20250325_train_done.flag)
2025-03-25 02:58:40,601 - 检测到20250325的训练已经执行过 (标志文件: D:\my-vue-project\wind-power-forecast\backend\auto_scripts\scripts\supershort\logs\auto_train\20250325_train_done.flag)
2025-03-25 02:59:10,607 - 检测到20250325的训练已经执行过 (标志文件: D:\my-vue-project\wind-power-forecast\backend\auto_scripts\scripts\supershort\logs\auto_train\20250325_train_done.flag)
2025-03-25 02:59:40,620 - 检测到20250325的训练已经执行过 (标志文件: D:\my-vue-project\wind-power-forecast\backend\auto_scripts\scripts\supershort\logs\auto_train\20250325_train_done.flag)
2025-03-25 03:00:10,628 - 当前时间: 2025-03-25 03:00:10, 星期: 周二
2025-03-25 03:00:10,629 - 当前任务状态: 训练任务已执行=True, 参数优化任务已执行=False
2025-03-25 03:00:10,630 - 检测到20250325的训练已经执行过 (标志文件: D:\my-vue-project\wind-power-forecast\backend\auto_scripts\scripts\supershort\logs\auto_train\20250325_train_done.flag)
2025-03-25 03:00:40,636 - 当前时间: 2025-03-25 03:00:40, 星期: 周二
2025-03-25 03:00:40,636 - 当前任务状态: 训练任务已执行=True, 参数优化任务已执行=False
2025-03-25 03:00:40,637 - 检测到20250325的训练已经执行过 (标志文件: D:\my-vue-project\wind-power-forecast\backend\auto_scripts\scripts\supershort\logs\auto_train\20250325_train_done.flag)
2025-03-25 03:01:10,642 - 检测到20250325的训练已经执行过 (标志文件: D:\my-vue-project\wind-power-forecast\backend\auto_scripts\scripts\supershort\logs\auto_train\20250325_train_done.flag)
2025-03-25 03:01:40,643 - 检测到20250325的训练已经执行过 (标志文件: D:\my-vue-project\wind-power-forecast\backend\auto_scripts\scripts\supershort\logs\auto_train\20250325_train_done.flag)
2025-03-25 03:02:10,646 - 检测到20250325的训练已经执行过 (标志文件: D:\my-vue-project\wind-power-forecast\backend\auto_scripts\scripts\supershort\logs\auto_train\20250325_train_done.flag)
2025-03-25 03:02:40,655 - 检测到20250325的训练已经执行过 (标志文件: D:\my-vue-project\wind-power-forecast\backend\auto_scripts\scripts\supershort\logs\auto_train\20250325_train_done.flag)
2025-03-25 03:03:10,671 - 检测到20250325的训练已经执行过 (标志文件: D:\my-vue-project\wind-power-forecast\backend\auto_scripts\scripts\supershort\logs\auto_train\20250325_train_done.flag)
2025-03-25 03:03:40,672 - 检测到20250325的训练已经执行过 (标志文件: D:\my-vue-project\wind-power-forecast\backend\auto_scripts\scripts\supershort\logs\auto_train\20250325_train_done.flag)
2025-03-25 03:04:10,674 - 检测到20250325的训练已经执行过 (标志文件: D:\my-vue-project\wind-power-forecast\backend\auto_scripts\scripts\supershort\logs\auto_train\20250325_train_done.flag)
2025-03-25 03:04:40,688 - 检测到20250325的训练已经执行过 (标志文件: D:\my-vue-project\wind-power-forecast\backend\auto_scripts\scripts\supershort\logs\auto_train\20250325_train_done.flag)
2025-03-25 03:05:10,703 - 检测到20250325的训练已经执行过 (标志文件: D:\my-vue-project\wind-power-forecast\backend\auto_scripts\scripts\supershort\logs\auto_train\20250325_train_done.flag)
2025-03-25 03:05:40,715 - 检测到20250325的训练已经执行过 (标志文件: D:\my-vue-project\wind-power-forecast\backend\auto_scripts\scripts\supershort\logs\auto_train\20250325_train_done.flag)
2025-03-25 03:06:10,716 - 检测到20250325的训练已经执行过 (标志文件: D:\my-vue-project\wind-power-forecast\backend\auto_scripts\scripts\supershort\logs\auto_train\20250325_train_done.flag)
2025-03-25 03:06:40,723 - 检测到20250325的训练已经执行过 (标志文件: D:\my-vue-project\wind-power-forecast\backend\auto_scripts\scripts\supershort\logs\auto_train\20250325_train_done.flag)
2025-03-25 03:07:10,724 - 检测到20250325的训练已经执行过 (标志文件: D:\my-vue-project\wind-power-forecast\backend\auto_scripts\scripts\supershort\logs\auto_train\20250325_train_done.flag)
2025-03-25 03:07:40,740 - 检测到20250325的训练已经执行过 (标志文件: D:\my-vue-project\wind-power-forecast\backend\auto_scripts\scripts\supershort\logs\auto_train\20250325_train_done.flag)
2025-03-25 03:08:10,751 - 检测到20250325的训练已经执行过 (标志文件: D:\my-vue-project\wind-power-forecast\backend\auto_scripts\scripts\supershort\logs\auto_train\20250325_train_done.flag)
2025-03-25 03:08:40,764 - 检测到20250325的训练已经执行过 (标志文件: D:\my-vue-project\wind-power-forecast\backend\auto_scripts\scripts\supershort\logs\auto_train\20250325_train_done.flag)
2025-03-25 03:09:10,778 - 检测到20250325的训练已经执行过 (标志文件: D:\my-vue-project\wind-power-forecast\backend\auto_scripts\scripts\supershort\logs\auto_train\20250325_train_done.flag)
2025-03-25 03:09:40,780 - 检测到20250325的训练已经执行过 (标志文件: D:\my-vue-project\wind-power-forecast\backend\auto_scripts\scripts\supershort\logs\auto_train\20250325_train_done.flag)
2025-03-25 03:10:10,794 - 检测到20250325的训练已经执行过 (标志文件: D:\my-vue-project\wind-power-forecast\backend\auto_scripts\scripts\supershort\logs\auto_train\20250325_train_done.flag)
2025-03-25 03:10:40,803 - 检测到20250325的训练已经执行过 (标志文件: D:\my-vue-project\wind-power-forecast\backend\auto_scripts\scripts\supershort\logs\auto_train\20250325_train_done.flag)
2025-03-25 03:11:10,817 - 检测到20250325的训练已经执行过 (标志文件: D:\my-vue-project\wind-power-forecast\backend\auto_scripts\scripts\supershort\logs\auto_train\20250325_train_done.flag)
2025-03-25 03:11:40,833 - 检测到20250325的训练已经执行过 (标志文件: D:\my-vue-project\wind-power-forecast\backend\auto_scripts\scripts\supershort\logs\auto_train\20250325_train_done.flag)
2025-03-25 03:12:10,844 - 检测到20250325的训练已经执行过 (标志文件: D:\my-vue-project\wind-power-forecast\backend\auto_scripts\scripts\supershort\logs\auto_train\20250325_train_done.flag)
2025-03-25 03:12:40,852 - 检测到20250325的训练已经执行过 (标志文件: D:\my-vue-project\wind-power-forecast\backend\auto_scripts\scripts\supershort\logs\auto_train\20250325_train_done.flag)
2025-03-25 03:13:10,863 - 检测到20250325的训练已经执行过 (标志文件: D:\my-vue-project\wind-power-forecast\backend\auto_scripts\scripts\supershort\logs\auto_train\20250325_train_done.flag)
2025-03-25 03:13:40,874 - 检测到20250325的训练已经执行过 (标志文件: D:\my-vue-project\wind-power-forecast\backend\auto_scripts\scripts\supershort\logs\auto_train\20250325_train_done.flag)
2025-03-25 03:14:10,879 - 检测到20250325的训练已经执行过 (标志文件: D:\my-vue-project\wind-power-forecast\backend\auto_scripts\scripts\supershort\logs\auto_train\20250325_train_done.flag)
2025-03-25 03:14:40,892 - 检测到20250325的训练已经执行过 (标志文件: D:\my-vue-project\wind-power-forecast\backend\auto_scripts\scripts\supershort\logs\auto_train\20250325_train_done.flag)
2025-03-25 03:15:10,893 - 检测到20250325的训练已经执行过 (标志文件: D:\my-vue-project\wind-power-forecast\backend\auto_scripts\scripts\supershort\logs\auto_train\20250325_train_done.flag)
2025-03-25 03:15:40,895 - 检测到20250325的训练已经执行过 (标志文件: D:\my-vue-project\wind-power-forecast\backend\auto_scripts\scripts\supershort\logs\auto_train\20250325_train_done.flag)
2025-03-25 03:16:10,898 - 检测到20250325的训练已经执行过 (标志文件: D:\my-vue-project\wind-power-forecast\backend\auto_scripts\scripts\supershort\logs\auto_train\20250325_train_done.flag)
2025-03-25 03:16:40,911 - 检测到20250325的训练已经执行过 (标志文件: D:\my-vue-project\wind-power-forecast\backend\auto_scripts\scripts\supershort\logs\auto_train\20250325_train_done.flag)
2025-03-25 03:17:10,926 - 检测到20250325的训练已经执行过 (标志文件: D:\my-vue-project\wind-power-forecast\backend\auto_scripts\scripts\supershort\logs\auto_train\20250325_train_done.flag)
2025-03-25 03:17:40,928 - 检测到20250325的训练已经执行过 (标志文件: D:\my-vue-project\wind-power-forecast\backend\auto_scripts\scripts\supershort\logs\auto_train\20250325_train_done.flag)
2025-03-25 03:18:10,937 - 检测到20250325的训练已经执行过 (标志文件: D:\my-vue-project\wind-power-forecast\backend\auto_scripts\scripts\supershort\logs\auto_train\20250325_train_done.flag)
2025-03-25 03:18:40,938 - 检测到20250325的训练已经执行过 (标志文件: D:\my-vue-project\wind-power-forecast\backend\auto_scripts\scripts\supershort\logs\auto_train\20250325_train_done.flag)
2025-03-25 03:19:10,944 - 检测到20250325的训练已经执行过 (标志文件: D:\my-vue-project\wind-power-forecast\backend\auto_scripts\scripts\supershort\logs\auto_train\20250325_train_done.flag)
2025-03-25 03:19:40,957 - 检测到20250325的训练已经执行过 (标志文件: D:\my-vue-project\wind-power-forecast\backend\auto_scripts\scripts\supershort\logs\auto_train\20250325_train_done.flag)
2025-03-25 03:20:10,966 - 检测到20250325的训练已经执行过 (标志文件: D:\my-vue-project\wind-power-forecast\backend\auto_scripts\scripts\supershort\logs\auto_train\20250325_train_done.flag)
2025-03-25 03:20:40,971 - 检测到20250325的训练已经执行过 (标志文件: D:\my-vue-project\wind-power-forecast\backend\auto_scripts\scripts\supershort\logs\auto_train\20250325_train_done.flag)
2025-03-25 03:21:10,976 - 检测到20250325的训练已经执行过 (标志文件: D:\my-vue-project\wind-power-forecast\backend\auto_scripts\scripts\supershort\logs\auto_train\20250325_train_done.flag)
2025-03-25 03:21:40,984 - 检测到20250325的训练已经执行过 (标志文件: D:\my-vue-project\wind-power-forecast\backend\auto_scripts\scripts\supershort\logs\auto_train\20250325_train_done.flag)
2025-03-25 03:22:10,988 - 检测到20250325的训练已经执行过 (标志文件: D:\my-vue-project\wind-power-forecast\backend\auto_scripts\scripts\supershort\logs\auto_train\20250325_train_done.flag)
2025-03-25 03:22:40,995 - 检测到20250325的训练已经执行过 (标志文件: D:\my-vue-project\wind-power-forecast\backend\auto_scripts\scripts\supershort\logs\auto_train\20250325_train_done.flag)
2025-03-25 03:23:11,006 - 检测到20250325的训练已经执行过 (标志文件: D:\my-vue-project\wind-power-forecast\backend\auto_scripts\scripts\supershort\logs\auto_train\20250325_train_done.flag)
2025-03-25 03:23:41,020 - 检测到20250325的训练已经执行过 (标志文件: D:\my-vue-project\wind-power-forecast\backend\auto_scripts\scripts\supershort\logs\auto_train\20250325_train_done.flag)
2025-03-25 03:24:11,032 - 检测到20250325的训练已经执行过 (标志文件: D:\my-vue-project\wind-power-forecast\backend\auto_scripts\scripts\supershort\logs\auto_train\20250325_train_done.flag)
2025-03-25 03:24:41,048 - 检测到20250325的训练已经执行过 (标志文件: D:\my-vue-project\wind-power-forecast\backend\auto_scripts\scripts\supershort\logs\auto_train\20250325_train_done.flag)
2025-03-25 03:25:11,060 - 检测到20250325的训练已经执行过 (标志文件: D:\my-vue-project\wind-power-forecast\backend\auto_scripts\scripts\supershort\logs\auto_train\20250325_train_done.flag)
2025-03-25 03:25:41,071 - 检测到20250325的训练已经执行过 (标志文件: D:\my-vue-project\wind-power-forecast\backend\auto_scripts\scripts\supershort\logs\auto_train\20250325_train_done.flag)
2025-03-25 03:26:11,076 - 检测到20250325的训练已经执行过 (标志文件: D:\my-vue-project\wind-power-forecast\backend\auto_scripts\scripts\supershort\logs\auto_train\20250325_train_done.flag)
2025-03-25 03:26:41,088 - 检测到20250325的训练已经执行过 (标志文件: D:\my-vue-project\wind-power-forecast\backend\auto_scripts\scripts\supershort\logs\auto_train\20250325_train_done.flag)
2025-03-25 03:27:11,099 - 检测到20250325的训练已经执行过 (标志文件: D:\my-vue-project\wind-power-forecast\backend\auto_scripts\scripts\supershort\logs\auto_train\20250325_train_done.flag)
2025-03-25 03:27:41,107 - 检测到20250325的训练已经执行过 (标志文件: D:\my-vue-project\wind-power-forecast\backend\auto_scripts\scripts\supershort\logs\auto_train\20250325_train_done.flag)
2025-03-25 03:28:11,115 - 检测到20250325的训练已经执行过 (标志文件: D:\my-vue-project\wind-power-forecast\backend\auto_scripts\scripts\supershort\logs\auto_train\20250325_train_done.flag)
2025-03-25 03:28:41,127 - 检测到20250325的训练已经执行过 (标志文件: D:\my-vue-project\wind-power-forecast\backend\auto_scripts\scripts\supershort\logs\auto_train\20250325_train_done.flag)
2025-03-25 03:29:11,132 - 检测到20250325的训练已经执行过 (标志文件: D:\my-vue-project\wind-power-forecast\backend\auto_scripts\scripts\supershort\logs\auto_train\20250325_train_done.flag)
2025-03-25 03:29:41,143 - 检测到20250325的训练已经执行过 (标志文件: D:\my-vue-project\wind-power-forecast\backend\auto_scripts\scripts\supershort\logs\auto_train\20250325_train_done.flag)
2025-03-25 03:30:11,154 - 检测到20250325的训练已经执行过 (标志文件: D:\my-vue-project\wind-power-forecast\backend\auto_scripts\scripts\supershort\logs\auto_train\20250325_train_done.flag)
2025-03-25 03:30:41,167 - 检测到20250325的训练已经执行过 (标志文件: D:\my-vue-project\wind-power-forecast\backend\auto_scripts\scripts\supershort\logs\auto_train\20250325_train_done.flag)
2025-03-25 03:31:11,175 - 检测到20250325的训练已经执行过 (标志文件: D:\my-vue-project\wind-power-forecast\backend\auto_scripts\scripts\supershort\logs\auto_train\20250325_train_done.flag)
2025-03-25 03:31:41,181 - 检测到20250325的训练已经执行过 (标志文件: D:\my-vue-project\wind-power-forecast\backend\auto_scripts\scripts\supershort\logs\auto_train\20250325_train_done.flag)
2025-03-25 03:32:11,197 - 检测到20250325的训练已经执行过 (标志文件: D:\my-vue-project\wind-power-forecast\backend\auto_scripts\scripts\supershort\logs\auto_train\20250325_train_done.flag)
2025-03-25 03:32:41,207 - 检测到20250325的训练已经执行过 (标志文件: D:\my-vue-project\wind-power-forecast\backend\auto_scripts\scripts\supershort\logs\auto_train\20250325_train_done.flag)
2025-03-25 03:33:11,218 - 检测到20250325的训练已经执行过 (标志文件: D:\my-vue-project\wind-power-forecast\backend\auto_scripts\scripts\supershort\logs\auto_train\20250325_train_done.flag)
2025-03-25 03:33:41,228 - 检测到20250325的训练已经执行过 (标志文件: D:\my-vue-project\wind-power-forecast\backend\auto_scripts\scripts\supershort\logs\auto_train\20250325_train_done.flag)
2025-03-25 03:34:11,236 - 检测到20250325的训练已经执行过 (标志文件: D:\my-vue-project\wind-power-forecast\backend\auto_scripts\scripts\supershort\logs\auto_train\20250325_train_done.flag)
2025-03-25 03:34:41,249 - 检测到20250325的训练已经执行过 (标志文件: D:\my-vue-project\wind-power-forecast\backend\auto_scripts\scripts\supershort\logs\auto_train\20250325_train_done.flag)
2025-03-25 03:35:11,261 - 检测到20250325的训练已经执行过 (标志文件: D:\my-vue-project\wind-power-forecast\backend\auto_scripts\scripts\supershort\logs\auto_train\20250325_train_done.flag)
2025-03-25 03:35:41,263 - 检测到20250325的训练已经执行过 (标志文件: D:\my-vue-project\wind-power-forecast\backend\auto_scripts\scripts\supershort\logs\auto_train\20250325_train_done.flag)
2025-03-25 03:36:11,274 - 检测到20250325的训练已经执行过 (标志文件: D:\my-vue-project\wind-power-forecast\backend\auto_scripts\scripts\supershort\logs\auto_train\20250325_train_done.flag)
2025-03-25 03:36:41,278 - 检测到20250325的训练已经执行过 (标志文件: D:\my-vue-project\wind-power-forecast\backend\auto_scripts\scripts\supershort\logs\auto_train\20250325_train_done.flag)
2025-03-25 03:37:11,286 - 检测到20250325的训练已经执行过 (标志文件: D:\my-vue-project\wind-power-forecast\backend\auto_scripts\scripts\supershort\logs\auto_train\20250325_train_done.flag)
2025-03-25 03:37:41,291 - 检测到20250325的训练已经执行过 (标志文件: D:\my-vue-project\wind-power-forecast\backend\auto_scripts\scripts\supershort\logs\auto_train\20250325_train_done.flag)
2025-03-25 03:38:11,304 - 检测到20250325的训练已经执行过 (标志文件: D:\my-vue-project\wind-power-forecast\backend\auto_scripts\scripts\supershort\logs\auto_train\20250325_train_done.flag)
2025-03-25 03:38:41,308 - 检测到20250325的训练已经执行过 (标志文件: D:\my-vue-project\wind-power-forecast\backend\auto_scripts\scripts\supershort\logs\auto_train\20250325_train_done.flag)
2025-03-25 03:39:11,317 - 检测到20250325的训练已经执行过 (标志文件: D:\my-vue-project\wind-power-forecast\backend\auto_scripts\scripts\supershort\logs\auto_train\20250325_train_done.flag)
2025-03-25 03:39:41,318 - 检测到20250325的训练已经执行过 (标志文件: D:\my-vue-project\wind-power-forecast\backend\auto_scripts\scripts\supershort\logs\auto_train\20250325_train_done.flag)
2025-03-25 03:40:11,328 - 检测到20250325的训练已经执行过 (标志文件: D:\my-vue-project\wind-power-forecast\backend\auto_scripts\scripts\supershort\logs\auto_train\20250325_train_done.flag)
2025-03-25 03:40:41,334 - 检测到20250325的训练已经执行过 (标志文件: D:\my-vue-project\wind-power-forecast\backend\auto_scripts\scripts\supershort\logs\auto_train\20250325_train_done.flag)
2025-03-25 03:41:11,346 - 检测到20250325的训练已经执行过 (标志文件: D:\my-vue-project\wind-power-forecast\backend\auto_scripts\scripts\supershort\logs\auto_train\20250325_train_done.flag)
2025-03-25 03:41:41,350 - 检测到20250325的训练已经执行过 (标志文件: D:\my-vue-project\wind-power-forecast\backend\auto_scripts\scripts\supershort\logs\auto_train\20250325_train_done.flag)
2025-03-25 03:42:11,360 - 检测到20250325的训练已经执行过 (标志文件: D:\my-vue-project\wind-power-forecast\backend\auto_scripts\scripts\supershort\logs\auto_train\20250325_train_done.flag)
2025-03-25 03:42:41,371 - 检测到20250325的训练已经执行过 (标志文件: D:\my-vue-project\wind-power-forecast\backend\auto_scripts\scripts\supershort\logs\auto_train\20250325_train_done.flag)
2025-03-25 03:43:11,380 - 检测到20250325的训练已经执行过 (标志文件: D:\my-vue-project\wind-power-forecast\backend\auto_scripts\scripts\supershort\logs\auto_train\20250325_train_done.flag)
2025-03-25 03:43:41,392 - 检测到20250325的训练已经执行过 (标志文件: D:\my-vue-project\wind-power-forecast\backend\auto_scripts\scripts\supershort\logs\auto_train\20250325_train_done.flag)
2025-03-25 03:44:11,406 - 检测到20250325的训练已经执行过 (标志文件: D:\my-vue-project\wind-power-forecast\backend\auto_scripts\scripts\supershort\logs\auto_train\20250325_train_done.flag)
2025-03-25 03:44:41,419 - 检测到20250325的训练已经执行过 (标志文件: D:\my-vue-project\wind-power-forecast\backend\auto_scripts\scripts\supershort\logs\auto_train\20250325_train_done.flag)
2025-03-25 03:45:11,434 - 检测到20250325的训练已经执行过 (标志文件: D:\my-vue-project\wind-power-forecast\backend\auto_scripts\scripts\supershort\logs\auto_train\20250325_train_done.flag)
2025-03-25 03:45:41,447 - 检测到20250325的训练已经执行过 (标志文件: D:\my-vue-project\wind-power-forecast\backend\auto_scripts\scripts\supershort\logs\auto_train\20250325_train_done.flag)
2025-03-25 03:46:11,451 - 检测到20250325的训练已经执行过 (标志文件: D:\my-vue-project\wind-power-forecast\backend\auto_scripts\scripts\supershort\logs\auto_train\20250325_train_done.flag)
2025-03-25 03:46:41,462 - 检测到20250325的训练已经执行过 (标志文件: D:\my-vue-project\wind-power-forecast\backend\auto_scripts\scripts\supershort\logs\auto_train\20250325_train_done.flag)
2025-03-25 03:47:11,472 - 检测到20250325的训练已经执行过 (标志文件: D:\my-vue-project\wind-power-forecast\backend\auto_scripts\scripts\supershort\logs\auto_train\20250325_train_done.flag)
2025-03-25 03:47:41,481 - 检测到20250325的训练已经执行过 (标志文件: D:\my-vue-project\wind-power-forecast\backend\auto_scripts\scripts\supershort\logs\auto_train\20250325_train_done.flag)
2025-03-25 03:48:11,490 - 检测到20250325的训练已经执行过 (标志文件: D:\my-vue-project\wind-power-forecast\backend\auto_scripts\scripts\supershort\logs\auto_train\20250325_train_done.flag)
2025-03-25 03:48:41,492 - 检测到20250325的训练已经执行过 (标志文件: D:\my-vue-project\wind-power-forecast\backend\auto_scripts\scripts\supershort\logs\auto_train\20250325_train_done.flag)
2025-03-25 03:49:11,497 - 检测到20250325的训练已经执行过 (标志文件: D:\my-vue-project\wind-power-forecast\backend\auto_scripts\scripts\supershort\logs\auto_train\20250325_train_done.flag)
2025-03-25 03:49:41,509 - 检测到20250325的训练已经执行过 (标志文件: D:\my-vue-project\wind-power-forecast\backend\auto_scripts\scripts\supershort\logs\auto_train\20250325_train_done.flag)
2025-03-25 03:50:11,514 - 检测到20250325的训练已经执行过 (标志文件: D:\my-vue-project\wind-power-forecast\backend\auto_scripts\scripts\supershort\logs\auto_train\20250325_train_done.flag)
2025-03-25 03:50:41,529 - 检测到20250325的训练已经执行过 (标志文件: D:\my-vue-project\wind-power-forecast\backend\auto_scripts\scripts\supershort\logs\auto_train\20250325_train_done.flag)
2025-03-25 03:51:11,537 - 检测到20250325的训练已经执行过 (标志文件: D:\my-vue-project\wind-power-forecast\backend\auto_scripts\scripts\supershort\logs\auto_train\20250325_train_done.flag)
2025-03-25 03:51:41,548 - 检测到20250325的训练已经执行过 (标志文件: D:\my-vue-project\wind-power-forecast\backend\auto_scripts\scripts\supershort\logs\auto_train\20250325_train_done.flag)
2025-03-25 03:52:11,557 - 检测到20250325的训练已经执行过 (标志文件: D:\my-vue-project\wind-power-forecast\backend\auto_scripts\scripts\supershort\logs\auto_train\20250325_train_done.flag)
2025-03-25 03:52:41,564 - 检测到20250325的训练已经执行过 (标志文件: D:\my-vue-project\wind-power-forecast\backend\auto_scripts\scripts\supershort\logs\auto_train\20250325_train_done.flag)
2025-03-25 03:53:11,580 - 检测到20250325的训练已经执行过 (标志文件: D:\my-vue-project\wind-power-forecast\backend\auto_scripts\scripts\supershort\logs\auto_train\20250325_train_done.flag)
2025-03-25 03:53:41,592 - 检测到20250325的训练已经执行过 (标志文件: D:\my-vue-project\wind-power-forecast\backend\auto_scripts\scripts\supershort\logs\auto_train\20250325_train_done.flag)
2025-03-25 03:54:11,598 - 检测到20250325的训练已经执行过 (标志文件: D:\my-vue-project\wind-power-forecast\backend\auto_scripts\scripts\supershort\logs\auto_train\20250325_train_done.flag)
2025-03-25 03:54:41,607 - 检测到20250325的训练已经执行过 (标志文件: D:\my-vue-project\wind-power-forecast\backend\auto_scripts\scripts\supershort\logs\auto_train\20250325_train_done.flag)
2025-03-25 03:55:11,608 - 检测到20250325的训练已经执行过 (标志文件: D:\my-vue-project\wind-power-forecast\backend\auto_scripts\scripts\supershort\logs\auto_train\20250325_train_done.flag)
2025-03-25 03:55:41,611 - 检测到20250325的训练已经执行过 (标志文件: D:\my-vue-project\wind-power-forecast\backend\auto_scripts\scripts\supershort\logs\auto_train\20250325_train_done.flag)
2025-03-25 03:56:11,617 - 检测到20250325的训练已经执行过 (标志文件: D:\my-vue-project\wind-power-forecast\backend\auto_scripts\scripts\supershort\logs\auto_train\20250325_train_done.flag)
2025-03-25 03:56:41,626 - 检测到20250325的训练已经执行过 (标志文件: D:\my-vue-project\wind-power-forecast\backend\auto_scripts\scripts\supershort\logs\auto_train\20250325_train_done.flag)
2025-03-25 03:57:11,629 - 检测到20250325的训练已经执行过 (标志文件: D:\my-vue-project\wind-power-forecast\backend\auto_scripts\scripts\supershort\logs\auto_train\20250325_train_done.flag)
2025-03-25 03:57:41,637 - 检测到20250325的训练已经执行过 (标志文件: D:\my-vue-project\wind-power-forecast\backend\auto_scripts\scripts\supershort\logs\auto_train\20250325_train_done.flag)
2025-03-25 03:58:11,647 - 检测到20250325的训练已经执行过 (标志文件: D:\my-vue-project\wind-power-forecast\backend\auto_scripts\scripts\supershort\logs\auto_train\20250325_train_done.flag)
2025-03-25 03:58:41,660 - 检测到20250325的训练已经执行过 (标志文件: D:\my-vue-project\wind-power-forecast\backend\auto_scripts\scripts\supershort\logs\auto_train\20250325_train_done.flag)
2025-03-25 03:59:11,660 - 检测到20250325的训练已经执行过 (标志文件: D:\my-vue-project\wind-power-forecast\backend\auto_scripts\scripts\supershort\logs\auto_train\20250325_train_done.flag)
2025-03-25 03:59:41,666 - 检测到20250325的训练已经执行过 (标志文件: D:\my-vue-project\wind-power-forecast\backend\auto_scripts\scripts\supershort\logs\auto_train\20250325_train_done.flag)
2025-03-25 04:00:11,676 - 当前时间: 2025-03-25 04:00:11, 星期: 周二
2025-03-25 04:00:11,676 - 当前任务状态: 训练任务已执行=True, 参数优化任务已执行=False
2025-03-25 04:00:11,676 - 检测到20250325的训练已经执行过 (标志文件: D:\my-vue-project\wind-power-forecast\backend\auto_scripts\scripts\supershort\logs\auto_train\20250325_train_done.flag)
2025-03-25 04:00:41,683 - 当前时间: 2025-03-25 04:00:41, 星期: 周二
2025-03-25 04:00:41,683 - 当前任务状态: 训练任务已执行=True, 参数优化任务已执行=False
2025-03-25 04:00:41,683 - 检测到20250325的训练已经执行过 (标志文件: D:\my-vue-project\wind-power-forecast\backend\auto_scripts\scripts\supershort\logs\auto_train\20250325_train_done.flag)
2025-03-25 04:01:11,688 - 检测到20250325的训练已经执行过 (标志文件: D:\my-vue-project\wind-power-forecast\backend\auto_scripts\scripts\supershort\logs\auto_train\20250325_train_done.flag)
2025-03-25 04:01:41,704 - 检测到20250325的训练已经执行过 (标志文件: D:\my-vue-project\wind-power-forecast\backend\auto_scripts\scripts\supershort\logs\auto_train\20250325_train_done.flag)
2025-03-25 04:02:11,709 - 检测到20250325的训练已经执行过 (标志文件: D:\my-vue-project\wind-power-forecast\backend\auto_scripts\scripts\supershort\logs\auto_train\20250325_train_done.flag)
2025-03-25 04:02:41,717 - 检测到20250325的训练已经执行过 (标志文件: D:\my-vue-project\wind-power-forecast\backend\auto_scripts\scripts\supershort\logs\auto_train\20250325_train_done.flag)
2025-03-25 04:03:11,727 - 检测到20250325的训练已经执行过 (标志文件: D:\my-vue-project\wind-power-forecast\backend\auto_scripts\scripts\supershort\logs\auto_train\20250325_train_done.flag)
2025-03-25 04:03:41,740 - 检测到20250325的训练已经执行过 (标志文件: D:\my-vue-project\wind-power-forecast\backend\auto_scripts\scripts\supershort\logs\auto_train\20250325_train_done.flag)
2025-03-25 04:04:11,742 - 检测到20250325的训练已经执行过 (标志文件: D:\my-vue-project\wind-power-forecast\backend\auto_scripts\scripts\supershort\logs\auto_train\20250325_train_done.flag)
2025-03-25 04:04:41,749 - 检测到20250325的训练已经执行过 (标志文件: D:\my-vue-project\wind-power-forecast\backend\auto_scripts\scripts\supershort\logs\auto_train\20250325_train_done.flag)
2025-03-25 04:05:11,758 - 检测到20250325的训练已经执行过 (标志文件: D:\my-vue-project\wind-power-forecast\backend\auto_scripts\scripts\supershort\logs\auto_train\20250325_train_done.flag)
2025-03-25 04:05:41,764 - 检测到20250325的训练已经执行过 (标志文件: D:\my-vue-project\wind-power-forecast\backend\auto_scripts\scripts\supershort\logs\auto_train\20250325_train_done.flag)
2025-03-25 04:06:11,774 - 检测到20250325的训练已经执行过 (标志文件: D:\my-vue-project\wind-power-forecast\backend\auto_scripts\scripts\supershort\logs\auto_train\20250325_train_done.flag)
2025-03-25 04:06:41,777 - 检测到20250325的训练已经执行过 (标志文件: D:\my-vue-project\wind-power-forecast\backend\auto_scripts\scripts\supershort\logs\auto_train\20250325_train_done.flag)
2025-03-25 04:07:11,783 - 检测到20250325的训练已经执行过 (标志文件: D:\my-vue-project\wind-power-forecast\backend\auto_scripts\scripts\supershort\logs\auto_train\20250325_train_done.flag)
2025-03-25 04:07:41,785 - 检测到20250325的训练已经执行过 (标志文件: D:\my-vue-project\wind-power-forecast\backend\auto_scripts\scripts\supershort\logs\auto_train\20250325_train_done.flag)
2025-03-25 04:08:11,790 - 检测到20250325的训练已经执行过 (标志文件: D:\my-vue-project\wind-power-forecast\backend\auto_scripts\scripts\supershort\logs\auto_train\20250325_train_done.flag)
2025-03-25 04:08:41,797 - 检测到20250325的训练已经执行过 (标志文件: D:\my-vue-project\wind-power-forecast\backend\auto_scripts\scripts\supershort\logs\auto_train\20250325_train_done.flag)
2025-03-25 04:09:11,804 - 检测到20250325的训练已经执行过 (标志文件: D:\my-vue-project\wind-power-forecast\backend\auto_scripts\scripts\supershort\logs\auto_train\20250325_train_done.flag)
2025-03-25 04:09:41,814 - 检测到20250325的训练已经执行过 (标志文件: D:\my-vue-project\wind-power-forecast\backend\auto_scripts\scripts\supershort\logs\auto_train\20250325_train_done.flag)
2025-03-25 04:10:11,817 - 检测到20250325的训练已经执行过 (标志文件: D:\my-vue-project\wind-power-forecast\backend\auto_scripts\scripts\supershort\logs\auto_train\20250325_train_done.flag)
2025-03-25 04:10:41,831 - 检测到20250325的训练已经执行过 (标志文件: D:\my-vue-project\wind-power-forecast\backend\auto_scripts\scripts\supershort\logs\auto_train\20250325_train_done.flag)
2025-03-25 04:11:11,848 - 检测到20250325的训练已经执行过 (标志文件: D:\my-vue-project\wind-power-forecast\backend\auto_scripts\scripts\supershort\logs\auto_train\20250325_train_done.flag)
2025-03-25 04:11:41,860 - 检测到20250325的训练已经执行过 (标志文件: D:\my-vue-project\wind-power-forecast\backend\auto_scripts\scripts\supershort\logs\auto_train\20250325_train_done.flag)
2025-03-25 04:12:11,873 - 检测到20250325的训练已经执行过 (标志文件: D:\my-vue-project\wind-power-forecast\backend\auto_scripts\scripts\supershort\logs\auto_train\20250325_train_done.flag)
2025-03-25 04:12:41,874 - 检测到20250325的训练已经执行过 (标志文件: D:\my-vue-project\wind-power-forecast\backend\auto_scripts\scripts\supershort\logs\auto_train\20250325_train_done.flag)
2025-03-25 04:13:11,878 - 检测到20250325的训练已经执行过 (标志文件: D:\my-vue-project\wind-power-forecast\backend\auto_scripts\scripts\supershort\logs\auto_train\20250325_train_done.flag)
2025-03-25 04:13:41,887 - 检测到20250325的训练已经执行过 (标志文件: D:\my-vue-project\wind-power-forecast\backend\auto_scripts\scripts\supershort\logs\auto_train\20250325_train_done.flag)
2025-03-25 04:14:11,894 - 检测到20250325的训练已经执行过 (标志文件: D:\my-vue-project\wind-power-forecast\backend\auto_scripts\scripts\supershort\logs\auto_train\20250325_train_done.flag)
2025-03-25 04:14:41,907 - 检测到20250325的训练已经执行过 (标志文件: D:\my-vue-project\wind-power-forecast\backend\auto_scripts\scripts\supershort\logs\auto_train\20250325_train_done.flag)
2025-03-25 04:15:11,919 - 检测到20250325的训练已经执行过 (标志文件: D:\my-vue-project\wind-power-forecast\backend\auto_scripts\scripts\supershort\logs\auto_train\20250325_train_done.flag)
2025-03-25 04:15:41,927 - 检测到20250325的训练已经执行过 (标志文件: D:\my-vue-project\wind-power-forecast\backend\auto_scripts\scripts\supershort\logs\auto_train\20250325_train_done.flag)
2025-03-25 04:16:11,936 - 检测到20250325的训练已经执行过 (标志文件: D:\my-vue-project\wind-power-forecast\backend\auto_scripts\scripts\supershort\logs\auto_train\20250325_train_done.flag)
2025-03-25 04:16:41,937 - 检测到20250325的训练已经执行过 (标志文件: D:\my-vue-project\wind-power-forecast\backend\auto_scripts\scripts\supershort\logs\auto_train\20250325_train_done.flag)
2025-03-25 04:17:11,951 - 检测到20250325的训练已经执行过 (标志文件: D:\my-vue-project\wind-power-forecast\backend\auto_scripts\scripts\supershort\logs\auto_train\20250325_train_done.flag)
2025-03-25 04:17:41,959 - 检测到20250325的训练已经执行过 (标志文件: D:\my-vue-project\wind-power-forecast\backend\auto_scripts\scripts\supershort\logs\auto_train\20250325_train_done.flag)
2025-03-25 04:18:11,961 - 检测到20250325的训练已经执行过 (标志文件: D:\my-vue-project\wind-power-forecast\backend\auto_scripts\scripts\supershort\logs\auto_train\20250325_train_done.flag)
2025-03-25 04:18:41,975 - 检测到20250325的训练已经执行过 (标志文件: D:\my-vue-project\wind-power-forecast\backend\auto_scripts\scripts\supershort\logs\auto_train\20250325_train_done.flag)
2025-03-25 04:19:11,981 - 检测到20250325的训练已经执行过 (标志文件: D:\my-vue-project\wind-power-forecast\backend\auto_scripts\scripts\supershort\logs\auto_train\20250325_train_done.flag)
2025-03-25 04:19:41,984 - 检测到20250325的训练已经执行过 (标志文件: D:\my-vue-project\wind-power-forecast\backend\auto_scripts\scripts\supershort\logs\auto_train\20250325_train_done.flag)
2025-03-25 04:20:11,999 - 检测到20250325的训练已经执行过 (标志文件: D:\my-vue-project\wind-power-forecast\backend\auto_scripts\scripts\supershort\logs\auto_train\20250325_train_done.flag)
2025-03-25 04:20:42,012 - 检测到20250325的训练已经执行过 (标志文件: D:\my-vue-project\wind-power-forecast\backend\auto_scripts\scripts\supershort\logs\auto_train\20250325_train_done.flag)
2025-03-25 04:21:12,014 - 检测到20250325的训练已经执行过 (标志文件: D:\my-vue-project\wind-power-forecast\backend\auto_scripts\scripts\supershort\logs\auto_train\20250325_train_done.flag)
2025-03-25 04:21:42,018 - 检测到20250325的训练已经执行过 (标志文件: D:\my-vue-project\wind-power-forecast\backend\auto_scripts\scripts\supershort\logs\auto_train\20250325_train_done.flag)
2025-03-25 04:22:12,028 - 检测到20250325的训练已经执行过 (标志文件: D:\my-vue-project\wind-power-forecast\backend\auto_scripts\scripts\supershort\logs\auto_train\20250325_train_done.flag)
2025-03-25 04:22:42,038 - 检测到20250325的训练已经执行过 (标志文件: D:\my-vue-project\wind-power-forecast\backend\auto_scripts\scripts\supershort\logs\auto_train\20250325_train_done.flag)
2025-03-25 04:23:12,048 - 检测到20250325的训练已经执行过 (标志文件: D:\my-vue-project\wind-power-forecast\backend\auto_scripts\scripts\supershort\logs\auto_train\20250325_train_done.flag)
2025-03-25 04:23:42,051 - 检测到20250325的训练已经执行过 (标志文件: D:\my-vue-project\wind-power-forecast\backend\auto_scripts\scripts\supershort\logs\auto_train\20250325_train_done.flag)
2025-03-25 04:24:12,063 - 检测到20250325的训练已经执行过 (标志文件: D:\my-vue-project\wind-power-forecast\backend\auto_scripts\scripts\supershort\logs\auto_train\20250325_train_done.flag)
2025-03-25 04:24:42,067 - 检测到20250325的训练已经执行过 (标志文件: D:\my-vue-project\wind-power-forecast\backend\auto_scripts\scripts\supershort\logs\auto_train\20250325_train_done.flag)
2025-03-25 04:25:12,072 - 检测到20250325的训练已经执行过 (标志文件: D:\my-vue-project\wind-power-forecast\backend\auto_scripts\scripts\supershort\logs\auto_train\20250325_train_done.flag)
2025-03-25 04:25:42,086 - 检测到20250325的训练已经执行过 (标志文件: D:\my-vue-project\wind-power-forecast\backend\auto_scripts\scripts\supershort\logs\auto_train\20250325_train_done.flag)
2025-03-25 04:26:12,097 - 检测到20250325的训练已经执行过 (标志文件: D:\my-vue-project\wind-power-forecast\backend\auto_scripts\scripts\supershort\logs\auto_train\20250325_train_done.flag)
2025-03-25 04:26:42,099 - 检测到20250325的训练已经执行过 (标志文件: D:\my-vue-project\wind-power-forecast\backend\auto_scripts\scripts\supershort\logs\auto_train\20250325_train_done.flag)
2025-03-25 04:27:12,114 - 检测到20250325的训练已经执行过 (标志文件: D:\my-vue-project\wind-power-forecast\backend\auto_scripts\scripts\supershort\logs\auto_train\20250325_train_done.flag)
2025-03-25 04:27:42,118 - 检测到20250325的训练已经执行过 (标志文件: D:\my-vue-project\wind-power-forecast\backend\auto_scripts\scripts\supershort\logs\auto_train\20250325_train_done.flag)
2025-03-25 04:28:12,127 - 检测到20250325的训练已经执行过 (标志文件: D:\my-vue-project\wind-power-forecast\backend\auto_scripts\scripts\supershort\logs\auto_train\20250325_train_done.flag)
2025-03-25 04:28:42,136 - 检测到20250325的训练已经执行过 (标志文件: D:\my-vue-project\wind-power-forecast\backend\auto_scripts\scripts\supershort\logs\auto_train\20250325_train_done.flag)
2025-03-25 04:29:12,149 - 检测到20250325的训练已经执行过 (标志文件: D:\my-vue-project\wind-power-forecast\backend\auto_scripts\scripts\supershort\logs\auto_train\20250325_train_done.flag)
2025-03-25 04:29:42,154 - 检测到20250325的训练已经执行过 (标志文件: D:\my-vue-project\wind-power-forecast\backend\auto_scripts\scripts\supershort\logs\auto_train\20250325_train_done.flag)
2025-03-25 04:30:12,155 - 检测到20250325的训练已经执行过 (标志文件: D:\my-vue-project\wind-power-forecast\backend\auto_scripts\scripts\supershort\logs\auto_train\20250325_train_done.flag)
2025-03-25 04:30:42,160 - 检测到20250325的训练已经执行过 (标志文件: D:\my-vue-project\wind-power-forecast\backend\auto_scripts\scripts\supershort\logs\auto_train\20250325_train_done.flag)
2025-03-25 04:31:12,170 - 检测到20250325的训练已经执行过 (标志文件: D:\my-vue-project\wind-power-forecast\backend\auto_scripts\scripts\supershort\logs\auto_train\20250325_train_done.flag)
2025-03-25 04:31:42,181 - 检测到20250325的训练已经执行过 (标志文件: D:\my-vue-project\wind-power-forecast\backend\auto_scripts\scripts\supershort\logs\auto_train\20250325_train_done.flag)
2025-03-25 04:32:12,184 - 检测到20250325的训练已经执行过 (标志文件: D:\my-vue-project\wind-power-forecast\backend\auto_scripts\scripts\supershort\logs\auto_train\20250325_train_done.flag)
2025-03-25 04:32:42,186 - 检测到20250325的训练已经执行过 (标志文件: D:\my-vue-project\wind-power-forecast\backend\auto_scripts\scripts\supershort\logs\auto_train\20250325_train_done.flag)
2025-03-25 04:33:12,202 - 检测到20250325的训练已经执行过 (标志文件: D:\my-vue-project\wind-power-forecast\backend\auto_scripts\scripts\supershort\logs\auto_train\20250325_train_done.flag)
2025-03-25 04:33:42,216 - 检测到20250325的训练已经执行过 (标志文件: D:\my-vue-project\wind-power-forecast\backend\auto_scripts\scripts\supershort\logs\auto_train\20250325_train_done.flag)
2025-03-25 04:34:12,218 - 检测到20250325的训练已经执行过 (标志文件: D:\my-vue-project\wind-power-forecast\backend\auto_scripts\scripts\supershort\logs\auto_train\20250325_train_done.flag)
2025-03-25 04:34:42,227 - 检测到20250325的训练已经执行过 (标志文件: D:\my-vue-project\wind-power-forecast\backend\auto_scripts\scripts\supershort\logs\auto_train\20250325_train_done.flag)
2025-03-25 04:35:12,230 - 检测到20250325的训练已经执行过 (标志文件: D:\my-vue-project\wind-power-forecast\backend\auto_scripts\scripts\supershort\logs\auto_train\20250325_train_done.flag)
2025-03-25 04:35:42,239 - 检测到20250325的训练已经执行过 (标志文件: D:\my-vue-project\wind-power-forecast\backend\auto_scripts\scripts\supershort\logs\auto_train\20250325_train_done.flag)
2025-03-25 04:36:12,254 - 检测到20250325的训练已经执行过 (标志文件: D:\my-vue-project\wind-power-forecast\backend\auto_scripts\scripts\supershort\logs\auto_train\20250325_train_done.flag)
2025-03-25 04:36:42,259 - 检测到20250325的训练已经执行过 (标志文件: D:\my-vue-project\wind-power-forecast\backend\auto_scripts\scripts\supershort\logs\auto_train\20250325_train_done.flag)
2025-03-25 04:37:12,271 - 检测到20250325的训练已经执行过 (标志文件: D:\my-vue-project\wind-power-forecast\backend\auto_scripts\scripts\supershort\logs\auto_train\20250325_train_done.flag)
2025-03-25 04:37:42,277 - 检测到20250325的训练已经执行过 (标志文件: D:\my-vue-project\wind-power-forecast\backend\auto_scripts\scripts\supershort\logs\auto_train\20250325_train_done.flag)
2025-03-25 04:38:12,279 - 检测到20250325的训练已经执行过 (标志文件: D:\my-vue-project\wind-power-forecast\backend\auto_scripts\scripts\supershort\logs\auto_train\20250325_train_done.flag)
2025-03-25 04:38:42,291 - 检测到20250325的训练已经执行过 (标志文件: D:\my-vue-project\wind-power-forecast\backend\auto_scripts\scripts\supershort\logs\auto_train\20250325_train_done.flag)
2025-03-25 04:39:12,299 - 检测到20250325的训练已经执行过 (标志文件: D:\my-vue-project\wind-power-forecast\backend\auto_scripts\scripts\supershort\logs\auto_train\20250325_train_done.flag)
2025-03-25 04:39:42,306 - 检测到20250325的训练已经执行过 (标志文件: D:\my-vue-project\wind-power-forecast\backend\auto_scripts\scripts\supershort\logs\auto_train\20250325_train_done.flag)
2025-03-25 04:40:12,321 - 检测到20250325的训练已经执行过 (标志文件: D:\my-vue-project\wind-power-forecast\backend\auto_scripts\scripts\supershort\logs\auto_train\20250325_train_done.flag)
2025-03-25 04:40:42,333 - 检测到20250325的训练已经执行过 (标志文件: D:\my-vue-project\wind-power-forecast\backend\auto_scripts\scripts\supershort\logs\auto_train\20250325_train_done.flag)
2025-03-25 04:41:12,344 - 检测到20250325的训练已经执行过 (标志文件: D:\my-vue-project\wind-power-forecast\backend\auto_scripts\scripts\supershort\logs\auto_train\20250325_train_done.flag)
2025-03-25 04:41:42,351 - 检测到20250325的训练已经执行过 (标志文件: D:\my-vue-project\wind-power-forecast\backend\auto_scripts\scripts\supershort\logs\auto_train\20250325_train_done.flag)
2025-03-25 04:42:12,358 - 检测到20250325的训练已经执行过 (标志文件: D:\my-vue-project\wind-power-forecast\backend\auto_scripts\scripts\supershort\logs\auto_train\20250325_train_done.flag)
2025-03-25 04:42:42,368 - 检测到20250325的训练已经执行过 (标志文件: D:\my-vue-project\wind-power-forecast\backend\auto_scripts\scripts\supershort\logs\auto_train\20250325_train_done.flag)
2025-03-25 04:43:12,374 - 检测到20250325的训练已经执行过 (标志文件: D:\my-vue-project\wind-power-forecast\backend\auto_scripts\scripts\supershort\logs\auto_train\20250325_train_done.flag)
2025-03-25 04:43:42,377 - 检测到20250325的训练已经执行过 (标志文件: D:\my-vue-project\wind-power-forecast\backend\auto_scripts\scripts\supershort\logs\auto_train\20250325_train_done.flag)
2025-03-25 04:44:12,381 - 检测到20250325的训练已经执行过 (标志文件: D:\my-vue-project\wind-power-forecast\backend\auto_scripts\scripts\supershort\logs\auto_train\20250325_train_done.flag)
2025-03-25 04:44:42,382 - 检测到20250325的训练已经执行过 (标志文件: D:\my-vue-project\wind-power-forecast\backend\auto_scripts\scripts\supershort\logs\auto_train\20250325_train_done.flag)
2025-03-25 04:45:12,387 - 检测到20250325的训练已经执行过 (标志文件: D:\my-vue-project\wind-power-forecast\backend\auto_scripts\scripts\supershort\logs\auto_train\20250325_train_done.flag)
2025-03-25 04:45:42,390 - 检测到20250325的训练已经执行过 (标志文件: D:\my-vue-project\wind-power-forecast\backend\auto_scripts\scripts\supershort\logs\auto_train\20250325_train_done.flag)
2025-03-25 04:46:12,404 - 检测到20250325的训练已经执行过 (标志文件: D:\my-vue-project\wind-power-forecast\backend\auto_scripts\scripts\supershort\logs\auto_train\20250325_train_done.flag)
2025-03-25 04:46:42,417 - 检测到20250325的训练已经执行过 (标志文件: D:\my-vue-project\wind-power-forecast\backend\auto_scripts\scripts\supershort\logs\auto_train\20250325_train_done.flag)
2025-03-25 04:47:12,424 - 检测到20250325的训练已经执行过 (标志文件: D:\my-vue-project\wind-power-forecast\backend\auto_scripts\scripts\supershort\logs\auto_train\20250325_train_done.flag)
2025-03-25 04:47:42,431 - 检测到20250325的训练已经执行过 (标志文件: D:\my-vue-project\wind-power-forecast\backend\auto_scripts\scripts\supershort\logs\auto_train\20250325_train_done.flag)
2025-03-25 04:48:12,432 - 检测到20250325的训练已经执行过 (标志文件: D:\my-vue-project\wind-power-forecast\backend\auto_scripts\scripts\supershort\logs\auto_train\20250325_train_done.flag)
2025-03-25 04:48:42,432 - 检测到20250325的训练已经执行过 (标志文件: D:\my-vue-project\wind-power-forecast\backend\auto_scripts\scripts\supershort\logs\auto_train\20250325_train_done.flag)
2025-03-25 04:49:12,435 - 检测到20250325的训练已经执行过 (标志文件: D:\my-vue-project\wind-power-forecast\backend\auto_scripts\scripts\supershort\logs\auto_train\20250325_train_done.flag)
2025-03-25 04:49:42,445 - 检测到20250325的训练已经执行过 (标志文件: D:\my-vue-project\wind-power-forecast\backend\auto_scripts\scripts\supershort\logs\auto_train\20250325_train_done.flag)
2025-03-25 04:50:12,458 - 检测到20250325的训练已经执行过 (标志文件: D:\my-vue-project\wind-power-forecast\backend\auto_scripts\scripts\supershort\logs\auto_train\20250325_train_done.flag)
2025-03-25 04:50:42,473 - 检测到20250325的训练已经执行过 (标志文件: D:\my-vue-project\wind-power-forecast\backend\auto_scripts\scripts\supershort\logs\auto_train\20250325_train_done.flag)
2025-03-25 04:51:12,487 - 检测到20250325的训练已经执行过 (标志文件: D:\my-vue-project\wind-power-forecast\backend\auto_scripts\scripts\supershort\logs\auto_train\20250325_train_done.flag)
2025-03-25 04:51:42,497 - 检测到20250325的训练已经执行过 (标志文件: D:\my-vue-project\wind-power-forecast\backend\auto_scripts\scripts\supershort\logs\auto_train\20250325_train_done.flag)
2025-03-25 04:52:12,508 - 检测到20250325的训练已经执行过 (标志文件: D:\my-vue-project\wind-power-forecast\backend\auto_scripts\scripts\supershort\logs\auto_train\20250325_train_done.flag)
2025-03-25 04:52:42,521 - 检测到20250325的训练已经执行过 (标志文件: D:\my-vue-project\wind-power-forecast\backend\auto_scripts\scripts\supershort\logs\auto_train\20250325_train_done.flag)
2025-03-25 04:53:12,532 - 检测到20250325的训练已经执行过 (标志文件: D:\my-vue-project\wind-power-forecast\backend\auto_scripts\scripts\supershort\logs\auto_train\20250325_train_done.flag)
2025-03-25 04:53:42,541 - 检测到20250325的训练已经执行过 (标志文件: D:\my-vue-project\wind-power-forecast\backend\auto_scripts\scripts\supershort\logs\auto_train\20250325_train_done.flag)
2025-03-25 04:54:12,547 - 检测到20250325的训练已经执行过 (标志文件: D:\my-vue-project\wind-power-forecast\backend\auto_scripts\scripts\supershort\logs\auto_train\20250325_train_done.flag)
2025-03-25 04:54:42,551 - 检测到20250325的训练已经执行过 (标志文件: D:\my-vue-project\wind-power-forecast\backend\auto_scripts\scripts\supershort\logs\auto_train\20250325_train_done.flag)
2025-03-25 04:55:12,556 - 检测到20250325的训练已经执行过 (标志文件: D:\my-vue-project\wind-power-forecast\backend\auto_scripts\scripts\supershort\logs\auto_train\20250325_train_done.flag)
2025-03-25 04:55:42,558 - 检测到20250325的训练已经执行过 (标志文件: D:\my-vue-project\wind-power-forecast\backend\auto_scripts\scripts\supershort\logs\auto_train\20250325_train_done.flag)
2025-03-25 04:56:12,561 - 检测到20250325的训练已经执行过 (标志文件: D:\my-vue-project\wind-power-forecast\backend\auto_scripts\scripts\supershort\logs\auto_train\20250325_train_done.flag)
2025-03-25 04:56:42,578 - 检测到20250325的训练已经执行过 (标志文件: D:\my-vue-project\wind-power-forecast\backend\auto_scripts\scripts\supershort\logs\auto_train\20250325_train_done.flag)
2025-03-25 04:57:12,585 - 检测到20250325的训练已经执行过 (标志文件: D:\my-vue-project\wind-power-forecast\backend\auto_scripts\scripts\supershort\logs\auto_train\20250325_train_done.flag)
2025-03-25 04:57:42,591 - 检测到20250325的训练已经执行过 (标志文件: D:\my-vue-project\wind-power-forecast\backend\auto_scripts\scripts\supershort\logs\auto_train\20250325_train_done.flag)
2025-03-25 04:58:12,603 - 检测到20250325的训练已经执行过 (标志文件: D:\my-vue-project\wind-power-forecast\backend\auto_scripts\scripts\supershort\logs\auto_train\20250325_train_done.flag)
2025-03-25 04:58:42,605 - 检测到20250325的训练已经执行过 (标志文件: D:\my-vue-project\wind-power-forecast\backend\auto_scripts\scripts\supershort\logs\auto_train\20250325_train_done.flag)
2025-03-25 04:59:12,614 - 检测到20250325的训练已经执行过 (标志文件: D:\my-vue-project\wind-power-forecast\backend\auto_scripts\scripts\supershort\logs\auto_train\20250325_train_done.flag)
2025-03-25 04:59:42,632 - 检测到20250325的训练已经执行过 (标志文件: D:\my-vue-project\wind-power-forecast\backend\auto_scripts\scripts\supershort\logs\auto_train\20250325_train_done.flag)
2025-03-25 05:00:12,640 - 当前时间: 2025-03-25 05:00:12, 星期: 周二
2025-03-25 05:00:12,640 - 当前任务状态: 训练任务已执行=True, 参数优化任务已执行=False
2025-03-25 05:00:12,641 - 检测到20250325的训练已经执行过 (标志文件: D:\my-vue-project\wind-power-forecast\backend\auto_scripts\scripts\supershort\logs\auto_train\20250325_train_done.flag)
2025-03-25 05:00:42,646 - 当前时间: 2025-03-25 05:00:42, 星期: 周二
2025-03-25 05:00:42,646 - 当前任务状态: 训练任务已执行=True, 参数优化任务已执行=False
2025-03-25 05:00:42,647 - 检测到20250325的训练已经执行过 (标志文件: D:\my-vue-project\wind-power-forecast\backend\auto_scripts\scripts\supershort\logs\auto_train\20250325_train_done.flag)
2025-03-25 05:01:12,653 - 检测到20250325的训练已经执行过 (标志文件: D:\my-vue-project\wind-power-forecast\backend\auto_scripts\scripts\supershort\logs\auto_train\20250325_train_done.flag)
2025-03-25 05:01:42,653 - 检测到20250325的训练已经执行过 (标志文件: D:\my-vue-project\wind-power-forecast\backend\auto_scripts\scripts\supershort\logs\auto_train\20250325_train_done.flag)
2025-03-25 05:02:12,655 - 检测到20250325的训练已经执行过 (标志文件: D:\my-vue-project\wind-power-forecast\backend\auto_scripts\scripts\supershort\logs\auto_train\20250325_train_done.flag)
2025-03-25 05:02:42,660 - 检测到20250325的训练已经执行过 (标志文件: D:\my-vue-project\wind-power-forecast\backend\auto_scripts\scripts\supershort\logs\auto_train\20250325_train_done.flag)
2025-03-25 05:03:12,670 - 检测到20250325的训练已经执行过 (标志文件: D:\my-vue-project\wind-power-forecast\backend\auto_scripts\scripts\supershort\logs\auto_train\20250325_train_done.flag)
2025-03-25 05:03:42,681 - 检测到20250325的训练已经执行过 (标志文件: D:\my-vue-project\wind-power-forecast\backend\auto_scripts\scripts\supershort\logs\auto_train\20250325_train_done.flag)
2025-03-25 05:04:12,684 - 检测到20250325的训练已经执行过 (标志文件: D:\my-vue-project\wind-power-forecast\backend\auto_scripts\scripts\supershort\logs\auto_train\20250325_train_done.flag)
2025-03-25 05:04:42,698 - 检测到20250325的训练已经执行过 (标志文件: D:\my-vue-project\wind-power-forecast\backend\auto_scripts\scripts\supershort\logs\auto_train\20250325_train_done.flag)
2025-03-25 05:05:12,715 - 检测到20250325的训练已经执行过 (标志文件: D:\my-vue-project\wind-power-forecast\backend\auto_scripts\scripts\supershort\logs\auto_train\20250325_train_done.flag)
2025-03-25 05:05:42,727 - 检测到20250325的训练已经执行过 (标志文件: D:\my-vue-project\wind-power-forecast\backend\auto_scripts\scripts\supershort\logs\auto_train\20250325_train_done.flag)
2025-03-25 05:06:12,734 - 检测到20250325的训练已经执行过 (标志文件: D:\my-vue-project\wind-power-forecast\backend\auto_scripts\scripts\supershort\logs\auto_train\20250325_train_done.flag)
2025-03-25 05:06:42,743 - 检测到20250325的训练已经执行过 (标志文件: D:\my-vue-project\wind-power-forecast\backend\auto_scripts\scripts\supershort\logs\auto_train\20250325_train_done.flag)
2025-03-25 05:07:12,749 - 检测到20250325的训练已经执行过 (标志文件: D:\my-vue-project\wind-power-forecast\backend\auto_scripts\scripts\supershort\logs\auto_train\20250325_train_done.flag)
2025-03-25 05:07:42,756 - 检测到20250325的训练已经执行过 (标志文件: D:\my-vue-project\wind-power-forecast\backend\auto_scripts\scripts\supershort\logs\auto_train\20250325_train_done.flag)
2025-03-25 05:08:12,765 - 检测到20250325的训练已经执行过 (标志文件: D:\my-vue-project\wind-power-forecast\backend\auto_scripts\scripts\supershort\logs\auto_train\20250325_train_done.flag)
2025-03-25 05:08:42,775 - 检测到20250325的训练已经执行过 (标志文件: D:\my-vue-project\wind-power-forecast\backend\auto_scripts\scripts\supershort\logs\auto_train\20250325_train_done.flag)
2025-03-25 05:09:12,783 - 检测到20250325的训练已经执行过 (标志文件: D:\my-vue-project\wind-power-forecast\backend\auto_scripts\scripts\supershort\logs\auto_train\20250325_train_done.flag)
2025-03-25 05:09:42,790 - 检测到20250325的训练已经执行过 (标志文件: D:\my-vue-project\wind-power-forecast\backend\auto_scripts\scripts\supershort\logs\auto_train\20250325_train_done.flag)
2025-03-25 05:10:12,794 - 检测到20250325的训练已经执行过 (标志文件: D:\my-vue-project\wind-power-forecast\backend\auto_scripts\scripts\supershort\logs\auto_train\20250325_train_done.flag)
2025-03-25 05:10:42,805 - 检测到20250325的训练已经执行过 (标志文件: D:\my-vue-project\wind-power-forecast\backend\auto_scripts\scripts\supershort\logs\auto_train\20250325_train_done.flag)
2025-03-25 05:11:12,818 - 检测到20250325的训练已经执行过 (标志文件: D:\my-vue-project\wind-power-forecast\backend\auto_scripts\scripts\supershort\logs\auto_train\20250325_train_done.flag)
2025-03-25 05:11:42,833 - 检测到20250325的训练已经执行过 (标志文件: D:\my-vue-project\wind-power-forecast\backend\auto_scripts\scripts\supershort\logs\auto_train\20250325_train_done.flag)
2025-03-25 05:12:12,847 - 检测到20250325的训练已经执行过 (标志文件: D:\my-vue-project\wind-power-forecast\backend\auto_scripts\scripts\supershort\logs\auto_train\20250325_train_done.flag)
2025-03-25 05:12:42,850 - 检测到20250325的训练已经执行过 (标志文件: D:\my-vue-project\wind-power-forecast\backend\auto_scripts\scripts\supershort\logs\auto_train\20250325_train_done.flag)
2025-03-25 05:13:12,863 - 检测到20250325的训练已经执行过 (标志文件: D:\my-vue-project\wind-power-forecast\backend\auto_scripts\scripts\supershort\logs\auto_train\20250325_train_done.flag)
2025-03-25 05:13:42,865 - 检测到20250325的训练已经执行过 (标志文件: D:\my-vue-project\wind-power-forecast\backend\auto_scripts\scripts\supershort\logs\auto_train\20250325_train_done.flag)
2025-03-25 05:14:12,866 - 检测到20250325的训练已经执行过 (标志文件: D:\my-vue-project\wind-power-forecast\backend\auto_scripts\scripts\supershort\logs\auto_train\20250325_train_done.flag)
2025-03-25 05:14:42,867 - 检测到20250325的训练已经执行过 (标志文件: D:\my-vue-project\wind-power-forecast\backend\auto_scripts\scripts\supershort\logs\auto_train\20250325_train_done.flag)
2025-03-25 05:15:12,879 - 检测到20250325的训练已经执行过 (标志文件: D:\my-vue-project\wind-power-forecast\backend\auto_scripts\scripts\supershort\logs\auto_train\20250325_train_done.flag)
2025-03-25 05:15:42,892 - 检测到20250325的训练已经执行过 (标志文件: D:\my-vue-project\wind-power-forecast\backend\auto_scripts\scripts\supershort\logs\auto_train\20250325_train_done.flag)
2025-03-25 05:16:12,901 - 检测到20250325的训练已经执行过 (标志文件: D:\my-vue-project\wind-power-forecast\backend\auto_scripts\scripts\supershort\logs\auto_train\20250325_train_done.flag)
2025-03-25 05:16:42,914 - 检测到20250325的训练已经执行过 (标志文件: D:\my-vue-project\wind-power-forecast\backend\auto_scripts\scripts\supershort\logs\auto_train\20250325_train_done.flag)
2025-03-25 05:17:12,922 - 检测到20250325的训练已经执行过 (标志文件: D:\my-vue-project\wind-power-forecast\backend\auto_scripts\scripts\supershort\logs\auto_train\20250325_train_done.flag)
2025-03-25 05:17:42,924 - 检测到20250325的训练已经执行过 (标志文件: D:\my-vue-project\wind-power-forecast\backend\auto_scripts\scripts\supershort\logs\auto_train\20250325_train_done.flag)
2025-03-25 05:18:12,926 - 检测到20250325的训练已经执行过 (标志文件: D:\my-vue-project\wind-power-forecast\backend\auto_scripts\scripts\supershort\logs\auto_train\20250325_train_done.flag)
2025-03-25 05:18:42,929 - 检测到20250325的训练已经执行过 (标志文件: D:\my-vue-project\wind-power-forecast\backend\auto_scripts\scripts\supershort\logs\auto_train\20250325_train_done.flag)
2025-03-25 05:19:12,946 - 检测到20250325的训练已经执行过 (标志文件: D:\my-vue-project\wind-power-forecast\backend\auto_scripts\scripts\supershort\logs\auto_train\20250325_train_done.flag)
2025-03-25 05:19:42,962 - 检测到20250325的训练已经执行过 (标志文件: D:\my-vue-project\wind-power-forecast\backend\auto_scripts\scripts\supershort\logs\auto_train\20250325_train_done.flag)
2025-03-25 05:20:12,975 - 检测到20250325的训练已经执行过 (标志文件: D:\my-vue-project\wind-power-forecast\backend\auto_scripts\scripts\supershort\logs\auto_train\20250325_train_done.flag)
2025-03-25 05:20:42,978 - 检测到20250325的训练已经执行过 (标志文件: D:\my-vue-project\wind-power-forecast\backend\auto_scripts\scripts\supershort\logs\auto_train\20250325_train_done.flag)
2025-03-25 05:21:12,987 - 检测到20250325的训练已经执行过 (标志文件: D:\my-vue-project\wind-power-forecast\backend\auto_scripts\scripts\supershort\logs\auto_train\20250325_train_done.flag)
2025-03-25 05:21:42,998 - 检测到20250325的训练已经执行过 (标志文件: D:\my-vue-project\wind-power-forecast\backend\auto_scripts\scripts\supershort\logs\auto_train\20250325_train_done.flag)
2025-03-25 05:22:13,001 - 检测到20250325的训练已经执行过 (标志文件: D:\my-vue-project\wind-power-forecast\backend\auto_scripts\scripts\supershort\logs\auto_train\20250325_train_done.flag)
2025-03-25 05:22:43,008 - 检测到20250325的训练已经执行过 (标志文件: D:\my-vue-project\wind-power-forecast\backend\auto_scripts\scripts\supershort\logs\auto_train\20250325_train_done.flag)
2025-03-25 05:23:13,014 - 检测到20250325的训练已经执行过 (标志文件: D:\my-vue-project\wind-power-forecast\backend\auto_scripts\scripts\supershort\logs\auto_train\20250325_train_done.flag)
2025-03-25 05:23:43,029 - 检测到20250325的训练已经执行过 (标志文件: D:\my-vue-project\wind-power-forecast\backend\auto_scripts\scripts\supershort\logs\auto_train\20250325_train_done.flag)
2025-03-25 05:24:13,037 - 检测到20250325的训练已经执行过 (标志文件: D:\my-vue-project\wind-power-forecast\backend\auto_scripts\scripts\supershort\logs\auto_train\20250325_train_done.flag)
2025-03-25 05:24:43,043 - 检测到20250325的训练已经执行过 (标志文件: D:\my-vue-project\wind-power-forecast\backend\auto_scripts\scripts\supershort\logs\auto_train\20250325_train_done.flag)
2025-03-25 05:25:13,046 - 检测到20250325的训练已经执行过 (标志文件: D:\my-vue-project\wind-power-forecast\backend\auto_scripts\scripts\supershort\logs\auto_train\20250325_train_done.flag)
2025-03-25 05:25:43,048 - 检测到20250325的训练已经执行过 (标志文件: D:\my-vue-project\wind-power-forecast\backend\auto_scripts\scripts\supershort\logs\auto_train\20250325_train_done.flag)
2025-03-25 05:26:13,061 - 检测到20250325的训练已经执行过 (标志文件: D:\my-vue-project\wind-power-forecast\backend\auto_scripts\scripts\supershort\logs\auto_train\20250325_train_done.flag)
2025-03-25 05:26:43,076 - 检测到20250325的训练已经执行过 (标志文件: D:\my-vue-project\wind-power-forecast\backend\auto_scripts\scripts\supershort\logs\auto_train\20250325_train_done.flag)
2025-03-25 05:27:13,092 - 检测到20250325的训练已经执行过 (标志文件: D:\my-vue-project\wind-power-forecast\backend\auto_scripts\scripts\supershort\logs\auto_train\20250325_train_done.flag)
2025-03-25 05:27:43,107 - 检测到20250325的训练已经执行过 (标志文件: D:\my-vue-project\wind-power-forecast\backend\auto_scripts\scripts\supershort\logs\auto_train\20250325_train_done.flag)
2025-03-25 05:28:13,122 - 检测到20250325的训练已经执行过 (标志文件: D:\my-vue-project\wind-power-forecast\backend\auto_scripts\scripts\supershort\logs\auto_train\20250325_train_done.flag)
2025-03-25 05:28:43,136 - 检测到20250325的训练已经执行过 (标志文件: D:\my-vue-project\wind-power-forecast\backend\auto_scripts\scripts\supershort\logs\auto_train\20250325_train_done.flag)
2025-03-25 05:29:13,144 - 检测到20250325的训练已经执行过 (标志文件: D:\my-vue-project\wind-power-forecast\backend\auto_scripts\scripts\supershort\logs\auto_train\20250325_train_done.flag)
2025-03-25 05:29:43,158 - 检测到20250325的训练已经执行过 (标志文件: D:\my-vue-project\wind-power-forecast\backend\auto_scripts\scripts\supershort\logs\auto_train\20250325_train_done.flag)
2025-03-25 05:30:13,168 - 检测到20250325的训练已经执行过 (标志文件: D:\my-vue-project\wind-power-forecast\backend\auto_scripts\scripts\supershort\logs\auto_train\20250325_train_done.flag)
2025-03-25 05:30:43,168 - 检测到20250325的训练已经执行过 (标志文件: D:\my-vue-project\wind-power-forecast\backend\auto_scripts\scripts\supershort\logs\auto_train\20250325_train_done.flag)
2025-03-25 05:31:13,176 - 检测到20250325的训练已经执行过 (标志文件: D:\my-vue-project\wind-power-forecast\backend\auto_scripts\scripts\supershort\logs\auto_train\20250325_train_done.flag)
2025-03-25 05:31:43,180 - 检测到20250325的训练已经执行过 (标志文件: D:\my-vue-project\wind-power-forecast\backend\auto_scripts\scripts\supershort\logs\auto_train\20250325_train_done.flag)
2025-03-25 05:32:13,193 - 检测到20250325的训练已经执行过 (标志文件: D:\my-vue-project\wind-power-forecast\backend\auto_scripts\scripts\supershort\logs\auto_train\20250325_train_done.flag)
2025-03-25 05:32:43,199 - 检测到20250325的训练已经执行过 (标志文件: D:\my-vue-project\wind-power-forecast\backend\auto_scripts\scripts\supershort\logs\auto_train\20250325_train_done.flag)
2025-03-25 05:33:13,215 - 检测到20250325的训练已经执行过 (标志文件: D:\my-vue-project\wind-power-forecast\backend\auto_scripts\scripts\supershort\logs\auto_train\20250325_train_done.flag)
2025-03-25 05:33:43,226 - 检测到20250325的训练已经执行过 (标志文件: D:\my-vue-project\wind-power-forecast\backend\auto_scripts\scripts\supershort\logs\auto_train\20250325_train_done.flag)
2025-03-25 05:34:13,227 - 检测到20250325的训练已经执行过 (标志文件: D:\my-vue-project\wind-power-forecast\backend\auto_scripts\scripts\supershort\logs\auto_train\20250325_train_done.flag)
2025-03-25 05:34:43,232 - 检测到20250325的训练已经执行过 (标志文件: D:\my-vue-project\wind-power-forecast\backend\auto_scripts\scripts\supershort\logs\auto_train\20250325_train_done.flag)
2025-03-25 05:35:13,237 - 检测到20250325的训练已经执行过 (标志文件: D:\my-vue-project\wind-power-forecast\backend\auto_scripts\scripts\supershort\logs\auto_train\20250325_train_done.flag)
2025-03-25 05:35:43,246 - 检测到20250325的训练已经执行过 (标志文件: D:\my-vue-project\wind-power-forecast\backend\auto_scripts\scripts\supershort\logs\auto_train\20250325_train_done.flag)
2025-03-25 05:36:13,249 - 检测到20250325的训练已经执行过 (标志文件: D:\my-vue-project\wind-power-forecast\backend\auto_scripts\scripts\supershort\logs\auto_train\20250325_train_done.flag)
2025-03-25 05:36:43,260 - 检测到20250325的训练已经执行过 (标志文件: D:\my-vue-project\wind-power-forecast\backend\auto_scripts\scripts\supershort\logs\auto_train\20250325_train_done.flag)
2025-03-25 05:37:13,275 - 检测到20250325的训练已经执行过 (标志文件: D:\my-vue-project\wind-power-forecast\backend\auto_scripts\scripts\supershort\logs\auto_train\20250325_train_done.flag)
2025-03-25 05:37:43,281 - 检测到20250325的训练已经执行过 (标志文件: D:\my-vue-project\wind-power-forecast\backend\auto_scripts\scripts\supershort\logs\auto_train\20250325_train_done.flag)
2025-03-25 05:38:13,284 - 检测到20250325的训练已经执行过 (标志文件: D:\my-vue-project\wind-power-forecast\backend\auto_scripts\scripts\supershort\logs\auto_train\20250325_train_done.flag)
2025-03-25 05:38:43,287 - 检测到20250325的训练已经执行过 (标志文件: D:\my-vue-project\wind-power-forecast\backend\auto_scripts\scripts\supershort\logs\auto_train\20250325_train_done.flag)
2025-03-25 05:39:13,297 - 检测到20250325的训练已经执行过 (标志文件: D:\my-vue-project\wind-power-forecast\backend\auto_scripts\scripts\supershort\logs\auto_train\20250325_train_done.flag)
2025-03-25 05:39:43,311 - 检测到20250325的训练已经执行过 (标志文件: D:\my-vue-project\wind-power-forecast\backend\auto_scripts\scripts\supershort\logs\auto_train\20250325_train_done.flag)
2025-03-25 05:40:13,316 - 检测到20250325的训练已经执行过 (标志文件: D:\my-vue-project\wind-power-forecast\backend\auto_scripts\scripts\supershort\logs\auto_train\20250325_train_done.flag)
2025-03-25 05:40:43,329 - 检测到20250325的训练已经执行过 (标志文件: D:\my-vue-project\wind-power-forecast\backend\auto_scripts\scripts\supershort\logs\auto_train\20250325_train_done.flag)
2025-03-25 05:41:13,342 - 检测到20250325的训练已经执行过 (标志文件: D:\my-vue-project\wind-power-forecast\backend\auto_scripts\scripts\supershort\logs\auto_train\20250325_train_done.flag)
2025-03-25 05:41:43,345 - 检测到20250325的训练已经执行过 (标志文件: D:\my-vue-project\wind-power-forecast\backend\auto_scripts\scripts\supershort\logs\auto_train\20250325_train_done.flag)
2025-03-25 05:42:13,355 - 检测到20250325的训练已经执行过 (标志文件: D:\my-vue-project\wind-power-forecast\backend\auto_scripts\scripts\supershort\logs\auto_train\20250325_train_done.flag)
2025-03-25 05:42:43,362 - 检测到20250325的训练已经执行过 (标志文件: D:\my-vue-project\wind-power-forecast\backend\auto_scripts\scripts\supershort\logs\auto_train\20250325_train_done.flag)
2025-03-25 05:43:13,368 - 检测到20250325的训练已经执行过 (标志文件: D:\my-vue-project\wind-power-forecast\backend\auto_scripts\scripts\supershort\logs\auto_train\20250325_train_done.flag)
2025-03-25 05:43:43,373 - 检测到20250325的训练已经执行过 (标志文件: D:\my-vue-project\wind-power-forecast\backend\auto_scripts\scripts\supershort\logs\auto_train\20250325_train_done.flag)
2025-03-25 05:44:13,385 - 检测到20250325的训练已经执行过 (标志文件: D:\my-vue-project\wind-power-forecast\backend\auto_scripts\scripts\supershort\logs\auto_train\20250325_train_done.flag)
2025-03-25 05:44:43,400 - 检测到20250325的训练已经执行过 (标志文件: D:\my-vue-project\wind-power-forecast\backend\auto_scripts\scripts\supershort\logs\auto_train\20250325_train_done.flag)
2025-03-25 05:45:13,412 - 检测到20250325的训练已经执行过 (标志文件: D:\my-vue-project\wind-power-forecast\backend\auto_scripts\scripts\supershort\logs\auto_train\20250325_train_done.flag)
2025-03-25 05:45:43,413 - 检测到20250325的训练已经执行过 (标志文件: D:\my-vue-project\wind-power-forecast\backend\auto_scripts\scripts\supershort\logs\auto_train\20250325_train_done.flag)
2025-03-25 05:46:13,417 - 检测到20250325的训练已经执行过 (标志文件: D:\my-vue-project\wind-power-forecast\backend\auto_scripts\scripts\supershort\logs\auto_train\20250325_train_done.flag)
2025-03-25 05:46:43,419 - 检测到20250325的训练已经执行过 (标志文件: D:\my-vue-project\wind-power-forecast\backend\auto_scripts\scripts\supershort\logs\auto_train\20250325_train_done.flag)
2025-03-25 05:47:13,426 - 检测到20250325的训练已经执行过 (标志文件: D:\my-vue-project\wind-power-forecast\backend\auto_scripts\scripts\supershort\logs\auto_train\20250325_train_done.flag)
2025-03-25 05:47:43,435 - 检测到20250325的训练已经执行过 (标志文件: D:\my-vue-project\wind-power-forecast\backend\auto_scripts\scripts\supershort\logs\auto_train\20250325_train_done.flag)
2025-03-25 05:48:13,450 - 检测到20250325的训练已经执行过 (标志文件: D:\my-vue-project\wind-power-forecast\backend\auto_scripts\scripts\supershort\logs\auto_train\20250325_train_done.flag)
2025-03-25 05:48:43,457 - 检测到20250325的训练已经执行过 (标志文件: D:\my-vue-project\wind-power-forecast\backend\auto_scripts\scripts\supershort\logs\auto_train\20250325_train_done.flag)
2025-03-25 05:49:13,466 - 检测到20250325的训练已经执行过 (标志文件: D:\my-vue-project\wind-power-forecast\backend\auto_scripts\scripts\supershort\logs\auto_train\20250325_train_done.flag)
2025-03-25 05:49:43,478 - 检测到20250325的训练已经执行过 (标志文件: D:\my-vue-project\wind-power-forecast\backend\auto_scripts\scripts\supershort\logs\auto_train\20250325_train_done.flag)
2025-03-25 05:50:13,479 - 检测到20250325的训练已经执行过 (标志文件: D:\my-vue-project\wind-power-forecast\backend\auto_scripts\scripts\supershort\logs\auto_train\20250325_train_done.flag)
2025-03-25 05:50:43,483 - 检测到20250325的训练已经执行过 (标志文件: D:\my-vue-project\wind-power-forecast\backend\auto_scripts\scripts\supershort\logs\auto_train\20250325_train_done.flag)
2025-03-25 05:51:13,487 - 检测到20250325的训练已经执行过 (标志文件: D:\my-vue-project\wind-power-forecast\backend\auto_scripts\scripts\supershort\logs\auto_train\20250325_train_done.flag)
2025-03-25 05:51:43,501 - 检测到20250325的训练已经执行过 (标志文件: D:\my-vue-project\wind-power-forecast\backend\auto_scripts\scripts\supershort\logs\auto_train\20250325_train_done.flag)
2025-03-25 05:52:13,510 - 检测到20250325的训练已经执行过 (标志文件: D:\my-vue-project\wind-power-forecast\backend\auto_scripts\scripts\supershort\logs\auto_train\20250325_train_done.flag)
2025-03-25 05:52:43,515 - 检测到20250325的训练已经执行过 (标志文件: D:\my-vue-project\wind-power-forecast\backend\auto_scripts\scripts\supershort\logs\auto_train\20250325_train_done.flag)
2025-03-25 05:53:13,520 - 检测到20250325的训练已经执行过 (标志文件: D:\my-vue-project\wind-power-forecast\backend\auto_scripts\scripts\supershort\logs\auto_train\20250325_train_done.flag)
2025-03-25 05:53:43,532 - 检测到20250325的训练已经执行过 (标志文件: D:\my-vue-project\wind-power-forecast\backend\auto_scripts\scripts\supershort\logs\auto_train\20250325_train_done.flag)
2025-03-25 05:54:13,541 - 检测到20250325的训练已经执行过 (标志文件: D:\my-vue-project\wind-power-forecast\backend\auto_scripts\scripts\supershort\logs\auto_train\20250325_train_done.flag)
2025-03-25 05:54:43,548 - 检测到20250325的训练已经执行过 (标志文件: D:\my-vue-project\wind-power-forecast\backend\auto_scripts\scripts\supershort\logs\auto_train\20250325_train_done.flag)
2025-03-25 05:55:13,552 - 检测到20250325的训练已经执行过 (标志文件: D:\my-vue-project\wind-power-forecast\backend\auto_scripts\scripts\supershort\logs\auto_train\20250325_train_done.flag)
2025-03-25 05:55:43,554 - 检测到20250325的训练已经执行过 (标志文件: D:\my-vue-project\wind-power-forecast\backend\auto_scripts\scripts\supershort\logs\auto_train\20250325_train_done.flag)
2025-03-25 05:56:13,555 - 检测到20250325的训练已经执行过 (标志文件: D:\my-vue-project\wind-power-forecast\backend\auto_scripts\scripts\supershort\logs\auto_train\20250325_train_done.flag)
2025-03-25 05:56:43,560 - 检测到20250325的训练已经执行过 (标志文件: D:\my-vue-project\wind-power-forecast\backend\auto_scripts\scripts\supershort\logs\auto_train\20250325_train_done.flag)
2025-03-25 05:57:13,561 - 检测到20250325的训练已经执行过 (标志文件: D:\my-vue-project\wind-power-forecast\backend\auto_scripts\scripts\supershort\logs\auto_train\20250325_train_done.flag)
2025-03-25 05:57:43,573 - 检测到20250325的训练已经执行过 (标志文件: D:\my-vue-project\wind-power-forecast\backend\auto_scripts\scripts\supershort\logs\auto_train\20250325_train_done.flag)
2025-03-25 05:58:13,575 - 检测到20250325的训练已经执行过 (标志文件: D:\my-vue-project\wind-power-forecast\backend\auto_scripts\scripts\supershort\logs\auto_train\20250325_train_done.flag)
2025-03-25 05:58:43,586 - 检测到20250325的训练已经执行过 (标志文件: D:\my-vue-project\wind-power-forecast\backend\auto_scripts\scripts\supershort\logs\auto_train\20250325_train_done.flag)
2025-03-25 05:59:13,599 - 检测到20250325的训练已经执行过 (标志文件: D:\my-vue-project\wind-power-forecast\backend\auto_scripts\scripts\supershort\logs\auto_train\20250325_train_done.flag)
2025-03-25 05:59:43,614 - 检测到20250325的训练已经执行过 (标志文件: D:\my-vue-project\wind-power-forecast\backend\auto_scripts\scripts\supershort\logs\auto_train\20250325_train_done.flag)
2025-03-25 06:00:13,616 - 当前时间: 2025-03-25 06:00:13, 星期: 周二
2025-03-25 06:00:13,616 - 当前任务状态: 训练任务已执行=True, 参数优化任务已执行=False
2025-03-25 06:00:13,617 - 检测到20250325的训练已经执行过 (标志文件: D:\my-vue-project\wind-power-forecast\backend\auto_scripts\scripts\supershort\logs\auto_train\20250325_train_done.flag)
2025-03-25 06:00:43,631 - 当前时间: 2025-03-25 06:00:43, 星期: 周二
2025-03-25 06:00:43,631 - 当前任务状态: 训练任务已执行=True, 参数优化任务已执行=False
2025-03-25 06:00:43,632 - 检测到20250325的训练已经执行过 (标志文件: D:\my-vue-project\wind-power-forecast\backend\auto_scripts\scripts\supershort\logs\auto_train\20250325_train_done.flag)
2025-03-25 06:01:13,636 - 检测到20250325的训练已经执行过 (标志文件: D:\my-vue-project\wind-power-forecast\backend\auto_scripts\scripts\supershort\logs\auto_train\20250325_train_done.flag)
2025-03-25 06:01:43,648 - 检测到20250325的训练已经执行过 (标志文件: D:\my-vue-project\wind-power-forecast\backend\auto_scripts\scripts\supershort\logs\auto_train\20250325_train_done.flag)
2025-03-25 06:02:13,653 - 检测到20250325的训练已经执行过 (标志文件: D:\my-vue-project\wind-power-forecast\backend\auto_scripts\scripts\supershort\logs\auto_train\20250325_train_done.flag)
2025-03-25 06:02:43,656 - 检测到20250325的训练已经执行过 (标志文件: D:\my-vue-project\wind-power-forecast\backend\auto_scripts\scripts\supershort\logs\auto_train\20250325_train_done.flag)
2025-03-25 06:03:13,672 - 检测到20250325的训练已经执行过 (标志文件: D:\my-vue-project\wind-power-forecast\backend\auto_scripts\scripts\supershort\logs\auto_train\20250325_train_done.flag)
2025-03-25 06:03:43,679 - 检测到20250325的训练已经执行过 (标志文件: D:\my-vue-project\wind-power-forecast\backend\auto_scripts\scripts\supershort\logs\auto_train\20250325_train_done.flag)
2025-03-25 06:04:13,687 - 检测到20250325的训练已经执行过 (标志文件: D:\my-vue-project\wind-power-forecast\backend\auto_scripts\scripts\supershort\logs\auto_train\20250325_train_done.flag)
2025-03-25 06:04:43,695 - 检测到20250325的训练已经执行过 (标志文件: D:\my-vue-project\wind-power-forecast\backend\auto_scripts\scripts\supershort\logs\auto_train\20250325_train_done.flag)
2025-03-25 06:05:13,698 - 检测到20250325的训练已经执行过 (标志文件: D:\my-vue-project\wind-power-forecast\backend\auto_scripts\scripts\supershort\logs\auto_train\20250325_train_done.flag)
2025-03-25 06:05:43,708 - 检测到20250325的训练已经执行过 (标志文件: D:\my-vue-project\wind-power-forecast\backend\auto_scripts\scripts\supershort\logs\auto_train\20250325_train_done.flag)
2025-03-25 06:06:13,724 - 检测到20250325的训练已经执行过 (标志文件: D:\my-vue-project\wind-power-forecast\backend\auto_scripts\scripts\supershort\logs\auto_train\20250325_train_done.flag)
2025-03-25 06:06:43,735 - 检测到20250325的训练已经执行过 (标志文件: D:\my-vue-project\wind-power-forecast\backend\auto_scripts\scripts\supershort\logs\auto_train\20250325_train_done.flag)
2025-03-25 06:07:13,749 - 检测到20250325的训练已经执行过 (标志文件: D:\my-vue-project\wind-power-forecast\backend\auto_scripts\scripts\supershort\logs\auto_train\20250325_train_done.flag)
2025-03-25 06:07:43,761 - 检测到20250325的训练已经执行过 (标志文件: D:\my-vue-project\wind-power-forecast\backend\auto_scripts\scripts\supershort\logs\auto_train\20250325_train_done.flag)
2025-03-25 06:08:13,765 - 检测到20250325的训练已经执行过 (标志文件: D:\my-vue-project\wind-power-forecast\backend\auto_scripts\scripts\supershort\logs\auto_train\20250325_train_done.flag)
2025-03-25 06:08:43,780 - 检测到20250325的训练已经执行过 (标志文件: D:\my-vue-project\wind-power-forecast\backend\auto_scripts\scripts\supershort\logs\auto_train\20250325_train_done.flag)
2025-03-25 06:09:13,793 - 检测到20250325的训练已经执行过 (标志文件: D:\my-vue-project\wind-power-forecast\backend\auto_scripts\scripts\supershort\logs\auto_train\20250325_train_done.flag)
2025-03-25 06:09:43,804 - 检测到20250325的训练已经执行过 (标志文件: D:\my-vue-project\wind-power-forecast\backend\auto_scripts\scripts\supershort\logs\auto_train\20250325_train_done.flag)
2025-03-25 06:10:13,807 - 检测到20250325的训练已经执行过 (标志文件: D:\my-vue-project\wind-power-forecast\backend\auto_scripts\scripts\supershort\logs\auto_train\20250325_train_done.flag)
2025-03-25 06:10:43,821 - 检测到20250325的训练已经执行过 (标志文件: D:\my-vue-project\wind-power-forecast\backend\auto_scripts\scripts\supershort\logs\auto_train\20250325_train_done.flag)
2025-03-25 06:11:13,836 - 检测到20250325的训练已经执行过 (标志文件: D:\my-vue-project\wind-power-forecast\backend\auto_scripts\scripts\supershort\logs\auto_train\20250325_train_done.flag)
2025-03-25 06:11:43,840 - 检测到20250325的训练已经执行过 (标志文件: D:\my-vue-project\wind-power-forecast\backend\auto_scripts\scripts\supershort\logs\auto_train\20250325_train_done.flag)
2025-03-25 06:12:13,843 - 检测到20250325的训练已经执行过 (标志文件: D:\my-vue-project\wind-power-forecast\backend\auto_scripts\scripts\supershort\logs\auto_train\20250325_train_done.flag)
2025-03-25 06:12:43,850 - 检测到20250325的训练已经执行过 (标志文件: D:\my-vue-project\wind-power-forecast\backend\auto_scripts\scripts\supershort\logs\auto_train\20250325_train_done.flag)
2025-03-25 06:13:13,856 - 检测到20250325的训练已经执行过 (标志文件: D:\my-vue-project\wind-power-forecast\backend\auto_scripts\scripts\supershort\logs\auto_train\20250325_train_done.flag)
2025-03-25 06:13:43,868 - 检测到20250325的训练已经执行过 (标志文件: D:\my-vue-project\wind-power-forecast\backend\auto_scripts\scripts\supershort\logs\auto_train\20250325_train_done.flag)
2025-03-25 06:14:13,870 - 检测到20250325的训练已经执行过 (标志文件: D:\my-vue-project\wind-power-forecast\backend\auto_scripts\scripts\supershort\logs\auto_train\20250325_train_done.flag)
2025-03-25 06:14:43,875 - 检测到20250325的训练已经执行过 (标志文件: D:\my-vue-project\wind-power-forecast\backend\auto_scripts\scripts\supershort\logs\auto_train\20250325_train_done.flag)
2025-03-25 06:15:13,883 - 检测到20250325的训练已经执行过 (标志文件: D:\my-vue-project\wind-power-forecast\backend\auto_scripts\scripts\supershort\logs\auto_train\20250325_train_done.flag)
2025-03-25 06:15:43,897 - 检测到20250325的训练已经执行过 (标志文件: D:\my-vue-project\wind-power-forecast\backend\auto_scripts\scripts\supershort\logs\auto_train\20250325_train_done.flag)
2025-03-25 06:16:13,904 - 检测到20250325的训练已经执行过 (标志文件: D:\my-vue-project\wind-power-forecast\backend\auto_scripts\scripts\supershort\logs\auto_train\20250325_train_done.flag)
2025-03-25 06:16:43,905 - 检测到20250325的训练已经执行过 (标志文件: D:\my-vue-project\wind-power-forecast\backend\auto_scripts\scripts\supershort\logs\auto_train\20250325_train_done.flag)
2025-03-25 06:17:13,913 - 检测到20250325的训练已经执行过 (标志文件: D:\my-vue-project\wind-power-forecast\backend\auto_scripts\scripts\supershort\logs\auto_train\20250325_train_done.flag)
2025-03-25 06:17:43,927 - 检测到20250325的训练已经执行过 (标志文件: D:\my-vue-project\wind-power-forecast\backend\auto_scripts\scripts\supershort\logs\auto_train\20250325_train_done.flag)
2025-03-25 06:18:13,933 - 检测到20250325的训练已经执行过 (标志文件: D:\my-vue-project\wind-power-forecast\backend\auto_scripts\scripts\supershort\logs\auto_train\20250325_train_done.flag)
2025-03-25 06:18:43,949 - 检测到20250325的训练已经执行过 (标志文件: D:\my-vue-project\wind-power-forecast\backend\auto_scripts\scripts\supershort\logs\auto_train\20250325_train_done.flag)
2025-03-25 06:19:13,957 - 检测到20250325的训练已经执行过 (标志文件: D:\my-vue-project\wind-power-forecast\backend\auto_scripts\scripts\supershort\logs\auto_train\20250325_train_done.flag)
2025-03-25 06:19:43,967 - 检测到20250325的训练已经执行过 (标志文件: D:\my-vue-project\wind-power-forecast\backend\auto_scripts\scripts\supershort\logs\auto_train\20250325_train_done.flag)
2025-03-25 06:20:13,981 - 检测到20250325的训练已经执行过 (标志文件: D:\my-vue-project\wind-power-forecast\backend\auto_scripts\scripts\supershort\logs\auto_train\20250325_train_done.flag)
2025-03-25 06:20:43,994 - 检测到20250325的训练已经执行过 (标志文件: D:\my-vue-project\wind-power-forecast\backend\auto_scripts\scripts\supershort\logs\auto_train\20250325_train_done.flag)
2025-03-25 06:21:13,995 - 检测到20250325的训练已经执行过 (标志文件: D:\my-vue-project\wind-power-forecast\backend\auto_scripts\scripts\supershort\logs\auto_train\20250325_train_done.flag)
2025-03-25 06:21:44,008 - 检测到20250325的训练已经执行过 (标志文件: D:\my-vue-project\wind-power-forecast\backend\auto_scripts\scripts\supershort\logs\auto_train\20250325_train_done.flag)
2025-03-25 06:22:14,023 - 检测到20250325的训练已经执行过 (标志文件: D:\my-vue-project\wind-power-forecast\backend\auto_scripts\scripts\supershort\logs\auto_train\20250325_train_done.flag)
2025-03-25 06:22:44,036 - 检测到20250325的训练已经执行过 (标志文件: D:\my-vue-project\wind-power-forecast\backend\auto_scripts\scripts\supershort\logs\auto_train\20250325_train_done.flag)
2025-03-25 06:23:14,045 - 检测到20250325的训练已经执行过 (标志文件: D:\my-vue-project\wind-power-forecast\backend\auto_scripts\scripts\supershort\logs\auto_train\20250325_train_done.flag)
2025-03-25 06:23:44,054 - 检测到20250325的训练已经执行过 (标志文件: D:\my-vue-project\wind-power-forecast\backend\auto_scripts\scripts\supershort\logs\auto_train\20250325_train_done.flag)
2025-03-25 06:24:14,060 - 检测到20250325的训练已经执行过 (标志文件: D:\my-vue-project\wind-power-forecast\backend\auto_scripts\scripts\supershort\logs\auto_train\20250325_train_done.flag)
2025-03-25 06:24:44,072 - 检测到20250325的训练已经执行过 (标志文件: D:\my-vue-project\wind-power-forecast\backend\auto_scripts\scripts\supershort\logs\auto_train\20250325_train_done.flag)
2025-03-25 06:25:14,085 - 检测到20250325的训练已经执行过 (标志文件: D:\my-vue-project\wind-power-forecast\backend\auto_scripts\scripts\supershort\logs\auto_train\20250325_train_done.flag)
2025-03-25 06:25:44,096 - 检测到20250325的训练已经执行过 (标志文件: D:\my-vue-project\wind-power-forecast\backend\auto_scripts\scripts\supershort\logs\auto_train\20250325_train_done.flag)
2025-03-25 06:26:14,101 - 检测到20250325的训练已经执行过 (标志文件: D:\my-vue-project\wind-power-forecast\backend\auto_scripts\scripts\supershort\logs\auto_train\20250325_train_done.flag)
2025-03-25 06:26:44,105 - 检测到20250325的训练已经执行过 (标志文件: D:\my-vue-project\wind-power-forecast\backend\auto_scripts\scripts\supershort\logs\auto_train\20250325_train_done.flag)
2025-03-25 06:27:14,109 - 检测到20250325的训练已经执行过 (标志文件: D:\my-vue-project\wind-power-forecast\backend\auto_scripts\scripts\supershort\logs\auto_train\20250325_train_done.flag)
2025-03-25 06:27:44,112 - 检测到20250325的训练已经执行过 (标志文件: D:\my-vue-project\wind-power-forecast\backend\auto_scripts\scripts\supershort\logs\auto_train\20250325_train_done.flag)
2025-03-25 06:28:14,114 - 检测到20250325的训练已经执行过 (标志文件: D:\my-vue-project\wind-power-forecast\backend\auto_scripts\scripts\supershort\logs\auto_train\20250325_train_done.flag)
2025-03-25 06:28:44,121 - 检测到20250325的训练已经执行过 (标志文件: D:\my-vue-project\wind-power-forecast\backend\auto_scripts\scripts\supershort\logs\auto_train\20250325_train_done.flag)
2025-03-25 06:29:14,137 - 检测到20250325的训练已经执行过 (标志文件: D:\my-vue-project\wind-power-forecast\backend\auto_scripts\scripts\supershort\logs\auto_train\20250325_train_done.flag)
2025-03-25 06:29:44,141 - 检测到20250325的训练已经执行过 (标志文件: D:\my-vue-project\wind-power-forecast\backend\auto_scripts\scripts\supershort\logs\auto_train\20250325_train_done.flag)
2025-03-25 06:30:14,149 - 检测到20250325的训练已经执行过 (标志文件: D:\my-vue-project\wind-power-forecast\backend\auto_scripts\scripts\supershort\logs\auto_train\20250325_train_done.flag)
2025-03-25 06:30:44,162 - 检测到20250325的训练已经执行过 (标志文件: D:\my-vue-project\wind-power-forecast\backend\auto_scripts\scripts\supershort\logs\auto_train\20250325_train_done.flag)
2025-03-25 06:31:14,169 - 检测到20250325的训练已经执行过 (标志文件: D:\my-vue-project\wind-power-forecast\backend\auto_scripts\scripts\supershort\logs\auto_train\20250325_train_done.flag)
2025-03-25 06:31:44,172 - 检测到20250325的训练已经执行过 (标志文件: D:\my-vue-project\wind-power-forecast\backend\auto_scripts\scripts\supershort\logs\auto_train\20250325_train_done.flag)
2025-03-25 06:32:14,181 - 检测到20250325的训练已经执行过 (标志文件: D:\my-vue-project\wind-power-forecast\backend\auto_scripts\scripts\supershort\logs\auto_train\20250325_train_done.flag)
2025-03-25 06:32:44,182 - 检测到20250325的训练已经执行过 (标志文件: D:\my-vue-project\wind-power-forecast\backend\auto_scripts\scripts\supershort\logs\auto_train\20250325_train_done.flag)
2025-03-25 06:33:14,199 - 检测到20250325的训练已经执行过 (标志文件: D:\my-vue-project\wind-power-forecast\backend\auto_scripts\scripts\supershort\logs\auto_train\20250325_train_done.flag)
2025-03-25 06:33:44,213 - 检测到20250325的训练已经执行过 (标志文件: D:\my-vue-project\wind-power-forecast\backend\auto_scripts\scripts\supershort\logs\auto_train\20250325_train_done.flag)
2025-03-25 06:34:14,226 - 检测到20250325的训练已经执行过 (标志文件: D:\my-vue-project\wind-power-forecast\backend\auto_scripts\scripts\supershort\logs\auto_train\20250325_train_done.flag)
2025-03-25 06:34:44,232 - 检测到20250325的训练已经执行过 (标志文件: D:\my-vue-project\wind-power-forecast\backend\auto_scripts\scripts\supershort\logs\auto_train\20250325_train_done.flag)
2025-03-25 06:35:14,236 - 检测到20250325的训练已经执行过 (标志文件: D:\my-vue-project\wind-power-forecast\backend\auto_scripts\scripts\supershort\logs\auto_train\20250325_train_done.flag)
2025-03-25 06:35:44,239 - 检测到20250325的训练已经执行过 (标志文件: D:\my-vue-project\wind-power-forecast\backend\auto_scripts\scripts\supershort\logs\auto_train\20250325_train_done.flag)
2025-03-25 06:36:14,245 - 检测到20250325的训练已经执行过 (标志文件: D:\my-vue-project\wind-power-forecast\backend\auto_scripts\scripts\supershort\logs\auto_train\20250325_train_done.flag)
2025-03-25 06:36:44,245 - 检测到20250325的训练已经执行过 (标志文件: D:\my-vue-project\wind-power-forecast\backend\auto_scripts\scripts\supershort\logs\auto_train\20250325_train_done.flag)
2025-03-25 06:37:14,249 - 检测到20250325的训练已经执行过 (标志文件: D:\my-vue-project\wind-power-forecast\backend\auto_scripts\scripts\supershort\logs\auto_train\20250325_train_done.flag)
2025-03-25 06:37:44,265 - 检测到20250325的训练已经执行过 (标志文件: D:\my-vue-project\wind-power-forecast\backend\auto_scripts\scripts\supershort\logs\auto_train\20250325_train_done.flag)
2025-03-25 06:38:14,266 - 检测到20250325的训练已经执行过 (标志文件: D:\my-vue-project\wind-power-forecast\backend\auto_scripts\scripts\supershort\logs\auto_train\20250325_train_done.flag)
2025-03-25 06:38:44,280 - 检测到20250325的训练已经执行过 (标志文件: D:\my-vue-project\wind-power-forecast\backend\auto_scripts\scripts\supershort\logs\auto_train\20250325_train_done.flag)
2025-03-25 06:39:14,287 - 检测到20250325的训练已经执行过 (标志文件: D:\my-vue-project\wind-power-forecast\backend\auto_scripts\scripts\supershort\logs\auto_train\20250325_train_done.flag)
2025-03-25 06:39:44,303 - 检测到20250325的训练已经执行过 (标志文件: D:\my-vue-project\wind-power-forecast\backend\auto_scripts\scripts\supershort\logs\auto_train\20250325_train_done.flag)
2025-03-25 06:40:14,319 - 检测到20250325的训练已经执行过 (标志文件: D:\my-vue-project\wind-power-forecast\backend\auto_scripts\scripts\supershort\logs\auto_train\20250325_train_done.flag)
2025-03-25 06:40:44,322 - 检测到20250325的训练已经执行过 (标志文件: D:\my-vue-project\wind-power-forecast\backend\auto_scripts\scripts\supershort\logs\auto_train\20250325_train_done.flag)
2025-03-25 06:41:14,330 - 检测到20250325的训练已经执行过 (标志文件: D:\my-vue-project\wind-power-forecast\backend\auto_scripts\scripts\supershort\logs\auto_train\20250325_train_done.flag)
2025-03-25 06:41:44,337 - 检测到20250325的训练已经执行过 (标志文件: D:\my-vue-project\wind-power-forecast\backend\auto_scripts\scripts\supershort\logs\auto_train\20250325_train_done.flag)
2025-03-25 06:42:14,346 - 检测到20250325的训练已经执行过 (标志文件: D:\my-vue-project\wind-power-forecast\backend\auto_scripts\scripts\supershort\logs\auto_train\20250325_train_done.flag)
2025-03-25 06:42:44,356 - 检测到20250325的训练已经执行过 (标志文件: D:\my-vue-project\wind-power-forecast\backend\auto_scripts\scripts\supershort\logs\auto_train\20250325_train_done.flag)
2025-03-25 06:43:14,370 - 检测到20250325的训练已经执行过 (标志文件: D:\my-vue-project\wind-power-forecast\backend\auto_scripts\scripts\supershort\logs\auto_train\20250325_train_done.flag)
2025-03-25 06:43:44,385 - 检测到20250325的训练已经执行过 (标志文件: D:\my-vue-project\wind-power-forecast\backend\auto_scripts\scripts\supershort\logs\auto_train\20250325_train_done.flag)
2025-03-25 06:44:14,402 - 检测到20250325的训练已经执行过 (标志文件: D:\my-vue-project\wind-power-forecast\backend\auto_scripts\scripts\supershort\logs\auto_train\20250325_train_done.flag)
2025-03-25 06:44:44,415 - 检测到20250325的训练已经执行过 (标志文件: D:\my-vue-project\wind-power-forecast\backend\auto_scripts\scripts\supershort\logs\auto_train\20250325_train_done.flag)
2025-03-25 06:45:14,418 - 检测到20250325的训练已经执行过 (标志文件: D:\my-vue-project\wind-power-forecast\backend\auto_scripts\scripts\supershort\logs\auto_train\20250325_train_done.flag)
2025-03-25 06:45:44,433 - 检测到20250325的训练已经执行过 (标志文件: D:\my-vue-project\wind-power-forecast\backend\auto_scripts\scripts\supershort\logs\auto_train\20250325_train_done.flag)
2025-03-25 06:46:14,437 - 检测到20250325的训练已经执行过 (标志文件: D:\my-vue-project\wind-power-forecast\backend\auto_scripts\scripts\supershort\logs\auto_train\20250325_train_done.flag)
2025-03-25 06:46:44,442 - 检测到20250325的训练已经执行过 (标志文件: D:\my-vue-project\wind-power-forecast\backend\auto_scripts\scripts\supershort\logs\auto_train\20250325_train_done.flag)
2025-03-25 06:47:14,458 - 检测到20250325的训练已经执行过 (标志文件: D:\my-vue-project\wind-power-forecast\backend\auto_scripts\scripts\supershort\logs\auto_train\20250325_train_done.flag)
2025-03-25 06:47:44,472 - 检测到20250325的训练已经执行过 (标志文件: D:\my-vue-project\wind-power-forecast\backend\auto_scripts\scripts\supershort\logs\auto_train\20250325_train_done.flag)
2025-03-25 06:48:14,488 - 检测到20250325的训练已经执行过 (标志文件: D:\my-vue-project\wind-power-forecast\backend\auto_scripts\scripts\supershort\logs\auto_train\20250325_train_done.flag)
2025-03-25 06:48:44,498 - 检测到20250325的训练已经执行过 (标志文件: D:\my-vue-project\wind-power-forecast\backend\auto_scripts\scripts\supershort\logs\auto_train\20250325_train_done.flag)
2025-03-25 06:49:14,515 - 检测到20250325的训练已经执行过 (标志文件: D:\my-vue-project\wind-power-forecast\backend\auto_scripts\scripts\supershort\logs\auto_train\20250325_train_done.flag)
2025-03-25 06:49:44,522 - 检测到20250325的训练已经执行过 (标志文件: D:\my-vue-project\wind-power-forecast\backend\auto_scripts\scripts\supershort\logs\auto_train\20250325_train_done.flag)
2025-03-25 06:50:14,535 - 检测到20250325的训练已经执行过 (标志文件: D:\my-vue-project\wind-power-forecast\backend\auto_scripts\scripts\supershort\logs\auto_train\20250325_train_done.flag)
2025-03-25 06:50:44,541 - 检测到20250325的训练已经执行过 (标志文件: D:\my-vue-project\wind-power-forecast\backend\auto_scripts\scripts\supershort\logs\auto_train\20250325_train_done.flag)
2025-03-25 06:51:14,553 - 检测到20250325的训练已经执行过 (标志文件: D:\my-vue-project\wind-power-forecast\backend\auto_scripts\scripts\supershort\logs\auto_train\20250325_train_done.flag)
2025-03-25 06:51:44,564 - 检测到20250325的训练已经执行过 (标志文件: D:\my-vue-project\wind-power-forecast\backend\auto_scripts\scripts\supershort\logs\auto_train\20250325_train_done.flag)
2025-03-25 06:52:14,573 - 检测到20250325的训练已经执行过 (标志文件: D:\my-vue-project\wind-power-forecast\backend\auto_scripts\scripts\supershort\logs\auto_train\20250325_train_done.flag)
2025-03-25 06:52:44,587 - 检测到20250325的训练已经执行过 (标志文件: D:\my-vue-project\wind-power-forecast\backend\auto_scripts\scripts\supershort\logs\auto_train\20250325_train_done.flag)
2025-03-25 06:53:14,594 - 检测到20250325的训练已经执行过 (标志文件: D:\my-vue-project\wind-power-forecast\backend\auto_scripts\scripts\supershort\logs\auto_train\20250325_train_done.flag)
2025-03-25 06:53:44,604 - 检测到20250325的训练已经执行过 (标志文件: D:\my-vue-project\wind-power-forecast\backend\auto_scripts\scripts\supershort\logs\auto_train\20250325_train_done.flag)
2025-03-25 06:54:14,609 - 检测到20250325的训练已经执行过 (标志文件: D:\my-vue-project\wind-power-forecast\backend\auto_scripts\scripts\supershort\logs\auto_train\20250325_train_done.flag)
2025-03-25 06:54:44,619 - 检测到20250325的训练已经执行过 (标志文件: D:\my-vue-project\wind-power-forecast\backend\auto_scripts\scripts\supershort\logs\auto_train\20250325_train_done.flag)
2025-03-25 06:55:14,627 - 检测到20250325的训练已经执行过 (标志文件: D:\my-vue-project\wind-power-forecast\backend\auto_scripts\scripts\supershort\logs\auto_train\20250325_train_done.flag)
2025-03-25 06:55:44,629 - 检测到20250325的训练已经执行过 (标志文件: D:\my-vue-project\wind-power-forecast\backend\auto_scripts\scripts\supershort\logs\auto_train\20250325_train_done.flag)
2025-03-25 06:56:14,644 - 检测到20250325的训练已经执行过 (标志文件: D:\my-vue-project\wind-power-forecast\backend\auto_scripts\scripts\supershort\logs\auto_train\20250325_train_done.flag)
2025-03-25 06:56:44,647 - 检测到20250325的训练已经执行过 (标志文件: D:\my-vue-project\wind-power-forecast\backend\auto_scripts\scripts\supershort\logs\auto_train\20250325_train_done.flag)
2025-03-25 06:57:14,654 - 检测到20250325的训练已经执行过 (标志文件: D:\my-vue-project\wind-power-forecast\backend\auto_scripts\scripts\supershort\logs\auto_train\20250325_train_done.flag)
2025-03-25 06:57:44,658 - 检测到20250325的训练已经执行过 (标志文件: D:\my-vue-project\wind-power-forecast\backend\auto_scripts\scripts\supershort\logs\auto_train\20250325_train_done.flag)
2025-03-25 06:58:14,669 - 检测到20250325的训练已经执行过 (标志文件: D:\my-vue-project\wind-power-forecast\backend\auto_scripts\scripts\supershort\logs\auto_train\20250325_train_done.flag)
2025-03-25 06:58:44,683 - 检测到20250325的训练已经执行过 (标志文件: D:\my-vue-project\wind-power-forecast\backend\auto_scripts\scripts\supershort\logs\auto_train\20250325_train_done.flag)
2025-03-25 06:59:14,685 - 检测到20250325的训练已经执行过 (标志文件: D:\my-vue-project\wind-power-forecast\backend\auto_scripts\scripts\supershort\logs\auto_train\20250325_train_done.flag)
2025-03-25 06:59:44,694 - 检测到20250325的训练已经执行过 (标志文件: D:\my-vue-project\wind-power-forecast\backend\auto_scripts\scripts\supershort\logs\auto_train\20250325_train_done.flag)
2025-03-25 07:00:14,709 - 当前时间: 2025-03-25 07:00:14, 星期: 周二
2025-03-25 07:00:14,709 - 当前任务状态: 训练任务已执行=True, 参数优化任务已执行=False
2025-03-25 07:00:14,711 - 检测到20250325的训练已经执行过 (标志文件: D:\my-vue-project\wind-power-forecast\backend\auto_scripts\scripts\supershort\logs\auto_train\20250325_train_done.flag)
2025-03-25 07:00:44,719 - 当前时间: 2025-03-25 07:00:44, 星期: 周二
2025-03-25 07:00:44,720 - 当前任务状态: 训练任务已执行=True, 参数优化任务已执行=False
2025-03-25 07:00:44,721 - 检测到20250325的训练已经执行过 (标志文件: D:\my-vue-project\wind-power-forecast\backend\auto_scripts\scripts\supershort\logs\auto_train\20250325_train_done.flag)
2025-03-25 07:01:14,732 - 检测到20250325的训练已经执行过 (标志文件: D:\my-vue-project\wind-power-forecast\backend\auto_scripts\scripts\supershort\logs\auto_train\20250325_train_done.flag)
2025-03-25 07:01:44,745 - 检测到20250325的训练已经执行过 (标志文件: D:\my-vue-project\wind-power-forecast\backend\auto_scripts\scripts\supershort\logs\auto_train\20250325_train_done.flag)
2025-03-25 07:02:14,760 - 检测到20250325的训练已经执行过 (标志文件: D:\my-vue-project\wind-power-forecast\backend\auto_scripts\scripts\supershort\logs\auto_train\20250325_train_done.flag)
2025-03-25 07:02:44,774 - 检测到20250325的训练已经执行过 (标志文件: D:\my-vue-project\wind-power-forecast\backend\auto_scripts\scripts\supershort\logs\auto_train\20250325_train_done.flag)
2025-03-25 07:03:14,781 - 检测到20250325的训练已经执行过 (标志文件: D:\my-vue-project\wind-power-forecast\backend\auto_scripts\scripts\supershort\logs\auto_train\20250325_train_done.flag)
2025-03-25 07:03:44,787 - 检测到20250325的训练已经执行过 (标志文件: D:\my-vue-project\wind-power-forecast\backend\auto_scripts\scripts\supershort\logs\auto_train\20250325_train_done.flag)
2025-03-25 07:04:14,802 - 检测到20250325的训练已经执行过 (标志文件: D:\my-vue-project\wind-power-forecast\backend\auto_scripts\scripts\supershort\logs\auto_train\20250325_train_done.flag)
2025-03-25 07:04:44,811 - 检测到20250325的训练已经执行过 (标志文件: D:\my-vue-project\wind-power-forecast\backend\auto_scripts\scripts\supershort\logs\auto_train\20250325_train_done.flag)
2025-03-25 07:05:14,821 - 检测到20250325的训练已经执行过 (标志文件: D:\my-vue-project\wind-power-forecast\backend\auto_scripts\scripts\supershort\logs\auto_train\20250325_train_done.flag)
2025-03-25 07:05:44,833 - 检测到20250325的训练已经执行过 (标志文件: D:\my-vue-project\wind-power-forecast\backend\auto_scripts\scripts\supershort\logs\auto_train\20250325_train_done.flag)
2025-03-25 07:06:14,837 - 检测到20250325的训练已经执行过 (标志文件: D:\my-vue-project\wind-power-forecast\backend\auto_scripts\scripts\supershort\logs\auto_train\20250325_train_done.flag)
2025-03-25 07:06:44,850 - 检测到20250325的训练已经执行过 (标志文件: D:\my-vue-project\wind-power-forecast\backend\auto_scripts\scripts\supershort\logs\auto_train\20250325_train_done.flag)
2025-03-25 07:07:14,862 - 检测到20250325的训练已经执行过 (标志文件: D:\my-vue-project\wind-power-forecast\backend\auto_scripts\scripts\supershort\logs\auto_train\20250325_train_done.flag)
2025-03-25 07:07:44,874 - 检测到20250325的训练已经执行过 (标志文件: D:\my-vue-project\wind-power-forecast\backend\auto_scripts\scripts\supershort\logs\auto_train\20250325_train_done.flag)
2025-03-25 07:08:14,885 - 检测到20250325的训练已经执行过 (标志文件: D:\my-vue-project\wind-power-forecast\backend\auto_scripts\scripts\supershort\logs\auto_train\20250325_train_done.flag)
2025-03-25 07:08:44,895 - 检测到20250325的训练已经执行过 (标志文件: D:\my-vue-project\wind-power-forecast\backend\auto_scripts\scripts\supershort\logs\auto_train\20250325_train_done.flag)
2025-03-25 07:09:14,905 - 检测到20250325的训练已经执行过 (标志文件: D:\my-vue-project\wind-power-forecast\backend\auto_scripts\scripts\supershort\logs\auto_train\20250325_train_done.flag)
2025-03-25 07:09:44,918 - 检测到20250325的训练已经执行过 (标志文件: D:\my-vue-project\wind-power-forecast\backend\auto_scripts\scripts\supershort\logs\auto_train\20250325_train_done.flag)
2025-03-25 07:10:14,927 - 检测到20250325的训练已经执行过 (标志文件: D:\my-vue-project\wind-power-forecast\backend\auto_scripts\scripts\supershort\logs\auto_train\20250325_train_done.flag)
2025-03-25 07:10:44,936 - 检测到20250325的训练已经执行过 (标志文件: D:\my-vue-project\wind-power-forecast\backend\auto_scripts\scripts\supershort\logs\auto_train\20250325_train_done.flag)
2025-03-25 07:11:14,942 - 检测到20250325的训练已经执行过 (标志文件: D:\my-vue-project\wind-power-forecast\backend\auto_scripts\scripts\supershort\logs\auto_train\20250325_train_done.flag)
2025-03-25 07:11:44,945 - 检测到20250325的训练已经执行过 (标志文件: D:\my-vue-project\wind-power-forecast\backend\auto_scripts\scripts\supershort\logs\auto_train\20250325_train_done.flag)
2025-03-25 07:12:14,947 - 检测到20250325的训练已经执行过 (标志文件: D:\my-vue-project\wind-power-forecast\backend\auto_scripts\scripts\supershort\logs\auto_train\20250325_train_done.flag)
2025-03-25 07:12:44,950 - 检测到20250325的训练已经执行过 (标志文件: D:\my-vue-project\wind-power-forecast\backend\auto_scripts\scripts\supershort\logs\auto_train\20250325_train_done.flag)
2025-03-25 07:13:14,957 - 检测到20250325的训练已经执行过 (标志文件: D:\my-vue-project\wind-power-forecast\backend\auto_scripts\scripts\supershort\logs\auto_train\20250325_train_done.flag)
2025-03-25 07:13:44,967 - 检测到20250325的训练已经执行过 (标志文件: D:\my-vue-project\wind-power-forecast\backend\auto_scripts\scripts\supershort\logs\auto_train\20250325_train_done.flag)
2025-03-25 07:14:14,970 - 检测到20250325的训练已经执行过 (标志文件: D:\my-vue-project\wind-power-forecast\backend\auto_scripts\scripts\supershort\logs\auto_train\20250325_train_done.flag)
2025-03-25 07:14:44,986 - 检测到20250325的训练已经执行过 (标志文件: D:\my-vue-project\wind-power-forecast\backend\auto_scripts\scripts\supershort\logs\auto_train\20250325_train_done.flag)
2025-03-25 07:15:14,997 - 检测到20250325的训练已经执行过 (标志文件: D:\my-vue-project\wind-power-forecast\backend\auto_scripts\scripts\supershort\logs\auto_train\20250325_train_done.flag)
2025-03-25 07:15:44,999 - 检测到20250325的训练已经执行过 (标志文件: D:\my-vue-project\wind-power-forecast\backend\auto_scripts\scripts\supershort\logs\auto_train\20250325_train_done.flag)
2025-03-25 07:16:15,014 - 检测到20250325的训练已经执行过 (标志文件: D:\my-vue-project\wind-power-forecast\backend\auto_scripts\scripts\supershort\logs\auto_train\20250325_train_done.flag)
2025-03-25 07:16:45,015 - 检测到20250325的训练已经执行过 (标志文件: D:\my-vue-project\wind-power-forecast\backend\auto_scripts\scripts\supershort\logs\auto_train\20250325_train_done.flag)
2025-03-25 07:17:15,020 - 检测到20250325的训练已经执行过 (标志文件: D:\my-vue-project\wind-power-forecast\backend\auto_scripts\scripts\supershort\logs\auto_train\20250325_train_done.flag)
2025-03-25 07:17:45,025 - 检测到20250325的训练已经执行过 (标志文件: D:\my-vue-project\wind-power-forecast\backend\auto_scripts\scripts\supershort\logs\auto_train\20250325_train_done.flag)
2025-03-25 07:18:15,033 - 检测到20250325的训练已经执行过 (标志文件: D:\my-vue-project\wind-power-forecast\backend\auto_scripts\scripts\supershort\logs\auto_train\20250325_train_done.flag)
2025-03-25 07:18:45,038 - 检测到20250325的训练已经执行过 (标志文件: D:\my-vue-project\wind-power-forecast\backend\auto_scripts\scripts\supershort\logs\auto_train\20250325_train_done.flag)
2025-03-25 07:19:15,043 - 检测到20250325的训练已经执行过 (标志文件: D:\my-vue-project\wind-power-forecast\backend\auto_scripts\scripts\supershort\logs\auto_train\20250325_train_done.flag)
2025-03-25 07:19:45,058 - 检测到20250325的训练已经执行过 (标志文件: D:\my-vue-project\wind-power-forecast\backend\auto_scripts\scripts\supershort\logs\auto_train\20250325_train_done.flag)
2025-03-25 07:20:15,069 - 检测到20250325的训练已经执行过 (标志文件: D:\my-vue-project\wind-power-forecast\backend\auto_scripts\scripts\supershort\logs\auto_train\20250325_train_done.flag)
2025-03-25 07:20:45,083 - 检测到20250325的训练已经执行过 (标志文件: D:\my-vue-project\wind-power-forecast\backend\auto_scripts\scripts\supershort\logs\auto_train\20250325_train_done.flag)
2025-03-25 07:21:15,096 - 检测到20250325的训练已经执行过 (标志文件: D:\my-vue-project\wind-power-forecast\backend\auto_scripts\scripts\supershort\logs\auto_train\20250325_train_done.flag)
2025-03-25 07:21:45,102 - 检测到20250325的训练已经执行过 (标志文件: D:\my-vue-project\wind-power-forecast\backend\auto_scripts\scripts\supershort\logs\auto_train\20250325_train_done.flag)
2025-03-25 07:22:15,111 - 检测到20250325的训练已经执行过 (标志文件: D:\my-vue-project\wind-power-forecast\backend\auto_scripts\scripts\supershort\logs\auto_train\20250325_train_done.flag)
2025-03-25 07:22:45,120 - 检测到20250325的训练已经执行过 (标志文件: D:\my-vue-project\wind-power-forecast\backend\auto_scripts\scripts\supershort\logs\auto_train\20250325_train_done.flag)
2025-03-25 07:23:15,126 - 检测到20250325的训练已经执行过 (标志文件: D:\my-vue-project\wind-power-forecast\backend\auto_scripts\scripts\supershort\logs\auto_train\20250325_train_done.flag)
2025-03-25 07:23:45,132 - 检测到20250325的训练已经执行过 (标志文件: D:\my-vue-project\wind-power-forecast\backend\auto_scripts\scripts\supershort\logs\auto_train\20250325_train_done.flag)
2025-03-25 07:24:15,143 - 检测到20250325的训练已经执行过 (标志文件: D:\my-vue-project\wind-power-forecast\backend\auto_scripts\scripts\supershort\logs\auto_train\20250325_train_done.flag)
2025-03-25 07:24:45,158 - 检测到20250325的训练已经执行过 (标志文件: D:\my-vue-project\wind-power-forecast\backend\auto_scripts\scripts\supershort\logs\auto_train\20250325_train_done.flag)
2025-03-25 07:25:15,171 - 检测到20250325的训练已经执行过 (标志文件: D:\my-vue-project\wind-power-forecast\backend\auto_scripts\scripts\supershort\logs\auto_train\20250325_train_done.flag)
2025-03-25 07:25:45,183 - 检测到20250325的训练已经执行过 (标志文件: D:\my-vue-project\wind-power-forecast\backend\auto_scripts\scripts\supershort\logs\auto_train\20250325_train_done.flag)
2025-03-25 07:26:15,186 - 检测到20250325的训练已经执行过 (标志文件: D:\my-vue-project\wind-power-forecast\backend\auto_scripts\scripts\supershort\logs\auto_train\20250325_train_done.flag)
2025-03-25 07:26:45,198 - 检测到20250325的训练已经执行过 (标志文件: D:\my-vue-project\wind-power-forecast\backend\auto_scripts\scripts\supershort\logs\auto_train\20250325_train_done.flag)
2025-03-25 07:27:15,214 - 检测到20250325的训练已经执行过 (标志文件: D:\my-vue-project\wind-power-forecast\backend\auto_scripts\scripts\supershort\logs\auto_train\20250325_train_done.flag)
2025-03-25 07:27:45,223 - 检测到20250325的训练已经执行过 (标志文件: D:\my-vue-project\wind-power-forecast\backend\auto_scripts\scripts\supershort\logs\auto_train\20250325_train_done.flag)
2025-03-25 07:28:15,226 - 检测到20250325的训练已经执行过 (标志文件: D:\my-vue-project\wind-power-forecast\backend\auto_scripts\scripts\supershort\logs\auto_train\20250325_train_done.flag)
2025-03-25 07:28:45,230 - 检测到20250325的训练已经执行过 (标志文件: D:\my-vue-project\wind-power-forecast\backend\auto_scripts\scripts\supershort\logs\auto_train\20250325_train_done.flag)
2025-03-25 07:29:15,241 - 检测到20250325的训练已经执行过 (标志文件: D:\my-vue-project\wind-power-forecast\backend\auto_scripts\scripts\supershort\logs\auto_train\20250325_train_done.flag)
2025-03-25 07:29:45,247 - 检测到20250325的训练已经执行过 (标志文件: D:\my-vue-project\wind-power-forecast\backend\auto_scripts\scripts\supershort\logs\auto_train\20250325_train_done.flag)
2025-03-25 07:30:15,253 - 检测到20250325的训练已经执行过 (标志文件: D:\my-vue-project\wind-power-forecast\backend\auto_scripts\scripts\supershort\logs\auto_train\20250325_train_done.flag)
2025-03-25 07:30:45,256 - 检测到20250325的训练已经执行过 (标志文件: D:\my-vue-project\wind-power-forecast\backend\auto_scripts\scripts\supershort\logs\auto_train\20250325_train_done.flag)
2025-03-25 07:31:15,266 - 检测到20250325的训练已经执行过 (标志文件: D:\my-vue-project\wind-power-forecast\backend\auto_scripts\scripts\supershort\logs\auto_train\20250325_train_done.flag)
2025-03-25 07:31:45,280 - 检测到20250325的训练已经执行过 (标志文件: D:\my-vue-project\wind-power-forecast\backend\auto_scripts\scripts\supershort\logs\auto_train\20250325_train_done.flag)
2025-03-25 07:32:15,282 - 检测到20250325的训练已经执行过 (标志文件: D:\my-vue-project\wind-power-forecast\backend\auto_scripts\scripts\supershort\logs\auto_train\20250325_train_done.flag)
2025-03-25 07:32:45,287 - 检测到20250325的训练已经执行过 (标志文件: D:\my-vue-project\wind-power-forecast\backend\auto_scripts\scripts\supershort\logs\auto_train\20250325_train_done.flag)
2025-03-25 07:33:15,303 - 检测到20250325的训练已经执行过 (标志文件: D:\my-vue-project\wind-power-forecast\backend\auto_scripts\scripts\supershort\logs\auto_train\20250325_train_done.flag)
2025-03-25 07:33:45,312 - 检测到20250325的训练已经执行过 (标志文件: D:\my-vue-project\wind-power-forecast\backend\auto_scripts\scripts\supershort\logs\auto_train\20250325_train_done.flag)
2025-03-25 07:34:15,317 - 检测到20250325的训练已经执行过 (标志文件: D:\my-vue-project\wind-power-forecast\backend\auto_scripts\scripts\supershort\logs\auto_train\20250325_train_done.flag)
2025-03-25 07:34:45,322 - 检测到20250325的训练已经执行过 (标志文件: D:\my-vue-project\wind-power-forecast\backend\auto_scripts\scripts\supershort\logs\auto_train\20250325_train_done.flag)
2025-03-25 07:35:15,330 - 检测到20250325的训练已经执行过 (标志文件: D:\my-vue-project\wind-power-forecast\backend\auto_scripts\scripts\supershort\logs\auto_train\20250325_train_done.flag)
2025-03-25 07:35:45,334 - 检测到20250325的训练已经执行过 (标志文件: D:\my-vue-project\wind-power-forecast\backend\auto_scripts\scripts\supershort\logs\auto_train\20250325_train_done.flag)
2025-03-25 07:36:15,344 - 检测到20250325的训练已经执行过 (标志文件: D:\my-vue-project\wind-power-forecast\backend\auto_scripts\scripts\supershort\logs\auto_train\20250325_train_done.flag)
2025-03-25 07:36:45,356 - 检测到20250325的训练已经执行过 (标志文件: D:\my-vue-project\wind-power-forecast\backend\auto_scripts\scripts\supershort\logs\auto_train\20250325_train_done.flag)
2025-03-25 07:37:15,361 - 检测到20250325的训练已经执行过 (标志文件: D:\my-vue-project\wind-power-forecast\backend\auto_scripts\scripts\supershort\logs\auto_train\20250325_train_done.flag)
2025-03-25 07:37:45,362 - 检测到20250325的训练已经执行过 (标志文件: D:\my-vue-project\wind-power-forecast\backend\auto_scripts\scripts\supershort\logs\auto_train\20250325_train_done.flag)
2025-03-25 07:38:15,371 - 检测到20250325的训练已经执行过 (标志文件: D:\my-vue-project\wind-power-forecast\backend\auto_scripts\scripts\supershort\logs\auto_train\20250325_train_done.flag)
2025-03-25 07:38:45,376 - 检测到20250325的训练已经执行过 (标志文件: D:\my-vue-project\wind-power-forecast\backend\auto_scripts\scripts\supershort\logs\auto_train\20250325_train_done.flag)
2025-03-25 07:39:15,379 - 检测到20250325的训练已经执行过 (标志文件: D:\my-vue-project\wind-power-forecast\backend\auto_scripts\scripts\supershort\logs\auto_train\20250325_train_done.flag)
2025-03-25 07:39:45,384 - 检测到20250325的训练已经执行过 (标志文件: D:\my-vue-project\wind-power-forecast\backend\auto_scripts\scripts\supershort\logs\auto_train\20250325_train_done.flag)
2025-03-25 07:40:15,390 - 检测到20250325的训练已经执行过 (标志文件: D:\my-vue-project\wind-power-forecast\backend\auto_scripts\scripts\supershort\logs\auto_train\20250325_train_done.flag)
2025-03-25 07:40:45,396 - 检测到20250325的训练已经执行过 (标志文件: D:\my-vue-project\wind-power-forecast\backend\auto_scripts\scripts\supershort\logs\auto_train\20250325_train_done.flag)
2025-03-25 07:41:15,396 - 检测到20250325的训练已经执行过 (标志文件: D:\my-vue-project\wind-power-forecast\backend\auto_scripts\scripts\supershort\logs\auto_train\20250325_train_done.flag)
2025-03-25 07:41:45,403 - 检测到20250325的训练已经执行过 (标志文件: D:\my-vue-project\wind-power-forecast\backend\auto_scripts\scripts\supershort\logs\auto_train\20250325_train_done.flag)
2025-03-25 07:42:15,412 - 检测到20250325的训练已经执行过 (标志文件: D:\my-vue-project\wind-power-forecast\backend\auto_scripts\scripts\supershort\logs\auto_train\20250325_train_done.flag)
2025-03-25 07:42:45,420 - 检测到20250325的训练已经执行过 (标志文件: D:\my-vue-project\wind-power-forecast\backend\auto_scripts\scripts\supershort\logs\auto_train\20250325_train_done.flag)
2025-03-25 07:43:15,435 - 检测到20250325的训练已经执行过 (标志文件: D:\my-vue-project\wind-power-forecast\backend\auto_scripts\scripts\supershort\logs\auto_train\20250325_train_done.flag)
2025-03-25 07:43:45,438 - 检测到20250325的训练已经执行过 (标志文件: D:\my-vue-project\wind-power-forecast\backend\auto_scripts\scripts\supershort\logs\auto_train\20250325_train_done.flag)
2025-03-25 07:44:15,453 - 检测到20250325的训练已经执行过 (标志文件: D:\my-vue-project\wind-power-forecast\backend\auto_scripts\scripts\supershort\logs\auto_train\20250325_train_done.flag)
2025-03-25 07:44:45,465 - 检测到20250325的训练已经执行过 (标志文件: D:\my-vue-project\wind-power-forecast\backend\auto_scripts\scripts\supershort\logs\auto_train\20250325_train_done.flag)
2025-03-25 07:45:15,475 - 检测到20250325的训练已经执行过 (标志文件: D:\my-vue-project\wind-power-forecast\backend\auto_scripts\scripts\supershort\logs\auto_train\20250325_train_done.flag)
2025-03-25 07:45:45,484 - 检测到20250325的训练已经执行过 (标志文件: D:\my-vue-project\wind-power-forecast\backend\auto_scripts\scripts\supershort\logs\auto_train\20250325_train_done.flag)
2025-03-25 07:46:15,486 - 检测到20250325的训练已经执行过 (标志文件: D:\my-vue-project\wind-power-forecast\backend\auto_scripts\scripts\supershort\logs\auto_train\20250325_train_done.flag)
2025-03-25 07:46:45,492 - 检测到20250325的训练已经执行过 (标志文件: D:\my-vue-project\wind-power-forecast\backend\auto_scripts\scripts\supershort\logs\auto_train\20250325_train_done.flag)
2025-03-25 07:47:15,500 - 检测到20250325的训练已经执行过 (标志文件: D:\my-vue-project\wind-power-forecast\backend\auto_scripts\scripts\supershort\logs\auto_train\20250325_train_done.flag)
2025-03-25 07:47:45,507 - 检测到20250325的训练已经执行过 (标志文件: D:\my-vue-project\wind-power-forecast\backend\auto_scripts\scripts\supershort\logs\auto_train\20250325_train_done.flag)
2025-03-25 07:48:15,515 - 检测到20250325的训练已经执行过 (标志文件: D:\my-vue-project\wind-power-forecast\backend\auto_scripts\scripts\supershort\logs\auto_train\20250325_train_done.flag)
2025-03-25 07:48:45,526 - 检测到20250325的训练已经执行过 (标志文件: D:\my-vue-project\wind-power-forecast\backend\auto_scripts\scripts\supershort\logs\auto_train\20250325_train_done.flag)
2025-03-25 07:49:15,537 - 检测到20250325的训练已经执行过 (标志文件: D:\my-vue-project\wind-power-forecast\backend\auto_scripts\scripts\supershort\logs\auto_train\20250325_train_done.flag)
2025-03-25 07:49:45,551 - 检测到20250325的训练已经执行过 (标志文件: D:\my-vue-project\wind-power-forecast\backend\auto_scripts\scripts\supershort\logs\auto_train\20250325_train_done.flag)
2025-03-25 07:50:15,562 - 检测到20250325的训练已经执行过 (标志文件: D:\my-vue-project\wind-power-forecast\backend\auto_scripts\scripts\supershort\logs\auto_train\20250325_train_done.flag)
2025-03-25 07:50:45,574 - 检测到20250325的训练已经执行过 (标志文件: D:\my-vue-project\wind-power-forecast\backend\auto_scripts\scripts\supershort\logs\auto_train\20250325_train_done.flag)
2025-03-25 07:51:15,581 - 检测到20250325的训练已经执行过 (标志文件: D:\my-vue-project\wind-power-forecast\backend\auto_scripts\scripts\supershort\logs\auto_train\20250325_train_done.flag)
2025-03-25 07:51:45,589 - 检测到20250325的训练已经执行过 (标志文件: D:\my-vue-project\wind-power-forecast\backend\auto_scripts\scripts\supershort\logs\auto_train\20250325_train_done.flag)
2025-03-25 07:52:15,591 - 检测到20250325的训练已经执行过 (标志文件: D:\my-vue-project\wind-power-forecast\backend\auto_scripts\scripts\supershort\logs\auto_train\20250325_train_done.flag)
2025-03-25 07:52:45,604 - 检测到20250325的训练已经执行过 (标志文件: D:\my-vue-project\wind-power-forecast\backend\auto_scripts\scripts\supershort\logs\auto_train\20250325_train_done.flag)
2025-03-25 07:53:15,613 - 检测到20250325的训练已经执行过 (标志文件: D:\my-vue-project\wind-power-forecast\backend\auto_scripts\scripts\supershort\logs\auto_train\20250325_train_done.flag)
2025-03-25 07:53:45,625 - 检测到20250325的训练已经执行过 (标志文件: D:\my-vue-project\wind-power-forecast\backend\auto_scripts\scripts\supershort\logs\auto_train\20250325_train_done.flag)
2025-03-25 07:54:15,631 - 检测到20250325的训练已经执行过 (标志文件: D:\my-vue-project\wind-power-forecast\backend\auto_scripts\scripts\supershort\logs\auto_train\20250325_train_done.flag)
2025-03-25 07:54:45,635 - 检测到20250325的训练已经执行过 (标志文件: D:\my-vue-project\wind-power-forecast\backend\auto_scripts\scripts\supershort\logs\auto_train\20250325_train_done.flag)
2025-03-25 07:55:15,652 - 检测到20250325的训练已经执行过 (标志文件: D:\my-vue-project\wind-power-forecast\backend\auto_scripts\scripts\supershort\logs\auto_train\20250325_train_done.flag)
2025-03-25 07:55:45,655 - 检测到20250325的训练已经执行过 (标志文件: D:\my-vue-project\wind-power-forecast\backend\auto_scripts\scripts\supershort\logs\auto_train\20250325_train_done.flag)
2025-03-25 07:56:15,657 - 检测到20250325的训练已经执行过 (标志文件: D:\my-vue-project\wind-power-forecast\backend\auto_scripts\scripts\supershort\logs\auto_train\20250325_train_done.flag)
2025-03-25 07:56:45,660 - 检测到20250325的训练已经执行过 (标志文件: D:\my-vue-project\wind-power-forecast\backend\auto_scripts\scripts\supershort\logs\auto_train\20250325_train_done.flag)
2025-03-25 07:57:15,671 - 检测到20250325的训练已经执行过 (标志文件: D:\my-vue-project\wind-power-forecast\backend\auto_scripts\scripts\supershort\logs\auto_train\20250325_train_done.flag)
2025-03-25 07:57:45,687 - 检测到20250325的训练已经执行过 (标志文件: D:\my-vue-project\wind-power-forecast\backend\auto_scripts\scripts\supershort\logs\auto_train\20250325_train_done.flag)
2025-03-25 07:58:15,702 - 检测到20250325的训练已经执行过 (标志文件: D:\my-vue-project\wind-power-forecast\backend\auto_scripts\scripts\supershort\logs\auto_train\20250325_train_done.flag)
2025-03-25 07:58:45,713 - 检测到20250325的训练已经执行过 (标志文件: D:\my-vue-project\wind-power-forecast\backend\auto_scripts\scripts\supershort\logs\auto_train\20250325_train_done.flag)
2025-03-25 07:59:15,723 - 检测到20250325的训练已经执行过 (标志文件: D:\my-vue-project\wind-power-forecast\backend\auto_scripts\scripts\supershort\logs\auto_train\20250325_train_done.flag)
2025-03-25 07:59:45,729 - 检测到20250325的训练已经执行过 (标志文件: D:\my-vue-project\wind-power-forecast\backend\auto_scripts\scripts\supershort\logs\auto_train\20250325_train_done.flag)
2025-03-25 08:00:15,741 - 当前时间: 2025-03-25 08:00:15, 星期: 周二
2025-03-25 08:00:15,741 - 当前任务状态: 训练任务已执行=True, 参数优化任务已执行=False
2025-03-25 08:00:15,741 - 检测到20250325的训练已经执行过 (标志文件: D:\my-vue-project\wind-power-forecast\backend\auto_scripts\scripts\supershort\logs\auto_train\20250325_train_done.flag)
2025-03-25 08:00:45,753 - 当前时间: 2025-03-25 08:00:45, 星期: 周二
2025-03-25 08:00:45,753 - 当前任务状态: 训练任务已执行=True, 参数优化任务已执行=False
2025-03-25 08:00:45,753 - 检测到20250325的训练已经执行过 (标志文件: D:\my-vue-project\wind-power-forecast\backend\auto_scripts\scripts\supershort\logs\auto_train\20250325_train_done.flag)
2025-03-25 08:01:15,766 - 检测到20250325的训练已经执行过 (标志文件: D:\my-vue-project\wind-power-forecast\backend\auto_scripts\scripts\supershort\logs\auto_train\20250325_train_done.flag)
2025-03-25 08:01:45,778 - 检测到20250325的训练已经执行过 (标志文件: D:\my-vue-project\wind-power-forecast\backend\auto_scripts\scripts\supershort\logs\auto_train\20250325_train_done.flag)
2025-03-25 08:02:15,792 - 检测到20250325的训练已经执行过 (标志文件: D:\my-vue-project\wind-power-forecast\backend\auto_scripts\scripts\supershort\logs\auto_train\20250325_train_done.flag)
2025-03-25 08:02:45,804 - 检测到20250325的训练已经执行过 (标志文件: D:\my-vue-project\wind-power-forecast\backend\auto_scripts\scripts\supershort\logs\auto_train\20250325_train_done.flag)
2025-03-25 08:03:15,817 - 检测到20250325的训练已经执行过 (标志文件: D:\my-vue-project\wind-power-forecast\backend\auto_scripts\scripts\supershort\logs\auto_train\20250325_train_done.flag)
2025-03-25 08:03:45,820 - 检测到20250325的训练已经执行过 (标志文件: D:\my-vue-project\wind-power-forecast\backend\auto_scripts\scripts\supershort\logs\auto_train\20250325_train_done.flag)
2025-03-25 08:04:15,827 - 检测到20250325的训练已经执行过 (标志文件: D:\my-vue-project\wind-power-forecast\backend\auto_scripts\scripts\supershort\logs\auto_train\20250325_train_done.flag)
2025-03-25 08:04:45,842 - 检测到20250325的训练已经执行过 (标志文件: D:\my-vue-project\wind-power-forecast\backend\auto_scripts\scripts\supershort\logs\auto_train\20250325_train_done.flag)
2025-03-25 08:05:15,859 - 检测到20250325的训练已经执行过 (标志文件: D:\my-vue-project\wind-power-forecast\backend\auto_scripts\scripts\supershort\logs\auto_train\20250325_train_done.flag)
2025-03-25 08:05:45,871 - 检测到20250325的训练已经执行过 (标志文件: D:\my-vue-project\wind-power-forecast\backend\auto_scripts\scripts\supershort\logs\auto_train\20250325_train_done.flag)
2025-03-25 08:06:15,871 - 检测到20250325的训练已经执行过 (标志文件: D:\my-vue-project\wind-power-forecast\backend\auto_scripts\scripts\supershort\logs\auto_train\20250325_train_done.flag)
2025-03-25 08:06:45,873 - 检测到20250325的训练已经执行过 (标志文件: D:\my-vue-project\wind-power-forecast\backend\auto_scripts\scripts\supershort\logs\auto_train\20250325_train_done.flag)
2025-03-25 08:07:15,880 - 检测到20250325的训练已经执行过 (标志文件: D:\my-vue-project\wind-power-forecast\backend\auto_scripts\scripts\supershort\logs\auto_train\20250325_train_done.flag)
2025-03-25 08:07:45,894 - 检测到20250325的训练已经执行过 (标志文件: D:\my-vue-project\wind-power-forecast\backend\auto_scripts\scripts\supershort\logs\auto_train\20250325_train_done.flag)
2025-03-25 08:08:15,902 - 检测到20250325的训练已经执行过 (标志文件: D:\my-vue-project\wind-power-forecast\backend\auto_scripts\scripts\supershort\logs\auto_train\20250325_train_done.flag)
2025-03-25 08:08:45,910 - 检测到20250325的训练已经执行过 (标志文件: D:\my-vue-project\wind-power-forecast\backend\auto_scripts\scripts\supershort\logs\auto_train\20250325_train_done.flag)
2025-03-25 08:09:15,922 - 检测到20250325的训练已经执行过 (标志文件: D:\my-vue-project\wind-power-forecast\backend\auto_scripts\scripts\supershort\logs\auto_train\20250325_train_done.flag)
2025-03-25 08:09:45,932 - 检测到20250325的训练已经执行过 (标志文件: D:\my-vue-project\wind-power-forecast\backend\auto_scripts\scripts\supershort\logs\auto_train\20250325_train_done.flag)
2025-03-25 08:10:15,940 - 检测到20250325的训练已经执行过 (标志文件: D:\my-vue-project\wind-power-forecast\backend\auto_scripts\scripts\supershort\logs\auto_train\20250325_train_done.flag)
2025-03-25 08:10:45,951 - 检测到20250325的训练已经执行过 (标志文件: D:\my-vue-project\wind-power-forecast\backend\auto_scripts\scripts\supershort\logs\auto_train\20250325_train_done.flag)
2025-03-25 08:11:15,967 - 检测到20250325的训练已经执行过 (标志文件: D:\my-vue-project\wind-power-forecast\backend\auto_scripts\scripts\supershort\logs\auto_train\20250325_train_done.flag)
2025-03-25 08:11:45,977 - 检测到20250325的训练已经执行过 (标志文件: D:\my-vue-project\wind-power-forecast\backend\auto_scripts\scripts\supershort\logs\auto_train\20250325_train_done.flag)
2025-03-25 08:12:15,991 - 检测到20250325的训练已经执行过 (标志文件: D:\my-vue-project\wind-power-forecast\backend\auto_scripts\scripts\supershort\logs\auto_train\20250325_train_done.flag)
2025-03-25 08:12:46,000 - 检测到20250325的训练已经执行过 (标志文件: D:\my-vue-project\wind-power-forecast\backend\auto_scripts\scripts\supershort\logs\auto_train\20250325_train_done.flag)
2025-03-25 08:13:16,006 - 检测到20250325的训练已经执行过 (标志文件: D:\my-vue-project\wind-power-forecast\backend\auto_scripts\scripts\supershort\logs\auto_train\20250325_train_done.flag)
2025-03-25 08:13:46,017 - 检测到20250325的训练已经执行过 (标志文件: D:\my-vue-project\wind-power-forecast\backend\auto_scripts\scripts\supershort\logs\auto_train\20250325_train_done.flag)
2025-03-25 08:14:16,027 - 检测到20250325的训练已经执行过 (标志文件: D:\my-vue-project\wind-power-forecast\backend\auto_scripts\scripts\supershort\logs\auto_train\20250325_train_done.flag)
2025-03-25 08:14:46,034 - 检测到20250325的训练已经执行过 (标志文件: D:\my-vue-project\wind-power-forecast\backend\auto_scripts\scripts\supershort\logs\auto_train\20250325_train_done.flag)
2025-03-25 08:15:16,045 - 检测到20250325的训练已经执行过 (标志文件: D:\my-vue-project\wind-power-forecast\backend\auto_scripts\scripts\supershort\logs\auto_train\20250325_train_done.flag)
2025-03-25 08:15:46,050 - 检测到20250325的训练已经执行过 (标志文件: D:\my-vue-project\wind-power-forecast\backend\auto_scripts\scripts\supershort\logs\auto_train\20250325_train_done.flag)
2025-03-25 08:16:16,065 - 检测到20250325的训练已经执行过 (标志文件: D:\my-vue-project\wind-power-forecast\backend\auto_scripts\scripts\supershort\logs\auto_train\20250325_train_done.flag)
2025-03-25 08:16:46,074 - 检测到20250325的训练已经执行过 (标志文件: D:\my-vue-project\wind-power-forecast\backend\auto_scripts\scripts\supershort\logs\auto_train\20250325_train_done.flag)
2025-03-25 08:17:16,076 - 检测到20250325的训练已经执行过 (标志文件: D:\my-vue-project\wind-power-forecast\backend\auto_scripts\scripts\supershort\logs\auto_train\20250325_train_done.flag)
2025-03-25 08:17:46,082 - 检测到20250325的训练已经执行过 (标志文件: D:\my-vue-project\wind-power-forecast\backend\auto_scripts\scripts\supershort\logs\auto_train\20250325_train_done.flag)
2025-03-25 08:18:16,083 - 检测到20250325的训练已经执行过 (标志文件: D:\my-vue-project\wind-power-forecast\backend\auto_scripts\scripts\supershort\logs\auto_train\20250325_train_done.flag)
2025-03-25 08:18:46,093 - 检测到20250325的训练已经执行过 (标志文件: D:\my-vue-project\wind-power-forecast\backend\auto_scripts\scripts\supershort\logs\auto_train\20250325_train_done.flag)
2025-03-25 08:19:16,107 - 检测到20250325的训练已经执行过 (标志文件: D:\my-vue-project\wind-power-forecast\backend\auto_scripts\scripts\supershort\logs\auto_train\20250325_train_done.flag)
2025-03-25 08:19:46,120 - 检测到20250325的训练已经执行过 (标志文件: D:\my-vue-project\wind-power-forecast\backend\auto_scripts\scripts\supershort\logs\auto_train\20250325_train_done.flag)
2025-03-25 08:20:16,125 - 检测到20250325的训练已经执行过 (标志文件: D:\my-vue-project\wind-power-forecast\backend\auto_scripts\scripts\supershort\logs\auto_train\20250325_train_done.flag)
2025-03-25 08:20:46,138 - 检测到20250325的训练已经执行过 (标志文件: D:\my-vue-project\wind-power-forecast\backend\auto_scripts\scripts\supershort\logs\auto_train\20250325_train_done.flag)
2025-03-25 08:21:16,138 - 检测到20250325的训练已经执行过 (标志文件: D:\my-vue-project\wind-power-forecast\backend\auto_scripts\scripts\supershort\logs\auto_train\20250325_train_done.flag)
2025-03-25 08:21:46,148 - 检测到20250325的训练已经执行过 (标志文件: D:\my-vue-project\wind-power-forecast\backend\auto_scripts\scripts\supershort\logs\auto_train\20250325_train_done.flag)
2025-03-25 08:22:16,149 - 检测到20250325的训练已经执行过 (标志文件: D:\my-vue-project\wind-power-forecast\backend\auto_scripts\scripts\supershort\logs\auto_train\20250325_train_done.flag)
2025-03-25 08:22:46,162 - 检测到20250325的训练已经执行过 (标志文件: D:\my-vue-project\wind-power-forecast\backend\auto_scripts\scripts\supershort\logs\auto_train\20250325_train_done.flag)
2025-03-25 08:23:16,169 - 检测到20250325的训练已经执行过 (标志文件: D:\my-vue-project\wind-power-forecast\backend\auto_scripts\scripts\supershort\logs\auto_train\20250325_train_done.flag)
2025-03-25 08:23:46,173 - 检测到20250325的训练已经执行过 (标志文件: D:\my-vue-project\wind-power-forecast\backend\auto_scripts\scripts\supershort\logs\auto_train\20250325_train_done.flag)
2025-03-25 08:24:16,179 - 检测到20250325的训练已经执行过 (标志文件: D:\my-vue-project\wind-power-forecast\backend\auto_scripts\scripts\supershort\logs\auto_train\20250325_train_done.flag)
2025-03-25 08:24:46,192 - 检测到20250325的训练已经执行过 (标志文件: D:\my-vue-project\wind-power-forecast\backend\auto_scripts\scripts\supershort\logs\auto_train\20250325_train_done.flag)
2025-03-25 08:25:16,194 - 检测到20250325的训练已经执行过 (标志文件: D:\my-vue-project\wind-power-forecast\backend\auto_scripts\scripts\supershort\logs\auto_train\20250325_train_done.flag)
2025-03-25 08:25:46,210 - 检测到20250325的训练已经执行过 (标志文件: D:\my-vue-project\wind-power-forecast\backend\auto_scripts\scripts\supershort\logs\auto_train\20250325_train_done.flag)
2025-03-25 08:26:16,213 - 检测到20250325的训练已经执行过 (标志文件: D:\my-vue-project\wind-power-forecast\backend\auto_scripts\scripts\supershort\logs\auto_train\20250325_train_done.flag)
2025-03-25 08:26:46,219 - 检测到20250325的训练已经执行过 (标志文件: D:\my-vue-project\wind-power-forecast\backend\auto_scripts\scripts\supershort\logs\auto_train\20250325_train_done.flag)
2025-03-25 08:27:16,227 - 检测到20250325的训练已经执行过 (标志文件: D:\my-vue-project\wind-power-forecast\backend\auto_scripts\scripts\supershort\logs\auto_train\20250325_train_done.flag)
2025-03-25 08:27:46,239 - 检测到20250325的训练已经执行过 (标志文件: D:\my-vue-project\wind-power-forecast\backend\auto_scripts\scripts\supershort\logs\auto_train\20250325_train_done.flag)
2025-03-25 08:28:16,247 - 检测到20250325的训练已经执行过 (标志文件: D:\my-vue-project\wind-power-forecast\backend\auto_scripts\scripts\supershort\logs\auto_train\20250325_train_done.flag)
2025-03-25 08:28:46,258 - 检测到20250325的训练已经执行过 (标志文件: D:\my-vue-project\wind-power-forecast\backend\auto_scripts\scripts\supershort\logs\auto_train\20250325_train_done.flag)
2025-03-25 08:29:16,264 - 检测到20250325的训练已经执行过 (标志文件: D:\my-vue-project\wind-power-forecast\backend\auto_scripts\scripts\supershort\logs\auto_train\20250325_train_done.flag)
2025-03-25 08:29:46,273 - 检测到20250325的训练已经执行过 (标志文件: D:\my-vue-project\wind-power-forecast\backend\auto_scripts\scripts\supershort\logs\auto_train\20250325_train_done.flag)
2025-03-25 08:30:16,275 - 检测到20250325的训练已经执行过 (标志文件: D:\my-vue-project\wind-power-forecast\backend\auto_scripts\scripts\supershort\logs\auto_train\20250325_train_done.flag)
2025-03-25 08:30:46,288 - 检测到20250325的训练已经执行过 (标志文件: D:\my-vue-project\wind-power-forecast\backend\auto_scripts\scripts\supershort\logs\auto_train\20250325_train_done.flag)
2025-03-25 08:31:16,296 - 检测到20250325的训练已经执行过 (标志文件: D:\my-vue-project\wind-power-forecast\backend\auto_scripts\scripts\supershort\logs\auto_train\20250325_train_done.flag)
2025-03-25 08:31:46,308 - 检测到20250325的训练已经执行过 (标志文件: D:\my-vue-project\wind-power-forecast\backend\auto_scripts\scripts\supershort\logs\auto_train\20250325_train_done.flag)
2025-03-25 08:32:16,310 - 检测到20250325的训练已经执行过 (标志文件: D:\my-vue-project\wind-power-forecast\backend\auto_scripts\scripts\supershort\logs\auto_train\20250325_train_done.flag)
2025-03-25 08:32:46,313 - 检测到20250325的训练已经执行过 (标志文件: D:\my-vue-project\wind-power-forecast\backend\auto_scripts\scripts\supershort\logs\auto_train\20250325_train_done.flag)
2025-03-25 08:33:16,320 - 检测到20250325的训练已经执行过 (标志文件: D:\my-vue-project\wind-power-forecast\backend\auto_scripts\scripts\supershort\logs\auto_train\20250325_train_done.flag)
2025-03-25 08:33:46,334 - 检测到20250325的训练已经执行过 (标志文件: D:\my-vue-project\wind-power-forecast\backend\auto_scripts\scripts\supershort\logs\auto_train\20250325_train_done.flag)
2025-03-25 08:34:16,345 - 检测到20250325的训练已经执行过 (标志文件: D:\my-vue-project\wind-power-forecast\backend\auto_scripts\scripts\supershort\logs\auto_train\20250325_train_done.flag)
2025-03-25 08:34:46,359 - 检测到20250325的训练已经执行过 (标志文件: D:\my-vue-project\wind-power-forecast\backend\auto_scripts\scripts\supershort\logs\auto_train\20250325_train_done.flag)
2025-03-25 08:35:16,368 - 检测到20250325的训练已经执行过 (标志文件: D:\my-vue-project\wind-power-forecast\backend\auto_scripts\scripts\supershort\logs\auto_train\20250325_train_done.flag)
2025-03-25 08:35:46,378 - 检测到20250325的训练已经执行过 (标志文件: D:\my-vue-project\wind-power-forecast\backend\auto_scripts\scripts\supershort\logs\auto_train\20250325_train_done.flag)
2025-03-25 08:36:16,387 - 检测到20250325的训练已经执行过 (标志文件: D:\my-vue-project\wind-power-forecast\backend\auto_scripts\scripts\supershort\logs\auto_train\20250325_train_done.flag)
2025-03-25 08:36:46,400 - 检测到20250325的训练已经执行过 (标志文件: D:\my-vue-project\wind-power-forecast\backend\auto_scripts\scripts\supershort\logs\auto_train\20250325_train_done.flag)
2025-03-25 08:37:16,402 - 检测到20250325的训练已经执行过 (标志文件: D:\my-vue-project\wind-power-forecast\backend\auto_scripts\scripts\supershort\logs\auto_train\20250325_train_done.flag)
2025-03-25 08:37:46,415 - 检测到20250325的训练已经执行过 (标志文件: D:\my-vue-project\wind-power-forecast\backend\auto_scripts\scripts\supershort\logs\auto_train\20250325_train_done.flag)
2025-03-25 08:38:16,416 - 检测到20250325的训练已经执行过 (标志文件: D:\my-vue-project\wind-power-forecast\backend\auto_scripts\scripts\supershort\logs\auto_train\20250325_train_done.flag)
2025-03-25 08:38:46,425 - 检测到20250325的训练已经执行过 (标志文件: D:\my-vue-project\wind-power-forecast\backend\auto_scripts\scripts\supershort\logs\auto_train\20250325_train_done.flag)
2025-03-25 08:39:16,432 - 检测到20250325的训练已经执行过 (标志文件: D:\my-vue-project\wind-power-forecast\backend\auto_scripts\scripts\supershort\logs\auto_train\20250325_train_done.flag)
2025-03-25 08:39:46,437 - 检测到20250325的训练已经执行过 (标志文件: D:\my-vue-project\wind-power-forecast\backend\auto_scripts\scripts\supershort\logs\auto_train\20250325_train_done.flag)
2025-03-25 08:40:16,441 - 检测到20250325的训练已经执行过 (标志文件: D:\my-vue-project\wind-power-forecast\backend\auto_scripts\scripts\supershort\logs\auto_train\20250325_train_done.flag)
2025-03-25 08:40:46,454 - 检测到20250325的训练已经执行过 (标志文件: D:\my-vue-project\wind-power-forecast\backend\auto_scripts\scripts\supershort\logs\auto_train\20250325_train_done.flag)
2025-03-25 08:41:16,460 - 检测到20250325的训练已经执行过 (标志文件: D:\my-vue-project\wind-power-forecast\backend\auto_scripts\scripts\supershort\logs\auto_train\20250325_train_done.flag)
2025-03-25 08:41:46,472 - 检测到20250325的训练已经执行过 (标志文件: D:\my-vue-project\wind-power-forecast\backend\auto_scripts\scripts\supershort\logs\auto_train\20250325_train_done.flag)
2025-03-25 08:42:16,485 - 检测到20250325的训练已经执行过 (标志文件: D:\my-vue-project\wind-power-forecast\backend\auto_scripts\scripts\supershort\logs\auto_train\20250325_train_done.flag)
2025-03-25 08:42:46,496 - 检测到20250325的训练已经执行过 (标志文件: D:\my-vue-project\wind-power-forecast\backend\auto_scripts\scripts\supershort\logs\auto_train\20250325_train_done.flag)
2025-03-25 08:43:16,501 - 检测到20250325的训练已经执行过 (标志文件: D:\my-vue-project\wind-power-forecast\backend\auto_scripts\scripts\supershort\logs\auto_train\20250325_train_done.flag)
2025-03-25 08:43:46,517 - 检测到20250325的训练已经执行过 (标志文件: D:\my-vue-project\wind-power-forecast\backend\auto_scripts\scripts\supershort\logs\auto_train\20250325_train_done.flag)
2025-03-25 08:44:16,527 - 检测到20250325的训练已经执行过 (标志文件: D:\my-vue-project\wind-power-forecast\backend\auto_scripts\scripts\supershort\logs\auto_train\20250325_train_done.flag)
2025-03-25 08:44:46,536 - 检测到20250325的训练已经执行过 (标志文件: D:\my-vue-project\wind-power-forecast\backend\auto_scripts\scripts\supershort\logs\auto_train\20250325_train_done.flag)
2025-03-25 08:45:16,544 - 检测到20250325的训练已经执行过 (标志文件: D:\my-vue-project\wind-power-forecast\backend\auto_scripts\scripts\supershort\logs\auto_train\20250325_train_done.flag)
2025-03-25 08:45:46,547 - 检测到20250325的训练已经执行过 (标志文件: D:\my-vue-project\wind-power-forecast\backend\auto_scripts\scripts\supershort\logs\auto_train\20250325_train_done.flag)
2025-03-25 08:46:16,553 - 检测到20250325的训练已经执行过 (标志文件: D:\my-vue-project\wind-power-forecast\backend\auto_scripts\scripts\supershort\logs\auto_train\20250325_train_done.flag)
2025-03-25 08:46:46,565 - 检测到20250325的训练已经执行过 (标志文件: D:\my-vue-project\wind-power-forecast\backend\auto_scripts\scripts\supershort\logs\auto_train\20250325_train_done.flag)
2025-03-25 08:47:16,569 - 检测到20250325的训练已经执行过 (标志文件: D:\my-vue-project\wind-power-forecast\backend\auto_scripts\scripts\supershort\logs\auto_train\20250325_train_done.flag)
2025-03-25 08:47:46,577 - 检测到20250325的训练已经执行过 (标志文件: D:\my-vue-project\wind-power-forecast\backend\auto_scripts\scripts\supershort\logs\auto_train\20250325_train_done.flag)
2025-03-25 08:48:16,590 - 检测到20250325的训练已经执行过 (标志文件: D:\my-vue-project\wind-power-forecast\backend\auto_scripts\scripts\supershort\logs\auto_train\20250325_train_done.flag)
2025-03-25 08:48:46,597 - 检测到20250325的训练已经执行过 (标志文件: D:\my-vue-project\wind-power-forecast\backend\auto_scripts\scripts\supershort\logs\auto_train\20250325_train_done.flag)
2025-03-25 08:49:16,608 - 检测到20250325的训练已经执行过 (标志文件: D:\my-vue-project\wind-power-forecast\backend\auto_scripts\scripts\supershort\logs\auto_train\20250325_train_done.flag)
2025-03-25 08:49:46,621 - 检测到20250325的训练已经执行过 (标志文件: D:\my-vue-project\wind-power-forecast\backend\auto_scripts\scripts\supershort\logs\auto_train\20250325_train_done.flag)
2025-03-25 08:50:16,626 - 检测到20250325的训练已经执行过 (标志文件: D:\my-vue-project\wind-power-forecast\backend\auto_scripts\scripts\supershort\logs\auto_train\20250325_train_done.flag)
2025-03-25 08:50:46,636 - 检测到20250325的训练已经执行过 (标志文件: D:\my-vue-project\wind-power-forecast\backend\auto_scripts\scripts\supershort\logs\auto_train\20250325_train_done.flag)
2025-03-25 08:51:16,650 - 检测到20250325的训练已经执行过 (标志文件: D:\my-vue-project\wind-power-forecast\backend\auto_scripts\scripts\supershort\logs\auto_train\20250325_train_done.flag)
2025-03-25 08:51:46,665 - 检测到20250325的训练已经执行过 (标志文件: D:\my-vue-project\wind-power-forecast\backend\auto_scripts\scripts\supershort\logs\auto_train\20250325_train_done.flag)
2025-03-25 08:52:16,666 - 检测到20250325的训练已经执行过 (标志文件: D:\my-vue-project\wind-power-forecast\backend\auto_scripts\scripts\supershort\logs\auto_train\20250325_train_done.flag)
2025-03-25 08:52:46,673 - 检测到20250325的训练已经执行过 (标志文件: D:\my-vue-project\wind-power-forecast\backend\auto_scripts\scripts\supershort\logs\auto_train\20250325_train_done.flag)
2025-03-25 08:53:16,675 - 检测到20250325的训练已经执行过 (标志文件: D:\my-vue-project\wind-power-forecast\backend\auto_scripts\scripts\supershort\logs\auto_train\20250325_train_done.flag)
2025-03-25 08:53:46,689 - 检测到20250325的训练已经执行过 (标志文件: D:\my-vue-project\wind-power-forecast\backend\auto_scripts\scripts\supershort\logs\auto_train\20250325_train_done.flag)
2025-03-25 08:54:16,696 - 检测到20250325的训练已经执行过 (标志文件: D:\my-vue-project\wind-power-forecast\backend\auto_scripts\scripts\supershort\logs\auto_train\20250325_train_done.flag)
2025-03-25 08:54:46,708 - 检测到20250325的训练已经执行过 (标志文件: D:\my-vue-project\wind-power-forecast\backend\auto_scripts\scripts\supershort\logs\auto_train\20250325_train_done.flag)
2025-03-25 08:55:16,723 - 检测到20250325的训练已经执行过 (标志文件: D:\my-vue-project\wind-power-forecast\backend\auto_scripts\scripts\supershort\logs\auto_train\20250325_train_done.flag)
2025-03-25 08:55:46,724 - 检测到20250325的训练已经执行过 (标志文件: D:\my-vue-project\wind-power-forecast\backend\auto_scripts\scripts\supershort\logs\auto_train\20250325_train_done.flag)
2025-03-25 08:56:16,724 - 检测到20250325的训练已经执行过 (标志文件: D:\my-vue-project\wind-power-forecast\backend\auto_scripts\scripts\supershort\logs\auto_train\20250325_train_done.flag)
2025-03-25 08:56:46,724 - 检测到20250325的训练已经执行过 (标志文件: D:\my-vue-project\wind-power-forecast\backend\auto_scripts\scripts\supershort\logs\auto_train\20250325_train_done.flag)
2025-03-25 08:57:16,726 - 检测到20250325的训练已经执行过 (标志文件: D:\my-vue-project\wind-power-forecast\backend\auto_scripts\scripts\supershort\logs\auto_train\20250325_train_done.flag)
2025-03-25 08:57:46,728 - 检测到20250325的训练已经执行过 (标志文件: D:\my-vue-project\wind-power-forecast\backend\auto_scripts\scripts\supershort\logs\auto_train\20250325_train_done.flag)
2025-03-25 08:58:16,729 - 检测到20250325的训练已经执行过 (标志文件: D:\my-vue-project\wind-power-forecast\backend\auto_scripts\scripts\supershort\logs\auto_train\20250325_train_done.flag)
2025-03-25 08:58:46,729 - 检测到20250325的训练已经执行过 (标志文件: D:\my-vue-project\wind-power-forecast\backend\auto_scripts\scripts\supershort\logs\auto_train\20250325_train_done.flag)
2025-03-25 08:59:16,729 - 检测到20250325的训练已经执行过 (标志文件: D:\my-vue-project\wind-power-forecast\backend\auto_scripts\scripts\supershort\logs\auto_train\20250325_train_done.flag)
2025-03-25 08:59:46,730 - 检测到20250325的训练已经执行过 (标志文件: D:\my-vue-project\wind-power-forecast\backend\auto_scripts\scripts\supershort\logs\auto_train\20250325_train_done.flag)
2025-03-25 09:00:16,730 - 当前时间: 2025-03-25 09:00:16, 星期: 周二
2025-03-25 09:00:16,730 - 当前任务状态: 训练任务已执行=True, 参数优化任务已执行=False
2025-03-25 09:00:16,730 - 检测到20250325的训练已经执行过 (标志文件: D:\my-vue-project\wind-power-forecast\backend\auto_scripts\scripts\supershort\logs\auto_train\20250325_train_done.flag)
2025-03-25 09:00:46,731 - 当前时间: 2025-03-25 09:00:46, 星期: 周二
2025-03-25 09:00:46,731 - 当前任务状态: 训练任务已执行=True, 参数优化任务已执行=False
2025-03-25 09:00:46,731 - 检测到20250325的训练已经执行过 (标志文件: D:\my-vue-project\wind-power-forecast\backend\auto_scripts\scripts\supershort\logs\auto_train\20250325_train_done.flag)
2025-03-25 09:01:16,731 - 检测到20250325的训练已经执行过 (标志文件: D:\my-vue-project\wind-power-forecast\backend\auto_scripts\scripts\supershort\logs\auto_train\20250325_train_done.flag)
2025-03-25 09:01:46,731 - 检测到20250325的训练已经执行过 (标志文件: D:\my-vue-project\wind-power-forecast\backend\auto_scripts\scripts\supershort\logs\auto_train\20250325_train_done.flag)
2025-03-25 09:02:16,732 - 检测到20250325的训练已经执行过 (标志文件: D:\my-vue-project\wind-power-forecast\backend\auto_scripts\scripts\supershort\logs\auto_train\20250325_train_done.flag)
2025-03-25 09:02:46,732 - 检测到20250325的训练已经执行过 (标志文件: D:\my-vue-project\wind-power-forecast\backend\auto_scripts\scripts\supershort\logs\auto_train\20250325_train_done.flag)
2025-03-25 09:03:16,732 - 检测到20250325的训练已经执行过 (标志文件: D:\my-vue-project\wind-power-forecast\backend\auto_scripts\scripts\supershort\logs\auto_train\20250325_train_done.flag)
2025-03-25 09:03:46,732 - 检测到20250325的训练已经执行过 (标志文件: D:\my-vue-project\wind-power-forecast\backend\auto_scripts\scripts\supershort\logs\auto_train\20250325_train_done.flag)
2025-03-25 09:04:16,733 - 检测到20250325的训练已经执行过 (标志文件: D:\my-vue-project\wind-power-forecast\backend\auto_scripts\scripts\supershort\logs\auto_train\20250325_train_done.flag)
2025-03-25 09:04:46,734 - 检测到20250325的训练已经执行过 (标志文件: D:\my-vue-project\wind-power-forecast\backend\auto_scripts\scripts\supershort\logs\auto_train\20250325_train_done.flag)
2025-03-25 09:05:16,734 - 检测到20250325的训练已经执行过 (标志文件: D:\my-vue-project\wind-power-forecast\backend\auto_scripts\scripts\supershort\logs\auto_train\20250325_train_done.flag)
2025-03-25 09:05:46,735 - 检测到20250325的训练已经执行过 (标志文件: D:\my-vue-project\wind-power-forecast\backend\auto_scripts\scripts\supershort\logs\auto_train\20250325_train_done.flag)
2025-03-25 09:06:16,735 - 检测到20250325的训练已经执行过 (标志文件: D:\my-vue-project\wind-power-forecast\backend\auto_scripts\scripts\supershort\logs\auto_train\20250325_train_done.flag)
2025-03-25 09:06:46,735 - 检测到20250325的训练已经执行过 (标志文件: D:\my-vue-project\wind-power-forecast\backend\auto_scripts\scripts\supershort\logs\auto_train\20250325_train_done.flag)
2025-03-25 09:07:16,736 - 检测到20250325的训练已经执行过 (标志文件: D:\my-vue-project\wind-power-forecast\backend\auto_scripts\scripts\supershort\logs\auto_train\20250325_train_done.flag)
2025-03-25 09:07:46,736 - 检测到20250325的训练已经执行过 (标志文件: D:\my-vue-project\wind-power-forecast\backend\auto_scripts\scripts\supershort\logs\auto_train\20250325_train_done.flag)
2025-03-25 09:08:16,737 - 检测到20250325的训练已经执行过 (标志文件: D:\my-vue-project\wind-power-forecast\backend\auto_scripts\scripts\supershort\logs\auto_train\20250325_train_done.flag)
2025-03-25 09:08:46,737 - 检测到20250325的训练已经执行过 (标志文件: D:\my-vue-project\wind-power-forecast\backend\auto_scripts\scripts\supershort\logs\auto_train\20250325_train_done.flag)
2025-03-25 09:09:16,737 - 检测到20250325的训练已经执行过 (标志文件: D:\my-vue-project\wind-power-forecast\backend\auto_scripts\scripts\supershort\logs\auto_train\20250325_train_done.flag)
2025-03-25 09:09:46,737 - 检测到20250325的训练已经执行过 (标志文件: D:\my-vue-project\wind-power-forecast\backend\auto_scripts\scripts\supershort\logs\auto_train\20250325_train_done.flag)
2025-03-25 09:10:16,738 - 检测到20250325的训练已经执行过 (标志文件: D:\my-vue-project\wind-power-forecast\backend\auto_scripts\scripts\supershort\logs\auto_train\20250325_train_done.flag)
2025-03-25 09:10:46,750 - 检测到20250325的训练已经执行过 (标志文件: D:\my-vue-project\wind-power-forecast\backend\auto_scripts\scripts\supershort\logs\auto_train\20250325_train_done.flag)
2025-03-25 09:11:16,764 - 检测到20250325的训练已经执行过 (标志文件: D:\my-vue-project\wind-power-forecast\backend\auto_scripts\scripts\supershort\logs\auto_train\20250325_train_done.flag)
2025-03-25 09:11:46,771 - 检测到20250325的训练已经执行过 (标志文件: D:\my-vue-project\wind-power-forecast\backend\auto_scripts\scripts\supershort\logs\auto_train\20250325_train_done.flag)
2025-03-25 09:12:16,780 - 检测到20250325的训练已经执行过 (标志文件: D:\my-vue-project\wind-power-forecast\backend\auto_scripts\scripts\supershort\logs\auto_train\20250325_train_done.flag)
2025-03-25 09:12:46,795 - 检测到20250325的训练已经执行过 (标志文件: D:\my-vue-project\wind-power-forecast\backend\auto_scripts\scripts\supershort\logs\auto_train\20250325_train_done.flag)
2025-03-25 09:13:16,800 - 检测到20250325的训练已经执行过 (标志文件: D:\my-vue-project\wind-power-forecast\backend\auto_scripts\scripts\supershort\logs\auto_train\20250325_train_done.flag)
2025-03-25 09:13:46,812 - 检测到20250325的训练已经执行过 (标志文件: D:\my-vue-project\wind-power-forecast\backend\auto_scripts\scripts\supershort\logs\auto_train\20250325_train_done.flag)
2025-03-25 09:14:16,826 - 检测到20250325的训练已经执行过 (标志文件: D:\my-vue-project\wind-power-forecast\backend\auto_scripts\scripts\supershort\logs\auto_train\20250325_train_done.flag)
2025-03-25 09:14:46,834 - 检测到20250325的训练已经执行过 (标志文件: D:\my-vue-project\wind-power-forecast\backend\auto_scripts\scripts\supershort\logs\auto_train\20250325_train_done.flag)
2025-03-25 09:15:16,847 - 检测到20250325的训练已经执行过 (标志文件: D:\my-vue-project\wind-power-forecast\backend\auto_scripts\scripts\supershort\logs\auto_train\20250325_train_done.flag)
2025-03-25 09:15:46,848 - 检测到20250325的训练已经执行过 (标志文件: D:\my-vue-project\wind-power-forecast\backend\auto_scripts\scripts\supershort\logs\auto_train\20250325_train_done.flag)
2025-03-25 09:16:16,863 - 检测到20250325的训练已经执行过 (标志文件: D:\my-vue-project\wind-power-forecast\backend\auto_scripts\scripts\supershort\logs\auto_train\20250325_train_done.flag)
2025-03-25 09:16:46,867 - 检测到20250325的训练已经执行过 (标志文件: D:\my-vue-project\wind-power-forecast\backend\auto_scripts\scripts\supershort\logs\auto_train\20250325_train_done.flag)
2025-03-25 09:17:16,873 - 检测到20250325的训练已经执行过 (标志文件: D:\my-vue-project\wind-power-forecast\backend\auto_scripts\scripts\supershort\logs\auto_train\20250325_train_done.flag)
2025-03-25 09:17:46,873 - 检测到20250325的训练已经执行过 (标志文件: D:\my-vue-project\wind-power-forecast\backend\auto_scripts\scripts\supershort\logs\auto_train\20250325_train_done.flag)
2025-03-25 09:18:16,887 - 检测到20250325的训练已经执行过 (标志文件: D:\my-vue-project\wind-power-forecast\backend\auto_scripts\scripts\supershort\logs\auto_train\20250325_train_done.flag)
2025-03-25 09:18:46,894 - 检测到20250325的训练已经执行过 (标志文件: D:\my-vue-project\wind-power-forecast\backend\auto_scripts\scripts\supershort\logs\auto_train\20250325_train_done.flag)
2025-03-25 09:19:16,900 - 检测到20250325的训练已经执行过 (标志文件: D:\my-vue-project\wind-power-forecast\backend\auto_scripts\scripts\supershort\logs\auto_train\20250325_train_done.flag)
2025-03-25 09:19:46,906 - 检测到20250325的训练已经执行过 (标志文件: D:\my-vue-project\wind-power-forecast\backend\auto_scripts\scripts\supershort\logs\auto_train\20250325_train_done.flag)
2025-03-25 09:20:16,919 - 检测到20250325的训练已经执行过 (标志文件: D:\my-vue-project\wind-power-forecast\backend\auto_scripts\scripts\supershort\logs\auto_train\20250325_train_done.flag)
2025-03-25 09:20:46,934 - 检测到20250325的训练已经执行过 (标志文件: D:\my-vue-project\wind-power-forecast\backend\auto_scripts\scripts\supershort\logs\auto_train\20250325_train_done.flag)
2025-03-25 09:21:16,947 - 检测到20250325的训练已经执行过 (标志文件: D:\my-vue-project\wind-power-forecast\backend\auto_scripts\scripts\supershort\logs\auto_train\20250325_train_done.flag)
2025-03-25 09:21:46,958 - 检测到20250325的训练已经执行过 (标志文件: D:\my-vue-project\wind-power-forecast\backend\auto_scripts\scripts\supershort\logs\auto_train\20250325_train_done.flag)
2025-03-25 09:22:16,971 - 检测到20250325的训练已经执行过 (标志文件: D:\my-vue-project\wind-power-forecast\backend\auto_scripts\scripts\supershort\logs\auto_train\20250325_train_done.flag)
2025-03-25 09:22:46,983 - 检测到20250325的训练已经执行过 (标志文件: D:\my-vue-project\wind-power-forecast\backend\auto_scripts\scripts\supershort\logs\auto_train\20250325_train_done.flag)
2025-03-25 09:23:16,998 - 检测到20250325的训练已经执行过 (标志文件: D:\my-vue-project\wind-power-forecast\backend\auto_scripts\scripts\supershort\logs\auto_train\20250325_train_done.flag)
2025-03-25 09:23:47,007 - 检测到20250325的训练已经执行过 (标志文件: D:\my-vue-project\wind-power-forecast\backend\auto_scripts\scripts\supershort\logs\auto_train\20250325_train_done.flag)
2025-03-25 09:24:17,010 - 检测到20250325的训练已经执行过 (标志文件: D:\my-vue-project\wind-power-forecast\backend\auto_scripts\scripts\supershort\logs\auto_train\20250325_train_done.flag)
2025-03-25 09:24:47,023 - 检测到20250325的训练已经执行过 (标志文件: D:\my-vue-project\wind-power-forecast\backend\auto_scripts\scripts\supershort\logs\auto_train\20250325_train_done.flag)
2025-03-25 09:25:17,028 - 检测到20250325的训练已经执行过 (标志文件: D:\my-vue-project\wind-power-forecast\backend\auto_scripts\scripts\supershort\logs\auto_train\20250325_train_done.flag)
2025-03-25 09:25:47,040 - 检测到20250325的训练已经执行过 (标志文件: D:\my-vue-project\wind-power-forecast\backend\auto_scripts\scripts\supershort\logs\auto_train\20250325_train_done.flag)
2025-03-25 09:26:17,042 - 检测到20250325的训练已经执行过 (标志文件: D:\my-vue-project\wind-power-forecast\backend\auto_scripts\scripts\supershort\logs\auto_train\20250325_train_done.flag)
2025-03-25 09:26:47,052 - 检测到20250325的训练已经执行过 (标志文件: D:\my-vue-project\wind-power-forecast\backend\auto_scripts\scripts\supershort\logs\auto_train\20250325_train_done.flag)
2025-03-25 09:27:17,055 - 检测到20250325的训练已经执行过 (标志文件: D:\my-vue-project\wind-power-forecast\backend\auto_scripts\scripts\supershort\logs\auto_train\20250325_train_done.flag)
2025-03-25 09:27:47,070 - 检测到20250325的训练已经执行过 (标志文件: D:\my-vue-project\wind-power-forecast\backend\auto_scripts\scripts\supershort\logs\auto_train\20250325_train_done.flag)
2025-03-25 09:28:17,080 - 检测到20250325的训练已经执行过 (标志文件: D:\my-vue-project\wind-power-forecast\backend\auto_scripts\scripts\supershort\logs\auto_train\20250325_train_done.flag)
2025-03-25 09:28:47,089 - 检测到20250325的训练已经执行过 (标志文件: D:\my-vue-project\wind-power-forecast\backend\auto_scripts\scripts\supershort\logs\auto_train\20250325_train_done.flag)
2025-03-25 09:29:17,103 - 检测到20250325的训练已经执行过 (标志文件: D:\my-vue-project\wind-power-forecast\backend\auto_scripts\scripts\supershort\logs\auto_train\20250325_train_done.flag)
2025-03-25 09:29:47,116 - 检测到20250325的训练已经执行过 (标志文件: D:\my-vue-project\wind-power-forecast\backend\auto_scripts\scripts\supershort\logs\auto_train\20250325_train_done.flag)
2025-03-25 09:30:17,124 - 检测到20250325的训练已经执行过 (标志文件: D:\my-vue-project\wind-power-forecast\backend\auto_scripts\scripts\supershort\logs\auto_train\20250325_train_done.flag)
2025-03-25 09:30:47,137 - 检测到20250325的训练已经执行过 (标志文件: D:\my-vue-project\wind-power-forecast\backend\auto_scripts\scripts\supershort\logs\auto_train\20250325_train_done.flag)
2025-03-25 09:31:17,138 - 检测到20250325的训练已经执行过 (标志文件: D:\my-vue-project\wind-power-forecast\backend\auto_scripts\scripts\supershort\logs\auto_train\20250325_train_done.flag)
2025-03-25 09:31:47,140 - 检测到20250325的训练已经执行过 (标志文件: D:\my-vue-project\wind-power-forecast\backend\auto_scripts\scripts\supershort\logs\auto_train\20250325_train_done.flag)
2025-03-25 09:32:17,151 - 检测到20250325的训练已经执行过 (标志文件: D:\my-vue-project\wind-power-forecast\backend\auto_scripts\scripts\supershort\logs\auto_train\20250325_train_done.flag)
2025-03-25 09:32:47,159 - 检测到20250325的训练已经执行过 (标志文件: D:\my-vue-project\wind-power-forecast\backend\auto_scripts\scripts\supershort\logs\auto_train\20250325_train_done.flag)
2025-03-25 09:33:17,174 - 检测到20250325的训练已经执行过 (标志文件: D:\my-vue-project\wind-power-forecast\backend\auto_scripts\scripts\supershort\logs\auto_train\20250325_train_done.flag)
2025-03-25 09:33:47,184 - 检测到20250325的训练已经执行过 (标志文件: D:\my-vue-project\wind-power-forecast\backend\auto_scripts\scripts\supershort\logs\auto_train\20250325_train_done.flag)
2025-03-25 09:34:17,196 - 检测到20250325的训练已经执行过 (标志文件: D:\my-vue-project\wind-power-forecast\backend\auto_scripts\scripts\supershort\logs\auto_train\20250325_train_done.flag)
2025-03-25 09:34:47,203 - 检测到20250325的训练已经执行过 (标志文件: D:\my-vue-project\wind-power-forecast\backend\auto_scripts\scripts\supershort\logs\auto_train\20250325_train_done.flag)
2025-03-25 09:35:17,218 - 检测到20250325的训练已经执行过 (标志文件: D:\my-vue-project\wind-power-forecast\backend\auto_scripts\scripts\supershort\logs\auto_train\20250325_train_done.flag)
2025-03-25 09:35:47,227 - 检测到20250325的训练已经执行过 (标志文件: D:\my-vue-project\wind-power-forecast\backend\auto_scripts\scripts\supershort\logs\auto_train\20250325_train_done.flag)
2025-03-25 09:36:17,231 - 检测到20250325的训练已经执行过 (标志文件: D:\my-vue-project\wind-power-forecast\backend\auto_scripts\scripts\supershort\logs\auto_train\20250325_train_done.flag)
2025-03-25 09:36:47,242 - 检测到20250325的训练已经执行过 (标志文件: D:\my-vue-project\wind-power-forecast\backend\auto_scripts\scripts\supershort\logs\auto_train\20250325_train_done.flag)
2025-03-25 09:37:17,246 - 检测到20250325的训练已经执行过 (标志文件: D:\my-vue-project\wind-power-forecast\backend\auto_scripts\scripts\supershort\logs\auto_train\20250325_train_done.flag)
2025-03-27 23:21:26,964 - 定时任务启动成功，每周六 1:00 运行参数优化，每天 2:00 运行训练
2025-03-27 23:21:26,964 - 当前时间: 2025-03-27 23:21:26, 星期: 周四
2025-03-27 23:21:26,964 - 当前任务状态: 训练任务已执行=False, 参数优化任务已执行=False
2025-03-27 23:21:26,965 - 检测到 2:00 训练未执行，立即补救运行 auto_train.py
2025-03-27 23:21:26,965 - False
2025-03-27 23:21:26,965 - 执行 auto_train.py
2025-04-01 21:57:44,533 - 定时任务启动成功，每周六 1:00 运行参数优化，每天 2:00 运行训练
2025-04-01 21:57:44,534 - 当前时间: 2025-04-01 21:57:44, 星期: 周二
2025-04-01 21:57:44,534 - 当前任务状态: 训练任务已执行=False, 参数优化任务已执行=False
2025-04-01 21:57:44,534 - 检测到 2:00 训练未执行，立即补救运行 auto_train.py
2025-04-01 21:57:44,535 - False
2025-04-01 21:57:44,535 - 执行 auto_train.py
2025-04-01 23:09:45,532 - auto_train.py 执行失败，退出码: -1073741510
2025-04-01 23:10:15,535 - 检测到 2:00 训练未执行，立即补救运行 auto_train.py
2025-04-01 23:10:15,535 - False
2025-04-01 23:10:15,535 - 执行 auto_train.py
2025-04-03 09:38:07,804 - 定时任务启动成功，每周六 1:00 运行参数优化，每天 2:00 运行训练
2025-04-03 09:38:07,806 - 当前时间: 2025-04-03 09:38:07, 星期: 周四
2025-04-03 09:38:07,806 - 当前任务状态: 训练任务已执行=False, 参数优化任务已执行=False
2025-04-03 09:38:07,806 - 检测到 2:00 训练未执行，立即补救运行 auto_train.py
2025-04-03 09:38:07,806 - False
2025-04-03 09:38:07,807 - 执行 auto_train.py
2025-04-03 17:59:18,014 - 定时任务启动成功，每周六 1:00 运行参数优化，每天 2:00 运行训练
2025-04-03 17:59:18,014 - 当前时间: 2025-04-03 17:59:18, 星期: 周四
2025-04-03 17:59:18,014 - 当前任务状态: 训练任务已执行=False, 参数优化任务已执行=False
2025-04-03 17:59:18,014 - 检测到 2:00 训练未执行，立即补救运行 auto_train.py
2025-04-03 17:59:18,014 - False
2025-04-03 17:59:18,015 - 执行 auto_train.py
2025-04-23 10:48:54,686 - 定时任务启动成功，每周六 1:00 运行参数优化，每天 2:00 运行训练
2025-04-23 10:48:54,687 - 当前时间: 2025-04-23 10:48:54, 星期: 周三
2025-04-23 10:48:54,687 - 当前任务状态: 训练任务已执行=False, 参数优化任务已执行=False
2025-04-23 10:48:54,687 - 检测到 2:00 训练未执行，立即补救运行 auto_train.py
2025-04-23 10:48:54,688 - False
2025-04-23 10:48:54,688 - 执行 auto_train.py
2025-04-23 14:44:52,529 - auto_train.py 执行失败，退出码: -1073741510
2025-04-23 14:45:22,532 - 检测到 2:00 训练未执行，立即补救运行 auto_train.py
2025-04-23 14:45:22,532 - False
2025-04-23 14:45:22,532 - 执行 auto_train.py
2025-04-23 14:45:25,047 - auto_train.py 执行失败，退出码: -1073741510
2025-04-23 15:36:15,062 - 定时任务启动成功，每周六 1:00 运行参数优化，每天 2:00 运行训练
2025-04-23 15:36:15,062 - 当前时间: 2025-04-23 15:36:15, 星期: 周三
2025-04-23 15:36:15,062 - 当前任务状态: 训练任务已执行=False, 参数优化任务已执行=False
2025-04-23 15:36:15,062 - 检测到 2:00 训练未执行，立即补救运行 auto_train.py
2025-04-23 15:36:15,063 - False
2025-04-23 15:36:15,063 - 执行 auto_train.py
2025-04-23 16:08:05,911 - auto_train.py 执行失败，退出码: -1073741510
2025-04-23 16:08:35,925 - 检测到 2:00 训练未执行，立即补救运行 auto_train.py
2025-04-23 16:08:35,925 - False
2025-04-23 16:08:35,925 - 执行 auto_train.py
