2025-05-09 20:19:51,091 - INFO - 定时任务启动成功 (scheduler_supershort.py):
2025-05-09 20:19:51,091 - INFO -   - 每日短临训练 (auto_train.py): 02:00
2025-05-09 20:19:51,091 - INFO -   - 每日超短期训练 (train_supershort.py): 04:00
2025-05-09 20:19:51,091 - INFO -   - 每15分钟超短期预测 (predict_supershort.py)
2025-05-09 20:19:51,093 - INFO - 当前时间: 2025-05-09 20:19:51, 星期: 周五
2025-05-09 20:19:51,093 - INFO - 当前任务状态初始化:
2025-05-09 20:19:51,093 - INFO -   - 每日短临训练(auto_train)今日已执行: False
2025-05-09 20:19:51,093 - INFO -   - 每日超短期训练(train_supershort)今日已执行: False
2025-05-09 20:19:51,093 - WARNING - 检测到 20250509 02:00 每日短临训练(auto_train)未执行且无标志，立即补救运行
2025-05-09 20:19:51,093 - INFO - 执行 auto_train.py (每日短临训练)
2025-05-09 20:19:51,093 - INFO - 使用脚本路径: /app/auto_scripts/scripts/short/auto_train.py
2025-05-09 20:19:51,093 - INFO - 使用Conda环境: /opt/conda/envs/wind-power-env
2025-05-09 20:19:51,093 - INFO - 执行命令: conda run -p /opt/conda/envs/wind-power-env python /app/auto_scripts/scripts/short/auto_train.py
2025-05-09 20:19:52,255 - ERROR - auto_train.py (每日短临训练) 执行失败，退出码: 1
2025-05-09 20:19:52,255 - WARNING - 检测到 20250509 04:00 每日超短期训练(train_supershort)未执行且无标志，立即补救运行
2025-05-09 20:19:52,255 - INFO - 开始执行超短期模型训练任务 (train_supershort.py - 每日)
2025-05-09 20:19:52,255 - INFO - 使用脚本路径: /app/auto_scripts/scripts/supershort/train_supershort.py
2025-05-09 20:19:52,255 - INFO - 使用Conda环境: /opt/conda/envs/wind-power-env
2025-05-09 20:19:52,255 - INFO - 执行命令: conda run -p /opt/conda/envs/wind-power-env python /app/auto_scripts/scripts/supershort/train_supershort.py
2025-05-09 20:19:53,440 - ERROR - train_supershort.py (每日超短期训练) 执行失败，退出码: 1
2025-05-09 20:20:21,444 - WARNING - 检测到 20250509 02:00 每日短临训练(auto_train)未执行且无标志，立即补救运行
2025-05-09 20:20:21,444 - INFO - 执行 auto_train.py (每日短临训练)
2025-05-09 20:20:21,444 - INFO - 使用脚本路径: /app/auto_scripts/scripts/short/auto_train.py
2025-05-09 20:20:21,444 - INFO - 使用Conda环境: /opt/conda/envs/wind-power-env
2025-05-09 20:20:21,444 - INFO - 执行命令: conda run -p /opt/conda/envs/wind-power-env python /app/auto_scripts/scripts/short/auto_train.py
2025-05-09 20:20:22,575 - ERROR - auto_train.py (每日短临训练) 执行失败，退出码: 1
2025-05-09 20:20:22,575 - WARNING - 检测到 20250509 04:00 每日超短期训练(train_supershort)未执行且无标志，立即补救运行
2025-05-09 20:20:22,575 - INFO - 开始执行超短期模型训练任务 (train_supershort.py - 每日)
2025-05-09 20:20:22,575 - INFO - 使用脚本路径: /app/auto_scripts/scripts/supershort/train_supershort.py
2025-05-09 20:20:22,575 - INFO - 使用Conda环境: /opt/conda/envs/wind-power-env
2025-05-09 20:20:22,575 - INFO - 执行命令: conda run -p /opt/conda/envs/wind-power-env python /app/auto_scripts/scripts/supershort/train_supershort.py
2025-05-09 20:20:23,713 - ERROR - train_supershort.py (每日超短期训练) 执行失败，退出码: 1
2025-05-09 21:53:24,426 - INFO - 定时任务启动成功 (scheduler_supershort.py):
2025-05-09 21:53:24,426 - INFO -   - 每日短临训练 (auto_train.py): 02:00
2025-05-09 21:53:24,426 - INFO -   - 每日超短期训练 (train_supershort.py): 04:00
2025-05-09 21:53:24,426 - INFO -   - 每15分钟超短期预测 (predict_supershort.py)
2025-05-09 21:53:24,427 - INFO - 当前时间: 2025-05-09 21:53:24, 星期: 周五
2025-05-09 21:53:24,427 - INFO - 当前任务状态初始化:
2025-05-09 21:53:24,427 - INFO -   - 每日短临训练(auto_train)今日已执行: False
2025-05-09 21:53:24,427 - INFO -   - 每日超短期训练(train_supershort)今日已执行: False
2025-05-09 21:53:24,427 - WARNING - 检测到 20250509 02:00 每日短临训练(auto_train)未执行且无标志，立即补救运行
2025-05-09 21:53:24,427 - INFO - 执行 auto_train.py (每日短临训练)
2025-05-09 21:53:24,427 - INFO - 使用脚本路径: /app/auto_scripts/scripts/short/auto_train.py
2025-05-09 21:53:24,427 - INFO - 使用Conda环境: /opt/conda/envs/wind-power-env
2025-05-09 21:53:24,428 - INFO - 执行命令: conda run -p /opt/conda/envs/wind-power-env python /app/auto_scripts/scripts/short/auto_train.py
2025-05-09 21:53:25,612 - ERROR - auto_train.py (每日短临训练) 执行失败，退出码: 1
2025-05-09 21:53:25,613 - WARNING - 检测到 20250509 04:00 每日超短期训练(train_supershort)未执行且无标志，立即补救运行
2025-05-09 21:53:25,613 - INFO - 开始执行超短期模型训练任务 (train_supershort.py - 每日)
2025-05-09 21:53:25,613 - INFO - 使用脚本路径: /app/auto_scripts/scripts/supershort/train_supershort.py
2025-05-09 21:53:25,613 - INFO - 使用Conda环境: /opt/conda/envs/wind-power-env
2025-05-09 21:53:25,613 - INFO - 执行命令: conda run -p /opt/conda/envs/wind-power-env python /app/auto_scripts/scripts/supershort/train_supershort.py
2025-05-09 21:53:26,746 - ERROR - train_supershort.py (每日超短期训练) 执行失败，退出码: 1
2025-05-09 21:53:54,748 - WARNING - 检测到 20250509 02:00 每日短临训练(auto_train)未执行且无标志，立即补救运行
2025-05-09 21:53:54,748 - INFO - 执行 auto_train.py (每日短临训练)
2025-05-09 21:53:54,748 - INFO - 使用脚本路径: /app/auto_scripts/scripts/short/auto_train.py
2025-05-09 21:53:54,748 - INFO - 使用Conda环境: /opt/conda/envs/wind-power-env
2025-05-09 21:53:54,748 - INFO - 执行命令: conda run -p /opt/conda/envs/wind-power-env python /app/auto_scripts/scripts/short/auto_train.py
2025-05-09 21:53:55,879 - ERROR - auto_train.py (每日短临训练) 执行失败，退出码: 1
2025-05-09 21:53:55,879 - WARNING - 检测到 20250509 04:00 每日超短期训练(train_supershort)未执行且无标志，立即补救运行
2025-05-09 21:53:55,879 - INFO - 开始执行超短期模型训练任务 (train_supershort.py - 每日)
2025-05-09 21:53:55,879 - INFO - 使用脚本路径: /app/auto_scripts/scripts/supershort/train_supershort.py
2025-05-09 21:53:55,879 - INFO - 使用Conda环境: /opt/conda/envs/wind-power-env
2025-05-09 21:53:55,879 - INFO - 执行命令: conda run -p /opt/conda/envs/wind-power-env python /app/auto_scripts/scripts/supershort/train_supershort.py
2025-05-09 21:53:56,962 - ERROR - train_supershort.py (每日超短期训练) 执行失败，退出码: 1
2025-05-09 21:54:24,962 - WARNING - 检测到 20250509 02:00 每日短临训练(auto_train)未执行且无标志，立即补救运行
2025-05-09 21:54:24,962 - INFO - 执行 auto_train.py (每日短临训练)
2025-05-09 21:54:24,962 - INFO - 使用脚本路径: /app/auto_scripts/scripts/short/auto_train.py
2025-05-09 21:54:24,962 - INFO - 使用Conda环境: /opt/conda/envs/wind-power-env
2025-05-09 21:54:24,962 - INFO - 执行命令: conda run -p /opt/conda/envs/wind-power-env python /app/auto_scripts/scripts/short/auto_train.py
2025-05-09 21:54:26,095 - ERROR - auto_train.py (每日短临训练) 执行失败，退出码: 1
2025-05-09 21:54:26,096 - WARNING - 检测到 20250509 04:00 每日超短期训练(train_supershort)未执行且无标志，立即补救运行
2025-05-09 21:54:26,096 - INFO - 开始执行超短期模型训练任务 (train_supershort.py - 每日)
2025-05-09 21:54:26,096 - INFO - 使用脚本路径: /app/auto_scripts/scripts/supershort/train_supershort.py
2025-05-09 21:54:26,096 - INFO - 使用Conda环境: /opt/conda/envs/wind-power-env
2025-05-09 21:54:26,096 - INFO - 执行命令: conda run -p /opt/conda/envs/wind-power-env python /app/auto_scripts/scripts/supershort/train_supershort.py
2025-05-09 21:54:27,161 - ERROR - train_supershort.py (每日超短期训练) 执行失败，退出码: 1
2025-05-09 21:54:55,166 - WARNING - 检测到 20250509 02:00 每日短临训练(auto_train)未执行且无标志，立即补救运行
2025-05-09 21:54:55,166 - INFO - 执行 auto_train.py (每日短临训练)
2025-05-09 21:54:55,166 - INFO - 使用脚本路径: /app/auto_scripts/scripts/short/auto_train.py
2025-05-09 21:54:55,166 - INFO - 使用Conda环境: /opt/conda/envs/wind-power-env
2025-05-09 21:54:55,166 - INFO - 执行命令: conda run -p /opt/conda/envs/wind-power-env python /app/auto_scripts/scripts/short/auto_train.py
2025-05-09 21:54:56,448 - ERROR - auto_train.py (每日短临训练) 执行失败，退出码: 1
2025-05-09 21:54:56,449 - WARNING - 检测到 20250509 04:00 每日超短期训练(train_supershort)未执行且无标志，立即补救运行
2025-05-09 21:54:56,449 - INFO - 开始执行超短期模型训练任务 (train_supershort.py - 每日)
2025-05-09 21:54:56,449 - INFO - 使用脚本路径: /app/auto_scripts/scripts/supershort/train_supershort.py
2025-05-09 21:54:56,449 - INFO - 使用Conda环境: /opt/conda/envs/wind-power-env
2025-05-09 21:54:56,449 - INFO - 执行命令: conda run -p /opt/conda/envs/wind-power-env python /app/auto_scripts/scripts/supershort/train_supershort.py
2025-05-09 21:54:57,588 - ERROR - train_supershort.py (每日超短期训练) 执行失败，退出码: 1
2025-05-09 22:02:11,692 - INFO - 定时任务启动成功 (scheduler_supershort.py):
2025-05-09 22:02:11,692 - INFO -   - 每日短临训练 (auto_train.py): 02:00
2025-05-09 22:02:11,692 - INFO -   - 每日超短期训练 (train_supershort.py): 04:00
2025-05-09 22:02:11,692 - INFO -   - 每15分钟超短期预测 (predict_supershort.py)
2025-05-09 22:02:11,693 - INFO - 当前时间: 2025-05-09 22:02:11, 星期: 周五
2025-05-09 22:02:11,693 - INFO - 当前任务状态初始化:
2025-05-09 22:02:11,693 - INFO -   - 每日超短期训练(train_supershort)今日已执行: False
2025-05-09 22:02:11,693 - WARNING - 检测到 20250509 04:00 每日超短期训练(train_supershort)未执行且无标志，立即补救运行
2025-05-09 22:02:11,693 - INFO - 开始执行超短期模型训练任务 (train_supershort.py - 每日)
2025-05-09 22:02:11,693 - INFO - 使用脚本路径: /app/auto_scripts/scripts/supershort/train_supershort.py
2025-05-09 22:02:11,693 - INFO - 使用Conda环境: /opt/conda/envs/wind-power-env
2025-05-09 22:02:11,693 - INFO - 执行命令: conda run -p /opt/conda/envs/wind-power-env python /app/auto_scripts/scripts/supershort/train_supershort.py
2025-05-09 22:02:12,894 - ERROR - train_supershort.py (每日超短期训练) 执行失败，退出码: 1
2025-05-09 22:02:40,896 - WARNING - 检测到 20250509 04:00 每日超短期训练(train_supershort)未执行且无标志，立即补救运行
2025-05-09 22:02:40,896 - INFO - 开始执行超短期模型训练任务 (train_supershort.py - 每日)
2025-05-09 22:02:40,896 - INFO - 使用脚本路径: /app/auto_scripts/scripts/supershort/train_supershort.py
2025-05-09 22:02:40,896 - INFO - 使用Conda环境: /opt/conda/envs/wind-power-env
2025-05-09 22:02:40,896 - INFO - 执行命令: conda run -p /opt/conda/envs/wind-power-env python /app/auto_scripts/scripts/supershort/train_supershort.py
2025-05-09 22:02:42,018 - ERROR - train_supershort.py (每日超短期训练) 执行失败，退出码: 1
2025-05-09 22:21:37,331 - INFO - 定时任务启动成功 (scheduler_supershort.py):
2025-05-09 22:21:37,331 - INFO -   - 每日短临训练 (auto_train.py): 02:00
2025-05-09 22:21:37,331 - INFO -   - 每日超短期训练 (train_supershort.py): 04:00
2025-05-09 22:21:37,331 - INFO -   - 每15分钟超短期预测 (predict_supershort.py)
2025-05-09 22:21:37,332 - INFO - 当前时间: 2025-05-09 22:21:37, 星期: 周五
2025-05-09 22:21:37,332 - INFO - 当前任务状态初始化:
2025-05-09 22:21:37,332 - INFO -   - 每日超短期训练(train_supershort)今日已执行: False
2025-05-09 22:21:37,332 - WARNING - 检测到 20250509 04:00 每日超短期训练(train_supershort)未执行且无标志，立即补救运行
2025-05-09 22:21:37,332 - INFO - 开始执行超短期模型训练任务 (train_supershort.py - 每日)
2025-05-09 22:21:37,332 - INFO - 使用脚本路径: /app/auto_scripts/scripts/supershort/train_supershort.py
2025-05-09 22:21:37,332 - INFO - 使用Conda环境: /opt/conda/envs/wind-power-env
2025-05-09 22:21:37,332 - INFO - 执行命令: conda run -p /opt/conda/envs/wind-power-env python /app/auto_scripts/scripts/supershort/train_supershort.py
2025-05-09 22:21:38,512 - ERROR - train_supershort.py (每日超短期训练) 执行失败，退出码: 1
2025-05-09 22:22:06,518 - WARNING - 检测到 20250509 04:00 每日超短期训练(train_supershort)未执行且无标志，立即补救运行
2025-05-09 22:22:06,518 - INFO - 开始执行超短期模型训练任务 (train_supershort.py - 每日)
2025-05-09 22:22:06,518 - INFO - 使用脚本路径: /app/auto_scripts/scripts/supershort/train_supershort.py
2025-05-09 22:22:06,518 - INFO - 使用Conda环境: /opt/conda/envs/wind-power-env
2025-05-09 22:22:06,518 - INFO - 执行命令: conda run -p /opt/conda/envs/wind-power-env python /app/auto_scripts/scripts/supershort/train_supershort.py
2025-05-09 22:22:07,728 - ERROR - train_supershort.py (每日超短期训练) 执行失败，退出码: 1
2025-05-09 22:22:35,737 - WARNING - 检测到 20250509 04:00 每日超短期训练(train_supershort)未执行且无标志，立即补救运行
2025-05-09 22:22:35,737 - INFO - 开始执行超短期模型训练任务 (train_supershort.py - 每日)
2025-05-09 22:22:35,737 - INFO - 使用脚本路径: /app/auto_scripts/scripts/supershort/train_supershort.py
2025-05-09 22:22:35,737 - INFO - 使用Conda环境: /opt/conda/envs/wind-power-env
2025-05-09 22:22:35,737 - INFO - 执行命令: conda run -p /opt/conda/envs/wind-power-env python /app/auto_scripts/scripts/supershort/train_supershort.py
2025-05-09 22:22:36,864 - ERROR - train_supershort.py (每日超短期训练) 执行失败，退出码: 1
2025-05-09 22:23:04,865 - WARNING - 检测到 20250509 04:00 每日超短期训练(train_supershort)未执行且无标志，立即补救运行
2025-05-09 22:23:04,865 - INFO - 开始执行超短期模型训练任务 (train_supershort.py - 每日)
2025-05-09 22:23:04,865 - INFO - 使用脚本路径: /app/auto_scripts/scripts/supershort/train_supershort.py
2025-05-09 22:23:04,865 - INFO - 使用Conda环境: /opt/conda/envs/wind-power-env
2025-05-09 22:23:04,865 - INFO - 执行命令: conda run -p /opt/conda/envs/wind-power-env python /app/auto_scripts/scripts/supershort/train_supershort.py
2025-05-09 22:23:05,982 - ERROR - train_supershort.py (每日超短期训练) 执行失败，退出码: 1
2025-05-09 22:35:38,950 - INFO - train_supershort.py脚本路径: D:\my-vue-project\wind-power-forecast\backend-autopredict\auto_scripts\scripts\supershort\train_supershort.py
2025-05-09 22:35:38,950 - INFO - predict_supershort.py脚本路径: D:\my-vue-project\wind-power-forecast\backend-autopredict\auto_scripts\scripts\supershort\predict_supershort.py
2025-05-09 22:35:40,786 - INFO - 检测到 Windows 环境，将使用 Conda 环境 (by name): wind-power-env
2025-05-09 22:35:40,786 - INFO - 将使用以下命令执行Python脚本: conda run -n wind-power-env python
2025-05-09 22:35:40,786 - INFO - 定时任务启动成功 (scheduler_supershort.py):
2025-05-09 22:35:40,786 - INFO -   - 每日超短期训练 (train_supershort.py): 04:00
2025-05-09 22:35:40,786 - INFO -   - 每15分钟超短期预测 (predict_supershort.py)
2025-05-09 22:35:40,786 - INFO - 当前时间: 2025-05-09 22:35:40, 星期: 周五
2025-05-09 22:35:40,787 - INFO - 当前任务状态初始化:
2025-05-09 22:35:40,787 - INFO -   - 每日超短期训练(train_supershort)今日已执行: False
2025-05-09 22:35:40,787 - WARNING - 检测到 20250509 04:00 每日超短期训练(train_supershort)未执行且无标志，立即补救运行
2025-05-09 22:35:40,787 - INFO - 开始执行超短期模型训练任务 (train_supershort.py - 每日)
2025-05-09 22:35:40,787 - INFO - 执行命令: conda run -n wind-power-env python "D:\my-vue-project\wind-power-forecast\backend-autopredict\auto_scripts\scripts\supershort\train_supershort.py"
2025-05-09 22:35:43,838 - WARNING - 命令错误输出:
Traceback (most recent call last):
  File "D:\my-vue-project\wind-power-forecast\backend-autopredict\auto_scripts\scripts\supershort\train_supershort.py", line 3, in <module>
    from predictor_model import WindPowerPredictor, preprocess_data # 浠庢湰鍦版枃浠跺\ufffd煎叆
  File "D:\my-vue-project\wind-power-forecast\backend-autopredict\auto_scripts\scripts\supershort\predictor_model.py", line 4, in <module>
    import xgboost as xgb
ModuleNotFoundError: No module named 'xgboost'

ERROR conda.cli.main_run:execute(125): `conda run python D:\my-vue-project\wind-power-forecast\backend-autopredict\auto_scripts\scripts\supershort\train_supershort.py` failed. (See above for error)

2025-05-09 22:35:43,838 - ERROR - 命令执行失败，返回码: 1
2025-05-09 22:35:43,838 - ERROR - train_supershort.py (每日超短期训练) 执行失败，退出码: 1
2025-05-09 22:45:47,250 - INFO - train_supershort.py脚本路径: D:\my-vue-project\wind-power-forecast\backend-autopredict\auto_scripts\scripts\supershort\train_supershort.py
2025-05-09 22:45:47,250 - INFO - predict_supershort.py脚本路径: D:\my-vue-project\wind-power-forecast\backend-autopredict\auto_scripts\scripts\supershort\predict_supershort.py
2025-05-09 22:45:49,061 - INFO - 检测到 Windows 环境，将使用 Conda 环境 (by name): wind-power-env
2025-05-09 22:45:49,061 - INFO - 将使用以下命令执行Python脚本: conda run -n wind-power-env python
2025-05-09 22:45:49,061 - INFO - 定时任务启动成功 (scheduler_supershort.py):
2025-05-09 22:45:49,061 - INFO -   - 每日超短期训练 (train_supershort.py): 04:00
2025-05-09 22:45:49,061 - INFO -   - 每15分钟超短期预测 (predict_supershort.py)
2025-05-09 22:45:49,063 - INFO - 当前时间: 2025-05-09 22:45:49, 星期: 周五
2025-05-09 22:45:49,063 - INFO - 当前任务状态初始化:
2025-05-09 22:45:49,063 - INFO -   - 每日超短期训练(train_supershort)今日已执行: False
2025-05-09 22:45:49,063 - WARNING - 检测到 20250509 04:00 每日超短期训练(train_supershort)未执行且无标志，立即补救运行
2025-05-09 22:45:49,063 - INFO - 开始执行超短期模型训练任务 (train_supershort.py - 每日)
2025-05-09 22:45:49,063 - INFO - 执行命令: conda run -n wind-power-env python "D:\my-vue-project\wind-power-forecast\backend-autopredict\auto_scripts\scripts\supershort\train_supershort.py"
2025-05-09 22:45:52,508 - WARNING - 命令错误输出:
ERROR:root:Supershort DB related modules import failed (using TrainPreShort): No module named 'db_models'. DB operations will be unavailable.
Traceback (most recent call last):
  File "D:\my-vue-project\wind-power-forecast\backend-autopredict\auto_scripts\scripts\supershort\data_processor_supershort.py", line 15, in <module>
    from db_models import TrainPreShort, ActualPower
ModuleNotFoundError: No module named 'db_models'
ERROR:root:Database modules not available. Cannot load data directly for supershort model.
ERROR:root:浠庢暟鎹\ufffd搴撳姞杞界殑鏁版嵁涓虹┖锛屾棤娉曡繘琛岃\ufffd\ufffd缁冦\ufffd傝\ufffd锋\ufffd\ufffd鏌\ufffd data_processor_supershort.py 鐨勬棩蹇椼\ufffd\ufffd


2025-05-09 22:45:52,508 - INFO - 命令执行成功，返回码: 0
2025-05-09 22:45:52,508 - INFO - train_supershort.py (每日超短期训练) 执行成功
2025-05-09 22:45:52,509 - INFO - 超短期训练(train_supershort)完成 (20250509)，已创建标志文件: D:\my-vue-project\wind-power-forecast\backend-autopredict\auto_scripts\scripts\supershort\logs\supershort_train\20250509_supershort_train_done.flag
2025-05-09 22:46:20,520 - INFO - 检测到今天 (20250509) 的超短期训练(train_supershort)已经执行过 (标志文件: D:\my-vue-project\wind-power-forecast\backend-autopredict\auto_scripts\scripts\supershort\logs\supershort_train\20250509_supershort_train_done.flag)
2025-05-09 22:46:48,528 - INFO - 检测到今天 (20250509) 的超短期训练(train_supershort)已经执行过 (标志文件: D:\my-vue-project\wind-power-forecast\backend-autopredict\auto_scripts\scripts\supershort\logs\supershort_train\20250509_supershort_train_done.flag)
2025-05-09 22:47:16,543 - INFO - 检测到今天 (20250509) 的超短期训练(train_supershort)已经执行过 (标志文件: D:\my-vue-project\wind-power-forecast\backend-autopredict\auto_scripts\scripts\supershort\logs\supershort_train\20250509_supershort_train_done.flag)
2025-05-09 22:47:44,551 - INFO - 检测到今天 (20250509) 的超短期训练(train_supershort)已经执行过 (标志文件: D:\my-vue-project\wind-power-forecast\backend-autopredict\auto_scripts\scripts\supershort\logs\supershort_train\20250509_supershort_train_done.flag)
2025-05-09 22:48:12,566 - INFO - 检测到今天 (20250509) 的超短期训练(train_supershort)已经执行过 (标志文件: D:\my-vue-project\wind-power-forecast\backend-autopredict\auto_scripts\scripts\supershort\logs\supershort_train\20250509_supershort_train_done.flag)
2025-05-09 22:48:40,573 - INFO - 检测到今天 (20250509) 的超短期训练(train_supershort)已经执行过 (标志文件: D:\my-vue-project\wind-power-forecast\backend-autopredict\auto_scripts\scripts\supershort\logs\supershort_train\20250509_supershort_train_done.flag)
2025-05-09 22:49:08,587 - INFO - 检测到今天 (20250509) 的超短期训练(train_supershort)已经执行过 (标志文件: D:\my-vue-project\wind-power-forecast\backend-autopredict\auto_scripts\scripts\supershort\logs\supershort_train\20250509_supershort_train_done.flag)
2025-05-09 22:49:36,600 - INFO - 检测到今天 (20250509) 的超短期训练(train_supershort)已经执行过 (标志文件: D:\my-vue-project\wind-power-forecast\backend-autopredict\auto_scripts\scripts\supershort\logs\supershort_train\20250509_supershort_train_done.flag)
2025-05-09 22:50:04,614 - INFO - 检测到今天 (20250509) 的超短期训练(train_supershort)已经执行过 (标志文件: D:\my-vue-project\wind-power-forecast\backend-autopredict\auto_scripts\scripts\supershort\logs\supershort_train\20250509_supershort_train_done.flag)
2025-05-09 22:50:32,622 - INFO - 检测到今天 (20250509) 的超短期训练(train_supershort)已经执行过 (标志文件: D:\my-vue-project\wind-power-forecast\backend-autopredict\auto_scripts\scripts\supershort\logs\supershort_train\20250509_supershort_train_done.flag)
2025-05-09 22:51:00,636 - INFO - 检测到今天 (20250509) 的超短期训练(train_supershort)已经执行过 (标志文件: D:\my-vue-project\wind-power-forecast\backend-autopredict\auto_scripts\scripts\supershort\logs\supershort_train\20250509_supershort_train_done.flag)
2025-05-09 22:51:28,639 - INFO - 检测到今天 (20250509) 的超短期训练(train_supershort)已经执行过 (标志文件: D:\my-vue-project\wind-power-forecast\backend-autopredict\auto_scripts\scripts\supershort\logs\supershort_train\20250509_supershort_train_done.flag)
2025-05-09 22:51:56,652 - INFO - 检测到今天 (20250509) 的超短期训练(train_supershort)已经执行过 (标志文件: D:\my-vue-project\wind-power-forecast\backend-autopredict\auto_scripts\scripts\supershort\logs\supershort_train\20250509_supershort_train_done.flag)
2025-05-09 22:52:24,664 - INFO - 检测到今天 (20250509) 的超短期训练(train_supershort)已经执行过 (标志文件: D:\my-vue-project\wind-power-forecast\backend-autopredict\auto_scripts\scripts\supershort\logs\supershort_train\20250509_supershort_train_done.flag)
2025-05-09 22:52:52,668 - INFO - 检测到今天 (20250509) 的超短期训练(train_supershort)已经执行过 (标志文件: D:\my-vue-project\wind-power-forecast\backend-autopredict\auto_scripts\scripts\supershort\logs\supershort_train\20250509_supershort_train_done.flag)
2025-05-09 22:53:20,669 - INFO - 检测到今天 (20250509) 的超短期训练(train_supershort)已经执行过 (标志文件: D:\my-vue-project\wind-power-forecast\backend-autopredict\auto_scripts\scripts\supershort\logs\supershort_train\20250509_supershort_train_done.flag)
2025-05-09 22:53:48,679 - INFO - 检测到今天 (20250509) 的超短期训练(train_supershort)已经执行过 (标志文件: D:\my-vue-project\wind-power-forecast\backend-autopredict\auto_scripts\scripts\supershort\logs\supershort_train\20250509_supershort_train_done.flag)
2025-05-09 22:54:16,693 - INFO - 检测到今天 (20250509) 的超短期训练(train_supershort)已经执行过 (标志文件: D:\my-vue-project\wind-power-forecast\backend-autopredict\auto_scripts\scripts\supershort\logs\supershort_train\20250509_supershort_train_done.flag)
2025-05-09 22:54:44,703 - INFO - 检测到今天 (20250509) 的超短期训练(train_supershort)已经执行过 (标志文件: D:\my-vue-project\wind-power-forecast\backend-autopredict\auto_scripts\scripts\supershort\logs\supershort_train\20250509_supershort_train_done.flag)
2025-05-09 22:54:53,263 - INFO - train_supershort.py脚本路径: /app/auto_scripts/scripts/supershort/train_supershort.py
2025-05-09 22:54:53,263 - INFO - predict_supershort.py脚本路径: /app/auto_scripts/scripts/supershort/predict_supershort.py
2025-05-09 22:54:53,264 - INFO - 检测到 Linux/Docker 环境，使用Conda环境路径: /opt/conda/envs/wind-power-env
2025-05-09 22:54:53,264 - INFO - 将使用以下命令执行Python脚本: conda run -p /opt/conda/envs/wind-power-env python
2025-05-09 22:54:53,264 - INFO - 定时任务启动成功 (scheduler_supershort.py):
2025-05-09 22:54:53,264 - INFO -   - 每日超短期训练 (train_supershort.py): 04:00
2025-05-09 22:54:53,271 - INFO -   - 每15分钟超短期预测 (predict_supershort.py)
2025-05-09 22:54:53,283 - INFO - 检测到今天 (20250509) 的超短期训练(train_supershort)已经执行过 (标志文件: /app/auto_scripts/scripts/supershort/logs/supershort_train/20250509_supershort_train_done.flag)
2025-05-09 22:54:53,283 - INFO - 当前时间: 2025-05-09 22:54:53, 星期: 周五
2025-05-09 22:54:53,283 - INFO - 当前任务状态初始化:
2025-05-09 22:54:53,283 - INFO -   - 每日超短期训练(train_supershort)今日已执行: True
2025-05-09 22:54:53,293 - INFO - 检测到今天 (20250509) 的超短期训练(train_supershort)已经执行过 (标志文件: /app/auto_scripts/scripts/supershort/logs/supershort_train/20250509_supershort_train_done.flag)
2025-05-09 22:55:12,707 - INFO - 检测到今天 (20250509) 的超短期训练(train_supershort)已经执行过 (标志文件: D:\my-vue-project\wind-power-forecast\backend-autopredict\auto_scripts\scripts\supershort\logs\supershort_train\20250509_supershort_train_done.flag)
2025-05-09 22:55:21,321 - INFO - 检测到今天 (20250509) 的超短期训练(train_supershort)已经执行过 (标志文件: /app/auto_scripts/scripts/supershort/logs/supershort_train/20250509_supershort_train_done.flag)
2025-05-09 22:55:40,715 - INFO - 检测到今天 (20250509) 的超短期训练(train_supershort)已经执行过 (标志文件: D:\my-vue-project\wind-power-forecast\backend-autopredict\auto_scripts\scripts\supershort\logs\supershort_train\20250509_supershort_train_done.flag)
2025-05-09 22:56:12,950 - INFO - train_supershort.py脚本路径: /app/auto_scripts/scripts/supershort/train_supershort.py
2025-05-09 22:56:12,950 - INFO - predict_supershort.py脚本路径: /app/auto_scripts/scripts/supershort/predict_supershort.py
2025-05-09 22:56:12,950 - INFO - 检测到 Linux/Docker 环境，使用Conda环境路径: /opt/conda/envs/wind-power-env
2025-05-09 22:56:12,950 - INFO - 将使用以下命令执行Python脚本: conda run -p /opt/conda/envs/wind-power-env python
2025-05-09 22:56:12,951 - INFO - 定时任务启动成功 (scheduler_supershort.py):
2025-05-09 22:56:12,951 - INFO -   - 每日超短期训练 (train_supershort.py): 04:00
2025-05-09 22:56:12,951 - INFO -   - 每15分钟超短期预测 (predict_supershort.py)
2025-05-09 22:56:12,952 - INFO - 当前时间: 2025-05-09 22:56:12, 星期: 周五
2025-05-09 22:56:12,952 - INFO - 当前任务状态初始化:
2025-05-09 22:56:12,952 - INFO -   - 每日超短期训练(train_supershort)今日已执行: False
2025-05-09 22:56:12,960 - WARNING - 检测到 20250509 04:00 每日超短期训练(train_supershort)未执行且无标志，立即补救运行
2025-05-09 22:56:12,961 - INFO - 开始执行超短期模型训练任务 (train_supershort.py - 每日)
2025-05-09 22:56:12,961 - INFO - 执行命令: conda run -p /opt/conda/envs/wind-power-env python "/app/auto_scripts/scripts/supershort/train_supershort.py"
2025-05-09 22:56:18,389 - WARNING - 命令错误输出:
ERROR:root:Supershort DB related modules import failed (using TrainPreShort): No module named 'db_models'. DB operations will be unavailable.
Traceback (most recent call last):
  File "/app/auto_scripts/scripts/supershort/data_processor_supershort.py", line 15, in <module>
    from db_models import TrainPreShort, ActualPower
ModuleNotFoundError: No module named 'db_models'
ERROR:root:Database modules not available. Cannot load data directly for supershort model.
ERROR:root:从数据库加载的数据为空，无法进行训练。请检查 data_processor_supershort.py 的日志。


2025-05-09 22:56:18,389 - INFO - 命令执行成功，返回码: 0
2025-05-09 22:56:18,390 - INFO - train_supershort.py (每日超短期训练) 执行成功
2025-05-09 22:56:18,398 - INFO - 超短期训练(train_supershort)完成 (20250509)，已创建标志文件: /app/auto_scripts/scripts/supershort/logs/supershort_train/20250509_supershort_train_done.flag
2025-05-09 22:56:36,737 - INFO - 检测到今天 (20250509) 的超短期训练(train_supershort)已经执行过 (标志文件: D:\my-vue-project\wind-power-forecast\backend-autopredict\auto_scripts\scripts\supershort\logs\supershort_train\20250509_supershort_train_done.flag)
2025-05-09 22:56:46,429 - INFO - 检测到今天 (20250509) 的超短期训练(train_supershort)已经执行过 (标志文件: /app/auto_scripts/scripts/supershort/logs/supershort_train/20250509_supershort_train_done.flag)
2025-05-09 22:57:04,742 - INFO - 检测到今天 (20250509) 的超短期训练(train_supershort)已经执行过 (标志文件: D:\my-vue-project\wind-power-forecast\backend-autopredict\auto_scripts\scripts\supershort\logs\supershort_train\20250509_supershort_train_done.flag)
2025-05-09 22:57:14,449 - INFO - 检测到今天 (20250509) 的超短期训练(train_supershort)已经执行过 (标志文件: /app/auto_scripts/scripts/supershort/logs/supershort_train/20250509_supershort_train_done.flag)
2025-05-09 22:57:32,758 - INFO - 检测到今天 (20250509) 的超短期训练(train_supershort)已经执行过 (标志文件: D:\my-vue-project\wind-power-forecast\backend-autopredict\auto_scripts\scripts\supershort\logs\supershort_train\20250509_supershort_train_done.flag)
2025-05-09 22:58:00,764 - INFO - 检测到今天 (20250509) 的超短期训练(train_supershort)已经执行过 (标志文件: D:\my-vue-project\wind-power-forecast\backend-autopredict\auto_scripts\scripts\supershort\logs\supershort_train\20250509_supershort_train_done.flag)
2025-05-09 22:58:28,764 - INFO - 检测到今天 (20250509) 的超短期训练(train_supershort)已经执行过 (标志文件: D:\my-vue-project\wind-power-forecast\backend-autopredict\auto_scripts\scripts\supershort\logs\supershort_train\20250509_supershort_train_done.flag)
2025-05-09 22:58:56,770 - INFO - 检测到今天 (20250509) 的超短期训练(train_supershort)已经执行过 (标志文件: D:\my-vue-project\wind-power-forecast\backend-autopredict\auto_scripts\scripts\supershort\logs\supershort_train\20250509_supershort_train_done.flag)
2025-05-09 22:59:24,774 - INFO - 检测到今天 (20250509) 的超短期训练(train_supershort)已经执行过 (标志文件: D:\my-vue-project\wind-power-forecast\backend-autopredict\auto_scripts\scripts\supershort\logs\supershort_train\20250509_supershort_train_done.flag)
2025-05-09 22:59:52,774 - INFO - 检测到今天 (20250509) 的超短期训练(train_supershort)已经执行过 (标志文件: D:\my-vue-project\wind-power-forecast\backend-autopredict\auto_scripts\scripts\supershort\logs\supershort_train\20250509_supershort_train_done.flag)
2025-05-09 23:00:20,786 - INFO - [每小时状态@23:00] 超短期训练执行: True
2025-05-09 23:00:20,786 - INFO - 检测到今天 (20250509) 的超短期训练(train_supershort)已经执行过 (标志文件: D:\my-vue-project\wind-power-forecast\backend-autopredict\auto_scripts\scripts\supershort\logs\supershort_train\20250509_supershort_train_done.flag)
2025-05-09 23:00:48,789 - INFO - [每小时状态@23:00] 超短期训练执行: True
2025-05-09 23:00:48,789 - INFO - 检测到今天 (20250509) 的超短期训练(train_supershort)已经执行过 (标志文件: D:\my-vue-project\wind-power-forecast\backend-autopredict\auto_scripts\scripts\supershort\logs\supershort_train\20250509_supershort_train_done.flag)
2025-05-09 23:01:16,790 - INFO - 开始执行超短期预测任务 (predict_supershort.py)
2025-05-09 23:01:16,790 - INFO - 执行命令: conda run -n wind-power-env python "D:\my-vue-project\wind-power-forecast\backend-autopredict\auto_scripts\scripts\supershort\predict_supershort.py"
2025-05-09 23:01:20,465 - WARNING - 命令错误输出:
ERROR:root:Predict_supershort DB related modules import failed: No module named 'db_models'. DB operations will be unavailable.
Traceback (most recent call last):
  File "D:\my-vue-project\wind-power-forecast\backend-autopredict\auto_scripts\scripts\supershort\predict_supershort.py", line 13, in <module>
    from db_models import TrainPreShort, ActualPower # Using TrainPreShort for features
ModuleNotFoundError: No module named 'db_models'
CRITICAL:root:Database modules not available. Prediction cannot proceed.


2025-05-09 23:01:20,465 - INFO - 命令执行成功，返回码: 0
2025-05-09 23:01:20,465 - INFO - predict_supershort.py 执行成功
2025-05-09 23:01:20,465 - INFO - 检测到今天 (20250509) 的超短期训练(train_supershort)已经执行过 (标志文件: D:\my-vue-project\wind-power-forecast\backend-autopredict\auto_scripts\scripts\supershort\logs\supershort_train\20250509_supershort_train_done.flag)
2025-05-09 23:01:48,467 - INFO - 检测到今天 (20250509) 的超短期训练(train_supershort)已经执行过 (标志文件: D:\my-vue-project\wind-power-forecast\backend-autopredict\auto_scripts\scripts\supershort\logs\supershort_train\20250509_supershort_train_done.flag)
2025-05-09 23:02:16,469 - INFO - 检测到今天 (20250509) 的超短期训练(train_supershort)已经执行过 (标志文件: D:\my-vue-project\wind-power-forecast\backend-autopredict\auto_scripts\scripts\supershort\logs\supershort_train\20250509_supershort_train_done.flag)
2025-05-09 23:02:44,481 - INFO - 检测到今天 (20250509) 的超短期训练(train_supershort)已经执行过 (标志文件: D:\my-vue-project\wind-power-forecast\backend-autopredict\auto_scripts\scripts\supershort\logs\supershort_train\20250509_supershort_train_done.flag)
2025-05-09 23:03:12,491 - INFO - 检测到今天 (20250509) 的超短期训练(train_supershort)已经执行过 (标志文件: D:\my-vue-project\wind-power-forecast\backend-autopredict\auto_scripts\scripts\supershort\logs\supershort_train\20250509_supershort_train_done.flag)
2025-05-09 23:03:40,498 - INFO - 检测到今天 (20250509) 的超短期训练(train_supershort)已经执行过 (标志文件: D:\my-vue-project\wind-power-forecast\backend-autopredict\auto_scripts\scripts\supershort\logs\supershort_train\20250509_supershort_train_done.flag)
2025-05-09 23:04:08,499 - INFO - 检测到今天 (20250509) 的超短期训练(train_supershort)已经执行过 (标志文件: D:\my-vue-project\wind-power-forecast\backend-autopredict\auto_scripts\scripts\supershort\logs\supershort_train\20250509_supershort_train_done.flag)
2025-05-09 23:04:36,499 - INFO - 检测到今天 (20250509) 的超短期训练(train_supershort)已经执行过 (标志文件: D:\my-vue-project\wind-power-forecast\backend-autopredict\auto_scripts\scripts\supershort\logs\supershort_train\20250509_supershort_train_done.flag)
2025-05-09 23:05:04,513 - INFO - 检测到今天 (20250509) 的超短期训练(train_supershort)已经执行过 (标志文件: D:\my-vue-project\wind-power-forecast\backend-autopredict\auto_scripts\scripts\supershort\logs\supershort_train\20250509_supershort_train_done.flag)
2025-05-09 23:05:32,513 - INFO - 检测到今天 (20250509) 的超短期训练(train_supershort)已经执行过 (标志文件: D:\my-vue-project\wind-power-forecast\backend-autopredict\auto_scripts\scripts\supershort\logs\supershort_train\20250509_supershort_train_done.flag)
2025-05-09 23:06:00,517 - INFO - 检测到今天 (20250509) 的超短期训练(train_supershort)已经执行过 (标志文件: D:\my-vue-project\wind-power-forecast\backend-autopredict\auto_scripts\scripts\supershort\logs\supershort_train\20250509_supershort_train_done.flag)
2025-05-09 23:06:28,532 - INFO - 检测到今天 (20250509) 的超短期训练(train_supershort)已经执行过 (标志文件: D:\my-vue-project\wind-power-forecast\backend-autopredict\auto_scripts\scripts\supershort\logs\supershort_train\20250509_supershort_train_done.flag)
2025-05-09 23:06:56,534 - INFO - 检测到今天 (20250509) 的超短期训练(train_supershort)已经执行过 (标志文件: D:\my-vue-project\wind-power-forecast\backend-autopredict\auto_scripts\scripts\supershort\logs\supershort_train\20250509_supershort_train_done.flag)
2025-05-09 23:07:24,540 - INFO - 检测到今天 (20250509) 的超短期训练(train_supershort)已经执行过 (标志文件: D:\my-vue-project\wind-power-forecast\backend-autopredict\auto_scripts\scripts\supershort\logs\supershort_train\20250509_supershort_train_done.flag)
2025-05-09 23:07:52,555 - INFO - 检测到今天 (20250509) 的超短期训练(train_supershort)已经执行过 (标志文件: D:\my-vue-project\wind-power-forecast\backend-autopredict\auto_scripts\scripts\supershort\logs\supershort_train\20250509_supershort_train_done.flag)
2025-05-09 23:08:20,558 - INFO - 检测到今天 (20250509) 的超短期训练(train_supershort)已经执行过 (标志文件: D:\my-vue-project\wind-power-forecast\backend-autopredict\auto_scripts\scripts\supershort\logs\supershort_train\20250509_supershort_train_done.flag)
2025-05-09 23:08:48,562 - INFO - 检测到今天 (20250509) 的超短期训练(train_supershort)已经执行过 (标志文件: D:\my-vue-project\wind-power-forecast\backend-autopredict\auto_scripts\scripts\supershort\logs\supershort_train\20250509_supershort_train_done.flag)
2025-05-09 23:09:16,576 - INFO - 检测到今天 (20250509) 的超短期训练(train_supershort)已经执行过 (标志文件: D:\my-vue-project\wind-power-forecast\backend-autopredict\auto_scripts\scripts\supershort\logs\supershort_train\20250509_supershort_train_done.flag)
2025-05-09 23:09:44,588 - INFO - 检测到今天 (20250509) 的超短期训练(train_supershort)已经执行过 (标志文件: D:\my-vue-project\wind-power-forecast\backend-autopredict\auto_scripts\scripts\supershort\logs\supershort_train\20250509_supershort_train_done.flag)
2025-05-09 23:10:12,588 - INFO - 检测到今天 (20250509) 的超短期训练(train_supershort)已经执行过 (标志文件: D:\my-vue-project\wind-power-forecast\backend-autopredict\auto_scripts\scripts\supershort\logs\supershort_train\20250509_supershort_train_done.flag)
2025-05-09 23:10:40,591 - INFO - 检测到今天 (20250509) 的超短期训练(train_supershort)已经执行过 (标志文件: D:\my-vue-project\wind-power-forecast\backend-autopredict\auto_scripts\scripts\supershort\logs\supershort_train\20250509_supershort_train_done.flag)
2025-05-09 23:16:44,686 - INFO - 开始执行超短期预测任务 (predict_supershort.py)
2025-05-09 23:16:44,686 - INFO - 执行命令: conda run -n wind-power-env python "D:\my-vue-project\wind-power-forecast\backend-autopredict\auto_scripts\scripts\supershort\predict_supershort.py"
2025-05-09 23:16:47,695 - WARNING - 命令错误输出:
ERROR:root:Predict_supershort DB related modules import failed: No module named 'db_models'. DB operations will be unavailable.
Traceback (most recent call last):
  File "D:\my-vue-project\wind-power-forecast\backend-autopredict\auto_scripts\scripts\supershort\predict_supershort.py", line 13, in <module>
    from db_models import TrainPreShort, ActualPower # Using TrainPreShort for features
ModuleNotFoundError: No module named 'db_models'
CRITICAL:root:Database modules not available. Prediction cannot proceed.


2025-05-09 23:16:47,695 - INFO - 命令执行成功，返回码: 0
2025-05-09 23:16:47,696 - INFO - predict_supershort.py 执行成功
2025-05-09 23:32:11,938 - INFO - 开始执行超短期预测任务 (predict_supershort.py)
2025-05-09 23:32:11,938 - INFO - 执行命令: conda run -n wind-power-env python "D:\my-vue-project\wind-power-forecast\backend-autopredict\auto_scripts\scripts\supershort\predict_supershort.py"
2025-05-09 23:32:14,897 - WARNING - 命令错误输出:
ERROR:root:Predict_supershort DB related modules import failed: No module named 'db_models'. DB operations will be unavailable.
Traceback (most recent call last):
  File "D:\my-vue-project\wind-power-forecast\backend-autopredict\auto_scripts\scripts\supershort\predict_supershort.py", line 13, in <module>
    from db_models import TrainPreShort, ActualPower # Using TrainPreShort for features
ModuleNotFoundError: No module named 'db_models'
CRITICAL:root:Database modules not available. Prediction cannot proceed.


2025-05-09 23:32:14,897 - INFO - 命令执行成功，返回码: 0
2025-05-09 23:32:14,897 - INFO - predict_supershort.py 执行成功
2025-05-09 23:47:39,142 - INFO - 开始执行超短期预测任务 (predict_supershort.py)
2025-05-09 23:47:39,142 - INFO - 执行命令: conda run -n wind-power-env python "D:\my-vue-project\wind-power-forecast\backend-autopredict\auto_scripts\scripts\supershort\predict_supershort.py"
2025-05-09 23:47:42,227 - WARNING - 命令错误输出:
ERROR:root:Predict_supershort DB related modules import failed: No module named 'db_models'. DB operations will be unavailable.
Traceback (most recent call last):
  File "D:\my-vue-project\wind-power-forecast\backend-autopredict\auto_scripts\scripts\supershort\predict_supershort.py", line 13, in <module>
    from db_models import TrainPreShort, ActualPower # Using TrainPreShort for features
ModuleNotFoundError: No module named 'db_models'
CRITICAL:root:Database modules not available. Prediction cannot proceed.


2025-05-09 23:47:42,227 - INFO - 命令执行成功，返回码: 0
2025-05-09 23:47:42,227 - INFO - predict_supershort.py 执行成功
2025-05-09 23:50:34,024 - INFO - train_supershort.py脚本路径: /app/auto_scripts/scripts/supershort/train_supershort.py
2025-05-09 23:50:34,032 - INFO - predict_supershort.py脚本路径: /app/auto_scripts/scripts/supershort/predict_supershort.py
2025-05-09 23:50:34,032 - INFO - 检测到 Linux/Docker 环境，使用Conda环境路径: /opt/conda/envs/wind-power-env
2025-05-09 23:50:34,032 - INFO - 将使用以下命令执行Python脚本: conda run -p /opt/conda/envs/wind-power-env python
2025-05-09 23:50:34,032 - INFO - 定时任务启动成功 (scheduler_supershort.py):
2025-05-09 23:50:34,033 - INFO -   - 每日超短期训练 (train_supershort.py): 04:00
2025-05-09 23:50:34,033 - INFO -   - 每15分钟超短期预测 (predict_supershort.py)
2025-05-09 23:50:34,034 - INFO - 当前时间: 2025-05-09 23:50:34, 星期: 周五
2025-05-09 23:50:34,034 - INFO - 当前任务状态初始化:
2025-05-09 23:50:34,034 - INFO -   - 每日超短期训练(train_supershort)今日已执行: False
2025-05-09 23:50:34,042 - WARNING - 检测到 20250509 04:00 每日超短期训练(train_supershort)未执行且无标志，立即补救运行
2025-05-09 23:50:34,043 - INFO - 开始执行超短期模型训练任务 (train_supershort.py - 每日)
2025-05-09 23:50:34,044 - INFO - 执行命令: conda run -p /opt/conda/envs/wind-power-env python "/app/auto_scripts/scripts/supershort/train_supershort.py"
2025-05-09 23:51:33,731 - INFO - 命令输出:
数据库连接配置: kingbase:54321/windpower
MinIO连接配置: http://minio:9000
构建数据库连接URL...
DB_USER环境变量：system
KINGBASE_CONFIG['user']值：system
DB_PASSWORD是否已设置：是
DB_HOST环境变量：kingbase
DB_PORT环境变量：54321
DB_NAME环境变量：windpower
最终连接URL：postgresql+kingbase://system:12345678ab@kingbase:54321/windpower
DEBUG: 进入 create_engine_with_retry 函数...
DEBUG: 尝试第 1 次创建引擎，使用 URI: postgresql+kingbase://system:12345678ab@kingbase:54321/windpower
✅ 存储桶已存在: wind-datasets
✅ 存储桶已存在: wind-models
✅ 存储桶已存在: wind-predictions
✅ 存储桶已存在: wind-scalers
✅ 存储桶已存在: wind-metrics
✅ 存储桶已存在: wind-logs
✅ 成功设置存储桶策略: wind-datasets -> private
✅ 成功设置存储桶策略: wind-models -> public-read
✅ 成功设置存储桶策略: wind-predictions -> private
✅ 成功设置存储桶策略: wind-scalers -> private
✅ 成功设置存储桶策略: wind-metrics -> public-read
✅ 成功设置存储桶策略: wind-logs -> public-read
开始通用数据预处理...
  已转换 'Timestamp' 列为 datetime 对象。
  未发现重复行。
  数据中无缺失值 (在通用检查阶段)。
通用数据预处理完成。
--- 开始训练模型 (Shift=2) ---
[信息 Shift=2] 'power_actual_at_t_minus_2' 中存在 2 个NaN值，均由 .shift(2) 操作在数据开头引入（预期行为）。
[信息 Shift=2] 训练时，特征 'power_actual_at_t_minus_2' 已作为输入特征。
--- 开始训练模型 (Shift=3) ---
[信息 Shift=3] 'power_actual_at_t_minus_3' 中存在 3 个NaN值，均由 .shift(3) 操作在数据开头引入（预期行为）。
[信息 Shift=3] 训练时，特征 'power_actual_at_t_minus_3' 已作为输入特征。
--- 开始训练模型 (Shift=4) ---
[信息 Shift=4] 'power_actual_at_t_minus_4' 中存在 4 个NaN值，均由 .shift(4) 操作在数据开头引入（预期行为）。
[信息 Shift=4] 训练时，特征 'power_actual_at_t_minus_4' 已作为输入特征。
--- 开始训练模型 (Shift=5) ---
[信息 Shift=5] 'power_actual_at_t_minus_5' 中存在 5 个NaN值，均由 .shift(5) 操作在数据开头引入（预期行为）。
[信息 Shift=5] 训练时，特征 'power_actual_at_t_minus_5' 已作为输入特征。
--- 开始训练模型 (Shift=6) ---
[信息 Shift=6] 'power_actual_at_t_minus_6' 中存在 6 个NaN值，均由 .shift(6) 操作在数据开头引入（预期行为）。
[信息 Shift=6] 训练时，特征 'power_actual_at_t_minus_6' 已作为输入特征。
--- 开始训练模型 (Shift=7) ---
[信息 Shift=7] 'power_actual_at_t_minus_7' 中存在 7 个NaN值，均由 .shift(7) 操作在数据开头引入（预期行为）。
[信息 Shift=7] 训练时，特征 'power_actual_at_t_minus_7' 已作为输入特征。
--- 开始训练模型 (Shift=8) ---
[信息 Shift=8] 'power_actual_at_t_minus_8' 中存在 8 个NaN值，均由 .shift(8) 操作在数据开头引入（预期行为）。
[信息 Shift=8] 训练时，特征 'power_actual_at_t_minus_8' 已作为输入特征。
--- 开始训练模型 (Shift=9) ---
[信息 Shift=9] 'power_actual_at_t_minus_9' 中存在 9 个NaN值，均由 .shift(9) 操作在数据开头引入（预期行为）。
[信息 Shift=9] 训练时，特征 'power_actual_at_t_minus_9' 已作为输入特征。
--- 开始训练模型 (Shift=10) ---
[信息 Shift=10] 'power_actual_at_t_minus_10' 中存在 10 个NaN值，均由 .shift(10) 操作在数据开头引入（预期行为）。
[信息 Shift=10] 训练时，特征 'power_actual_at_t_minus_10' 已作为输入特征。
--- 开始训练模型 (Shift=11) ---
[信息 Shift=11] 'power_actual_at_t_minus_11' 中存在 11 个NaN值，均由 .shift(11) 操作在数据开头引入（预期行为）。
[信息 Shift=11] 训练时，特征 'power_actual_at_t_minus_11' 已作为输入特征。
--- 开始训练模型 (Shift=12) ---
[信息 Shift=12] 'power_actual_at_t_minus_12' 中存在 12 个NaN值，均由 .shift(12) 操作在数据开头引入（预期行为）。
[信息 Shift=12] 训练时，特征 'power_actual_at_t_minus_12' 已作为输入特征。
--- 开始训练模型 (Shift=13) ---
[信息 Shift=13] 'power_actual_at_t_minus_13' 中存在 13 个NaN值，均由 .shift(13) 操作在数据开头引入（预期行为）。
[信息 Shift=13] 训练时，特征 'power_actual_at_t_minus_13' 已作为输入特征。
--- 开始训练模型 (Shift=14) ---
[信息 Shift=14] 'power_actual_at_t_minus_14' 中存在 14 个NaN值，均由 .shift(14) 操作在数据开头引入（预期行为）。
[信息 Shift=14] 训练时，特征 'power_actual_at_t_minus_14' 已作为输入特征。
--- 开始训练模型 (Shift=15) ---
[信息 Shift=15] 'power_actual_at_t_minus_15' 中存在 15 个NaN值，均由 .shift(15) 操作在数据开头引入（预期行为）。
[信息 Shift=15] 训练时，特征 'power_actual_at_t_minus_15' 已作为输入特征。
--- 开始训练模型 (Shift=16) ---
[信息 Shift=16] 'power_actual_at_t_minus_16' 中存在 16 个NaN值，均由 .shift(16) 操作在数据开头引入（预期行为）。
[信息 Shift=16] 训练时，特征 'power_actual_at_t_minus_16' 已作为输入特征。
--- 开始训练模型 (Shift=17) ---
[信息 Shift=17] 'power_actual_at_t_minus_17' 中存在 17 个NaN值，均由 .shift(17) 操作在数据开头引入（预期行为）。
[信息 Shift=17] 训练时，特征 'power_actual_at_t_minus_17' 已作为输入特征。


2025-05-09 23:51:33,732 - WARNING - 命令错误输出:
ERROR:root:训练或保存 Shift=2 模型时发生意外错误: Feature names are only supported if all input features have string names, but your input has ['quoted_name', 'str'] as feature name / column name types. If you want feature names to be stored and validated, you must convert them all to strings, by using X.columns = X.columns.astype(str) for example. Otherwise you can remove feature / column names from your input data, or convert them all to a non-string data type.
Traceback (most recent call last):
  File "/app/auto_scripts/scripts/supershort/train_supershort.py", line 72, in main
    if predictor.train(train_data): # train 方法现在返回 True/False
  File "/app/auto_scripts/scripts/supershort/predictor_model.py", line 187, in train
    X_train_scaled = self.scaler.fit_transform(X_train)
  File "/opt/conda/envs/wind-power-env/lib/python3.9/site-packages/sklearn/utils/_set_output.py", line 316, in wrapped
    data_to_wrap = f(self, X, *args, **kwargs)
  File "/opt/conda/envs/wind-power-env/lib/python3.9/site-packages/sklearn/base.py", line 1098, in fit_transform
    return self.fit(X, **fit_params).transform(X)
  File "/opt/conda/envs/wind-power-env/lib/python3.9/site-packages/sklearn/preprocessing/_data.py", line 878, in fit
    return self.partial_fit(X, y, sample_weight)
  File "/opt/conda/envs/wind-power-env/lib/python3.9/site-packages/sklearn/base.py", line 1473, in wrapper
    return fit_method(estimator, *args, **kwargs)
  File "/opt/conda/envs/wind-power-env/lib/python3.9/site-packages/sklearn/preprocessing/_data.py", line 914, in partial_fit
    X = self._validate_data(
  File "/opt/conda/envs/wind-power-env/lib/python3.9/site-packages/sklearn/base.py", line 608, in _validate_data
    self._check_feature_names(X, reset=reset)
  File "/opt/conda/envs/wind-power-env/lib/python3.9/site-packages/sklearn/base.py", line 469, in _check_feature_names
    feature_names_in = _get_feature_names(X)
  File "/opt/conda/envs/wind-power-env/lib/python3.9/site-packages/sklearn/utils/validation.py", line 2279, in _get_feature_names
    raise TypeError(
TypeError: Feature names are only supported if all input features have string names, but your input has ['quoted_name', 'str'] as feature name / column name types. If you want feature names to be stored and validated, you must convert them all to strings, by using X.columns = X.columns.astype(str) for example. Otherwise you can remove feature / column names from your input data, or convert them all to a non-string data type.
ERROR:root:训练或保存 Shift=3 模型时发生意外错误: Feature names are only supported if all input features have string names, but your input has ['quoted_name', 'str'] as feature name / column name types. If you want feature names to be stored and validated, you must convert them all to strings, by using X.columns = X.columns.astype(str) for example. Otherwise you can remove feature / column names from your input data, or convert them all to a non-string data type.
Traceback (most recent call last):
  File "/app/auto_scripts/scripts/supershort/train_supershort.py", line 72, in main
    if predictor.train(train_data): # train 方法现在返回 True/False
  File "/app/auto_scripts/scripts/supershort/predictor_model.py", line 187, in train
    X_train_scaled = self.scaler.fit_transform(X_train)
  File "/opt/conda/envs/wind-power-env/lib/python3.9/site-packages/sklearn/utils/_set_output.py", line 316, in wrapped
    data_to_wrap = f(self, X, *args, **kwargs)
  File "/opt/conda/envs/wind-power-env/lib/python3.9/site-packages/sklearn/base.py", line 1098, in fit_transform
    return self.fit(X, **fit_params).transform(X)
  File "/opt/conda/envs/wind-power-env/lib/python3.9/site-packages/sklearn/preprocessing/_data.py", line 878, in fit
    return self.partial_fit(X, y, sample_weight)
  File "/opt/conda/envs/wind-power-env/lib/python3.9/site-packages/sklearn/base.py", line 1473, in wrapper
    return fit_method(estimator, *args, **kwargs)
  File "/opt/conda/envs/wind-power-env/lib/python3.9/site-packages/sklearn/preprocessing/_data.py", line 914, in partial_fit
    X = self._validate_data(
  File "/opt/conda/envs/wind-power-env/lib/python3.9/site-packages/sklearn/base.py", line 608, in _validate_data
    self._check_feature_names(X, reset=reset)
  File "/opt/conda/envs/wind-power-env/lib/python3.9/site-packages/sklearn/base.py", line 469, in _check_feature_names
    feature_names_in = _get_feature_names(X)
  File "/opt/conda/envs/wind-power-env/lib/python3.9/site-packages/sklearn/utils/validation.py", line 2279, in _get_feature_names
    raise TypeError(
TypeError: Feature names are only supported if all input features have string names, but your input has ['quoted_name', 'str'] as feature name / column name types. If you want feature names to be stored and validated, you must convert them all to strings, by using X.columns = X.columns.astype(str) for example. Otherwise you can remove feature / column names from your input data, or convert them all to a non-string data type.
ERROR:root:训练或保存 Shift=4 模型时发生意外错误: Feature names are only supported if all input features have string names, but your input has ['quoted_name', 'str'] as feature name / column name types. If you want feature names to be stored and validated, you must convert them all to strings, by using X.columns = X.columns.astype(str) for example. Otherwise you can remove feature / column names from your input data, or convert them all to a non-string data type.
Traceback (most recent call last):
  File "/app/auto_scripts/scripts/supershort/train_supershort.py", line 72, in main
    if predictor.train(train_data): # train 方法现在返回 True/False
  File "/app/auto_scripts/scripts/supershort/predictor_model.py", line 187, in train
    X_train_scaled = self.scaler.fit_transform(X_train)
  File "/opt/conda/envs/wind-power-env/lib/python3.9/site-packages/sklearn/utils/_set_output.py", line 316, in wrapped
    data_to_wrap = f(self, X, *args, **kwargs)
  File "/opt/conda/envs/wind-power-env/lib/python3.9/site-packages/sklearn/base.py", line 1098, in fit_transform
    return self.fit(X, **fit_params).transform(X)
  File "/opt/conda/envs/wind-power-env/lib/python3.9/site-packages/sklearn/preprocessing/_data.py", line 878, in fit
    return self.partial_fit(X, y, sample_weight)
  File "/opt/conda/envs/wind-power-env/lib/python3.9/site-packages/sklearn/base.py", line 1473, in wrapper
    return fit_method(estimator, *args, **kwargs)
  File "/opt/conda/envs/wind-power-env/lib/python3.9/site-packages/sklearn/preprocessing/_data.py", line 914, in partial_fit
    X = self._validate_data(
  File "/opt/conda/envs/wind-power-env/lib/python3.9/site-packages/sklearn/base.py", line 608, in _validate_data
    self._check_feature_names(X, reset=reset)
  File "/opt/conda/envs/wind-power-env/lib/python3.9/site-packages/sklearn/base.py", line 469, in _check_feature_names
    feature_names_in = _get_feature_names(X)
  File "/opt/conda/envs/wind-power-env/lib/python3.9/site-packages/sklearn/utils/validation.py", line 2279, in _get_feature_names
    raise TypeError(
TypeError: Feature names are only supported if all input features have string names, but your input has ['quoted_name', 'str'] as feature name / column name types. If you want feature names to be stored and validated, you must convert them all to strings, by using X.columns = X.columns.astype(str) for example. Otherwise you can remove feature / column names from your input data, or convert them all to a non-string data type.
ERROR:root:训练或保存 Shift=5 模型时发生意外错误: Feature names are only supported if all input features have string names, but your input has ['quoted_name', 'str'] as feature name / column name types. If you want feature names to be stored and validated, you must convert them all to strings, by using X.columns = X.columns.astype(str) for example. Otherwise you can remove feature / column names from your input data, or convert them all to a non-string data type.
Traceback (most recent call last):
  File "/app/auto_scripts/scripts/supershort/train_supershort.py", line 72, in main
    if predictor.train(train_data): # train 方法现在返回 True/False
  File "/app/auto_scripts/scripts/supershort/predictor_model.py", line 187, in train
    X_train_scaled = self.scaler.fit_transform(X_train)
  File "/opt/conda/envs/wind-power-env/lib/python3.9/site-packages/sklearn/utils/_set_output.py", line 316, in wrapped
    data_to_wrap = f(self, X, *args, **kwargs)
  File "/opt/conda/envs/wind-power-env/lib/python3.9/site-packages/sklearn/base.py", line 1098, in fit_transform
    return self.fit(X, **fit_params).transform(X)
  File "/opt/conda/envs/wind-power-env/lib/python3.9/site-packages/sklearn/preprocessing/_data.py", line 878, in fit
    return self.partial_fit(X, y, sample_weight)
  File "/opt/conda/envs/wind-power-env/lib/python3.9/site-packages/sklearn/base.py", line 1473, in wrapper
    return fit_method(estimator, *args, **kwargs)
  File "/opt/conda/envs/wind-power-env/lib/python3.9/site-packages/sklearn/preprocessing/_data.py", line 914, in partial_fit
    X = self._validate_data(
  File "/opt/conda/envs/wind-power-env/lib/python3.9/site-packages/sklearn/base.py", line 608, in _validate_data
    self._check_feature_names(X, reset=reset)
  File "/opt/conda/envs/wind-power-env/lib/python3.9/site-packages/sklearn/base.py", line 469, in _check_feature_names
    feature_names_in = _get_feature_names(X)
  File "/opt/conda/envs/wind-power-env/lib/python3.9/site-packages/sklearn/utils/validation.py", line 2279, in _get_feature_names
    raise TypeError(
TypeError: Feature names are only supported if all input features have string names, but your input has ['quoted_name', 'str'] as feature name / column name types. If you want feature names to be stored and validated, you must convert them all to strings, by using X.columns = X.columns.astype(str) for example. Otherwise you can remove feature / column names from your input data, or convert them all to a non-string data type.
ERROR:root:训练或保存 Shift=6 模型时发生意外错误: Feature names are only supported if all input features have string names, but your input has ['quoted_name', 'str'] as feature name / column name types. If you want feature names to be stored and validated, you must convert them all to strings, by using X.columns = X.columns.astype(str) for example. Otherwise you can remove feature / column names from your input data, or convert them all to a non-string data type.
Traceback (most recent call last):
  File "/app/auto_scripts/scripts/supershort/train_supershort.py", line 72, in main
    if predictor.train(train_data): # train 方法现在返回 True/False
  File "/app/auto_scripts/scripts/supershort/predictor_model.py", line 187, in train
    X_train_scaled = self.scaler.fit_transform(X_train)
  File "/opt/conda/envs/wind-power-env/lib/python3.9/site-packages/sklearn/utils/_set_output.py", line 316, in wrapped
    data_to_wrap = f(self, X, *args, **kwargs)
  File "/opt/conda/envs/wind-power-env/lib/python3.9/site-packages/sklearn/base.py", line 1098, in fit_transform
    return self.fit(X, **fit_params).transform(X)
  File "/opt/conda/envs/wind-power-env/lib/python3.9/site-packages/sklearn/preprocessing/_data.py", line 878, in fit
    return self.partial_fit(X, y, sample_weight)
  File "/opt/conda/envs/wind-power-env/lib/python3.9/site-packages/sklearn/base.py", line 1473, in wrapper
    return fit_method(estimator, *args, **kwargs)
  File "/opt/conda/envs/wind-power-env/lib/python3.9/site-packages/sklearn/preprocessing/_data.py", line 914, in partial_fit
    X = self._validate_data(
  File "/opt/conda/envs/wind-power-env/lib/python3.9/site-packages/sklearn/base.py", line 608, in _validate_data
    self._check_feature_names(X, reset=reset)
  File "/opt/conda/envs/wind-power-env/lib/python3.9/site-packages/sklearn/base.py", line 469, in _check_feature_names
    feature_names_in = _get_feature_names(X)
  File "/opt/conda/envs/wind-power-env/lib/python3.9/site-packages/sklearn/utils/validation.py", line 2279, in _get_feature_names
    raise TypeError(
TypeError: Feature names are only supported if all input features have string names, but your input has ['quoted_name', 'str'] as feature name / column name types. If you want feature names to be stored and validated, you must convert them all to strings, by using X.columns = X.columns.astype(str) for example. Otherwise you can remove feature / column names from your input data, or convert them all to a non-string data type.
ERROR:root:训练或保存 Shift=7 模型时发生意外错误: Feature names are only supported if all input features have string names, but your input has ['quoted_name', 'str'] as feature name / column name types. If you want feature names to be stored and validated, you must convert them all to strings, by using X.columns = X.columns.astype(str) for example. Otherwise you can remove feature / column names from your input data, or convert them all to a non-string data type.
Traceback (most recent call last):
  File "/app/auto_scripts/scripts/supershort/train_supershort.py", line 72, in main
    if predictor.train(train_data): # train 方法现在返回 True/False
  File "/app/auto_scripts/scripts/supershort/predictor_model.py", line 187, in train
    X_train_scaled = self.scaler.fit_transform(X_train)
  File "/opt/conda/envs/wind-power-env/lib/python3.9/site-packages/sklearn/utils/_set_output.py", line 316, in wrapped
    data_to_wrap = f(self, X, *args, **kwargs)
  File "/opt/conda/envs/wind-power-env/lib/python3.9/site-packages/sklearn/base.py", line 1098, in fit_transform
    return self.fit(X, **fit_params).transform(X)
  File "/opt/conda/envs/wind-power-env/lib/python3.9/site-packages/sklearn/preprocessing/_data.py", line 878, in fit
    return self.partial_fit(X, y, sample_weight)
  File "/opt/conda/envs/wind-power-env/lib/python3.9/site-packages/sklearn/base.py", line 1473, in wrapper
    return fit_method(estimator, *args, **kwargs)
  File "/opt/conda/envs/wind-power-env/lib/python3.9/site-packages/sklearn/preprocessing/_data.py", line 914, in partial_fit
    X = self._validate_data(
  File "/opt/conda/envs/wind-power-env/lib/python3.9/site-packages/sklearn/base.py", line 608, in _validate_data
    self._check_feature_names(X, reset=reset)
  File "/opt/conda/envs/wind-power-env/lib/python3.9/site-packages/sklearn/base.py", line 469, in _check_feature_names
    feature_names_in = _get_feature_names(X)
  File "/opt/conda/envs/wind-power-env/lib/python3.9/site-packages/sklearn/utils/validation.py", line 2279, in _get_feature_names
    raise TypeError(
TypeError: Feature names are only supported if all input features have string names, but your input has ['quoted_name', 'str'] as feature name / column name types. If you want feature names to be stored and validated, you must convert them all to strings, by using X.columns = X.columns.astype(str) for example. Otherwise you can remove feature / column names from your input data, or convert them all to a non-string data type.
ERROR:root:训练或保存 Shift=8 模型时发生意外错误: Feature names are only supported if all input features have string names, but your input has ['quoted_name', 'str'] as feature name / column name types. If you want feature names to be stored and validated, you must convert them all to strings, by using X.columns = X.columns.astype(str) for example. Otherwise you can remove feature / column names from your input data, or convert them all to a non-string data type.
Traceback (most recent call last):
  File "/app/auto_scripts/scripts/supershort/train_supershort.py", line 72, in main
    if predictor.train(train_data): # train 方法现在返回 True/False
  File "/app/auto_scripts/scripts/supershort/predictor_model.py", line 187, in train
    X_train_scaled = self.scaler.fit_transform(X_train)
  File "/opt/conda/envs/wind-power-env/lib/python3.9/site-packages/sklearn/utils/_set_output.py", line 316, in wrapped
    data_to_wrap = f(self, X, *args, **kwargs)
  File "/opt/conda/envs/wind-power-env/lib/python3.9/site-packages/sklearn/base.py", line 1098, in fit_transform
    return self.fit(X, **fit_params).transform(X)
  File "/opt/conda/envs/wind-power-env/lib/python3.9/site-packages/sklearn/preprocessing/_data.py", line 878, in fit
    return self.partial_fit(X, y, sample_weight)
  File "/opt/conda/envs/wind-power-env/lib/python3.9/site-packages/sklearn/base.py", line 1473, in wrapper
    return fit_method(estimator, *args, **kwargs)
  File "/opt/conda/envs/wind-power-env/lib/python3.9/site-packages/sklearn/preprocessing/_data.py", line 914, in partial_fit
    X = self._validate_data(
  File "/opt/conda/envs/wind-power-env/lib/python3.9/site-packages/sklearn/base.py", line 608, in _validate_data
    self._check_feature_names(X, reset=reset)
  File "/opt/conda/envs/wind-power-env/lib/python3.9/site-packages/sklearn/base.py", line 469, in _check_feature_names
    feature_names_in = _get_feature_names(X)
  File "/opt/conda/envs/wind-power-env/lib/python3.9/site-packages/sklearn/utils/validation.py", line 2279, in _get_feature_names
    raise TypeError(
TypeError: Feature names are only supported if all input features have string names, but your input has ['quoted_name', 'str'] as feature name / column name types. If you want feature names to be stored and validated, you must convert them all to strings, by using X.columns = X.columns.astype(str) for example. Otherwise you can remove feature / column names from your input data, or convert them all to a non-string data type.
ERROR:root:训练或保存 Shift=9 模型时发生意外错误: Feature names are only supported if all input features have string names, but your input has ['quoted_name', 'str'] as feature name / column name types. If you want feature names to be stored and validated, you must convert them all to strings, by using X.columns = X.columns.astype(str) for example. Otherwise you can remove feature / column names from your input data, or convert them all to a non-string data type.
Traceback (most recent call last):
  File "/app/auto_scripts/scripts/supershort/train_supershort.py", line 72, in main
    if predictor.train(train_data): # train 方法现在返回 True/False
  File "/app/auto_scripts/scripts/supershort/predictor_model.py", line 187, in train
    X_train_scaled = self.scaler.fit_transform(X_train)
  File "/opt/conda/envs/wind-power-env/lib/python3.9/site-packages/sklearn/utils/_set_output.py", line 316, in wrapped
    data_to_wrap = f(self, X, *args, **kwargs)
  File "/opt/conda/envs/wind-power-env/lib/python3.9/site-packages/sklearn/base.py", line 1098, in fit_transform
    return self.fit(X, **fit_params).transform(X)
  File "/opt/conda/envs/wind-power-env/lib/python3.9/site-packages/sklearn/preprocessing/_data.py", line 878, in fit
    return self.partial_fit(X, y, sample_weight)
  File "/opt/conda/envs/wind-power-env/lib/python3.9/site-packages/sklearn/base.py", line 1473, in wrapper
    return fit_method(estimator, *args, **kwargs)
  File "/opt/conda/envs/wind-power-env/lib/python3.9/site-packages/sklearn/preprocessing/_data.py", line 914, in partial_fit
    X = self._validate_data(
  File "/opt/conda/envs/wind-power-env/lib/python3.9/site-packages/sklearn/base.py", line 608, in _validate_data
    self._check_feature_names(X, reset=reset)
  File "/opt/conda/envs/wind-power-env/lib/python3.9/site-packages/sklearn/base.py", line 469, in _check_feature_names
    feature_names_in = _get_feature_names(X)
  File "/opt/conda/envs/wind-power-env/lib/python3.9/site-packages/sklearn/utils/validation.py", line 2279, in _get_feature_names
    raise TypeError(
TypeError: Feature names are only supported if all input features have string names, but your input has ['quoted_name', 'str'] as feature name / column name types. If you want feature names to be stored and validated, you must convert them all to strings, by using X.columns = X.columns.astype(str) for example. Otherwise you can remove feature / column names from your input data, or convert them all to a non-string data type.
ERROR:root:训练或保存 Shift=10 模型时发生意外错误: Feature names are only supported if all input features have string names, but your input has ['quoted_name', 'str'] as feature name / column name types. If you want feature names to be stored and validated, you must convert them all to strings, by using X.columns = X.columns.astype(str) for example. Otherwise you can remove feature / column names from your input data, or convert them all to a non-string data type.
Traceback (most recent call last):
  File "/app/auto_scripts/scripts/supershort/train_supershort.py", line 72, in main
    if predictor.train(train_data): # train 方法现在返回 True/False
  File "/app/auto_scripts/scripts/supershort/predictor_model.py", line 187, in train
    X_train_scaled = self.scaler.fit_transform(X_train)
  File "/opt/conda/envs/wind-power-env/lib/python3.9/site-packages/sklearn/utils/_set_output.py", line 316, in wrapped
    data_to_wrap = f(self, X, *args, **kwargs)
  File "/opt/conda/envs/wind-power-env/lib/python3.9/site-packages/sklearn/base.py", line 1098, in fit_transform
    return self.fit(X, **fit_params).transform(X)
  File "/opt/conda/envs/wind-power-env/lib/python3.9/site-packages/sklearn/preprocessing/_data.py", line 878, in fit
    return self.partial_fit(X, y, sample_weight)
  File "/opt/conda/envs/wind-power-env/lib/python3.9/site-packages/sklearn/base.py", line 1473, in wrapper
    return fit_method(estimator, *args, **kwargs)
  File "/opt/conda/envs/wind-power-env/lib/python3.9/site-packages/sklearn/preprocessing/_data.py", line 914, in partial_fit
    X = self._validate_data(
  File "/opt/conda/envs/wind-power-env/lib/python3.9/site-packages/sklearn/base.py", line 608, in _validate_data
    self._check_feature_names(X, reset=reset)
  File "/opt/conda/envs/wind-power-env/lib/python3.9/site-packages/sklearn/base.py", line 469, in _check_feature_names
    feature_names_in = _get_feature_names(X)
  File "/opt/conda/envs/wind-power-env/lib/python3.9/site-packages/sklearn/utils/validation.py", line 2279, in _get_feature_names
    raise TypeError(
TypeError: Feature names are only supported if all input features have string names, but your input has ['quoted_name', 'str'] as feature name / column name types. If you want feature names to be stored and validated, you must convert them all to strings, by using X.columns = X.columns.astype(str) for example. Otherwise you can remove feature / column names from your input data, or convert them all to a non-string data type.
ERROR:root:训练或保存 Shift=11 模型时发生意外错误: Feature names are only supported if all input features have string names, but your input has ['quoted_name', 'str'] as feature name / column name types. If you want feature names to be stored and validated, you must convert them all to strings, by using X.columns = X.columns.astype(str) for example. Otherwise you can remove feature / column names from your input data, or convert them all to a non-string data type.
Traceback (most recent call last):
  File "/app/auto_scripts/scripts/supershort/train_supershort.py", line 72, in main
    if predictor.train(train_data): # train 方法现在返回 True/False
  File "/app/auto_scripts/scripts/supershort/predictor_model.py", line 187, in train
    X_train_scaled = self.scaler.fit_transform(X_train)
  File "/opt/conda/envs/wind-power-env/lib/python3.9/site-packages/sklearn/utils/_set_output.py", line 316, in wrapped
    data_to_wrap = f(self, X, *args, **kwargs)
  File "/opt/conda/envs/wind-power-env/lib/python3.9/site-packages/sklearn/base.py", line 1098, in fit_transform
    return self.fit(X, **fit_params).transform(X)
  File "/opt/conda/envs/wind-power-env/lib/python3.9/site-packages/sklearn/preprocessing/_data.py", line 878, in fit
    return self.partial_fit(X, y, sample_weight)
  File "/opt/conda/envs/wind-power-env/lib/python3.9/site-packages/sklearn/base.py", line 1473, in wrapper
    return fit_method(estimator, *args, **kwargs)
  File "/opt/conda/envs/wind-power-env/lib/python3.9/site-packages/sklearn/preprocessing/_data.py", line 914, in partial_fit
    X = self._validate_data(
  File "/opt/conda/envs/wind-power-env/lib/python3.9/site-packages/sklearn/base.py", line 608, in _validate_data
    self._check_feature_names(X, reset=reset)
  File "/opt/conda/envs/wind-power-env/lib/python3.9/site-packages/sklearn/base.py", line 469, in _check_feature_names
    feature_names_in = _get_feature_names(X)
  File "/opt/conda/envs/wind-power-env/lib/python3.9/site-packages/sklearn/utils/validation.py", line 2279, in _get_feature_names
    raise TypeError(
TypeError: Feature names are only supported if all input features have string names, but your input has ['quoted_name', 'str'] as feature name / column name types. If you want feature names to be stored and validated, you must convert them all to strings, by using X.columns = X.columns.astype(str) for example. Otherwise you can remove feature / column names from your input data, or convert them all to a non-string data type.
ERROR:root:训练或保存 Shift=12 模型时发生意外错误: Feature names are only supported if all input features have string names, but your input has ['quoted_name', 'str'] as feature name / column name types. If you want feature names to be stored and validated, you must convert them all to strings, by using X.columns = X.columns.astype(str) for example. Otherwise you can remove feature / column names from your input data, or convert them all to a non-string data type.
Traceback (most recent call last):
  File "/app/auto_scripts/scripts/supershort/train_supershort.py", line 72, in main
    if predictor.train(train_data): # train 方法现在返回 True/False
  File "/app/auto_scripts/scripts/supershort/predictor_model.py", line 187, in train
    X_train_scaled = self.scaler.fit_transform(X_train)
  File "/opt/conda/envs/wind-power-env/lib/python3.9/site-packages/sklearn/utils/_set_output.py", line 316, in wrapped
    data_to_wrap = f(self, X, *args, **kwargs)
  File "/opt/conda/envs/wind-power-env/lib/python3.9/site-packages/sklearn/base.py", line 1098, in fit_transform
    return self.fit(X, **fit_params).transform(X)
  File "/opt/conda/envs/wind-power-env/lib/python3.9/site-packages/sklearn/preprocessing/_data.py", line 878, in fit
    return self.partial_fit(X, y, sample_weight)
  File "/opt/conda/envs/wind-power-env/lib/python3.9/site-packages/sklearn/base.py", line 1473, in wrapper
    return fit_method(estimator, *args, **kwargs)
  File "/opt/conda/envs/wind-power-env/lib/python3.9/site-packages/sklearn/preprocessing/_data.py", line 914, in partial_fit
    X = self._validate_data(
  File "/opt/conda/envs/wind-power-env/lib/python3.9/site-packages/sklearn/base.py", line 608, in _validate_data
    self._check_feature_names(X, reset=reset)
  File "/opt/conda/envs/wind-power-env/lib/python3.9/site-packages/sklearn/base.py", line 469, in _check_feature_names
    feature_names_in = _get_feature_names(X)
  File "/opt/conda/envs/wind-power-env/lib/python3.9/site-packages/sklearn/utils/validation.py", line 2279, in _get_feature_names
    raise TypeError(
TypeError: Feature names are only supported if all input features have string names, but your input has ['quoted_name', 'str'] as feature name / column name types. If you want feature names to be stored and validated, you must convert them all to strings, by using X.columns = X.columns.astype(str) for example. Otherwise you can remove feature / column names from your input data, or convert them all to a non-string data type.
ERROR:root:训练或保存 Shift=13 模型时发生意外错误: Feature names are only supported if all input features have string names, but your input has ['quoted_name', 'str'] as feature name / column name types. If you want feature names to be stored and validated, you must convert them all to strings, by using X.columns = X.columns.astype(str) for example. Otherwise you can remove feature / column names from your input data, or convert them all to a non-string data type.
Traceback (most recent call last):
  File "/app/auto_scripts/scripts/supershort/train_supershort.py", line 72, in main
    if predictor.train(train_data): # train 方法现在返回 True/False
  File "/app/auto_scripts/scripts/supershort/predictor_model.py", line 187, in train
    X_train_scaled = self.scaler.fit_transform(X_train)
  File "/opt/conda/envs/wind-power-env/lib/python3.9/site-packages/sklearn/utils/_set_output.py", line 316, in wrapped
    data_to_wrap = f(self, X, *args, **kwargs)
  File "/opt/conda/envs/wind-power-env/lib/python3.9/site-packages/sklearn/base.py", line 1098, in fit_transform
    return self.fit(X, **fit_params).transform(X)
  File "/opt/conda/envs/wind-power-env/lib/python3.9/site-packages/sklearn/preprocessing/_data.py", line 878, in fit
    return self.partial_fit(X, y, sample_weight)
  File "/opt/conda/envs/wind-power-env/lib/python3.9/site-packages/sklearn/base.py", line 1473, in wrapper
    return fit_method(estimator, *args, **kwargs)
  File "/opt/conda/envs/wind-power-env/lib/python3.9/site-packages/sklearn/preprocessing/_data.py", line 914, in partial_fit
    X = self._validate_data(
  File "/opt/conda/envs/wind-power-env/lib/python3.9/site-packages/sklearn/base.py", line 608, in _validate_data
    self._check_feature_names(X, reset=reset)
  File "/opt/conda/envs/wind-power-env/lib/python3.9/site-packages/sklearn/base.py", line 469, in _check_feature_names
    feature_names_in = _get_feature_names(X)
  File "/opt/conda/envs/wind-power-env/lib/python3.9/site-packages/sklearn/utils/validation.py", line 2279, in _get_feature_names
    raise TypeError(
TypeError: Feature names are only supported if all input features have string names, but your input has ['quoted_name', 'str'] as feature name / column name types. If you want feature names to be stored and validated, you must convert them all to strings, by using X.columns = X.columns.astype(str) for example. Otherwise you can remove feature / column names from your input data, or convert them all to a non-string data type.
ERROR:root:训练或保存 Shift=14 模型时发生意外错误: Feature names are only supported if all input features have string names, but your input has ['quoted_name', 'str'] as feature name / column name types. If you want feature names to be stored and validated, you must convert them all to strings, by using X.columns = X.columns.astype(str) for example. Otherwise you can remove feature / column names from your input data, or convert them all to a non-string data type.
Traceback (most recent call last):
  File "/app/auto_scripts/scripts/supershort/train_supershort.py", line 72, in main
    if predictor.train(train_data): # train 方法现在返回 True/False
  File "/app/auto_scripts/scripts/supershort/predictor_model.py", line 187, in train
    X_train_scaled = self.scaler.fit_transform(X_train)
  File "/opt/conda/envs/wind-power-env/lib/python3.9/site-packages/sklearn/utils/_set_output.py", line 316, in wrapped
    data_to_wrap = f(self, X, *args, **kwargs)
  File "/opt/conda/envs/wind-power-env/lib/python3.9/site-packages/sklearn/base.py", line 1098, in fit_transform
    return self.fit(X, **fit_params).transform(X)
  File "/opt/conda/envs/wind-power-env/lib/python3.9/site-packages/sklearn/preprocessing/_data.py", line 878, in fit
    return self.partial_fit(X, y, sample_weight)
  File "/opt/conda/envs/wind-power-env/lib/python3.9/site-packages/sklearn/base.py", line 1473, in wrapper
    return fit_method(estimator, *args, **kwargs)
  File "/opt/conda/envs/wind-power-env/lib/python3.9/site-packages/sklearn/preprocessing/_data.py", line 914, in partial_fit
    X = self._validate_data(
  File "/opt/conda/envs/wind-power-env/lib/python3.9/site-packages/sklearn/base.py", line 608, in _validate_data
    self._check_feature_names(X, reset=reset)
  File "/opt/conda/envs/wind-power-env/lib/python3.9/site-packages/sklearn/base.py", line 469, in _check_feature_names
    feature_names_in = _get_feature_names(X)
  File "/opt/conda/envs/wind-power-env/lib/python3.9/site-packages/sklearn/utils/validation.py", line 2279, in _get_feature_names
    raise TypeError(
TypeError: Feature names are only supported if all input features have string names, but your input has ['quoted_name', 'str'] as feature name / column name types. If you want feature names to be stored and validated, you must convert them all to strings, by using X.columns = X.columns.astype(str) for example. Otherwise you can remove feature / column names from your input data, or convert them all to a non-string data type.
ERROR:root:训练或保存 Shift=15 模型时发生意外错误: Feature names are only supported if all input features have string names, but your input has ['quoted_name', 'str'] as feature name / column name types. If you want feature names to be stored and validated, you must convert them all to strings, by using X.columns = X.columns.astype(str) for example. Otherwise you can remove feature / column names from your input data, or convert them all to a non-string data type.
Traceback (most recent call last):
  File "/app/auto_scripts/scripts/supershort/train_supershort.py", line 72, in main
    if predictor.train(train_data): # train 方法现在返回 True/False
  File "/app/auto_scripts/scripts/supershort/predictor_model.py", line 187, in train
    X_train_scaled = self.scaler.fit_transform(X_train)
  File "/opt/conda/envs/wind-power-env/lib/python3.9/site-packages/sklearn/utils/_set_output.py", line 316, in wrapped
    data_to_wrap = f(self, X, *args, **kwargs)
  File "/opt/conda/envs/wind-power-env/lib/python3.9/site-packages/sklearn/base.py", line 1098, in fit_transform
    return self.fit(X, **fit_params).transform(X)
  File "/opt/conda/envs/wind-power-env/lib/python3.9/site-packages/sklearn/preprocessing/_data.py", line 878, in fit
    return self.partial_fit(X, y, sample_weight)
  File "/opt/conda/envs/wind-power-env/lib/python3.9/site-packages/sklearn/base.py", line 1473, in wrapper
    return fit_method(estimator, *args, **kwargs)
  File "/opt/conda/envs/wind-power-env/lib/python3.9/site-packages/sklearn/preprocessing/_data.py", line 914, in partial_fit
    X = self._validate_data(
  File "/opt/conda/envs/wind-power-env/lib/python3.9/site-packages/sklearn/base.py", line 608, in _validate_data
    self._check_feature_names(X, reset=reset)
  File "/opt/conda/envs/wind-power-env/lib/python3.9/site-packages/sklearn/base.py", line 469, in _check_feature_names
    feature_names_in = _get_feature_names(X)
  File "/opt/conda/envs/wind-power-env/lib/python3.9/site-packages/sklearn/utils/validation.py", line 2279, in _get_feature_names
    raise TypeError(
TypeError: Feature names are only supported if all input features have string names, but your input has ['quoted_name', 'str'] as feature name / column name types. If you want feature names to be stored and validated, you must convert them all to strings, by using X.columns = X.columns.astype(str) for example. Otherwise you can remove feature / column names from your input data, or convert them all to a non-string data type.
ERROR:root:训练或保存 Shift=16 模型时发生意外错误: Feature names are only supported if all input features have string names, but your input has ['quoted_name', 'str'] as feature name / column name types. If you want feature names to be stored and validated, you must convert them all to strings, by using X.columns = X.columns.astype(str) for example. Otherwise you can remove feature / column names from your input data, or convert them all to a non-string data type.
Traceback (most recent call last):
  File "/app/auto_scripts/scripts/supershort/train_supershort.py", line 72, in main
    if predictor.train(train_data): # train 方法现在返回 True/False
  File "/app/auto_scripts/scripts/supershort/predictor_model.py", line 187, in train
    X_train_scaled = self.scaler.fit_transform(X_train)
  File "/opt/conda/envs/wind-power-env/lib/python3.9/site-packages/sklearn/utils/_set_output.py", line 316, in wrapped
    data_to_wrap = f(self, X, *args, **kwargs)
  File "/opt/conda/envs/wind-power-env/lib/python3.9/site-packages/sklearn/base.py", line 1098, in fit_transform
    return self.fit(X, **fit_params).transform(X)
  File "/opt/conda/envs/wind-power-env/lib/python3.9/site-packages/sklearn/preprocessing/_data.py", line 878, in fit
    return self.partial_fit(X, y, sample_weight)
  File "/opt/conda/envs/wind-power-env/lib/python3.9/site-packages/sklearn/base.py", line 1473, in wrapper
    return fit_method(estimator, *args, **kwargs)
  File "/opt/conda/envs/wind-power-env/lib/python3.9/site-packages/sklearn/preprocessing/_data.py", line 914, in partial_fit
    X = self._validate_data(
  File "/opt/conda/envs/wind-power-env/lib/python3.9/site-packages/sklearn/base.py", line 608, in _validate_data
    self._check_feature_names(X, reset=reset)
  File "/opt/conda/envs/wind-power-env/lib/python3.9/site-packages/sklearn/base.py", line 469, in _check_feature_names
    feature_names_in = _get_feature_names(X)
  File "/opt/conda/envs/wind-power-env/lib/python3.9/site-packages/sklearn/utils/validation.py", line 2279, in _get_feature_names
    raise TypeError(
TypeError: Feature names are only supported if all input features have string names, but your input has ['quoted_name', 'str'] as feature name / column name types. If you want feature names to be stored and validated, you must convert them all to strings, by using X.columns = X.columns.astype(str) for example. Otherwise you can remove feature / column names from your input data, or convert them all to a non-string data type.
ERROR:root:训练或保存 Shift=17 模型时发生意外错误: Feature names are only supported if all input features have string names, but your input has ['quoted_name', 'str'] as feature name / column name types. If you want feature names to be stored and validated, you must convert them all to strings, by using X.columns = X.columns.astype(str) for example. Otherwise you can remove feature / column names from your input data, or convert them all to a non-string data type.
Traceback (most recent call last):
  File "/app/auto_scripts/scripts/supershort/train_supershort.py", line 72, in main
    if predictor.train(train_data): # train 方法现在返回 True/False
  File "/app/auto_scripts/scripts/supershort/predictor_model.py", line 187, in train
    X_train_scaled = self.scaler.fit_transform(X_train)
  File "/opt/conda/envs/wind-power-env/lib/python3.9/site-packages/sklearn/utils/_set_output.py", line 316, in wrapped
    data_to_wrap = f(self, X, *args, **kwargs)
  File "/opt/conda/envs/wind-power-env/lib/python3.9/site-packages/sklearn/base.py", line 1098, in fit_transform
    return self.fit(X, **fit_params).transform(X)
  File "/opt/conda/envs/wind-power-env/lib/python3.9/site-packages/sklearn/preprocessing/_data.py", line 878, in fit
    return self.partial_fit(X, y, sample_weight)
  File "/opt/conda/envs/wind-power-env/lib/python3.9/site-packages/sklearn/base.py", line 1473, in wrapper
    return fit_method(estimator, *args, **kwargs)
  File "/opt/conda/envs/wind-power-env/lib/python3.9/site-packages/sklearn/preprocessing/_data.py", line 914, in partial_fit
    X = self._validate_data(
  File "/opt/conda/envs/wind-power-env/lib/python3.9/site-packages/sklearn/base.py", line 608, in _validate_data
    self._check_feature_names(X, reset=reset)
  File "/opt/conda/envs/wind-power-env/lib/python3.9/site-packages/sklearn/base.py", line 469, in _check_feature_names
    feature_names_in = _get_feature_names(X)
  File "/opt/conda/envs/wind-power-env/lib/python3.9/site-packages/sklearn/utils/validation.py", line 2279, in _get_feature_names
    raise TypeError(
TypeError: Feature names are only supported if all input features have string names, but your input has ['quoted_name', 'str'] as feature name / column name types. If you want feature names to be stored and validated, you must convert them all to strings, by using X.columns = X.columns.astype(str) for example. Otherwise you can remove feature / column names from your input data, or convert them all to a non-string data type.
ERROR:root:错误：未能成功训练任何一个模型。

ERROR conda.cli.main_run:execute(125): `conda run python /app/auto_scripts/scripts/supershort/train_supershort.py` failed. (See above for error)

2025-05-09 23:51:33,732 - ERROR - 命令执行失败，返回码: 1
2025-05-09 23:51:33,732 - ERROR - train_supershort.py (每日超短期训练) 执行失败，退出码: 1
2025-05-09 23:52:01,784 - WARNING - 检测到 20250509 04:00 每日超短期训练(train_supershort)未执行且无标志，立即补救运行
2025-05-09 23:52:01,792 - INFO - 开始执行超短期模型训练任务 (train_supershort.py - 每日)
2025-05-09 23:52:01,792 - INFO - 执行命令: conda run -p /opt/conda/envs/wind-power-env python "/app/auto_scripts/scripts/supershort/train_supershort.py"
2025-05-10 00:00:18,463 - INFO - [每小时状态@00:00] 超短期训练执行: False
2025-05-10 00:00:46,468 - INFO - [每小时状态@00:00] 超短期训练执行: False
2025-05-10 00:03:06,483 - INFO - 开始执行超短期预测任务 (predict_supershort.py)
2025-05-10 00:03:06,483 - INFO - 执行命令: conda run -n wind-power-env python "D:\my-vue-project\wind-power-forecast\backend-autopredict\auto_scripts\scripts\supershort\predict_supershort.py"
2025-05-10 00:03:09,471 - WARNING - 命令错误输出:
ERROR:root:Predict_supershort DB related modules import failed: No module named 'db_models'. DB operations will be unavailable.
Traceback (most recent call last):
  File "D:\my-vue-project\wind-power-forecast\backend-autopredict\auto_scripts\scripts\supershort\predict_supershort.py", line 13, in <module>
    from db_models import TrainPreShort, ActualPower # Using TrainPreShort for features
ModuleNotFoundError: No module named 'db_models'
CRITICAL:root:Database modules not available. Prediction cannot proceed.


2025-05-10 00:03:09,471 - INFO - 命令执行成功，返回码: 0
2025-05-10 00:03:09,472 - INFO - predict_supershort.py 执行成功
2025-05-10 00:11:47,230 - INFO - train_supershort.py脚本路径: /app/auto_scripts/scripts/supershort/train_supershort.py
2025-05-10 00:11:47,230 - INFO - predict_supershort.py脚本路径: /app/auto_scripts/scripts/supershort/predict_supershort.py
2025-05-10 00:11:47,231 - INFO - 检测到 Linux/Docker 环境，使用Conda环境路径: /opt/conda/envs/wind-power-env
2025-05-10 00:11:47,231 - INFO - 将使用以下命令执行Python脚本: conda run -p /opt/conda/envs/wind-power-env python
2025-05-10 00:11:47,238 - INFO - 定时任务启动成功 (scheduler_supershort.py):
2025-05-10 00:11:47,238 - INFO -   - 每日超短期训练 (train_supershort.py): 04:00
2025-05-10 00:11:47,238 - INFO -   - 每15分钟超短期预测 (predict_supershort.py)
2025-05-10 00:11:47,240 - INFO - 当前时间: 2025-05-10 00:11:47, 星期: 周六
2025-05-10 00:11:47,241 - INFO - 当前任务状态初始化:
2025-05-10 00:11:47,248 - INFO -   - 每日超短期训练(train_supershort)今日已执行: False
2025-05-10 00:18:33,751 - INFO - 开始执行超短期预测任务 (predict_supershort.py)
2025-05-10 00:18:33,751 - INFO - 执行命令: conda run -n wind-power-env python "D:\my-vue-project\wind-power-forecast\backend-autopredict\auto_scripts\scripts\supershort\predict_supershort.py"
2025-05-10 00:18:36,779 - WARNING - 命令错误输出:
ERROR:root:Predict_supershort DB related modules import failed: No module named 'db_models'. DB operations will be unavailable.
Traceback (most recent call last):
  File "D:\my-vue-project\wind-power-forecast\backend-autopredict\auto_scripts\scripts\supershort\predict_supershort.py", line 13, in <module>
    from db_models import TrainPreShort, ActualPower # Using TrainPreShort for features
ModuleNotFoundError: No module named 'db_models'
CRITICAL:root:Database modules not available. Prediction cannot proceed.


2025-05-10 00:18:36,779 - INFO - 命令执行成功，返回码: 0
2025-05-10 00:18:36,779 - INFO - predict_supershort.py 执行成功
2025-05-10 00:27:12,155 - INFO - 开始执行超短期预测任务 (predict_supershort.py)
2025-05-10 00:27:12,155 - INFO - 执行命令: conda run -p /opt/conda/envs/wind-power-env python "/app/auto_scripts/scripts/supershort/predict_supershort.py"
2025-05-10 00:27:22,390 - WARNING - 命令错误输出:
ERROR:root:Predict_supershort DB related modules import failed: No module named 'db_models'. DB operations will be unavailable.
Traceback (most recent call last):
  File "/app/auto_scripts/scripts/supershort/predict_supershort.py", line 13, in <module>
    from db_models import TrainPreShort, ActualPower # Using TrainPreShort for features
ModuleNotFoundError: No module named 'db_models'
CRITICAL:root:Database modules not available. Prediction cannot proceed.


2025-05-10 00:27:22,391 - INFO - 命令执行成功，返回码: 0
2025-05-10 00:27:22,391 - INFO - predict_supershort.py 执行成功
2025-05-10 00:34:04,715 - INFO - train_supershort.py脚本路径: D:\my-vue-project\wind-power-forecast\backend-autopredict\auto_scripts\scripts\supershort\train_supershort.py
2025-05-10 00:34:04,715 - INFO - predict_supershort.py脚本路径: D:\my-vue-project\wind-power-forecast\backend-autopredict\auto_scripts\scripts\supershort\predict_supershort.py
2025-05-10 00:34:06,630 - INFO - 检测到 Windows 环境，将使用 Conda 环境 (by name): wind-power-env
2025-05-10 00:34:06,630 - INFO - 将使用以下命令执行Python脚本: conda run -n wind-power-env python
2025-05-10 00:34:06,630 - INFO - 定时任务启动成功 (scheduler_supershort.py):
2025-05-10 00:34:06,630 - INFO -   - 每日超短期训练 (train_supershort.py): 04:00
2025-05-10 00:34:06,630 - INFO -   - 每15分钟超短期预测 (predict_supershort.py)
2025-05-10 00:34:06,631 - INFO - 当前时间: 2025-05-10 00:34:06, 星期: 周六
2025-05-10 00:34:06,631 - INFO - 当前任务状态初始化:
2025-05-10 00:34:06,631 - INFO -   - 每日超短期训练(train_supershort)今日已执行: False
2025-05-10 00:35:39,053 - INFO - train_supershort.py脚本路径: D:\my-vue-project\wind-power-forecast\backend-autopredict\auto_scripts\scripts\supershort\train_supershort.py
2025-05-10 00:35:39,053 - INFO - predict_supershort.py脚本路径: D:\my-vue-project\wind-power-forecast\backend-autopredict\auto_scripts\scripts\supershort\predict_supershort.py
2025-05-10 00:35:40,844 - INFO - 检测到 Windows 环境，将使用 Conda 环境 (by name): wind-power-env
2025-05-10 00:35:40,844 - INFO - 将使用以下命令执行Python脚本: conda run -n wind-power-env python
2025-05-10 00:35:40,844 - INFO - 定时任务启动成功 (scheduler_supershort.py):
2025-05-10 00:35:40,844 - INFO -   - 每日超短期训练 (train_supershort.py): 04:00
2025-05-10 00:35:40,844 - INFO -   - 每15分钟超短期预测 (predict_supershort.py)
2025-05-10 00:35:40,845 - INFO - 当前时间: 2025-05-10 00:35:40, 星期: 周六
2025-05-10 00:35:40,845 - INFO - 当前任务状态初始化:
2025-05-10 00:35:40,845 - INFO -   - 每日超短期训练(train_supershort)今日已执行: False
2025-05-10 00:35:40,845 - WARNING - 检测到 20250510 04:00 每日超短期训练(train_supershort)未执行且无标志，立即补救运行
2025-05-10 00:35:40,845 - INFO - 开始执行超短期模型训练任务 (train_supershort.py - 每日)
2025-05-10 00:35:40,845 - INFO - 执行命令: conda run -n wind-power-env python "D:\my-vue-project\wind-power-forecast\backend-autopredict\auto_scripts\scripts\supershort\train_supershort.py"
2025-05-10 11:26:19,362 - INFO - train_supershort.py脚本路径: D:\my-vue-project\wind-power-forecast\backend-autopredict\auto_scripts\scripts\supershort\train_supershort.py
2025-05-10 11:26:19,363 - INFO - predict_supershort.py脚本路径: D:\my-vue-project\wind-power-forecast\backend-autopredict\auto_scripts\scripts\supershort\predict_supershort.py
2025-05-10 11:26:21,060 - INFO - 检测到 Windows 环境，将使用 Conda 环境 (by name): wind-power-env
2025-05-10 11:26:21,064 - INFO - 将使用以下命令执行Python脚本: conda run -n wind-power-env python
2025-05-10 11:26:21,064 - INFO - 定时任务启动成功 (scheduler_supershort.py):
2025-05-10 11:26:21,064 - INFO -   - 每日超短期训练 (train_supershort.py): 04:00
2025-05-10 11:26:21,064 - INFO -   - 每15分钟超短期预测 (predict_supershort.py)
2025-05-10 11:26:21,065 - INFO - 当前时间: 2025-05-10 11:26:21, 星期: 周六
2025-05-10 11:26:21,065 - INFO - 当前任务状态初始化:
2025-05-10 11:26:21,065 - INFO -   - 每日超短期训练(train_supershort)今日已执行: False
2025-05-10 11:26:21,065 - WARNING - 检测到 20250510 04:00 每日超短期训练(train_supershort)未执行且无标志，立即补救运行
2025-05-10 11:26:21,065 - INFO - 开始执行超短期模型训练任务 (train_supershort.py - 每日)
2025-05-10 11:26:21,065 - INFO - 执行命令: conda run -n wind-power-env python "D:\my-vue-project\wind-power-forecast\backend-autopredict\auto_scripts\scripts\supershort\train_supershort.py"
2025-05-10 11:26:23,609 - WARNING - 命令错误输出:
Traceback (most recent call last):
  File "D:\my-vue-project\wind-power-forecast\backend-autopredict\auto_scripts\scripts\supershort\train_supershort.py", line 7, in <module>
    logging.basicConfig(level=logging.INFO, 
NameError: name 'logging' is not defined

ERROR conda.cli.main_run:execute(125): `conda run python D:\my-vue-project\wind-power-forecast\backend-autopredict\auto_scripts\scripts\supershort\train_supershort.py` failed. (See above for error)

2025-05-10 11:26:23,609 - ERROR - 命令执行失败，返回码: 1
2025-05-10 11:26:23,609 - ERROR - train_supershort.py (每日超短期训练) 执行失败，退出码: 1
2025-05-10 11:58:47,802 - INFO - train_supershort.py脚本路径: D:\my-vue-project\wind-power-forecast\backend-autopredict\auto_scripts\scripts\supershort\train_supershort.py
2025-05-10 11:58:47,802 - INFO - predict_supershort.py脚本路径: D:\my-vue-project\wind-power-forecast\backend-autopredict\auto_scripts\scripts\supershort\predict_supershort.py
2025-05-10 11:58:49,530 - INFO - 检测到 Windows 环境，将使用 Conda 环境 (by name): wind-power-env
2025-05-10 11:58:49,530 - INFO - 将使用以下命令执行Python脚本: conda run -n wind-power-env python
2025-05-10 11:58:49,531 - INFO - 定时任务启动成功 (scheduler_supershort.py):
2025-05-10 11:58:49,531 - INFO -   - 每日超短期训练 (train_supershort.py): 04:00
2025-05-10 11:58:49,531 - INFO -   - 每15分钟超短期预测 (predict_supershort.py)
2025-05-10 11:58:49,531 - INFO - 当前时间: 2025-05-10 11:58:49, 星期: 周六
2025-05-10 11:58:49,531 - INFO - 当前任务状态初始化:
2025-05-10 11:58:49,531 - INFO -   - 每日超短期训练(train_supershort)今日已执行: False
2025-05-10 11:58:49,531 - WARNING - 检测到 20250510 04:00 每日超短期训练(train_supershort)未执行且无标志，立即补救运行
2025-05-10 11:58:49,531 - INFO - 开始执行超短期模型训练任务 (train_supershort.py - 每日)
2025-05-10 11:58:49,531 - INFO - 执行命令: conda run -n wind-power-env python "D:\my-vue-project\wind-power-forecast\backend-autopredict\auto_scripts\scripts\supershort\train_supershort.py"
2025-05-10 12:14:34,094 - INFO - train_supershort.py脚本路径: D:\my-vue-project\wind-power-forecast\backend-autopredict\auto_scripts\scripts\supershort\train_supershort.py
2025-05-10 12:14:34,094 - INFO - predict_supershort.py脚本路径: D:\my-vue-project\wind-power-forecast\backend-autopredict\auto_scripts\scripts\supershort\predict_supershort.py
2025-05-10 12:14:35,826 - INFO - 检测到 Windows 环境，将使用 Conda 环境 (by name): wind-power-env
2025-05-10 12:14:35,826 - INFO - 将使用以下命令执行Python脚本: conda run -n wind-power-env python
2025-05-10 12:14:35,826 - INFO - 定时任务启动成功 (scheduler_supershort.py):
2025-05-10 12:14:35,826 - INFO -   - 每日超短期训练 (train_supershort.py): 04:00
2025-05-10 12:14:35,826 - INFO -   - 每15分钟超短期预测 (predict_supershort.py)
2025-05-10 12:14:35,827 - INFO - 当前时间: 2025-05-10 12:14:35, 星期: 周六
2025-05-10 12:14:35,827 - INFO - 当前任务状态初始化:
2025-05-10 12:14:35,827 - INFO -   - 每日超短期训练(train_supershort)今日已执行: False
2025-05-10 12:14:35,827 - WARNING - 检测到 20250510 04:00 每日超短期训练(train_supershort)未执行且无标志，立即补救运行
2025-05-10 12:14:35,827 - INFO - 开始执行超短期模型训练任务 (train_supershort.py - 每日)
2025-05-10 12:14:35,827 - INFO - 执行命令: conda run -n wind-power-env python "D:\my-vue-project\wind-power-forecast\backend-autopredict\auto_scripts\scripts\supershort\train_supershort.py"
2025-05-10 12:20:00,665 - INFO - train_supershort.py脚本路径: D:\my-vue-project\wind-power-forecast\backend-autopredict\auto_scripts\scripts\supershort\train_supershort.py
2025-05-10 12:20:00,665 - INFO - predict_supershort.py脚本路径: D:\my-vue-project\wind-power-forecast\backend-autopredict\auto_scripts\scripts\supershort\predict_supershort.py
2025-05-10 12:20:02,403 - INFO - 检测到 Windows 环境，将使用 Conda 环境 (by name): wind-power-env
2025-05-10 12:20:02,403 - INFO - 将使用以下命令执行Python脚本: conda run -n wind-power-env python
2025-05-10 12:20:02,403 - INFO - 定时任务启动成功 (scheduler_supershort.py):
2025-05-10 12:20:02,403 - INFO -   - 每日超短期训练 (train_supershort.py): 04:00
2025-05-10 12:20:02,403 - INFO -   - 每15分钟超短期预测 (predict_supershort.py)
2025-05-10 12:20:02,404 - INFO - 当前时间: 2025-05-10 12:20:02, 星期: 周六
2025-05-10 12:20:02,404 - INFO - 当前任务状态初始化:
2025-05-10 12:20:02,404 - INFO -   - 每日超短期训练(train_supershort)今日已执行: False
2025-05-10 12:20:02,404 - WARNING - 检测到 20250510 04:00 每日超短期训练(train_supershort)未执行且无标志，立即补救运行
2025-05-10 12:20:02,404 - INFO - 开始执行超短期模型训练任务 (train_supershort.py - 每日)
2025-05-10 12:20:02,404 - INFO - 执行命令: conda run -n wind-power-env python "D:\my-vue-project\wind-power-forecast\backend-autopredict\auto_scripts\scripts\supershort\train_supershort.py"
2025-05-10 12:23:46,729 - INFO - train_supershort.py脚本路径: D:\my-vue-project\wind-power-forecast\backend-autopredict\auto_scripts\scripts\supershort\train_supershort.py
2025-05-10 12:23:46,730 - INFO - predict_supershort.py脚本路径: D:\my-vue-project\wind-power-forecast\backend-autopredict\auto_scripts\scripts\supershort\predict_supershort.py
2025-05-10 12:23:48,666 - INFO - 检测到 Windows 环境，将使用 Conda 环境 (by name): wind-power-env
2025-05-10 12:23:48,666 - INFO - 将使用以下命令执行Python脚本: conda run -n wind-power-env python
2025-05-10 12:23:48,667 - INFO - 定时任务启动成功 (scheduler_supershort.py):
2025-05-10 12:23:48,667 - INFO -   - 每日超短期训练 (train_supershort.py): 04:00
2025-05-10 12:23:48,667 - INFO -   - 每15分钟超短期预测 (predict_supershort.py)
2025-05-10 12:23:48,667 - INFO - 当前时间: 2025-05-10 12:23:48, 星期: 周六
2025-05-10 12:23:48,667 - INFO - 当前任务状态初始化:
2025-05-10 12:23:48,667 - INFO -   - 每日超短期训练(train_supershort)今日已执行: False
2025-05-10 12:23:48,667 - WARNING - 检测到 20250510 04:00 每日超短期训练(train_supershort)未执行且无标志，立即补救运行
2025-05-10 12:23:48,667 - INFO - 开始执行超短期模型训练任务 (train_supershort.py - 每日)
2025-05-10 12:23:48,667 - INFO - 执行命令: conda run -n wind-power-env python "D:\my-vue-project\wind-power-forecast\backend-autopredict\auto_scripts\scripts\supershort\train_supershort.py"
2025-05-10 12:28:39,310 - INFO - train_supershort.py脚本路径: D:\my-vue-project\wind-power-forecast\backend-autopredict\auto_scripts\scripts\supershort\train_supershort.py
2025-05-10 12:28:39,310 - INFO - predict_supershort.py脚本路径: D:\my-vue-project\wind-power-forecast\backend-autopredict\auto_scripts\scripts\supershort\predict_supershort.py
2025-05-10 12:28:41,021 - INFO - 检测到 Windows 环境，将使用 Conda 环境 (by name): wind-power-env
2025-05-10 12:28:41,021 - INFO - 将使用以下命令执行Python脚本: conda run -n wind-power-env python
2025-05-10 12:28:41,021 - INFO - 定时任务启动成功 (scheduler_supershort.py):
2025-05-10 12:28:41,021 - INFO -   - 每日超短期训练 (train_supershort.py): 04:00
2025-05-10 12:28:41,021 - INFO -   - 每15分钟超短期预测 (predict_supershort.py)
2025-05-10 12:28:41,022 - INFO - 当前时间: 2025-05-10 12:28:41, 星期: 周六
2025-05-10 12:28:41,022 - INFO - 当前任务状态初始化:
2025-05-10 12:28:41,022 - INFO -   - 每日超短期训练(train_supershort)今日已执行: False
2025-05-10 12:28:41,022 - WARNING - 检测到 20250510 04:00 每日超短期训练(train_supershort)未执行且无标志，立即补救运行
2025-05-10 12:28:41,022 - INFO - 开始执行超短期模型训练任务 (train_supershort.py - 每日)
2025-05-10 12:28:41,022 - INFO - 原计划命令: conda run -n wind-power-env python "D:\my-vue-project\wind-power-forecast\backend-autopredict\auto_scripts\scripts\supershort\train_supershort.py"
2025-05-10 12:28:41,022 - INFO - 临时测试 - 将使用直接命令执行: D:\my-vue-project\wind-power-forecast\backend\wind-power-env\python.exe "D:\my-vue-project\wind-power-forecast\backend-autopredict\auto_scripts\scripts\supershort\train_supershort.py"
2025-05-10 12:28:41,022 - INFO - 执行命令: D:\my-vue-project\wind-power-forecast\backend\wind-power-env\python.exe "D:\my-vue-project\wind-power-forecast\backend-autopredict\auto_scripts\scripts\supershort\train_supershort.py"
2025-05-10 12:30:08,879 - INFO - 命令执行完毕。返回码: 0
2025-05-10 12:30:08,879 - INFO - 命令标准输出 (stdout):
---- STDOUT START ----
数据库连接配置: localhost:54321/windpower
MinIO连接配置: http://localhost:9900
构建数据库连接URL...
DB_USER环境变量：system
KINGBASE_CONFIG['user']值：system
DB_PASSWORD是否已设置：是
DB_HOST环境变量：localhost
DB_PORT环境变量：54321
DB_NAME环境变量：windpower
最终连接URL：postgresql+kingbase://system:12345678ab@localhost:54321/windpower
DEBUG: 进入 create_engine_with_retry 函数...
DEBUG: 尝试第 1 次创建引擎，使用 URI: postgresql+kingbase://system:12345678ab@localhost:54321/windpower
警告: MinIO初始化失败: 'gbk' codec can't encode character '\u2705' in position 0: illegal multibyte sequence
应用将继续启动，但MinIO功能可能不可用
DATASET_FOLDER (数据集): D:\my-vue-project\wind-power-forecast\backend-autopredict\auto_scripts\scripts\supershort\datasets
PREC_SV_FOLDER (预测输入): D:\my-vue-project\wind-power-forecast\backend-autopredict\auto_scripts\scripts\supershort\predict_inputs
MODEL_FOLDER (模型): D:\my-vue-project\wind-power-forecast\backend-autopredict\auto_scripts\scripts\supershort\saved_models
OUTPUT_DIR_PRE (预测输出): D:\my-vue-project\wind-power-forecast\backend-autopredict\au... (stdout truncated) ...minus_15' 中存在 15 个NaN值，均由 .shift(15) 操作在数据开头引入（预期行为）。
[信息 Shift=15] 训练时，特征 'power_actual_at_t_minus_15' 已作为输入特征。
--- 模型训练完成 (Shift=15) ---
模型状态 (Shift=15) 已保存到: D:\my-vue-project\wind-power-forecast\backend-autopredict\auto_scripts\scripts\supershort\saved_models\shift_15
--- 开始训练模型 (Shift=16) ---
[信息 Shift=16] 'power_actual_at_t_minus_16' 中存在 16 个NaN值，均由 .shift(16) 操作在数据开头引入（预期行为）。
[信息 Shift=16] 训练时，特征 'power_actual_at_t_minus_16' 已作为输入特征。
--- 模型训练完成 (Shift=16) ---
模型状态 (Shift=16) 已保存到: D:\my-vue-project\wind-power-forecast\backend-autopredict\auto_scripts\scripts\supershort\saved_models\shift_16
--- 开始训练模型 (Shift=17) ---
[信息 Shift=17] 'power_actual_at_t_minus_17' 中存在 17 个NaN值，均由 .shift(17) 操作在数据开头引入（预期行为）。
[信息 Shift=17] 训练时，特征 'power_actual_at_t_minus_17' 已作为输入特征。
--- 模型训练完成 (Shift=17) ---
模型状态 (Shift=17) 已保存到: D:\my-vue-project\wind-power-forecast\backend-autopredict\auto_scripts\scripts\supershort\saved_models\shift_17
TRAIN_SUPERSHORT.PY SCRIPT IS TRULY FINISHING NOW AND EXITING.

---- STDOUT END ----
2025-05-10 12:30:08,879 - WARNING - 命令标准错误 (stderr):
---- STDERR START ----
INFO:root:开始更新本地训练数据集 CSV...
2025-05-10 12:28:42,206 - INFO - train_supershort.py:73 - 开始更新本地训练数据集 CSV...
INFO:root:Starting to check and update supershort training CSV: D:\my-vue-project\wind-power-forecast\backend-autopredict\auto_scripts\scripts\supershort\datasets\training_data_supershort.csv
2025-05-10 12:28:42,206 - INFO - data_processor_supershort.py:153 - Starting to check and update supershort training CSV: D:\my-vue-project\wind-power-forecast\backend-autopredict\auto_scripts\scripts\supershort\datasets\training_data_supershort.csv
INFO:root:Latest timestamp in existing supershort CSV 'D:\my-vue-project\wind-power-forecast\backend-autopredict\auto_scripts\scripts\supershort\datasets\training_data_supershort.csv': 2025-04-16 23:45:00
2025-05-10 12:28:43,722 - INFO - data_processor_supershort.py:174 - Latest timestamp in existing supershort CSV 'D:\my-vue-project\wind-power-forecast\backend-autopredict\auto_scripts\scripts\supershort\datasets\training_data_supershort.csv': 2025... (stderr truncated) ...====
2025-05-10 12:30:03,458 - INFO - train_supershort.py:145 - 
========== 开始处理训练 Horizon (Shift) = 17 ==========
INFO:root:Shift=17 的模型成功训练并保存到 D:\my-vue-project\wind-power-forecast\backend-autopredict\auto_scripts\scripts\supershort\saved_models\shift_17
2025-05-10 12:30:08,665 - INFO - train_supershort.py:158 - Shift=17 的模型成功训练并保存到 D:\my-vue-project\wind-power-forecast\backend-autopredict\auto_scripts\scripts\supershort\saved_models\shift_17
INFO:root:
========== 训练过程完成 ==========
2025-05-10 12:30:08,665 - INFO - train_supershort.py:166 - 
========== 训练过程完成 ==========
INFO:root:总共成功训练并保存了 16 个模型。
2025-05-10 12:30:08,665 - INFO - train_supershort.py:167 - 总共成功训练并保存了 16 个模型。
INFO:root:成功训练并保存了所有预期的 16/16 个模型。
2025-05-10 12:30:08,665 - INFO - train_supershort.py:175 - 成功训练并保存了所有预期的 16/16 个模型。
INFO:root:TRAIN_SUPERSHORT.PY SCRIPT IS TRULY FINISHING NOW AND EXITING.
2025-05-10 12:30:08,709 - INFO - train_supershort.py:180 - TRAIN_SUPERSHORT.PY SCRIPT IS TRULY FINISHING NOW AND EXITING.

---- STDERR END ----
2025-05-10 12:30:08,879 - INFO - 命令判断为执行成功 (基于返回码0)。
2025-05-10 12:30:08,879 - INFO - train_supershort.py (每日超短期训练) 执行成功
2025-05-10 12:30:08,880 - INFO - 超短期训练(train_supershort)完成 (20250510)，已创建标志文件: D:\my-vue-project\wind-power-forecast\backend-autopredict\auto_scripts\scripts\supershort\logs\supershort_train_flags\20250510_supershort_train_done.flag
2025-05-10 12:30:36,893 - INFO - 检测到今天 (20250510) 的超短期训练(train_supershort)已经执行过 (标志文件: D:\my-vue-project\wind-power-forecast\backend-autopredict\auto_scripts\scripts\supershort\logs\supershort_train_flags\20250510_supershort_train_done.flag)
2025-05-10 12:31:04,901 - INFO - 检测到今天 (20250510) 的超短期训练(train_supershort)已经执行过 (标志文件: D:\my-vue-project\wind-power-forecast\backend-autopredict\auto_scripts\scripts\supershort\logs\supershort_train_flags\20250510_supershort_train_done.flag)
2025-05-10 12:31:32,904 - INFO - 检测到今天 (20250510) 的超短期训练(train_supershort)已经执行过 (标志文件: D:\my-vue-project\wind-power-forecast\backend-autopredict\auto_scripts\scripts\supershort\logs\supershort_train_flags\20250510_supershort_train_done.flag)
2025-05-10 12:32:00,905 - INFO - 检测到今天 (20250510) 的超短期训练(train_supershort)已经执行过 (标志文件: D:\my-vue-project\wind-power-forecast\backend-autopredict\auto_scripts\scripts\supershort\logs\supershort_train_flags\20250510_supershort_train_done.flag)
2025-05-10 12:32:32,543 - INFO - train_supershort.py脚本路径: D:\my-vue-project\wind-power-forecast\backend-autopredict\auto_scripts\scripts\supershort\train_supershort.py
2025-05-10 12:32:32,543 - INFO - predict_supershort.py脚本路径: D:\my-vue-project\wind-power-forecast\backend-autopredict\auto_scripts\scripts\supershort\predict_supershort.py
2025-05-10 12:32:32,544 - INFO - 检测到 Windows 环境，使用当前激活的 Conda 环境的直接Python路径: D:\my-vue-project\wind-power-forecast\backend\wind-power-env\python.exe
2025-05-10 12:32:32,544 - INFO - 将使用以下命令执行Python脚本: D:\my-vue-project\wind-power-forecast\backend\wind-power-env\python.exe
2025-05-10 12:32:32,544 - INFO - 定时任务启动成功 (scheduler_supershort.py):
2025-05-10 12:32:32,544 - INFO -   - 每日超短期训练 (train_supershort.py): 04:00
2025-05-10 12:32:32,544 - INFO -   - 每15分钟超短期预测 (predict_supershort.py)
2025-05-10 12:32:32,544 - INFO - 当前时间: 2025-05-10 12:32:32, 星期: 周六
2025-05-10 12:32:32,544 - INFO - 当前任务状态初始化:
2025-05-10 12:32:32,545 - INFO -   - 每日超短期训练(train_supershort)今日已执行: False
2025-05-10 12:32:32,545 - WARNING - 检测到 20250510 04:00 每日超短期训练(train_supershort)未执行且无标志，立即补救运行
2025-05-10 12:32:32,546 - INFO - 开始执行超短期模型训练任务 (train_supershort.py - 每日)
2025-05-10 12:32:32,546 - INFO - 执行命令: D:\my-vue-project\wind-power-forecast\backend\wind-power-env\python.exe "D:\my-vue-project\wind-power-forecast\backend-autopredict\auto_scripts\scripts\supershort\train_supershort.py"
2025-05-10 12:34:02,345 - INFO - 命令执行完毕。返回码: 0
2025-05-10 12:34:02,345 - INFO - 命令标准输出 (stdout):
---- STDOUT START ----
数据库连接配置: localhost:54321/windpower
MinIO连接配置: http://localhost:9900
构建数据库连接URL...
DB_USER环境变量：system
KINGBASE_CONFIG['user']值：system
DB_PASSWORD是否已设置：是
DB_HOST环境变量：localhost
DB_PORT环境变量：54321
DB_NAME环境变量：windpower
最终连接URL：postgresql+kingbase://system:12345678ab@localhost:54321/windpower
DEBUG: 进入 create_engine_with_retry 函数...
DEBUG: 尝试第 1 次创建引擎，使用 URI: postgresql+kingbase://system:12345678ab@localhost:54321/windpower
警告: MinIO初始化失败: 'gbk' codec can't encode character '\u2705' in position 0: illegal multibyte sequence
应用将继续启动，但MinIO功能可能不可用
DATASET_FOLDER (数据集): D:\my-vue-project\wind-power-forecast\backend-autopredict\auto_scripts\scripts\supershort\datasets
PREC_SV_FOLDER (预测输入): D:\my-vue-project\wind-power-forecast\backend-autopredict\auto_scripts\scripts\supershort\predict_inputs
MODEL_FOLDER (模型): D:\my-vue-project\wind-power-forecast\backend-autopredict\auto_scripts\scripts\supershort\saved_models
OUTPUT_DIR_PRE (预测输出): D:\my-vue-project\wind-power-forecast\backend-autopredict\au... (stdout truncated) ...minus_15' 中存在 15 个NaN值，均由 .shift(15) 操作在数据开头引入（预期行为）。
[信息 Shift=15] 训练时，特征 'power_actual_at_t_minus_15' 已作为输入特征。
--- 模型训练完成 (Shift=15) ---
模型状态 (Shift=15) 已保存到: D:\my-vue-project\wind-power-forecast\backend-autopredict\auto_scripts\scripts\supershort\saved_models\shift_15
--- 开始训练模型 (Shift=16) ---
[信息 Shift=16] 'power_actual_at_t_minus_16' 中存在 16 个NaN值，均由 .shift(16) 操作在数据开头引入（预期行为）。
[信息 Shift=16] 训练时，特征 'power_actual_at_t_minus_16' 已作为输入特征。
--- 模型训练完成 (Shift=16) ---
模型状态 (Shift=16) 已保存到: D:\my-vue-project\wind-power-forecast\backend-autopredict\auto_scripts\scripts\supershort\saved_models\shift_16
--- 开始训练模型 (Shift=17) ---
[信息 Shift=17] 'power_actual_at_t_minus_17' 中存在 17 个NaN值，均由 .shift(17) 操作在数据开头引入（预期行为）。
[信息 Shift=17] 训练时，特征 'power_actual_at_t_minus_17' 已作为输入特征。
--- 模型训练完成 (Shift=17) ---
模型状态 (Shift=17) 已保存到: D:\my-vue-project\wind-power-forecast\backend-autopredict\auto_scripts\scripts\supershort\saved_models\shift_17
TRAIN_SUPERSHORT.PY SCRIPT IS TRULY FINISHING NOW AND EXITING.

---- STDOUT END ----
2025-05-10 12:34:02,345 - WARNING - 命令标准错误 (stderr):
---- STDERR START ----
INFO:root:开始更新本地训练数据集 CSV...
2025-05-10 12:32:33,771 - INFO - train_supershort.py:73 - 开始更新本地训练数据集 CSV...
INFO:root:Starting to check and update supershort training CSV: D:\my-vue-project\wind-power-forecast\backend-autopredict\auto_scripts\scripts\supershort\datasets\training_data_supershort.csv
2025-05-10 12:32:33,771 - INFO - data_processor_supershort.py:153 - Starting to check and update supershort training CSV: D:\my-vue-project\wind-power-forecast\backend-autopredict\auto_scripts\scripts\supershort\datasets\training_data_supershort.csv
INFO:root:Latest timestamp in existing supershort CSV 'D:\my-vue-project\wind-power-forecast\backend-autopredict\auto_scripts\scripts\supershort\datasets\training_data_supershort.csv': 2025-04-16 23:45:00
2025-05-10 12:32:35,275 - INFO - data_processor_supershort.py:174 - Latest timestamp in existing supershort CSV 'D:\my-vue-project\wind-power-forecast\backend-autopredict\auto_scripts\scripts\supershort\datasets\training_data_supershort.csv': 2025... (stderr truncated) ...====
2025-05-10 12:33:56,785 - INFO - train_supershort.py:145 - 
========== 开始处理训练 Horizon (Shift) = 17 ==========
INFO:root:Shift=17 的模型成功训练并保存到 D:\my-vue-project\wind-power-forecast\backend-autopredict\auto_scripts\scripts\supershort\saved_models\shift_17
2025-05-10 12:34:02,128 - INFO - train_supershort.py:158 - Shift=17 的模型成功训练并保存到 D:\my-vue-project\wind-power-forecast\backend-autopredict\auto_scripts\scripts\supershort\saved_models\shift_17
INFO:root:
========== 训练过程完成 ==========
2025-05-10 12:34:02,128 - INFO - train_supershort.py:166 - 
========== 训练过程完成 ==========
INFO:root:总共成功训练并保存了 16 个模型。
2025-05-10 12:34:02,128 - INFO - train_supershort.py:167 - 总共成功训练并保存了 16 个模型。
INFO:root:成功训练并保存了所有预期的 16/16 个模型。
2025-05-10 12:34:02,128 - INFO - train_supershort.py:175 - 成功训练并保存了所有预期的 16/16 个模型。
INFO:root:TRAIN_SUPERSHORT.PY SCRIPT IS TRULY FINISHING NOW AND EXITING.
2025-05-10 12:34:02,152 - INFO - train_supershort.py:180 - TRAIN_SUPERSHORT.PY SCRIPT IS TRULY FINISHING NOW AND EXITING.

---- STDERR END ----
2025-05-10 12:34:02,345 - INFO - 命令判断为执行成功 (基于返回码0)。
2025-05-10 12:34:02,345 - INFO - train_supershort.py (每日超短期训练) 执行成功
2025-05-10 12:34:02,346 - INFO - 超短期训练(train_supershort)完成 (20250510)，已创建标志文件: D:\my-vue-project\wind-power-forecast\backend-autopredict\auto_scripts\scripts\supershort\logs\supershort_train_flags\20250510_supershort_train_done.flag
2025-05-10 12:34:30,355 - INFO - 检测到今天 (20250510) 的超短期训练(train_supershort)已经执行过 (标志文件: D:\my-vue-project\wind-power-forecast\backend-autopredict\auto_scripts\scripts\supershort\logs\supershort_train_flags\20250510_supershort_train_done.flag)
2025-05-10 12:37:32,229 - INFO - train_supershort.py脚本路径: D:\my-vue-project\wind-power-forecast\backend-autopredict\auto_scripts\scripts\supershort\train_supershort.py
2025-05-10 12:37:32,229 - INFO - predict_supershort.py脚本路径: D:\my-vue-project\wind-power-forecast\backend-autopredict\auto_scripts\scripts\supershort\predict_supershort.py
2025-05-10 12:37:32,230 - INFO - 检测到 Windows 环境，使用当前激活的 Conda 环境的直接Python路径: D:\my-vue-project\wind-power-forecast\backend\wind-power-env\python.exe
2025-05-10 12:37:32,230 - INFO - 将使用以下命令执行Python脚本: D:\my-vue-project\wind-power-forecast\backend\wind-power-env\python.exe
2025-05-10 12:37:32,230 - INFO - 定时任务启动成功 (scheduler_supershort.py):
2025-05-10 12:37:32,230 - INFO -   - 每日超短期训练 (train_supershort.py): 04:00
2025-05-10 12:37:32,230 - INFO -   - 每15分钟超短期预测 (predict_supershort.py)
2025-05-10 12:37:32,230 - INFO - 当前时间: 2025-05-10 12:37:32, 星期: 周六
2025-05-10 12:37:32,230 - INFO - 当前任务状态初始化:
2025-05-10 12:37:32,230 - INFO -   - 每日超短期训练(train_supershort)今日已执行: False
2025-05-10 12:37:32,231 - WARNING - 检测到 20250510 04:00 每日超短期训练(train_supershort)未执行且无标志，立即补救运行
2025-05-10 12:37:32,231 - INFO - 开始执行超短期模型训练任务 (train_supershort.py - 每日)
2025-05-10 12:37:32,231 - INFO - 执行命令: D:\my-vue-project\wind-power-forecast\backend\wind-power-env\python.exe "D:\my-vue-project\wind-power-forecast\backend-autopredict\auto_scripts\scripts\supershort\train_supershort.py"
2025-05-10 12:39:00,063 - INFO - 命令执行完毕。返回码: 0
2025-05-10 12:39:00,063 - INFO - 命令标准输出 (stdout):
---- STDOUT START ----
数据库连接配置: localhost:54321/windpower
MinIO连接配置: http://localhost:9900
构建数据库连接URL...
DB_USER环境变量：system
KINGBASE_CONFIG['user']值：system
DB_PASSWORD是否已设置：是
DB_HOST环境变量：localhost
DB_PORT环境变量：54321
DB_NAME环境变量：windpower
最终连接URL：postgresql+kingbase://system:12345678ab@localhost:54321/windpower
DEBUG: 进入 create_engine_with_retry 函数...
DEBUG: 尝试第 1 次创建引擎，使用 URI: postgresql+kingbase://system:12345678ab@localhost:54321/windpower
[OK] MinIO connection successful
警告: MinIO初始化失败: 'gbk' codec can't encode character '\u2705' in position 0: illegal multibyte sequence
应用将继续启动，但MinIO功能可能不可用
DATASET_FOLDER (数据集): D:\my-vue-project\wind-power-forecast\backend-autopredict\auto_scripts\scripts\supershort\datasets
PREC_SV_FOLDER (预测输入): D:\my-vue-project\wind-power-forecast\backend-autopredict\auto_scripts\scripts\supershort\predict_inputs
MODEL_FOLDER (模型): D:\my-vue-project\wind-power-forecast\backend-autopredict\auto_scripts\scripts\supershort\saved_models
OUTPUT_DIR_PRE (预测输出): D:\my-vue-project\wind-powe... (stdout truncated) ...minus_15' 中存在 15 个NaN值，均由 .shift(15) 操作在数据开头引入（预期行为）。
[信息 Shift=15] 训练时，特征 'power_actual_at_t_minus_15' 已作为输入特征。
--- 模型训练完成 (Shift=15) ---
模型状态 (Shift=15) 已保存到: D:\my-vue-project\wind-power-forecast\backend-autopredict\auto_scripts\scripts\supershort\saved_models\shift_15
--- 开始训练模型 (Shift=16) ---
[信息 Shift=16] 'power_actual_at_t_minus_16' 中存在 16 个NaN值，均由 .shift(16) 操作在数据开头引入（预期行为）。
[信息 Shift=16] 训练时，特征 'power_actual_at_t_minus_16' 已作为输入特征。
--- 模型训练完成 (Shift=16) ---
模型状态 (Shift=16) 已保存到: D:\my-vue-project\wind-power-forecast\backend-autopredict\auto_scripts\scripts\supershort\saved_models\shift_16
--- 开始训练模型 (Shift=17) ---
[信息 Shift=17] 'power_actual_at_t_minus_17' 中存在 17 个NaN值，均由 .shift(17) 操作在数据开头引入（预期行为）。
[信息 Shift=17] 训练时，特征 'power_actual_at_t_minus_17' 已作为输入特征。
--- 模型训练完成 (Shift=17) ---
模型状态 (Shift=17) 已保存到: D:\my-vue-project\wind-power-forecast\backend-autopredict\auto_scripts\scripts\supershort\saved_models\shift_17
TRAIN_SUPERSHORT.PY SCRIPT IS TRULY FINISHING NOW AND EXITING.

---- STDOUT END ----
2025-05-10 12:39:00,063 - WARNING - 命令标准错误 (stderr):
---- STDERR START ----
INFO:root:开始更新本地训练数据集 CSV...
2025-05-10 12:37:33,455 - INFO - train_supershort.py:73 - 开始更新本地训练数据集 CSV...
INFO:root:Starting to check and update supershort training CSV: D:\my-vue-project\wind-power-forecast\backend-autopredict\auto_scripts\scripts\supershort\datasets\training_data_supershort.csv
2025-05-10 12:37:33,455 - INFO - data_processor_supershort.py:153 - Starting to check and update supershort training CSV: D:\my-vue-project\wind-power-forecast\backend-autopredict\auto_scripts\scripts\supershort\datasets\training_data_supershort.csv
INFO:root:Latest timestamp in existing supershort CSV 'D:\my-vue-project\wind-power-forecast\backend-autopredict\auto_scripts\scripts\supershort\datasets\training_data_supershort.csv': 2025-04-16 23:45:00
2025-05-10 12:37:34,974 - INFO - data_processor_supershort.py:174 - Latest timestamp in existing supershort CSV 'D:\my-vue-project\wind-power-forecast\backend-autopredict\auto_scripts\scripts\supershort\datasets\training_data_supershort.csv': 2025... (stderr truncated) ...====
2025-05-10 12:38:54,808 - INFO - train_supershort.py:145 - 
========== 开始处理训练 Horizon (Shift) = 17 ==========
INFO:root:Shift=17 的模型成功训练并保存到 D:\my-vue-project\wind-power-forecast\backend-autopredict\auto_scripts\scripts\supershort\saved_models\shift_17
2025-05-10 12:38:59,874 - INFO - train_supershort.py:158 - Shift=17 的模型成功训练并保存到 D:\my-vue-project\wind-power-forecast\backend-autopredict\auto_scripts\scripts\supershort\saved_models\shift_17
INFO:root:
========== 训练过程完成 ==========
2025-05-10 12:38:59,874 - INFO - train_supershort.py:166 - 
========== 训练过程完成 ==========
INFO:root:总共成功训练并保存了 16 个模型。
2025-05-10 12:38:59,874 - INFO - train_supershort.py:167 - 总共成功训练并保存了 16 个模型。
INFO:root:成功训练并保存了所有预期的 16/16 个模型。
2025-05-10 12:38:59,874 - INFO - train_supershort.py:175 - 成功训练并保存了所有预期的 16/16 个模型。
INFO:root:TRAIN_SUPERSHORT.PY SCRIPT IS TRULY FINISHING NOW AND EXITING.
2025-05-10 12:38:59,900 - INFO - train_supershort.py:180 - TRAIN_SUPERSHORT.PY SCRIPT IS TRULY FINISHING NOW AND EXITING.

---- STDERR END ----
2025-05-10 12:39:00,063 - INFO - 命令判断为执行成功 (基于返回码0)。
2025-05-10 12:39:00,063 - INFO - train_supershort.py (每日超短期训练) 执行成功
2025-05-10 12:39:00,063 - INFO - 超短期训练(train_supershort)完成 (20250510)，已创建标志文件: D:\my-vue-project\wind-power-forecast\backend-autopredict\auto_scripts\scripts\supershort\logs\supershort_train_flags\20250510_supershort_train_done.flag
2025-05-10 12:39:28,073 - INFO - 检测到今天 (20250510) 的超短期训练(train_supershort)已经执行过 (标志文件: D:\my-vue-project\wind-power-forecast\backend-autopredict\auto_scripts\scripts\supershort\logs\supershort_train_flags\20250510_supershort_train_done.flag)
2025-05-10 12:39:56,075 - INFO - 检测到今天 (20250510) 的超短期训练(train_supershort)已经执行过 (标志文件: D:\my-vue-project\wind-power-forecast\backend-autopredict\auto_scripts\scripts\supershort\logs\supershort_train_flags\20250510_supershort_train_done.flag)
2025-05-10 12:40:24,089 - INFO - 检测到今天 (20250510) 的超短期训练(train_supershort)已经执行过 (标志文件: D:\my-vue-project\wind-power-forecast\backend-autopredict\auto_scripts\scripts\supershort\logs\supershort_train_flags\20250510_supershort_train_done.flag)
2025-05-10 12:40:52,094 - INFO - 检测到今天 (20250510) 的超短期训练(train_supershort)已经执行过 (标志文件: D:\my-vue-project\wind-power-forecast\backend-autopredict\auto_scripts\scripts\supershort\logs\supershort_train_flags\20250510_supershort_train_done.flag)
2025-05-10 12:41:20,102 - INFO - 检测到今天 (20250510) 的超短期训练(train_supershort)已经执行过 (标志文件: D:\my-vue-project\wind-power-forecast\backend-autopredict\auto_scripts\scripts\supershort\logs\supershort_train_flags\20250510_supershort_train_done.flag)
2025-05-10 12:41:48,116 - INFO - 检测到今天 (20250510) 的超短期训练(train_supershort)已经执行过 (标志文件: D:\my-vue-project\wind-power-forecast\backend-autopredict\auto_scripts\scripts\supershort\logs\supershort_train_flags\20250510_supershort_train_done.flag)
2025-05-10 12:42:16,128 - INFO - 检测到今天 (20250510) 的超短期训练(train_supershort)已经执行过 (标志文件: D:\my-vue-project\wind-power-forecast\backend-autopredict\auto_scripts\scripts\supershort\logs\supershort_train_flags\20250510_supershort_train_done.flag)
2025-05-10 12:42:41,960 - INFO - train_supershort.py脚本路径: /app/auto_scripts/scripts/supershort/train_supershort.py
2025-05-10 12:42:41,960 - INFO - predict_supershort.py脚本路径: /app/auto_scripts/scripts/supershort/predict_supershort.py
2025-05-10 12:42:41,960 - INFO - 检测到 Linux/Docker 环境，使用直接Python路径: /opt/conda/envs/wind-power-env/bin/python
2025-05-10 12:42:41,961 - INFO - 将使用以下命令执行Python脚本: /opt/conda/envs/wind-power-env/bin/python
2025-05-10 12:42:41,961 - INFO - 定时任务启动成功 (scheduler_supershort.py):
2025-05-10 12:42:41,961 - INFO -   - 每日超短期训练 (train_supershort.py): 04:00
2025-05-10 12:42:41,961 - INFO -   - 每15分钟超短期预测 (predict_supershort.py)
2025-05-10 12:42:41,964 - INFO - 当前时间: 2025-05-10 12:42:41, 星期: 周六
2025-05-10 12:42:41,965 - INFO - 当前任务状态初始化:
2025-05-10 12:42:41,965 - INFO -   - 每日超短期训练(train_supershort)今日已执行: False
2025-05-10 12:42:41,966 - WARNING - 检测到 20250510 04:00 每日超短期训练(train_supershort)未执行且无标志，立即补救运行
2025-05-10 12:42:41,967 - INFO - 开始执行超短期模型训练任务 (train_supershort.py - 每日)
2025-05-10 12:42:41,967 - INFO - 执行命令: /opt/conda/envs/wind-power-env/bin/python "/app/auto_scripts/scripts/supershort/train_supershort.py"
2025-05-10 12:44:42,950 - INFO - 命令执行完毕。返回码: 0
2025-05-10 12:44:42,950 - INFO - 命令标准输出 (stdout):
---- STDOUT START ----
数据库连接配置: kingbase:54321/windpower
MinIO连接配置: http://minio:9000
构建数据库连接URL...
DB_USER环境变量：system
KINGBASE_CONFIG['user']值：system
DB_PASSWORD是否已设置：是
DB_HOST环境变量：kingbase
DB_PORT环境变量：54321
DB_NAME环境变量：windpower
最终连接URL：postgresql+kingbase://system:12345678ab@kingbase:54321/windpower
DEBUG: 进入 create_engine_with_retry 函数...
DEBUG: 尝试第 1 次创建引擎，使用 URI: postgresql+kingbase://system:12345678ab@kingbase:54321/windpower
[OK] MinIO connection successful
✅ 存储桶已存在: wind-datasets
✅ 存储桶已存在: wind-models
✅ 存储桶已存在: wind-predictions
✅ 存储桶已存在: wind-scalers
✅ 存储桶已存在: wind-metrics
✅ 存储桶已存在: wind-logs
✅ 成功设置存储桶策略: wind-datasets -> private
✅ 成功设置存储桶策略: wind-models -> public-read
✅ 成功设置存储桶策略: wind-predictions -> private
✅ 成功设置存储桶策略: wind-scalers -> private
✅ 成功设置存储桶策略: wind-metrics -> public-read
✅ 成功设置存储桶策略: wind-logs -> public-read
DATASET_FOLDER (数据集): /app/auto_scripts/scripts/supershort/datasets
PREC_SV_FOLDER (预测输入): /app/auto_scripts/scripts/supershort/predict_inputs
MODEL_FOLDER (模型): /app/auto_scripts... (stdout truncated) ...练完成 (Shift=14) ---
模型状态 (Shift=14) 已保存到: /app/auto_scripts/scripts/supershort/saved_models/shift_14
--- 开始训练模型 (Shift=15) ---
[信息 Shift=15] 'power_actual_at_t_minus_15' 中存在 15 个NaN值，均由 .shift(15) 操作在数据开头引入（预期行为）。
[信息 Shift=15] 训练时，特征 'power_actual_at_t_minus_15' 已作为输入特征。
--- 模型训练完成 (Shift=15) ---
模型状态 (Shift=15) 已保存到: /app/auto_scripts/scripts/supershort/saved_models/shift_15
--- 开始训练模型 (Shift=16) ---
[信息 Shift=16] 'power_actual_at_t_minus_16' 中存在 16 个NaN值，均由 .shift(16) 操作在数据开头引入（预期行为）。
[信息 Shift=16] 训练时，特征 'power_actual_at_t_minus_16' 已作为输入特征。
--- 模型训练完成 (Shift=16) ---
模型状态 (Shift=16) 已保存到: /app/auto_scripts/scripts/supershort/saved_models/shift_16
--- 开始训练模型 (Shift=17) ---
[信息 Shift=17] 'power_actual_at_t_minus_17' 中存在 17 个NaN值，均由 .shift(17) 操作在数据开头引入（预期行为）。
[信息 Shift=17] 训练时，特征 'power_actual_at_t_minus_17' 已作为输入特征。
--- 模型训练完成 (Shift=17) ---
模型状态 (Shift=17) 已保存到: /app/auto_scripts/scripts/supershort/saved_models/shift_17
TRAIN_SUPERSHORT.PY SCRIPT IS TRULY FINISHING NOW AND EXITING.

---- STDOUT END ----
2025-05-10 12:44:42,951 - WARNING - 命令标准错误 (stderr):
---- STDERR START ----
INFO:root:开始更新本地训练数据集 CSV...
2025-05-10 12:42:43,481 - INFO - train_supershort.py:73 - 开始更新本地训练数据集 CSV...
INFO:root:Starting to check and update supershort training CSV: /app/auto_scripts/scripts/supershort/datasets/training_data_supershort.csv
2025-05-10 12:42:43,481 - INFO - data_processor_supershort.py:153 - Starting to check and update supershort training CSV: /app/auto_scripts/scripts/supershort/datasets/training_data_supershort.csv
INFO:root:Latest timestamp in existing supershort CSV '/app/auto_scripts/scripts/supershort/datasets/training_data_supershort.csv': 2025-04-16 23:45:00
2025-05-10 12:42:45,842 - INFO - data_processor_supershort.py:174 - Latest timestamp in existing supershort CSV '/app/auto_scripts/scripts/supershort/datasets/training_data_supershort.csv': 2025-04-16 23:45:00
INFO:root:Querying TrainPreShort for new supershort data...
2025-05-10 12:42:45,843 - INFO - data_processor_supershort.py:189 - Querying TrainPreShort for new supershort data...
INFO:root:Retrieve... (stderr truncated) ..._scripts/scripts/supershort/saved_models/shift_16
INFO:root:
========== 开始处理训练 Horizon (Shift) = 17 ==========
2025-05-10 12:44:35,644 - INFO - train_supershort.py:145 - 
========== 开始处理训练 Horizon (Shift) = 17 ==========
INFO:root:Shift=17 的模型成功训练并保存到 /app/auto_scripts/scripts/supershort/saved_models/shift_17
2025-05-10 12:44:42,803 - INFO - train_supershort.py:158 - Shift=17 的模型成功训练并保存到 /app/auto_scripts/scripts/supershort/saved_models/shift_17
INFO:root:
========== 训练过程完成 ==========
2025-05-10 12:44:42,803 - INFO - train_supershort.py:166 - 
========== 训练过程完成 ==========
INFO:root:总共成功训练并保存了 16 个模型。
2025-05-10 12:44:42,803 - INFO - train_supershort.py:167 - 总共成功训练并保存了 16 个模型。
INFO:root:成功训练并保存了所有预期的 16/16 个模型。
2025-05-10 12:44:42,803 - INFO - train_supershort.py:175 - 成功训练并保存了所有预期的 16/16 个模型。
INFO:root:TRAIN_SUPERSHORT.PY SCRIPT IS TRULY FINISHING NOW AND EXITING.
2025-05-10 12:44:42,804 - INFO - train_supershort.py:180 - TRAIN_SUPERSHORT.PY SCRIPT IS TRULY FINISHING NOW AND EXITING.

---- STDERR END ----
2025-05-10 12:44:42,951 - INFO - 命令判断为执行成功 (基于返回码0)。
2025-05-10 12:44:42,951 - INFO - train_supershort.py (每日超短期训练) 执行成功
2025-05-10 12:44:42,955 - INFO - 超短期训练(train_supershort)完成 (20250510)，已创建标志文件: /app/auto_scripts/scripts/supershort/logs/supershort_train_flags/20250510_supershort_train_done.flag
2025-05-10 12:45:04,181 - INFO - 检测到今天 (20250510) 的超短期训练(train_supershort)已经执行过 (标志文件: D:\my-vue-project\wind-power-forecast\backend-autopredict\auto_scripts\scripts\supershort\logs\supershort_train_flags\20250510_supershort_train_done.flag)
2025-05-10 12:45:10,959 - INFO - 检测到今天 (20250510) 的超短期训练(train_supershort)已经执行过 (标志文件: /app/auto_scripts/scripts/supershort/logs/supershort_train_flags/20250510_supershort_train_done.flag)
2025-05-10 12:45:32,189 - INFO - 检测到今天 (20250510) 的超短期训练(train_supershort)已经执行过 (标志文件: D:\my-vue-project\wind-power-forecast\backend-autopredict\auto_scripts\scripts\supershort\logs\supershort_train_flags\20250510_supershort_train_done.flag)
2025-05-10 12:45:38,987 - INFO - 检测到今天 (20250510) 的超短期训练(train_supershort)已经执行过 (标志文件: /app/auto_scripts/scripts/supershort/logs/supershort_train_flags/20250510_supershort_train_done.flag)
2025-05-10 12:46:00,192 - INFO - 检测到今天 (20250510) 的超短期训练(train_supershort)已经执行过 (标志文件: D:\my-vue-project\wind-power-forecast\backend-autopredict\auto_scripts\scripts\supershort\logs\supershort_train_flags\20250510_supershort_train_done.flag)
2025-05-10 12:46:07,014 - INFO - 检测到今天 (20250510) 的超短期训练(train_supershort)已经执行过 (标志文件: /app/auto_scripts/scripts/supershort/logs/supershort_train_flags/20250510_supershort_train_done.flag)
2025-05-10 12:46:28,205 - INFO - 检测到今天 (20250510) 的超短期训练(train_supershort)已经执行过 (标志文件: D:\my-vue-project\wind-power-forecast\backend-autopredict\auto_scripts\scripts\supershort\logs\supershort_train_flags\20250510_supershort_train_done.flag)
2025-05-10 12:46:35,043 - INFO - 检测到今天 (20250510) 的超短期训练(train_supershort)已经执行过 (标志文件: /app/auto_scripts/scripts/supershort/logs/supershort_train_flags/20250510_supershort_train_done.flag)
2025-05-10 12:46:56,218 - INFO - 检测到今天 (20250510) 的超短期训练(train_supershort)已经执行过 (标志文件: D:\my-vue-project\wind-power-forecast\backend-autopredict\auto_scripts\scripts\supershort\logs\supershort_train_flags\20250510_supershort_train_done.flag)
2025-05-10 12:47:24,220 - INFO - 检测到今天 (20250510) 的超短期训练(train_supershort)已经执行过 (标志文件: D:\my-vue-project\wind-power-forecast\backend-autopredict\auto_scripts\scripts\supershort\logs\supershort_train_flags\20250510_supershort_train_done.flag)
2025-05-10 12:47:52,235 - INFO - 检测到今天 (20250510) 的超短期训练(train_supershort)已经执行过 (标志文件: D:\my-vue-project\wind-power-forecast\backend-autopredict\auto_scripts\scripts\supershort\logs\supershort_train_flags\20250510_supershort_train_done.flag)
2025-05-10 12:48:20,241 - INFO - 检测到今天 (20250510) 的超短期训练(train_supershort)已经执行过 (标志文件: D:\my-vue-project\wind-power-forecast\backend-autopredict\auto_scripts\scripts\supershort\logs\supershort_train_flags\20250510_supershort_train_done.flag)
2025-05-10 12:48:48,252 - INFO - 检测到今天 (20250510) 的超短期训练(train_supershort)已经执行过 (标志文件: D:\my-vue-project\wind-power-forecast\backend-autopredict\auto_scripts\scripts\supershort\logs\supershort_train_flags\20250510_supershort_train_done.flag)
2025-05-10 12:49:16,260 - INFO - 检测到今天 (20250510) 的超短期训练(train_supershort)已经执行过 (标志文件: D:\my-vue-project\wind-power-forecast\backend-autopredict\auto_scripts\scripts\supershort\logs\supershort_train_flags\20250510_supershort_train_done.flag)
2025-05-10 12:49:44,263 - INFO - 检测到今天 (20250510) 的超短期训练(train_supershort)已经执行过 (标志文件: D:\my-vue-project\wind-power-forecast\backend-autopredict\auto_scripts\scripts\supershort\logs\supershort_train_flags\20250510_supershort_train_done.flag)
2025-05-10 12:50:12,270 - INFO - 检测到今天 (20250510) 的超短期训练(train_supershort)已经执行过 (标志文件: D:\my-vue-project\wind-power-forecast\backend-autopredict\auto_scripts\scripts\supershort\logs\supershort_train_flags\20250510_supershort_train_done.flag)
2025-05-10 12:50:40,275 - INFO - 检测到今天 (20250510) 的超短期训练(train_supershort)已经执行过 (标志文件: D:\my-vue-project\wind-power-forecast\backend-autopredict\auto_scripts\scripts\supershort\logs\supershort_train_flags\20250510_supershort_train_done.flag)
2025-05-10 12:51:08,282 - INFO - 检测到今天 (20250510) 的超短期训练(train_supershort)已经执行过 (标志文件: D:\my-vue-project\wind-power-forecast\backend-autopredict\auto_scripts\scripts\supershort\logs\supershort_train_flags\20250510_supershort_train_done.flag)
2025-05-10 12:51:36,296 - INFO - 检测到今天 (20250510) 的超短期训练(train_supershort)已经执行过 (标志文件: D:\my-vue-project\wind-power-forecast\backend-autopredict\auto_scripts\scripts\supershort\logs\supershort_train_flags\20250510_supershort_train_done.flag)
2025-05-10 12:52:04,299 - INFO - 检测到今天 (20250510) 的超短期训练(train_supershort)已经执行过 (标志文件: D:\my-vue-project\wind-power-forecast\backend-autopredict\auto_scripts\scripts\supershort\logs\supershort_train_flags\20250510_supershort_train_done.flag)
2025-05-10 12:52:32,313 - INFO - 开始执行超短期预测任务 (predict_supershort.py)
2025-05-10 12:52:32,313 - INFO - 执行命令: D:\my-vue-project\wind-power-forecast\backend\wind-power-env\python.exe "D:\my-vue-project\wind-power-forecast\backend-autopredict\auto_scripts\scripts\supershort\predict_supershort.py"
2025-05-10 12:55:35,586 - INFO - 命令执行完毕。返回码: 0
2025-05-10 12:55:35,586 - INFO - 命令标准输出 (stdout):
---- STDOUT START ----
数据库连接配置: localhost:54321/windpower
MinIO连接配置: http://localhost:9900
构建数据库连接URL...
DB_USER环境变量：system
KINGBASE_CONFIG['user']值：system
DB_PASSWORD是否已设置：是
DB_HOST环境变量：localhost
DB_PORT环境变量：54321
DB_NAME环境变量：windpower
最终连接URL：postgresql+kingbase://system:12345678ab@localhost:54321/windpower
DEBUG: 进入 create_engine_with_retry 函数...
DEBUG: 尝试第 1 次创建引擎，使用 URI: postgresql+kingbase://system:12345678ab@localhost:54321/windpower
警告: 迁移检查失败: (psycopg2.OperationalError) connection to server at "localhost" (::1), port 54321 failed: Connection refused (0x0000274D/10061)
	Is the server running on that host and accepting TCP/IP connections?
connection to server at "localhost" (127.0.0.1), port 54321 failed: Connection refused (0x0000274D/10061)
	Is the server running on that host and accepting TCP/IP connections?

(Background on this error at: https://sqlalche.me/e/20/e3q8)
[ERROR] MinIO connection failed (attempt 1/5): HTTPConnectionPool(host='localhost', port=9900): Max retries exceeded with url: / (... (stdout truncated) ...ax retries exceeded with url: / (Caused by NewConnectionError('<urllib3.connection.HTTPConnection object at 0x000000005AB6B5B0>: Failed to establish a new connection: [WinError 10061] 由于目标计算机积极拒绝，无法连接。'))
应用将继续启动，但MinIO功能可能不可用
DATASET_FOLDER (数据集): D:\my-vue-project\wind-power-forecast\backend-autopredict\auto_scripts\scripts\supershort\datasets
PREC_SV_FOLDER (预测输入): D:\my-vue-project\wind-power-forecast\backend-autopredict\auto_scripts\scripts\supershort\predict_inputs
MODEL_FOLDER (模型): D:\my-vue-project\wind-power-forecast\backend-autopredict\auto_scripts\scripts\supershort\saved_models
OUTPUT_DIR_PRE (预测输出): D:\my-vue-project\wind-power-forecast\backend-autopredict\auto_scripts\scripts\supershort\prediction_results
AUTO_TRAIN_LOG_DIR (训练日志): D:\my-vue-project\wind-power-forecast\backend-autopredict\auto_scripts\scripts\supershort\logs\auto_train
AUTO_PREDICT_LOG_DIR (预测日志): D:\my-vue-project\wind-power-forecast\backend-autopredict\auto_scripts\scripts\supershort\logs\auto_predict

---- STDOUT END ----
2025-05-10 12:55:35,586 - WARNING - 命令标准错误 (stderr):
---- STDERR START ----
INFO:root:Running predict_supershort.py directly...
INFO:root:Starting prediction cycle at UTC: 2025-05-10 04:55:31
INFO:root:  Current processing slot starts at: 2025-05-10 04:45
INFO:root:  First prediction target time UTC: 2025-05-10 05:15
INFO:root:  Expected wp_true timestamp UTC: 2025-05-10 04:45
INFO:root:  Earliest historical data needed UTC: 2025-05-10 00:15
INFO:root:  Last prediction target time UTC: 2025-05-10 09:00
INFO:root:Input CSV D:\my-vue-project\wind-power-forecast\backend-autopredict\auto_scripts\scripts\supershort\predict_inputs\model_input_target_202505100515.csv not found. Fetching data from database to create it.
INFO:root:Waiting for wp_true for timestamp: 2025-05-10 04:45:00+00:00
INFO:root:Attempt 1: Checking for wp_true for 2025-05-10 04:45:00+00:00 (wait until 2025-05-10 04:58:00+00:00)...
ERROR:db_session:数据库事务错误，已回滚: (psycopg2.OperationalError) connection to server at "localhost" (::1), port 54321 failed: Connection refused (0x0000274D/10061)
	Is the ser... (stderr truncated) ...wind-power-env\lib\site-packages\sqlalchemy\engine\create.py", line 646, in connect
    return dialect.connect(*cargs, **cparams)
  File "D:\my-vue-project\wind-power-forecast\backend\wind-power-env\lib\site-packages\sqlalchemy\engine\default.py", line 622, in connect
    return self.loaded_dbapi.connect(*cargs, **cparams)
  File "D:\my-vue-project\wind-power-forecast\backend\wind-power-env\lib\site-packages\psycopg2\__init__.py", line 122, in connect
    conn = _connect(dsn, connection_factory=connection_factory, **kwasync)
sqlalchemy.exc.OperationalError: (psycopg2.OperationalError) connection to server at "localhost" (::1), port 54321 failed: Connection refused (0x0000274D/10061)
	Is the server running on that host and accepting TCP/IP connections?
connection to server at "localhost" (127.0.0.1), port 54321 failed: Connection refused (0x0000274D/10061)
	Is the server running on that host and accepting TCP/IP connections?

(Background on this error at: https://sqlalche.me/e/20/e3q8)

---- STDERR END ----
2025-05-10 12:55:35,586 - INFO - 命令判断为执行成功 (基于返回码0)。
2025-05-10 12:55:35,586 - INFO - predict_supershort.py 执行成功
2025-05-10 12:55:35,586 - INFO - 检测到今天 (20250510) 的超短期训练(train_supershort)已经执行过 (标志文件: D:\my-vue-project\wind-power-forecast\backend-autopredict\auto_scripts\scripts\supershort\logs\supershort_train_flags\20250510_supershort_train_done.flag)
2025-05-10 12:56:03,595 - INFO - 检测到今天 (20250510) 的超短期训练(train_supershort)已经执行过 (标志文件: D:\my-vue-project\wind-power-forecast\backend-autopredict\auto_scripts\scripts\supershort\logs\supershort_train_flags\20250510_supershort_train_done.flag)
2025-05-10 12:56:31,600 - INFO - 检测到今天 (20250510) 的超短期训练(train_supershort)已经执行过 (标志文件: D:\my-vue-project\wind-power-forecast\backend-autopredict\auto_scripts\scripts\supershort\logs\supershort_train_flags\20250510_supershort_train_done.flag)
2025-05-10 12:56:59,608 - INFO - 检测到今天 (20250510) 的超短期训练(train_supershort)已经执行过 (标志文件: D:\my-vue-project\wind-power-forecast\backend-autopredict\auto_scripts\scripts\supershort\logs\supershort_train_flags\20250510_supershort_train_done.flag)
2025-05-10 12:57:27,613 - INFO - 检测到今天 (20250510) 的超短期训练(train_supershort)已经执行过 (标志文件: D:\my-vue-project\wind-power-forecast\backend-autopredict\auto_scripts\scripts\supershort\logs\supershort_train_flags\20250510_supershort_train_done.flag)
2025-05-10 12:57:55,630 - INFO - 检测到今天 (20250510) 的超短期训练(train_supershort)已经执行过 (标志文件: D:\my-vue-project\wind-power-forecast\backend-autopredict\auto_scripts\scripts\supershort\logs\supershort_train_flags\20250510_supershort_train_done.flag)
2025-05-10 12:58:23,630 - INFO - 检测到今天 (20250510) 的超短期训练(train_supershort)已经执行过 (标志文件: D:\my-vue-project\wind-power-forecast\backend-autopredict\auto_scripts\scripts\supershort\logs\supershort_train_flags\20250510_supershort_train_done.flag)
2025-05-10 12:58:51,643 - INFO - 检测到今天 (20250510) 的超短期训练(train_supershort)已经执行过 (标志文件: D:\my-vue-project\wind-power-forecast\backend-autopredict\auto_scripts\scripts\supershort\logs\supershort_train_flags\20250510_supershort_train_done.flag)
2025-05-10 12:59:19,655 - INFO - 检测到今天 (20250510) 的超短期训练(train_supershort)已经执行过 (标志文件: D:\my-vue-project\wind-power-forecast\backend-autopredict\auto_scripts\scripts\supershort\logs\supershort_train_flags\20250510_supershort_train_done.flag)
2025-05-10 12:59:47,657 - INFO - 检测到今天 (20250510) 的超短期训练(train_supershort)已经执行过 (标志文件: D:\my-vue-project\wind-power-forecast\backend-autopredict\auto_scripts\scripts\supershort\logs\supershort_train_flags\20250510_supershort_train_done.flag)
2025-05-10 13:00:15,659 - INFO - [每小时状态@13:00] 超短期训练执行: True
2025-05-10 13:00:15,659 - INFO - 检测到今天 (20250510) 的超短期训练(train_supershort)已经执行过 (标志文件: D:\my-vue-project\wind-power-forecast\backend-autopredict\auto_scripts\scripts\supershort\logs\supershort_train_flags\20250510_supershort_train_done.flag)
2025-05-10 13:00:43,670 - INFO - [每小时状态@13:00] 超短期训练执行: True
2025-05-10 13:00:43,671 - INFO - 检测到今天 (20250510) 的超短期训练(train_supershort)已经执行过 (标志文件: D:\my-vue-project\wind-power-forecast\backend-autopredict\auto_scripts\scripts\supershort\logs\supershort_train_flags\20250510_supershort_train_done.flag)
2025-05-10 13:01:11,675 - INFO - 检测到今天 (20250510) 的超短期训练(train_supershort)已经执行过 (标志文件: D:\my-vue-project\wind-power-forecast\backend-autopredict\auto_scripts\scripts\supershort\logs\supershort_train_flags\20250510_supershort_train_done.flag)
2025-05-10 13:01:39,687 - INFO - 检测到今天 (20250510) 的超短期训练(train_supershort)已经执行过 (标志文件: D:\my-vue-project\wind-power-forecast\backend-autopredict\auto_scripts\scripts\supershort\logs\supershort_train_flags\20250510_supershort_train_done.flag)
2025-05-10 13:02:07,694 - INFO - 检测到今天 (20250510) 的超短期训练(train_supershort)已经执行过 (标志文件: D:\my-vue-project\wind-power-forecast\backend-autopredict\auto_scripts\scripts\supershort\logs\supershort_train_flags\20250510_supershort_train_done.flag)
2025-05-10 13:02:35,696 - INFO - 检测到今天 (20250510) 的超短期训练(train_supershort)已经执行过 (标志文件: D:\my-vue-project\wind-power-forecast\backend-autopredict\auto_scripts\scripts\supershort\logs\supershort_train_flags\20250510_supershort_train_done.flag)
2025-05-10 13:03:03,711 - INFO - 检测到今天 (20250510) 的超短期训练(train_supershort)已经执行过 (标志文件: D:\my-vue-project\wind-power-forecast\backend-autopredict\auto_scripts\scripts\supershort\logs\supershort_train_flags\20250510_supershort_train_done.flag)
2025-05-10 13:03:31,713 - INFO - 检测到今天 (20250510) 的超短期训练(train_supershort)已经执行过 (标志文件: D:\my-vue-project\wind-power-forecast\backend-autopredict\auto_scripts\scripts\supershort\logs\supershort_train_flags\20250510_supershort_train_done.flag)
2025-05-10 13:03:59,728 - INFO - 检测到今天 (20250510) 的超短期训练(train_supershort)已经执行过 (标志文件: D:\my-vue-project\wind-power-forecast\backend-autopredict\auto_scripts\scripts\supershort\logs\supershort_train_flags\20250510_supershort_train_done.flag)
2025-05-10 13:04:27,733 - INFO - 检测到今天 (20250510) 的超短期训练(train_supershort)已经执行过 (标志文件: D:\my-vue-project\wind-power-forecast\backend-autopredict\auto_scripts\scripts\supershort\logs\supershort_train_flags\20250510_supershort_train_done.flag)
2025-05-10 13:04:55,748 - INFO - 检测到今天 (20250510) 的超短期训练(train_supershort)已经执行过 (标志文件: D:\my-vue-project\wind-power-forecast\backend-autopredict\auto_scripts\scripts\supershort\logs\supershort_train_flags\20250510_supershort_train_done.flag)
2025-05-10 13:05:23,752 - INFO - 检测到今天 (20250510) 的超短期训练(train_supershort)已经执行过 (标志文件: D:\my-vue-project\wind-power-forecast\backend-autopredict\auto_scripts\scripts\supershort\logs\supershort_train_flags\20250510_supershort_train_done.flag)
2025-05-10 13:05:51,756 - INFO - 检测到今天 (20250510) 的超短期训练(train_supershort)已经执行过 (标志文件: D:\my-vue-project\wind-power-forecast\backend-autopredict\auto_scripts\scripts\supershort\logs\supershort_train_flags\20250510_supershort_train_done.flag)
2025-05-10 13:06:19,760 - INFO - 检测到今天 (20250510) 的超短期训练(train_supershort)已经执行过 (标志文件: D:\my-vue-project\wind-power-forecast\backend-autopredict\auto_scripts\scripts\supershort\logs\supershort_train_flags\20250510_supershort_train_done.flag)
2025-05-10 13:06:47,767 - INFO - 检测到今天 (20250510) 的超短期训练(train_supershort)已经执行过 (标志文件: D:\my-vue-project\wind-power-forecast\backend-autopredict\auto_scripts\scripts\supershort\logs\supershort_train_flags\20250510_supershort_train_done.flag)
2025-05-10 13:07:15,770 - INFO - 检测到今天 (20250510) 的超短期训练(train_supershort)已经执行过 (标志文件: D:\my-vue-project\wind-power-forecast\backend-autopredict\auto_scripts\scripts\supershort\logs\supershort_train_flags\20250510_supershort_train_done.flag)
2025-05-10 13:07:43,778 - INFO - 检测到今天 (20250510) 的超短期训练(train_supershort)已经执行过 (标志文件: D:\my-vue-project\wind-power-forecast\backend-autopredict\auto_scripts\scripts\supershort\logs\supershort_train_flags\20250510_supershort_train_done.flag)
2025-05-10 13:08:11,780 - INFO - 检测到今天 (20250510) 的超短期训练(train_supershort)已经执行过 (标志文件: D:\my-vue-project\wind-power-forecast\backend-autopredict\auto_scripts\scripts\supershort\logs\supershort_train_flags\20250510_supershort_train_done.flag)
2025-05-10 13:08:39,793 - INFO - 检测到今天 (20250510) 的超短期训练(train_supershort)已经执行过 (标志文件: D:\my-vue-project\wind-power-forecast\backend-autopredict\auto_scripts\scripts\supershort\logs\supershort_train_flags\20250510_supershort_train_done.flag)
2025-05-10 13:09:07,803 - INFO - 检测到今天 (20250510) 的超短期训练(train_supershort)已经执行过 (标志文件: D:\my-vue-project\wind-power-forecast\backend-autopredict\auto_scripts\scripts\supershort\logs\supershort_train_flags\20250510_supershort_train_done.flag)
2025-05-10 13:09:35,813 - INFO - 检测到今天 (20250510) 的超短期训练(train_supershort)已经执行过 (标志文件: D:\my-vue-project\wind-power-forecast\backend-autopredict\auto_scripts\scripts\supershort\logs\supershort_train_flags\20250510_supershort_train_done.flag)
2025-05-10 13:10:03,818 - INFO - 检测到今天 (20250510) 的超短期训练(train_supershort)已经执行过 (标志文件: D:\my-vue-project\wind-power-forecast\backend-autopredict\auto_scripts\scripts\supershort\logs\supershort_train_flags\20250510_supershort_train_done.flag)
2025-05-10 13:10:31,833 - INFO - 检测到今天 (20250510) 的超短期训练(train_supershort)已经执行过 (标志文件: D:\my-vue-project\wind-power-forecast\backend-autopredict\auto_scripts\scripts\supershort\logs\supershort_train_flags\20250510_supershort_train_done.flag)
2025-05-10 13:10:59,833 - INFO - 开始执行超短期预测任务 (predict_supershort.py)
2025-05-10 13:10:59,833 - INFO - 执行命令: D:\my-vue-project\wind-power-forecast\backend\wind-power-env\python.exe "D:\my-vue-project\wind-power-forecast\backend-autopredict\auto_scripts\scripts\supershort\predict_supershort.py"
2025-05-10 13:14:02,136 - INFO - 命令执行完毕。返回码: 0
2025-05-10 13:14:02,137 - INFO - 命令标准输出 (stdout):
---- STDOUT START ----
数据库连接配置: localhost:54321/windpower
MinIO连接配置: http://localhost:9900
构建数据库连接URL...
DB_USER环境变量：system
KINGBASE_CONFIG['user']值：system
DB_PASSWORD是否已设置：是
DB_HOST环境变量：localhost
DB_PORT环境变量：54321
DB_NAME环境变量：windpower
最终连接URL：postgresql+kingbase://system:12345678ab@localhost:54321/windpower
DEBUG: 进入 create_engine_with_retry 函数...
DEBUG: 尝试第 1 次创建引擎，使用 URI: postgresql+kingbase://system:12345678ab@localhost:54321/windpower
警告: 迁移检查失败: (psycopg2.OperationalError) connection to server at "localhost" (::1), port 54321 failed: Connection refused (0x0000274D/10061)
	Is the server running on that host and accepting TCP/IP connections?
connection to server at "localhost" (127.0.0.1), port 54321 failed: Connection refused (0x0000274D/10061)
	Is the server running on that host and accepting TCP/IP connections?

(Background on this error at: https://sqlalche.me/e/20/e3q8)
[ERROR] MinIO connection failed (attempt 1/5): HTTPConnectionPool(host='localhost', port=9900): Max retries exceeded with url: / (... (stdout truncated) ...ax retries exceeded with url: / (Caused by NewConnectionError('<urllib3.connection.HTTPConnection object at 0x000000005AB6C5B0>: Failed to establish a new connection: [WinError 10061] 由于目标计算机积极拒绝，无法连接。'))
应用将继续启动，但MinIO功能可能不可用
DATASET_FOLDER (数据集): D:\my-vue-project\wind-power-forecast\backend-autopredict\auto_scripts\scripts\supershort\datasets
PREC_SV_FOLDER (预测输入): D:\my-vue-project\wind-power-forecast\backend-autopredict\auto_scripts\scripts\supershort\predict_inputs
MODEL_FOLDER (模型): D:\my-vue-project\wind-power-forecast\backend-autopredict\auto_scripts\scripts\supershort\saved_models
OUTPUT_DIR_PRE (预测输出): D:\my-vue-project\wind-power-forecast\backend-autopredict\auto_scripts\scripts\supershort\prediction_results
AUTO_TRAIN_LOG_DIR (训练日志): D:\my-vue-project\wind-power-forecast\backend-autopredict\auto_scripts\scripts\supershort\logs\auto_train
AUTO_PREDICT_LOG_DIR (预测日志): D:\my-vue-project\wind-power-forecast\backend-autopredict\auto_scripts\scripts\supershort\logs\auto_predict

---- STDOUT END ----
2025-05-10 13:14:02,137 - WARNING - 命令标准错误 (stderr):
---- STDERR START ----
INFO:root:Running predict_supershort.py directly...
INFO:root:Starting prediction cycle at UTC: 2025-05-10 05:13:57
INFO:root:  Current processing slot starts at: 2025-05-10 05:00
INFO:root:  First prediction target time UTC: 2025-05-10 05:30
INFO:root:  Expected wp_true timestamp UTC: 2025-05-10 05:00
INFO:root:  Earliest historical data needed UTC: 2025-05-10 00:30
INFO:root:  Last prediction target time UTC: 2025-05-10 09:15
INFO:root:Input CSV D:\my-vue-project\wind-power-forecast\backend-autopredict\auto_scripts\scripts\supershort\predict_inputs\model_input_target_202505100530.csv not found. Fetching data from database to create it.
INFO:root:Waiting for wp_true for timestamp: 2025-05-10 05:00:00+00:00
WARNING:root:TIMEOUT: Deadline 2025-05-10 05:13:00+00:00 reached waiting for wp_true for 2025-05-10 05:00:00+00:00.
INFO:root:Fetching ActualPower from 2025-05-09 23:30:00+00:00 to 2025-05-10 05:00:00+00:00
ERROR:db_session:数据库事务错误，已回滚: (psycopg2.OperationalError) connection to serv... (stderr truncated) ...wind-power-env\lib\site-packages\sqlalchemy\engine\create.py", line 646, in connect
    return dialect.connect(*cargs, **cparams)
  File "D:\my-vue-project\wind-power-forecast\backend\wind-power-env\lib\site-packages\sqlalchemy\engine\default.py", line 622, in connect
    return self.loaded_dbapi.connect(*cargs, **cparams)
  File "D:\my-vue-project\wind-power-forecast\backend\wind-power-env\lib\site-packages\psycopg2\__init__.py", line 122, in connect
    conn = _connect(dsn, connection_factory=connection_factory, **kwasync)
sqlalchemy.exc.OperationalError: (psycopg2.OperationalError) connection to server at "localhost" (::1), port 54321 failed: Connection refused (0x0000274D/10061)
	Is the server running on that host and accepting TCP/IP connections?
connection to server at "localhost" (127.0.0.1), port 54321 failed: Connection refused (0x0000274D/10061)
	Is the server running on that host and accepting TCP/IP connections?

(Background on this error at: https://sqlalche.me/e/20/e3q8)

---- STDERR END ----
2025-05-10 13:14:02,137 - INFO - 命令判断为执行成功 (基于返回码0)。
2025-05-10 13:14:02,137 - INFO - predict_supershort.py 执行成功
2025-05-10 13:14:02,137 - INFO - 检测到今天 (20250510) 的超短期训练(train_supershort)已经执行过 (标志文件: D:\my-vue-project\wind-power-forecast\backend-autopredict\auto_scripts\scripts\supershort\logs\supershort_train_flags\20250510_supershort_train_done.flag)
2025-05-10 13:14:30,145 - INFO - 检测到今天 (20250510) 的超短期训练(train_supershort)已经执行过 (标志文件: D:\my-vue-project\wind-power-forecast\backend-autopredict\auto_scripts\scripts\supershort\logs\supershort_train_flags\20250510_supershort_train_done.flag)
2025-05-10 13:14:58,146 - INFO - 检测到今天 (20250510) 的超短期训练(train_supershort)已经执行过 (标志文件: D:\my-vue-project\wind-power-forecast\backend-autopredict\auto_scripts\scripts\supershort\logs\supershort_train_flags\20250510_supershort_train_done.flag)
2025-05-10 13:15:26,155 - INFO - 检测到今天 (20250510) 的超短期训练(train_supershort)已经执行过 (标志文件: D:\my-vue-project\wind-power-forecast\backend-autopredict\auto_scripts\scripts\supershort\logs\supershort_train_flags\20250510_supershort_train_done.flag)
2025-05-10 13:15:54,170 - INFO - 检测到今天 (20250510) 的超短期训练(train_supershort)已经执行过 (标志文件: D:\my-vue-project\wind-power-forecast\backend-autopredict\auto_scripts\scripts\supershort\logs\supershort_train_flags\20250510_supershort_train_done.flag)
2025-05-10 13:16:22,180 - INFO - 检测到今天 (20250510) 的超短期训练(train_supershort)已经执行过 (标志文件: D:\my-vue-project\wind-power-forecast\backend-autopredict\auto_scripts\scripts\supershort\logs\supershort_train_flags\20250510_supershort_train_done.flag)
2025-05-10 13:16:50,192 - INFO - 检测到今天 (20250510) 的超短期训练(train_supershort)已经执行过 (标志文件: D:\my-vue-project\wind-power-forecast\backend-autopredict\auto_scripts\scripts\supershort\logs\supershort_train_flags\20250510_supershort_train_done.flag)
2025-05-10 13:17:18,199 - INFO - 检测到今天 (20250510) 的超短期训练(train_supershort)已经执行过 (标志文件: D:\my-vue-project\wind-power-forecast\backend-autopredict\auto_scripts\scripts\supershort\logs\supershort_train_flags\20250510_supershort_train_done.flag)
2025-05-10 13:17:46,209 - INFO - 检测到今天 (20250510) 的超短期训练(train_supershort)已经执行过 (标志文件: D:\my-vue-project\wind-power-forecast\backend-autopredict\auto_scripts\scripts\supershort\logs\supershort_train_flags\20250510_supershort_train_done.flag)
2025-05-10 13:18:14,210 - INFO - 检测到今天 (20250510) 的超短期训练(train_supershort)已经执行过 (标志文件: D:\my-vue-project\wind-power-forecast\backend-autopredict\auto_scripts\scripts\supershort\logs\supershort_train_flags\20250510_supershort_train_done.flag)
2025-05-10 13:18:42,212 - INFO - 检测到今天 (20250510) 的超短期训练(train_supershort)已经执行过 (标志文件: D:\my-vue-project\wind-power-forecast\backend-autopredict\auto_scripts\scripts\supershort\logs\supershort_train_flags\20250510_supershort_train_done.flag)
2025-05-10 13:19:10,218 - INFO - 检测到今天 (20250510) 的超短期训练(train_supershort)已经执行过 (标志文件: D:\my-vue-project\wind-power-forecast\backend-autopredict\auto_scripts\scripts\supershort\logs\supershort_train_flags\20250510_supershort_train_done.flag)
2025-05-10 13:19:38,221 - INFO - 检测到今天 (20250510) 的超短期训练(train_supershort)已经执行过 (标志文件: D:\my-vue-project\wind-power-forecast\backend-autopredict\auto_scripts\scripts\supershort\logs\supershort_train_flags\20250510_supershort_train_done.flag)
2025-05-10 13:20:06,231 - INFO - 检测到今天 (20250510) 的超短期训练(train_supershort)已经执行过 (标志文件: D:\my-vue-project\wind-power-forecast\backend-autopredict\auto_scripts\scripts\supershort\logs\supershort_train_flags\20250510_supershort_train_done.flag)
2025-05-10 13:20:34,235 - INFO - 检测到今天 (20250510) 的超短期训练(train_supershort)已经执行过 (标志文件: D:\my-vue-project\wind-power-forecast\backend-autopredict\auto_scripts\scripts\supershort\logs\supershort_train_flags\20250510_supershort_train_done.flag)
2025-05-10 13:21:02,248 - INFO - 检测到今天 (20250510) 的超短期训练(train_supershort)已经执行过 (标志文件: D:\my-vue-project\wind-power-forecast\backend-autopredict\auto_scripts\scripts\supershort\logs\supershort_train_flags\20250510_supershort_train_done.flag)
2025-05-10 13:21:30,250 - INFO - 检测到今天 (20250510) 的超短期训练(train_supershort)已经执行过 (标志文件: D:\my-vue-project\wind-power-forecast\backend-autopredict\auto_scripts\scripts\supershort\logs\supershort_train_flags\20250510_supershort_train_done.flag)
2025-05-10 13:21:58,266 - INFO - 检测到今天 (20250510) 的超短期训练(train_supershort)已经执行过 (标志文件: D:\my-vue-project\wind-power-forecast\backend-autopredict\auto_scripts\scripts\supershort\logs\supershort_train_flags\20250510_supershort_train_done.flag)
2025-05-10 13:22:26,282 - INFO - 检测到今天 (20250510) 的超短期训练(train_supershort)已经执行过 (标志文件: D:\my-vue-project\wind-power-forecast\backend-autopredict\auto_scripts\scripts\supershort\logs\supershort_train_flags\20250510_supershort_train_done.flag)
2025-05-10 13:22:54,292 - INFO - 检测到今天 (20250510) 的超短期训练(train_supershort)已经执行过 (标志文件: D:\my-vue-project\wind-power-forecast\backend-autopredict\auto_scripts\scripts\supershort\logs\supershort_train_flags\20250510_supershort_train_done.flag)
2025-05-10 13:23:22,298 - INFO - 检测到今天 (20250510) 的超短期训练(train_supershort)已经执行过 (标志文件: D:\my-vue-project\wind-power-forecast\backend-autopredict\auto_scripts\scripts\supershort\logs\supershort_train_flags\20250510_supershort_train_done.flag)
2025-05-10 13:23:50,310 - INFO - 检测到今天 (20250510) 的超短期训练(train_supershort)已经执行过 (标志文件: D:\my-vue-project\wind-power-forecast\backend-autopredict\auto_scripts\scripts\supershort\logs\supershort_train_flags\20250510_supershort_train_done.flag)
2025-05-10 13:24:18,322 - INFO - 检测到今天 (20250510) 的超短期训练(train_supershort)已经执行过 (标志文件: D:\my-vue-project\wind-power-forecast\backend-autopredict\auto_scripts\scripts\supershort\logs\supershort_train_flags\20250510_supershort_train_done.flag)
2025-05-10 13:24:46,331 - INFO - 检测到今天 (20250510) 的超短期训练(train_supershort)已经执行过 (标志文件: D:\my-vue-project\wind-power-forecast\backend-autopredict\auto_scripts\scripts\supershort\logs\supershort_train_flags\20250510_supershort_train_done.flag)
2025-05-10 13:25:14,336 - INFO - 检测到今天 (20250510) 的超短期训练(train_supershort)已经执行过 (标志文件: D:\my-vue-project\wind-power-forecast\backend-autopredict\auto_scripts\scripts\supershort\logs\supershort_train_flags\20250510_supershort_train_done.flag)
2025-05-10 13:25:42,338 - INFO - 检测到今天 (20250510) 的超短期训练(train_supershort)已经执行过 (标志文件: D:\my-vue-project\wind-power-forecast\backend-autopredict\auto_scripts\scripts\supershort\logs\supershort_train_flags\20250510_supershort_train_done.flag)
2025-05-10 13:26:10,339 - INFO - 检测到今天 (20250510) 的超短期训练(train_supershort)已经执行过 (标志文件: D:\my-vue-project\wind-power-forecast\backend-autopredict\auto_scripts\scripts\supershort\logs\supershort_train_flags\20250510_supershort_train_done.flag)
2025-05-10 13:26:38,346 - INFO - 检测到今天 (20250510) 的超短期训练(train_supershort)已经执行过 (标志文件: D:\my-vue-project\wind-power-forecast\backend-autopredict\auto_scripts\scripts\supershort\logs\supershort_train_flags\20250510_supershort_train_done.flag)
2025-05-10 13:27:06,362 - INFO - 检测到今天 (20250510) 的超短期训练(train_supershort)已经执行过 (标志文件: D:\my-vue-project\wind-power-forecast\backend-autopredict\auto_scripts\scripts\supershort\logs\supershort_train_flags\20250510_supershort_train_done.flag)
2025-05-10 13:27:34,364 - INFO - 检测到今天 (20250510) 的超短期训练(train_supershort)已经执行过 (标志文件: D:\my-vue-project\wind-power-forecast\backend-autopredict\auto_scripts\scripts\supershort\logs\supershort_train_flags\20250510_supershort_train_done.flag)
2025-05-10 13:28:02,372 - INFO - 检测到今天 (20250510) 的超短期训练(train_supershort)已经执行过 (标志文件: D:\my-vue-project\wind-power-forecast\backend-autopredict\auto_scripts\scripts\supershort\logs\supershort_train_flags\20250510_supershort_train_done.flag)
2025-05-10 13:28:30,380 - INFO - 检测到今天 (20250510) 的超短期训练(train_supershort)已经执行过 (标志文件: D:\my-vue-project\wind-power-forecast\backend-autopredict\auto_scripts\scripts\supershort\logs\supershort_train_flags\20250510_supershort_train_done.flag)
2025-05-10 13:28:58,392 - INFO - 检测到今天 (20250510) 的超短期训练(train_supershort)已经执行过 (标志文件: D:\my-vue-project\wind-power-forecast\backend-autopredict\auto_scripts\scripts\supershort\logs\supershort_train_flags\20250510_supershort_train_done.flag)
2025-05-10 13:29:26,399 - INFO - 开始执行超短期预测任务 (predict_supershort.py)
2025-05-10 13:29:26,399 - INFO - 执行命令: D:\my-vue-project\wind-power-forecast\backend\wind-power-env\python.exe "D:\my-vue-project\wind-power-forecast\backend-autopredict\auto_scripts\scripts\supershort\predict_supershort.py"
2025-05-10 13:32:28,736 - INFO - 命令执行完毕。返回码: 0
2025-05-10 13:32:28,736 - INFO - 命令标准输出 (stdout):
---- STDOUT START ----
数据库连接配置: localhost:54321/windpower
MinIO连接配置: http://localhost:9900
构建数据库连接URL...
DB_USER环境变量：system
KINGBASE_CONFIG['user']值：system
DB_PASSWORD是否已设置：是
DB_HOST环境变量：localhost
DB_PORT环境变量：54321
DB_NAME环境变量：windpower
最终连接URL：postgresql+kingbase://system:12345678ab@localhost:54321/windpower
DEBUG: 进入 create_engine_with_retry 函数...
DEBUG: 尝试第 1 次创建引擎，使用 URI: postgresql+kingbase://system:12345678ab@localhost:54321/windpower
警告: 迁移检查失败: (psycopg2.OperationalError) connection to server at "localhost" (::1), port 54321 failed: Connection refused (0x0000274D/10061)
	Is the server running on that host and accepting TCP/IP connections?
connection to server at "localhost" (127.0.0.1), port 54321 failed: Connection refused (0x0000274D/10061)
	Is the server running on that host and accepting TCP/IP connections?

(Background on this error at: https://sqlalche.me/e/20/e3q8)
[ERROR] MinIO connection failed (attempt 1/5): HTTPConnectionPool(host='localhost', port=9900): Max retries exceeded with url: / (... (stdout truncated) ...ax retries exceeded with url: / (Caused by NewConnectionError('<urllib3.connection.HTTPConnection object at 0x000000005AB7C5B0>: Failed to establish a new connection: [WinError 10061] 由于目标计算机积极拒绝，无法连接。'))
应用将继续启动，但MinIO功能可能不可用
DATASET_FOLDER (数据集): D:\my-vue-project\wind-power-forecast\backend-autopredict\auto_scripts\scripts\supershort\datasets
PREC_SV_FOLDER (预测输入): D:\my-vue-project\wind-power-forecast\backend-autopredict\auto_scripts\scripts\supershort\predict_inputs
MODEL_FOLDER (模型): D:\my-vue-project\wind-power-forecast\backend-autopredict\auto_scripts\scripts\supershort\saved_models
OUTPUT_DIR_PRE (预测输出): D:\my-vue-project\wind-power-forecast\backend-autopredict\auto_scripts\scripts\supershort\prediction_results
AUTO_TRAIN_LOG_DIR (训练日志): D:\my-vue-project\wind-power-forecast\backend-autopredict\auto_scripts\scripts\supershort\logs\auto_train
AUTO_PREDICT_LOG_DIR (预测日志): D:\my-vue-project\wind-power-forecast\backend-autopredict\auto_scripts\scripts\supershort\logs\auto_predict

---- STDOUT END ----
2025-05-10 13:32:28,736 - WARNING - 命令标准错误 (stderr):
---- STDERR START ----
INFO:root:Running predict_supershort.py directly...
INFO:root:Starting prediction cycle at UTC: 2025-05-10 05:32:24
INFO:root:  Current processing slot starts at: 2025-05-10 05:30
INFO:root:  First prediction target time UTC: 2025-05-10 06:00
INFO:root:  Expected wp_true timestamp UTC: 2025-05-10 05:30
INFO:root:  Earliest historical data needed UTC: 2025-05-10 01:00
INFO:root:  Last prediction target time UTC: 2025-05-10 09:45
INFO:root:Input CSV D:\my-vue-project\wind-power-forecast\backend-autopredict\auto_scripts\scripts\supershort\predict_inputs\model_input_target_202505100600.csv not found. Fetching data from database to create it.
INFO:root:Waiting for wp_true for timestamp: 2025-05-10 05:30:00+00:00
INFO:root:Attempt 1: Checking for wp_true for 2025-05-10 05:30:00+00:00 (wait until 2025-05-10 05:43:00+00:00)...
ERROR:db_session:数据库事务错误，已回滚: (psycopg2.OperationalError) connection to server at "localhost" (::1), port 54321 failed: Connection refused (0x0000274D/10061)
	Is the ser... (stderr truncated) ...wind-power-env\lib\site-packages\sqlalchemy\engine\create.py", line 646, in connect
    return dialect.connect(*cargs, **cparams)
  File "D:\my-vue-project\wind-power-forecast\backend\wind-power-env\lib\site-packages\sqlalchemy\engine\default.py", line 622, in connect
    return self.loaded_dbapi.connect(*cargs, **cparams)
  File "D:\my-vue-project\wind-power-forecast\backend\wind-power-env\lib\site-packages\psycopg2\__init__.py", line 122, in connect
    conn = _connect(dsn, connection_factory=connection_factory, **kwasync)
sqlalchemy.exc.OperationalError: (psycopg2.OperationalError) connection to server at "localhost" (::1), port 54321 failed: Connection refused (0x0000274D/10061)
	Is the server running on that host and accepting TCP/IP connections?
connection to server at "localhost" (127.0.0.1), port 54321 failed: Connection refused (0x0000274D/10061)
	Is the server running on that host and accepting TCP/IP connections?

(Background on this error at: https://sqlalche.me/e/20/e3q8)

---- STDERR END ----
2025-05-10 13:32:28,736 - INFO - 命令判断为执行成功 (基于返回码0)。
2025-05-10 13:32:28,736 - INFO - predict_supershort.py 执行成功
2025-05-10 13:32:28,736 - INFO - 检测到今天 (20250510) 的超短期训练(train_supershort)已经执行过 (标志文件: D:\my-vue-project\wind-power-forecast\backend-autopredict\auto_scripts\scripts\supershort\logs\supershort_train_flags\20250510_supershort_train_done.flag)
2025-05-10 13:32:56,750 - INFO - 检测到今天 (20250510) 的超短期训练(train_supershort)已经执行过 (标志文件: D:\my-vue-project\wind-power-forecast\backend-autopredict\auto_scripts\scripts\supershort\logs\supershort_train_flags\20250510_supershort_train_done.flag)
2025-05-10 13:33:24,761 - INFO - 检测到今天 (20250510) 的超短期训练(train_supershort)已经执行过 (标志文件: D:\my-vue-project\wind-power-forecast\backend-autopredict\auto_scripts\scripts\supershort\logs\supershort_train_flags\20250510_supershort_train_done.flag)
2025-05-10 13:33:52,772 - INFO - 检测到今天 (20250510) 的超短期训练(train_supershort)已经执行过 (标志文件: D:\my-vue-project\wind-power-forecast\backend-autopredict\auto_scripts\scripts\supershort\logs\supershort_train_flags\20250510_supershort_train_done.flag)
2025-05-10 13:34:20,787 - INFO - 检测到今天 (20250510) 的超短期训练(train_supershort)已经执行过 (标志文件: D:\my-vue-project\wind-power-forecast\backend-autopredict\auto_scripts\scripts\supershort\logs\supershort_train_flags\20250510_supershort_train_done.flag)
2025-05-10 13:34:48,789 - INFO - 检测到今天 (20250510) 的超短期训练(train_supershort)已经执行过 (标志文件: D:\my-vue-project\wind-power-forecast\backend-autopredict\auto_scripts\scripts\supershort\logs\supershort_train_flags\20250510_supershort_train_done.flag)
2025-05-10 13:35:16,795 - INFO - 检测到今天 (20250510) 的超短期训练(train_supershort)已经执行过 (标志文件: D:\my-vue-project\wind-power-forecast\backend-autopredict\auto_scripts\scripts\supershort\logs\supershort_train_flags\20250510_supershort_train_done.flag)
2025-05-10 13:35:44,808 - INFO - 检测到今天 (20250510) 的超短期训练(train_supershort)已经执行过 (标志文件: D:\my-vue-project\wind-power-forecast\backend-autopredict\auto_scripts\scripts\supershort\logs\supershort_train_flags\20250510_supershort_train_done.flag)
2025-05-10 13:36:12,809 - INFO - 检测到今天 (20250510) 的超短期训练(train_supershort)已经执行过 (标志文件: D:\my-vue-project\wind-power-forecast\backend-autopredict\auto_scripts\scripts\supershort\logs\supershort_train_flags\20250510_supershort_train_done.flag)
2025-05-10 13:36:40,812 - INFO - 检测到今天 (20250510) 的超短期训练(train_supershort)已经执行过 (标志文件: D:\my-vue-project\wind-power-forecast\backend-autopredict\auto_scripts\scripts\supershort\logs\supershort_train_flags\20250510_supershort_train_done.flag)
2025-05-10 13:37:08,819 - INFO - 检测到今天 (20250510) 的超短期训练(train_supershort)已经执行过 (标志文件: D:\my-vue-project\wind-power-forecast\backend-autopredict\auto_scripts\scripts\supershort\logs\supershort_train_flags\20250510_supershort_train_done.flag)
2025-05-10 13:37:36,831 - INFO - 检测到今天 (20250510) 的超短期训练(train_supershort)已经执行过 (标志文件: D:\my-vue-project\wind-power-forecast\backend-autopredict\auto_scripts\scripts\supershort\logs\supershort_train_flags\20250510_supershort_train_done.flag)
2025-05-10 13:38:04,833 - INFO - 检测到今天 (20250510) 的超短期训练(train_supershort)已经执行过 (标志文件: D:\my-vue-project\wind-power-forecast\backend-autopredict\auto_scripts\scripts\supershort\logs\supershort_train_flags\20250510_supershort_train_done.flag)
2025-05-10 13:38:32,842 - INFO - 检测到今天 (20250510) 的超短期训练(train_supershort)已经执行过 (标志文件: D:\my-vue-project\wind-power-forecast\backend-autopredict\auto_scripts\scripts\supershort\logs\supershort_train_flags\20250510_supershort_train_done.flag)
2025-05-10 13:39:00,844 - INFO - 检测到今天 (20250510) 的超短期训练(train_supershort)已经执行过 (标志文件: D:\my-vue-project\wind-power-forecast\backend-autopredict\auto_scripts\scripts\supershort\logs\supershort_train_flags\20250510_supershort_train_done.flag)
2025-05-10 13:39:28,858 - INFO - 检测到今天 (20250510) 的超短期训练(train_supershort)已经执行过 (标志文件: D:\my-vue-project\wind-power-forecast\backend-autopredict\auto_scripts\scripts\supershort\logs\supershort_train_flags\20250510_supershort_train_done.flag)
2025-05-10 13:39:56,868 - INFO - 检测到今天 (20250510) 的超短期训练(train_supershort)已经执行过 (标志文件: D:\my-vue-project\wind-power-forecast\backend-autopredict\auto_scripts\scripts\supershort\logs\supershort_train_flags\20250510_supershort_train_done.flag)
2025-05-10 13:40:24,874 - INFO - 检测到今天 (20250510) 的超短期训练(train_supershort)已经执行过 (标志文件: D:\my-vue-project\wind-power-forecast\backend-autopredict\auto_scripts\scripts\supershort\logs\supershort_train_flags\20250510_supershort_train_done.flag)
2025-05-10 13:40:52,888 - INFO - 检测到今天 (20250510) 的超短期训练(train_supershort)已经执行过 (标志文件: D:\my-vue-project\wind-power-forecast\backend-autopredict\auto_scripts\scripts\supershort\logs\supershort_train_flags\20250510_supershort_train_done.flag)
2025-05-10 13:41:20,890 - INFO - 检测到今天 (20250510) 的超短期训练(train_supershort)已经执行过 (标志文件: D:\my-vue-project\wind-power-forecast\backend-autopredict\auto_scripts\scripts\supershort\logs\supershort_train_flags\20250510_supershort_train_done.flag)
2025-05-10 13:41:48,903 - INFO - 检测到今天 (20250510) 的超短期训练(train_supershort)已经执行过 (标志文件: D:\my-vue-project\wind-power-forecast\backend-autopredict\auto_scripts\scripts\supershort\logs\supershort_train_flags\20250510_supershort_train_done.flag)
2025-05-10 13:42:16,910 - INFO - 检测到今天 (20250510) 的超短期训练(train_supershort)已经执行过 (标志文件: D:\my-vue-project\wind-power-forecast\backend-autopredict\auto_scripts\scripts\supershort\logs\supershort_train_flags\20250510_supershort_train_done.flag)
2025-05-10 13:42:44,910 - INFO - 检测到今天 (20250510) 的超短期训练(train_supershort)已经执行过 (标志文件: D:\my-vue-project\wind-power-forecast\backend-autopredict\auto_scripts\scripts\supershort\logs\supershort_train_flags\20250510_supershort_train_done.flag)
2025-05-10 13:43:12,916 - INFO - 检测到今天 (20250510) 的超短期训练(train_supershort)已经执行过 (标志文件: D:\my-vue-project\wind-power-forecast\backend-autopredict\auto_scripts\scripts\supershort\logs\supershort_train_flags\20250510_supershort_train_done.flag)
2025-05-10 13:43:40,923 - INFO - 检测到今天 (20250510) 的超短期训练(train_supershort)已经执行过 (标志文件: D:\my-vue-project\wind-power-forecast\backend-autopredict\auto_scripts\scripts\supershort\logs\supershort_train_flags\20250510_supershort_train_done.flag)
2025-05-10 13:44:08,936 - INFO - 检测到今天 (20250510) 的超短期训练(train_supershort)已经执行过 (标志文件: D:\my-vue-project\wind-power-forecast\backend-autopredict\auto_scripts\scripts\supershort\logs\supershort_train_flags\20250510_supershort_train_done.flag)
2025-05-10 13:44:36,943 - INFO - 检测到今天 (20250510) 的超短期训练(train_supershort)已经执行过 (标志文件: D:\my-vue-project\wind-power-forecast\backend-autopredict\auto_scripts\scripts\supershort\logs\supershort_train_flags\20250510_supershort_train_done.flag)
2025-05-10 13:45:04,953 - INFO - 检测到今天 (20250510) 的超短期训练(train_supershort)已经执行过 (标志文件: D:\my-vue-project\wind-power-forecast\backend-autopredict\auto_scripts\scripts\supershort\logs\supershort_train_flags\20250510_supershort_train_done.flag)
2025-05-10 13:45:32,956 - INFO - 检测到今天 (20250510) 的超短期训练(train_supershort)已经执行过 (标志文件: D:\my-vue-project\wind-power-forecast\backend-autopredict\auto_scripts\scripts\supershort\logs\supershort_train_flags\20250510_supershort_train_done.flag)
2025-05-10 13:46:00,961 - INFO - 检测到今天 (20250510) 的超短期训练(train_supershort)已经执行过 (标志文件: D:\my-vue-project\wind-power-forecast\backend-autopredict\auto_scripts\scripts\supershort\logs\supershort_train_flags\20250510_supershort_train_done.flag)
2025-05-10 13:46:28,977 - INFO - 检测到今天 (20250510) 的超短期训练(train_supershort)已经执行过 (标志文件: D:\my-vue-project\wind-power-forecast\backend-autopredict\auto_scripts\scripts\supershort\logs\supershort_train_flags\20250510_supershort_train_done.flag)
2025-05-10 13:46:56,980 - INFO - 检测到今天 (20250510) 的超短期训练(train_supershort)已经执行过 (标志文件: D:\my-vue-project\wind-power-forecast\backend-autopredict\auto_scripts\scripts\supershort\logs\supershort_train_flags\20250510_supershort_train_done.flag)
2025-05-10 13:47:24,982 - INFO - 检测到今天 (20250510) 的超短期训练(train_supershort)已经执行过 (标志文件: D:\my-vue-project\wind-power-forecast\backend-autopredict\auto_scripts\scripts\supershort\logs\supershort_train_flags\20250510_supershort_train_done.flag)
2025-05-10 13:47:52,993 - INFO - 开始执行超短期预测任务 (predict_supershort.py)
2025-05-10 13:47:52,993 - INFO - 执行命令: D:\my-vue-project\wind-power-forecast\backend\wind-power-env\python.exe "D:\my-vue-project\wind-power-forecast\backend-autopredict\auto_scripts\scripts\supershort\predict_supershort.py"
2025-05-10 13:50:55,250 - INFO - 命令执行完毕。返回码: 0
2025-05-10 13:50:55,250 - INFO - 命令标准输出 (stdout):
---- STDOUT START ----
数据库连接配置: localhost:54321/windpower
MinIO连接配置: http://localhost:9900
构建数据库连接URL...
DB_USER环境变量：system
KINGBASE_CONFIG['user']值：system
DB_PASSWORD是否已设置：是
DB_HOST环境变量：localhost
DB_PORT环境变量：54321
DB_NAME环境变量：windpower
最终连接URL：postgresql+kingbase://system:12345678ab@localhost:54321/windpower
DEBUG: 进入 create_engine_with_retry 函数...
DEBUG: 尝试第 1 次创建引擎，使用 URI: postgresql+kingbase://system:12345678ab@localhost:54321/windpower
警告: 迁移检查失败: (psycopg2.OperationalError) connection to server at "localhost" (::1), port 54321 failed: Connection refused (0x0000274D/10061)
	Is the server running on that host and accepting TCP/IP connections?
connection to server at "localhost" (127.0.0.1), port 54321 failed: Connection refused (0x0000274D/10061)
	Is the server running on that host and accepting TCP/IP connections?

(Background on this error at: https://sqlalche.me/e/20/e3q8)
[ERROR] MinIO connection failed (attempt 1/5): HTTPConnectionPool(host='localhost', port=9900): Max retries exceeded with url: / (... (stdout truncated) ...ax retries exceeded with url: / (Caused by NewConnectionError('<urllib3.connection.HTTPConnection object at 0x000000005AB6B5B0>: Failed to establish a new connection: [WinError 10061] 由于目标计算机积极拒绝，无法连接。'))
应用将继续启动，但MinIO功能可能不可用
DATASET_FOLDER (数据集): D:\my-vue-project\wind-power-forecast\backend-autopredict\auto_scripts\scripts\supershort\datasets
PREC_SV_FOLDER (预测输入): D:\my-vue-project\wind-power-forecast\backend-autopredict\auto_scripts\scripts\supershort\predict_inputs
MODEL_FOLDER (模型): D:\my-vue-project\wind-power-forecast\backend-autopredict\auto_scripts\scripts\supershort\saved_models
OUTPUT_DIR_PRE (预测输出): D:\my-vue-project\wind-power-forecast\backend-autopredict\auto_scripts\scripts\supershort\prediction_results
AUTO_TRAIN_LOG_DIR (训练日志): D:\my-vue-project\wind-power-forecast\backend-autopredict\auto_scripts\scripts\supershort\logs\auto_train
AUTO_PREDICT_LOG_DIR (预测日志): D:\my-vue-project\wind-power-forecast\backend-autopredict\auto_scripts\scripts\supershort\logs\auto_predict

---- STDOUT END ----
2025-05-10 13:50:55,250 - WARNING - 命令标准错误 (stderr):
---- STDERR START ----
INFO:root:Running predict_supershort.py directly...
INFO:root:Starting prediction cycle at UTC: 2025-05-10 05:50:51
INFO:root:  Current processing slot starts at: 2025-05-10 05:45
INFO:root:  First prediction target time UTC: 2025-05-10 06:15
INFO:root:  Expected wp_true timestamp UTC: 2025-05-10 05:45
INFO:root:  Earliest historical data needed UTC: 2025-05-10 01:15
INFO:root:  Last prediction target time UTC: 2025-05-10 10:00
INFO:root:Input CSV D:\my-vue-project\wind-power-forecast\backend-autopredict\auto_scripts\scripts\supershort\predict_inputs\model_input_target_202505100615.csv not found. Fetching data from database to create it.
INFO:root:Waiting for wp_true for timestamp: 2025-05-10 05:45:00+00:00
INFO:root:Attempt 1: Checking for wp_true for 2025-05-10 05:45:00+00:00 (wait until 2025-05-10 05:58:00+00:00)...
ERROR:db_session:数据库事务错误，已回滚: (psycopg2.OperationalError) connection to server at "localhost" (::1), port 54321 failed: Connection refused (0x0000274D/10061)
	Is the ser... (stderr truncated) ...wind-power-env\lib\site-packages\sqlalchemy\engine\create.py", line 646, in connect
    return dialect.connect(*cargs, **cparams)
  File "D:\my-vue-project\wind-power-forecast\backend\wind-power-env\lib\site-packages\sqlalchemy\engine\default.py", line 622, in connect
    return self.loaded_dbapi.connect(*cargs, **cparams)
  File "D:\my-vue-project\wind-power-forecast\backend\wind-power-env\lib\site-packages\psycopg2\__init__.py", line 122, in connect
    conn = _connect(dsn, connection_factory=connection_factory, **kwasync)
sqlalchemy.exc.OperationalError: (psycopg2.OperationalError) connection to server at "localhost" (::1), port 54321 failed: Connection refused (0x0000274D/10061)
	Is the server running on that host and accepting TCP/IP connections?
connection to server at "localhost" (127.0.0.1), port 54321 failed: Connection refused (0x0000274D/10061)
	Is the server running on that host and accepting TCP/IP connections?

(Background on this error at: https://sqlalche.me/e/20/e3q8)

---- STDERR END ----
2025-05-10 13:50:55,250 - INFO - 命令判断为执行成功 (基于返回码0)。
2025-05-10 13:50:55,250 - INFO - predict_supershort.py 执行成功
2025-05-10 13:50:55,250 - INFO - 检测到今天 (20250510) 的超短期训练(train_supershort)已经执行过 (标志文件: D:\my-vue-project\wind-power-forecast\backend-autopredict\auto_scripts\scripts\supershort\logs\supershort_train_flags\20250510_supershort_train_done.flag)
2025-05-10 13:51:23,258 - INFO - 检测到今天 (20250510) 的超短期训练(train_supershort)已经执行过 (标志文件: D:\my-vue-project\wind-power-forecast\backend-autopredict\auto_scripts\scripts\supershort\logs\supershort_train_flags\20250510_supershort_train_done.flag)
2025-05-10 13:51:51,273 - INFO - 检测到今天 (20250510) 的超短期训练(train_supershort)已经执行过 (标志文件: D:\my-vue-project\wind-power-forecast\backend-autopredict\auto_scripts\scripts\supershort\logs\supershort_train_flags\20250510_supershort_train_done.flag)
2025-05-10 13:52:19,278 - INFO - 检测到今天 (20250510) 的超短期训练(train_supershort)已经执行过 (标志文件: D:\my-vue-project\wind-power-forecast\backend-autopredict\auto_scripts\scripts\supershort\logs\supershort_train_flags\20250510_supershort_train_done.flag)
2025-05-10 13:52:47,285 - INFO - 检测到今天 (20250510) 的超短期训练(train_supershort)已经执行过 (标志文件: D:\my-vue-project\wind-power-forecast\backend-autopredict\auto_scripts\scripts\supershort\logs\supershort_train_flags\20250510_supershort_train_done.flag)
2025-05-10 13:53:15,290 - INFO - 检测到今天 (20250510) 的超短期训练(train_supershort)已经执行过 (标志文件: D:\my-vue-project\wind-power-forecast\backend-autopredict\auto_scripts\scripts\supershort\logs\supershort_train_flags\20250510_supershort_train_done.flag)
2025-05-10 13:53:43,295 - INFO - 检测到今天 (20250510) 的超短期训练(train_supershort)已经执行过 (标志文件: D:\my-vue-project\wind-power-forecast\backend-autopredict\auto_scripts\scripts\supershort\logs\supershort_train_flags\20250510_supershort_train_done.flag)
2025-05-10 13:54:11,299 - INFO - 检测到今天 (20250510) 的超短期训练(train_supershort)已经执行过 (标志文件: D:\my-vue-project\wind-power-forecast\backend-autopredict\auto_scripts\scripts\supershort\logs\supershort_train_flags\20250510_supershort_train_done.flag)
2025-05-10 13:54:39,308 - INFO - 检测到今天 (20250510) 的超短期训练(train_supershort)已经执行过 (标志文件: D:\my-vue-project\wind-power-forecast\backend-autopredict\auto_scripts\scripts\supershort\logs\supershort_train_flags\20250510_supershort_train_done.flag)
2025-05-10 13:55:07,310 - INFO - 检测到今天 (20250510) 的超短期训练(train_supershort)已经执行过 (标志文件: D:\my-vue-project\wind-power-forecast\backend-autopredict\auto_scripts\scripts\supershort\logs\supershort_train_flags\20250510_supershort_train_done.flag)
2025-05-10 13:55:35,320 - INFO - 检测到今天 (20250510) 的超短期训练(train_supershort)已经执行过 (标志文件: D:\my-vue-project\wind-power-forecast\backend-autopredict\auto_scripts\scripts\supershort\logs\supershort_train_flags\20250510_supershort_train_done.flag)
2025-05-10 13:56:03,320 - INFO - 检测到今天 (20250510) 的超短期训练(train_supershort)已经执行过 (标志文件: D:\my-vue-project\wind-power-forecast\backend-autopredict\auto_scripts\scripts\supershort\logs\supershort_train_flags\20250510_supershort_train_done.flag)
2025-05-10 13:56:31,328 - INFO - 检测到今天 (20250510) 的超短期训练(train_supershort)已经执行过 (标志文件: D:\my-vue-project\wind-power-forecast\backend-autopredict\auto_scripts\scripts\supershort\logs\supershort_train_flags\20250510_supershort_train_done.flag)
2025-05-10 13:56:59,340 - INFO - 检测到今天 (20250510) 的超短期训练(train_supershort)已经执行过 (标志文件: D:\my-vue-project\wind-power-forecast\backend-autopredict\auto_scripts\scripts\supershort\logs\supershort_train_flags\20250510_supershort_train_done.flag)
2025-05-10 13:57:27,347 - INFO - 检测到今天 (20250510) 的超短期训练(train_supershort)已经执行过 (标志文件: D:\my-vue-project\wind-power-forecast\backend-autopredict\auto_scripts\scripts\supershort\logs\supershort_train_flags\20250510_supershort_train_done.flag)
2025-05-10 13:57:55,354 - INFO - 检测到今天 (20250510) 的超短期训练(train_supershort)已经执行过 (标志文件: D:\my-vue-project\wind-power-forecast\backend-autopredict\auto_scripts\scripts\supershort\logs\supershort_train_flags\20250510_supershort_train_done.flag)
2025-05-10 13:58:23,364 - INFO - 检测到今天 (20250510) 的超短期训练(train_supershort)已经执行过 (标志文件: D:\my-vue-project\wind-power-forecast\backend-autopredict\auto_scripts\scripts\supershort\logs\supershort_train_flags\20250510_supershort_train_done.flag)
2025-05-10 13:58:51,377 - INFO - 检测到今天 (20250510) 的超短期训练(train_supershort)已经执行过 (标志文件: D:\my-vue-project\wind-power-forecast\backend-autopredict\auto_scripts\scripts\supershort\logs\supershort_train_flags\20250510_supershort_train_done.flag)
2025-05-10 13:59:19,378 - INFO - 检测到今天 (20250510) 的超短期训练(train_supershort)已经执行过 (标志文件: D:\my-vue-project\wind-power-forecast\backend-autopredict\auto_scripts\scripts\supershort\logs\supershort_train_flags\20250510_supershort_train_done.flag)
2025-05-10 13:59:47,391 - INFO - 检测到今天 (20250510) 的超短期训练(train_supershort)已经执行过 (标志文件: D:\my-vue-project\wind-power-forecast\backend-autopredict\auto_scripts\scripts\supershort\logs\supershort_train_flags\20250510_supershort_train_done.flag)
2025-05-10 14:00:15,406 - INFO - [每小时状态@14:00] 超短期训练执行: True
2025-05-10 14:00:15,407 - INFO - 检测到今天 (20250510) 的超短期训练(train_supershort)已经执行过 (标志文件: D:\my-vue-project\wind-power-forecast\backend-autopredict\auto_scripts\scripts\supershort\logs\supershort_train_flags\20250510_supershort_train_done.flag)
2025-05-10 14:00:43,410 - INFO - [每小时状态@14:00] 超短期训练执行: True
2025-05-10 14:00:43,410 - INFO - 检测到今天 (20250510) 的超短期训练(train_supershort)已经执行过 (标志文件: D:\my-vue-project\wind-power-forecast\backend-autopredict\auto_scripts\scripts\supershort\logs\supershort_train_flags\20250510_supershort_train_done.flag)
2025-05-10 14:01:11,423 - INFO - 检测到今天 (20250510) 的超短期训练(train_supershort)已经执行过 (标志文件: D:\my-vue-project\wind-power-forecast\backend-autopredict\auto_scripts\scripts\supershort\logs\supershort_train_flags\20250510_supershort_train_done.flag)
2025-05-10 14:01:39,430 - INFO - 检测到今天 (20250510) 的超短期训练(train_supershort)已经执行过 (标志文件: D:\my-vue-project\wind-power-forecast\backend-autopredict\auto_scripts\scripts\supershort\logs\supershort_train_flags\20250510_supershort_train_done.flag)
2025-05-10 14:02:07,440 - INFO - 检测到今天 (20250510) 的超短期训练(train_supershort)已经执行过 (标志文件: D:\my-vue-project\wind-power-forecast\backend-autopredict\auto_scripts\scripts\supershort\logs\supershort_train_flags\20250510_supershort_train_done.flag)
2025-05-10 14:02:35,456 - INFO - 检测到今天 (20250510) 的超短期训练(train_supershort)已经执行过 (标志文件: D:\my-vue-project\wind-power-forecast\backend-autopredict\auto_scripts\scripts\supershort\logs\supershort_train_flags\20250510_supershort_train_done.flag)
2025-05-10 14:03:03,465 - INFO - 检测到今天 (20250510) 的超短期训练(train_supershort)已经执行过 (标志文件: D:\my-vue-project\wind-power-forecast\backend-autopredict\auto_scripts\scripts\supershort\logs\supershort_train_flags\20250510_supershort_train_done.flag)
2025-05-10 14:03:31,472 - INFO - 检测到今天 (20250510) 的超短期训练(train_supershort)已经执行过 (标志文件: D:\my-vue-project\wind-power-forecast\backend-autopredict\auto_scripts\scripts\supershort\logs\supershort_train_flags\20250510_supershort_train_done.flag)
2025-05-10 14:03:59,473 - INFO - 检测到今天 (20250510) 的超短期训练(train_supershort)已经执行过 (标志文件: D:\my-vue-project\wind-power-forecast\backend-autopredict\auto_scripts\scripts\supershort\logs\supershort_train_flags\20250510_supershort_train_done.flag)
2025-05-10 14:04:27,482 - INFO - 检测到今天 (20250510) 的超短期训练(train_supershort)已经执行过 (标志文件: D:\my-vue-project\wind-power-forecast\backend-autopredict\auto_scripts\scripts\supershort\logs\supershort_train_flags\20250510_supershort_train_done.flag)
2025-05-10 14:04:55,487 - INFO - 检测到今天 (20250510) 的超短期训练(train_supershort)已经执行过 (标志文件: D:\my-vue-project\wind-power-forecast\backend-autopredict\auto_scripts\scripts\supershort\logs\supershort_train_flags\20250510_supershort_train_done.flag)
2025-05-10 14:05:23,499 - INFO - 检测到今天 (20250510) 的超短期训练(train_supershort)已经执行过 (标志文件: D:\my-vue-project\wind-power-forecast\backend-autopredict\auto_scripts\scripts\supershort\logs\supershort_train_flags\20250510_supershort_train_done.flag)
2025-05-10 14:05:51,509 - INFO - 检测到今天 (20250510) 的超短期训练(train_supershort)已经执行过 (标志文件: D:\my-vue-project\wind-power-forecast\backend-autopredict\auto_scripts\scripts\supershort\logs\supershort_train_flags\20250510_supershort_train_done.flag)
2025-05-10 14:06:19,515 - INFO - 开始执行超短期预测任务 (predict_supershort.py)
2025-05-10 14:06:19,515 - INFO - 执行命令: D:\my-vue-project\wind-power-forecast\backend\wind-power-env\python.exe "D:\my-vue-project\wind-power-forecast\backend-autopredict\auto_scripts\scripts\supershort\predict_supershort.py"
2025-05-10 14:09:21,619 - INFO - 命令执行完毕。返回码: 0
2025-05-10 14:09:21,619 - INFO - 命令标准输出 (stdout):
---- STDOUT START ----
数据库连接配置: localhost:54321/windpower
MinIO连接配置: http://localhost:9900
构建数据库连接URL...
DB_USER环境变量：system
KINGBASE_CONFIG['user']值：system
DB_PASSWORD是否已设置：是
DB_HOST环境变量：localhost
DB_PORT环境变量：54321
DB_NAME环境变量：windpower
最终连接URL：postgresql+kingbase://system:12345678ab@localhost:54321/windpower
DEBUG: 进入 create_engine_with_retry 函数...
DEBUG: 尝试第 1 次创建引擎，使用 URI: postgresql+kingbase://system:12345678ab@localhost:54321/windpower
警告: 迁移检查失败: (psycopg2.OperationalError) connection to server at "localhost" (::1), port 54321 failed: Connection refused (0x0000274D/10061)
	Is the server running on that host and accepting TCP/IP connections?
connection to server at "localhost" (127.0.0.1), port 54321 failed: Connection refused (0x0000274D/10061)
	Is the server running on that host and accepting TCP/IP connections?

(Background on this error at: https://sqlalche.me/e/20/e3q8)
[ERROR] MinIO connection failed (attempt 1/5): HTTPConnectionPool(host='localhost', port=9900): Max retries exceeded with url: / (... (stdout truncated) ...ax retries exceeded with url: / (Caused by NewConnectionError('<urllib3.connection.HTTPConnection object at 0x000000005AB6B5B0>: Failed to establish a new connection: [WinError 10061] 由于目标计算机积极拒绝，无法连接。'))
应用将继续启动，但MinIO功能可能不可用
DATASET_FOLDER (数据集): D:\my-vue-project\wind-power-forecast\backend-autopredict\auto_scripts\scripts\supershort\datasets
PREC_SV_FOLDER (预测输入): D:\my-vue-project\wind-power-forecast\backend-autopredict\auto_scripts\scripts\supershort\predict_inputs
MODEL_FOLDER (模型): D:\my-vue-project\wind-power-forecast\backend-autopredict\auto_scripts\scripts\supershort\saved_models
OUTPUT_DIR_PRE (预测输出): D:\my-vue-project\wind-power-forecast\backend-autopredict\auto_scripts\scripts\supershort\prediction_results
AUTO_TRAIN_LOG_DIR (训练日志): D:\my-vue-project\wind-power-forecast\backend-autopredict\auto_scripts\scripts\supershort\logs\auto_train
AUTO_PREDICT_LOG_DIR (预测日志): D:\my-vue-project\wind-power-forecast\backend-autopredict\auto_scripts\scripts\supershort\logs\auto_predict

---- STDOUT END ----
2025-05-10 14:09:21,619 - WARNING - 命令标准错误 (stderr):
---- STDERR START ----
INFO:root:Running predict_supershort.py directly...
INFO:root:Starting prediction cycle at UTC: 2025-05-10 06:09:17
INFO:root:  Current processing slot starts at: 2025-05-10 06:00
INFO:root:  First prediction target time UTC: 2025-05-10 06:30
INFO:root:  Expected wp_true timestamp UTC: 2025-05-10 06:00
INFO:root:  Earliest historical data needed UTC: 2025-05-10 01:30
INFO:root:  Last prediction target time UTC: 2025-05-10 10:15
INFO:root:Input CSV D:\my-vue-project\wind-power-forecast\backend-autopredict\auto_scripts\scripts\supershort\predict_inputs\model_input_target_202505100630.csv not found. Fetching data from database to create it.
INFO:root:Waiting for wp_true for timestamp: 2025-05-10 06:00:00+00:00
INFO:root:Attempt 1: Checking for wp_true for 2025-05-10 06:00:00+00:00 (wait until 2025-05-10 06:13:00+00:00)...
ERROR:db_session:数据库事务错误，已回滚: (psycopg2.OperationalError) connection to server at "localhost" (::1), port 54321 failed: Connection refused (0x0000274D/10061)
	Is the ser... (stderr truncated) ...wind-power-env\lib\site-packages\sqlalchemy\engine\create.py", line 646, in connect
    return dialect.connect(*cargs, **cparams)
  File "D:\my-vue-project\wind-power-forecast\backend\wind-power-env\lib\site-packages\sqlalchemy\engine\default.py", line 622, in connect
    return self.loaded_dbapi.connect(*cargs, **cparams)
  File "D:\my-vue-project\wind-power-forecast\backend\wind-power-env\lib\site-packages\psycopg2\__init__.py", line 122, in connect
    conn = _connect(dsn, connection_factory=connection_factory, **kwasync)
sqlalchemy.exc.OperationalError: (psycopg2.OperationalError) connection to server at "localhost" (::1), port 54321 failed: Connection refused (0x0000274D/10061)
	Is the server running on that host and accepting TCP/IP connections?
connection to server at "localhost" (127.0.0.1), port 54321 failed: Connection refused (0x0000274D/10061)
	Is the server running on that host and accepting TCP/IP connections?

(Background on this error at: https://sqlalche.me/e/20/e3q8)

---- STDERR END ----
2025-05-10 14:09:21,619 - INFO - 命令判断为执行成功 (基于返回码0)。
2025-05-10 14:09:21,619 - INFO - predict_supershort.py 执行成功
2025-05-10 14:09:21,619 - INFO - 检测到今天 (20250510) 的超短期训练(train_supershort)已经执行过 (标志文件: D:\my-vue-project\wind-power-forecast\backend-autopredict\auto_scripts\scripts\supershort\logs\supershort_train_flags\20250510_supershort_train_done.flag)
2025-05-10 14:09:49,619 - INFO - 检测到今天 (20250510) 的超短期训练(train_supershort)已经执行过 (标志文件: D:\my-vue-project\wind-power-forecast\backend-autopredict\auto_scripts\scripts\supershort\logs\supershort_train_flags\20250510_supershort_train_done.flag)
2025-05-10 14:10:17,637 - INFO - 检测到今天 (20250510) 的超短期训练(train_supershort)已经执行过 (标志文件: D:\my-vue-project\wind-power-forecast\backend-autopredict\auto_scripts\scripts\supershort\logs\supershort_train_flags\20250510_supershort_train_done.flag)
2025-05-10 14:10:45,647 - INFO - 检测到今天 (20250510) 的超短期训练(train_supershort)已经执行过 (标志文件: D:\my-vue-project\wind-power-forecast\backend-autopredict\auto_scripts\scripts\supershort\logs\supershort_train_flags\20250510_supershort_train_done.flag)
2025-05-10 14:11:13,663 - INFO - 检测到今天 (20250510) 的超短期训练(train_supershort)已经执行过 (标志文件: D:\my-vue-project\wind-power-forecast\backend-autopredict\auto_scripts\scripts\supershort\logs\supershort_train_flags\20250510_supershort_train_done.flag)
2025-05-10 14:11:41,666 - INFO - 检测到今天 (20250510) 的超短期训练(train_supershort)已经执行过 (标志文件: D:\my-vue-project\wind-power-forecast\backend-autopredict\auto_scripts\scripts\supershort\logs\supershort_train_flags\20250510_supershort_train_done.flag)
2025-05-10 14:12:09,680 - INFO - 检测到今天 (20250510) 的超短期训练(train_supershort)已经执行过 (标志文件: D:\my-vue-project\wind-power-forecast\backend-autopredict\auto_scripts\scripts\supershort\logs\supershort_train_flags\20250510_supershort_train_done.flag)
2025-05-10 14:12:37,691 - INFO - 检测到今天 (20250510) 的超短期训练(train_supershort)已经执行过 (标志文件: D:\my-vue-project\wind-power-forecast\backend-autopredict\auto_scripts\scripts\supershort\logs\supershort_train_flags\20250510_supershort_train_done.flag)
2025-05-10 14:13:05,703 - INFO - 检测到今天 (20250510) 的超短期训练(train_supershort)已经执行过 (标志文件: D:\my-vue-project\wind-power-forecast\backend-autopredict\auto_scripts\scripts\supershort\logs\supershort_train_flags\20250510_supershort_train_done.flag)
2025-05-10 14:13:33,714 - INFO - 检测到今天 (20250510) 的超短期训练(train_supershort)已经执行过 (标志文件: D:\my-vue-project\wind-power-forecast\backend-autopredict\auto_scripts\scripts\supershort\logs\supershort_train_flags\20250510_supershort_train_done.flag)
2025-05-10 14:14:01,726 - INFO - 检测到今天 (20250510) 的超短期训练(train_supershort)已经执行过 (标志文件: D:\my-vue-project\wind-power-forecast\backend-autopredict\auto_scripts\scripts\supershort\logs\supershort_train_flags\20250510_supershort_train_done.flag)
2025-05-10 14:14:29,736 - INFO - 检测到今天 (20250510) 的超短期训练(train_supershort)已经执行过 (标志文件: D:\my-vue-project\wind-power-forecast\backend-autopredict\auto_scripts\scripts\supershort\logs\supershort_train_flags\20250510_supershort_train_done.flag)
2025-05-10 14:14:57,744 - INFO - 检测到今天 (20250510) 的超短期训练(train_supershort)已经执行过 (标志文件: D:\my-vue-project\wind-power-forecast\backend-autopredict\auto_scripts\scripts\supershort\logs\supershort_train_flags\20250510_supershort_train_done.flag)
2025-05-10 14:15:25,755 - INFO - 检测到今天 (20250510) 的超短期训练(train_supershort)已经执行过 (标志文件: D:\my-vue-project\wind-power-forecast\backend-autopredict\auto_scripts\scripts\supershort\logs\supershort_train_flags\20250510_supershort_train_done.flag)
2025-05-10 14:15:53,764 - INFO - 检测到今天 (20250510) 的超短期训练(train_supershort)已经执行过 (标志文件: D:\my-vue-project\wind-power-forecast\backend-autopredict\auto_scripts\scripts\supershort\logs\supershort_train_flags\20250510_supershort_train_done.flag)
2025-05-10 14:16:21,770 - INFO - 检测到今天 (20250510) 的超短期训练(train_supershort)已经执行过 (标志文件: D:\my-vue-project\wind-power-forecast\backend-autopredict\auto_scripts\scripts\supershort\logs\supershort_train_flags\20250510_supershort_train_done.flag)
2025-05-10 14:16:49,784 - INFO - 检测到今天 (20250510) 的超短期训练(train_supershort)已经执行过 (标志文件: D:\my-vue-project\wind-power-forecast\backend-autopredict\auto_scripts\scripts\supershort\logs\supershort_train_flags\20250510_supershort_train_done.flag)
2025-05-10 14:17:17,800 - INFO - 检测到今天 (20250510) 的超短期训练(train_supershort)已经执行过 (标志文件: D:\my-vue-project\wind-power-forecast\backend-autopredict\auto_scripts\scripts\supershort\logs\supershort_train_flags\20250510_supershort_train_done.flag)
2025-05-10 14:17:45,805 - INFO - 检测到今天 (20250510) 的超短期训练(train_supershort)已经执行过 (标志文件: D:\my-vue-project\wind-power-forecast\backend-autopredict\auto_scripts\scripts\supershort\logs\supershort_train_flags\20250510_supershort_train_done.flag)
2025-05-10 14:18:13,817 - INFO - 检测到今天 (20250510) 的超短期训练(train_supershort)已经执行过 (标志文件: D:\my-vue-project\wind-power-forecast\backend-autopredict\auto_scripts\scripts\supershort\logs\supershort_train_flags\20250510_supershort_train_done.flag)
2025-05-10 14:18:41,830 - INFO - 检测到今天 (20250510) 的超短期训练(train_supershort)已经执行过 (标志文件: D:\my-vue-project\wind-power-forecast\backend-autopredict\auto_scripts\scripts\supershort\logs\supershort_train_flags\20250510_supershort_train_done.flag)
2025-05-10 14:19:09,840 - INFO - 检测到今天 (20250510) 的超短期训练(train_supershort)已经执行过 (标志文件: D:\my-vue-project\wind-power-forecast\backend-autopredict\auto_scripts\scripts\supershort\logs\supershort_train_flags\20250510_supershort_train_done.flag)
2025-05-10 14:19:37,847 - INFO - 检测到今天 (20250510) 的超短期训练(train_supershort)已经执行过 (标志文件: D:\my-vue-project\wind-power-forecast\backend-autopredict\auto_scripts\scripts\supershort\logs\supershort_train_flags\20250510_supershort_train_done.flag)
2025-05-10 14:20:05,853 - INFO - 检测到今天 (20250510) 的超短期训练(train_supershort)已经执行过 (标志文件: D:\my-vue-project\wind-power-forecast\backend-autopredict\auto_scripts\scripts\supershort\logs\supershort_train_flags\20250510_supershort_train_done.flag)
2025-05-10 14:20:33,867 - INFO - 检测到今天 (20250510) 的超短期训练(train_supershort)已经执行过 (标志文件: D:\my-vue-project\wind-power-forecast\backend-autopredict\auto_scripts\scripts\supershort\logs\supershort_train_flags\20250510_supershort_train_done.flag)
2025-05-10 14:21:01,880 - INFO - 检测到今天 (20250510) 的超短期训练(train_supershort)已经执行过 (标志文件: D:\my-vue-project\wind-power-forecast\backend-autopredict\auto_scripts\scripts\supershort\logs\supershort_train_flags\20250510_supershort_train_done.flag)
2025-05-10 14:21:29,887 - INFO - 检测到今天 (20250510) 的超短期训练(train_supershort)已经执行过 (标志文件: D:\my-vue-project\wind-power-forecast\backend-autopredict\auto_scripts\scripts\supershort\logs\supershort_train_flags\20250510_supershort_train_done.flag)
2025-05-10 14:21:57,896 - INFO - 检测到今天 (20250510) 的超短期训练(train_supershort)已经执行过 (标志文件: D:\my-vue-project\wind-power-forecast\backend-autopredict\auto_scripts\scripts\supershort\logs\supershort_train_flags\20250510_supershort_train_done.flag)
2025-05-10 14:22:25,910 - INFO - 检测到今天 (20250510) 的超短期训练(train_supershort)已经执行过 (标志文件: D:\my-vue-project\wind-power-forecast\backend-autopredict\auto_scripts\scripts\supershort\logs\supershort_train_flags\20250510_supershort_train_done.flag)
2025-05-10 14:22:53,924 - INFO - 检测到今天 (20250510) 的超短期训练(train_supershort)已经执行过 (标志文件: D:\my-vue-project\wind-power-forecast\backend-autopredict\auto_scripts\scripts\supershort\logs\supershort_train_flags\20250510_supershort_train_done.flag)
2025-05-10 14:23:21,927 - INFO - 检测到今天 (20250510) 的超短期训练(train_supershort)已经执行过 (标志文件: D:\my-vue-project\wind-power-forecast\backend-autopredict\auto_scripts\scripts\supershort\logs\supershort_train_flags\20250510_supershort_train_done.flag)
2025-05-10 14:23:49,932 - INFO - 检测到今天 (20250510) 的超短期训练(train_supershort)已经执行过 (标志文件: D:\my-vue-project\wind-power-forecast\backend-autopredict\auto_scripts\scripts\supershort\logs\supershort_train_flags\20250510_supershort_train_done.flag)
2025-05-10 14:24:17,947 - INFO - 检测到今天 (20250510) 的超短期训练(train_supershort)已经执行过 (标志文件: D:\my-vue-project\wind-power-forecast\backend-autopredict\auto_scripts\scripts\supershort\logs\supershort_train_flags\20250510_supershort_train_done.flag)
2025-05-10 14:24:45,953 - INFO - 开始执行超短期预测任务 (predict_supershort.py)
2025-05-10 14:24:45,953 - INFO - 执行命令: D:\my-vue-project\wind-power-forecast\backend\wind-power-env\python.exe "D:\my-vue-project\wind-power-forecast\backend-autopredict\auto_scripts\scripts\supershort\predict_supershort.py"
2025-05-10 14:27:48,320 - INFO - 命令执行完毕。返回码: 0
2025-05-10 14:27:48,320 - INFO - 命令标准输出 (stdout):
---- STDOUT START ----
数据库连接配置: localhost:54321/windpower
MinIO连接配置: http://localhost:9900
构建数据库连接URL...
DB_USER环境变量：system
KINGBASE_CONFIG['user']值：system
DB_PASSWORD是否已设置：是
DB_HOST环境变量：localhost
DB_PORT环境变量：54321
DB_NAME环境变量：windpower
最终连接URL：postgresql+kingbase://system:12345678ab@localhost:54321/windpower
DEBUG: 进入 create_engine_with_retry 函数...
DEBUG: 尝试第 1 次创建引擎，使用 URI: postgresql+kingbase://system:12345678ab@localhost:54321/windpower
警告: 迁移检查失败: (psycopg2.OperationalError) connection to server at "localhost" (::1), port 54321 failed: Connection refused (0x0000274D/10061)
	Is the server running on that host and accepting TCP/IP connections?
connection to server at "localhost" (127.0.0.1), port 54321 failed: Connection refused (0x0000274D/10061)
	Is the server running on that host and accepting TCP/IP connections?

(Background on this error at: https://sqlalche.me/e/20/e3q8)
[ERROR] MinIO connection failed (attempt 1/5): HTTPConnectionPool(host='localhost', port=9900): Max retries exceeded with url: / (... (stdout truncated) ...ax retries exceeded with url: / (Caused by NewConnectionError('<urllib3.connection.HTTPConnection object at 0x000000005AB6B5B0>: Failed to establish a new connection: [WinError 10061] 由于目标计算机积极拒绝，无法连接。'))
应用将继续启动，但MinIO功能可能不可用
DATASET_FOLDER (数据集): D:\my-vue-project\wind-power-forecast\backend-autopredict\auto_scripts\scripts\supershort\datasets
PREC_SV_FOLDER (预测输入): D:\my-vue-project\wind-power-forecast\backend-autopredict\auto_scripts\scripts\supershort\predict_inputs
MODEL_FOLDER (模型): D:\my-vue-project\wind-power-forecast\backend-autopredict\auto_scripts\scripts\supershort\saved_models
OUTPUT_DIR_PRE (预测输出): D:\my-vue-project\wind-power-forecast\backend-autopredict\auto_scripts\scripts\supershort\prediction_results
AUTO_TRAIN_LOG_DIR (训练日志): D:\my-vue-project\wind-power-forecast\backend-autopredict\auto_scripts\scripts\supershort\logs\auto_train
AUTO_PREDICT_LOG_DIR (预测日志): D:\my-vue-project\wind-power-forecast\backend-autopredict\auto_scripts\scripts\supershort\logs\auto_predict

---- STDOUT END ----
2025-05-10 14:27:48,320 - WARNING - 命令标准错误 (stderr):
---- STDERR START ----
INFO:root:Running predict_supershort.py directly...
INFO:root:Starting prediction cycle at UTC: 2025-05-10 06:27:44
INFO:root:  Current processing slot starts at: 2025-05-10 06:15
INFO:root:  First prediction target time UTC: 2025-05-10 06:45
INFO:root:  Expected wp_true timestamp UTC: 2025-05-10 06:15
INFO:root:  Earliest historical data needed UTC: 2025-05-10 01:45
INFO:root:  Last prediction target time UTC: 2025-05-10 10:30
INFO:root:Input CSV D:\my-vue-project\wind-power-forecast\backend-autopredict\auto_scripts\scripts\supershort\predict_inputs\model_input_target_202505100645.csv not found. Fetching data from database to create it.
INFO:root:Waiting for wp_true for timestamp: 2025-05-10 06:15:00+00:00
INFO:root:Attempt 1: Checking for wp_true for 2025-05-10 06:15:00+00:00 (wait until 2025-05-10 06:28:00+00:00)...
ERROR:db_session:数据库事务错误，已回滚: (psycopg2.OperationalError) connection to server at "localhost" (::1), port 54321 failed: Connection refused (0x0000274D/10061)
	Is the ser... (stderr truncated) ...wind-power-env\lib\site-packages\sqlalchemy\engine\create.py", line 646, in connect
    return dialect.connect(*cargs, **cparams)
  File "D:\my-vue-project\wind-power-forecast\backend\wind-power-env\lib\site-packages\sqlalchemy\engine\default.py", line 622, in connect
    return self.loaded_dbapi.connect(*cargs, **cparams)
  File "D:\my-vue-project\wind-power-forecast\backend\wind-power-env\lib\site-packages\psycopg2\__init__.py", line 122, in connect
    conn = _connect(dsn, connection_factory=connection_factory, **kwasync)
sqlalchemy.exc.OperationalError: (psycopg2.OperationalError) connection to server at "localhost" (::1), port 54321 failed: Connection refused (0x0000274D/10061)
	Is the server running on that host and accepting TCP/IP connections?
connection to server at "localhost" (127.0.0.1), port 54321 failed: Connection refused (0x0000274D/10061)
	Is the server running on that host and accepting TCP/IP connections?

(Background on this error at: https://sqlalche.me/e/20/e3q8)

---- STDERR END ----
2025-05-10 14:27:48,320 - INFO - 命令判断为执行成功 (基于返回码0)。
2025-05-10 14:27:48,320 - INFO - predict_supershort.py 执行成功
2025-05-10 14:27:48,320 - INFO - 检测到今天 (20250510) 的超短期训练(train_supershort)已经执行过 (标志文件: D:\my-vue-project\wind-power-forecast\backend-autopredict\auto_scripts\scripts\supershort\logs\supershort_train_flags\20250510_supershort_train_done.flag)
2025-05-10 14:28:16,335 - INFO - 检测到今天 (20250510) 的超短期训练(train_supershort)已经执行过 (标志文件: D:\my-vue-project\wind-power-forecast\backend-autopredict\auto_scripts\scripts\supershort\logs\supershort_train_flags\20250510_supershort_train_done.flag)
2025-05-10 14:28:44,347 - INFO - 检测到今天 (20250510) 的超短期训练(train_supershort)已经执行过 (标志文件: D:\my-vue-project\wind-power-forecast\backend-autopredict\auto_scripts\scripts\supershort\logs\supershort_train_flags\20250510_supershort_train_done.flag)
2025-05-10 14:29:12,361 - INFO - 检测到今天 (20250510) 的超短期训练(train_supershort)已经执行过 (标志文件: D:\my-vue-project\wind-power-forecast\backend-autopredict\auto_scripts\scripts\supershort\logs\supershort_train_flags\20250510_supershort_train_done.flag)
2025-05-10 14:29:40,374 - INFO - 检测到今天 (20250510) 的超短期训练(train_supershort)已经执行过 (标志文件: D:\my-vue-project\wind-power-forecast\backend-autopredict\auto_scripts\scripts\supershort\logs\supershort_train_flags\20250510_supershort_train_done.flag)
2025-05-10 14:30:08,387 - INFO - 检测到今天 (20250510) 的超短期训练(train_supershort)已经执行过 (标志文件: D:\my-vue-project\wind-power-forecast\backend-autopredict\auto_scripts\scripts\supershort\logs\supershort_train_flags\20250510_supershort_train_done.flag)
2025-05-10 14:30:36,395 - INFO - 检测到今天 (20250510) 的超短期训练(train_supershort)已经执行过 (标志文件: D:\my-vue-project\wind-power-forecast\backend-autopredict\auto_scripts\scripts\supershort\logs\supershort_train_flags\20250510_supershort_train_done.flag)
2025-05-10 14:31:04,400 - INFO - 检测到今天 (20250510) 的超短期训练(train_supershort)已经执行过 (标志文件: D:\my-vue-project\wind-power-forecast\backend-autopredict\auto_scripts\scripts\supershort\logs\supershort_train_flags\20250510_supershort_train_done.flag)
2025-05-10 14:31:32,409 - INFO - 检测到今天 (20250510) 的超短期训练(train_supershort)已经执行过 (标志文件: D:\my-vue-project\wind-power-forecast\backend-autopredict\auto_scripts\scripts\supershort\logs\supershort_train_flags\20250510_supershort_train_done.flag)
2025-05-10 14:32:00,411 - INFO - 检测到今天 (20250510) 的超短期训练(train_supershort)已经执行过 (标志文件: D:\my-vue-project\wind-power-forecast\backend-autopredict\auto_scripts\scripts\supershort\logs\supershort_train_flags\20250510_supershort_train_done.flag)
2025-05-10 14:32:28,424 - INFO - 检测到今天 (20250510) 的超短期训练(train_supershort)已经执行过 (标志文件: D:\my-vue-project\wind-power-forecast\backend-autopredict\auto_scripts\scripts\supershort\logs\supershort_train_flags\20250510_supershort_train_done.flag)
2025-05-10 14:32:56,433 - INFO - 检测到今天 (20250510) 的超短期训练(train_supershort)已经执行过 (标志文件: D:\my-vue-project\wind-power-forecast\backend-autopredict\auto_scripts\scripts\supershort\logs\supershort_train_flags\20250510_supershort_train_done.flag)
2025-05-10 14:33:24,437 - INFO - 检测到今天 (20250510) 的超短期训练(train_supershort)已经执行过 (标志文件: D:\my-vue-project\wind-power-forecast\backend-autopredict\auto_scripts\scripts\supershort\logs\supershort_train_flags\20250510_supershort_train_done.flag)
2025-05-10 14:33:52,452 - INFO - 检测到今天 (20250510) 的超短期训练(train_supershort)已经执行过 (标志文件: D:\my-vue-project\wind-power-forecast\backend-autopredict\auto_scripts\scripts\supershort\logs\supershort_train_flags\20250510_supershort_train_done.flag)
2025-05-10 14:34:20,463 - INFO - 检测到今天 (20250510) 的超短期训练(train_supershort)已经执行过 (标志文件: D:\my-vue-project\wind-power-forecast\backend-autopredict\auto_scripts\scripts\supershort\logs\supershort_train_flags\20250510_supershort_train_done.flag)
2025-05-10 14:34:48,473 - INFO - 检测到今天 (20250510) 的超短期训练(train_supershort)已经执行过 (标志文件: D:\my-vue-project\wind-power-forecast\backend-autopredict\auto_scripts\scripts\supershort\logs\supershort_train_flags\20250510_supershort_train_done.flag)
2025-05-10 14:35:16,482 - INFO - 检测到今天 (20250510) 的超短期训练(train_supershort)已经执行过 (标志文件: D:\my-vue-project\wind-power-forecast\backend-autopredict\auto_scripts\scripts\supershort\logs\supershort_train_flags\20250510_supershort_train_done.flag)
2025-05-10 14:35:44,496 - INFO - 检测到今天 (20250510) 的超短期训练(train_supershort)已经执行过 (标志文件: D:\my-vue-project\wind-power-forecast\backend-autopredict\auto_scripts\scripts\supershort\logs\supershort_train_flags\20250510_supershort_train_done.flag)
2025-05-10 14:36:12,508 - INFO - 检测到今天 (20250510) 的超短期训练(train_supershort)已经执行过 (标志文件: D:\my-vue-project\wind-power-forecast\backend-autopredict\auto_scripts\scripts\supershort\logs\supershort_train_flags\20250510_supershort_train_done.flag)
2025-05-10 14:36:40,523 - INFO - 检测到今天 (20250510) 的超短期训练(train_supershort)已经执行过 (标志文件: D:\my-vue-project\wind-power-forecast\backend-autopredict\auto_scripts\scripts\supershort\logs\supershort_train_flags\20250510_supershort_train_done.flag)
2025-05-10 14:37:08,537 - INFO - 检测到今天 (20250510) 的超短期训练(train_supershort)已经执行过 (标志文件: D:\my-vue-project\wind-power-forecast\backend-autopredict\auto_scripts\scripts\supershort\logs\supershort_train_flags\20250510_supershort_train_done.flag)
2025-05-10 14:37:36,539 - INFO - 检测到今天 (20250510) 的超短期训练(train_supershort)已经执行过 (标志文件: D:\my-vue-project\wind-power-forecast\backend-autopredict\auto_scripts\scripts\supershort\logs\supershort_train_flags\20250510_supershort_train_done.flag)
2025-05-10 14:38:04,548 - INFO - 检测到今天 (20250510) 的超短期训练(train_supershort)已经执行过 (标志文件: D:\my-vue-project\wind-power-forecast\backend-autopredict\auto_scripts\scripts\supershort\logs\supershort_train_flags\20250510_supershort_train_done.flag)
2025-05-10 14:38:32,549 - INFO - 检测到今天 (20250510) 的超短期训练(train_supershort)已经执行过 (标志文件: D:\my-vue-project\wind-power-forecast\backend-autopredict\auto_scripts\scripts\supershort\logs\supershort_train_flags\20250510_supershort_train_done.flag)
2025-05-10 14:39:00,561 - INFO - 检测到今天 (20250510) 的超短期训练(train_supershort)已经执行过 (标志文件: D:\my-vue-project\wind-power-forecast\backend-autopredict\auto_scripts\scripts\supershort\logs\supershort_train_flags\20250510_supershort_train_done.flag)
2025-05-10 14:39:28,571 - INFO - 检测到今天 (20250510) 的超短期训练(train_supershort)已经执行过 (标志文件: D:\my-vue-project\wind-power-forecast\backend-autopredict\auto_scripts\scripts\supershort\logs\supershort_train_flags\20250510_supershort_train_done.flag)
2025-05-10 14:39:56,572 - INFO - 检测到今天 (20250510) 的超短期训练(train_supershort)已经执行过 (标志文件: D:\my-vue-project\wind-power-forecast\backend-autopredict\auto_scripts\scripts\supershort\logs\supershort_train_flags\20250510_supershort_train_done.flag)
2025-05-10 14:40:24,589 - INFO - 检测到今天 (20250510) 的超短期训练(train_supershort)已经执行过 (标志文件: D:\my-vue-project\wind-power-forecast\backend-autopredict\auto_scripts\scripts\supershort\logs\supershort_train_flags\20250510_supershort_train_done.flag)
2025-05-10 14:40:52,596 - INFO - 检测到今天 (20250510) 的超短期训练(train_supershort)已经执行过 (标志文件: D:\my-vue-project\wind-power-forecast\backend-autopredict\auto_scripts\scripts\supershort\logs\supershort_train_flags\20250510_supershort_train_done.flag)
2025-05-10 14:41:20,601 - INFO - 检测到今天 (20250510) 的超短期训练(train_supershort)已经执行过 (标志文件: D:\my-vue-project\wind-power-forecast\backend-autopredict\auto_scripts\scripts\supershort\logs\supershort_train_flags\20250510_supershort_train_done.flag)
2025-05-10 14:41:48,611 - INFO - 检测到今天 (20250510) 的超短期训练(train_supershort)已经执行过 (标志文件: D:\my-vue-project\wind-power-forecast\backend-autopredict\auto_scripts\scripts\supershort\logs\supershort_train_flags\20250510_supershort_train_done.flag)
2025-05-10 14:42:16,614 - INFO - 检测到今天 (20250510) 的超短期训练(train_supershort)已经执行过 (标志文件: D:\my-vue-project\wind-power-forecast\backend-autopredict\auto_scripts\scripts\supershort\logs\supershort_train_flags\20250510_supershort_train_done.flag)
2025-05-10 14:42:44,621 - INFO - 检测到今天 (20250510) 的超短期训练(train_supershort)已经执行过 (标志文件: D:\my-vue-project\wind-power-forecast\backend-autopredict\auto_scripts\scripts\supershort\logs\supershort_train_flags\20250510_supershort_train_done.flag)
2025-05-10 14:43:12,628 - INFO - 开始执行超短期预测任务 (predict_supershort.py)
2025-05-10 14:43:12,628 - INFO - 执行命令: D:\my-vue-project\wind-power-forecast\backend\wind-power-env\python.exe "D:\my-vue-project\wind-power-forecast\backend-autopredict\auto_scripts\scripts\supershort\predict_supershort.py"
2025-05-10 14:46:14,971 - INFO - 命令执行完毕。返回码: 0
2025-05-10 14:46:14,971 - INFO - 命令标准输出 (stdout):
---- STDOUT START ----
数据库连接配置: localhost:54321/windpower
MinIO连接配置: http://localhost:9900
构建数据库连接URL...
DB_USER环境变量：system
KINGBASE_CONFIG['user']值：system
DB_PASSWORD是否已设置：是
DB_HOST环境变量：localhost
DB_PORT环境变量：54321
DB_NAME环境变量：windpower
最终连接URL：postgresql+kingbase://system:12345678ab@localhost:54321/windpower
DEBUG: 进入 create_engine_with_retry 函数...
DEBUG: 尝试第 1 次创建引擎，使用 URI: postgresql+kingbase://system:12345678ab@localhost:54321/windpower
警告: 迁移检查失败: (psycopg2.OperationalError) connection to server at "localhost" (::1), port 54321 failed: Connection refused (0x0000274D/10061)
	Is the server running on that host and accepting TCP/IP connections?
connection to server at "localhost" (127.0.0.1), port 54321 failed: Connection refused (0x0000274D/10061)
	Is the server running on that host and accepting TCP/IP connections?

(Background on this error at: https://sqlalche.me/e/20/e3q8)
[ERROR] MinIO connection failed (attempt 1/5): HTTPConnectionPool(host='localhost', port=9900): Max retries exceeded with url: / (... (stdout truncated) ...ax retries exceeded with url: / (Caused by NewConnectionError('<urllib3.connection.HTTPConnection object at 0x000000005AB6A5B0>: Failed to establish a new connection: [WinError 10061] 由于目标计算机积极拒绝，无法连接。'))
应用将继续启动，但MinIO功能可能不可用
DATASET_FOLDER (数据集): D:\my-vue-project\wind-power-forecast\backend-autopredict\auto_scripts\scripts\supershort\datasets
PREC_SV_FOLDER (预测输入): D:\my-vue-project\wind-power-forecast\backend-autopredict\auto_scripts\scripts\supershort\predict_inputs
MODEL_FOLDER (模型): D:\my-vue-project\wind-power-forecast\backend-autopredict\auto_scripts\scripts\supershort\saved_models
OUTPUT_DIR_PRE (预测输出): D:\my-vue-project\wind-power-forecast\backend-autopredict\auto_scripts\scripts\supershort\prediction_results
AUTO_TRAIN_LOG_DIR (训练日志): D:\my-vue-project\wind-power-forecast\backend-autopredict\auto_scripts\scripts\supershort\logs\auto_train
AUTO_PREDICT_LOG_DIR (预测日志): D:\my-vue-project\wind-power-forecast\backend-autopredict\auto_scripts\scripts\supershort\logs\auto_predict

---- STDOUT END ----
2025-05-10 14:46:14,971 - WARNING - 命令标准错误 (stderr):
---- STDERR START ----
INFO:root:Running predict_supershort.py directly...
INFO:root:Starting prediction cycle at UTC: 2025-05-10 06:46:10
INFO:root:  Current processing slot starts at: 2025-05-10 06:45
INFO:root:  First prediction target time UTC: 2025-05-10 07:15
INFO:root:  Expected wp_true timestamp UTC: 2025-05-10 06:45
INFO:root:  Earliest historical data needed UTC: 2025-05-10 02:15
INFO:root:  Last prediction target time UTC: 2025-05-10 11:00
INFO:root:Input CSV D:\my-vue-project\wind-power-forecast\backend-autopredict\auto_scripts\scripts\supershort\predict_inputs\model_input_target_202505100715.csv not found. Fetching data from database to create it.
INFO:root:Waiting for wp_true for timestamp: 2025-05-10 06:45:00+00:00
INFO:root:Attempt 1: Checking for wp_true for 2025-05-10 06:45:00+00:00 (wait until 2025-05-10 06:58:00+00:00)...
ERROR:db_session:数据库事务错误，已回滚: (psycopg2.OperationalError) connection to server at "localhost" (::1), port 54321 failed: Connection refused (0x0000274D/10061)
	Is the ser... (stderr truncated) ...wind-power-env\lib\site-packages\sqlalchemy\engine\create.py", line 646, in connect
    return dialect.connect(*cargs, **cparams)
  File "D:\my-vue-project\wind-power-forecast\backend\wind-power-env\lib\site-packages\sqlalchemy\engine\default.py", line 622, in connect
    return self.loaded_dbapi.connect(*cargs, **cparams)
  File "D:\my-vue-project\wind-power-forecast\backend\wind-power-env\lib\site-packages\psycopg2\__init__.py", line 122, in connect
    conn = _connect(dsn, connection_factory=connection_factory, **kwasync)
sqlalchemy.exc.OperationalError: (psycopg2.OperationalError) connection to server at "localhost" (::1), port 54321 failed: Connection refused (0x0000274D/10061)
	Is the server running on that host and accepting TCP/IP connections?
connection to server at "localhost" (127.0.0.1), port 54321 failed: Connection refused (0x0000274D/10061)
	Is the server running on that host and accepting TCP/IP connections?

(Background on this error at: https://sqlalche.me/e/20/e3q8)

---- STDERR END ----
2025-05-10 14:46:14,971 - INFO - 命令判断为执行成功 (基于返回码0)。
2025-05-10 14:46:14,971 - INFO - predict_supershort.py 执行成功
2025-05-10 14:46:14,971 - INFO - 检测到今天 (20250510) 的超短期训练(train_supershort)已经执行过 (标志文件: D:\my-vue-project\wind-power-forecast\backend-autopredict\auto_scripts\scripts\supershort\logs\supershort_train_flags\20250510_supershort_train_done.flag)
2025-05-10 14:46:42,979 - INFO - 检测到今天 (20250510) 的超短期训练(train_supershort)已经执行过 (标志文件: D:\my-vue-project\wind-power-forecast\backend-autopredict\auto_scripts\scripts\supershort\logs\supershort_train_flags\20250510_supershort_train_done.flag)
2025-05-10 14:47:10,991 - INFO - 检测到今天 (20250510) 的超短期训练(train_supershort)已经执行过 (标志文件: D:\my-vue-project\wind-power-forecast\backend-autopredict\auto_scripts\scripts\supershort\logs\supershort_train_flags\20250510_supershort_train_done.flag)
2025-05-10 14:47:38,999 - INFO - 检测到今天 (20250510) 的超短期训练(train_supershort)已经执行过 (标志文件: D:\my-vue-project\wind-power-forecast\backend-autopredict\auto_scripts\scripts\supershort\logs\supershort_train_flags\20250510_supershort_train_done.flag)
2025-05-10 14:48:07,007 - INFO - 检测到今天 (20250510) 的超短期训练(train_supershort)已经执行过 (标志文件: D:\my-vue-project\wind-power-forecast\backend-autopredict\auto_scripts\scripts\supershort\logs\supershort_train_flags\20250510_supershort_train_done.flag)
2025-05-10 14:48:35,009 - INFO - 检测到今天 (20250510) 的超短期训练(train_supershort)已经执行过 (标志文件: D:\my-vue-project\wind-power-forecast\backend-autopredict\auto_scripts\scripts\supershort\logs\supershort_train_flags\20250510_supershort_train_done.flag)
2025-05-10 14:49:03,020 - INFO - 检测到今天 (20250510) 的超短期训练(train_supershort)已经执行过 (标志文件: D:\my-vue-project\wind-power-forecast\backend-autopredict\auto_scripts\scripts\supershort\logs\supershort_train_flags\20250510_supershort_train_done.flag)
2025-05-10 14:49:31,022 - INFO - 检测到今天 (20250510) 的超短期训练(train_supershort)已经执行过 (标志文件: D:\my-vue-project\wind-power-forecast\backend-autopredict\auto_scripts\scripts\supershort\logs\supershort_train_flags\20250510_supershort_train_done.flag)
2025-05-10 14:49:59,028 - INFO - 检测到今天 (20250510) 的超短期训练(train_supershort)已经执行过 (标志文件: D:\my-vue-project\wind-power-forecast\backend-autopredict\auto_scripts\scripts\supershort\logs\supershort_train_flags\20250510_supershort_train_done.flag)
2025-05-10 14:50:27,040 - INFO - 检测到今天 (20250510) 的超短期训练(train_supershort)已经执行过 (标志文件: D:\my-vue-project\wind-power-forecast\backend-autopredict\auto_scripts\scripts\supershort\logs\supershort_train_flags\20250510_supershort_train_done.flag)
2025-05-10 14:50:55,045 - INFO - 检测到今天 (20250510) 的超短期训练(train_supershort)已经执行过 (标志文件: D:\my-vue-project\wind-power-forecast\backend-autopredict\auto_scripts\scripts\supershort\logs\supershort_train_flags\20250510_supershort_train_done.flag)
2025-05-10 14:51:23,048 - INFO - 检测到今天 (20250510) 的超短期训练(train_supershort)已经执行过 (标志文件: D:\my-vue-project\wind-power-forecast\backend-autopredict\auto_scripts\scripts\supershort\logs\supershort_train_flags\20250510_supershort_train_done.flag)
2025-05-10 14:51:51,064 - INFO - 检测到今天 (20250510) 的超短期训练(train_supershort)已经执行过 (标志文件: D:\my-vue-project\wind-power-forecast\backend-autopredict\auto_scripts\scripts\supershort\logs\supershort_train_flags\20250510_supershort_train_done.flag)
2025-05-10 14:52:19,070 - INFO - 检测到今天 (20250510) 的超短期训练(train_supershort)已经执行过 (标志文件: D:\my-vue-project\wind-power-forecast\backend-autopredict\auto_scripts\scripts\supershort\logs\supershort_train_flags\20250510_supershort_train_done.flag)
2025-05-10 14:52:47,084 - INFO - 检测到今天 (20250510) 的超短期训练(train_supershort)已经执行过 (标志文件: D:\my-vue-project\wind-power-forecast\backend-autopredict\auto_scripts\scripts\supershort\logs\supershort_train_flags\20250510_supershort_train_done.flag)
2025-05-10 14:53:15,090 - INFO - 检测到今天 (20250510) 的超短期训练(train_supershort)已经执行过 (标志文件: D:\my-vue-project\wind-power-forecast\backend-autopredict\auto_scripts\scripts\supershort\logs\supershort_train_flags\20250510_supershort_train_done.flag)
2025-05-10 14:53:43,094 - INFO - 检测到今天 (20250510) 的超短期训练(train_supershort)已经执行过 (标志文件: D:\my-vue-project\wind-power-forecast\backend-autopredict\auto_scripts\scripts\supershort\logs\supershort_train_flags\20250510_supershort_train_done.flag)
2025-05-10 14:54:11,099 - INFO - 检测到今天 (20250510) 的超短期训练(train_supershort)已经执行过 (标志文件: D:\my-vue-project\wind-power-forecast\backend-autopredict\auto_scripts\scripts\supershort\logs\supershort_train_flags\20250510_supershort_train_done.flag)
2025-05-10 14:54:39,115 - INFO - 检测到今天 (20250510) 的超短期训练(train_supershort)已经执行过 (标志文件: D:\my-vue-project\wind-power-forecast\backend-autopredict\auto_scripts\scripts\supershort\logs\supershort_train_flags\20250510_supershort_train_done.flag)
2025-05-10 14:55:07,120 - INFO - 检测到今天 (20250510) 的超短期训练(train_supershort)已经执行过 (标志文件: D:\my-vue-project\wind-power-forecast\backend-autopredict\auto_scripts\scripts\supershort\logs\supershort_train_flags\20250510_supershort_train_done.flag)
2025-05-10 14:55:35,128 - INFO - 检测到今天 (20250510) 的超短期训练(train_supershort)已经执行过 (标志文件: D:\my-vue-project\wind-power-forecast\backend-autopredict\auto_scripts\scripts\supershort\logs\supershort_train_flags\20250510_supershort_train_done.flag)
2025-05-10 14:56:03,138 - INFO - 检测到今天 (20250510) 的超短期训练(train_supershort)已经执行过 (标志文件: D:\my-vue-project\wind-power-forecast\backend-autopredict\auto_scripts\scripts\supershort\logs\supershort_train_flags\20250510_supershort_train_done.flag)
2025-05-10 14:56:31,150 - INFO - 检测到今天 (20250510) 的超短期训练(train_supershort)已经执行过 (标志文件: D:\my-vue-project\wind-power-forecast\backend-autopredict\auto_scripts\scripts\supershort\logs\supershort_train_flags\20250510_supershort_train_done.flag)
2025-05-10 14:56:59,166 - INFO - 检测到今天 (20250510) 的超短期训练(train_supershort)已经执行过 (标志文件: D:\my-vue-project\wind-power-forecast\backend-autopredict\auto_scripts\scripts\supershort\logs\supershort_train_flags\20250510_supershort_train_done.flag)
2025-05-10 14:57:27,179 - INFO - 检测到今天 (20250510) 的超短期训练(train_supershort)已经执行过 (标志文件: D:\my-vue-project\wind-power-forecast\backend-autopredict\auto_scripts\scripts\supershort\logs\supershort_train_flags\20250510_supershort_train_done.flag)
2025-05-10 14:57:55,183 - INFO - 检测到今天 (20250510) 的超短期训练(train_supershort)已经执行过 (标志文件: D:\my-vue-project\wind-power-forecast\backend-autopredict\auto_scripts\scripts\supershort\logs\supershort_train_flags\20250510_supershort_train_done.flag)
2025-05-10 14:58:23,186 - INFO - 检测到今天 (20250510) 的超短期训练(train_supershort)已经执行过 (标志文件: D:\my-vue-project\wind-power-forecast\backend-autopredict\auto_scripts\scripts\supershort\logs\supershort_train_flags\20250510_supershort_train_done.flag)
2025-05-10 14:58:51,195 - INFO - 检测到今天 (20250510) 的超短期训练(train_supershort)已经执行过 (标志文件: D:\my-vue-project\wind-power-forecast\backend-autopredict\auto_scripts\scripts\supershort\logs\supershort_train_flags\20250510_supershort_train_done.flag)
2025-05-10 14:59:19,205 - INFO - 检测到今天 (20250510) 的超短期训练(train_supershort)已经执行过 (标志文件: D:\my-vue-project\wind-power-forecast\backend-autopredict\auto_scripts\scripts\supershort\logs\supershort_train_flags\20250510_supershort_train_done.flag)
2025-05-10 14:59:47,208 - INFO - 检测到今天 (20250510) 的超短期训练(train_supershort)已经执行过 (标志文件: D:\my-vue-project\wind-power-forecast\backend-autopredict\auto_scripts\scripts\supershort\logs\supershort_train_flags\20250510_supershort_train_done.flag)
2025-05-10 15:00:15,217 - INFO - [每小时状态@15:00] 超短期训练执行: True
2025-05-10 15:00:15,217 - INFO - 检测到今天 (20250510) 的超短期训练(train_supershort)已经执行过 (标志文件: D:\my-vue-project\wind-power-forecast\backend-autopredict\auto_scripts\scripts\supershort\logs\supershort_train_flags\20250510_supershort_train_done.flag)
2025-05-10 15:00:43,220 - INFO - [每小时状态@15:00] 超短期训练执行: True
2025-05-10 15:00:43,220 - INFO - 检测到今天 (20250510) 的超短期训练(train_supershort)已经执行过 (标志文件: D:\my-vue-project\wind-power-forecast\backend-autopredict\auto_scripts\scripts\supershort\logs\supershort_train_flags\20250510_supershort_train_done.flag)
2025-05-10 15:01:11,233 - INFO - 检测到今天 (20250510) 的超短期训练(train_supershort)已经执行过 (标志文件: D:\my-vue-project\wind-power-forecast\backend-autopredict\auto_scripts\scripts\supershort\logs\supershort_train_flags\20250510_supershort_train_done.flag)
2025-05-10 15:01:39,246 - INFO - 开始执行超短期预测任务 (predict_supershort.py)
2025-05-10 15:01:39,246 - INFO - 执行命令: D:\my-vue-project\wind-power-forecast\backend\wind-power-env\python.exe "D:\my-vue-project\wind-power-forecast\backend-autopredict\auto_scripts\scripts\supershort\predict_supershort.py"
2025-05-10 15:04:41,293 - INFO - 命令执行完毕。返回码: 0
2025-05-10 15:04:41,293 - INFO - 命令标准输出 (stdout):
---- STDOUT START ----
数据库连接配置: localhost:54321/windpower
MinIO连接配置: http://localhost:9900
构建数据库连接URL...
DB_USER环境变量：system
KINGBASE_CONFIG['user']值：system
DB_PASSWORD是否已设置：是
DB_HOST环境变量：localhost
DB_PORT环境变量：54321
DB_NAME环境变量：windpower
最终连接URL：postgresql+kingbase://system:12345678ab@localhost:54321/windpower
DEBUG: 进入 create_engine_with_retry 函数...
DEBUG: 尝试第 1 次创建引擎，使用 URI: postgresql+kingbase://system:12345678ab@localhost:54321/windpower
警告: 迁移检查失败: (psycopg2.OperationalError) connection to server at "localhost" (::1), port 54321 failed: Connection refused (0x0000274D/10061)
	Is the server running on that host and accepting TCP/IP connections?
connection to server at "localhost" (127.0.0.1), port 54321 failed: Connection refused (0x0000274D/10061)
	Is the server running on that host and accepting TCP/IP connections?

(Background on this error at: https://sqlalche.me/e/20/e3q8)
[ERROR] MinIO connection failed (attempt 1/5): HTTPConnectionPool(host='localhost', port=9900): Max retries exceeded with url: / (... (stdout truncated) ...ax retries exceeded with url: / (Caused by NewConnectionError('<urllib3.connection.HTTPConnection object at 0x000000005AB7C5B0>: Failed to establish a new connection: [WinError 10061] 由于目标计算机积极拒绝，无法连接。'))
应用将继续启动，但MinIO功能可能不可用
DATASET_FOLDER (数据集): D:\my-vue-project\wind-power-forecast\backend-autopredict\auto_scripts\scripts\supershort\datasets
PREC_SV_FOLDER (预测输入): D:\my-vue-project\wind-power-forecast\backend-autopredict\auto_scripts\scripts\supershort\predict_inputs
MODEL_FOLDER (模型): D:\my-vue-project\wind-power-forecast\backend-autopredict\auto_scripts\scripts\supershort\saved_models
OUTPUT_DIR_PRE (预测输出): D:\my-vue-project\wind-power-forecast\backend-autopredict\auto_scripts\scripts\supershort\prediction_results
AUTO_TRAIN_LOG_DIR (训练日志): D:\my-vue-project\wind-power-forecast\backend-autopredict\auto_scripts\scripts\supershort\logs\auto_train
AUTO_PREDICT_LOG_DIR (预测日志): D:\my-vue-project\wind-power-forecast\backend-autopredict\auto_scripts\scripts\supershort\logs\auto_predict

---- STDOUT END ----
2025-05-10 15:04:41,293 - WARNING - 命令标准错误 (stderr):
---- STDERR START ----
INFO:root:Running predict_supershort.py directly...
INFO:root:Starting prediction cycle at UTC: 2025-05-10 07:04:37
INFO:root:  Current processing slot starts at: 2025-05-10 07:00
INFO:root:  First prediction target time UTC: 2025-05-10 07:30
INFO:root:  Expected wp_true timestamp UTC: 2025-05-10 07:00
INFO:root:  Earliest historical data needed UTC: 2025-05-10 02:30
INFO:root:  Last prediction target time UTC: 2025-05-10 11:15
INFO:root:Input CSV D:\my-vue-project\wind-power-forecast\backend-autopredict\auto_scripts\scripts\supershort\predict_inputs\model_input_target_202505100730.csv not found. Fetching data from database to create it.
INFO:root:Waiting for wp_true for timestamp: 2025-05-10 07:00:00+00:00
INFO:root:Attempt 1: Checking for wp_true for 2025-05-10 07:00:00+00:00 (wait until 2025-05-10 07:13:00+00:00)...
ERROR:db_session:数据库事务错误，已回滚: (psycopg2.OperationalError) connection to server at "localhost" (::1), port 54321 failed: Connection refused (0x0000274D/10061)
	Is the ser... (stderr truncated) ...wind-power-env\lib\site-packages\sqlalchemy\engine\create.py", line 646, in connect
    return dialect.connect(*cargs, **cparams)
  File "D:\my-vue-project\wind-power-forecast\backend\wind-power-env\lib\site-packages\sqlalchemy\engine\default.py", line 622, in connect
    return self.loaded_dbapi.connect(*cargs, **cparams)
  File "D:\my-vue-project\wind-power-forecast\backend\wind-power-env\lib\site-packages\psycopg2\__init__.py", line 122, in connect
    conn = _connect(dsn, connection_factory=connection_factory, **kwasync)
sqlalchemy.exc.OperationalError: (psycopg2.OperationalError) connection to server at "localhost" (::1), port 54321 failed: Connection refused (0x0000274D/10061)
	Is the server running on that host and accepting TCP/IP connections?
connection to server at "localhost" (127.0.0.1), port 54321 failed: Connection refused (0x0000274D/10061)
	Is the server running on that host and accepting TCP/IP connections?

(Background on this error at: https://sqlalche.me/e/20/e3q8)

---- STDERR END ----
2025-05-10 15:04:41,293 - INFO - 命令判断为执行成功 (基于返回码0)。
2025-05-10 15:04:41,293 - INFO - predict_supershort.py 执行成功
2025-05-10 15:04:41,294 - INFO - 检测到今天 (20250510) 的超短期训练(train_supershort)已经执行过 (标志文件: D:\my-vue-project\wind-power-forecast\backend-autopredict\auto_scripts\scripts\supershort\logs\supershort_train_flags\20250510_supershort_train_done.flag)
2025-05-10 15:05:09,301 - INFO - 检测到今天 (20250510) 的超短期训练(train_supershort)已经执行过 (标志文件: D:\my-vue-project\wind-power-forecast\backend-autopredict\auto_scripts\scripts\supershort\logs\supershort_train_flags\20250510_supershort_train_done.flag)
2025-05-10 15:05:37,303 - INFO - 检测到今天 (20250510) 的超短期训练(train_supershort)已经执行过 (标志文件: D:\my-vue-project\wind-power-forecast\backend-autopredict\auto_scripts\scripts\supershort\logs\supershort_train_flags\20250510_supershort_train_done.flag)
2025-05-10 15:06:05,311 - INFO - 检测到今天 (20250510) 的超短期训练(train_supershort)已经执行过 (标志文件: D:\my-vue-project\wind-power-forecast\backend-autopredict\auto_scripts\scripts\supershort\logs\supershort_train_flags\20250510_supershort_train_done.flag)
2025-05-10 15:06:33,323 - INFO - 检测到今天 (20250510) 的超短期训练(train_supershort)已经执行过 (标志文件: D:\my-vue-project\wind-power-forecast\backend-autopredict\auto_scripts\scripts\supershort\logs\supershort_train_flags\20250510_supershort_train_done.flag)
2025-05-10 15:07:01,325 - INFO - 检测到今天 (20250510) 的超短期训练(train_supershort)已经执行过 (标志文件: D:\my-vue-project\wind-power-forecast\backend-autopredict\auto_scripts\scripts\supershort\logs\supershort_train_flags\20250510_supershort_train_done.flag)
2025-05-10 15:07:29,332 - INFO - 检测到今天 (20250510) 的超短期训练(train_supershort)已经执行过 (标志文件: D:\my-vue-project\wind-power-forecast\backend-autopredict\auto_scripts\scripts\supershort\logs\supershort_train_flags\20250510_supershort_train_done.flag)
2025-05-10 15:07:57,336 - INFO - 检测到今天 (20250510) 的超短期训练(train_supershort)已经执行过 (标志文件: D:\my-vue-project\wind-power-forecast\backend-autopredict\auto_scripts\scripts\supershort\logs\supershort_train_flags\20250510_supershort_train_done.flag)
2025-05-10 15:08:25,350 - INFO - 检测到今天 (20250510) 的超短期训练(train_supershort)已经执行过 (标志文件: D:\my-vue-project\wind-power-forecast\backend-autopredict\auto_scripts\scripts\supershort\logs\supershort_train_flags\20250510_supershort_train_done.flag)
2025-05-10 15:08:41,470 - INFO - train_supershort.py脚本路径: D:\my-vue-project\wind-power-forecast\backend-autopredict\auto_scripts\scripts\supershort\train_supershort.py
2025-05-10 15:08:41,470 - INFO - predict_supershort.py脚本路径: D:\my-vue-project\wind-power-forecast\backend-autopredict\auto_scripts\scripts\supershort\predict_supershort.py
2025-05-10 15:08:41,471 - INFO - 检测到 Windows 环境，使用当前激活的 Conda 环境的直接Python路径: D:\my-vue-project\wind-power-forecast\backend\wind-power-env\python.exe
2025-05-10 15:08:41,471 - INFO - 将使用以下命令执行Python脚本: D:\my-vue-project\wind-power-forecast\backend\wind-power-env\python.exe
2025-05-10 15:08:41,471 - INFO - 定时任务启动成功 (scheduler_supershort.py):
2025-05-10 15:08:41,471 - INFO -   - 每日超短期训练 (train_supershort.py): 04:00
2025-05-10 15:08:41,471 - INFO -   - 超短期预测 (predict_supershort.py) 执行时间: 每小时的 08, 23, 38, 53 分
2025-05-10 15:08:41,471 - INFO - 检测到今天 (20250510) 的超短期训练(train_supershort)已经执行过 (标志文件: D:\my-vue-project\wind-power-forecast\backend-autopredict\auto_scripts\scripts\supershort\logs\supershort_train_flags\20250510_supershort_train_done.flag)
2025-05-10 15:08:41,472 - INFO - 当前时间: 2025-05-10 15:08:41, 星期: 周六
2025-05-10 15:08:41,472 - INFO - 当前任务状态初始化:
2025-05-10 15:08:41,472 - INFO -   - 每日超短期训练(train_supershort)今日已执行: True
2025-05-10 15:08:41,472 - INFO - 检测到今天 (20250510) 的超短期训练(train_supershort)已经执行过 (标志文件: D:\my-vue-project\wind-power-forecast\backend-autopredict\auto_scripts\scripts\supershort\logs\supershort_train_flags\20250510_supershort_train_done.flag)
2025-05-10 15:09:09,477 - INFO - 检测到今天 (20250510) 的超短期训练(train_supershort)已经执行过 (标志文件: D:\my-vue-project\wind-power-forecast\backend-autopredict\auto_scripts\scripts\supershort\logs\supershort_train_flags\20250510_supershort_train_done.flag)
2025-05-10 15:09:37,484 - INFO - 检测到今天 (20250510) 的超短期训练(train_supershort)已经执行过 (标志文件: D:\my-vue-project\wind-power-forecast\backend-autopredict\auto_scripts\scripts\supershort\logs\supershort_train_flags\20250510_supershort_train_done.flag)
2025-05-10 15:11:52,432 - INFO - train_supershort.py脚本路径: D:\my-vue-project\wind-power-forecast\backend-autopredict\auto_scripts\scripts\supershort\train_supershort.py
2025-05-10 15:11:52,432 - INFO - predict_supershort.py脚本路径: D:\my-vue-project\wind-power-forecast\backend-autopredict\auto_scripts\scripts\supershort\predict_supershort.py
2025-05-10 15:11:52,433 - INFO - 检测到 Windows 环境，使用当前激活的 Conda 环境的直接Python路径: D:\my-vue-project\wind-power-forecast\backend\wind-power-env\python.exe
2025-05-10 15:11:52,433 - INFO - 将使用以下命令执行Python脚本: D:\my-vue-project\wind-power-forecast\backend\wind-power-env\python.exe
2025-05-10 15:11:52,433 - INFO - 定时任务启动成功 (scheduler_supershort.py):
2025-05-10 15:11:52,433 - INFO -   - 每日超短期训练 (train_supershort.py): 04:00
2025-05-10 15:11:52,433 - INFO -   - 超短期预测 (predict_supershort.py) 执行时间: 每小时的 08, 23, 38, 53 分
2025-05-10 15:11:52,434 - INFO - 检测到今天 (20250510) 的超短期训练(train_supershort)已经执行过 (标志文件: D:\my-vue-project\wind-power-forecast\backend-autopredict\auto_scripts\scripts\supershort\logs\supershort_train_flags\20250510_supershort_train_done.flag)
2025-05-10 15:11:52,434 - INFO - 当前时间: 2025-05-10 15:11:52, 星期: 周六
2025-05-10 15:11:52,434 - INFO - 当前任务状态初始化:
2025-05-10 15:11:52,434 - INFO -   - 每日超短期训练(train_supershort)今日已执行: True
2025-05-10 15:11:52,434 - INFO - 检测到今天 (20250510) 的超短期训练(train_supershort)已经执行过 (标志文件: D:\my-vue-project\wind-power-forecast\backend-autopredict\auto_scripts\scripts\supershort\logs\supershort_train_flags\20250510_supershort_train_done.flag)
2025-05-10 15:12:20,445 - INFO - 检测到今天 (20250510) 的超短期训练(train_supershort)已经执行过 (标志文件: D:\my-vue-project\wind-power-forecast\backend-autopredict\auto_scripts\scripts\supershort\logs\supershort_train_flags\20250510_supershort_train_done.flag)
2025-05-10 15:12:48,455 - INFO - 检测到今天 (20250510) 的超短期训练(train_supershort)已经执行过 (标志文件: D:\my-vue-project\wind-power-forecast\backend-autopredict\auto_scripts\scripts\supershort\logs\supershort_train_flags\20250510_supershort_train_done.flag)
2025-05-10 15:13:16,462 - INFO - 检测到今天 (20250510) 的超短期训练(train_supershort)已经执行过 (标志文件: D:\my-vue-project\wind-power-forecast\backend-autopredict\auto_scripts\scripts\supershort\logs\supershort_train_flags\20250510_supershort_train_done.flag)
2025-05-10 15:13:44,470 - INFO - 检测到今天 (20250510) 的超短期训练(train_supershort)已经执行过 (标志文件: D:\my-vue-project\wind-power-forecast\backend-autopredict\auto_scripts\scripts\supershort\logs\supershort_train_flags\20250510_supershort_train_done.flag)
2025-05-10 15:14:12,479 - INFO - 检测到今天 (20250510) 的超短期训练(train_supershort)已经执行过 (标志文件: D:\my-vue-project\wind-power-forecast\backend-autopredict\auto_scripts\scripts\supershort\logs\supershort_train_flags\20250510_supershort_train_done.flag)
2025-05-10 15:14:40,491 - INFO - 检测到今天 (20250510) 的超短期训练(train_supershort)已经执行过 (标志文件: D:\my-vue-project\wind-power-forecast\backend-autopredict\auto_scripts\scripts\supershort\logs\supershort_train_flags\20250510_supershort_train_done.flag)
2025-05-10 15:15:08,505 - INFO - 检测到今天 (20250510) 的超短期训练(train_supershort)已经执行过 (标志文件: D:\my-vue-project\wind-power-forecast\backend-autopredict\auto_scripts\scripts\supershort\logs\supershort_train_flags\20250510_supershort_train_done.flag)
2025-05-10 15:15:36,518 - INFO - 检测到今天 (20250510) 的超短期训练(train_supershort)已经执行过 (标志文件: D:\my-vue-project\wind-power-forecast\backend-autopredict\auto_scripts\scripts\supershort\logs\supershort_train_flags\20250510_supershort_train_done.flag)
2025-05-10 15:16:04,532 - INFO - 检测到今天 (20250510) 的超短期训练(train_supershort)已经执行过 (标志文件: D:\my-vue-project\wind-power-forecast\backend-autopredict\auto_scripts\scripts\supershort\logs\supershort_train_flags\20250510_supershort_train_done.flag)
2025-05-10 15:16:32,542 - INFO - 检测到今天 (20250510) 的超短期训练(train_supershort)已经执行过 (标志文件: D:\my-vue-project\wind-power-forecast\backend-autopredict\auto_scripts\scripts\supershort\logs\supershort_train_flags\20250510_supershort_train_done.flag)
2025-05-10 15:17:00,556 - INFO - 检测到今天 (20250510) 的超短期训练(train_supershort)已经执行过 (标志文件: D:\my-vue-project\wind-power-forecast\backend-autopredict\auto_scripts\scripts\supershort\logs\supershort_train_flags\20250510_supershort_train_done.flag)
2025-05-10 15:17:28,566 - INFO - 检测到今天 (20250510) 的超短期训练(train_supershort)已经执行过 (标志文件: D:\my-vue-project\wind-power-forecast\backend-autopredict\auto_scripts\scripts\supershort\logs\supershort_train_flags\20250510_supershort_train_done.flag)
2025-05-10 15:17:56,568 - INFO - 检测到今天 (20250510) 的超短期训练(train_supershort)已经执行过 (标志文件: D:\my-vue-project\wind-power-forecast\backend-autopredict\auto_scripts\scripts\supershort\logs\supershort_train_flags\20250510_supershort_train_done.flag)
2025-05-10 15:18:24,572 - INFO - 检测到今天 (20250510) 的超短期训练(train_supershort)已经执行过 (标志文件: D:\my-vue-project\wind-power-forecast\backend-autopredict\auto_scripts\scripts\supershort\logs\supershort_train_flags\20250510_supershort_train_done.flag)
2025-05-10 15:18:52,577 - INFO - 检测到今天 (20250510) 的超短期训练(train_supershort)已经执行过 (标志文件: D:\my-vue-project\wind-power-forecast\backend-autopredict\auto_scripts\scripts\supershort\logs\supershort_train_flags\20250510_supershort_train_done.flag)
2025-05-10 15:19:20,592 - INFO - 检测到今天 (20250510) 的超短期训练(train_supershort)已经执行过 (标志文件: D:\my-vue-project\wind-power-forecast\backend-autopredict\auto_scripts\scripts\supershort\logs\supershort_train_flags\20250510_supershort_train_done.flag)
2025-05-10 15:19:48,600 - INFO - 检测到今天 (20250510) 的超短期训练(train_supershort)已经执行过 (标志文件: D:\my-vue-project\wind-power-forecast\backend-autopredict\auto_scripts\scripts\supershort\logs\supershort_train_flags\20250510_supershort_train_done.flag)
2025-05-10 15:20:16,601 - INFO - 检测到今天 (20250510) 的超短期训练(train_supershort)已经执行过 (标志文件: D:\my-vue-project\wind-power-forecast\backend-autopredict\auto_scripts\scripts\supershort\logs\supershort_train_flags\20250510_supershort_train_done.flag)
2025-05-10 15:20:44,606 - INFO - 检测到今天 (20250510) 的超短期训练(train_supershort)已经执行过 (标志文件: D:\my-vue-project\wind-power-forecast\backend-autopredict\auto_scripts\scripts\supershort\logs\supershort_train_flags\20250510_supershort_train_done.flag)
2025-05-10 15:21:12,611 - INFO - 检测到今天 (20250510) 的超短期训练(train_supershort)已经执行过 (标志文件: D:\my-vue-project\wind-power-forecast\backend-autopredict\auto_scripts\scripts\supershort\logs\supershort_train_flags\20250510_supershort_train_done.flag)
2025-05-10 15:21:40,621 - INFO - 检测到今天 (20250510) 的超短期训练(train_supershort)已经执行过 (标志文件: D:\my-vue-project\wind-power-forecast\backend-autopredict\auto_scripts\scripts\supershort\logs\supershort_train_flags\20250510_supershort_train_done.flag)
2025-05-10 15:22:08,627 - INFO - 检测到今天 (20250510) 的超短期训练(train_supershort)已经执行过 (标志文件: D:\my-vue-project\wind-power-forecast\backend-autopredict\auto_scripts\scripts\supershort\logs\supershort_train_flags\20250510_supershort_train_done.flag)
2025-05-10 15:22:36,640 - INFO - 检测到今天 (20250510) 的超短期训练(train_supershort)已经执行过 (标志文件: D:\my-vue-project\wind-power-forecast\backend-autopredict\auto_scripts\scripts\supershort\logs\supershort_train_flags\20250510_supershort_train_done.flag)
2025-05-10 15:23:04,650 - INFO - 开始执行超短期预测任务 (predict_supershort.py)
2025-05-10 15:23:04,650 - INFO - 执行命令: D:\my-vue-project\wind-power-forecast\backend\wind-power-env\python.exe "D:\my-vue-project\wind-power-forecast\backend-autopredict\auto_scripts\scripts\supershort\predict_supershort.py"
2025-05-11 18:58:09,669 - INFO - train_supershort.py脚本路径: /app/auto_scripts/scripts/supershort/train_supershort.py
2025-05-11 18:58:09,669 - INFO - predict_supershort.py脚本路径: /app/auto_scripts/scripts/supershort/predict_supershort.py
2025-05-11 18:58:09,669 - INFO - 检测到 Linux/Docker 环境，使用直接Python路径: /opt/conda/envs/wind-power-env/bin/python
2025-05-11 18:58:09,669 - INFO - 将使用以下命令执行Python脚本: /opt/conda/envs/wind-power-env/bin/python
2025-05-11 18:58:09,670 - INFO - 定时任务启动成功 (scheduler_supershort.py):
2025-05-11 18:58:09,670 - INFO -   - 每日超短期训练 (train_supershort.py): 04:00
2025-05-11 18:58:09,671 - INFO -   - 超短期预测 (predict_supershort.py) 执行时间: 每小时的 08, 23, 38, 53 分
2025-05-11 18:58:09,672 - INFO - 当前时间: 2025-05-11 18:58:09, 星期: 周日
2025-05-11 18:58:09,672 - INFO - 当前任务状态初始化:
2025-05-11 18:58:09,672 - INFO -   - 每日超短期训练(train_supershort)今日已执行: False
2025-05-11 18:58:09,673 - WARNING - 检测到 20250511 04:00 每日超短期训练(train_supershort)未执行且无标志，立即补救运行
2025-05-11 18:58:09,674 - INFO - 开始执行超短期模型训练任务 (train_supershort.py - 每日)
2025-05-11 18:58:09,674 - INFO - 执行命令: /opt/conda/envs/wind-power-env/bin/python "/app/auto_scripts/scripts/supershort/train_supershort.py"
2025-05-11 19:01:59,904 - INFO - 命令执行完毕。返回码: 0
2025-05-11 19:01:59,904 - INFO - 命令标准输出 (stdout):
---- STDOUT START ----
数据库连接配置: kingbase:54321/windpower
MinIO连接配置: http://minio:9000
构建数据库连接URL...
DB_USER环境变量：system
KINGBASE_CONFIG['user']值：system
DB_PASSWORD是否已设置：是
DB_HOST环境变量：kingbase
DB_PORT环境变量：54321
DB_NAME环境变量：windpower
最终连接URL：postgresql+kingbase://system:12345678ab@kingbase:54321/windpower
DEBUG: 进入 create_engine_with_retry 函数...
DEBUG: 尝试第 1 次创建引擎，使用 URI: postgresql+kingbase://system:12345678ab@kingbase:54321/windpower
[OK] MinIO connection successful
✅ 存储桶已存在: models
✅ 存储桶已存在: scalers
✅ 存储桶已存在: metrics
✅ 存储桶已存在: predict-inputs
✅ 存储桶已存在: predict-outputs
[OK] 成功为存储桶 'models' 设置策略: 'readonly'
✅ 成功设置存储桶策略: models -> readonly
[OK] 成功为存储桶 'scalers' 设置策略: 'readonly'
✅ 成功设置存储桶策略: scalers -> readonly
[OK] 成功为存储桶 'metrics' 设置策略: 'readonly'
✅ 成功设置存储桶策略: metrics -> readonly
[OK] 成功为存储桶 'predict-inputs' 设置策略: 'readwrite'
✅ 成功设置存储桶策略: predict-inputs -> readwrite
[OK] 成功为存储桶 'predict-outputs' 设置策略: 'readwrite'
✅ 成功设置存储桶策略: predict-outputs -> readwrite
DATASET_FOLDER (数据集): /app/auto_scripts/scripts/supershor... (stdout truncated) ...练完成 (Shift=14) ---
模型状态 (Shift=14) 已保存到: /app/auto_scripts/scripts/supershort/saved_models/shift_14
--- 开始训练模型 (Shift=15) ---
[信息 Shift=15] 'power_actual_at_t_minus_15' 中存在 15 个NaN值，均由 .shift(15) 操作在数据开头引入（预期行为）。
[信息 Shift=15] 训练时，特征 'power_actual_at_t_minus_15' 已作为输入特征。
--- 模型训练完成 (Shift=15) ---
模型状态 (Shift=15) 已保存到: /app/auto_scripts/scripts/supershort/saved_models/shift_15
--- 开始训练模型 (Shift=16) ---
[信息 Shift=16] 'power_actual_at_t_minus_16' 中存在 16 个NaN值，均由 .shift(16) 操作在数据开头引入（预期行为）。
[信息 Shift=16] 训练时，特征 'power_actual_at_t_minus_16' 已作为输入特征。
--- 模型训练完成 (Shift=16) ---
模型状态 (Shift=16) 已保存到: /app/auto_scripts/scripts/supershort/saved_models/shift_16
--- 开始训练模型 (Shift=17) ---
[信息 Shift=17] 'power_actual_at_t_minus_17' 中存在 17 个NaN值，均由 .shift(17) 操作在数据开头引入（预期行为）。
[信息 Shift=17] 训练时，特征 'power_actual_at_t_minus_17' 已作为输入特征。
--- 模型训练完成 (Shift=17) ---
模型状态 (Shift=17) 已保存到: /app/auto_scripts/scripts/supershort/saved_models/shift_17
TRAIN_SUPERSHORT.PY SCRIPT IS TRULY FINISHING NOW AND EXITING.

---- STDOUT END ----
2025-05-11 19:01:59,905 - WARNING - 命令标准错误 (stderr):
---- STDERR START ----
INFO:root:开始更新本地训练数据集 CSV...
2025-05-11 18:58:11,338 - INFO - train_supershort.py:73 - 开始更新本地训练数据集 CSV...
INFO:root:Starting to check and update supershort training CSV: /app/auto_scripts/scripts/supershort/datasets/training_data_supershort.csv
2025-05-11 18:58:11,338 - INFO - data_processor_supershort.py:153 - Starting to check and update supershort training CSV: /app/auto_scripts/scripts/supershort/datasets/training_data_supershort.csv
INFO:root:Latest timestamp in existing supershort CSV '/app/auto_scripts/scripts/supershort/datasets/training_data_supershort.csv': 2025-01-29 23:45:00
2025-05-11 18:58:13,447 - INFO - data_processor_supershort.py:174 - Latest timestamp in existing supershort CSV '/app/auto_scripts/scripts/supershort/datasets/training_data_supershort.csv': 2025-01-29 23:45:00
INFO:root:Querying TrainPreShort for new supershort data...
2025-05-11 18:58:13,447 - INFO - data_processor_supershort.py:189 - Querying TrainPreShort for new supershort data...
INFO:root:Retrieve... (stderr truncated) ..._scripts/scripts/supershort/saved_models/shift_16
INFO:root:
========== 开始处理训练 Horizon (Shift) = 17 ==========
2025-05-11 19:01:43,071 - INFO - train_supershort.py:145 - 
========== 开始处理训练 Horizon (Shift) = 17 ==========
INFO:root:Shift=17 的模型成功训练并保存到 /app/auto_scripts/scripts/supershort/saved_models/shift_17
2025-05-11 19:01:59,744 - INFO - train_supershort.py:158 - Shift=17 的模型成功训练并保存到 /app/auto_scripts/scripts/supershort/saved_models/shift_17
INFO:root:
========== 训练过程完成 ==========
2025-05-11 19:01:59,744 - INFO - train_supershort.py:166 - 
========== 训练过程完成 ==========
INFO:root:总共成功训练并保存了 16 个模型。
2025-05-11 19:01:59,744 - INFO - train_supershort.py:167 - 总共成功训练并保存了 16 个模型。
INFO:root:成功训练并保存了所有预期的 16/16 个模型。
2025-05-11 19:01:59,744 - INFO - train_supershort.py:175 - 成功训练并保存了所有预期的 16/16 个模型。
INFO:root:TRAIN_SUPERSHORT.PY SCRIPT IS TRULY FINISHING NOW AND EXITING.
2025-05-11 19:01:59,745 - INFO - train_supershort.py:180 - TRAIN_SUPERSHORT.PY SCRIPT IS TRULY FINISHING NOW AND EXITING.

---- STDERR END ----
2025-05-11 19:01:59,905 - INFO - 命令判断为执行成功 (基于返回码0)。
2025-05-11 19:01:59,905 - INFO - train_supershort.py (每日超短期训练) 执行成功
2025-05-11 19:01:59,909 - INFO - 超短期训练(train_supershort)完成 (20250511)，已创建标志文件: /app/auto_scripts/scripts/supershort/logs/supershort_train_flags/20250511_supershort_train_done.flag
2025-05-11 19:02:27,928 - INFO - 检测到今天 (20250511) 的超短期训练(train_supershort)已经执行过 (标志文件: /app/auto_scripts/scripts/supershort/logs/supershort_train_flags/20250511_supershort_train_done.flag)
2025-05-11 19:02:55,925 - INFO - 检测到今天 (20250511) 的超短期训练(train_supershort)已经执行过 (标志文件: /app/auto_scripts/scripts/supershort/logs/supershort_train_flags/20250511_supershort_train_done.flag)
2025-05-11 19:03:23,943 - INFO - 检测到今天 (20250511) 的超短期训练(train_supershort)已经执行过 (标志文件: /app/auto_scripts/scripts/supershort/logs/supershort_train_flags/20250511_supershort_train_done.flag)
2025-05-11 19:03:51,934 - INFO - 检测到今天 (20250511) 的超短期训练(train_supershort)已经执行过 (标志文件: /app/auto_scripts/scripts/supershort/logs/supershort_train_flags/20250511_supershort_train_done.flag)
2025-05-11 19:04:19,942 - INFO - 检测到今天 (20250511) 的超短期训练(train_supershort)已经执行过 (标志文件: /app/auto_scripts/scripts/supershort/logs/supershort_train_flags/20250511_supershort_train_done.flag)
2025-05-11 19:04:47,962 - INFO - 检测到今天 (20250511) 的超短期训练(train_supershort)已经执行过 (标志文件: /app/auto_scripts/scripts/supershort/logs/supershort_train_flags/20250511_supershort_train_done.flag)
2025-05-11 19:05:15,980 - INFO - 检测到今天 (20250511) 的超短期训练(train_supershort)已经执行过 (标志文件: /app/auto_scripts/scripts/supershort/logs/supershort_train_flags/20250511_supershort_train_done.flag)
2025-05-11 19:05:43,970 - INFO - 检测到今天 (20250511) 的超短期训练(train_supershort)已经执行过 (标志文件: /app/auto_scripts/scripts/supershort/logs/supershort_train_flags/20250511_supershort_train_done.flag)
2025-05-11 19:06:12,011 - INFO - 检测到今天 (20250511) 的超短期训练(train_supershort)已经执行过 (标志文件: /app/auto_scripts/scripts/supershort/logs/supershort_train_flags/20250511_supershort_train_done.flag)
2025-05-11 19:06:39,997 - INFO - 检测到今天 (20250511) 的超短期训练(train_supershort)已经执行过 (标志文件: /app/auto_scripts/scripts/supershort/logs/supershort_train_flags/20250511_supershort_train_done.flag)
2025-05-11 19:07:07,996 - INFO - 检测到今天 (20250511) 的超短期训练(train_supershort)已经执行过 (标志文件: /app/auto_scripts/scripts/supershort/logs/supershort_train_flags/20250511_supershort_train_done.flag)
2025-05-11 19:07:35,980 - INFO - 检测到今天 (20250511) 的超短期训练(train_supershort)已经执行过 (标志文件: /app/auto_scripts/scripts/supershort/logs/supershort_train_flags/20250511_supershort_train_done.flag)
2025-05-11 19:08:03,963 - INFO - 开始执行超短期预测任务 (predict_supershort.py)
2025-05-11 19:08:03,964 - INFO - 执行命令: /opt/conda/envs/wind-power-env/bin/python "/app/auto_scripts/scripts/supershort/predict_supershort.py"
2025-05-11 19:13:11,558 - INFO - train_supershort.py脚本路径: /app/auto_scripts/scripts/supershort/train_supershort.py
2025-05-11 19:13:11,558 - INFO - predict_supershort.py脚本路径: /app/auto_scripts/scripts/supershort/predict_supershort.py
2025-05-11 19:13:11,558 - INFO - 检测到 Linux/Docker 环境，使用直接Python路径: /opt/conda/envs/wind-power-env/bin/python
2025-05-11 19:13:11,559 - INFO - 将使用以下命令执行Python脚本: /opt/conda/envs/wind-power-env/bin/python
2025-05-11 19:13:11,559 - INFO - 定时任务启动成功 (scheduler_supershort.py):
2025-05-11 19:13:11,560 - INFO -   - 每日超短期训练 (train_supershort.py): 04:00
2025-05-11 19:13:11,560 - INFO -   - 超短期预测 (predict_supershort.py) 执行时间: 每小时的 08, 23, 38, 53 分
2025-05-11 19:13:11,563 - INFO - 检测到今天 (20250511) 的超短期训练(train_supershort)已经执行过 (标志文件: /app/auto_scripts/scripts/supershort/logs/supershort_train_flags/20250511_supershort_train_done.flag)
2025-05-11 19:13:11,563 - INFO - 当前时间: 2025-05-11 19:13:11, 星期: 周日
2025-05-11 19:13:11,563 - INFO - 当前任务状态初始化:
2025-05-11 19:13:11,563 - INFO -   - 每日超短期训练(train_supershort)今日已执行: True
2025-05-11 19:13:11,565 - INFO - 检测到今天 (20250511) 的超短期训练(train_supershort)已经执行过 (标志文件: /app/auto_scripts/scripts/supershort/logs/supershort_train_flags/20250511_supershort_train_done.flag)
