2025-03-25 02:00:11,359 - 
================================================================================
2025-03-25 02:00:11,359 - >>> 自动训练预测系统启动 <<<
2025-03-25 02:00:11,359 - ================================================================================

2025-03-25 02:00:11,359 - 自动训练预测系统启动
2025-03-25 02:00:11,359 - 今天的日期是: 20250325
2025-03-25 02:00:11,360 - 创建监视线程...
2025-03-25 02:00:11,360 - 启动训练线程...
2025-03-25 02:00:11,360 - 启动预测线程...
2025-03-25 02:00:11,360 - 
================================================================================
2025-03-25 02:00:11,360 - >>> 启动训练监视线程 <<<
2025-03-25 02:00:11,360 - ================================================================================

2025-03-25 02:00:11,361 - 等待线程完成...
2025-03-25 02:00:11,361 - 
================================================================================
2025-03-25 02:00:11,364 - 启动训练监视线程
2025-03-25 02:00:11,364 - >>> 启动预测监视线程 <<<
2025-03-25 02:00:11,364 - ================================================================================

2025-03-25 02:00:11,364 - 启动预测监视线程
2025-03-25 02:00:11,364 - 训练文件路径: D:\my-vue-project\wind-power-forecast\backend\auto_scripts\dataset\dataset_short\20250325.csv
2025-03-25 02:00:11,364 - 模型存储目录: D:\my-vue-project\wind-power-forecast\backend\auto_scripts\models\shortmodel\20250325
2025-03-25 02:00:11,364 - 训练完成标志文件: D:\my-vue-project\wind-power-forecast\backend\auto_scripts\scripts\short\logs\auto_pre_train\20250325_train_done.flag
2025-03-25 02:00:11,364 - 开始监视 D:\my-vue-project\wind-power-forecast\backend\auto_scripts\dataset\dataset_short 文件夹以进行训练...
2025-03-25 02:00:11,364 - 预测数据文件路径: D:\my-vue-project\wind-power-forecast\backend\auto_scripts\precsv\shortcsv\20250325.csv
2025-03-25 02:00:11,365 - 模型目录: D:\my-vue-project\wind-power-forecast\backend\auto_scripts\models\shortmodel\20250325
2025-03-25 02:00:11,365 - 预测完成标志文件: D:\my-vue-project\wind-power-forecast\backend\auto_scripts\scripts\short\logs\auto_pre_train\20250325_predict_done.flag
2025-03-25 02:00:11,365 - 开始监视 D:\my-vue-project\wind-power-forecast\backend\auto_scripts\precsv\shortcsv 文件夹以进行预测...
2025-03-25 02:00:11,365 - ✅ 发现新的训练文件：D:\my-vue-project\wind-power-forecast\backend\auto_scripts\dataset\dataset_short\20250325.csv，执行训练...
2025-03-25 02:00:11,365 - 
================================================================================
2025-03-25 02:00:11,365 - 检查模型目录: D:\my-vue-project\wind-power-forecast\backend\auto_scripts\models\shortmodel\20250325
2025-03-25 02:00:11,365 - >>> 开始模型训练 <<<
2025-03-25 02:00:11,365 - ================================================================================

2025-03-25 02:00:11,365 - 配置信息:
2025-03-25 02:00:11,365 - 未找到best_models目录，检查传统模型文件
2025-03-25 02:00:11,365 -   - 窗口大小: 16
2025-03-25 02:00:11,365 -   - 滞后特征数: 4
2025-03-25 02:00:11,365 - 未找到任何可用模型文件
2025-03-25 02:00:11,366 -   - 训练集比例: 0.9
2025-03-25 02:00:11,366 - ⏳ 未有可用模型，等待模型训练完成...
2025-03-25 02:00:11,366 -   - 输出目录: D:\my-vue-project\wind-power-forecast\backend\auto_scripts\train_predictions\short_predictions
2025-03-25 02:00:11,366 -   - 模型存储路径: D:\my-vue-project\wind-power-forecast\backend\auto_scripts\models\shortmodel\20250325
2025-03-25 02:00:11,366 - 输出结果将保存到: D:\my-vue-project\wind-power-forecast\backend\auto_scripts\train_predictions\short_predictions
2025-03-25 02:00:11,366 - 
================================================================================
2025-03-25 02:00:11,366 - >>> 数据加载与预处理 <<<
2025-03-25 02:00:11,366 - ================================================================================

2025-03-25 02:00:11,366 - 加载数据文件: D:\my-vue-project\wind-power-forecast\backend\auto_scripts\dataset\dataset_short\20250325.csv
2025-03-25 02:00:11,366 - 开始加载和预处理数据...
2025-03-25 02:00:12,109 - 数据加载完成，共 38172 条记录
2025-03-25 02:00:12,129 - 数据前5行预览: 
       Timestamp    129.128_1    129.128_2  ...  ws200_15  wp_true    ws_all
0  2023/3/2 0:00  15950.07031  16250.82031  ...  8.808324    26.02  4.092251
1  2023/3/2 0:15  15950.07031  16250.82031  ...  8.549524    19.92  3.833974
2  2023/3/2 0:30  15950.07031  16250.82031  ...  8.295010    14.90  3.591723
3  2023/3/2 0:45  15950.07031  16250.82031  ...  8.045185     8.43  3.206756
4  2023/3/2 1:00  15950.07031  16250.82031  ...  7.800503     5.47  2.986988

[5 rows x 303 columns]
2025-03-25 02:00:12,144 - 数据集时间范围: 2023-03-02 至 2024-04-17, 共 13 个月
2025-03-25 02:00:12,144 - 将使用以下时间段训练模型: [1, 3, 6, 9, 12, None]
2025-03-25 02:00:12,144 - 
================================================================================
2025-03-25 02:00:12,144 - >>> 开始多数据集训练 <<<
2025-03-25 02:00:12,144 - ================================================================================

2025-03-25 02:00:12,144 - 将使用多种时间跨度的数据训练模型...
2025-03-25 02:00:12,144 - 
--------------------------------------------------
【使用多个数据集训练模型】
--------------------------------------------------
2025-03-25 02:00:12,145 - 最佳模型将保存到: D:\my-vue-project\wind-power-forecast\backend\auto_scripts\models\shortmodel\20250325\best_models
2025-03-25 02:00:12,145 - 获取统一参数成功，包含 3 种模型类型
2025-03-25 02:00:12,145 - 
--------------------------------------------------
【训练数据集: 1个月】
--------------------------------------------------
2025-03-25 02:00:12,145 - 使用1个月的数据进行训练...
2025-03-25 02:00:12,145 - 过滤数据为最近1个月...
2025-03-25 02:00:12,147 - 过滤后的数据量: 2977
2025-03-25 02:00:12,147 - 对1个月数据进行预处理...
2025-03-25 02:00:12,151 - 预处理后的特征维度: (2977, 304), 目标变量维度: (2977,)
2025-03-25 02:00:12,151 - 数据集划分完成，训练集: (2679, 304), 验证集: (298, 304)
2025-03-25 02:00:12,151 - 提取了 298 个验证集时间戳，用于时间加权评估
2025-03-25 02:00:12,151 - 执行特征工程，滞后特征数: 4...
2025-03-25 02:00:12,197 - 特征工程后的特征维度 - 训练集: (2676, 859), 验证集: (295, 859)
2025-03-25 02:00:12,197 - 数据标准化...
2025-03-25 02:00:12,228 - 数据标准化完成
2025-03-25 02:00:12,228 - 创建时间窗口，窗口大小: 16...
2025-03-25 02:00:12,276 - 时间窗口创建完成 - 训练集: (2661, 16, 859), 验证集: (280, 16, 859)
2025-03-25 02:00:12,276 - 调整时间戳长度以匹配窗口化后的验证集 - 原始长度: 298, 目标长度: 280
2025-03-25 02:00:12,276 - 时间戳已截断至匹配窗口化后的验证集长度: 280
2025-03-25 02:00:12,276 - 为1个月数据创建模型目录: D:\my-vue-project\wind-power-forecast\backend\auto_scripts\models\shortmodel\20250325\1months
2025-03-25 02:00:12,277 - 开始训练1个月数据的模型...
2025-03-25 02:00:12,277 - 
--------------------------------------------------
【开始模型训练与评估】
--------------------------------------------------
2025-03-25 02:00:12,277 - 模型和 scaler 将被保存到目录: D:\my-vue-project\wind-power-forecast\backend\auto_scripts\models\shortmodel\20250325\1months
2025-03-25 02:00:12,277 - 
--------------------------------------------------
【训练 GBDT 模型】
--------------------------------------------------
2025-03-25 02:00:12,277 - 模型参数: {'boosting_type': 'gbdt', 'objective': 'regression', 'metric': 'rmse', 'num_leaves': 31, 'learning_rate': 0.05, 'feature_fraction': 0.9, 'name': 'GBDT'}
2025-03-25 02:00:12,277 - 开始训练 GBDT 模型...
2025-03-25 02:00:41,367 - 检查模型目录: D:\my-vue-project\wind-power-forecast\backend\auto_scripts\models\shortmodel\20250325
2025-03-25 02:00:41,367 - 发现best_models目录: D:\my-vue-project\wind-power-forecast\backend\auto_scripts\models\shortmodel\20250325\best_models
2025-03-25 02:00:41,367 - 未找到GBDT模型文件
2025-03-25 02:00:41,368 - 未找到DART模型文件
2025-03-25 02:00:41,368 - 未找到GOSS模型文件
2025-03-25 02:00:41,368 - 未找到任何可用模型文件
2025-03-25 02:00:41,368 - ⏳ 未有可用模型，等待模型训练完成...
2025-03-25 02:00:51,413 - GBDT 模型训练完成
2025-03-25 02:00:51,413 - 使用 GBDT 模型预测验证集...
2025-03-25 02:00:51,421 - 使用时间加权方式计算模型评分...
2025-03-25 02:00:51,423 - GBDT 评估结果 - RMSE: 68.3078, K: 0.4502, 加权评分: 0.6447
2025-03-25 02:00:51,423 - ✅ GBDT 成为当前最佳模型 (基于加权评分)
2025-03-25 02:00:51,432 - GBDT 模型已保存到 D:\my-vue-project\wind-power-forecast\backend\auto_scripts\models\shortmodel\20250325\1months\GBDT.joblib
2025-03-25 02:00:51,432 - 
--------------------------------------------------
【训练 DART 模型】
--------------------------------------------------
2025-03-25 02:00:51,432 - 模型参数: {'boosting_type': 'dart', 'objective': 'regression', 'metric': 'rmse', 'num_leaves': 31, 'learning_rate': 0.05, 'feature_fraction': 0.9, 'drop_rate': 0.1, 'name': 'DART'}
2025-03-25 02:00:51,432 - 开始训练 DART 模型...
2025-03-25 02:01:11,371 - 检查模型目录: D:\my-vue-project\wind-power-forecast\backend\auto_scripts\models\shortmodel\20250325
2025-03-25 02:01:11,372 - 发现best_models目录: D:\my-vue-project\wind-power-forecast\backend\auto_scripts\models\shortmodel\20250325\best_models
2025-03-25 02:01:11,372 - 未找到GBDT模型文件
2025-03-25 02:01:11,372 - 未找到DART模型文件
2025-03-25 02:01:11,372 - 未找到GOSS模型文件
2025-03-25 02:01:11,372 - 未找到任何可用模型文件
2025-03-25 02:01:11,372 - ⏳ 未有可用模型，等待模型训练完成...
2025-03-25 02:01:34,441 - DART 模型训练完成
2025-03-25 02:01:34,441 - 使用 DART 模型预测验证集...
2025-03-25 02:01:34,449 - 使用时间加权方式计算模型评分...
2025-03-25 02:01:34,452 - DART 评估结果 - RMSE: 62.7504, K: 0.6220, 加权评分: 0.7393
2025-03-25 02:01:34,452 - ✅ DART 成为当前最佳模型 (基于加权评分)
2025-03-25 02:01:34,464 - DART 模型已保存到 D:\my-vue-project\wind-power-forecast\backend\auto_scripts\models\shortmodel\20250325\1months\DART.joblib
2025-03-25 02:01:34,464 - 
--------------------------------------------------
【训练 GOSS 模型】
--------------------------------------------------
2025-03-25 02:01:34,464 - 模型参数: {'boosting_type': 'goss', 'objective': 'regression', 'metric': 'rmse', 'num_leaves': 31, 'learning_rate': 0.05, 'feature_fraction': 0.9, 'top_rate': 0.2, 'other_rate': 0.1, 'name': 'GOSS'}
2025-03-25 02:01:34,464 - 开始训练 GOSS 模型...
2025-03-25 02:01:41,380 - 检查模型目录: D:\my-vue-project\wind-power-forecast\backend\auto_scripts\models\shortmodel\20250325
2025-03-25 02:01:41,380 - 发现best_models目录: D:\my-vue-project\wind-power-forecast\backend\auto_scripts\models\shortmodel\20250325\best_models
2025-03-25 02:01:41,380 - 未找到GBDT模型文件
2025-03-25 02:01:41,381 - 未找到DART模型文件
2025-03-25 02:01:41,381 - 未找到GOSS模型文件
2025-03-25 02:01:41,381 - 未找到任何可用模型文件
2025-03-25 02:01:41,381 - ⏳ 未有可用模型，等待模型训练完成...
2025-03-25 02:02:08,024 - GOSS 模型训练完成
2025-03-25 02:02:08,024 - 使用 GOSS 模型预测验证集...
2025-03-25 02:02:08,031 - 使用时间加权方式计算模型评分...
2025-03-25 02:02:08,033 - GOSS 评估结果 - RMSE: 68.2680, K: 0.4465, 加权评分: 0.6427
2025-03-25 02:02:08,059 - GOSS 模型已保存到 D:\my-vue-project\wind-power-forecast\backend\auto_scripts\models\shortmodel\20250325\1months\GOSS.joblib
2025-03-25 02:02:08,061 - Scaler 已保存到 D:\my-vue-project\wind-power-forecast\backend\auto_scripts\models\shortmodel\20250325\1months\scaler.joblib
2025-03-25 02:02:08,070 - 最佳模型 'DART' 已额外保存到 D:\my-vue-project\wind-power-forecast\backend\auto_scripts\models\shortmodel\20250325\1months\model.joblib
2025-03-25 02:02:08,070 - 1个月数据的模型训练完成
2025-03-25 02:02:08,070 - 
--------------------------------------------------
【更新每种算法的最佳模型】
--------------------------------------------------
2025-03-25 02:02:08,070 - ✅ 发现更好的GBDT模型 (来自1个月数据)
2025-03-25 02:02:08,070 -    新评分: 0.6447, 旧评分: -inf
2025-03-25 02:02:08,070 - ✅ 发现更好的DART模型 (来自1个月数据)
2025-03-25 02:02:08,070 -    新评分: 0.7393, 旧评分: -inf
2025-03-25 02:02:08,071 - ✅ 发现更好的GOSS模型 (来自1个月数据)
2025-03-25 02:02:08,071 -    新评分: 0.6427, 旧评分: -inf
2025-03-25 02:02:08,071 - 
--------------------------------------------------
【训练数据集: 3个月】
--------------------------------------------------
2025-03-25 02:02:08,071 - 使用3个月的数据进行训练...
2025-03-25 02:02:08,071 - 过滤数据为最近3个月...
2025-03-25 02:02:08,082 - 过滤后的数据量: 8737
2025-03-25 02:02:08,082 - 对3个月数据进行预处理...
2025-03-25 02:02:08,097 - 预处理后的特征维度: (8737, 304), 目标变量维度: (8737,)
2025-03-25 02:02:08,098 - 数据集划分完成，训练集: (7863, 304), 验证集: (874, 304)
2025-03-25 02:02:08,098 - 提取了 874 个验证集时间戳，用于时间加权评估
2025-03-25 02:02:08,099 - 执行特征工程，滞后特征数: 4...
2025-03-25 02:02:08,325 - 特征工程后的特征维度 - 训练集: (7860, 859), 验证集: (871, 859)
2025-03-25 02:02:08,326 - 数据标准化...
2025-03-25 02:02:08,526 - 数据标准化完成
2025-03-25 02:02:08,527 - 创建时间窗口，窗口大小: 16...
2025-03-25 02:02:08,874 - 时间窗口创建完成 - 训练集: (7845, 16, 859), 验证集: (856, 16, 859)
2025-03-25 02:02:08,874 - 调整时间戳长度以匹配窗口化后的验证集 - 原始长度: 874, 目标长度: 856
2025-03-25 02:02:08,874 - 时间戳已截断至匹配窗口化后的验证集长度: 856
2025-03-25 02:02:08,876 - 为3个月数据创建模型目录: D:\my-vue-project\wind-power-forecast\backend\auto_scripts\models\shortmodel\20250325\3months
2025-03-25 02:02:08,876 - 开始训练3个月数据的模型...
2025-03-25 02:02:08,876 - 
--------------------------------------------------
【开始模型训练与评估】
--------------------------------------------------
2025-03-25 02:02:08,876 - 模型和 scaler 将被保存到目录: D:\my-vue-project\wind-power-forecast\backend\auto_scripts\models\shortmodel\20250325\3months
2025-03-25 02:02:08,876 - 
--------------------------------------------------
【训练 GBDT 模型】
--------------------------------------------------
2025-03-25 02:02:08,876 - 模型参数: {'boosting_type': 'gbdt', 'objective': 'regression', 'metric': 'rmse', 'num_leaves': 31, 'learning_rate': 0.05, 'feature_fraction': 0.9, 'name': 'GBDT'}
2025-03-25 02:02:08,876 - 开始训练 GBDT 模型...
2025-03-25 02:02:11,396 - 检查模型目录: D:\my-vue-project\wind-power-forecast\backend\auto_scripts\models\shortmodel\20250325
2025-03-25 02:02:11,396 - 发现best_models目录: D:\my-vue-project\wind-power-forecast\backend\auto_scripts\models\shortmodel\20250325\best_models
2025-03-25 02:02:11,396 - 未找到GBDT模型文件
2025-03-25 02:02:11,396 - 未找到DART模型文件
2025-03-25 02:02:11,397 - 未找到GOSS模型文件
2025-03-25 02:02:11,397 - 未找到任何可用模型文件
2025-03-25 02:02:11,397 - ⏳ 未有可用模型，等待模型训练完成...
2025-03-25 02:02:41,399 - 检查模型目录: D:\my-vue-project\wind-power-forecast\backend\auto_scripts\models\shortmodel\20250325
2025-03-25 02:02:41,399 - 发现best_models目录: D:\my-vue-project\wind-power-forecast\backend\auto_scripts\models\shortmodel\20250325\best_models
2025-03-25 02:02:41,400 - 未找到GBDT模型文件
2025-03-25 02:02:41,400 - 未找到DART模型文件
2025-03-25 02:02:41,400 - 未找到GOSS模型文件
2025-03-25 02:02:41,401 - 未找到任何可用模型文件
2025-03-25 02:02:41,401 - ⏳ 未有可用模型，等待模型训练完成...
2025-03-25 02:03:04,496 - GBDT 模型训练完成
2025-03-25 02:03:04,496 - 使用 GBDT 模型预测验证集...
2025-03-25 02:03:04,516 - 使用时间加权方式计算模型评分...
2025-03-25 02:03:04,521 - GBDT 评估结果 - RMSE: 53.7633, K: 0.6220, 加权评分: 0.7498
2025-03-25 02:03:04,521 - ✅ GBDT 成为当前最佳模型 (基于加权评分)
2025-03-25 02:03:04,532 - GBDT 模型已保存到 D:\my-vue-project\wind-power-forecast\backend\auto_scripts\models\shortmodel\20250325\3months\GBDT.joblib
2025-03-25 02:03:04,532 - 
--------------------------------------------------
【训练 DART 模型】
--------------------------------------------------
2025-03-25 02:03:04,532 - 模型参数: {'boosting_type': 'dart', 'objective': 'regression', 'metric': 'rmse', 'num_leaves': 31, 'learning_rate': 0.05, 'feature_fraction': 0.9, 'drop_rate': 0.1, 'name': 'DART'}
2025-03-25 02:03:04,532 - 开始训练 DART 模型...
2025-03-25 02:03:11,412 - 检查模型目录: D:\my-vue-project\wind-power-forecast\backend\auto_scripts\models\shortmodel\20250325
2025-03-25 02:03:11,412 - 发现best_models目录: D:\my-vue-project\wind-power-forecast\backend\auto_scripts\models\shortmodel\20250325\best_models
2025-03-25 02:03:11,413 - 未找到GBDT模型文件
2025-03-25 02:03:11,413 - 未找到DART模型文件
2025-03-25 02:03:11,413 - 未找到GOSS模型文件
2025-03-25 02:03:11,414 - 未找到任何可用模型文件
2025-03-25 02:03:11,414 - ⏳ 未有可用模型，等待模型训练完成...
2025-03-25 02:03:41,417 - 检查模型目录: D:\my-vue-project\wind-power-forecast\backend\auto_scripts\models\shortmodel\20250325
2025-03-25 02:03:41,417 - 发现best_models目录: D:\my-vue-project\wind-power-forecast\backend\auto_scripts\models\shortmodel\20250325\best_models
2025-03-25 02:03:41,418 - 未找到GBDT模型文件
2025-03-25 02:03:41,418 - 未找到DART模型文件
2025-03-25 02:03:41,419 - 未找到GOSS模型文件
2025-03-25 02:03:41,419 - 未找到任何可用模型文件
2025-03-25 02:03:41,419 - ⏳ 未有可用模型，等待模型训练完成...
2025-03-25 02:03:59,241 - DART 模型训练完成
2025-03-25 02:03:59,242 - 使用 DART 模型预测验证集...
2025-03-25 02:03:59,265 - 使用时间加权方式计算模型评分...
2025-03-25 02:03:59,270 - DART 评估结果 - RMSE: 60.1716, K: 0.7051, 加权评分: 0.7855
2025-03-25 02:03:59,270 - ✅ DART 成为当前最佳模型 (基于加权评分)
2025-03-25 02:03:59,288 - DART 模型已保存到 D:\my-vue-project\wind-power-forecast\backend\auto_scripts\models\shortmodel\20250325\3months\DART.joblib
2025-03-25 02:03:59,288 - 
--------------------------------------------------
【训练 GOSS 模型】
--------------------------------------------------
2025-03-25 02:03:59,288 - 模型参数: {'boosting_type': 'goss', 'objective': 'regression', 'metric': 'rmse', 'num_leaves': 31, 'learning_rate': 0.05, 'feature_fraction': 0.9, 'top_rate': 0.2, 'other_rate': 0.1, 'name': 'GOSS'}
2025-03-25 02:03:59,288 - 开始训练 GOSS 模型...
2025-03-25 02:04:11,429 - 检查模型目录: D:\my-vue-project\wind-power-forecast\backend\auto_scripts\models\shortmodel\20250325
2025-03-25 02:04:11,429 - 发现best_models目录: D:\my-vue-project\wind-power-forecast\backend\auto_scripts\models\shortmodel\20250325\best_models
2025-03-25 02:04:11,429 - 未找到GBDT模型文件
2025-03-25 02:04:11,429 - 未找到DART模型文件
2025-03-25 02:04:11,429 - 未找到GOSS模型文件
2025-03-25 02:04:11,429 - 未找到任何可用模型文件
2025-03-25 02:04:11,429 - ⏳ 未有可用模型，等待模型训练完成...
2025-03-25 02:04:41,442 - 检查模型目录: D:\my-vue-project\wind-power-forecast\backend\auto_scripts\models\shortmodel\20250325
2025-03-25 02:04:41,443 - 发现best_models目录: D:\my-vue-project\wind-power-forecast\backend\auto_scripts\models\shortmodel\20250325\best_models
2025-03-25 02:04:41,443 - 未找到GBDT模型文件
2025-03-25 02:04:41,443 - 未找到DART模型文件
2025-03-25 02:04:41,443 - 未找到GOSS模型文件
2025-03-25 02:04:41,443 - 未找到任何可用模型文件
2025-03-25 02:04:41,444 - ⏳ 未有可用模型，等待模型训练完成...
2025-03-25 02:04:50,851 - GOSS 模型训练完成
2025-03-25 02:04:50,851 - 使用 GOSS 模型预测验证集...
2025-03-25 02:04:50,877 - 使用时间加权方式计算模型评分...
2025-03-25 02:04:50,882 - GOSS 评估结果 - RMSE: 53.4696, K: 0.6275, 加权评分: 0.7529
2025-03-25 02:04:50,905 - GOSS 模型已保存到 D:\my-vue-project\wind-power-forecast\backend\auto_scripts\models\shortmodel\20250325\3months\GOSS.joblib
2025-03-25 02:04:50,908 - Scaler 已保存到 D:\my-vue-project\wind-power-forecast\backend\auto_scripts\models\shortmodel\20250325\3months\scaler.joblib
2025-03-25 02:04:50,918 - 最佳模型 'DART' 已额外保存到 D:\my-vue-project\wind-power-forecast\backend\auto_scripts\models\shortmodel\20250325\3months\model.joblib
2025-03-25 02:04:50,919 - 3个月数据的模型训练完成
2025-03-25 02:04:50,919 - 
--------------------------------------------------
【更新每种算法的最佳模型】
--------------------------------------------------
2025-03-25 02:04:50,919 - ✅ 发现更好的GBDT模型 (来自3个月数据)
2025-03-25 02:04:50,919 -    新评分: 0.7498, 旧评分: 0.6447
2025-03-25 02:04:50,919 - ✅ 发现更好的DART模型 (来自3个月数据)
2025-03-25 02:04:50,919 -    新评分: 0.7855, 旧评分: 0.7393
2025-03-25 02:04:50,919 - ✅ 发现更好的GOSS模型 (来自3个月数据)
2025-03-25 02:04:50,919 -    新评分: 0.7529, 旧评分: 0.6427
2025-03-25 02:04:50,919 - 
--------------------------------------------------
【训练数据集: 6个月】
--------------------------------------------------
2025-03-25 02:04:50,919 - 使用6个月的数据进行训练...
2025-03-25 02:04:50,919 - 过滤数据为最近6个月...
2025-03-25 02:04:50,936 - 过滤后的数据量: 17327
2025-03-25 02:04:50,936 - 对6个月数据进行预处理...
2025-03-25 02:04:50,962 - 预处理后的特征维度: (17327, 304), 目标变量维度: (17327,)
2025-03-25 02:04:50,964 - 数据集划分完成，训练集: (15594, 304), 验证集: (1733, 304)
2025-03-25 02:04:50,964 - 提取了 1733 个验证集时间戳，用于时间加权评估
2025-03-25 02:04:50,964 - 执行特征工程，滞后特征数: 4...
2025-03-25 02:04:51,197 - 特征工程后的特征维度 - 训练集: (15591, 859), 验证集: (1730, 859)
2025-03-25 02:04:51,197 - 数据标准化...
2025-03-25 02:04:51,501 - 数据标准化完成
2025-03-25 02:04:51,501 - 创建时间窗口，窗口大小: 16...
2025-03-25 02:04:52,067 - 时间窗口创建完成 - 训练集: (15576, 16, 859), 验证集: (1715, 16, 859)
2025-03-25 02:04:52,067 - 调整时间戳长度以匹配窗口化后的验证集 - 原始长度: 1733, 目标长度: 1715
2025-03-25 02:04:52,067 - 时间戳已截断至匹配窗口化后的验证集长度: 1715
2025-03-25 02:04:52,068 - 为6个月数据创建模型目录: D:\my-vue-project\wind-power-forecast\backend\auto_scripts\models\shortmodel\20250325\6months
2025-03-25 02:04:52,068 - 开始训练6个月数据的模型...
2025-03-25 02:04:52,068 - 
--------------------------------------------------
【开始模型训练与评估】
--------------------------------------------------
2025-03-25 02:04:52,068 - 模型和 scaler 将被保存到目录: D:\my-vue-project\wind-power-forecast\backend\auto_scripts\models\shortmodel\20250325\6months
2025-03-25 02:04:52,068 - 
--------------------------------------------------
【训练 GBDT 模型】
--------------------------------------------------
2025-03-25 02:04:52,068 - 模型参数: {'boosting_type': 'gbdt', 'objective': 'regression', 'metric': 'rmse', 'num_leaves': 31, 'learning_rate': 0.05, 'feature_fraction': 0.9, 'name': 'GBDT'}
2025-03-25 02:04:52,068 - 开始训练 GBDT 模型...
2025-03-25 02:05:11,455 - 检查模型目录: D:\my-vue-project\wind-power-forecast\backend\auto_scripts\models\shortmodel\20250325
2025-03-25 02:05:11,456 - 发现best_models目录: D:\my-vue-project\wind-power-forecast\backend\auto_scripts\models\shortmodel\20250325\best_models
2025-03-25 02:05:11,456 - 未找到GBDT模型文件
2025-03-25 02:05:11,456 - 未找到DART模型文件
2025-03-25 02:05:11,456 - 未找到GOSS模型文件
2025-03-25 02:05:11,456 - 未找到任何可用模型文件
2025-03-25 02:05:11,456 - ⏳ 未有可用模型，等待模型训练完成...
2025-03-25 02:05:41,473 - 检查模型目录: D:\my-vue-project\wind-power-forecast\backend\auto_scripts\models\shortmodel\20250325
2025-03-25 02:05:41,473 - 发现best_models目录: D:\my-vue-project\wind-power-forecast\backend\auto_scripts\models\shortmodel\20250325\best_models
2025-03-25 02:05:41,473 - 未找到GBDT模型文件
2025-03-25 02:05:41,473 - 未找到DART模型文件
2025-03-25 02:05:41,473 - 未找到GOSS模型文件
2025-03-25 02:05:41,474 - 未找到任何可用模型文件
2025-03-25 02:05:41,474 - ⏳ 未有可用模型，等待模型训练完成...
2025-03-25 02:06:08,071 - GBDT 模型训练完成
2025-03-25 02:06:08,072 - 使用 GBDT 模型预测验证集...
2025-03-25 02:06:08,133 - 使用时间加权方式计算模型评分...
2025-03-25 02:06:08,144 - GBDT 评估结果 - RMSE: 50.8665, K: 0.6900, 加权评分: 0.7872
2025-03-25 02:06:08,144 - ✅ GBDT 成为当前最佳模型 (基于加权评分)
2025-03-25 02:06:08,155 - GBDT 模型已保存到 D:\my-vue-project\wind-power-forecast\backend\auto_scripts\models\shortmodel\20250325\6months\GBDT.joblib
2025-03-25 02:06:08,155 - 
--------------------------------------------------
【训练 DART 模型】
--------------------------------------------------
2025-03-25 02:06:08,155 - 模型参数: {'boosting_type': 'dart', 'objective': 'regression', 'metric': 'rmse', 'num_leaves': 31, 'learning_rate': 0.05, 'feature_fraction': 0.9, 'drop_rate': 0.1, 'name': 'DART'}
2025-03-25 02:06:08,155 - 开始训练 DART 模型...
2025-03-25 02:06:11,488 - 检查模型目录: D:\my-vue-project\wind-power-forecast\backend\auto_scripts\models\shortmodel\20250325
2025-03-25 02:06:11,488 - 发现best_models目录: D:\my-vue-project\wind-power-forecast\backend\auto_scripts\models\shortmodel\20250325\best_models
2025-03-25 02:06:11,488 - 未找到GBDT模型文件
2025-03-25 02:06:11,488 - 未找到DART模型文件
2025-03-25 02:06:11,488 - 未找到GOSS模型文件
2025-03-25 02:06:11,489 - 未找到任何可用模型文件
2025-03-25 02:06:11,489 - ⏳ 未有可用模型，等待模型训练完成...
2025-03-25 02:06:41,494 - 检查模型目录: D:\my-vue-project\wind-power-forecast\backend\auto_scripts\models\shortmodel\20250325
2025-03-25 02:06:41,495 - 发现best_models目录: D:\my-vue-project\wind-power-forecast\backend\auto_scripts\models\shortmodel\20250325\best_models
2025-03-25 02:06:41,495 - 未找到GBDT模型文件
2025-03-25 02:06:41,495 - 未找到DART模型文件
2025-03-25 02:06:41,495 - 未找到GOSS模型文件
2025-03-25 02:06:41,495 - 未找到任何可用模型文件
2025-03-25 02:06:41,495 - ⏳ 未有可用模型，等待模型训练完成...
2025-03-25 02:07:11,511 - 检查模型目录: D:\my-vue-project\wind-power-forecast\backend\auto_scripts\models\shortmodel\20250325
2025-03-25 02:07:11,511 - 发现best_models目录: D:\my-vue-project\wind-power-forecast\backend\auto_scripts\models\shortmodel\20250325\best_models
2025-03-25 02:07:11,511 - 未找到GBDT模型文件
2025-03-25 02:07:11,512 - 未找到DART模型文件
2025-03-25 02:07:11,512 - 未找到GOSS模型文件
2025-03-25 02:07:11,512 - 未找到任何可用模型文件
2025-03-25 02:07:11,512 - ⏳ 未有可用模型，等待模型训练完成...
2025-03-25 02:07:24,185 - DART 模型训练完成
2025-03-25 02:07:24,186 - 使用 DART 模型预测验证集...
2025-03-25 02:07:24,237 - 使用时间加权方式计算模型评分...
2025-03-25 02:07:24,247 - DART 评估结果 - RMSE: 68.5842, K: 0.6994, 加权评分: 0.7739
2025-03-25 02:07:24,363 - DART 模型已保存到 D:\my-vue-project\wind-power-forecast\backend\auto_scripts\models\shortmodel\20250325\6months\DART.joblib
2025-03-25 02:07:24,364 - 
--------------------------------------------------
【训练 GOSS 模型】
--------------------------------------------------
2025-03-25 02:07:24,364 - 模型参数: {'boosting_type': 'goss', 'objective': 'regression', 'metric': 'rmse', 'num_leaves': 31, 'learning_rate': 0.05, 'feature_fraction': 0.9, 'top_rate': 0.2, 'other_rate': 0.1, 'name': 'GOSS'}
2025-03-25 02:07:24,364 - 开始训练 GOSS 模型...
2025-03-25 02:07:41,518 - 检查模型目录: D:\my-vue-project\wind-power-forecast\backend\auto_scripts\models\shortmodel\20250325
2025-03-25 02:07:41,524 - 发现best_models目录: D:\my-vue-project\wind-power-forecast\backend\auto_scripts\models\shortmodel\20250325\best_models
2025-03-25 02:07:41,525 - 未找到GBDT模型文件
2025-03-25 02:07:41,525 - 未找到DART模型文件
2025-03-25 02:07:41,525 - 未找到GOSS模型文件
2025-03-25 02:07:41,526 - 未找到任何可用模型文件
2025-03-25 02:07:41,526 - ⏳ 未有可用模型，等待模型训练完成...
2025-03-25 02:08:11,527 - 检查模型目录: D:\my-vue-project\wind-power-forecast\backend\auto_scripts\models\shortmodel\20250325
2025-03-25 02:08:11,527 - 发现best_models目录: D:\my-vue-project\wind-power-forecast\backend\auto_scripts\models\shortmodel\20250325\best_models
2025-03-25 02:08:11,527 - 未找到GBDT模型文件
2025-03-25 02:08:11,528 - 未找到DART模型文件
2025-03-25 02:08:11,528 - 未找到GOSS模型文件
2025-03-25 02:08:11,528 - 未找到任何可用模型文件
2025-03-25 02:08:11,528 - ⏳ 未有可用模型，等待模型训练完成...
2025-03-25 02:08:33,821 - GOSS 模型训练完成
2025-03-25 02:08:33,822 - 使用 GOSS 模型预测验证集...
2025-03-25 02:08:33,883 - 使用时间加权方式计算模型评分...
2025-03-25 02:08:33,894 - GOSS 评估结果 - RMSE: 49.3663, K: 0.6978, 加权评分: 0.7928
2025-03-25 02:08:33,894 - ✅ GOSS 成为当前最佳模型 (基于加权评分)
2025-03-25 02:08:33,915 - GOSS 模型已保存到 D:\my-vue-project\wind-power-forecast\backend\auto_scripts\models\shortmodel\20250325\6months\GOSS.joblib
2025-03-25 02:08:33,917 - Scaler 已保存到 D:\my-vue-project\wind-power-forecast\backend\auto_scripts\models\shortmodel\20250325\6months\scaler.joblib
2025-03-25 02:08:33,936 - 最佳模型 'GOSS' 已额外保存到 D:\my-vue-project\wind-power-forecast\backend\auto_scripts\models\shortmodel\20250325\6months\model.joblib
2025-03-25 02:08:33,936 - 6个月数据的模型训练完成
2025-03-25 02:08:33,937 - 
--------------------------------------------------
【更新每种算法的最佳模型】
--------------------------------------------------
2025-03-25 02:08:33,937 - ✅ 发现更好的GBDT模型 (来自6个月数据)
2025-03-25 02:08:33,937 -    新评分: 0.7872, 旧评分: 0.7498
2025-03-25 02:08:33,937 - ❌ 6个月数据的DART模型不是最佳模型
2025-03-25 02:08:33,937 -    当前评分: 0.7739, 最佳评分: 0.7855
2025-03-25 02:08:33,937 - ✅ 发现更好的GOSS模型 (来自6个月数据)
2025-03-25 02:08:33,937 -    新评分: 0.7928, 旧评分: 0.7529
2025-03-25 02:08:33,937 - 
--------------------------------------------------
【训练数据集: 9个月】
--------------------------------------------------
2025-03-25 02:08:33,937 - 使用9个月的数据进行训练...
2025-03-25 02:08:33,937 - 过滤数据为最近9个月...
2025-03-25 02:08:33,962 - 过滤后的数据量: 24928
2025-03-25 02:08:33,962 - 对9个月数据进行预处理...
2025-03-25 02:08:33,994 - 预处理后的特征维度: (24928, 304), 目标变量维度: (24928,)
2025-03-25 02:08:33,996 - 数据集划分完成，训练集: (22435, 304), 验证集: (2493, 304)
2025-03-25 02:08:33,996 - 提取了 2493 个验证集时间戳，用于时间加权评估
2025-03-25 02:08:33,996 - 执行特征工程，滞后特征数: 4...
2025-03-25 02:08:34,282 - 特征工程后的特征维度 - 训练集: (22432, 859), 验证集: (2490, 859)
2025-03-25 02:08:34,282 - 数据标准化...
2025-03-25 02:08:34,661 - 数据标准化完成
2025-03-25 02:08:34,661 - 创建时间窗口，窗口大小: 16...
2025-03-25 02:08:35,497 - 时间窗口创建完成 - 训练集: (22417, 16, 859), 验证集: (2475, 16, 859)
2025-03-25 02:08:35,497 - 调整时间戳长度以匹配窗口化后的验证集 - 原始长度: 2493, 目标长度: 2475
2025-03-25 02:08:35,497 - 时间戳已截断至匹配窗口化后的验证集长度: 2475
2025-03-25 02:08:35,498 - 为9个月数据创建模型目录: D:\my-vue-project\wind-power-forecast\backend\auto_scripts\models\shortmodel\20250325\9months
2025-03-25 02:08:35,499 - 开始训练9个月数据的模型...
2025-03-25 02:08:35,499 - 
--------------------------------------------------
【开始模型训练与评估】
--------------------------------------------------
2025-03-25 02:08:35,499 - 模型和 scaler 将被保存到目录: D:\my-vue-project\wind-power-forecast\backend\auto_scripts\models\shortmodel\20250325\9months
2025-03-25 02:08:35,499 - 
--------------------------------------------------
【训练 GBDT 模型】
--------------------------------------------------
2025-03-25 02:08:35,499 - 模型参数: {'boosting_type': 'gbdt', 'objective': 'regression', 'metric': 'rmse', 'num_leaves': 31, 'learning_rate': 0.05, 'feature_fraction': 0.9, 'name': 'GBDT'}
2025-03-25 02:08:35,500 - 开始训练 GBDT 模型...
2025-03-25 02:08:41,538 - 检查模型目录: D:\my-vue-project\wind-power-forecast\backend\auto_scripts\models\shortmodel\20250325
2025-03-25 02:08:41,538 - 发现best_models目录: D:\my-vue-project\wind-power-forecast\backend\auto_scripts\models\shortmodel\20250325\best_models
2025-03-25 02:08:41,538 - 未找到GBDT模型文件
2025-03-25 02:08:41,538 - 未找到DART模型文件
2025-03-25 02:08:41,538 - 未找到GOSS模型文件
2025-03-25 02:08:41,539 - 未找到任何可用模型文件
2025-03-25 02:08:41,539 - ⏳ 未有可用模型，等待模型训练完成...
2025-03-25 02:09:11,544 - 检查模型目录: D:\my-vue-project\wind-power-forecast\backend\auto_scripts\models\shortmodel\20250325
2025-03-25 02:09:11,545 - 发现best_models目录: D:\my-vue-project\wind-power-forecast\backend\auto_scripts\models\shortmodel\20250325\best_models
2025-03-25 02:09:11,546 - 未找到GBDT模型文件
2025-03-25 02:09:11,546 - 未找到DART模型文件
2025-03-25 02:09:11,546 - 未找到GOSS模型文件
2025-03-25 02:09:11,546 - 未找到任何可用模型文件
2025-03-25 02:09:11,546 - ⏳ 未有可用模型，等待模型训练完成...
2025-03-25 02:09:41,562 - 检查模型目录: D:\my-vue-project\wind-power-forecast\backend\auto_scripts\models\shortmodel\20250325
2025-03-25 02:09:41,562 - 发现best_models目录: D:\my-vue-project\wind-power-forecast\backend\auto_scripts\models\shortmodel\20250325\best_models
2025-03-25 02:09:41,562 - 未找到GBDT模型文件
2025-03-25 02:09:41,562 - 未找到DART模型文件
2025-03-25 02:09:41,563 - 未找到GOSS模型文件
2025-03-25 02:09:41,563 - 未找到任何可用模型文件
2025-03-25 02:09:41,563 - ⏳ 未有可用模型，等待模型训练完成...
2025-03-25 02:09:58,023 - GBDT 模型训练完成
2025-03-25 02:09:58,023 - 使用 GBDT 模型预测验证集...
2025-03-25 02:09:58,153 - 使用时间加权方式计算模型评分...
2025-03-25 02:09:58,170 - GBDT 评估结果 - RMSE: 48.8180, K: 0.6768, 加权评分: 0.7836
2025-03-25 02:09:58,170 - ✅ GBDT 成为当前最佳模型 (基于加权评分)
2025-03-25 02:09:58,185 - GBDT 模型已保存到 D:\my-vue-project\wind-power-forecast\backend\auto_scripts\models\shortmodel\20250325\9months\GBDT.joblib
2025-03-25 02:09:58,185 - 
--------------------------------------------------
【训练 DART 模型】
--------------------------------------------------
2025-03-25 02:09:58,186 - 模型参数: {'boosting_type': 'dart', 'objective': 'regression', 'metric': 'rmse', 'num_leaves': 31, 'learning_rate': 0.05, 'feature_fraction': 0.9, 'drop_rate': 0.1, 'name': 'DART'}
2025-03-25 02:09:58,186 - 开始训练 DART 模型...
2025-03-25 02:10:11,574 - 检查模型目录: D:\my-vue-project\wind-power-forecast\backend\auto_scripts\models\shortmodel\20250325
2025-03-25 02:10:11,574 - 发现best_models目录: D:\my-vue-project\wind-power-forecast\backend\auto_scripts\models\shortmodel\20250325\best_models
2025-03-25 02:10:11,574 - 未找到GBDT模型文件
2025-03-25 02:10:11,574 - 未找到DART模型文件
2025-03-25 02:10:11,574 - 未找到GOSS模型文件
2025-03-25 02:10:11,574 - 未找到任何可用模型文件
2025-03-25 02:10:11,575 - ⏳ 未有可用模型，等待模型训练完成...
2025-03-25 02:10:41,586 - 检查模型目录: D:\my-vue-project\wind-power-forecast\backend\auto_scripts\models\shortmodel\20250325
2025-03-25 02:10:41,586 - 发现best_models目录: D:\my-vue-project\wind-power-forecast\backend\auto_scripts\models\shortmodel\20250325\best_models
2025-03-25 02:10:41,587 - 未找到GBDT模型文件
2025-03-25 02:10:41,587 - 未找到DART模型文件
2025-03-25 02:10:41,587 - 未找到GOSS模型文件
2025-03-25 02:10:41,587 - 未找到任何可用模型文件
2025-03-25 02:10:41,587 - ⏳ 未有可用模型，等待模型训练完成...
2025-03-25 02:11:11,600 - 检查模型目录: D:\my-vue-project\wind-power-forecast\backend\auto_scripts\models\shortmodel\20250325
2025-03-25 02:11:11,601 - 发现best_models目录: D:\my-vue-project\wind-power-forecast\backend\auto_scripts\models\shortmodel\20250325\best_models
2025-03-25 02:11:11,601 - 未找到GBDT模型文件
2025-03-25 02:11:11,601 - 未找到DART模型文件
2025-03-25 02:11:11,601 - 未找到GOSS模型文件
2025-03-25 02:11:11,602 - 未找到任何可用模型文件
2025-03-25 02:11:11,602 - ⏳ 未有可用模型，等待模型训练完成...
2025-03-25 02:11:27,253 - DART 模型训练完成
2025-03-25 02:11:27,253 - 使用 DART 模型预测验证集...
2025-03-25 02:11:27,375 - 使用时间加权方式计算模型评分...
2025-03-25 02:11:27,389 - DART 评估结果 - RMSE: 61.0135, K: 0.7109, 加权评分: 0.7877
2025-03-25 02:11:27,390 - ✅ DART 成为当前最佳模型 (基于加权评分)
2025-03-25 02:11:27,402 - DART 模型已保存到 D:\my-vue-project\wind-power-forecast\backend\auto_scripts\models\shortmodel\20250325\9months\DART.joblib
2025-03-25 02:11:27,402 - 
--------------------------------------------------
【训练 GOSS 模型】
--------------------------------------------------
2025-03-25 02:11:27,402 - 模型参数: {'boosting_type': 'goss', 'objective': 'regression', 'metric': 'rmse', 'num_leaves': 31, 'learning_rate': 0.05, 'feature_fraction': 0.9, 'top_rate': 0.2, 'other_rate': 0.1, 'name': 'GOSS'}
2025-03-25 02:11:27,402 - 开始训练 GOSS 模型...
2025-03-25 02:11:41,615 - 检查模型目录: D:\my-vue-project\wind-power-forecast\backend\auto_scripts\models\shortmodel\20250325
2025-03-25 02:11:41,615 - 发现best_models目录: D:\my-vue-project\wind-power-forecast\backend\auto_scripts\models\shortmodel\20250325\best_models
2025-03-25 02:11:41,615 - 未找到GBDT模型文件
2025-03-25 02:11:41,615 - 未找到DART模型文件
2025-03-25 02:11:41,616 - 未找到GOSS模型文件
2025-03-25 02:11:41,616 - 未找到任何可用模型文件
2025-03-25 02:11:41,616 - ⏳ 未有可用模型，等待模型训练完成...
2025-03-25 02:12:11,631 - 检查模型目录: D:\my-vue-project\wind-power-forecast\backend\auto_scripts\models\shortmodel\20250325
2025-03-25 02:12:11,631 - 发现best_models目录: D:\my-vue-project\wind-power-forecast\backend\auto_scripts\models\shortmodel\20250325\best_models
2025-03-25 02:12:11,632 - 未找到GBDT模型文件
2025-03-25 02:12:11,632 - 未找到DART模型文件
2025-03-25 02:12:11,632 - 未找到GOSS模型文件
2025-03-25 02:12:11,632 - 未找到任何可用模型文件
2025-03-25 02:12:11,632 - ⏳ 未有可用模型，等待模型训练完成...
2025-03-25 02:12:41,647 - 检查模型目录: D:\my-vue-project\wind-power-forecast\backend\auto_scripts\models\shortmodel\20250325
2025-03-25 02:12:41,647 - 发现best_models目录: D:\my-vue-project\wind-power-forecast\backend\auto_scripts\models\shortmodel\20250325\best_models
2025-03-25 02:12:41,647 - 未找到GBDT模型文件
2025-03-25 02:12:41,647 - 未找到DART模型文件
2025-03-25 02:12:41,648 - 未找到GOSS模型文件
2025-03-25 02:12:41,648 - 未找到任何可用模型文件
2025-03-25 02:12:41,648 - ⏳ 未有可用模型，等待模型训练完成...
2025-03-25 02:12:49,365 - GOSS 模型训练完成
2025-03-25 02:12:49,366 - 使用 GOSS 模型预测验证集...
2025-03-25 02:12:49,519 - 使用时间加权方式计算模型评分...
2025-03-25 02:12:49,534 - GOSS 评估结果 - RMSE: 48.8096, K: 0.6796, 加权评分: 0.7852
2025-03-25 02:12:49,559 - GOSS 模型已保存到 D:\my-vue-project\wind-power-forecast\backend\auto_scripts\models\shortmodel\20250325\9months\GOSS.joblib
2025-03-25 02:12:49,563 - Scaler 已保存到 D:\my-vue-project\wind-power-forecast\backend\auto_scripts\models\shortmodel\20250325\9months\scaler.joblib
2025-03-25 02:12:49,577 - 最佳模型 'DART' 已额外保存到 D:\my-vue-project\wind-power-forecast\backend\auto_scripts\models\shortmodel\20250325\9months\model.joblib
2025-03-25 02:12:49,577 - 9个月数据的模型训练完成
2025-03-25 02:12:49,577 - 
--------------------------------------------------
【更新每种算法的最佳模型】
--------------------------------------------------
2025-03-25 02:12:49,577 - ❌ 9个月数据的GBDT模型不是最佳模型
2025-03-25 02:12:49,577 -    当前评分: 0.7836, 最佳评分: 0.7872
2025-03-25 02:12:49,577 - ✅ 发现更好的DART模型 (来自9个月数据)
2025-03-25 02:12:49,577 -    新评分: 0.7877, 旧评分: 0.7855
2025-03-25 02:12:49,577 - ❌ 9个月数据的GOSS模型不是最佳模型
2025-03-25 02:12:49,577 -    当前评分: 0.7852, 最佳评分: 0.7928
2025-03-25 02:12:49,578 - 
--------------------------------------------------
【训练数据集: 12个月】
--------------------------------------------------
2025-03-25 02:12:49,578 - 使用12个月的数据进行训练...
2025-03-25 02:12:49,578 - 过滤数据为最近12个月...
2025-03-25 02:12:49,631 - 过滤后的数据量: 33664
2025-03-25 02:12:49,631 - 对12个月数据进行预处理...
2025-03-25 02:12:49,681 - 预处理后的特征维度: (33664, 304), 目标变量维度: (33664,)
2025-03-25 02:12:49,684 - 数据集划分完成，训练集: (30297, 304), 验证集: (3367, 304)
2025-03-25 02:12:49,684 - 提取了 3367 个验证集时间戳，用于时间加权评估
2025-03-25 02:12:49,685 - 执行特征工程，滞后特征数: 4...
2025-03-25 02:12:50,141 - 特征工程后的特征维度 - 训练集: (30294, 859), 验证集: (3364, 859)
2025-03-25 02:12:50,142 - 数据标准化...
2025-03-25 02:12:50,729 - 数据标准化完成
2025-03-25 02:12:50,730 - 创建时间窗口，窗口大小: 16...
2025-03-25 02:12:51,799 - 时间窗口创建完成 - 训练集: (30279, 16, 859), 验证集: (3349, 16, 859)
2025-03-25 02:12:51,800 - 调整时间戳长度以匹配窗口化后的验证集 - 原始长度: 3367, 目标长度: 3349
2025-03-25 02:12:51,800 - 时间戳已截断至匹配窗口化后的验证集长度: 3349
2025-03-25 02:12:51,800 - 为12个月数据创建模型目录: D:\my-vue-project\wind-power-forecast\backend\auto_scripts\models\shortmodel\20250325\12months
2025-03-25 02:12:51,801 - 开始训练12个月数据的模型...
2025-03-25 02:12:51,801 - 
--------------------------------------------------
【开始模型训练与评估】
--------------------------------------------------
2025-03-25 02:12:51,801 - 模型和 scaler 将被保存到目录: D:\my-vue-project\wind-power-forecast\backend\auto_scripts\models\shortmodel\20250325\12months
2025-03-25 02:12:51,801 - 
--------------------------------------------------
【训练 GBDT 模型】
--------------------------------------------------
2025-03-25 02:12:51,801 - 模型参数: {'boosting_type': 'gbdt', 'objective': 'regression', 'metric': 'rmse', 'num_leaves': 31, 'learning_rate': 0.05, 'feature_fraction': 0.9, 'name': 'GBDT'}
2025-03-25 02:12:51,801 - 开始训练 GBDT 模型...
2025-03-25 02:13:11,854 - 检查模型目录: D:\my-vue-project\wind-power-forecast\backend\auto_scripts\models\shortmodel\20250325
2025-03-25 02:13:11,980 - 发现best_models目录: D:\my-vue-project\wind-power-forecast\backend\auto_scripts\models\shortmodel\20250325\best_models
2025-03-25 02:13:11,983 - 未找到GBDT模型文件
2025-03-25 02:13:11,983 - 未找到DART模型文件
2025-03-25 02:13:11,983 - 未找到GOSS模型文件
2025-03-25 02:13:11,985 - 未找到任何可用模型文件
2025-03-25 02:13:11,985 - ⏳ 未有可用模型，等待模型训练完成...
2025-03-25 02:13:41,993 - 检查模型目录: D:\my-vue-project\wind-power-forecast\backend\auto_scripts\models\shortmodel\20250325
2025-03-25 02:13:41,993 - 发现best_models目录: D:\my-vue-project\wind-power-forecast\backend\auto_scripts\models\shortmodel\20250325\best_models
2025-03-25 02:13:41,994 - 未找到GBDT模型文件
2025-03-25 02:13:41,994 - 未找到DART模型文件
2025-03-25 02:13:41,994 - 未找到GOSS模型文件
2025-03-25 02:13:41,994 - 未找到任何可用模型文件
2025-03-25 02:13:41,994 - ⏳ 未有可用模型，等待模型训练完成...
2025-03-25 02:14:12,007 - 检查模型目录: D:\my-vue-project\wind-power-forecast\backend\auto_scripts\models\shortmodel\20250325
2025-03-25 02:14:12,008 - 发现best_models目录: D:\my-vue-project\wind-power-forecast\backend\auto_scripts\models\shortmodel\20250325\best_models
2025-03-25 02:14:12,008 - 未找到GBDT模型文件
2025-03-25 02:14:12,008 - 未找到DART模型文件
2025-03-25 02:14:12,008 - 未找到GOSS模型文件
2025-03-25 02:14:12,008 - 未找到任何可用模型文件
2025-03-25 02:14:12,008 - ⏳ 未有可用模型，等待模型训练完成...
2025-03-25 02:14:42,027 - 检查模型目录: D:\my-vue-project\wind-power-forecast\backend\auto_scripts\models\shortmodel\20250325
2025-03-25 02:14:42,027 - 发现best_models目录: D:\my-vue-project\wind-power-forecast\backend\auto_scripts\models\shortmodel\20250325\best_models
2025-03-25 02:14:42,027 - 未找到GBDT模型文件
2025-03-25 02:14:42,028 - 未找到DART模型文件
2025-03-25 02:14:42,028 - 未找到GOSS模型文件
2025-03-25 02:14:42,028 - 未找到任何可用模型文件
2025-03-25 02:14:42,028 - ⏳ 未有可用模型，等待模型训练完成...
2025-03-25 02:14:45,078 - GBDT 模型训练完成
2025-03-25 02:14:45,079 - 使用 GBDT 模型预测验证集...
2025-03-25 02:14:45,456 - 使用时间加权方式计算模型评分...
2025-03-25 02:14:45,477 - GBDT 评估结果 - RMSE: 45.8674, K: 0.7136, 加权评分: 0.8056
2025-03-25 02:14:45,477 - ✅ GBDT 成为当前最佳模型 (基于加权评分)
2025-03-25 02:14:45,500 - GBDT 模型已保存到 D:\my-vue-project\wind-power-forecast\backend\auto_scripts\models\shortmodel\20250325\12months\GBDT.joblib
2025-03-25 02:14:45,501 - 
--------------------------------------------------
【训练 DART 模型】
--------------------------------------------------
2025-03-25 02:14:45,501 - 模型参数: {'boosting_type': 'dart', 'objective': 'regression', 'metric': 'rmse', 'num_leaves': 31, 'learning_rate': 0.05, 'feature_fraction': 0.9, 'drop_rate': 0.1, 'name': 'DART'}
2025-03-25 02:14:45,501 - 开始训练 DART 模型...
2025-03-25 02:15:12,035 - 检查模型目录: D:\my-vue-project\wind-power-forecast\backend\auto_scripts\models\shortmodel\20250325
2025-03-25 02:15:12,036 - 发现best_models目录: D:\my-vue-project\wind-power-forecast\backend\auto_scripts\models\shortmodel\20250325\best_models
2025-03-25 02:15:12,036 - 未找到GBDT模型文件
2025-03-25 02:15:12,037 - 未找到DART模型文件
2025-03-25 02:15:12,037 - 未找到GOSS模型文件
2025-03-25 02:15:12,037 - 未找到任何可用模型文件
2025-03-25 02:15:12,037 - ⏳ 未有可用模型，等待模型训练完成...
2025-03-25 02:15:42,052 - 检查模型目录: D:\my-vue-project\wind-power-forecast\backend\auto_scripts\models\shortmodel\20250325
2025-03-25 02:15:42,053 - 发现best_models目录: D:\my-vue-project\wind-power-forecast\backend\auto_scripts\models\shortmodel\20250325\best_models
2025-03-25 02:15:42,053 - 未找到GBDT模型文件
2025-03-25 02:15:42,054 - 未找到DART模型文件
2025-03-25 02:15:42,054 - 未找到GOSS模型文件
2025-03-25 02:15:42,054 - 未找到任何可用模型文件
2025-03-25 02:15:42,054 - ⏳ 未有可用模型，等待模型训练完成...
2025-03-25 02:16:12,062 - 检查模型目录: D:\my-vue-project\wind-power-forecast\backend\auto_scripts\models\shortmodel\20250325
2025-03-25 02:16:12,063 - 发现best_models目录: D:\my-vue-project\wind-power-forecast\backend\auto_scripts\models\shortmodel\20250325\best_models
2025-03-25 02:16:12,063 - 未找到GBDT模型文件
2025-03-25 02:16:12,063 - 未找到DART模型文件
2025-03-25 02:16:12,063 - 未找到GOSS模型文件
2025-03-25 02:16:12,064 - 未找到任何可用模型文件
2025-03-25 02:16:12,064 - ⏳ 未有可用模型，等待模型训练完成...
2025-03-25 02:16:16,373 - DART 模型训练完成
2025-03-25 02:16:16,373 - 使用 DART 模型预测验证集...
2025-03-25 02:16:16,763 - 使用时间加权方式计算模型评分...
2025-03-25 02:16:16,783 - DART 评估结果 - RMSE: 61.3973, K: 0.7155, 加权评分: 0.7898
2025-03-25 02:16:16,806 - DART 模型已保存到 D:\my-vue-project\wind-power-forecast\backend\auto_scripts\models\shortmodel\20250325\12months\DART.joblib
2025-03-25 02:16:16,806 - 
--------------------------------------------------
【训练 GOSS 模型】
--------------------------------------------------
2025-03-25 02:16:16,807 - 模型参数: {'boosting_type': 'goss', 'objective': 'regression', 'metric': 'rmse', 'num_leaves': 31, 'learning_rate': 0.05, 'feature_fraction': 0.9, 'top_rate': 0.2, 'other_rate': 0.1, 'name': 'GOSS'}
2025-03-25 02:16:16,808 - 开始训练 GOSS 模型...
2025-03-25 02:16:42,072 - 检查模型目录: D:\my-vue-project\wind-power-forecast\backend\auto_scripts\models\shortmodel\20250325
2025-03-25 02:16:42,072 - 发现best_models目录: D:\my-vue-project\wind-power-forecast\backend\auto_scripts\models\shortmodel\20250325\best_models
2025-03-25 02:16:42,072 - 未找到GBDT模型文件
2025-03-25 02:16:42,072 - 未找到DART模型文件
2025-03-25 02:16:42,072 - 未找到GOSS模型文件
2025-03-25 02:16:42,072 - 未找到任何可用模型文件
2025-03-25 02:16:42,073 - ⏳ 未有可用模型，等待模型训练完成...
2025-03-25 02:17:12,129 - 检查模型目录: D:\my-vue-project\wind-power-forecast\backend\auto_scripts\models\shortmodel\20250325
2025-03-25 02:17:12,141 - 发现best_models目录: D:\my-vue-project\wind-power-forecast\backend\auto_scripts\models\shortmodel\20250325\best_models
2025-03-25 02:17:12,142 - 未找到GBDT模型文件
2025-03-25 02:17:12,142 - 未找到DART模型文件
2025-03-25 02:17:12,142 - 未找到GOSS模型文件
2025-03-25 02:17:12,142 - 未找到任何可用模型文件
2025-03-25 02:17:12,142 - ⏳ 未有可用模型，等待模型训练完成...
2025-03-25 02:17:42,147 - 检查模型目录: D:\my-vue-project\wind-power-forecast\backend\auto_scripts\models\shortmodel\20250325
2025-03-25 02:17:42,147 - 发现best_models目录: D:\my-vue-project\wind-power-forecast\backend\auto_scripts\models\shortmodel\20250325\best_models
2025-03-25 02:17:42,147 - 未找到GBDT模型文件
2025-03-25 02:17:42,147 - 未找到DART模型文件
2025-03-25 02:17:42,148 - 未找到GOSS模型文件
2025-03-25 02:17:42,148 - 未找到任何可用模型文件
2025-03-25 02:17:42,148 - ⏳ 未有可用模型，等待模型训练完成...
2025-03-25 02:17:44,013 - GOSS 模型训练完成
2025-03-25 02:17:44,014 - 使用 GOSS 模型预测验证集...
2025-03-25 02:17:44,491 - 使用时间加权方式计算模型评分...
2025-03-25 02:17:44,512 - GOSS 评估结果 - RMSE: 46.6498, K: 0.7086, 加权评分: 0.8024
2025-03-25 02:17:44,537 - GOSS 模型已保存到 D:\my-vue-project\wind-power-forecast\backend\auto_scripts\models\shortmodel\20250325\12months\GOSS.joblib
2025-03-25 02:17:44,554 - Scaler 已保存到 D:\my-vue-project\wind-power-forecast\backend\auto_scripts\models\shortmodel\20250325\12months\scaler.joblib
2025-03-25 02:17:44,569 - 最佳模型 'GBDT' 已额外保存到 D:\my-vue-project\wind-power-forecast\backend\auto_scripts\models\shortmodel\20250325\12months\model.joblib
2025-03-25 02:17:44,571 - 12个月数据的模型训练完成
2025-03-25 02:17:44,571 - 
--------------------------------------------------
【更新每种算法的最佳模型】
--------------------------------------------------
2025-03-25 02:17:44,571 - ✅ 发现更好的GBDT模型 (来自12个月数据)
2025-03-25 02:17:44,571 -    新评分: 0.8056, 旧评分: 0.7872
2025-03-25 02:17:44,571 - ✅ 发现更好的DART模型 (来自12个月数据)
2025-03-25 02:17:44,571 -    新评分: 0.7898, 旧评分: 0.7877
2025-03-25 02:17:44,573 - ✅ 发现更好的GOSS模型 (来自12个月数据)
2025-03-25 02:17:44,573 -    新评分: 0.8024, 旧评分: 0.7928
2025-03-25 02:17:44,575 - 
--------------------------------------------------
【训练数据集: 全部数据】
--------------------------------------------------
2025-03-25 02:17:44,575 - 使用全部数据的数据进行训练...
2025-03-25 02:17:44,575 - 使用全部数据...
2025-03-25 02:17:44,594 - 过滤后的数据量: 38172
2025-03-25 02:17:44,595 - 对全部数据数据进行预处理...
2025-03-25 02:17:45,178 - 预处理后的特征维度: (38172, 304), 目标变量维度: (38172,)
2025-03-25 02:17:45,183 - 数据集划分完成，训练集: (34354, 304), 验证集: (3818, 304)
2025-03-25 02:17:45,184 - 提取了 3818 个验证集时间戳，用于时间加权评估
2025-03-25 02:17:45,184 - 执行特征工程，滞后特征数: 4...
2025-03-25 02:17:45,849 - 特征工程后的特征维度 - 训练集: (34351, 859), 验证集: (3815, 859)
2025-03-25 02:17:45,849 - 数据标准化...
2025-03-25 02:17:46,177 - 数据标准化完成
2025-03-25 02:17:46,177 - 创建时间窗口，窗口大小: 16...
2025-03-25 02:17:47,133 - 时间窗口创建完成 - 训练集: (34336, 16, 859), 验证集: (3800, 16, 859)
2025-03-25 02:17:47,133 - 调整时间戳长度以匹配窗口化后的验证集 - 原始长度: 3818, 目标长度: 3800
2025-03-25 02:17:47,133 - 时间戳已截断至匹配窗口化后的验证集长度: 3800
2025-03-25 02:17:47,134 - 为全部数据数据创建模型目录: D:\my-vue-project\wind-power-forecast\backend\auto_scripts\models\shortmodel\20250325\all_data
2025-03-25 02:17:47,134 - 开始训练全部数据数据的模型...
2025-03-25 02:17:47,134 - 
--------------------------------------------------
【开始模型训练与评估】
--------------------------------------------------
2025-03-25 02:17:47,135 - 模型和 scaler 将被保存到目录: D:\my-vue-project\wind-power-forecast\backend\auto_scripts\models\shortmodel\20250325\all_data
2025-03-25 02:17:47,135 - 
--------------------------------------------------
【训练 GBDT 模型】
--------------------------------------------------
2025-03-25 02:17:47,135 - 模型参数: {'boosting_type': 'gbdt', 'objective': 'regression', 'metric': 'rmse', 'num_leaves': 31, 'learning_rate': 0.05, 'feature_fraction': 0.9, 'name': 'GBDT'}
2025-03-25 02:17:47,135 - 开始训练 GBDT 模型...
2025-03-25 02:18:12,150 - 检查模型目录: D:\my-vue-project\wind-power-forecast\backend\auto_scripts\models\shortmodel\20250325
2025-03-25 02:18:12,151 - 发现best_models目录: D:\my-vue-project\wind-power-forecast\backend\auto_scripts\models\shortmodel\20250325\best_models
2025-03-25 02:18:12,151 - 未找到GBDT模型文件
2025-03-25 02:18:12,151 - 未找到DART模型文件
2025-03-25 02:18:12,151 - 未找到GOSS模型文件
2025-03-25 02:18:12,152 - 未找到任何可用模型文件
2025-03-25 02:18:12,152 - ⏳ 未有可用模型，等待模型训练完成...
2025-03-25 02:18:42,186 - 检查模型目录: D:\my-vue-project\wind-power-forecast\backend\auto_scripts\models\shortmodel\20250325
2025-03-25 02:18:42,200 - 发现best_models目录: D:\my-vue-project\wind-power-forecast\backend\auto_scripts\models\shortmodel\20250325\best_models
2025-03-25 02:18:42,200 - 未找到GBDT模型文件
2025-03-25 02:18:42,201 - 未找到DART模型文件
2025-03-25 02:18:42,201 - 未找到GOSS模型文件
2025-03-25 02:18:42,201 - 未找到任何可用模型文件
2025-03-25 02:18:42,201 - ⏳ 未有可用模型，等待模型训练完成...
2025-03-25 02:19:12,210 - 检查模型目录: D:\my-vue-project\wind-power-forecast\backend\auto_scripts\models\shortmodel\20250325
2025-03-25 02:19:12,211 - 发现best_models目录: D:\my-vue-project\wind-power-forecast\backend\auto_scripts\models\shortmodel\20250325\best_models
2025-03-25 02:19:12,211 - 未找到GBDT模型文件
2025-03-25 02:19:12,211 - 未找到DART模型文件
2025-03-25 02:19:12,211 - 未找到GOSS模型文件
2025-03-25 02:19:12,211 - 未找到任何可用模型文件
2025-03-25 02:19:12,211 - ⏳ 未有可用模型，等待模型训练完成...
2025-03-25 02:19:42,218 - 检查模型目录: D:\my-vue-project\wind-power-forecast\backend\auto_scripts\models\shortmodel\20250325
2025-03-25 02:19:42,220 - 发现best_models目录: D:\my-vue-project\wind-power-forecast\backend\auto_scripts\models\shortmodel\20250325\best_models
2025-03-25 02:19:42,220 - 未找到GBDT模型文件
2025-03-25 02:19:42,220 - 未找到DART模型文件
2025-03-25 02:19:42,220 - 未找到GOSS模型文件
2025-03-25 02:19:42,220 - 未找到任何可用模型文件
2025-03-25 02:19:42,220 - ⏳ 未有可用模型，等待模型训练完成...
2025-03-25 02:20:05,809 - GBDT 模型训练完成
2025-03-25 02:20:05,810 - 使用 GBDT 模型预测验证集...
2025-03-25 02:20:06,574 - 使用时间加权方式计算模型评分...
2025-03-25 02:20:06,601 - GBDT 评估结果 - RMSE: 46.2606, K: 0.6942, 加权评分: 0.7956
2025-03-25 02:20:06,601 - ✅ GBDT 成为当前最佳模型 (基于加权评分)
2025-03-25 02:20:06,623 - GBDT 模型已保存到 D:\my-vue-project\wind-power-forecast\backend\auto_scripts\models\shortmodel\20250325\all_data\GBDT.joblib
2025-03-25 02:20:06,623 - 
--------------------------------------------------
【训练 DART 模型】
--------------------------------------------------
2025-03-25 02:20:06,623 - 模型参数: {'boosting_type': 'dart', 'objective': 'regression', 'metric': 'rmse', 'num_leaves': 31, 'learning_rate': 0.05, 'feature_fraction': 0.9, 'drop_rate': 0.1, 'name': 'DART'}
2025-03-25 02:20:06,623 - 开始训练 DART 模型...
2025-03-25 02:20:12,234 - 检查模型目录: D:\my-vue-project\wind-power-forecast\backend\auto_scripts\models\shortmodel\20250325
2025-03-25 02:20:12,235 - 发现best_models目录: D:\my-vue-project\wind-power-forecast\backend\auto_scripts\models\shortmodel\20250325\best_models
2025-03-25 02:20:12,235 - 未找到GBDT模型文件
2025-03-25 02:20:12,235 - 未找到DART模型文件
2025-03-25 02:20:12,235 - 未找到GOSS模型文件
2025-03-25 02:20:12,235 - 未找到任何可用模型文件
2025-03-25 02:20:12,236 - ⏳ 未有可用模型，等待模型训练完成...
2025-03-25 02:20:42,247 - 检查模型目录: D:\my-vue-project\wind-power-forecast\backend\auto_scripts\models\shortmodel\20250325
2025-03-25 02:20:42,248 - 发现best_models目录: D:\my-vue-project\wind-power-forecast\backend\auto_scripts\models\shortmodel\20250325\best_models
2025-03-25 02:20:42,248 - 未找到GBDT模型文件
2025-03-25 02:20:42,248 - 未找到DART模型文件
2025-03-25 02:20:42,248 - 未找到GOSS模型文件
2025-03-25 02:20:42,248 - 未找到任何可用模型文件
2025-03-25 02:20:42,249 - ⏳ 未有可用模型，等待模型训练完成...
2025-03-25 02:21:12,343 - 检查模型目录: D:\my-vue-project\wind-power-forecast\backend\auto_scripts\models\shortmodel\20250325
2025-03-25 02:21:12,440 - 发现best_models目录: D:\my-vue-project\wind-power-forecast\backend\auto_scripts\models\shortmodel\20250325\best_models
2025-03-25 02:21:12,458 - 未找到GBDT模型文件
2025-03-25 02:21:12,458 - 未找到DART模型文件
2025-03-25 02:21:12,458 - 未找到GOSS模型文件
2025-03-25 02:21:12,458 - 未找到任何可用模型文件
2025-03-25 02:21:12,459 - ⏳ 未有可用模型，等待模型训练完成...
2025-03-25 02:21:42,471 - 检查模型目录: D:\my-vue-project\wind-power-forecast\backend\auto_scripts\models\shortmodel\20250325
2025-03-25 02:21:42,540 - 发现best_models目录: D:\my-vue-project\wind-power-forecast\backend\auto_scripts\models\shortmodel\20250325\best_models
2025-03-25 02:21:42,540 - 未找到GBDT模型文件
2025-03-25 02:21:42,540 - 未找到DART模型文件
2025-03-25 02:21:42,541 - 未找到GOSS模型文件
2025-03-25 02:21:42,541 - 未找到任何可用模型文件
2025-03-25 02:21:42,541 - ⏳ 未有可用模型，等待模型训练完成...
2025-03-25 02:22:12,550 - 检查模型目录: D:\my-vue-project\wind-power-forecast\backend\auto_scripts\models\shortmodel\20250325
2025-03-25 02:22:12,550 - 发现best_models目录: D:\my-vue-project\wind-power-forecast\backend\auto_scripts\models\shortmodel\20250325\best_models
2025-03-25 02:22:12,550 - 未找到GBDT模型文件
2025-03-25 02:22:12,551 - 未找到DART模型文件
2025-03-25 02:22:12,551 - 未找到GOSS模型文件
2025-03-25 02:22:12,551 - 未找到任何可用模型文件
2025-03-25 02:22:12,551 - ⏳ 未有可用模型，等待模型训练完成...
2025-03-25 02:22:13,860 - DART 模型训练完成
2025-03-25 02:22:13,861 - 使用 DART 模型预测验证集...
2025-03-25 02:22:14,652 - 使用时间加权方式计算模型评分...
2025-03-25 02:22:14,683 - DART 评估结果 - RMSE: 59.3663, K: 0.7118, 加权评分: 0.7903
2025-03-25 02:22:14,710 - DART 模型已保存到 D:\my-vue-project\wind-power-forecast\backend\auto_scripts\models\shortmodel\20250325\all_data\DART.joblib
2025-03-25 02:22:14,711 - 
--------------------------------------------------
【训练 GOSS 模型】
--------------------------------------------------
2025-03-25 02:22:14,712 - 模型参数: {'boosting_type': 'goss', 'objective': 'regression', 'metric': 'rmse', 'num_leaves': 31, 'learning_rate': 0.05, 'feature_fraction': 0.9, 'top_rate': 0.2, 'other_rate': 0.1, 'name': 'GOSS'}
2025-03-25 02:22:14,713 - 开始训练 GOSS 模型...
2025-03-25 02:22:42,555 - 检查模型目录: D:\my-vue-project\wind-power-forecast\backend\auto_scripts\models\shortmodel\20250325
2025-03-25 02:22:42,555 - 发现best_models目录: D:\my-vue-project\wind-power-forecast\backend\auto_scripts\models\shortmodel\20250325\best_models
2025-03-25 02:22:42,556 - 未找到GBDT模型文件
2025-03-25 02:22:42,556 - 未找到DART模型文件
2025-03-25 02:22:42,556 - 未找到GOSS模型文件
2025-03-25 02:22:42,556 - 未找到任何可用模型文件
2025-03-25 02:22:42,557 - ⏳ 未有可用模型，等待模型训练完成...
2025-03-25 02:23:12,560 - 检查模型目录: D:\my-vue-project\wind-power-forecast\backend\auto_scripts\models\shortmodel\20250325
2025-03-25 02:23:12,560 - 发现best_models目录: D:\my-vue-project\wind-power-forecast\backend\auto_scripts\models\shortmodel\20250325\best_models
2025-03-25 02:23:12,560 - 未找到GBDT模型文件
2025-03-25 02:23:12,560 - 未找到DART模型文件
2025-03-25 02:23:12,560 - 未找到GOSS模型文件
2025-03-25 02:23:12,561 - 未找到任何可用模型文件
2025-03-25 02:23:12,561 - ⏳ 未有可用模型，等待模型训练完成...
2025-03-25 02:23:42,572 - 检查模型目录: D:\my-vue-project\wind-power-forecast\backend\auto_scripts\models\shortmodel\20250325
2025-03-25 02:23:42,572 - 发现best_models目录: D:\my-vue-project\wind-power-forecast\backend\auto_scripts\models\shortmodel\20250325\best_models
2025-03-25 02:23:42,573 - 未找到GBDT模型文件
2025-03-25 02:23:42,573 - 未找到DART模型文件
2025-03-25 02:23:42,573 - 未找到GOSS模型文件
2025-03-25 02:23:42,574 - 未找到任何可用模型文件
2025-03-25 02:23:42,574 - ⏳ 未有可用模型，等待模型训练完成...
2025-03-25 02:24:03,246 - GOSS 模型训练完成
2025-03-25 02:24:03,247 - 使用 GOSS 模型预测验证集...
2025-03-25 02:24:04,184 - 使用时间加权方式计算模型评分...
2025-03-25 02:24:04,210 - GOSS 评估结果 - RMSE: 46.2717, K: 0.6971, 加权评分: 0.7970
2025-03-25 02:24:04,210 - ✅ GOSS 成为当前最佳模型 (基于加权评分)
2025-03-25 02:24:04,248 - GOSS 模型已保存到 D:\my-vue-project\wind-power-forecast\backend\auto_scripts\models\shortmodel\20250325\all_data\GOSS.joblib
2025-03-25 02:24:04,266 - Scaler 已保存到 D:\my-vue-project\wind-power-forecast\backend\auto_scripts\models\shortmodel\20250325\all_data\scaler.joblib
2025-03-25 02:24:04,286 - 最佳模型 'GOSS' 已额外保存到 D:\my-vue-project\wind-power-forecast\backend\auto_scripts\models\shortmodel\20250325\all_data\model.joblib
2025-03-25 02:24:04,288 - 全部数据数据的模型训练完成
2025-03-25 02:24:04,289 - 
--------------------------------------------------
【更新每种算法的最佳模型】
--------------------------------------------------
2025-03-25 02:24:04,289 - ❌ 全部数据数据的GBDT模型不是最佳模型
2025-03-25 02:24:04,289 -    当前评分: 0.7956, 最佳评分: 0.8056
2025-03-25 02:24:04,289 - ✅ 发现更好的DART模型 (来自全部数据数据)
2025-03-25 02:24:04,289 -    新评分: 0.7903, 旧评分: 0.7898
2025-03-25 02:24:04,289 - ❌ 全部数据数据的GOSS模型不是最佳模型
2025-03-25 02:24:04,289 -    当前评分: 0.7970, 最佳评分: 0.8024
2025-03-25 02:24:04,289 - 
--------------------------------------------------
【保存每种算法的最佳模型】
--------------------------------------------------
2025-03-25 02:24:04,312 - 最佳GBDT模型 (使用12个月数据) 已保存到 D:\my-vue-project\wind-power-forecast\backend\auto_scripts\models\shortmodel\20250325\best_models\GBDT.joblib
2025-03-25 02:24:04,313 - RMSE: 45.8674, K: 0.7136, 评分: 0.8056
2025-03-25 02:24:04,327 - 最佳DART模型 (使用全部数据数据) 已保存到 D:\my-vue-project\wind-power-forecast\backend\auto_scripts\models\shortmodel\20250325\best_models\DART.joblib
2025-03-25 02:24:04,328 - RMSE: 59.3663, K: 0.7118, 评分: 0.7903
2025-03-25 02:24:04,357 - 最佳GOSS模型 (使用12个月数据) 已保存到 D:\my-vue-project\wind-power-forecast\backend\auto_scripts\models\shortmodel\20250325\best_models\GOSS.joblib
2025-03-25 02:24:04,357 - RMSE: 46.6498, K: 0.7086, 评分: 0.8024
2025-03-25 02:24:05,071 - 多数据集训练完成! 已为每种算法选择最佳模型
2025-03-25 02:24:05,071 -   - 最佳GBDT模型: 使用12个月数据, RMSE=45.8674, K=0.7136, 评分=0.8056
2025-03-25 02:24:05,072 -   - 最佳DART模型: 使用全部数据数据, RMSE=59.3663, K=0.7118, 评分=0.7903
2025-03-25 02:24:05,072 -   - 最佳GOSS模型: 使用12个月数据, RMSE=46.6498, K=0.7086, 评分=0.8024
2025-03-25 02:24:05,072 - 
================================================================================
2025-03-25 02:24:05,072 - >>> 开始计算模型权重 <<<
2025-03-25 02:24:05,072 - ================================================================================

2025-03-25 02:24:05,072 - 开始计算模型权重
2025-03-25 02:24:05,072 - 从训练数据集中提取最后三天数据进行权重优化
2025-03-25 02:24:05,248 - ✅ 已从训练数据集提取最后三天数据，共 289 条记录
2025-03-25 02:24:05,249 - 开始计算最优模型权重...
2025-03-25 02:24:05,249 - 
--------------------------------------------------
【计算模型权重】
--------------------------------------------------
2025-03-25 02:24:05,409 - 加载最佳模型和对应的scaler...
2025-03-25 02:24:05,409 - ✅ 已加载 GBDT 模型和scaler
2025-03-25 02:24:05,409 - ✅ 已加载 DART 模型和scaler
2025-03-25 02:24:05,409 - ✅ 已加载 GOSS 模型和scaler
2025-03-25 02:24:05,410 - 预处理验证数据，共 289 条记录...
2025-03-25 02:24:05,434 - 验证数据预处理完成，特征维度: (289, 304)
2025-03-25 02:24:05,533 - 验证数据特征工程完成，特征维度: (286, 859)
2025-03-25 02:24:05,534 - 使用各模型进行预测...
2025-03-25 02:24:05,547 - 使用 GBDT 模型预测...
2025-03-25 02:24:05,609 - ✅ GBDT 模型预测完成，预测结果数量: 271
2025-03-25 02:24:05,624 - 使用 DART 模型预测...
2025-03-25 02:24:05,685 - ✅ DART 模型预测完成，预测结果数量: 271
2025-03-25 02:24:05,698 - 使用 GOSS 模型预测...
2025-03-25 02:24:05,758 - ✅ GOSS 模型预测完成，预测结果数量: 271
2025-03-25 02:24:05,758 - 对齐预测结果，使用最小长度: 271
2025-03-25 02:24:05,759 - 创建线性回归的特征矩阵 (271, 3) 和目标向量 (271,)
2025-03-25 02:24:05,759 - 训练线性回归模型计算最优权重...
2025-03-25 02:24:05,773 - 线性回归得到的权重: {'GBDT': np.float64(0.0), 'DART': np.float64(0.0), 'GOSS': np.float64(0.9413418792089218), 'INTERCEPT': np.float64(-0.0258769107539365)}
2025-03-25 02:24:05,773 - 最终计算的模型权重: {'GBDT': np.float64(0.0), 'DART': np.float64(0.0), 'GOSS': np.float64(0.9413418792089218), 'INTERCEPT': np.float64(-0.0258769107539365)}
2025-03-25 02:24:05,775 - 计算得到的最优权重: {'GBDT': np.float64(0.0), 'DART': np.float64(0.0), 'GOSS': np.float64(0.9413418792089218), 'INTERCEPT': np.float64(-0.0258769107539365)}
2025-03-25 02:24:05,776 - 模型权重已保存到: D:\my-vue-project\wind-power-forecast\backend\auto_scripts\models\shortmodel\20250325\model_weights.joblib
2025-03-25 02:24:05,805 - 训练完成，已创建标志文件: D:\my-vue-project\wind-power-forecast\backend\auto_scripts\scripts\short\logs\auto_pre_train\20250325_train_done.flag
2025-03-25 02:24:05,805 - ✅ 训练完成，已创建标志文件
2025-03-25 02:24:05,806 - 检查模型目录: D:\my-vue-project\wind-power-forecast\backend\auto_scripts\models\shortmodel\20250325
2025-03-25 02:24:05,806 - 发现best_models目录: D:\my-vue-project\wind-power-forecast\backend\auto_scripts\models\shortmodel\20250325\best_models
2025-03-25 02:24:05,806 - 发现GBDT模型文件: D:\my-vue-project\wind-power-forecast\backend\auto_scripts\models\shortmodel\20250325\best_models\GBDT.joblib
2025-03-25 02:24:05,806 - ✅ 模型已成功保存到 D:\my-vue-project\wind-power-forecast\backend\auto_scripts\models\shortmodel\20250325，模型可用。
2025-03-25 02:24:12,583 - ❌ 未找到预测 CSV 文件: D:\my-vue-project\wind-power-forecast\backend\auto_scripts\precsv\shortcsv\20250325.csv，等待 30 秒后重试...
2025-03-25 02:24:42,591 - ❌ 未找到预测 CSV 文件: D:\my-vue-project\wind-power-forecast\backend\auto_scripts\precsv\shortcsv\20250325.csv，等待 30 秒后重试...
2025-03-25 02:25:12,606 - ❌ 未找到预测 CSV 文件: D:\my-vue-project\wind-power-forecast\backend\auto_scripts\precsv\shortcsv\20250325.csv，等待 30 秒后重试...
2025-03-25 02:25:42,619 - ❌ 未找到预测 CSV 文件: D:\my-vue-project\wind-power-forecast\backend\auto_scripts\precsv\shortcsv\20250325.csv，等待 30 秒后重试...
2025-03-25 02:26:12,635 - ❌ 未找到预测 CSV 文件: D:\my-vue-project\wind-power-forecast\backend\auto_scripts\precsv\shortcsv\20250325.csv，等待 30 秒后重试...
2025-03-25 02:26:42,651 - ❌ 未找到预测 CSV 文件: D:\my-vue-project\wind-power-forecast\backend\auto_scripts\precsv\shortcsv\20250325.csv，等待 30 秒后重试...
2025-03-25 02:27:12,662 - ❌ 未找到预测 CSV 文件: D:\my-vue-project\wind-power-forecast\backend\auto_scripts\precsv\shortcsv\20250325.csv，等待 30 秒后重试...
2025-03-25 02:27:42,664 - ❌ 未找到预测 CSV 文件: D:\my-vue-project\wind-power-forecast\backend\auto_scripts\precsv\shortcsv\20250325.csv，等待 30 秒后重试...
2025-03-25 02:28:12,676 - ❌ 未找到预测 CSV 文件: D:\my-vue-project\wind-power-forecast\backend\auto_scripts\precsv\shortcsv\20250325.csv，等待 30 秒后重试...
2025-03-25 02:28:42,680 - ❌ 未找到预测 CSV 文件: D:\my-vue-project\wind-power-forecast\backend\auto_scripts\precsv\shortcsv\20250325.csv，等待 30 秒后重试...
2025-03-25 02:29:12,694 - ❌ 未找到预测 CSV 文件: D:\my-vue-project\wind-power-forecast\backend\auto_scripts\precsv\shortcsv\20250325.csv，等待 30 秒后重试...
2025-03-25 02:29:42,696 - ❌ 未找到预测 CSV 文件: D:\my-vue-project\wind-power-forecast\backend\auto_scripts\precsv\shortcsv\20250325.csv，等待 30 秒后重试...
2025-03-25 02:30:12,701 - ❌ 未找到预测 CSV 文件: D:\my-vue-project\wind-power-forecast\backend\auto_scripts\precsv\shortcsv\20250325.csv，等待 30 秒后重试...
2025-03-25 02:30:42,713 - ❌ 未找到预测 CSV 文件: D:\my-vue-project\wind-power-forecast\backend\auto_scripts\precsv\shortcsv\20250325.csv，等待 30 秒后重试...
2025-03-25 02:31:12,725 - ❌ 未找到预测 CSV 文件: D:\my-vue-project\wind-power-forecast\backend\auto_scripts\precsv\shortcsv\20250325.csv，等待 30 秒后重试...
2025-03-25 02:31:42,733 - ❌ 未找到预测 CSV 文件: D:\my-vue-project\wind-power-forecast\backend\auto_scripts\precsv\shortcsv\20250325.csv，等待 30 秒后重试...
2025-03-25 02:32:12,743 - ❌ 未找到预测 CSV 文件: D:\my-vue-project\wind-power-forecast\backend\auto_scripts\precsv\shortcsv\20250325.csv，等待 30 秒后重试...
2025-03-25 02:32:42,747 - ❌ 未找到预测 CSV 文件: D:\my-vue-project\wind-power-forecast\backend\auto_scripts\precsv\shortcsv\20250325.csv，等待 30 秒后重试...
2025-03-25 02:33:12,751 - ❌ 未找到预测 CSV 文件: D:\my-vue-project\wind-power-forecast\backend\auto_scripts\precsv\shortcsv\20250325.csv，等待 30 秒后重试...
2025-03-25 02:33:42,755 - ❌ 未找到预测 CSV 文件: D:\my-vue-project\wind-power-forecast\backend\auto_scripts\precsv\shortcsv\20250325.csv，等待 30 秒后重试...
2025-03-25 02:34:12,764 - ❌ 未找到预测 CSV 文件: D:\my-vue-project\wind-power-forecast\backend\auto_scripts\precsv\shortcsv\20250325.csv，等待 30 秒后重试...
2025-03-25 02:34:42,773 - ❌ 未找到预测 CSV 文件: D:\my-vue-project\wind-power-forecast\backend\auto_scripts\precsv\shortcsv\20250325.csv，等待 30 秒后重试...
2025-03-25 02:35:12,790 - ❌ 未找到预测 CSV 文件: D:\my-vue-project\wind-power-forecast\backend\auto_scripts\precsv\shortcsv\20250325.csv，等待 30 秒后重试...
2025-03-25 02:35:42,793 - ❌ 未找到预测 CSV 文件: D:\my-vue-project\wind-power-forecast\backend\auto_scripts\precsv\shortcsv\20250325.csv，等待 30 秒后重试...
2025-03-25 02:36:12,801 - ❌ 未找到预测 CSV 文件: D:\my-vue-project\wind-power-forecast\backend\auto_scripts\precsv\shortcsv\20250325.csv，等待 30 秒后重试...
2025-03-25 02:36:42,811 - ❌ 未找到预测 CSV 文件: D:\my-vue-project\wind-power-forecast\backend\auto_scripts\precsv\shortcsv\20250325.csv，等待 30 秒后重试...
2025-03-25 02:37:12,819 - ❌ 未找到预测 CSV 文件: D:\my-vue-project\wind-power-forecast\backend\auto_scripts\precsv\shortcsv\20250325.csv，等待 30 秒后重试...
2025-03-25 02:37:42,824 - ❌ 未找到预测 CSV 文件: D:\my-vue-project\wind-power-forecast\backend\auto_scripts\precsv\shortcsv\20250325.csv，等待 30 秒后重试...
2025-03-25 02:38:12,831 - ❌ 未找到预测 CSV 文件: D:\my-vue-project\wind-power-forecast\backend\auto_scripts\precsv\shortcsv\20250325.csv，等待 30 秒后重试...
2025-03-25 02:38:42,834 - ❌ 未找到预测 CSV 文件: D:\my-vue-project\wind-power-forecast\backend\auto_scripts\precsv\shortcsv\20250325.csv，等待 30 秒后重试...
2025-03-25 02:39:12,836 - ❌ 未找到预测 CSV 文件: D:\my-vue-project\wind-power-forecast\backend\auto_scripts\precsv\shortcsv\20250325.csv，等待 30 秒后重试...
2025-03-25 02:39:42,851 - ❌ 未找到预测 CSV 文件: D:\my-vue-project\wind-power-forecast\backend\auto_scripts\precsv\shortcsv\20250325.csv，等待 30 秒后重试...
2025-03-25 02:40:12,859 - ❌ 未找到预测 CSV 文件: D:\my-vue-project\wind-power-forecast\backend\auto_scripts\precsv\shortcsv\20250325.csv，等待 30 秒后重试...
2025-03-25 02:40:42,875 - ❌ 未找到预测 CSV 文件: D:\my-vue-project\wind-power-forecast\backend\auto_scripts\precsv\shortcsv\20250325.csv，等待 30 秒后重试...
2025-03-25 02:41:12,881 - ❌ 未找到预测 CSV 文件: D:\my-vue-project\wind-power-forecast\backend\auto_scripts\precsv\shortcsv\20250325.csv，等待 30 秒后重试...
2025-03-25 02:41:42,891 - ❌ 未找到预测 CSV 文件: D:\my-vue-project\wind-power-forecast\backend\auto_scripts\precsv\shortcsv\20250325.csv，等待 30 秒后重试...
2025-03-25 02:42:12,895 - ❌ 未找到预测 CSV 文件: D:\my-vue-project\wind-power-forecast\backend\auto_scripts\precsv\shortcsv\20250325.csv，等待 30 秒后重试...
2025-03-25 02:42:42,900 - ❌ 未找到预测 CSV 文件: D:\my-vue-project\wind-power-forecast\backend\auto_scripts\precsv\shortcsv\20250325.csv，等待 30 秒后重试...
2025-03-25 02:43:12,905 - ❌ 未找到预测 CSV 文件: D:\my-vue-project\wind-power-forecast\backend\auto_scripts\precsv\shortcsv\20250325.csv，等待 30 秒后重试...
2025-03-25 02:43:42,911 - ❌ 未找到预测 CSV 文件: D:\my-vue-project\wind-power-forecast\backend\auto_scripts\precsv\shortcsv\20250325.csv，等待 30 秒后重试...
2025-03-25 02:44:12,928 - ❌ 未找到预测 CSV 文件: D:\my-vue-project\wind-power-forecast\backend\auto_scripts\precsv\shortcsv\20250325.csv，等待 30 秒后重试...
2025-03-25 02:44:42,932 - ❌ 未找到预测 CSV 文件: D:\my-vue-project\wind-power-forecast\backend\auto_scripts\precsv\shortcsv\20250325.csv，等待 30 秒后重试...
2025-03-25 02:45:12,951 - ❌ 未找到预测 CSV 文件: D:\my-vue-project\wind-power-forecast\backend\auto_scripts\precsv\shortcsv\20250325.csv，等待 30 秒后重试...
2025-03-25 02:45:42,954 - ❌ 未找到预测 CSV 文件: D:\my-vue-project\wind-power-forecast\backend\auto_scripts\precsv\shortcsv\20250325.csv，等待 30 秒后重试...
2025-03-25 02:46:12,962 - ❌ 未找到预测 CSV 文件: D:\my-vue-project\wind-power-forecast\backend\auto_scripts\precsv\shortcsv\20250325.csv，等待 30 秒后重试...
2025-03-25 02:46:42,967 - ❌ 未找到预测 CSV 文件: D:\my-vue-project\wind-power-forecast\backend\auto_scripts\precsv\shortcsv\20250325.csv，等待 30 秒后重试...
2025-03-25 02:47:12,973 - ❌ 未找到预测 CSV 文件: D:\my-vue-project\wind-power-forecast\backend\auto_scripts\precsv\shortcsv\20250325.csv，等待 30 秒后重试...
2025-03-25 02:47:42,976 - ❌ 未找到预测 CSV 文件: D:\my-vue-project\wind-power-forecast\backend\auto_scripts\precsv\shortcsv\20250325.csv，等待 30 秒后重试...
2025-03-25 02:48:12,989 - ❌ 未找到预测 CSV 文件: D:\my-vue-project\wind-power-forecast\backend\auto_scripts\precsv\shortcsv\20250325.csv，等待 30 秒后重试...
2025-03-25 02:48:42,995 - ❌ 未找到预测 CSV 文件: D:\my-vue-project\wind-power-forecast\backend\auto_scripts\precsv\shortcsv\20250325.csv，等待 30 秒后重试...
2025-03-25 02:49:13,007 - ❌ 未找到预测 CSV 文件: D:\my-vue-project\wind-power-forecast\backend\auto_scripts\precsv\shortcsv\20250325.csv，等待 30 秒后重试...
2025-03-25 02:49:43,014 - ❌ 未找到预测 CSV 文件: D:\my-vue-project\wind-power-forecast\backend\auto_scripts\precsv\shortcsv\20250325.csv，等待 30 秒后重试...
2025-03-25 02:50:13,027 - ❌ 未找到预测 CSV 文件: D:\my-vue-project\wind-power-forecast\backend\auto_scripts\precsv\shortcsv\20250325.csv，等待 30 秒后重试...
2025-03-25 02:50:43,035 - ❌ 未找到预测 CSV 文件: D:\my-vue-project\wind-power-forecast\backend\auto_scripts\precsv\shortcsv\20250325.csv，等待 30 秒后重试...
2025-03-25 02:51:13,045 - ❌ 未找到预测 CSV 文件: D:\my-vue-project\wind-power-forecast\backend\auto_scripts\precsv\shortcsv\20250325.csv，等待 30 秒后重试...
2025-03-25 02:51:43,049 - ❌ 未找到预测 CSV 文件: D:\my-vue-project\wind-power-forecast\backend\auto_scripts\precsv\shortcsv\20250325.csv，等待 30 秒后重试...
2025-03-25 02:52:13,059 - ❌ 未找到预测 CSV 文件: D:\my-vue-project\wind-power-forecast\backend\auto_scripts\precsv\shortcsv\20250325.csv，等待 30 秒后重试...
2025-03-25 02:52:43,068 - ❌ 未找到预测 CSV 文件: D:\my-vue-project\wind-power-forecast\backend\auto_scripts\precsv\shortcsv\20250325.csv，等待 30 秒后重试...
2025-03-25 02:53:13,074 - ❌ 未找到预测 CSV 文件: D:\my-vue-project\wind-power-forecast\backend\auto_scripts\precsv\shortcsv\20250325.csv，等待 30 秒后重试...
2025-03-25 02:53:43,082 - ❌ 未找到预测 CSV 文件: D:\my-vue-project\wind-power-forecast\backend\auto_scripts\precsv\shortcsv\20250325.csv，等待 30 秒后重试...
2025-03-25 02:54:13,097 - ❌ 未找到预测 CSV 文件: D:\my-vue-project\wind-power-forecast\backend\auto_scripts\precsv\shortcsv\20250325.csv，等待 30 秒后重试...
2025-03-25 02:54:43,102 - ❌ 未找到预测 CSV 文件: D:\my-vue-project\wind-power-forecast\backend\auto_scripts\precsv\shortcsv\20250325.csv，等待 30 秒后重试...
2025-03-25 02:55:13,104 - ❌ 未找到预测 CSV 文件: D:\my-vue-project\wind-power-forecast\backend\auto_scripts\precsv\shortcsv\20250325.csv，等待 30 秒后重试...
2025-03-25 02:55:43,121 - ❌ 未找到预测 CSV 文件: D:\my-vue-project\wind-power-forecast\backend\auto_scripts\precsv\shortcsv\20250325.csv，等待 30 秒后重试...
2025-03-25 02:56:13,136 - ❌ 未找到预测 CSV 文件: D:\my-vue-project\wind-power-forecast\backend\auto_scripts\precsv\shortcsv\20250325.csv，等待 30 秒后重试...
2025-03-25 02:56:43,138 - ❌ 未找到预测 CSV 文件: D:\my-vue-project\wind-power-forecast\backend\auto_scripts\precsv\shortcsv\20250325.csv，等待 30 秒后重试...
2025-03-25 02:57:13,150 - ❌ 未找到预测 CSV 文件: D:\my-vue-project\wind-power-forecast\backend\auto_scripts\precsv\shortcsv\20250325.csv，等待 30 秒后重试...
2025-03-25 02:57:43,163 - ❌ 未找到预测 CSV 文件: D:\my-vue-project\wind-power-forecast\backend\auto_scripts\precsv\shortcsv\20250325.csv，等待 30 秒后重试...
2025-03-25 02:58:13,177 - ❌ 未找到预测 CSV 文件: D:\my-vue-project\wind-power-forecast\backend\auto_scripts\precsv\shortcsv\20250325.csv，等待 30 秒后重试...
2025-03-25 02:58:43,185 - ❌ 未找到预测 CSV 文件: D:\my-vue-project\wind-power-forecast\backend\auto_scripts\precsv\shortcsv\20250325.csv，等待 30 秒后重试...
2025-03-25 02:59:13,202 - ❌ 未找到预测 CSV 文件: D:\my-vue-project\wind-power-forecast\backend\auto_scripts\precsv\shortcsv\20250325.csv，等待 30 秒后重试...
2025-03-25 02:59:43,213 - ❌ 未找到预测 CSV 文件: D:\my-vue-project\wind-power-forecast\backend\auto_scripts\precsv\shortcsv\20250325.csv，等待 30 秒后重试...
2025-03-25 03:00:13,222 - ❌ 未找到预测 CSV 文件: D:\my-vue-project\wind-power-forecast\backend\auto_scripts\precsv\shortcsv\20250325.csv，等待 30 秒后重试...
2025-03-25 03:00:43,239 - ❌ 未找到预测 CSV 文件: D:\my-vue-project\wind-power-forecast\backend\auto_scripts\precsv\shortcsv\20250325.csv，等待 30 秒后重试...
2025-03-25 03:01:13,254 - ❌ 未找到预测 CSV 文件: D:\my-vue-project\wind-power-forecast\backend\auto_scripts\precsv\shortcsv\20250325.csv，等待 30 秒后重试...
2025-03-25 03:01:43,259 - ❌ 未找到预测 CSV 文件: D:\my-vue-project\wind-power-forecast\backend\auto_scripts\precsv\shortcsv\20250325.csv，等待 30 秒后重试...
2025-03-25 03:02:13,267 - ❌ 未找到预测 CSV 文件: D:\my-vue-project\wind-power-forecast\backend\auto_scripts\precsv\shortcsv\20250325.csv，等待 30 秒后重试...
2025-03-25 03:02:43,271 - ❌ 未找到预测 CSV 文件: D:\my-vue-project\wind-power-forecast\backend\auto_scripts\precsv\shortcsv\20250325.csv，等待 30 秒后重试...
2025-03-25 03:03:13,280 - ❌ 未找到预测 CSV 文件: D:\my-vue-project\wind-power-forecast\backend\auto_scripts\precsv\shortcsv\20250325.csv，等待 30 秒后重试...
2025-03-25 03:03:43,283 - ❌ 未找到预测 CSV 文件: D:\my-vue-project\wind-power-forecast\backend\auto_scripts\precsv\shortcsv\20250325.csv，等待 30 秒后重试...
2025-03-25 03:04:13,288 - ❌ 未找到预测 CSV 文件: D:\my-vue-project\wind-power-forecast\backend\auto_scripts\precsv\shortcsv\20250325.csv，等待 30 秒后重试...
2025-03-25 03:04:43,303 - ❌ 未找到预测 CSV 文件: D:\my-vue-project\wind-power-forecast\backend\auto_scripts\precsv\shortcsv\20250325.csv，等待 30 秒后重试...
2025-03-25 03:05:13,309 - ❌ 未找到预测 CSV 文件: D:\my-vue-project\wind-power-forecast\backend\auto_scripts\precsv\shortcsv\20250325.csv，等待 30 秒后重试...
2025-03-25 03:05:43,324 - ❌ 未找到预测 CSV 文件: D:\my-vue-project\wind-power-forecast\backend\auto_scripts\precsv\shortcsv\20250325.csv，等待 30 秒后重试...
2025-03-25 03:06:13,326 - ❌ 未找到预测 CSV 文件: D:\my-vue-project\wind-power-forecast\backend\auto_scripts\precsv\shortcsv\20250325.csv，等待 30 秒后重试...
2025-03-25 03:06:43,338 - ❌ 未找到预测 CSV 文件: D:\my-vue-project\wind-power-forecast\backend\auto_scripts\precsv\shortcsv\20250325.csv，等待 30 秒后重试...
2025-03-25 03:07:13,344 - ❌ 未找到预测 CSV 文件: D:\my-vue-project\wind-power-forecast\backend\auto_scripts\precsv\shortcsv\20250325.csv，等待 30 秒后重试...
2025-03-25 03:07:43,349 - ❌ 未找到预测 CSV 文件: D:\my-vue-project\wind-power-forecast\backend\auto_scripts\precsv\shortcsv\20250325.csv，等待 30 秒后重试...
2025-03-25 03:08:13,360 - ❌ 未找到预测 CSV 文件: D:\my-vue-project\wind-power-forecast\backend\auto_scripts\precsv\shortcsv\20250325.csv，等待 30 秒后重试...
2025-03-25 03:08:43,366 - ❌ 未找到预测 CSV 文件: D:\my-vue-project\wind-power-forecast\backend\auto_scripts\precsv\shortcsv\20250325.csv，等待 30 秒后重试...
2025-03-25 03:09:13,381 - ❌ 未找到预测 CSV 文件: D:\my-vue-project\wind-power-forecast\backend\auto_scripts\precsv\shortcsv\20250325.csv，等待 30 秒后重试...
2025-03-25 03:09:43,386 - ❌ 未找到预测 CSV 文件: D:\my-vue-project\wind-power-forecast\backend\auto_scripts\precsv\shortcsv\20250325.csv，等待 30 秒后重试...
2025-03-25 03:10:13,389 - ❌ 未找到预测 CSV 文件: D:\my-vue-project\wind-power-forecast\backend\auto_scripts\precsv\shortcsv\20250325.csv，等待 30 秒后重试...
2025-03-25 03:10:43,401 - ❌ 未找到预测 CSV 文件: D:\my-vue-project\wind-power-forecast\backend\auto_scripts\precsv\shortcsv\20250325.csv，等待 30 秒后重试...
2025-03-25 03:11:13,412 - ❌ 未找到预测 CSV 文件: D:\my-vue-project\wind-power-forecast\backend\auto_scripts\precsv\shortcsv\20250325.csv，等待 30 秒后重试...
2025-03-25 03:11:43,422 - ❌ 未找到预测 CSV 文件: D:\my-vue-project\wind-power-forecast\backend\auto_scripts\precsv\shortcsv\20250325.csv，等待 30 秒后重试...
2025-03-25 03:12:13,435 - ❌ 未找到预测 CSV 文件: D:\my-vue-project\wind-power-forecast\backend\auto_scripts\precsv\shortcsv\20250325.csv，等待 30 秒后重试...
2025-03-25 03:12:43,449 - ❌ 未找到预测 CSV 文件: D:\my-vue-project\wind-power-forecast\backend\auto_scripts\precsv\shortcsv\20250325.csv，等待 30 秒后重试...
2025-03-25 03:13:13,466 - ❌ 未找到预测 CSV 文件: D:\my-vue-project\wind-power-forecast\backend\auto_scripts\precsv\shortcsv\20250325.csv，等待 30 秒后重试...
2025-03-25 03:13:43,482 - ❌ 未找到预测 CSV 文件: D:\my-vue-project\wind-power-forecast\backend\auto_scripts\precsv\shortcsv\20250325.csv，等待 30 秒后重试...
2025-03-25 03:14:13,489 - ❌ 未找到预测 CSV 文件: D:\my-vue-project\wind-power-forecast\backend\auto_scripts\precsv\shortcsv\20250325.csv，等待 30 秒后重试...
2025-03-25 03:14:43,500 - ❌ 未找到预测 CSV 文件: D:\my-vue-project\wind-power-forecast\backend\auto_scripts\precsv\shortcsv\20250325.csv，等待 30 秒后重试...
2025-03-25 03:15:13,508 - ❌ 未找到预测 CSV 文件: D:\my-vue-project\wind-power-forecast\backend\auto_scripts\precsv\shortcsv\20250325.csv，等待 30 秒后重试...
2025-03-25 03:15:43,511 - ❌ 未找到预测 CSV 文件: D:\my-vue-project\wind-power-forecast\backend\auto_scripts\precsv\shortcsv\20250325.csv，等待 30 秒后重试...
2025-03-25 03:16:13,514 - ❌ 未找到预测 CSV 文件: D:\my-vue-project\wind-power-forecast\backend\auto_scripts\precsv\shortcsv\20250325.csv，等待 30 秒后重试...
2025-03-25 03:16:43,530 - ❌ 未找到预测 CSV 文件: D:\my-vue-project\wind-power-forecast\backend\auto_scripts\precsv\shortcsv\20250325.csv，等待 30 秒后重试...
2025-03-25 03:17:13,535 - ❌ 未找到预测 CSV 文件: D:\my-vue-project\wind-power-forecast\backend\auto_scripts\precsv\shortcsv\20250325.csv，等待 30 秒后重试...
2025-03-25 03:17:43,548 - ❌ 未找到预测 CSV 文件: D:\my-vue-project\wind-power-forecast\backend\auto_scripts\precsv\shortcsv\20250325.csv，等待 30 秒后重试...
2025-03-25 03:18:13,561 - ❌ 未找到预测 CSV 文件: D:\my-vue-project\wind-power-forecast\backend\auto_scripts\precsv\shortcsv\20250325.csv，等待 30 秒后重试...
2025-03-25 03:18:43,565 - ❌ 未找到预测 CSV 文件: D:\my-vue-project\wind-power-forecast\backend\auto_scripts\precsv\shortcsv\20250325.csv，等待 30 秒后重试...
2025-03-25 03:19:13,575 - ❌ 未找到预测 CSV 文件: D:\my-vue-project\wind-power-forecast\backend\auto_scripts\precsv\shortcsv\20250325.csv，等待 30 秒后重试...
2025-03-25 03:19:43,583 - ❌ 未找到预测 CSV 文件: D:\my-vue-project\wind-power-forecast\backend\auto_scripts\precsv\shortcsv\20250325.csv，等待 30 秒后重试...
2025-03-25 03:20:13,595 - ❌ 未找到预测 CSV 文件: D:\my-vue-project\wind-power-forecast\backend\auto_scripts\precsv\shortcsv\20250325.csv，等待 30 秒后重试...
2025-03-25 03:20:43,606 - ❌ 未找到预测 CSV 文件: D:\my-vue-project\wind-power-forecast\backend\auto_scripts\precsv\shortcsv\20250325.csv，等待 30 秒后重试...
2025-03-25 03:21:13,623 - ❌ 未找到预测 CSV 文件: D:\my-vue-project\wind-power-forecast\backend\auto_scripts\precsv\shortcsv\20250325.csv，等待 30 秒后重试...
2025-03-25 03:21:43,633 - ❌ 未找到预测 CSV 文件: D:\my-vue-project\wind-power-forecast\backend\auto_scripts\precsv\shortcsv\20250325.csv，等待 30 秒后重试...
2025-03-25 03:22:13,638 - ❌ 未找到预测 CSV 文件: D:\my-vue-project\wind-power-forecast\backend\auto_scripts\precsv\shortcsv\20250325.csv，等待 30 秒后重试...
2025-03-25 03:22:43,649 - ❌ 未找到预测 CSV 文件: D:\my-vue-project\wind-power-forecast\backend\auto_scripts\precsv\shortcsv\20250325.csv，等待 30 秒后重试...
2025-03-25 03:23:13,666 - ❌ 未找到预测 CSV 文件: D:\my-vue-project\wind-power-forecast\backend\auto_scripts\precsv\shortcsv\20250325.csv，等待 30 秒后重试...
2025-03-25 03:23:43,673 - ❌ 未找到预测 CSV 文件: D:\my-vue-project\wind-power-forecast\backend\auto_scripts\precsv\shortcsv\20250325.csv，等待 30 秒后重试...
2025-03-25 03:24:13,684 - ❌ 未找到预测 CSV 文件: D:\my-vue-project\wind-power-forecast\backend\auto_scripts\precsv\shortcsv\20250325.csv，等待 30 秒后重试...
2025-03-25 03:24:43,688 - ❌ 未找到预测 CSV 文件: D:\my-vue-project\wind-power-forecast\backend\auto_scripts\precsv\shortcsv\20250325.csv，等待 30 秒后重试...
2025-03-25 03:25:13,698 - ❌ 未找到预测 CSV 文件: D:\my-vue-project\wind-power-forecast\backend\auto_scripts\precsv\shortcsv\20250325.csv，等待 30 秒后重试...
2025-03-25 03:25:43,701 - ❌ 未找到预测 CSV 文件: D:\my-vue-project\wind-power-forecast\backend\auto_scripts\precsv\shortcsv\20250325.csv，等待 30 秒后重试...
2025-03-25 03:26:13,713 - ❌ 未找到预测 CSV 文件: D:\my-vue-project\wind-power-forecast\backend\auto_scripts\precsv\shortcsv\20250325.csv，等待 30 秒后重试...
2025-03-25 03:26:43,718 - ❌ 未找到预测 CSV 文件: D:\my-vue-project\wind-power-forecast\backend\auto_scripts\precsv\shortcsv\20250325.csv，等待 30 秒后重试...
2025-03-25 03:27:13,722 - ❌ 未找到预测 CSV 文件: D:\my-vue-project\wind-power-forecast\backend\auto_scripts\precsv\shortcsv\20250325.csv，等待 30 秒后重试...
2025-03-25 03:27:43,735 - ❌ 未找到预测 CSV 文件: D:\my-vue-project\wind-power-forecast\backend\auto_scripts\precsv\shortcsv\20250325.csv，等待 30 秒后重试...
2025-03-25 03:28:13,745 - ❌ 未找到预测 CSV 文件: D:\my-vue-project\wind-power-forecast\backend\auto_scripts\precsv\shortcsv\20250325.csv，等待 30 秒后重试...
2025-03-25 03:28:43,750 - ❌ 未找到预测 CSV 文件: D:\my-vue-project\wind-power-forecast\backend\auto_scripts\precsv\shortcsv\20250325.csv，等待 30 秒后重试...
2025-03-25 03:29:13,753 - ❌ 未找到预测 CSV 文件: D:\my-vue-project\wind-power-forecast\backend\auto_scripts\precsv\shortcsv\20250325.csv，等待 30 秒后重试...
2025-03-25 03:29:43,762 - ❌ 未找到预测 CSV 文件: D:\my-vue-project\wind-power-forecast\backend\auto_scripts\precsv\shortcsv\20250325.csv，等待 30 秒后重试...
2025-03-25 03:30:13,764 - ❌ 未找到预测 CSV 文件: D:\my-vue-project\wind-power-forecast\backend\auto_scripts\precsv\shortcsv\20250325.csv，等待 30 秒后重试...
2025-03-25 03:30:43,771 - ❌ 未找到预测 CSV 文件: D:\my-vue-project\wind-power-forecast\backend\auto_scripts\precsv\shortcsv\20250325.csv，等待 30 秒后重试...
2025-03-25 03:31:13,774 - ❌ 未找到预测 CSV 文件: D:\my-vue-project\wind-power-forecast\backend\auto_scripts\precsv\shortcsv\20250325.csv，等待 30 秒后重试...
2025-03-25 03:31:43,786 - ❌ 未找到预测 CSV 文件: D:\my-vue-project\wind-power-forecast\backend\auto_scripts\precsv\shortcsv\20250325.csv，等待 30 秒后重试...
2025-03-25 03:32:13,800 - ❌ 未找到预测 CSV 文件: D:\my-vue-project\wind-power-forecast\backend\auto_scripts\precsv\shortcsv\20250325.csv，等待 30 秒后重试...
2025-03-25 03:32:43,804 - ❌ 未找到预测 CSV 文件: D:\my-vue-project\wind-power-forecast\backend\auto_scripts\precsv\shortcsv\20250325.csv，等待 30 秒后重试...
2025-03-25 03:33:13,819 - ❌ 未找到预测 CSV 文件: D:\my-vue-project\wind-power-forecast\backend\auto_scripts\precsv\shortcsv\20250325.csv，等待 30 秒后重试...
2025-03-25 03:33:43,826 - ❌ 未找到预测 CSV 文件: D:\my-vue-project\wind-power-forecast\backend\auto_scripts\precsv\shortcsv\20250325.csv，等待 30 秒后重试...
2025-03-25 03:34:13,839 - ❌ 未找到预测 CSV 文件: D:\my-vue-project\wind-power-forecast\backend\auto_scripts\precsv\shortcsv\20250325.csv，等待 30 秒后重试...
2025-03-25 03:34:43,850 - ❌ 未找到预测 CSV 文件: D:\my-vue-project\wind-power-forecast\backend\auto_scripts\precsv\shortcsv\20250325.csv，等待 30 秒后重试...
2025-03-25 03:35:13,865 - ❌ 未找到预测 CSV 文件: D:\my-vue-project\wind-power-forecast\backend\auto_scripts\precsv\shortcsv\20250325.csv，等待 30 秒后重试...
2025-03-25 03:35:43,871 - ❌ 未找到预测 CSV 文件: D:\my-vue-project\wind-power-forecast\backend\auto_scripts\precsv\shortcsv\20250325.csv，等待 30 秒后重试...
2025-03-25 03:36:13,881 - ❌ 未找到预测 CSV 文件: D:\my-vue-project\wind-power-forecast\backend\auto_scripts\precsv\shortcsv\20250325.csv，等待 30 秒后重试...
2025-03-25 03:36:43,902 - ❌ 未找到预测 CSV 文件: D:\my-vue-project\wind-power-forecast\backend\auto_scripts\precsv\shortcsv\20250325.csv，等待 30 秒后重试...
2025-03-25 03:37:13,905 - ❌ 未找到预测 CSV 文件: D:\my-vue-project\wind-power-forecast\backend\auto_scripts\precsv\shortcsv\20250325.csv，等待 30 秒后重试...
2025-03-25 03:37:43,910 - ❌ 未找到预测 CSV 文件: D:\my-vue-project\wind-power-forecast\backend\auto_scripts\precsv\shortcsv\20250325.csv，等待 30 秒后重试...
2025-03-25 03:38:13,927 - ❌ 未找到预测 CSV 文件: D:\my-vue-project\wind-power-forecast\backend\auto_scripts\precsv\shortcsv\20250325.csv，等待 30 秒后重试...
2025-03-25 03:38:43,938 - ❌ 未找到预测 CSV 文件: D:\my-vue-project\wind-power-forecast\backend\auto_scripts\precsv\shortcsv\20250325.csv，等待 30 秒后重试...
2025-03-25 03:39:13,949 - ❌ 未找到预测 CSV 文件: D:\my-vue-project\wind-power-forecast\backend\auto_scripts\precsv\shortcsv\20250325.csv，等待 30 秒后重试...
2025-03-25 03:39:43,955 - ❌ 未找到预测 CSV 文件: D:\my-vue-project\wind-power-forecast\backend\auto_scripts\precsv\shortcsv\20250325.csv，等待 30 秒后重试...
2025-03-25 03:40:13,967 - ❌ 未找到预测 CSV 文件: D:\my-vue-project\wind-power-forecast\backend\auto_scripts\precsv\shortcsv\20250325.csv，等待 30 秒后重试...
2025-03-25 03:40:43,978 - ❌ 未找到预测 CSV 文件: D:\my-vue-project\wind-power-forecast\backend\auto_scripts\precsv\shortcsv\20250325.csv，等待 30 秒后重试...
2025-03-25 03:41:13,995 - ❌ 未找到预测 CSV 文件: D:\my-vue-project\wind-power-forecast\backend\auto_scripts\precsv\shortcsv\20250325.csv，等待 30 秒后重试...
2025-03-25 03:41:44,007 - ❌ 未找到预测 CSV 文件: D:\my-vue-project\wind-power-forecast\backend\auto_scripts\precsv\shortcsv\20250325.csv，等待 30 秒后重试...
2025-03-25 03:42:14,013 - ❌ 未找到预测 CSV 文件: D:\my-vue-project\wind-power-forecast\backend\auto_scripts\precsv\shortcsv\20250325.csv，等待 30 秒后重试...
2025-03-25 03:42:44,023 - ❌ 未找到预测 CSV 文件: D:\my-vue-project\wind-power-forecast\backend\auto_scripts\precsv\shortcsv\20250325.csv，等待 30 秒后重试...
2025-03-25 03:43:14,027 - ❌ 未找到预测 CSV 文件: D:\my-vue-project\wind-power-forecast\backend\auto_scripts\precsv\shortcsv\20250325.csv，等待 30 秒后重试...
2025-03-25 03:43:44,039 - ❌ 未找到预测 CSV 文件: D:\my-vue-project\wind-power-forecast\backend\auto_scripts\precsv\shortcsv\20250325.csv，等待 30 秒后重试...
2025-03-25 03:44:14,050 - ❌ 未找到预测 CSV 文件: D:\my-vue-project\wind-power-forecast\backend\auto_scripts\precsv\shortcsv\20250325.csv，等待 30 秒后重试...
2025-03-25 03:44:44,055 - ❌ 未找到预测 CSV 文件: D:\my-vue-project\wind-power-forecast\backend\auto_scripts\precsv\shortcsv\20250325.csv，等待 30 秒后重试...
2025-03-25 03:45:14,056 - ❌ 未找到预测 CSV 文件: D:\my-vue-project\wind-power-forecast\backend\auto_scripts\precsv\shortcsv\20250325.csv，等待 30 秒后重试...
2025-03-25 03:45:44,067 - ❌ 未找到预测 CSV 文件: D:\my-vue-project\wind-power-forecast\backend\auto_scripts\precsv\shortcsv\20250325.csv，等待 30 秒后重试...
2025-03-25 03:46:14,069 - ❌ 未找到预测 CSV 文件: D:\my-vue-project\wind-power-forecast\backend\auto_scripts\precsv\shortcsv\20250325.csv，等待 30 秒后重试...
2025-03-25 03:46:44,081 - ❌ 未找到预测 CSV 文件: D:\my-vue-project\wind-power-forecast\backend\auto_scripts\precsv\shortcsv\20250325.csv，等待 30 秒后重试...
2025-03-25 03:47:14,084 - ❌ 未找到预测 CSV 文件: D:\my-vue-project\wind-power-forecast\backend\auto_scripts\precsv\shortcsv\20250325.csv，等待 30 秒后重试...
2025-03-25 03:47:44,092 - ❌ 未找到预测 CSV 文件: D:\my-vue-project\wind-power-forecast\backend\auto_scripts\precsv\shortcsv\20250325.csv，等待 30 秒后重试...
2025-03-25 03:48:14,097 - ❌ 未找到预测 CSV 文件: D:\my-vue-project\wind-power-forecast\backend\auto_scripts\precsv\shortcsv\20250325.csv，等待 30 秒后重试...
2025-03-25 03:48:44,115 - ❌ 未找到预测 CSV 文件: D:\my-vue-project\wind-power-forecast\backend\auto_scripts\precsv\shortcsv\20250325.csv，等待 30 秒后重试...
2025-03-25 03:49:14,131 - ❌ 未找到预测 CSV 文件: D:\my-vue-project\wind-power-forecast\backend\auto_scripts\precsv\shortcsv\20250325.csv，等待 30 秒后重试...
2025-03-25 03:49:44,144 - ❌ 未找到预测 CSV 文件: D:\my-vue-project\wind-power-forecast\backend\auto_scripts\precsv\shortcsv\20250325.csv，等待 30 秒后重试...
2025-03-25 03:50:14,148 - ❌ 未找到预测 CSV 文件: D:\my-vue-project\wind-power-forecast\backend\auto_scripts\precsv\shortcsv\20250325.csv，等待 30 秒后重试...
2025-03-25 03:50:44,155 - ❌ 未找到预测 CSV 文件: D:\my-vue-project\wind-power-forecast\backend\auto_scripts\precsv\shortcsv\20250325.csv，等待 30 秒后重试...
2025-03-25 03:51:14,162 - ❌ 未找到预测 CSV 文件: D:\my-vue-project\wind-power-forecast\backend\auto_scripts\precsv\shortcsv\20250325.csv，等待 30 秒后重试...
2025-03-25 03:51:44,166 - ❌ 未找到预测 CSV 文件: D:\my-vue-project\wind-power-forecast\backend\auto_scripts\precsv\shortcsv\20250325.csv，等待 30 秒后重试...
2025-03-25 03:52:14,177 - ❌ 未找到预测 CSV 文件: D:\my-vue-project\wind-power-forecast\backend\auto_scripts\precsv\shortcsv\20250325.csv，等待 30 秒后重试...
2025-03-25 03:52:44,182 - ❌ 未找到预测 CSV 文件: D:\my-vue-project\wind-power-forecast\backend\auto_scripts\precsv\shortcsv\20250325.csv，等待 30 秒后重试...
2025-03-25 03:53:14,197 - ❌ 未找到预测 CSV 文件: D:\my-vue-project\wind-power-forecast\backend\auto_scripts\precsv\shortcsv\20250325.csv，等待 30 秒后重试...
2025-03-25 03:53:44,209 - ❌ 未找到预测 CSV 文件: D:\my-vue-project\wind-power-forecast\backend\auto_scripts\precsv\shortcsv\20250325.csv，等待 30 秒后重试...
2025-03-25 03:54:14,222 - ❌ 未找到预测 CSV 文件: D:\my-vue-project\wind-power-forecast\backend\auto_scripts\precsv\shortcsv\20250325.csv，等待 30 秒后重试...
2025-03-25 03:54:44,234 - ❌ 未找到预测 CSV 文件: D:\my-vue-project\wind-power-forecast\backend\auto_scripts\precsv\shortcsv\20250325.csv，等待 30 秒后重试...
2025-03-25 03:55:14,240 - ❌ 未找到预测 CSV 文件: D:\my-vue-project\wind-power-forecast\backend\auto_scripts\precsv\shortcsv\20250325.csv，等待 30 秒后重试...
2025-03-25 03:55:44,243 - ❌ 未找到预测 CSV 文件: D:\my-vue-project\wind-power-forecast\backend\auto_scripts\precsv\shortcsv\20250325.csv，等待 30 秒后重试...
2025-03-25 03:56:14,259 - ❌ 未找到预测 CSV 文件: D:\my-vue-project\wind-power-forecast\backend\auto_scripts\precsv\shortcsv\20250325.csv，等待 30 秒后重试...
2025-03-25 03:56:44,270 - ❌ 未找到预测 CSV 文件: D:\my-vue-project\wind-power-forecast\backend\auto_scripts\precsv\shortcsv\20250325.csv，等待 30 秒后重试...
2025-03-25 03:57:14,284 - ❌ 未找到预测 CSV 文件: D:\my-vue-project\wind-power-forecast\backend\auto_scripts\precsv\shortcsv\20250325.csv，等待 30 秒后重试...
2025-03-25 03:57:44,292 - ❌ 未找到预测 CSV 文件: D:\my-vue-project\wind-power-forecast\backend\auto_scripts\precsv\shortcsv\20250325.csv，等待 30 秒后重试...
2025-03-25 03:58:14,303 - ❌ 未找到预测 CSV 文件: D:\my-vue-project\wind-power-forecast\backend\auto_scripts\precsv\shortcsv\20250325.csv，等待 30 秒后重试...
2025-03-25 03:58:44,316 - ❌ 未找到预测 CSV 文件: D:\my-vue-project\wind-power-forecast\backend\auto_scripts\precsv\shortcsv\20250325.csv，等待 30 秒后重试...
2025-03-25 03:59:14,320 - ❌ 未找到预测 CSV 文件: D:\my-vue-project\wind-power-forecast\backend\auto_scripts\precsv\shortcsv\20250325.csv，等待 30 秒后重试...
2025-03-25 03:59:44,336 - ❌ 未找到预测 CSV 文件: D:\my-vue-project\wind-power-forecast\backend\auto_scripts\precsv\shortcsv\20250325.csv，等待 30 秒后重试...
2025-03-25 04:00:14,350 - ❌ 未找到预测 CSV 文件: D:\my-vue-project\wind-power-forecast\backend\auto_scripts\precsv\shortcsv\20250325.csv，等待 30 秒后重试...
2025-03-25 04:00:44,360 - ❌ 未找到预测 CSV 文件: D:\my-vue-project\wind-power-forecast\backend\auto_scripts\precsv\shortcsv\20250325.csv，等待 30 秒后重试...
2025-03-25 04:01:14,372 - ❌ 未找到预测 CSV 文件: D:\my-vue-project\wind-power-forecast\backend\auto_scripts\precsv\shortcsv\20250325.csv，等待 30 秒后重试...
2025-03-25 04:01:44,379 - ❌ 未找到预测 CSV 文件: D:\my-vue-project\wind-power-forecast\backend\auto_scripts\precsv\shortcsv\20250325.csv，等待 30 秒后重试...
2025-03-25 04:02:14,393 - ❌ 未找到预测 CSV 文件: D:\my-vue-project\wind-power-forecast\backend\auto_scripts\precsv\shortcsv\20250325.csv，等待 30 秒后重试...
2025-03-25 04:02:44,403 - ❌ 未找到预测 CSV 文件: D:\my-vue-project\wind-power-forecast\backend\auto_scripts\precsv\shortcsv\20250325.csv，等待 30 秒后重试...
2025-03-25 04:03:14,414 - ❌ 未找到预测 CSV 文件: D:\my-vue-project\wind-power-forecast\backend\auto_scripts\precsv\shortcsv\20250325.csv，等待 30 秒后重试...
2025-03-25 04:03:44,416 - ❌ 未找到预测 CSV 文件: D:\my-vue-project\wind-power-forecast\backend\auto_scripts\precsv\shortcsv\20250325.csv，等待 30 秒后重试...
2025-03-25 04:04:14,427 - ❌ 未找到预测 CSV 文件: D:\my-vue-project\wind-power-forecast\backend\auto_scripts\precsv\shortcsv\20250325.csv，等待 30 秒后重试...
2025-03-25 04:04:44,430 - ❌ 未找到预测 CSV 文件: D:\my-vue-project\wind-power-forecast\backend\auto_scripts\precsv\shortcsv\20250325.csv，等待 30 秒后重试...
2025-03-25 04:05:14,433 - ❌ 未找到预测 CSV 文件: D:\my-vue-project\wind-power-forecast\backend\auto_scripts\precsv\shortcsv\20250325.csv，等待 30 秒后重试...
2025-03-25 04:05:44,442 - ❌ 未找到预测 CSV 文件: D:\my-vue-project\wind-power-forecast\backend\auto_scripts\precsv\shortcsv\20250325.csv，等待 30 秒后重试...
2025-03-25 04:06:14,447 - ❌ 未找到预测 CSV 文件: D:\my-vue-project\wind-power-forecast\backend\auto_scripts\precsv\shortcsv\20250325.csv，等待 30 秒后重试...
2025-03-25 04:06:44,459 - ❌ 未找到预测 CSV 文件: D:\my-vue-project\wind-power-forecast\backend\auto_scripts\precsv\shortcsv\20250325.csv，等待 30 秒后重试...
2025-03-25 04:07:14,463 - ❌ 未找到预测 CSV 文件: D:\my-vue-project\wind-power-forecast\backend\auto_scripts\precsv\shortcsv\20250325.csv，等待 30 秒后重试...
2025-03-25 04:07:44,471 - ❌ 未找到预测 CSV 文件: D:\my-vue-project\wind-power-forecast\backend\auto_scripts\precsv\shortcsv\20250325.csv，等待 30 秒后重试...
2025-03-25 04:08:14,486 - ❌ 未找到预测 CSV 文件: D:\my-vue-project\wind-power-forecast\backend\auto_scripts\precsv\shortcsv\20250325.csv，等待 30 秒后重试...
2025-03-25 04:08:44,497 - ❌ 未找到预测 CSV 文件: D:\my-vue-project\wind-power-forecast\backend\auto_scripts\precsv\shortcsv\20250325.csv，等待 30 秒后重试...
2025-03-25 04:09:14,504 - ❌ 未找到预测 CSV 文件: D:\my-vue-project\wind-power-forecast\backend\auto_scripts\precsv\shortcsv\20250325.csv，等待 30 秒后重试...
2025-03-25 04:09:44,513 - ❌ 未找到预测 CSV 文件: D:\my-vue-project\wind-power-forecast\backend\auto_scripts\precsv\shortcsv\20250325.csv，等待 30 秒后重试...
2025-03-25 04:10:14,520 - ❌ 未找到预测 CSV 文件: D:\my-vue-project\wind-power-forecast\backend\auto_scripts\precsv\shortcsv\20250325.csv，等待 30 秒后重试...
2025-03-25 04:10:44,534 - ❌ 未找到预测 CSV 文件: D:\my-vue-project\wind-power-forecast\backend\auto_scripts\precsv\shortcsv\20250325.csv，等待 30 秒后重试...
2025-03-25 04:11:14,548 - ❌ 未找到预测 CSV 文件: D:\my-vue-project\wind-power-forecast\backend\auto_scripts\precsv\shortcsv\20250325.csv，等待 30 秒后重试...
2025-03-25 04:11:44,554 - ❌ 未找到预测 CSV 文件: D:\my-vue-project\wind-power-forecast\backend\auto_scripts\precsv\shortcsv\20250325.csv，等待 30 秒后重试...
2025-03-25 04:12:14,561 - ❌ 未找到预测 CSV 文件: D:\my-vue-project\wind-power-forecast\backend\auto_scripts\precsv\shortcsv\20250325.csv，等待 30 秒后重试...
2025-03-25 04:12:44,568 - ❌ 未找到预测 CSV 文件: D:\my-vue-project\wind-power-forecast\backend\auto_scripts\precsv\shortcsv\20250325.csv，等待 30 秒后重试...
2025-03-25 04:13:14,574 - ❌ 未找到预测 CSV 文件: D:\my-vue-project\wind-power-forecast\backend\auto_scripts\precsv\shortcsv\20250325.csv，等待 30 秒后重试...
2025-03-25 04:13:44,582 - ❌ 未找到预测 CSV 文件: D:\my-vue-project\wind-power-forecast\backend\auto_scripts\precsv\shortcsv\20250325.csv，等待 30 秒后重试...
2025-03-25 04:14:14,587 - ❌ 未找到预测 CSV 文件: D:\my-vue-project\wind-power-forecast\backend\auto_scripts\precsv\shortcsv\20250325.csv，等待 30 秒后重试...
2025-03-25 04:14:44,604 - ❌ 未找到预测 CSV 文件: D:\my-vue-project\wind-power-forecast\backend\auto_scripts\precsv\shortcsv\20250325.csv，等待 30 秒后重试...
2025-03-25 04:15:14,605 - ❌ 未找到预测 CSV 文件: D:\my-vue-project\wind-power-forecast\backend\auto_scripts\precsv\shortcsv\20250325.csv，等待 30 秒后重试...
2025-03-25 04:15:44,618 - ❌ 未找到预测 CSV 文件: D:\my-vue-project\wind-power-forecast\backend\auto_scripts\precsv\shortcsv\20250325.csv，等待 30 秒后重试...
2025-03-25 04:16:14,624 - ❌ 未找到预测 CSV 文件: D:\my-vue-project\wind-power-forecast\backend\auto_scripts\precsv\shortcsv\20250325.csv，等待 30 秒后重试...
2025-03-25 04:16:44,636 - ❌ 未找到预测 CSV 文件: D:\my-vue-project\wind-power-forecast\backend\auto_scripts\precsv\shortcsv\20250325.csv，等待 30 秒后重试...
2025-03-25 04:17:14,647 - ❌ 未找到预测 CSV 文件: D:\my-vue-project\wind-power-forecast\backend\auto_scripts\precsv\shortcsv\20250325.csv，等待 30 秒后重试...
2025-03-25 04:17:44,654 - ❌ 未找到预测 CSV 文件: D:\my-vue-project\wind-power-forecast\backend\auto_scripts\precsv\shortcsv\20250325.csv，等待 30 秒后重试...
2025-03-25 04:18:14,662 - ❌ 未找到预测 CSV 文件: D:\my-vue-project\wind-power-forecast\backend\auto_scripts\precsv\shortcsv\20250325.csv，等待 30 秒后重试...
2025-03-25 04:18:44,670 - ❌ 未找到预测 CSV 文件: D:\my-vue-project\wind-power-forecast\backend\auto_scripts\precsv\shortcsv\20250325.csv，等待 30 秒后重试...
2025-03-25 04:19:14,675 - ❌ 未找到预测 CSV 文件: D:\my-vue-project\wind-power-forecast\backend\auto_scripts\precsv\shortcsv\20250325.csv，等待 30 秒后重试...
2025-03-25 04:19:44,691 - ❌ 未找到预测 CSV 文件: D:\my-vue-project\wind-power-forecast\backend\auto_scripts\precsv\shortcsv\20250325.csv，等待 30 秒后重试...
2025-03-25 04:20:14,703 - ❌ 未找到预测 CSV 文件: D:\my-vue-project\wind-power-forecast\backend\auto_scripts\precsv\shortcsv\20250325.csv，等待 30 秒后重试...
2025-03-25 04:20:44,712 - ❌ 未找到预测 CSV 文件: D:\my-vue-project\wind-power-forecast\backend\auto_scripts\precsv\shortcsv\20250325.csv，等待 30 秒后重试...
2025-03-25 04:21:14,719 - ❌ 未找到预测 CSV 文件: D:\my-vue-project\wind-power-forecast\backend\auto_scripts\precsv\shortcsv\20250325.csv，等待 30 秒后重试...
2025-03-25 04:21:44,735 - ❌ 未找到预测 CSV 文件: D:\my-vue-project\wind-power-forecast\backend\auto_scripts\precsv\shortcsv\20250325.csv，等待 30 秒后重试...
2025-03-25 04:22:14,746 - ❌ 未找到预测 CSV 文件: D:\my-vue-project\wind-power-forecast\backend\auto_scripts\precsv\shortcsv\20250325.csv，等待 30 秒后重试...
2025-03-25 04:22:44,749 - ❌ 未找到预测 CSV 文件: D:\my-vue-project\wind-power-forecast\backend\auto_scripts\precsv\shortcsv\20250325.csv，等待 30 秒后重试...
2025-03-25 04:23:14,765 - ❌ 未找到预测 CSV 文件: D:\my-vue-project\wind-power-forecast\backend\auto_scripts\precsv\shortcsv\20250325.csv，等待 30 秒后重试...
2025-03-25 04:23:44,778 - ❌ 未找到预测 CSV 文件: D:\my-vue-project\wind-power-forecast\backend\auto_scripts\precsv\shortcsv\20250325.csv，等待 30 秒后重试...
2025-03-25 04:24:14,794 - ❌ 未找到预测 CSV 文件: D:\my-vue-project\wind-power-forecast\backend\auto_scripts\precsv\shortcsv\20250325.csv，等待 30 秒后重试...
2025-03-25 04:24:44,809 - ❌ 未找到预测 CSV 文件: D:\my-vue-project\wind-power-forecast\backend\auto_scripts\precsv\shortcsv\20250325.csv，等待 30 秒后重试...
2025-03-25 04:25:14,815 - ❌ 未找到预测 CSV 文件: D:\my-vue-project\wind-power-forecast\backend\auto_scripts\precsv\shortcsv\20250325.csv，等待 30 秒后重试...
2025-03-25 04:25:44,823 - ❌ 未找到预测 CSV 文件: D:\my-vue-project\wind-power-forecast\backend\auto_scripts\precsv\shortcsv\20250325.csv，等待 30 秒后重试...
2025-03-25 04:26:14,831 - ❌ 未找到预测 CSV 文件: D:\my-vue-project\wind-power-forecast\backend\auto_scripts\precsv\shortcsv\20250325.csv，等待 30 秒后重试...
2025-03-25 04:26:44,835 - ❌ 未找到预测 CSV 文件: D:\my-vue-project\wind-power-forecast\backend\auto_scripts\precsv\shortcsv\20250325.csv，等待 30 秒后重试...
2025-03-25 04:27:14,844 - ❌ 未找到预测 CSV 文件: D:\my-vue-project\wind-power-forecast\backend\auto_scripts\precsv\shortcsv\20250325.csv，等待 30 秒后重试...
2025-03-25 04:27:44,849 - ❌ 未找到预测 CSV 文件: D:\my-vue-project\wind-power-forecast\backend\auto_scripts\precsv\shortcsv\20250325.csv，等待 30 秒后重试...
2025-03-25 04:28:14,854 - ❌ 未找到预测 CSV 文件: D:\my-vue-project\wind-power-forecast\backend\auto_scripts\precsv\shortcsv\20250325.csv，等待 30 秒后重试...
2025-03-25 04:28:44,867 - ❌ 未找到预测 CSV 文件: D:\my-vue-project\wind-power-forecast\backend\auto_scripts\precsv\shortcsv\20250325.csv，等待 30 秒后重试...
2025-03-25 04:29:14,873 - ❌ 未找到预测 CSV 文件: D:\my-vue-project\wind-power-forecast\backend\auto_scripts\precsv\shortcsv\20250325.csv，等待 30 秒后重试...
2025-03-25 04:29:44,888 - ❌ 未找到预测 CSV 文件: D:\my-vue-project\wind-power-forecast\backend\auto_scripts\precsv\shortcsv\20250325.csv，等待 30 秒后重试...
2025-03-25 04:30:14,895 - ❌ 未找到预测 CSV 文件: D:\my-vue-project\wind-power-forecast\backend\auto_scripts\precsv\shortcsv\20250325.csv，等待 30 秒后重试...
2025-03-25 04:30:44,907 - ❌ 未找到预测 CSV 文件: D:\my-vue-project\wind-power-forecast\backend\auto_scripts\precsv\shortcsv\20250325.csv，等待 30 秒后重试...
2025-03-25 04:31:14,922 - ❌ 未找到预测 CSV 文件: D:\my-vue-project\wind-power-forecast\backend\auto_scripts\precsv\shortcsv\20250325.csv，等待 30 秒后重试...
2025-03-25 04:31:44,928 - ❌ 未找到预测 CSV 文件: D:\my-vue-project\wind-power-forecast\backend\auto_scripts\precsv\shortcsv\20250325.csv，等待 30 秒后重试...
2025-03-25 04:32:14,940 - ❌ 未找到预测 CSV 文件: D:\my-vue-project\wind-power-forecast\backend\auto_scripts\precsv\shortcsv\20250325.csv，等待 30 秒后重试...
2025-03-25 04:32:44,943 - ❌ 未找到预测 CSV 文件: D:\my-vue-project\wind-power-forecast\backend\auto_scripts\precsv\shortcsv\20250325.csv，等待 30 秒后重试...
2025-03-25 04:33:14,958 - ❌ 未找到预测 CSV 文件: D:\my-vue-project\wind-power-forecast\backend\auto_scripts\precsv\shortcsv\20250325.csv，等待 30 秒后重试...
2025-03-25 04:33:44,965 - ❌ 未找到预测 CSV 文件: D:\my-vue-project\wind-power-forecast\backend\auto_scripts\precsv\shortcsv\20250325.csv，等待 30 秒后重试...
2025-03-25 04:34:14,970 - ❌ 未找到预测 CSV 文件: D:\my-vue-project\wind-power-forecast\backend\auto_scripts\precsv\shortcsv\20250325.csv，等待 30 秒后重试...
2025-03-25 04:34:44,973 - ❌ 未找到预测 CSV 文件: D:\my-vue-project\wind-power-forecast\backend\auto_scripts\precsv\shortcsv\20250325.csv，等待 30 秒后重试...
2025-03-25 04:35:14,988 - ❌ 未找到预测 CSV 文件: D:\my-vue-project\wind-power-forecast\backend\auto_scripts\precsv\shortcsv\20250325.csv，等待 30 秒后重试...
2025-03-25 04:35:44,994 - ❌ 未找到预测 CSV 文件: D:\my-vue-project\wind-power-forecast\backend\auto_scripts\precsv\shortcsv\20250325.csv，等待 30 秒后重试...
2025-03-25 04:36:15,011 - ❌ 未找到预测 CSV 文件: D:\my-vue-project\wind-power-forecast\backend\auto_scripts\precsv\shortcsv\20250325.csv，等待 30 秒后重试...
2025-03-25 04:36:45,017 - ❌ 未找到预测 CSV 文件: D:\my-vue-project\wind-power-forecast\backend\auto_scripts\precsv\shortcsv\20250325.csv，等待 30 秒后重试...
2025-03-25 04:37:15,033 - ❌ 未找到预测 CSV 文件: D:\my-vue-project\wind-power-forecast\backend\auto_scripts\precsv\shortcsv\20250325.csv，等待 30 秒后重试...
2025-03-25 04:37:45,044 - ❌ 未找到预测 CSV 文件: D:\my-vue-project\wind-power-forecast\backend\auto_scripts\precsv\shortcsv\20250325.csv，等待 30 秒后重试...
2025-03-25 04:38:15,054 - ❌ 未找到预测 CSV 文件: D:\my-vue-project\wind-power-forecast\backend\auto_scripts\precsv\shortcsv\20250325.csv，等待 30 秒后重试...
2025-03-25 04:38:45,062 - ❌ 未找到预测 CSV 文件: D:\my-vue-project\wind-power-forecast\backend\auto_scripts\precsv\shortcsv\20250325.csv，等待 30 秒后重试...
2025-03-25 04:39:15,072 - ❌ 未找到预测 CSV 文件: D:\my-vue-project\wind-power-forecast\backend\auto_scripts\precsv\shortcsv\20250325.csv，等待 30 秒后重试...
2025-03-25 04:39:45,090 - ❌ 未找到预测 CSV 文件: D:\my-vue-project\wind-power-forecast\backend\auto_scripts\precsv\shortcsv\20250325.csv，等待 30 秒后重试...
2025-03-25 04:40:15,104 - ❌ 未找到预测 CSV 文件: D:\my-vue-project\wind-power-forecast\backend\auto_scripts\precsv\shortcsv\20250325.csv，等待 30 秒后重试...
2025-03-25 04:40:45,112 - ❌ 未找到预测 CSV 文件: D:\my-vue-project\wind-power-forecast\backend\auto_scripts\precsv\shortcsv\20250325.csv，等待 30 秒后重试...
2025-03-25 04:41:15,121 - ❌ 未找到预测 CSV 文件: D:\my-vue-project\wind-power-forecast\backend\auto_scripts\precsv\shortcsv\20250325.csv，等待 30 秒后重试...
2025-03-25 04:41:45,130 - ❌ 未找到预测 CSV 文件: D:\my-vue-project\wind-power-forecast\backend\auto_scripts\precsv\shortcsv\20250325.csv，等待 30 秒后重试...
2025-03-25 04:42:15,132 - ❌ 未找到预测 CSV 文件: D:\my-vue-project\wind-power-forecast\backend\auto_scripts\precsv\shortcsv\20250325.csv，等待 30 秒后重试...
2025-03-25 04:42:45,134 - ❌ 未找到预测 CSV 文件: D:\my-vue-project\wind-power-forecast\backend\auto_scripts\precsv\shortcsv\20250325.csv，等待 30 秒后重试...
2025-03-25 04:43:15,148 - ❌ 未找到预测 CSV 文件: D:\my-vue-project\wind-power-forecast\backend\auto_scripts\precsv\shortcsv\20250325.csv，等待 30 秒后重试...
2025-03-25 04:43:45,155 - ❌ 未找到预测 CSV 文件: D:\my-vue-project\wind-power-forecast\backend\auto_scripts\precsv\shortcsv\20250325.csv，等待 30 秒后重试...
2025-03-25 04:44:15,168 - ❌ 未找到预测 CSV 文件: D:\my-vue-project\wind-power-forecast\backend\auto_scripts\precsv\shortcsv\20250325.csv，等待 30 秒后重试...
2025-03-25 04:44:45,182 - ❌ 未找到预测 CSV 文件: D:\my-vue-project\wind-power-forecast\backend\auto_scripts\precsv\shortcsv\20250325.csv，等待 30 秒后重试...
2025-03-25 04:45:15,197 - ❌ 未找到预测 CSV 文件: D:\my-vue-project\wind-power-forecast\backend\auto_scripts\precsv\shortcsv\20250325.csv，等待 30 秒后重试...
2025-03-25 04:45:45,201 - ❌ 未找到预测 CSV 文件: D:\my-vue-project\wind-power-forecast\backend\auto_scripts\precsv\shortcsv\20250325.csv，等待 30 秒后重试...
2025-03-25 04:46:15,209 - ❌ 未找到预测 CSV 文件: D:\my-vue-project\wind-power-forecast\backend\auto_scripts\precsv\shortcsv\20250325.csv，等待 30 秒后重试...
2025-03-25 04:46:45,223 - ❌ 未找到预测 CSV 文件: D:\my-vue-project\wind-power-forecast\backend\auto_scripts\precsv\shortcsv\20250325.csv，等待 30 秒后重试...
2025-03-25 04:47:15,235 - ❌ 未找到预测 CSV 文件: D:\my-vue-project\wind-power-forecast\backend\auto_scripts\precsv\shortcsv\20250325.csv，等待 30 秒后重试...
2025-03-25 04:47:45,249 - ❌ 未找到预测 CSV 文件: D:\my-vue-project\wind-power-forecast\backend\auto_scripts\precsv\shortcsv\20250325.csv，等待 30 秒后重试...
2025-03-25 04:48:15,260 - ❌ 未找到预测 CSV 文件: D:\my-vue-project\wind-power-forecast\backend\auto_scripts\precsv\shortcsv\20250325.csv，等待 30 秒后重试...
2025-03-25 04:48:45,267 - ❌ 未找到预测 CSV 文件: D:\my-vue-project\wind-power-forecast\backend\auto_scripts\precsv\shortcsv\20250325.csv，等待 30 秒后重试...
2025-03-25 04:49:15,278 - ❌ 未找到预测 CSV 文件: D:\my-vue-project\wind-power-forecast\backend\auto_scripts\precsv\shortcsv\20250325.csv，等待 30 秒后重试...
2025-03-25 04:49:45,289 - ❌ 未找到预测 CSV 文件: D:\my-vue-project\wind-power-forecast\backend\auto_scripts\precsv\shortcsv\20250325.csv，等待 30 秒后重试...
2025-03-25 04:50:15,302 - ❌ 未找到预测 CSV 文件: D:\my-vue-project\wind-power-forecast\backend\auto_scripts\precsv\shortcsv\20250325.csv，等待 30 秒后重试...
2025-03-25 04:50:45,305 - ❌ 未找到预测 CSV 文件: D:\my-vue-project\wind-power-forecast\backend\auto_scripts\precsv\shortcsv\20250325.csv，等待 30 秒后重试...
2025-03-25 04:51:15,308 - ❌ 未找到预测 CSV 文件: D:\my-vue-project\wind-power-forecast\backend\auto_scripts\precsv\shortcsv\20250325.csv，等待 30 秒后重试...
2025-03-25 04:51:45,310 - ❌ 未找到预测 CSV 文件: D:\my-vue-project\wind-power-forecast\backend\auto_scripts\precsv\shortcsv\20250325.csv，等待 30 秒后重试...
2025-03-25 04:52:15,317 - ❌ 未找到预测 CSV 文件: D:\my-vue-project\wind-power-forecast\backend\auto_scripts\precsv\shortcsv\20250325.csv，等待 30 秒后重试...
2025-03-25 04:52:45,324 - ❌ 未找到预测 CSV 文件: D:\my-vue-project\wind-power-forecast\backend\auto_scripts\precsv\shortcsv\20250325.csv，等待 30 秒后重试...
2025-03-25 04:53:15,332 - ❌ 未找到预测 CSV 文件: D:\my-vue-project\wind-power-forecast\backend\auto_scripts\precsv\shortcsv\20250325.csv，等待 30 秒后重试...
2025-03-25 04:53:45,343 - ❌ 未找到预测 CSV 文件: D:\my-vue-project\wind-power-forecast\backend\auto_scripts\precsv\shortcsv\20250325.csv，等待 30 秒后重试...
2025-03-25 04:54:15,349 - ❌ 未找到预测 CSV 文件: D:\my-vue-project\wind-power-forecast\backend\auto_scripts\precsv\shortcsv\20250325.csv，等待 30 秒后重试...
2025-03-25 04:54:45,364 - ❌ 未找到预测 CSV 文件: D:\my-vue-project\wind-power-forecast\backend\auto_scripts\precsv\shortcsv\20250325.csv，等待 30 秒后重试...
2025-03-25 04:55:15,378 - ❌ 未找到预测 CSV 文件: D:\my-vue-project\wind-power-forecast\backend\auto_scripts\precsv\shortcsv\20250325.csv，等待 30 秒后重试...
2025-03-25 04:55:45,385 - ❌ 未找到预测 CSV 文件: D:\my-vue-project\wind-power-forecast\backend\auto_scripts\precsv\shortcsv\20250325.csv，等待 30 秒后重试...
2025-03-25 04:56:15,398 - ❌ 未找到预测 CSV 文件: D:\my-vue-project\wind-power-forecast\backend\auto_scripts\precsv\shortcsv\20250325.csv，等待 30 秒后重试...
2025-03-25 04:56:45,407 - ❌ 未找到预测 CSV 文件: D:\my-vue-project\wind-power-forecast\backend\auto_scripts\precsv\shortcsv\20250325.csv，等待 30 秒后重试...
2025-03-25 04:57:15,416 - ❌ 未找到预测 CSV 文件: D:\my-vue-project\wind-power-forecast\backend\auto_scripts\precsv\shortcsv\20250325.csv，等待 30 秒后重试...
2025-03-25 04:57:45,424 - ❌ 未找到预测 CSV 文件: D:\my-vue-project\wind-power-forecast\backend\auto_scripts\precsv\shortcsv\20250325.csv，等待 30 秒后重试...
2025-03-25 04:58:15,427 - ❌ 未找到预测 CSV 文件: D:\my-vue-project\wind-power-forecast\backend\auto_scripts\precsv\shortcsv\20250325.csv，等待 30 秒后重试...
2025-03-25 04:58:45,435 - ❌ 未找到预测 CSV 文件: D:\my-vue-project\wind-power-forecast\backend\auto_scripts\precsv\shortcsv\20250325.csv，等待 30 秒后重试...
2025-03-25 04:59:15,449 - ❌ 未找到预测 CSV 文件: D:\my-vue-project\wind-power-forecast\backend\auto_scripts\precsv\shortcsv\20250325.csv，等待 30 秒后重试...
2025-03-25 04:59:45,462 - ❌ 未找到预测 CSV 文件: D:\my-vue-project\wind-power-forecast\backend\auto_scripts\precsv\shortcsv\20250325.csv，等待 30 秒后重试...
2025-03-25 05:00:15,471 - ❌ 未找到预测 CSV 文件: D:\my-vue-project\wind-power-forecast\backend\auto_scripts\precsv\shortcsv\20250325.csv，等待 30 秒后重试...
2025-03-25 05:00:45,474 - ❌ 未找到预测 CSV 文件: D:\my-vue-project\wind-power-forecast\backend\auto_scripts\precsv\shortcsv\20250325.csv，等待 30 秒后重试...
2025-03-25 05:01:15,484 - ❌ 未找到预测 CSV 文件: D:\my-vue-project\wind-power-forecast\backend\auto_scripts\precsv\shortcsv\20250325.csv，等待 30 秒后重试...
2025-03-25 05:01:45,496 - ❌ 未找到预测 CSV 文件: D:\my-vue-project\wind-power-forecast\backend\auto_scripts\precsv\shortcsv\20250325.csv，等待 30 秒后重试...
2025-03-25 05:02:15,513 - ❌ 未找到预测 CSV 文件: D:\my-vue-project\wind-power-forecast\backend\auto_scripts\precsv\shortcsv\20250325.csv，等待 30 秒后重试...
2025-03-25 05:02:45,518 - ❌ 未找到预测 CSV 文件: D:\my-vue-project\wind-power-forecast\backend\auto_scripts\precsv\shortcsv\20250325.csv，等待 30 秒后重试...
2025-03-25 05:03:15,527 - ❌ 未找到预测 CSV 文件: D:\my-vue-project\wind-power-forecast\backend\auto_scripts\precsv\shortcsv\20250325.csv，等待 30 秒后重试...
2025-03-25 05:03:45,541 - ❌ 未找到预测 CSV 文件: D:\my-vue-project\wind-power-forecast\backend\auto_scripts\precsv\shortcsv\20250325.csv，等待 30 秒后重试...
2025-03-25 05:04:15,545 - ❌ 未找到预测 CSV 文件: D:\my-vue-project\wind-power-forecast\backend\auto_scripts\precsv\shortcsv\20250325.csv，等待 30 秒后重试...
2025-03-25 05:04:45,552 - ❌ 未找到预测 CSV 文件: D:\my-vue-project\wind-power-forecast\backend\auto_scripts\precsv\shortcsv\20250325.csv，等待 30 秒后重试...
2025-03-25 05:05:15,555 - ❌ 未找到预测 CSV 文件: D:\my-vue-project\wind-power-forecast\backend\auto_scripts\precsv\shortcsv\20250325.csv，等待 30 秒后重试...
2025-03-25 05:05:45,564 - ❌ 未找到预测 CSV 文件: D:\my-vue-project\wind-power-forecast\backend\auto_scripts\precsv\shortcsv\20250325.csv，等待 30 秒后重试...
2025-03-25 05:06:15,572 - ❌ 未找到预测 CSV 文件: D:\my-vue-project\wind-power-forecast\backend\auto_scripts\precsv\shortcsv\20250325.csv，等待 30 秒后重试...
2025-03-25 05:06:45,578 - ❌ 未找到预测 CSV 文件: D:\my-vue-project\wind-power-forecast\backend\auto_scripts\precsv\shortcsv\20250325.csv，等待 30 秒后重试...
2025-03-25 05:07:15,580 - ❌ 未找到预测 CSV 文件: D:\my-vue-project\wind-power-forecast\backend\auto_scripts\precsv\shortcsv\20250325.csv，等待 30 秒后重试...
2025-03-25 05:07:45,589 - ❌ 未找到预测 CSV 文件: D:\my-vue-project\wind-power-forecast\backend\auto_scripts\precsv\shortcsv\20250325.csv，等待 30 秒后重试...
2025-03-25 05:08:15,605 - ❌ 未找到预测 CSV 文件: D:\my-vue-project\wind-power-forecast\backend\auto_scripts\precsv\shortcsv\20250325.csv，等待 30 秒后重试...
2025-03-25 05:08:45,607 - ❌ 未找到预测 CSV 文件: D:\my-vue-project\wind-power-forecast\backend\auto_scripts\precsv\shortcsv\20250325.csv，等待 30 秒后重试...
2025-03-25 05:09:15,625 - ❌ 未找到预测 CSV 文件: D:\my-vue-project\wind-power-forecast\backend\auto_scripts\precsv\shortcsv\20250325.csv，等待 30 秒后重试...
2025-03-25 05:09:45,627 - ❌ 未找到预测 CSV 文件: D:\my-vue-project\wind-power-forecast\backend\auto_scripts\precsv\shortcsv\20250325.csv，等待 30 秒后重试...
2025-03-25 05:10:15,641 - ❌ 未找到预测 CSV 文件: D:\my-vue-project\wind-power-forecast\backend\auto_scripts\precsv\shortcsv\20250325.csv，等待 30 秒后重试...
2025-03-25 05:10:45,646 - ❌ 未找到预测 CSV 文件: D:\my-vue-project\wind-power-forecast\backend\auto_scripts\precsv\shortcsv\20250325.csv，等待 30 秒后重试...
2025-03-25 05:11:15,648 - ❌ 未找到预测 CSV 文件: D:\my-vue-project\wind-power-forecast\backend\auto_scripts\precsv\shortcsv\20250325.csv，等待 30 秒后重试...
2025-03-25 05:11:45,654 - ❌ 未找到预测 CSV 文件: D:\my-vue-project\wind-power-forecast\backend\auto_scripts\precsv\shortcsv\20250325.csv，等待 30 秒后重试...
2025-03-25 05:12:15,665 - ❌ 未找到预测 CSV 文件: D:\my-vue-project\wind-power-forecast\backend\auto_scripts\precsv\shortcsv\20250325.csv，等待 30 秒后重试...
2025-03-25 05:12:45,675 - ❌ 未找到预测 CSV 文件: D:\my-vue-project\wind-power-forecast\backend\auto_scripts\precsv\shortcsv\20250325.csv，等待 30 秒后重试...
2025-03-25 05:13:15,687 - ❌ 未找到预测 CSV 文件: D:\my-vue-project\wind-power-forecast\backend\auto_scripts\precsv\shortcsv\20250325.csv，等待 30 秒后重试...
2025-03-25 05:13:45,702 - ❌ 未找到预测 CSV 文件: D:\my-vue-project\wind-power-forecast\backend\auto_scripts\precsv\shortcsv\20250325.csv，等待 30 秒后重试...
2025-03-25 05:14:15,717 - ❌ 未找到预测 CSV 文件: D:\my-vue-project\wind-power-forecast\backend\auto_scripts\precsv\shortcsv\20250325.csv，等待 30 秒后重试...
2025-03-25 05:14:45,719 - ❌ 未找到预测 CSV 文件: D:\my-vue-project\wind-power-forecast\backend\auto_scripts\precsv\shortcsv\20250325.csv，等待 30 秒后重试...
2025-03-25 05:15:15,731 - ❌ 未找到预测 CSV 文件: D:\my-vue-project\wind-power-forecast\backend\auto_scripts\precsv\shortcsv\20250325.csv，等待 30 秒后重试...
2025-03-25 05:15:45,733 - ❌ 未找到预测 CSV 文件: D:\my-vue-project\wind-power-forecast\backend\auto_scripts\precsv\shortcsv\20250325.csv，等待 30 秒后重试...
2025-03-25 05:16:15,750 - ❌ 未找到预测 CSV 文件: D:\my-vue-project\wind-power-forecast\backend\auto_scripts\precsv\shortcsv\20250325.csv，等待 30 秒后重试...
2025-03-25 05:16:45,755 - ❌ 未找到预测 CSV 文件: D:\my-vue-project\wind-power-forecast\backend\auto_scripts\precsv\shortcsv\20250325.csv，等待 30 秒后重试...
2025-03-25 05:17:15,759 - ❌ 未找到预测 CSV 文件: D:\my-vue-project\wind-power-forecast\backend\auto_scripts\precsv\shortcsv\20250325.csv，等待 30 秒后重试...
2025-03-25 05:17:45,772 - ❌ 未找到预测 CSV 文件: D:\my-vue-project\wind-power-forecast\backend\auto_scripts\precsv\shortcsv\20250325.csv，等待 30 秒后重试...
2025-03-25 05:18:15,784 - ❌ 未找到预测 CSV 文件: D:\my-vue-project\wind-power-forecast\backend\auto_scripts\precsv\shortcsv\20250325.csv，等待 30 秒后重试...
2025-03-25 05:18:45,796 - ❌ 未找到预测 CSV 文件: D:\my-vue-project\wind-power-forecast\backend\auto_scripts\precsv\shortcsv\20250325.csv，等待 30 秒后重试...
2025-03-25 05:19:15,804 - ❌ 未找到预测 CSV 文件: D:\my-vue-project\wind-power-forecast\backend\auto_scripts\precsv\shortcsv\20250325.csv，等待 30 秒后重试...
2025-03-25 05:19:45,818 - ❌ 未找到预测 CSV 文件: D:\my-vue-project\wind-power-forecast\backend\auto_scripts\precsv\shortcsv\20250325.csv，等待 30 秒后重试...
2025-03-25 05:20:15,829 - ❌ 未找到预测 CSV 文件: D:\my-vue-project\wind-power-forecast\backend\auto_scripts\precsv\shortcsv\20250325.csv，等待 30 秒后重试...
2025-03-25 05:20:45,844 - ❌ 未找到预测 CSV 文件: D:\my-vue-project\wind-power-forecast\backend\auto_scripts\precsv\shortcsv\20250325.csv，等待 30 秒后重试...
2025-03-25 05:21:15,860 - ❌ 未找到预测 CSV 文件: D:\my-vue-project\wind-power-forecast\backend\auto_scripts\precsv\shortcsv\20250325.csv，等待 30 秒后重试...
2025-03-25 05:21:45,873 - ❌ 未找到预测 CSV 文件: D:\my-vue-project\wind-power-forecast\backend\auto_scripts\precsv\shortcsv\20250325.csv，等待 30 秒后重试...
2025-03-25 05:22:15,887 - ❌ 未找到预测 CSV 文件: D:\my-vue-project\wind-power-forecast\backend\auto_scripts\precsv\shortcsv\20250325.csv，等待 30 秒后重试...
2025-03-25 05:22:45,903 - ❌ 未找到预测 CSV 文件: D:\my-vue-project\wind-power-forecast\backend\auto_scripts\precsv\shortcsv\20250325.csv，等待 30 秒后重试...
2025-03-25 05:23:15,920 - ❌ 未找到预测 CSV 文件: D:\my-vue-project\wind-power-forecast\backend\auto_scripts\precsv\shortcsv\20250325.csv，等待 30 秒后重试...
2025-03-25 05:23:45,938 - ❌ 未找到预测 CSV 文件: D:\my-vue-project\wind-power-forecast\backend\auto_scripts\precsv\shortcsv\20250325.csv，等待 30 秒后重试...
2025-03-25 05:24:15,948 - ❌ 未找到预测 CSV 文件: D:\my-vue-project\wind-power-forecast\backend\auto_scripts\precsv\shortcsv\20250325.csv，等待 30 秒后重试...
2025-03-25 05:24:45,957 - ❌ 未找到预测 CSV 文件: D:\my-vue-project\wind-power-forecast\backend\auto_scripts\precsv\shortcsv\20250325.csv，等待 30 秒后重试...
2025-03-25 05:25:15,971 - ❌ 未找到预测 CSV 文件: D:\my-vue-project\wind-power-forecast\backend\auto_scripts\precsv\shortcsv\20250325.csv，等待 30 秒后重试...
2025-03-25 05:25:45,980 - ❌ 未找到预测 CSV 文件: D:\my-vue-project\wind-power-forecast\backend\auto_scripts\precsv\shortcsv\20250325.csv，等待 30 秒后重试...
2025-03-25 05:26:15,992 - ❌ 未找到预测 CSV 文件: D:\my-vue-project\wind-power-forecast\backend\auto_scripts\precsv\shortcsv\20250325.csv，等待 30 秒后重试...
2025-03-25 05:26:46,005 - ❌ 未找到预测 CSV 文件: D:\my-vue-project\wind-power-forecast\backend\auto_scripts\precsv\shortcsv\20250325.csv，等待 30 秒后重试...
2025-03-25 05:27:16,012 - ❌ 未找到预测 CSV 文件: D:\my-vue-project\wind-power-forecast\backend\auto_scripts\precsv\shortcsv\20250325.csv，等待 30 秒后重试...
2025-03-25 05:27:46,027 - ❌ 未找到预测 CSV 文件: D:\my-vue-project\wind-power-forecast\backend\auto_scripts\precsv\shortcsv\20250325.csv，等待 30 秒后重试...
2025-03-25 05:28:16,043 - ❌ 未找到预测 CSV 文件: D:\my-vue-project\wind-power-forecast\backend\auto_scripts\precsv\shortcsv\20250325.csv，等待 30 秒后重试...
2025-03-25 05:28:46,051 - ❌ 未找到预测 CSV 文件: D:\my-vue-project\wind-power-forecast\backend\auto_scripts\precsv\shortcsv\20250325.csv，等待 30 秒后重试...
2025-03-25 05:29:16,059 - ❌ 未找到预测 CSV 文件: D:\my-vue-project\wind-power-forecast\backend\auto_scripts\precsv\shortcsv\20250325.csv，等待 30 秒后重试...
2025-03-25 05:29:46,073 - ❌ 未找到预测 CSV 文件: D:\my-vue-project\wind-power-forecast\backend\auto_scripts\precsv\shortcsv\20250325.csv，等待 30 秒后重试...
2025-03-25 05:30:16,089 - ❌ 未找到预测 CSV 文件: D:\my-vue-project\wind-power-forecast\backend\auto_scripts\precsv\shortcsv\20250325.csv，等待 30 秒后重试...
2025-03-25 05:30:46,095 - ❌ 未找到预测 CSV 文件: D:\my-vue-project\wind-power-forecast\backend\auto_scripts\precsv\shortcsv\20250325.csv，等待 30 秒后重试...
2025-03-25 05:31:16,112 - ❌ 未找到预测 CSV 文件: D:\my-vue-project\wind-power-forecast\backend\auto_scripts\precsv\shortcsv\20250325.csv，等待 30 秒后重试...
2025-03-25 05:31:46,123 - ❌ 未找到预测 CSV 文件: D:\my-vue-project\wind-power-forecast\backend\auto_scripts\precsv\shortcsv\20250325.csv，等待 30 秒后重试...
2025-03-25 05:32:16,134 - ❌ 未找到预测 CSV 文件: D:\my-vue-project\wind-power-forecast\backend\auto_scripts\precsv\shortcsv\20250325.csv，等待 30 秒后重试...
2025-03-25 05:32:46,139 - ❌ 未找到预测 CSV 文件: D:\my-vue-project\wind-power-forecast\backend\auto_scripts\precsv\shortcsv\20250325.csv，等待 30 秒后重试...
2025-03-25 05:33:16,151 - ❌ 未找到预测 CSV 文件: D:\my-vue-project\wind-power-forecast\backend\auto_scripts\precsv\shortcsv\20250325.csv，等待 30 秒后重试...
2025-03-25 05:33:46,158 - ❌ 未找到预测 CSV 文件: D:\my-vue-project\wind-power-forecast\backend\auto_scripts\precsv\shortcsv\20250325.csv，等待 30 秒后重试...
2025-03-25 05:34:16,165 - ❌ 未找到预测 CSV 文件: D:\my-vue-project\wind-power-forecast\backend\auto_scripts\precsv\shortcsv\20250325.csv，等待 30 秒后重试...
2025-03-25 05:34:46,171 - ❌ 未找到预测 CSV 文件: D:\my-vue-project\wind-power-forecast\backend\auto_scripts\precsv\shortcsv\20250325.csv，等待 30 秒后重试...
2025-03-25 05:35:16,182 - ❌ 未找到预测 CSV 文件: D:\my-vue-project\wind-power-forecast\backend\auto_scripts\precsv\shortcsv\20250325.csv，等待 30 秒后重试...
2025-03-25 05:35:46,192 - ❌ 未找到预测 CSV 文件: D:\my-vue-project\wind-power-forecast\backend\auto_scripts\precsv\shortcsv\20250325.csv，等待 30 秒后重试...
2025-03-25 05:36:16,197 - ❌ 未找到预测 CSV 文件: D:\my-vue-project\wind-power-forecast\backend\auto_scripts\precsv\shortcsv\20250325.csv，等待 30 秒后重试...
2025-03-25 05:36:46,208 - ❌ 未找到预测 CSV 文件: D:\my-vue-project\wind-power-forecast\backend\auto_scripts\precsv\shortcsv\20250325.csv，等待 30 秒后重试...
2025-03-25 05:37:16,211 - ❌ 未找到预测 CSV 文件: D:\my-vue-project\wind-power-forecast\backend\auto_scripts\precsv\shortcsv\20250325.csv，等待 30 秒后重试...
2025-03-25 05:37:46,226 - ❌ 未找到预测 CSV 文件: D:\my-vue-project\wind-power-forecast\backend\auto_scripts\precsv\shortcsv\20250325.csv，等待 30 秒后重试...
2025-03-25 05:38:16,237 - ❌ 未找到预测 CSV 文件: D:\my-vue-project\wind-power-forecast\backend\auto_scripts\precsv\shortcsv\20250325.csv，等待 30 秒后重试...
2025-03-25 05:38:46,247 - ❌ 未找到预测 CSV 文件: D:\my-vue-project\wind-power-forecast\backend\auto_scripts\precsv\shortcsv\20250325.csv，等待 30 秒后重试...
2025-03-25 05:39:16,255 - ❌ 未找到预测 CSV 文件: D:\my-vue-project\wind-power-forecast\backend\auto_scripts\precsv\shortcsv\20250325.csv，等待 30 秒后重试...
2025-03-25 05:39:46,271 - ❌ 未找到预测 CSV 文件: D:\my-vue-project\wind-power-forecast\backend\auto_scripts\precsv\shortcsv\20250325.csv，等待 30 秒后重试...
2025-03-25 05:40:16,283 - ❌ 未找到预测 CSV 文件: D:\my-vue-project\wind-power-forecast\backend\auto_scripts\precsv\shortcsv\20250325.csv，等待 30 秒后重试...
2025-03-25 05:40:46,298 - ❌ 未找到预测 CSV 文件: D:\my-vue-project\wind-power-forecast\backend\auto_scripts\precsv\shortcsv\20250325.csv，等待 30 秒后重试...
2025-03-25 05:41:16,305 - ❌ 未找到预测 CSV 文件: D:\my-vue-project\wind-power-forecast\backend\auto_scripts\precsv\shortcsv\20250325.csv，等待 30 秒后重试...
2025-03-25 05:41:46,317 - ❌ 未找到预测 CSV 文件: D:\my-vue-project\wind-power-forecast\backend\auto_scripts\precsv\shortcsv\20250325.csv，等待 30 秒后重试...
2025-03-25 05:42:16,323 - ❌ 未找到预测 CSV 文件: D:\my-vue-project\wind-power-forecast\backend\auto_scripts\precsv\shortcsv\20250325.csv，等待 30 秒后重试...
2025-03-25 05:42:46,328 - ❌ 未找到预测 CSV 文件: D:\my-vue-project\wind-power-forecast\backend\auto_scripts\precsv\shortcsv\20250325.csv，等待 30 秒后重试...
2025-03-25 05:43:16,334 - ❌ 未找到预测 CSV 文件: D:\my-vue-project\wind-power-forecast\backend\auto_scripts\precsv\shortcsv\20250325.csv，等待 30 秒后重试...
2025-03-25 05:43:46,348 - ❌ 未找到预测 CSV 文件: D:\my-vue-project\wind-power-forecast\backend\auto_scripts\precsv\shortcsv\20250325.csv，等待 30 秒后重试...
2025-03-25 05:44:16,352 - ❌ 未找到预测 CSV 文件: D:\my-vue-project\wind-power-forecast\backend\auto_scripts\precsv\shortcsv\20250325.csv，等待 30 秒后重试...
2025-03-25 05:44:46,363 - ❌ 未找到预测 CSV 文件: D:\my-vue-project\wind-power-forecast\backend\auto_scripts\precsv\shortcsv\20250325.csv，等待 30 秒后重试...
2025-03-25 05:45:16,368 - ❌ 未找到预测 CSV 文件: D:\my-vue-project\wind-power-forecast\backend\auto_scripts\precsv\shortcsv\20250325.csv，等待 30 秒后重试...
2025-03-25 05:45:46,376 - ❌ 未找到预测 CSV 文件: D:\my-vue-project\wind-power-forecast\backend\auto_scripts\precsv\shortcsv\20250325.csv，等待 30 秒后重试...
2025-03-25 05:46:16,381 - ❌ 未找到预测 CSV 文件: D:\my-vue-project\wind-power-forecast\backend\auto_scripts\precsv\shortcsv\20250325.csv，等待 30 秒后重试...
2025-03-25 05:46:46,394 - ❌ 未找到预测 CSV 文件: D:\my-vue-project\wind-power-forecast\backend\auto_scripts\precsv\shortcsv\20250325.csv，等待 30 秒后重试...
2025-03-25 05:47:16,410 - ❌ 未找到预测 CSV 文件: D:\my-vue-project\wind-power-forecast\backend\auto_scripts\precsv\shortcsv\20250325.csv，等待 30 秒后重试...
2025-03-25 05:47:46,416 - ❌ 未找到预测 CSV 文件: D:\my-vue-project\wind-power-forecast\backend\auto_scripts\precsv\shortcsv\20250325.csv，等待 30 秒后重试...
2025-03-25 05:48:16,432 - ❌ 未找到预测 CSV 文件: D:\my-vue-project\wind-power-forecast\backend\auto_scripts\precsv\shortcsv\20250325.csv，等待 30 秒后重试...
2025-03-25 05:48:46,435 - ❌ 未找到预测 CSV 文件: D:\my-vue-project\wind-power-forecast\backend\auto_scripts\precsv\shortcsv\20250325.csv，等待 30 秒后重试...
2025-03-25 05:49:16,449 - ❌ 未找到预测 CSV 文件: D:\my-vue-project\wind-power-forecast\backend\auto_scripts\precsv\shortcsv\20250325.csv，等待 30 秒后重试...
2025-03-25 05:49:46,459 - ❌ 未找到预测 CSV 文件: D:\my-vue-project\wind-power-forecast\backend\auto_scripts\precsv\shortcsv\20250325.csv，等待 30 秒后重试...
2025-03-25 05:50:16,475 - ❌ 未找到预测 CSV 文件: D:\my-vue-project\wind-power-forecast\backend\auto_scripts\precsv\shortcsv\20250325.csv，等待 30 秒后重试...
2025-03-25 05:50:46,476 - ❌ 未找到预测 CSV 文件: D:\my-vue-project\wind-power-forecast\backend\auto_scripts\precsv\shortcsv\20250325.csv，等待 30 秒后重试...
2025-03-25 05:51:16,486 - ❌ 未找到预测 CSV 文件: D:\my-vue-project\wind-power-forecast\backend\auto_scripts\precsv\shortcsv\20250325.csv，等待 30 秒后重试...
2025-03-25 05:51:46,496 - ❌ 未找到预测 CSV 文件: D:\my-vue-project\wind-power-forecast\backend\auto_scripts\precsv\shortcsv\20250325.csv，等待 30 秒后重试...
2025-03-25 05:52:16,510 - ❌ 未找到预测 CSV 文件: D:\my-vue-project\wind-power-forecast\backend\auto_scripts\precsv\shortcsv\20250325.csv，等待 30 秒后重试...
2025-03-25 05:52:46,517 - ❌ 未找到预测 CSV 文件: D:\my-vue-project\wind-power-forecast\backend\auto_scripts\precsv\shortcsv\20250325.csv，等待 30 秒后重试...
2025-03-25 05:53:16,520 - ❌ 未找到预测 CSV 文件: D:\my-vue-project\wind-power-forecast\backend\auto_scripts\precsv\shortcsv\20250325.csv，等待 30 秒后重试...
2025-03-25 05:53:46,533 - ❌ 未找到预测 CSV 文件: D:\my-vue-project\wind-power-forecast\backend\auto_scripts\precsv\shortcsv\20250325.csv，等待 30 秒后重试...
2025-03-25 05:54:16,548 - ❌ 未找到预测 CSV 文件: D:\my-vue-project\wind-power-forecast\backend\auto_scripts\precsv\shortcsv\20250325.csv，等待 30 秒后重试...
2025-03-25 05:54:46,558 - ❌ 未找到预测 CSV 文件: D:\my-vue-project\wind-power-forecast\backend\auto_scripts\precsv\shortcsv\20250325.csv，等待 30 秒后重试...
2025-03-25 05:55:16,574 - ❌ 未找到预测 CSV 文件: D:\my-vue-project\wind-power-forecast\backend\auto_scripts\precsv\shortcsv\20250325.csv，等待 30 秒后重试...
2025-03-25 05:55:46,586 - ❌ 未找到预测 CSV 文件: D:\my-vue-project\wind-power-forecast\backend\auto_scripts\precsv\shortcsv\20250325.csv，等待 30 秒后重试...
2025-03-25 05:56:16,597 - ❌ 未找到预测 CSV 文件: D:\my-vue-project\wind-power-forecast\backend\auto_scripts\precsv\shortcsv\20250325.csv，等待 30 秒后重试...
2025-03-25 05:56:46,602 - ❌ 未找到预测 CSV 文件: D:\my-vue-project\wind-power-forecast\backend\auto_scripts\precsv\shortcsv\20250325.csv，等待 30 秒后重试...
2025-03-25 05:57:16,610 - ❌ 未找到预测 CSV 文件: D:\my-vue-project\wind-power-forecast\backend\auto_scripts\precsv\shortcsv\20250325.csv，等待 30 秒后重试...
2025-03-25 05:57:46,624 - ❌ 未找到预测 CSV 文件: D:\my-vue-project\wind-power-forecast\backend\auto_scripts\precsv\shortcsv\20250325.csv，等待 30 秒后重试...
2025-03-25 05:58:16,637 - ❌ 未找到预测 CSV 文件: D:\my-vue-project\wind-power-forecast\backend\auto_scripts\precsv\shortcsv\20250325.csv，等待 30 秒后重试...
2025-03-25 05:58:46,653 - ❌ 未找到预测 CSV 文件: D:\my-vue-project\wind-power-forecast\backend\auto_scripts\precsv\shortcsv\20250325.csv，等待 30 秒后重试...
2025-03-25 05:59:16,663 - ❌ 未找到预测 CSV 文件: D:\my-vue-project\wind-power-forecast\backend\auto_scripts\precsv\shortcsv\20250325.csv，等待 30 秒后重试...
2025-03-25 05:59:46,672 - ❌ 未找到预测 CSV 文件: D:\my-vue-project\wind-power-forecast\backend\auto_scripts\precsv\shortcsv\20250325.csv，等待 30 秒后重试...
2025-03-25 06:00:16,678 - ❌ 未找到预测 CSV 文件: D:\my-vue-project\wind-power-forecast\backend\auto_scripts\precsv\shortcsv\20250325.csv，等待 30 秒后重试...
2025-03-25 06:00:46,692 - ❌ 未找到预测 CSV 文件: D:\my-vue-project\wind-power-forecast\backend\auto_scripts\precsv\shortcsv\20250325.csv，等待 30 秒后重试...
2025-03-25 06:01:16,698 - ❌ 未找到预测 CSV 文件: D:\my-vue-project\wind-power-forecast\backend\auto_scripts\precsv\shortcsv\20250325.csv，等待 30 秒后重试...
2025-03-25 06:01:46,714 - ❌ 未找到预测 CSV 文件: D:\my-vue-project\wind-power-forecast\backend\auto_scripts\precsv\shortcsv\20250325.csv，等待 30 秒后重试...
2025-03-25 06:02:16,729 - ❌ 未找到预测 CSV 文件: D:\my-vue-project\wind-power-forecast\backend\auto_scripts\precsv\shortcsv\20250325.csv，等待 30 秒后重试...
2025-03-25 06:02:46,743 - ❌ 未找到预测 CSV 文件: D:\my-vue-project\wind-power-forecast\backend\auto_scripts\precsv\shortcsv\20250325.csv，等待 30 秒后重试...
2025-03-25 06:03:16,754 - ❌ 未找到预测 CSV 文件: D:\my-vue-project\wind-power-forecast\backend\auto_scripts\precsv\shortcsv\20250325.csv，等待 30 秒后重试...
2025-03-25 06:03:46,765 - ❌ 未找到预测 CSV 文件: D:\my-vue-project\wind-power-forecast\backend\auto_scripts\precsv\shortcsv\20250325.csv，等待 30 秒后重试...
2025-03-25 06:04:16,774 - ❌ 未找到预测 CSV 文件: D:\my-vue-project\wind-power-forecast\backend\auto_scripts\precsv\shortcsv\20250325.csv，等待 30 秒后重试...
2025-03-25 06:04:46,786 - ❌ 未找到预测 CSV 文件: D:\my-vue-project\wind-power-forecast\backend\auto_scripts\precsv\shortcsv\20250325.csv，等待 30 秒后重试...
2025-03-25 06:05:16,796 - ❌ 未找到预测 CSV 文件: D:\my-vue-project\wind-power-forecast\backend\auto_scripts\precsv\shortcsv\20250325.csv，等待 30 秒后重试...
2025-03-25 06:05:46,805 - ❌ 未找到预测 CSV 文件: D:\my-vue-project\wind-power-forecast\backend\auto_scripts\precsv\shortcsv\20250325.csv，等待 30 秒后重试...
2025-03-25 06:06:16,817 - ❌ 未找到预测 CSV 文件: D:\my-vue-project\wind-power-forecast\backend\auto_scripts\precsv\shortcsv\20250325.csv，等待 30 秒后重试...
2025-03-25 06:06:46,825 - ❌ 未找到预测 CSV 文件: D:\my-vue-project\wind-power-forecast\backend\auto_scripts\precsv\shortcsv\20250325.csv，等待 30 秒后重试...
2025-03-25 06:07:16,836 - ❌ 未找到预测 CSV 文件: D:\my-vue-project\wind-power-forecast\backend\auto_scripts\precsv\shortcsv\20250325.csv，等待 30 秒后重试...
2025-03-25 06:07:46,845 - ❌ 未找到预测 CSV 文件: D:\my-vue-project\wind-power-forecast\backend\auto_scripts\precsv\shortcsv\20250325.csv，等待 30 秒后重试...
2025-03-25 06:08:16,856 - ❌ 未找到预测 CSV 文件: D:\my-vue-project\wind-power-forecast\backend\auto_scripts\precsv\shortcsv\20250325.csv，等待 30 秒后重试...
2025-03-25 06:08:46,865 - ❌ 未找到预测 CSV 文件: D:\my-vue-project\wind-power-forecast\backend\auto_scripts\precsv\shortcsv\20250325.csv，等待 30 秒后重试...
2025-03-25 06:09:16,875 - ❌ 未找到预测 CSV 文件: D:\my-vue-project\wind-power-forecast\backend\auto_scripts\precsv\shortcsv\20250325.csv，等待 30 秒后重试...
2025-03-25 06:09:46,885 - ❌ 未找到预测 CSV 文件: D:\my-vue-project\wind-power-forecast\backend\auto_scripts\precsv\shortcsv\20250325.csv，等待 30 秒后重试...
2025-03-25 06:10:16,891 - ❌ 未找到预测 CSV 文件: D:\my-vue-project\wind-power-forecast\backend\auto_scripts\precsv\shortcsv\20250325.csv，等待 30 秒后重试...
2025-03-25 06:10:46,906 - ❌ 未找到预测 CSV 文件: D:\my-vue-project\wind-power-forecast\backend\auto_scripts\precsv\shortcsv\20250325.csv，等待 30 秒后重试...
2025-03-25 06:11:16,917 - ❌ 未找到预测 CSV 文件: D:\my-vue-project\wind-power-forecast\backend\auto_scripts\precsv\shortcsv\20250325.csv，等待 30 秒后重试...
2025-03-25 06:11:46,928 - ❌ 未找到预测 CSV 文件: D:\my-vue-project\wind-power-forecast\backend\auto_scripts\precsv\shortcsv\20250325.csv，等待 30 秒后重试...
2025-03-25 06:12:16,939 - ❌ 未找到预测 CSV 文件: D:\my-vue-project\wind-power-forecast\backend\auto_scripts\precsv\shortcsv\20250325.csv，等待 30 秒后重试...
2025-03-25 06:12:46,945 - ❌ 未找到预测 CSV 文件: D:\my-vue-project\wind-power-forecast\backend\auto_scripts\precsv\shortcsv\20250325.csv，等待 30 秒后重试...
2025-03-25 06:13:16,960 - ❌ 未找到预测 CSV 文件: D:\my-vue-project\wind-power-forecast\backend\auto_scripts\precsv\shortcsv\20250325.csv，等待 30 秒后重试...
2025-03-25 06:13:46,973 - ❌ 未找到预测 CSV 文件: D:\my-vue-project\wind-power-forecast\backend\auto_scripts\precsv\shortcsv\20250325.csv，等待 30 秒后重试...
2025-03-25 06:14:16,987 - ❌ 未找到预测 CSV 文件: D:\my-vue-project\wind-power-forecast\backend\auto_scripts\precsv\shortcsv\20250325.csv，等待 30 秒后重试...
2025-03-25 06:14:46,995 - ❌ 未找到预测 CSV 文件: D:\my-vue-project\wind-power-forecast\backend\auto_scripts\precsv\shortcsv\20250325.csv，等待 30 秒后重试...
2025-03-25 06:15:17,008 - ❌ 未找到预测 CSV 文件: D:\my-vue-project\wind-power-forecast\backend\auto_scripts\precsv\shortcsv\20250325.csv，等待 30 秒后重试...
2025-03-25 06:15:47,013 - ❌ 未找到预测 CSV 文件: D:\my-vue-project\wind-power-forecast\backend\auto_scripts\precsv\shortcsv\20250325.csv，等待 30 秒后重试...
2025-03-25 06:16:17,020 - ❌ 未找到预测 CSV 文件: D:\my-vue-project\wind-power-forecast\backend\auto_scripts\precsv\shortcsv\20250325.csv，等待 30 秒后重试...
2025-03-25 06:16:47,022 - ❌ 未找到预测 CSV 文件: D:\my-vue-project\wind-power-forecast\backend\auto_scripts\precsv\shortcsv\20250325.csv，等待 30 秒后重试...
2025-03-25 06:17:17,028 - ❌ 未找到预测 CSV 文件: D:\my-vue-project\wind-power-forecast\backend\auto_scripts\precsv\shortcsv\20250325.csv，等待 30 秒后重试...
2025-03-25 06:17:47,033 - ❌ 未找到预测 CSV 文件: D:\my-vue-project\wind-power-forecast\backend\auto_scripts\precsv\shortcsv\20250325.csv，等待 30 秒后重试...
2025-03-25 06:18:17,039 - ❌ 未找到预测 CSV 文件: D:\my-vue-project\wind-power-forecast\backend\auto_scripts\precsv\shortcsv\20250325.csv，等待 30 秒后重试...
2025-03-25 06:18:47,043 - ❌ 未找到预测 CSV 文件: D:\my-vue-project\wind-power-forecast\backend\auto_scripts\precsv\shortcsv\20250325.csv，等待 30 秒后重试...
2025-03-25 06:19:17,046 - ❌ 未找到预测 CSV 文件: D:\my-vue-project\wind-power-forecast\backend\auto_scripts\precsv\shortcsv\20250325.csv，等待 30 秒后重试...
2025-03-25 06:19:47,061 - ❌ 未找到预测 CSV 文件: D:\my-vue-project\wind-power-forecast\backend\auto_scripts\precsv\shortcsv\20250325.csv，等待 30 秒后重试...
2025-03-25 06:20:17,068 - ❌ 未找到预测 CSV 文件: D:\my-vue-project\wind-power-forecast\backend\auto_scripts\precsv\shortcsv\20250325.csv，等待 30 秒后重试...
2025-03-25 06:20:47,084 - ❌ 未找到预测 CSV 文件: D:\my-vue-project\wind-power-forecast\backend\auto_scripts\precsv\shortcsv\20250325.csv，等待 30 秒后重试...
2025-03-25 06:21:17,094 - ❌ 未找到预测 CSV 文件: D:\my-vue-project\wind-power-forecast\backend\auto_scripts\precsv\shortcsv\20250325.csv，等待 30 秒后重试...
2025-03-25 06:21:47,103 - ❌ 未找到预测 CSV 文件: D:\my-vue-project\wind-power-forecast\backend\auto_scripts\precsv\shortcsv\20250325.csv，等待 30 秒后重试...
2025-03-25 06:22:17,108 - ❌ 未找到预测 CSV 文件: D:\my-vue-project\wind-power-forecast\backend\auto_scripts\precsv\shortcsv\20250325.csv，等待 30 秒后重试...
2025-03-25 06:22:47,121 - ❌ 未找到预测 CSV 文件: D:\my-vue-project\wind-power-forecast\backend\auto_scripts\precsv\shortcsv\20250325.csv，等待 30 秒后重试...
2025-03-25 06:23:17,134 - ❌ 未找到预测 CSV 文件: D:\my-vue-project\wind-power-forecast\backend\auto_scripts\precsv\shortcsv\20250325.csv，等待 30 秒后重试...
2025-03-25 06:23:47,144 - ❌ 未找到预测 CSV 文件: D:\my-vue-project\wind-power-forecast\backend\auto_scripts\precsv\shortcsv\20250325.csv，等待 30 秒后重试...
2025-03-25 06:24:17,150 - ❌ 未找到预测 CSV 文件: D:\my-vue-project\wind-power-forecast\backend\auto_scripts\precsv\shortcsv\20250325.csv，等待 30 秒后重试...
2025-03-25 06:24:47,151 - ❌ 未找到预测 CSV 文件: D:\my-vue-project\wind-power-forecast\backend\auto_scripts\precsv\shortcsv\20250325.csv，等待 30 秒后重试...
2025-03-25 06:25:17,163 - ❌ 未找到预测 CSV 文件: D:\my-vue-project\wind-power-forecast\backend\auto_scripts\precsv\shortcsv\20250325.csv，等待 30 秒后重试...
2025-03-25 06:25:47,172 - ❌ 未找到预测 CSV 文件: D:\my-vue-project\wind-power-forecast\backend\auto_scripts\precsv\shortcsv\20250325.csv，等待 30 秒后重试...
2025-03-25 06:26:17,189 - ❌ 未找到预测 CSV 文件: D:\my-vue-project\wind-power-forecast\backend\auto_scripts\precsv\shortcsv\20250325.csv，等待 30 秒后重试...
2025-03-25 06:26:47,199 - ❌ 未找到预测 CSV 文件: D:\my-vue-project\wind-power-forecast\backend\auto_scripts\precsv\shortcsv\20250325.csv，等待 30 秒后重试...
2025-03-25 06:27:17,208 - ❌ 未找到预测 CSV 文件: D:\my-vue-project\wind-power-forecast\backend\auto_scripts\precsv\shortcsv\20250325.csv，等待 30 秒后重试...
2025-03-25 06:27:47,224 - ❌ 未找到预测 CSV 文件: D:\my-vue-project\wind-power-forecast\backend\auto_scripts\precsv\shortcsv\20250325.csv，等待 30 秒后重试...
2025-03-25 06:28:17,230 - ❌ 未找到预测 CSV 文件: D:\my-vue-project\wind-power-forecast\backend\auto_scripts\precsv\shortcsv\20250325.csv，等待 30 秒后重试...
2025-03-25 06:28:47,236 - ❌ 未找到预测 CSV 文件: D:\my-vue-project\wind-power-forecast\backend\auto_scripts\precsv\shortcsv\20250325.csv，等待 30 秒后重试...
2025-03-25 06:29:17,249 - ❌ 未找到预测 CSV 文件: D:\my-vue-project\wind-power-forecast\backend\auto_scripts\precsv\shortcsv\20250325.csv，等待 30 秒后重试...
2025-03-25 06:29:47,253 - ❌ 未找到预测 CSV 文件: D:\my-vue-project\wind-power-forecast\backend\auto_scripts\precsv\shortcsv\20250325.csv，等待 30 秒后重试...
2025-03-25 06:30:17,258 - ❌ 未找到预测 CSV 文件: D:\my-vue-project\wind-power-forecast\backend\auto_scripts\precsv\shortcsv\20250325.csv，等待 30 秒后重试...
2025-03-25 06:30:47,265 - ❌ 未找到预测 CSV 文件: D:\my-vue-project\wind-power-forecast\backend\auto_scripts\precsv\shortcsv\20250325.csv，等待 30 秒后重试...
2025-03-25 06:31:17,279 - ❌ 未找到预测 CSV 文件: D:\my-vue-project\wind-power-forecast\backend\auto_scripts\precsv\shortcsv\20250325.csv，等待 30 秒后重试...
2025-03-25 06:31:47,290 - ❌ 未找到预测 CSV 文件: D:\my-vue-project\wind-power-forecast\backend\auto_scripts\precsv\shortcsv\20250325.csv，等待 30 秒后重试...
2025-03-25 06:32:17,298 - ❌ 未找到预测 CSV 文件: D:\my-vue-project\wind-power-forecast\backend\auto_scripts\precsv\shortcsv\20250325.csv，等待 30 秒后重试...
2025-03-25 06:32:47,304 - ❌ 未找到预测 CSV 文件: D:\my-vue-project\wind-power-forecast\backend\auto_scripts\precsv\shortcsv\20250325.csv，等待 30 秒后重试...
2025-03-25 06:33:17,314 - ❌ 未找到预测 CSV 文件: D:\my-vue-project\wind-power-forecast\backend\auto_scripts\precsv\shortcsv\20250325.csv，等待 30 秒后重试...
2025-03-25 06:33:47,327 - ❌ 未找到预测 CSV 文件: D:\my-vue-project\wind-power-forecast\backend\auto_scripts\precsv\shortcsv\20250325.csv，等待 30 秒后重试...
2025-03-25 06:34:17,336 - ❌ 未找到预测 CSV 文件: D:\my-vue-project\wind-power-forecast\backend\auto_scripts\precsv\shortcsv\20250325.csv，等待 30 秒后重试...
2025-03-25 06:34:47,353 - ❌ 未找到预测 CSV 文件: D:\my-vue-project\wind-power-forecast\backend\auto_scripts\precsv\shortcsv\20250325.csv，等待 30 秒后重试...
2025-03-25 06:35:17,360 - ❌ 未找到预测 CSV 文件: D:\my-vue-project\wind-power-forecast\backend\auto_scripts\precsv\shortcsv\20250325.csv，等待 30 秒后重试...
2025-03-25 06:35:47,373 - ❌ 未找到预测 CSV 文件: D:\my-vue-project\wind-power-forecast\backend\auto_scripts\precsv\shortcsv\20250325.csv，等待 30 秒后重试...
2025-03-25 06:36:17,387 - ❌ 未找到预测 CSV 文件: D:\my-vue-project\wind-power-forecast\backend\auto_scripts\precsv\shortcsv\20250325.csv，等待 30 秒后重试...
2025-03-25 06:36:47,399 - ❌ 未找到预测 CSV 文件: D:\my-vue-project\wind-power-forecast\backend\auto_scripts\precsv\shortcsv\20250325.csv，等待 30 秒后重试...
2025-03-25 06:37:17,415 - ❌ 未找到预测 CSV 文件: D:\my-vue-project\wind-power-forecast\backend\auto_scripts\precsv\shortcsv\20250325.csv，等待 30 秒后重试...
2025-03-25 06:37:47,428 - ❌ 未找到预测 CSV 文件: D:\my-vue-project\wind-power-forecast\backend\auto_scripts\precsv\shortcsv\20250325.csv，等待 30 秒后重试...
2025-03-25 06:38:17,439 - ❌ 未找到预测 CSV 文件: D:\my-vue-project\wind-power-forecast\backend\auto_scripts\precsv\shortcsv\20250325.csv，等待 30 秒后重试...
2025-03-25 06:38:47,454 - ❌ 未找到预测 CSV 文件: D:\my-vue-project\wind-power-forecast\backend\auto_scripts\precsv\shortcsv\20250325.csv，等待 30 秒后重试...
2025-03-25 06:39:17,471 - ❌ 未找到预测 CSV 文件: D:\my-vue-project\wind-power-forecast\backend\auto_scripts\precsv\shortcsv\20250325.csv，等待 30 秒后重试...
2025-03-25 06:39:47,489 - ❌ 未找到预测 CSV 文件: D:\my-vue-project\wind-power-forecast\backend\auto_scripts\precsv\shortcsv\20250325.csv，等待 30 秒后重试...
2025-03-25 06:40:17,497 - ❌ 未找到预测 CSV 文件: D:\my-vue-project\wind-power-forecast\backend\auto_scripts\precsv\shortcsv\20250325.csv，等待 30 秒后重试...
2025-03-25 06:40:47,509 - ❌ 未找到预测 CSV 文件: D:\my-vue-project\wind-power-forecast\backend\auto_scripts\precsv\shortcsv\20250325.csv，等待 30 秒后重试...
2025-03-25 06:41:17,517 - ❌ 未找到预测 CSV 文件: D:\my-vue-project\wind-power-forecast\backend\auto_scripts\precsv\shortcsv\20250325.csv，等待 30 秒后重试...
2025-03-25 06:41:47,534 - ❌ 未找到预测 CSV 文件: D:\my-vue-project\wind-power-forecast\backend\auto_scripts\precsv\shortcsv\20250325.csv，等待 30 秒后重试...
2025-03-25 06:42:17,542 - ❌ 未找到预测 CSV 文件: D:\my-vue-project\wind-power-forecast\backend\auto_scripts\precsv\shortcsv\20250325.csv，等待 30 秒后重试...
2025-03-25 06:42:47,553 - ❌ 未找到预测 CSV 文件: D:\my-vue-project\wind-power-forecast\backend\auto_scripts\precsv\shortcsv\20250325.csv，等待 30 秒后重试...
2025-03-25 06:43:17,564 - ❌ 未找到预测 CSV 文件: D:\my-vue-project\wind-power-forecast\backend\auto_scripts\precsv\shortcsv\20250325.csv，等待 30 秒后重试...
2025-03-25 06:43:47,576 - ❌ 未找到预测 CSV 文件: D:\my-vue-project\wind-power-forecast\backend\auto_scripts\precsv\shortcsv\20250325.csv，等待 30 秒后重试...
2025-03-25 06:44:17,590 - ❌ 未找到预测 CSV 文件: D:\my-vue-project\wind-power-forecast\backend\auto_scripts\precsv\shortcsv\20250325.csv，等待 30 秒后重试...
2025-03-25 06:44:47,599 - ❌ 未找到预测 CSV 文件: D:\my-vue-project\wind-power-forecast\backend\auto_scripts\precsv\shortcsv\20250325.csv，等待 30 秒后重试...
2025-03-25 06:45:17,614 - ❌ 未找到预测 CSV 文件: D:\my-vue-project\wind-power-forecast\backend\auto_scripts\precsv\shortcsv\20250325.csv，等待 30 秒后重试...
2025-03-25 06:45:47,619 - ❌ 未找到预测 CSV 文件: D:\my-vue-project\wind-power-forecast\backend\auto_scripts\precsv\shortcsv\20250325.csv，等待 30 秒后重试...
2025-03-25 06:46:17,631 - ❌ 未找到预测 CSV 文件: D:\my-vue-project\wind-power-forecast\backend\auto_scripts\precsv\shortcsv\20250325.csv，等待 30 秒后重试...
2025-03-25 06:46:47,633 - ❌ 未找到预测 CSV 文件: D:\my-vue-project\wind-power-forecast\backend\auto_scripts\precsv\shortcsv\20250325.csv，等待 30 秒后重试...
2025-03-25 06:47:17,641 - ❌ 未找到预测 CSV 文件: D:\my-vue-project\wind-power-forecast\backend\auto_scripts\precsv\shortcsv\20250325.csv，等待 30 秒后重试...
2025-03-25 06:47:47,643 - ❌ 未找到预测 CSV 文件: D:\my-vue-project\wind-power-forecast\backend\auto_scripts\precsv\shortcsv\20250325.csv，等待 30 秒后重试...
2025-03-25 06:48:17,650 - ❌ 未找到预测 CSV 文件: D:\my-vue-project\wind-power-forecast\backend\auto_scripts\precsv\shortcsv\20250325.csv，等待 30 秒后重试...
2025-03-25 06:48:47,663 - ❌ 未找到预测 CSV 文件: D:\my-vue-project\wind-power-forecast\backend\auto_scripts\precsv\shortcsv\20250325.csv，等待 30 秒后重试...
2025-03-25 06:49:17,675 - ❌ 未找到预测 CSV 文件: D:\my-vue-project\wind-power-forecast\backend\auto_scripts\precsv\shortcsv\20250325.csv，等待 30 秒后重试...
2025-03-25 06:49:47,680 - ❌ 未找到预测 CSV 文件: D:\my-vue-project\wind-power-forecast\backend\auto_scripts\precsv\shortcsv\20250325.csv，等待 30 秒后重试...
2025-03-25 06:50:17,693 - ❌ 未找到预测 CSV 文件: D:\my-vue-project\wind-power-forecast\backend\auto_scripts\precsv\shortcsv\20250325.csv，等待 30 秒后重试...
2025-03-25 06:50:47,704 - ❌ 未找到预测 CSV 文件: D:\my-vue-project\wind-power-forecast\backend\auto_scripts\precsv\shortcsv\20250325.csv，等待 30 秒后重试...
2025-03-25 06:51:17,712 - ❌ 未找到预测 CSV 文件: D:\my-vue-project\wind-power-forecast\backend\auto_scripts\precsv\shortcsv\20250325.csv，等待 30 秒后重试...
2025-03-25 06:51:47,723 - ❌ 未找到预测 CSV 文件: D:\my-vue-project\wind-power-forecast\backend\auto_scripts\precsv\shortcsv\20250325.csv，等待 30 秒后重试...
2025-03-25 06:52:17,728 - ❌ 未找到预测 CSV 文件: D:\my-vue-project\wind-power-forecast\backend\auto_scripts\precsv\shortcsv\20250325.csv，等待 30 秒后重试...
2025-03-25 06:52:47,730 - ❌ 未找到预测 CSV 文件: D:\my-vue-project\wind-power-forecast\backend\auto_scripts\precsv\shortcsv\20250325.csv，等待 30 秒后重试...
2025-03-25 06:53:17,739 - ❌ 未找到预测 CSV 文件: D:\my-vue-project\wind-power-forecast\backend\auto_scripts\precsv\shortcsv\20250325.csv，等待 30 秒后重试...
2025-03-25 06:53:47,751 - ❌ 未找到预测 CSV 文件: D:\my-vue-project\wind-power-forecast\backend\auto_scripts\precsv\shortcsv\20250325.csv，等待 30 秒后重试...
2025-03-25 06:54:17,761 - ❌ 未找到预测 CSV 文件: D:\my-vue-project\wind-power-forecast\backend\auto_scripts\precsv\shortcsv\20250325.csv，等待 30 秒后重试...
2025-03-25 06:54:47,775 - ❌ 未找到预测 CSV 文件: D:\my-vue-project\wind-power-forecast\backend\auto_scripts\precsv\shortcsv\20250325.csv，等待 30 秒后重试...
2025-03-25 06:55:17,791 - ❌ 未找到预测 CSV 文件: D:\my-vue-project\wind-power-forecast\backend\auto_scripts\precsv\shortcsv\20250325.csv，等待 30 秒后重试...
2025-03-25 06:55:47,804 - ❌ 未找到预测 CSV 文件: D:\my-vue-project\wind-power-forecast\backend\auto_scripts\precsv\shortcsv\20250325.csv，等待 30 秒后重试...
2025-03-25 06:56:17,813 - ❌ 未找到预测 CSV 文件: D:\my-vue-project\wind-power-forecast\backend\auto_scripts\precsv\shortcsv\20250325.csv，等待 30 秒后重试...
2025-03-25 06:56:47,817 - ❌ 未找到预测 CSV 文件: D:\my-vue-project\wind-power-forecast\backend\auto_scripts\precsv\shortcsv\20250325.csv，等待 30 秒后重试...
2025-03-25 06:57:17,823 - ❌ 未找到预测 CSV 文件: D:\my-vue-project\wind-power-forecast\backend\auto_scripts\precsv\shortcsv\20250325.csv，等待 30 秒后重试...
2025-03-25 06:57:47,832 - ❌ 未找到预测 CSV 文件: D:\my-vue-project\wind-power-forecast\backend\auto_scripts\precsv\shortcsv\20250325.csv，等待 30 秒后重试...
2025-03-25 06:58:17,839 - ❌ 未找到预测 CSV 文件: D:\my-vue-project\wind-power-forecast\backend\auto_scripts\precsv\shortcsv\20250325.csv，等待 30 秒后重试...
2025-03-25 06:58:47,849 - ❌ 未找到预测 CSV 文件: D:\my-vue-project\wind-power-forecast\backend\auto_scripts\precsv\shortcsv\20250325.csv，等待 30 秒后重试...
2025-03-25 06:59:17,851 - ❌ 未找到预测 CSV 文件: D:\my-vue-project\wind-power-forecast\backend\auto_scripts\precsv\shortcsv\20250325.csv，等待 30 秒后重试...
2025-03-25 06:59:47,863 - ❌ 未找到预测 CSV 文件: D:\my-vue-project\wind-power-forecast\backend\auto_scripts\precsv\shortcsv\20250325.csv，等待 30 秒后重试...
2025-03-25 07:00:17,868 - ❌ 未找到预测 CSV 文件: D:\my-vue-project\wind-power-forecast\backend\auto_scripts\precsv\shortcsv\20250325.csv，等待 30 秒后重试...
2025-03-25 07:00:47,875 - ❌ 未找到预测 CSV 文件: D:\my-vue-project\wind-power-forecast\backend\auto_scripts\precsv\shortcsv\20250325.csv，等待 30 秒后重试...
2025-03-25 07:01:17,885 - ❌ 未找到预测 CSV 文件: D:\my-vue-project\wind-power-forecast\backend\auto_scripts\precsv\shortcsv\20250325.csv，等待 30 秒后重试...
2025-03-25 07:01:47,889 - ❌ 未找到预测 CSV 文件: D:\my-vue-project\wind-power-forecast\backend\auto_scripts\precsv\shortcsv\20250325.csv，等待 30 秒后重试...
2025-03-25 07:02:17,899 - ❌ 未找到预测 CSV 文件: D:\my-vue-project\wind-power-forecast\backend\auto_scripts\precsv\shortcsv\20250325.csv，等待 30 秒后重试...
2025-03-25 07:02:47,904 - ❌ 未找到预测 CSV 文件: D:\my-vue-project\wind-power-forecast\backend\auto_scripts\precsv\shortcsv\20250325.csv，等待 30 秒后重试...
2025-03-25 07:03:17,915 - ❌ 未找到预测 CSV 文件: D:\my-vue-project\wind-power-forecast\backend\auto_scripts\precsv\shortcsv\20250325.csv，等待 30 秒后重试...
2025-03-25 07:03:47,929 - ❌ 未找到预测 CSV 文件: D:\my-vue-project\wind-power-forecast\backend\auto_scripts\precsv\shortcsv\20250325.csv，等待 30 秒后重试...
2025-03-25 07:04:17,938 - ❌ 未找到预测 CSV 文件: D:\my-vue-project\wind-power-forecast\backend\auto_scripts\precsv\shortcsv\20250325.csv，等待 30 秒后重试...
2025-03-25 07:04:47,945 - ❌ 未找到预测 CSV 文件: D:\my-vue-project\wind-power-forecast\backend\auto_scripts\precsv\shortcsv\20250325.csv，等待 30 秒后重试...
2025-03-25 07:05:17,957 - ❌ 未找到预测 CSV 文件: D:\my-vue-project\wind-power-forecast\backend\auto_scripts\precsv\shortcsv\20250325.csv，等待 30 秒后重试...
2025-03-25 07:05:47,968 - ❌ 未找到预测 CSV 文件: D:\my-vue-project\wind-power-forecast\backend\auto_scripts\precsv\shortcsv\20250325.csv，等待 30 秒后重试...
2025-03-25 07:06:17,979 - ❌ 未找到预测 CSV 文件: D:\my-vue-project\wind-power-forecast\backend\auto_scripts\precsv\shortcsv\20250325.csv，等待 30 秒后重试...
2025-03-25 07:06:47,990 - ❌ 未找到预测 CSV 文件: D:\my-vue-project\wind-power-forecast\backend\auto_scripts\precsv\shortcsv\20250325.csv，等待 30 秒后重试...
2025-03-25 07:07:17,999 - ❌ 未找到预测 CSV 文件: D:\my-vue-project\wind-power-forecast\backend\auto_scripts\precsv\shortcsv\20250325.csv，等待 30 秒后重试...
2025-03-25 07:07:48,014 - ❌ 未找到预测 CSV 文件: D:\my-vue-project\wind-power-forecast\backend\auto_scripts\precsv\shortcsv\20250325.csv，等待 30 秒后重试...
2025-03-25 07:08:18,025 - ❌ 未找到预测 CSV 文件: D:\my-vue-project\wind-power-forecast\backend\auto_scripts\precsv\shortcsv\20250325.csv，等待 30 秒后重试...
2025-03-25 07:08:48,038 - ❌ 未找到预测 CSV 文件: D:\my-vue-project\wind-power-forecast\backend\auto_scripts\precsv\shortcsv\20250325.csv，等待 30 秒后重试...
2025-03-25 07:09:18,050 - ❌ 未找到预测 CSV 文件: D:\my-vue-project\wind-power-forecast\backend\auto_scripts\precsv\shortcsv\20250325.csv，等待 30 秒后重试...
2025-03-25 07:09:48,056 - ❌ 未找到预测 CSV 文件: D:\my-vue-project\wind-power-forecast\backend\auto_scripts\precsv\shortcsv\20250325.csv，等待 30 秒后重试...
2025-03-25 07:10:18,059 - ❌ 未找到预测 CSV 文件: D:\my-vue-project\wind-power-forecast\backend\auto_scripts\precsv\shortcsv\20250325.csv，等待 30 秒后重试...
2025-03-25 07:10:48,073 - ❌ 未找到预测 CSV 文件: D:\my-vue-project\wind-power-forecast\backend\auto_scripts\precsv\shortcsv\20250325.csv，等待 30 秒后重试...
2025-03-25 07:11:18,084 - ❌ 未找到预测 CSV 文件: D:\my-vue-project\wind-power-forecast\backend\auto_scripts\precsv\shortcsv\20250325.csv，等待 30 秒后重试...
2025-03-25 07:11:48,096 - ❌ 未找到预测 CSV 文件: D:\my-vue-project\wind-power-forecast\backend\auto_scripts\precsv\shortcsv\20250325.csv，等待 30 秒后重试...
2025-03-25 07:12:18,100 - ❌ 未找到预测 CSV 文件: D:\my-vue-project\wind-power-forecast\backend\auto_scripts\precsv\shortcsv\20250325.csv，等待 30 秒后重试...
2025-03-25 07:12:48,118 - ❌ 未找到预测 CSV 文件: D:\my-vue-project\wind-power-forecast\backend\auto_scripts\precsv\shortcsv\20250325.csv，等待 30 秒后重试...
2025-03-25 07:13:18,124 - ❌ 未找到预测 CSV 文件: D:\my-vue-project\wind-power-forecast\backend\auto_scripts\precsv\shortcsv\20250325.csv，等待 30 秒后重试...
2025-03-25 07:13:48,127 - ❌ 未找到预测 CSV 文件: D:\my-vue-project\wind-power-forecast\backend\auto_scripts\precsv\shortcsv\20250325.csv，等待 30 秒后重试...
2025-03-25 07:14:18,137 - ❌ 未找到预测 CSV 文件: D:\my-vue-project\wind-power-forecast\backend\auto_scripts\precsv\shortcsv\20250325.csv，等待 30 秒后重试...
2025-03-25 07:14:48,150 - ❌ 未找到预测 CSV 文件: D:\my-vue-project\wind-power-forecast\backend\auto_scripts\precsv\shortcsv\20250325.csv，等待 30 秒后重试...
2025-03-25 07:15:18,155 - ❌ 未找到预测 CSV 文件: D:\my-vue-project\wind-power-forecast\backend\auto_scripts\precsv\shortcsv\20250325.csv，等待 30 秒后重试...
2025-03-25 07:15:48,167 - ❌ 未找到预测 CSV 文件: D:\my-vue-project\wind-power-forecast\backend\auto_scripts\precsv\shortcsv\20250325.csv，等待 30 秒后重试...
2025-03-25 07:16:18,179 - ❌ 未找到预测 CSV 文件: D:\my-vue-project\wind-power-forecast\backend\auto_scripts\precsv\shortcsv\20250325.csv，等待 30 秒后重试...
2025-03-25 07:16:48,190 - ❌ 未找到预测 CSV 文件: D:\my-vue-project\wind-power-forecast\backend\auto_scripts\precsv\shortcsv\20250325.csv，等待 30 秒后重试...
2025-03-25 07:17:18,206 - ❌ 未找到预测 CSV 文件: D:\my-vue-project\wind-power-forecast\backend\auto_scripts\precsv\shortcsv\20250325.csv，等待 30 秒后重试...
2025-03-25 07:17:48,207 - ❌ 未找到预测 CSV 文件: D:\my-vue-project\wind-power-forecast\backend\auto_scripts\precsv\shortcsv\20250325.csv，等待 30 秒后重试...
2025-03-25 07:18:18,220 - ❌ 未找到预测 CSV 文件: D:\my-vue-project\wind-power-forecast\backend\auto_scripts\precsv\shortcsv\20250325.csv，等待 30 秒后重试...
2025-03-25 07:18:48,227 - ❌ 未找到预测 CSV 文件: D:\my-vue-project\wind-power-forecast\backend\auto_scripts\precsv\shortcsv\20250325.csv，等待 30 秒后重试...
2025-03-25 07:19:18,232 - ❌ 未找到预测 CSV 文件: D:\my-vue-project\wind-power-forecast\backend\auto_scripts\precsv\shortcsv\20250325.csv，等待 30 秒后重试...
2025-03-25 07:19:48,244 - ❌ 未找到预测 CSV 文件: D:\my-vue-project\wind-power-forecast\backend\auto_scripts\precsv\shortcsv\20250325.csv，等待 30 秒后重试...
2025-03-25 07:20:18,253 - ❌ 未找到预测 CSV 文件: D:\my-vue-project\wind-power-forecast\backend\auto_scripts\precsv\shortcsv\20250325.csv，等待 30 秒后重试...
2025-03-25 07:20:48,267 - ❌ 未找到预测 CSV 文件: D:\my-vue-project\wind-power-forecast\backend\auto_scripts\precsv\shortcsv\20250325.csv，等待 30 秒后重试...
2025-03-25 07:21:18,277 - ❌ 未找到预测 CSV 文件: D:\my-vue-project\wind-power-forecast\backend\auto_scripts\precsv\shortcsv\20250325.csv，等待 30 秒后重试...
2025-03-25 07:21:48,282 - ❌ 未找到预测 CSV 文件: D:\my-vue-project\wind-power-forecast\backend\auto_scripts\precsv\shortcsv\20250325.csv，等待 30 秒后重试...
2025-03-25 07:22:18,297 - ❌ 未找到预测 CSV 文件: D:\my-vue-project\wind-power-forecast\backend\auto_scripts\precsv\shortcsv\20250325.csv，等待 30 秒后重试...
2025-03-25 07:22:48,307 - ❌ 未找到预测 CSV 文件: D:\my-vue-project\wind-power-forecast\backend\auto_scripts\precsv\shortcsv\20250325.csv，等待 30 秒后重试...
2025-03-25 07:23:18,310 - ❌ 未找到预测 CSV 文件: D:\my-vue-project\wind-power-forecast\backend\auto_scripts\precsv\shortcsv\20250325.csv，等待 30 秒后重试...
2025-03-25 07:23:48,324 - ❌ 未找到预测 CSV 文件: D:\my-vue-project\wind-power-forecast\backend\auto_scripts\precsv\shortcsv\20250325.csv，等待 30 秒后重试...
2025-03-25 07:24:18,330 - ❌ 未找到预测 CSV 文件: D:\my-vue-project\wind-power-forecast\backend\auto_scripts\precsv\shortcsv\20250325.csv，等待 30 秒后重试...
2025-03-25 07:24:48,345 - ❌ 未找到预测 CSV 文件: D:\my-vue-project\wind-power-forecast\backend\auto_scripts\precsv\shortcsv\20250325.csv，等待 30 秒后重试...
2025-03-25 07:25:18,355 - ❌ 未找到预测 CSV 文件: D:\my-vue-project\wind-power-forecast\backend\auto_scripts\precsv\shortcsv\20250325.csv，等待 30 秒后重试...
2025-03-25 07:25:48,368 - ❌ 未找到预测 CSV 文件: D:\my-vue-project\wind-power-forecast\backend\auto_scripts\precsv\shortcsv\20250325.csv，等待 30 秒后重试...
2025-03-25 07:26:18,375 - ❌ 未找到预测 CSV 文件: D:\my-vue-project\wind-power-forecast\backend\auto_scripts\precsv\shortcsv\20250325.csv，等待 30 秒后重试...
2025-03-25 07:26:48,381 - ❌ 未找到预测 CSV 文件: D:\my-vue-project\wind-power-forecast\backend\auto_scripts\precsv\shortcsv\20250325.csv，等待 30 秒后重试...
2025-03-25 07:27:18,384 - ❌ 未找到预测 CSV 文件: D:\my-vue-project\wind-power-forecast\backend\auto_scripts\precsv\shortcsv\20250325.csv，等待 30 秒后重试...
2025-03-25 07:27:48,386 - ❌ 未找到预测 CSV 文件: D:\my-vue-project\wind-power-forecast\backend\auto_scripts\precsv\shortcsv\20250325.csv，等待 30 秒后重试...
2025-03-25 07:28:18,398 - ❌ 未找到预测 CSV 文件: D:\my-vue-project\wind-power-forecast\backend\auto_scripts\precsv\shortcsv\20250325.csv，等待 30 秒后重试...
2025-03-25 07:28:48,399 - ❌ 未找到预测 CSV 文件: D:\my-vue-project\wind-power-forecast\backend\auto_scripts\precsv\shortcsv\20250325.csv，等待 30 秒后重试...
2025-03-25 07:29:18,404 - ❌ 未找到预测 CSV 文件: D:\my-vue-project\wind-power-forecast\backend\auto_scripts\precsv\shortcsv\20250325.csv，等待 30 秒后重试...
2025-03-25 07:29:48,420 - ❌ 未找到预测 CSV 文件: D:\my-vue-project\wind-power-forecast\backend\auto_scripts\precsv\shortcsv\20250325.csv，等待 30 秒后重试...
2025-03-25 07:30:18,433 - ❌ 未找到预测 CSV 文件: D:\my-vue-project\wind-power-forecast\backend\auto_scripts\precsv\shortcsv\20250325.csv，等待 30 秒后重试...
2025-03-25 07:30:48,437 - ❌ 未找到预测 CSV 文件: D:\my-vue-project\wind-power-forecast\backend\auto_scripts\precsv\shortcsv\20250325.csv，等待 30 秒后重试...
2025-03-25 07:31:18,450 - ❌ 未找到预测 CSV 文件: D:\my-vue-project\wind-power-forecast\backend\auto_scripts\precsv\shortcsv\20250325.csv，等待 30 秒后重试...
2025-03-25 07:31:48,456 - ❌ 未找到预测 CSV 文件: D:\my-vue-project\wind-power-forecast\backend\auto_scripts\precsv\shortcsv\20250325.csv，等待 30 秒后重试...
2025-03-25 07:32:18,458 - ❌ 未找到预测 CSV 文件: D:\my-vue-project\wind-power-forecast\backend\auto_scripts\precsv\shortcsv\20250325.csv，等待 30 秒后重试...
2025-03-25 07:32:48,468 - ❌ 未找到预测 CSV 文件: D:\my-vue-project\wind-power-forecast\backend\auto_scripts\precsv\shortcsv\20250325.csv，等待 30 秒后重试...
2025-03-25 07:33:18,479 - ❌ 未找到预测 CSV 文件: D:\my-vue-project\wind-power-forecast\backend\auto_scripts\precsv\shortcsv\20250325.csv，等待 30 秒后重试...
2025-03-25 07:33:48,481 - ❌ 未找到预测 CSV 文件: D:\my-vue-project\wind-power-forecast\backend\auto_scripts\precsv\shortcsv\20250325.csv，等待 30 秒后重试...
2025-03-25 07:34:18,487 - ❌ 未找到预测 CSV 文件: D:\my-vue-project\wind-power-forecast\backend\auto_scripts\precsv\shortcsv\20250325.csv，等待 30 秒后重试...
2025-03-25 07:34:48,499 - ❌ 未找到预测 CSV 文件: D:\my-vue-project\wind-power-forecast\backend\auto_scripts\precsv\shortcsv\20250325.csv，等待 30 秒后重试...
2025-03-25 07:35:18,503 - ❌ 未找到预测 CSV 文件: D:\my-vue-project\wind-power-forecast\backend\auto_scripts\precsv\shortcsv\20250325.csv，等待 30 秒后重试...
2025-03-25 07:35:48,505 - ❌ 未找到预测 CSV 文件: D:\my-vue-project\wind-power-forecast\backend\auto_scripts\precsv\shortcsv\20250325.csv，等待 30 秒后重试...
2025-03-25 07:36:18,515 - ❌ 未找到预测 CSV 文件: D:\my-vue-project\wind-power-forecast\backend\auto_scripts\precsv\shortcsv\20250325.csv，等待 30 秒后重试...
2025-03-25 07:36:48,524 - ❌ 未找到预测 CSV 文件: D:\my-vue-project\wind-power-forecast\backend\auto_scripts\precsv\shortcsv\20250325.csv，等待 30 秒后重试...
2025-03-25 07:37:18,527 - ❌ 未找到预测 CSV 文件: D:\my-vue-project\wind-power-forecast\backend\auto_scripts\precsv\shortcsv\20250325.csv，等待 30 秒后重试...
2025-03-25 07:37:48,533 - ❌ 未找到预测 CSV 文件: D:\my-vue-project\wind-power-forecast\backend\auto_scripts\precsv\shortcsv\20250325.csv，等待 30 秒后重试...
2025-03-25 07:38:18,549 - ❌ 未找到预测 CSV 文件: D:\my-vue-project\wind-power-forecast\backend\auto_scripts\precsv\shortcsv\20250325.csv，等待 30 秒后重试...
2025-03-25 07:38:48,556 - ❌ 未找到预测 CSV 文件: D:\my-vue-project\wind-power-forecast\backend\auto_scripts\precsv\shortcsv\20250325.csv，等待 30 秒后重试...
2025-03-25 07:39:18,557 - ❌ 未找到预测 CSV 文件: D:\my-vue-project\wind-power-forecast\backend\auto_scripts\precsv\shortcsv\20250325.csv，等待 30 秒后重试...
2025-03-25 07:39:48,562 - ❌ 未找到预测 CSV 文件: D:\my-vue-project\wind-power-forecast\backend\auto_scripts\precsv\shortcsv\20250325.csv，等待 30 秒后重试...
2025-03-25 07:40:18,568 - ❌ 未找到预测 CSV 文件: D:\my-vue-project\wind-power-forecast\backend\auto_scripts\precsv\shortcsv\20250325.csv，等待 30 秒后重试...
2025-03-25 07:40:48,585 - ❌ 未找到预测 CSV 文件: D:\my-vue-project\wind-power-forecast\backend\auto_scripts\precsv\shortcsv\20250325.csv，等待 30 秒后重试...
2025-03-25 07:41:18,600 - ❌ 未找到预测 CSV 文件: D:\my-vue-project\wind-power-forecast\backend\auto_scripts\precsv\shortcsv\20250325.csv，等待 30 秒后重试...
2025-03-25 07:41:48,605 - ❌ 未找到预测 CSV 文件: D:\my-vue-project\wind-power-forecast\backend\auto_scripts\precsv\shortcsv\20250325.csv，等待 30 秒后重试...
2025-03-25 07:42:18,607 - ❌ 未找到预测 CSV 文件: D:\my-vue-project\wind-power-forecast\backend\auto_scripts\precsv\shortcsv\20250325.csv，等待 30 秒后重试...
2025-03-25 07:42:48,613 - ❌ 未找到预测 CSV 文件: D:\my-vue-project\wind-power-forecast\backend\auto_scripts\precsv\shortcsv\20250325.csv，等待 30 秒后重试...
2025-03-25 07:43:18,628 - ❌ 未找到预测 CSV 文件: D:\my-vue-project\wind-power-forecast\backend\auto_scripts\precsv\shortcsv\20250325.csv，等待 30 秒后重试...
2025-03-25 07:43:48,636 - ❌ 未找到预测 CSV 文件: D:\my-vue-project\wind-power-forecast\backend\auto_scripts\precsv\shortcsv\20250325.csv，等待 30 秒后重试...
2025-03-25 07:44:18,644 - ❌ 未找到预测 CSV 文件: D:\my-vue-project\wind-power-forecast\backend\auto_scripts\precsv\shortcsv\20250325.csv，等待 30 秒后重试...
2025-03-25 07:44:48,653 - ❌ 未找到预测 CSV 文件: D:\my-vue-project\wind-power-forecast\backend\auto_scripts\precsv\shortcsv\20250325.csv，等待 30 秒后重试...
2025-03-25 07:45:18,663 - ❌ 未找到预测 CSV 文件: D:\my-vue-project\wind-power-forecast\backend\auto_scripts\precsv\shortcsv\20250325.csv，等待 30 秒后重试...
2025-03-25 07:45:48,671 - ❌ 未找到预测 CSV 文件: D:\my-vue-project\wind-power-forecast\backend\auto_scripts\precsv\shortcsv\20250325.csv，等待 30 秒后重试...
2025-03-25 07:46:18,686 - ❌ 未找到预测 CSV 文件: D:\my-vue-project\wind-power-forecast\backend\auto_scripts\precsv\shortcsv\20250325.csv，等待 30 秒后重试...
2025-03-25 07:46:48,695 - ❌ 未找到预测 CSV 文件: D:\my-vue-project\wind-power-forecast\backend\auto_scripts\precsv\shortcsv\20250325.csv，等待 30 秒后重试...
2025-03-25 07:47:18,706 - ❌ 未找到预测 CSV 文件: D:\my-vue-project\wind-power-forecast\backend\auto_scripts\precsv\shortcsv\20250325.csv，等待 30 秒后重试...
2025-03-25 07:47:48,712 - ❌ 未找到预测 CSV 文件: D:\my-vue-project\wind-power-forecast\backend\auto_scripts\precsv\shortcsv\20250325.csv，等待 30 秒后重试...
2025-03-25 07:48:18,728 - ❌ 未找到预测 CSV 文件: D:\my-vue-project\wind-power-forecast\backend\auto_scripts\precsv\shortcsv\20250325.csv，等待 30 秒后重试...
2025-03-25 07:48:48,737 - ❌ 未找到预测 CSV 文件: D:\my-vue-project\wind-power-forecast\backend\auto_scripts\precsv\shortcsv\20250325.csv，等待 30 秒后重试...
2025-03-25 07:49:18,747 - ❌ 未找到预测 CSV 文件: D:\my-vue-project\wind-power-forecast\backend\auto_scripts\precsv\shortcsv\20250325.csv，等待 30 秒后重试...
2025-03-25 07:49:48,763 - ❌ 未找到预测 CSV 文件: D:\my-vue-project\wind-power-forecast\backend\auto_scripts\precsv\shortcsv\20250325.csv，等待 30 秒后重试...
2025-03-25 07:50:18,770 - ❌ 未找到预测 CSV 文件: D:\my-vue-project\wind-power-forecast\backend\auto_scripts\precsv\shortcsv\20250325.csv，等待 30 秒后重试...
2025-03-25 07:50:48,782 - ❌ 未找到预测 CSV 文件: D:\my-vue-project\wind-power-forecast\backend\auto_scripts\precsv\shortcsv\20250325.csv，等待 30 秒后重试...
2025-03-25 07:51:18,784 - ❌ 未找到预测 CSV 文件: D:\my-vue-project\wind-power-forecast\backend\auto_scripts\precsv\shortcsv\20250325.csv，等待 30 秒后重试...
2025-03-25 07:51:48,795 - ❌ 未找到预测 CSV 文件: D:\my-vue-project\wind-power-forecast\backend\auto_scripts\precsv\shortcsv\20250325.csv，等待 30 秒后重试...
2025-03-25 07:52:18,806 - ❌ 未找到预测 CSV 文件: D:\my-vue-project\wind-power-forecast\backend\auto_scripts\precsv\shortcsv\20250325.csv，等待 30 秒后重试...
2025-03-25 07:52:48,824 - ❌ 未找到预测 CSV 文件: D:\my-vue-project\wind-power-forecast\backend\auto_scripts\precsv\shortcsv\20250325.csv，等待 30 秒后重试...
2025-03-25 07:53:18,829 - ❌ 未找到预测 CSV 文件: D:\my-vue-project\wind-power-forecast\backend\auto_scripts\precsv\shortcsv\20250325.csv，等待 30 秒后重试...
2025-03-25 07:53:48,846 - ❌ 未找到预测 CSV 文件: D:\my-vue-project\wind-power-forecast\backend\auto_scripts\precsv\shortcsv\20250325.csv，等待 30 秒后重试...
2025-03-25 07:54:18,856 - ❌ 未找到预测 CSV 文件: D:\my-vue-project\wind-power-forecast\backend\auto_scripts\precsv\shortcsv\20250325.csv，等待 30 秒后重试...
2025-03-25 07:54:48,871 - ❌ 未找到预测 CSV 文件: D:\my-vue-project\wind-power-forecast\backend\auto_scripts\precsv\shortcsv\20250325.csv，等待 30 秒后重试...
2025-03-25 07:55:18,877 - ❌ 未找到预测 CSV 文件: D:\my-vue-project\wind-power-forecast\backend\auto_scripts\precsv\shortcsv\20250325.csv，等待 30 秒后重试...
2025-03-25 07:55:48,884 - ❌ 未找到预测 CSV 文件: D:\my-vue-project\wind-power-forecast\backend\auto_scripts\precsv\shortcsv\20250325.csv，等待 30 秒后重试...
2025-03-25 07:56:18,897 - ❌ 未找到预测 CSV 文件: D:\my-vue-project\wind-power-forecast\backend\auto_scripts\precsv\shortcsv\20250325.csv，等待 30 秒后重试...
2025-03-25 07:56:48,910 - ❌ 未找到预测 CSV 文件: D:\my-vue-project\wind-power-forecast\backend\auto_scripts\precsv\shortcsv\20250325.csv，等待 30 秒后重试...
2025-03-25 07:57:18,922 - ❌ 未找到预测 CSV 文件: D:\my-vue-project\wind-power-forecast\backend\auto_scripts\precsv\shortcsv\20250325.csv，等待 30 秒后重试...
2025-03-25 07:57:48,931 - ❌ 未找到预测 CSV 文件: D:\my-vue-project\wind-power-forecast\backend\auto_scripts\precsv\shortcsv\20250325.csv，等待 30 秒后重试...
2025-03-25 07:58:18,934 - ❌ 未找到预测 CSV 文件: D:\my-vue-project\wind-power-forecast\backend\auto_scripts\precsv\shortcsv\20250325.csv，等待 30 秒后重试...
2025-03-25 07:58:48,940 - ❌ 未找到预测 CSV 文件: D:\my-vue-project\wind-power-forecast\backend\auto_scripts\precsv\shortcsv\20250325.csv，等待 30 秒后重试...
2025-03-25 07:59:18,942 - ❌ 未找到预测 CSV 文件: D:\my-vue-project\wind-power-forecast\backend\auto_scripts\precsv\shortcsv\20250325.csv，等待 30 秒后重试...
2025-03-25 07:59:48,953 - ❌ 未找到预测 CSV 文件: D:\my-vue-project\wind-power-forecast\backend\auto_scripts\precsv\shortcsv\20250325.csv，等待 30 秒后重试...
2025-03-25 08:00:18,963 - ❌ 未找到预测 CSV 文件: D:\my-vue-project\wind-power-forecast\backend\auto_scripts\precsv\shortcsv\20250325.csv，等待 30 秒后重试...
2025-03-25 08:00:48,976 - ❌ 未找到预测 CSV 文件: D:\my-vue-project\wind-power-forecast\backend\auto_scripts\precsv\shortcsv\20250325.csv，等待 30 秒后重试...
2025-03-25 08:01:18,983 - ❌ 未找到预测 CSV 文件: D:\my-vue-project\wind-power-forecast\backend\auto_scripts\precsv\shortcsv\20250325.csv，等待 30 秒后重试...
2025-03-25 08:01:48,991 - ❌ 未找到预测 CSV 文件: D:\my-vue-project\wind-power-forecast\backend\auto_scripts\precsv\shortcsv\20250325.csv，等待 30 秒后重试...
2025-03-25 08:02:19,000 - ❌ 未找到预测 CSV 文件: D:\my-vue-project\wind-power-forecast\backend\auto_scripts\precsv\shortcsv\20250325.csv，等待 30 秒后重试...
2025-03-25 08:02:49,006 - ❌ 未找到预测 CSV 文件: D:\my-vue-project\wind-power-forecast\backend\auto_scripts\precsv\shortcsv\20250325.csv，等待 30 秒后重试...
2025-03-25 08:03:19,018 - ❌ 未找到预测 CSV 文件: D:\my-vue-project\wind-power-forecast\backend\auto_scripts\precsv\shortcsv\20250325.csv，等待 30 秒后重试...
2025-03-25 08:03:49,029 - ❌ 未找到预测 CSV 文件: D:\my-vue-project\wind-power-forecast\backend\auto_scripts\precsv\shortcsv\20250325.csv，等待 30 秒后重试...
2025-03-25 08:04:19,042 - ❌ 未找到预测 CSV 文件: D:\my-vue-project\wind-power-forecast\backend\auto_scripts\precsv\shortcsv\20250325.csv，等待 30 秒后重试...
2025-03-25 08:04:49,056 - ❌ 未找到预测 CSV 文件: D:\my-vue-project\wind-power-forecast\backend\auto_scripts\precsv\shortcsv\20250325.csv，等待 30 秒后重试...
2025-03-25 08:05:19,064 - ❌ 未找到预测 CSV 文件: D:\my-vue-project\wind-power-forecast\backend\auto_scripts\precsv\shortcsv\20250325.csv，等待 30 秒后重试...
2025-03-25 08:05:49,070 - ❌ 未找到预测 CSV 文件: D:\my-vue-project\wind-power-forecast\backend\auto_scripts\precsv\shortcsv\20250325.csv，等待 30 秒后重试...
2025-03-25 08:06:19,085 - ❌ 未找到预测 CSV 文件: D:\my-vue-project\wind-power-forecast\backend\auto_scripts\precsv\shortcsv\20250325.csv，等待 30 秒后重试...
2025-03-25 08:06:49,086 - ❌ 未找到预测 CSV 文件: D:\my-vue-project\wind-power-forecast\backend\auto_scripts\precsv\shortcsv\20250325.csv，等待 30 秒后重试...
2025-03-25 08:07:19,099 - ❌ 未找到预测 CSV 文件: D:\my-vue-project\wind-power-forecast\backend\auto_scripts\precsv\shortcsv\20250325.csv，等待 30 秒后重试...
2025-03-25 08:07:49,112 - ❌ 未找到预测 CSV 文件: D:\my-vue-project\wind-power-forecast\backend\auto_scripts\precsv\shortcsv\20250325.csv，等待 30 秒后重试...
2025-03-25 08:08:19,122 - ❌ 未找到预测 CSV 文件: D:\my-vue-project\wind-power-forecast\backend\auto_scripts\precsv\shortcsv\20250325.csv，等待 30 秒后重试...
2025-03-25 08:08:49,126 - ❌ 未找到预测 CSV 文件: D:\my-vue-project\wind-power-forecast\backend\auto_scripts\precsv\shortcsv\20250325.csv，等待 30 秒后重试...
2025-03-25 08:09:19,131 - ❌ 未找到预测 CSV 文件: D:\my-vue-project\wind-power-forecast\backend\auto_scripts\precsv\shortcsv\20250325.csv，等待 30 秒后重试...
2025-03-25 08:09:49,141 - ❌ 未找到预测 CSV 文件: D:\my-vue-project\wind-power-forecast\backend\auto_scripts\precsv\shortcsv\20250325.csv，等待 30 秒后重试...
2025-03-25 08:10:19,146 - ❌ 未找到预测 CSV 文件: D:\my-vue-project\wind-power-forecast\backend\auto_scripts\precsv\shortcsv\20250325.csv，等待 30 秒后重试...
2025-03-25 08:10:49,161 - ❌ 未找到预测 CSV 文件: D:\my-vue-project\wind-power-forecast\backend\auto_scripts\precsv\shortcsv\20250325.csv，等待 30 秒后重试...
2025-03-25 08:11:19,175 - ❌ 未找到预测 CSV 文件: D:\my-vue-project\wind-power-forecast\backend\auto_scripts\precsv\shortcsv\20250325.csv，等待 30 秒后重试...
2025-03-25 08:11:49,181 - ❌ 未找到预测 CSV 文件: D:\my-vue-project\wind-power-forecast\backend\auto_scripts\precsv\shortcsv\20250325.csv，等待 30 秒后重试...
2025-03-25 08:12:19,191 - ❌ 未找到预测 CSV 文件: D:\my-vue-project\wind-power-forecast\backend\auto_scripts\precsv\shortcsv\20250325.csv，等待 30 秒后重试...
2025-03-25 08:12:49,206 - ❌ 未找到预测 CSV 文件: D:\my-vue-project\wind-power-forecast\backend\auto_scripts\precsv\shortcsv\20250325.csv，等待 30 秒后重试...
2025-03-25 08:13:19,221 - ❌ 未找到预测 CSV 文件: D:\my-vue-project\wind-power-forecast\backend\auto_scripts\precsv\shortcsv\20250325.csv，等待 30 秒后重试...
2025-03-25 08:13:49,226 - ❌ 未找到预测 CSV 文件: D:\my-vue-project\wind-power-forecast\backend\auto_scripts\precsv\shortcsv\20250325.csv，等待 30 秒后重试...
2025-03-25 08:14:19,241 - ❌ 未找到预测 CSV 文件: D:\my-vue-project\wind-power-forecast\backend\auto_scripts\precsv\shortcsv\20250325.csv，等待 30 秒后重试...
2025-03-25 08:14:49,244 - ❌ 未找到预测 CSV 文件: D:\my-vue-project\wind-power-forecast\backend\auto_scripts\precsv\shortcsv\20250325.csv，等待 30 秒后重试...
2025-03-25 08:15:19,246 - ❌ 未找到预测 CSV 文件: D:\my-vue-project\wind-power-forecast\backend\auto_scripts\precsv\shortcsv\20250325.csv，等待 30 秒后重试...
2025-03-25 08:15:49,251 - ❌ 未找到预测 CSV 文件: D:\my-vue-project\wind-power-forecast\backend\auto_scripts\precsv\shortcsv\20250325.csv，等待 30 秒后重试...
2025-03-25 08:16:19,263 - ❌ 未找到预测 CSV 文件: D:\my-vue-project\wind-power-forecast\backend\auto_scripts\precsv\shortcsv\20250325.csv，等待 30 秒后重试...
2025-03-25 08:16:49,277 - ❌ 未找到预测 CSV 文件: D:\my-vue-project\wind-power-forecast\backend\auto_scripts\precsv\shortcsv\20250325.csv，等待 30 秒后重试...
2025-03-25 08:17:19,282 - ❌ 未找到预测 CSV 文件: D:\my-vue-project\wind-power-forecast\backend\auto_scripts\precsv\shortcsv\20250325.csv，等待 30 秒后重试...
2025-03-25 08:17:49,294 - ❌ 未找到预测 CSV 文件: D:\my-vue-project\wind-power-forecast\backend\auto_scripts\precsv\shortcsv\20250325.csv，等待 30 秒后重试...
2025-03-25 08:18:19,302 - ❌ 未找到预测 CSV 文件: D:\my-vue-project\wind-power-forecast\backend\auto_scripts\precsv\shortcsv\20250325.csv，等待 30 秒后重试...
2025-03-25 08:18:49,306 - ❌ 未找到预测 CSV 文件: D:\my-vue-project\wind-power-forecast\backend\auto_scripts\precsv\shortcsv\20250325.csv，等待 30 秒后重试...
2025-03-25 08:19:19,313 - ❌ 未找到预测 CSV 文件: D:\my-vue-project\wind-power-forecast\backend\auto_scripts\precsv\shortcsv\20250325.csv，等待 30 秒后重试...
2025-03-25 08:19:49,318 - ❌ 未找到预测 CSV 文件: D:\my-vue-project\wind-power-forecast\backend\auto_scripts\precsv\shortcsv\20250325.csv，等待 30 秒后重试...
2025-03-25 08:20:19,327 - ❌ 未找到预测 CSV 文件: D:\my-vue-project\wind-power-forecast\backend\auto_scripts\precsv\shortcsv\20250325.csv，等待 30 秒后重试...
2025-03-25 08:20:49,342 - ❌ 未找到预测 CSV 文件: D:\my-vue-project\wind-power-forecast\backend\auto_scripts\precsv\shortcsv\20250325.csv，等待 30 秒后重试...
2025-03-25 08:21:19,360 - ❌ 未找到预测 CSV 文件: D:\my-vue-project\wind-power-forecast\backend\auto_scripts\precsv\shortcsv\20250325.csv，等待 30 秒后重试...
2025-03-25 08:21:49,370 - ❌ 未找到预测 CSV 文件: D:\my-vue-project\wind-power-forecast\backend\auto_scripts\precsv\shortcsv\20250325.csv，等待 30 秒后重试...
2025-03-25 08:22:19,378 - ❌ 未找到预测 CSV 文件: D:\my-vue-project\wind-power-forecast\backend\auto_scripts\precsv\shortcsv\20250325.csv，等待 30 秒后重试...
2025-03-25 08:22:49,383 - ❌ 未找到预测 CSV 文件: D:\my-vue-project\wind-power-forecast\backend\auto_scripts\precsv\shortcsv\20250325.csv，等待 30 秒后重试...
2025-03-25 08:23:19,392 - ❌ 未找到预测 CSV 文件: D:\my-vue-project\wind-power-forecast\backend\auto_scripts\precsv\shortcsv\20250325.csv，等待 30 秒后重试...
2025-03-25 08:23:49,402 - ❌ 未找到预测 CSV 文件: D:\my-vue-project\wind-power-forecast\backend\auto_scripts\precsv\shortcsv\20250325.csv，等待 30 秒后重试...
2025-03-25 08:24:19,410 - ❌ 未找到预测 CSV 文件: D:\my-vue-project\wind-power-forecast\backend\auto_scripts\precsv\shortcsv\20250325.csv，等待 30 秒后重试...
2025-03-25 08:24:49,417 - ❌ 未找到预测 CSV 文件: D:\my-vue-project\wind-power-forecast\backend\auto_scripts\precsv\shortcsv\20250325.csv，等待 30 秒后重试...
2025-03-25 08:25:19,429 - ❌ 未找到预测 CSV 文件: D:\my-vue-project\wind-power-forecast\backend\auto_scripts\precsv\shortcsv\20250325.csv，等待 30 秒后重试...
2025-03-25 08:25:49,436 - ❌ 未找到预测 CSV 文件: D:\my-vue-project\wind-power-forecast\backend\auto_scripts\precsv\shortcsv\20250325.csv，等待 30 秒后重试...
2025-03-25 08:26:19,447 - ❌ 未找到预测 CSV 文件: D:\my-vue-project\wind-power-forecast\backend\auto_scripts\precsv\shortcsv\20250325.csv，等待 30 秒后重试...
2025-03-25 08:26:49,453 - ❌ 未找到预测 CSV 文件: D:\my-vue-project\wind-power-forecast\backend\auto_scripts\precsv\shortcsv\20250325.csv，等待 30 秒后重试...
2025-03-25 08:27:19,467 - ❌ 未找到预测 CSV 文件: D:\my-vue-project\wind-power-forecast\backend\auto_scripts\precsv\shortcsv\20250325.csv，等待 30 秒后重试...
2025-03-25 08:27:49,482 - ❌ 未找到预测 CSV 文件: D:\my-vue-project\wind-power-forecast\backend\auto_scripts\precsv\shortcsv\20250325.csv，等待 30 秒后重试...
2025-03-25 08:28:19,484 - ❌ 未找到预测 CSV 文件: D:\my-vue-project\wind-power-forecast\backend\auto_scripts\precsv\shortcsv\20250325.csv，等待 30 秒后重试...
2025-03-25 08:28:49,487 - ❌ 未找到预测 CSV 文件: D:\my-vue-project\wind-power-forecast\backend\auto_scripts\precsv\shortcsv\20250325.csv，等待 30 秒后重试...
2025-03-25 08:29:19,489 - ❌ 未找到预测 CSV 文件: D:\my-vue-project\wind-power-forecast\backend\auto_scripts\precsv\shortcsv\20250325.csv，等待 30 秒后重试...
2025-03-25 08:29:49,497 - ❌ 未找到预测 CSV 文件: D:\my-vue-project\wind-power-forecast\backend\auto_scripts\precsv\shortcsv\20250325.csv，等待 30 秒后重试...
2025-03-25 08:30:19,506 - ❌ 未找到预测 CSV 文件: D:\my-vue-project\wind-power-forecast\backend\auto_scripts\precsv\shortcsv\20250325.csv，等待 30 秒后重试...
2025-03-25 08:30:49,510 - ✅ 发现新的预测文件：D:\my-vue-project\wind-power-forecast\backend\auto_scripts\precsv\shortcsv\20250325.csv，执行预测...
2025-03-25 08:30:49,511 - 
============================================================
【风电功率预测开始】
============================================================
2025-03-25 08:30:49,512 - 配置信息:
2025-03-25 08:30:49,513 -   - 数据文件: D:\my-vue-project\wind-power-forecast\backend\auto_scripts\precsv\shortcsv\20250325.csv
2025-03-25 08:30:49,513 -   - 模型目录: D:\my-vue-project\wind-power-forecast\backend\auto_scripts\models\shortmodel\20250325
2025-03-25 08:30:49,513 -   - 窗口大小: 16
2025-03-25 08:30:49,514 -   - 滞后特征数: 4
2025-03-25 08:30:49,514 - 
============================================================
【预处理新数据】
============================================================
2025-03-25 08:30:49,514 - 加载数据文件: D:\my-vue-project\wind-power-forecast\backend\auto_scripts\precsv\shortcsv\20250325.csv
2025-03-25 08:30:49,541 - 数据加载完成，去除缺失值后共 119 条记录
2025-03-25 08:30:49,878 - 数据前5行预览:
        Timestamp    129.128_1    129.128_2  ...  ws200_13  ws200_14  ws200_15
0  2024/3/11 0:00  15974.26563  16293.82813  ...  4.542173  1.324043  0.865087
1  2024/3/11 0:15  15974.26563  16293.82813  ...  3.899081  0.880606  1.273859
2  2024/3/11 0:30  15974.26563  16293.82813  ...  3.273753  0.778394  1.710350
3  2024/3/11 0:45  15974.26563  16293.82813  ...  2.678660  1.115517  2.157803
4  2024/3/11 1:00  15974.26563  16293.82813  ...  2.139185  1.640399  2.610587

[5 rows x 301 columns]
2025-03-25 08:30:49,878 - 预处理数据...
2025-03-25 08:30:49,882 - 预处理完成，特征维度: (119, 304)
2025-03-25 08:30:49,882 - 执行特征工程，滞后特征数: 4...
2025-03-25 08:30:49,952 - 特征工程完成，特征维度: (116, 859)
2025-03-25 08:30:49,953 - 新数据预处理完成，共 116 个样本
2025-03-25 08:30:49,953 - ✅ 发现最佳模型目录: D:\my-vue-project\wind-power-forecast\backend\auto_scripts\models\shortmodel\20250325\best_models，尝试使用多模型加权预测
2025-03-25 08:30:49,953 - 
============================================================
【加载多个模型】
============================================================
2025-03-25 08:30:49,953 - 从目录加载模型和 scaler: D:\my-vue-project\wind-power-forecast\backend\auto_scripts\models\shortmodel\20250325\best_models
2025-03-25 08:30:49,953 - 加载 GBDT 模型和 scaler...
2025-03-25 08:30:49,970 - ✅ 已成功加载 GBDT 模型和对应的 scaler
2025-03-25 08:30:49,971 - 加载 DART 模型和 scaler...
2025-03-25 08:30:49,982 - ✅ 已成功加载 DART 模型和对应的 scaler
2025-03-25 08:30:49,982 - 加载 GOSS 模型和 scaler...
2025-03-25 08:30:49,993 - ✅ 已成功加载 GOSS 模型和对应的 scaler
2025-03-25 08:30:49,993 - 加载完成，共加载了 3 个模型: GBDT, DART, GOSS
2025-03-25 08:30:49,993 - 尝试加载模型权重文件: D:\my-vue-project\wind-power-forecast\backend\auto_scripts\models\shortmodel\20250325\model_weights.joblib
2025-03-25 08:30:49,994 - ✅ 已加载模型权重: {'GBDT': np.float64(0.0), 'DART': np.float64(0.0), 'GOSS': np.float64(0.9413418792089218), 'INTERCEPT': np.float64(-0.0258769107539365)}
2025-03-25 08:30:49,994 - 
============================================================
【使用多模型加权预测】
============================================================
2025-03-25 08:30:49,994 - 使用自定义权重: {'GBDT': np.float64(0.0), 'DART': np.float64(0.0), 'GOSS': np.float64(0.9413418792089218), 'INTERCEPT': np.float64(-0.0258769107539365)}
2025-03-25 08:30:49,994 - ❌ GBDT 模型权重为0，跳过
2025-03-25 08:30:49,994 - ❌ DART 模型权重为0，跳过
2025-03-25 08:30:49,994 - 使用 GOSS 模型进行预测 (权重: 0.9413)...
2025-03-25 08:30:49,999 - GOSS: 数据标准化完成
2025-03-25 08:30:50,002 - GOSS: 时间窗口创建完成，窗口数量: 101
2025-03-25 08:30:50,026 - ✅ GOSS 模型预测完成，生成了 101 个预测值
2025-03-25 08:30:50,026 -    统计: 最小值=5.97, 最大值=177.46, 平均值=66.09
2025-03-25 08:30:50,026 - 所有预测结果对齐到最小长度: 101
2025-03-25 08:30:50,026 - 开始计算加权平均预测结果...
2025-03-25 08:30:50,027 -   加入 GOSS 模型贡献 (权重: 0.9413)
2025-03-25 08:30:50,027 -   加入常数偏置项 (值: -0.0259)
2025-03-25 08:30:50,027 - 加权平均预测完成，生成了 101 个预测值
2025-03-25 08:30:50,027 - 加权预测结果统计: 最小值=5.60, 最大值=167.03, 平均值=62.19
2025-03-25 08:30:50,029 - ✅ 多模型加权预测完成，使用模型: GBDT, DART, GOSS
2025-03-25 08:30:50,029 - 
============================================================
【保存预测结果】
============================================================
2025-03-25 08:30:50,029 - 创建输出目录: D:\my-vue-project\wind-power-forecast\backend\auto_scripts\results\shortresult\20250325
2025-03-25 08:30:50,030 - 预测结果数据框创建完成，共 101 行
2025-03-25 08:30:50,033 - ✅ 预测结果已保存到文件: D:\my-vue-project\wind-power-forecast\backend\auto_scripts\results\shortresult\20250325\20250325.csv
2025-03-25 08:30:50,034 - 尝试将预测结果导入数据库...
2025-03-25 08:30:50,034 - 发送HTTP请求到: http://localhost:5000/prediction2database/batch_shortl_power
2025-03-25 08:30:52,264 - ✅ 数据已成功导入数据库
2025-03-25 08:30:52,264 -    总记录数: 101, 更新: 101, 插入: 0
2025-03-25 08:30:52,264 - ✅ 预测结果已保存到: D:\my-vue-project\wind-power-forecast\backend\auto_scripts\results\shortresult\20250325\20250325.csv
2025-03-25 08:30:52,264 - 
============================================================
【风电功率预测完成】
============================================================
2025-03-25 08:30:52,264 - 风电功率预测完成
2025-03-25 08:30:52,270 - 预测完成，已创建标志文件: D:\my-vue-project\wind-power-forecast\backend\auto_scripts\scripts\short\logs\auto_pre_train\20250325_predict_done.flag
2025-03-25 08:30:52,270 - ✅ 预测执行完成
2025-03-25 08:30:52,271 - 
================================================================================
2025-03-25 08:30:52,271 - >>> 系统任务完成 <<<
2025-03-25 08:30:52,271 - ================================================================================

2025-03-25 08:30:52,271 - 系统任务完成
2025-03-25 08:30:52,271 - 今天的训练和预测任务已完成。
