2025-03-25 02:00:12,737 - 
================================================================================
2025-03-25 02:00:12,737 - >>> 自动训练预测系统启动 <<<
2025-03-25 02:00:12,737 - ================================================================================

2025-03-25 02:00:12,737 - 自动训练预测系统启动
2025-03-25 02:00:12,737 - 今天的日期是: 20250325
2025-03-25 02:00:12,738 - 创建监视线程...
2025-03-25 02:00:12,738 - 启动训练线程...
2025-03-25 02:00:12,738 - 
================================================================================
2025-03-25 02:00:12,738 - >>> 启动训练监视线程 <<<
2025-03-25 02:00:12,738 - ================================================================================

2025-03-25 02:00:12,738 - 启动预测线程...
2025-03-25 02:00:12,742 - 启动训练监视线程
2025-03-25 02:00:12,742 - 
================================================================================
2025-03-25 02:00:12,742 - 等待线程完成...
2025-03-25 02:00:12,742 - >>> 启动预测监视线程 <<<
2025-03-25 02:00:12,742 - 训练文件路径: D:\my-vue-project\wind-power-forecast\backend\auto_scripts\dataset\dataset_middle\20250325.csv
2025-03-25 02:00:12,742 - ================================================================================

2025-03-25 02:00:12,742 - 模型存储目录: D:\my-vue-project\wind-power-forecast\backend\auto_scripts\models\middlemodel\20250325
2025-03-25 02:00:12,743 - 启动预测监视线程
2025-03-25 02:00:12,743 - 训练完成标志文件: D:\my-vue-project\wind-power-forecast\backend\auto_scripts\scripts\middle\logs\auto_pre_train\20250325_train_done.flag
2025-03-25 02:00:12,743 - 开始监视 D:\my-vue-project\wind-power-forecast\backend\auto_scripts\dataset\dataset_middle 文件夹以进行训练...
2025-03-25 02:00:12,743 - ✅ 发现新的训练文件：D:\my-vue-project\wind-power-forecast\backend\auto_scripts\dataset\dataset_middle\20250325.csv，执行训练...
2025-03-25 02:00:12,743 - 预测数据文件路径: D:\my-vue-project\wind-power-forecast\backend\auto_scripts\precsv\middlecsv\20250325.csv
2025-03-25 02:00:12,743 - 
================================================================================
2025-03-25 02:00:12,743 - 模型目录: D:\my-vue-project\wind-power-forecast\backend\auto_scripts\models\middlemodel\20250325
2025-03-25 02:00:12,743 - >>> 开始模型训练 <<<
2025-03-25 02:00:12,743 - 预测完成标志文件: D:\my-vue-project\wind-power-forecast\backend\auto_scripts\scripts\middle\logs\auto_pre_train\20250325_predict_done.flag
2025-03-25 02:00:12,743 - ================================================================================

2025-03-25 02:00:12,744 - 开始监视 D:\my-vue-project\wind-power-forecast\backend\auto_scripts\precsv\middlecsv 文件夹以进行预测...
2025-03-25 02:00:12,744 - 配置信息:
2025-03-25 02:00:12,744 -   - 窗口大小: 16
2025-03-25 02:00:12,744 - 检查模型目录: D:\my-vue-project\wind-power-forecast\backend\auto_scripts\models\middlemodel\20250325
2025-03-25 02:00:12,744 -   - 滞后特征数: 4
2025-03-25 02:00:12,744 -   - 训练集比例: 0.9
2025-03-25 02:00:12,744 - 未找到best_models目录，检查传统模型文件
2025-03-25 02:00:12,744 -   - 输出目录: D:\my-vue-project\wind-power-forecast\backend\auto_scripts\train_predictions\middle_predictions
2025-03-25 02:00:12,744 -   - 模型存储路径: D:\my-vue-project\wind-power-forecast\backend\auto_scripts\models\middlemodel\20250325
2025-03-25 02:00:12,744 - 输出结果将保存到: D:\my-vue-project\wind-power-forecast\backend\auto_scripts\train_predictions\middle_predictions
2025-03-25 02:00:12,744 - 未找到任何可用模型文件
2025-03-25 02:00:12,744 - ⏳ 未有可用模型，等待模型训练完成...
2025-03-25 02:00:12,744 - 
================================================================================
2025-03-25 02:00:12,745 - >>> 数据加载与预处理 <<<
2025-03-25 02:00:12,745 - ================================================================================

2025-03-25 02:00:12,745 - 加载数据文件: D:\my-vue-project\wind-power-forecast\backend\auto_scripts\dataset\dataset_middle\20250325.csv
2025-03-25 02:00:12,745 - 开始加载和预处理数据...
2025-03-25 02:00:13,605 - 数据加载完成，共 38172 条记录
2025-03-25 02:00:13,648 - 数据前5行预览: 
       Timestamp    129.128_1    129.128_2  ...  ws200_15  wp_true    ws_all
0  2023/3/2 0:00  15950.07031  16250.82031  ...  8.808324    26.02  4.092251
1  2023/3/2 0:15  15950.07031  16250.82031  ...  8.549524    19.92  3.833974
2  2023/3/2 0:30  15950.07031  16250.82031  ...  8.295010    14.90  3.591723
3  2023/3/2 0:45  15950.07031  16250.82031  ...  8.045185     8.43  3.206756
4  2023/3/2 1:00  15950.07031  16250.82031  ...  7.800503     5.47  2.986988

[5 rows x 303 columns]
2025-03-25 02:00:13,670 - 数据集时间范围: 2023-03-02 至 2024-04-17, 共 13 个月
2025-03-25 02:00:13,670 - 将使用以下时间段训练模型: [1, 3, 6, 9, 12, None]
2025-03-25 02:00:13,670 - 
================================================================================
2025-03-25 02:00:13,670 - >>> 开始多数据集训练 <<<
2025-03-25 02:00:13,670 - ================================================================================

2025-03-25 02:00:13,670 - 将使用多种时间跨度的数据训练模型...
2025-03-25 02:00:13,670 - 
--------------------------------------------------
【使用多个数据集训练模型】
--------------------------------------------------
2025-03-25 02:00:13,671 - 最佳模型将保存到: D:\my-vue-project\wind-power-forecast\backend\auto_scripts\models\middlemodel\20250325\best_models
2025-03-25 02:00:13,671 - 获取统一参数成功，包含 3 种模型类型
2025-03-25 02:00:13,671 - 
--------------------------------------------------
【训练数据集: 1个月】
--------------------------------------------------
2025-03-25 02:00:13,671 - 使用1个月的数据进行训练...
2025-03-25 02:00:13,671 - 过滤数据为最近1个月...
2025-03-25 02:00:13,674 - 过滤后的数据量: 2977
2025-03-25 02:00:13,674 - 对1个月数据进行预处理...
2025-03-25 02:00:13,682 - 预处理后的特征维度: (2977, 304), 目标变量维度: (2977,)
2025-03-25 02:00:13,682 - 数据集划分完成，训练集: (2679, 304), 验证集: (298, 304)
2025-03-25 02:00:13,682 - 提取了 298 个验证集时间戳，用于时间加权评估
2025-03-25 02:00:13,682 - 执行特征工程，滞后特征数: 4...
2025-03-25 02:00:13,751 - 特征工程后的特征维度 - 训练集: (2676, 859), 验证集: (295, 859)
2025-03-25 02:00:13,751 - 数据标准化...
2025-03-25 02:00:13,794 - 数据标准化完成
2025-03-25 02:00:13,795 - 创建时间窗口，窗口大小: 16...
2025-03-25 02:00:13,861 - 时间窗口创建完成 - 训练集: (2661, 16, 859), 验证集: (280, 16, 859)
2025-03-25 02:00:13,861 - 调整时间戳长度以匹配窗口化后的验证集 - 原始长度: 298, 目标长度: 280
2025-03-25 02:00:13,861 - 时间戳已截断至匹配窗口化后的验证集长度: 280
2025-03-25 02:00:13,862 - 为1个月数据创建模型目录: D:\my-vue-project\wind-power-forecast\backend\auto_scripts\models\middlemodel\20250325\1months
2025-03-25 02:00:13,862 - 开始训练1个月数据的模型...
2025-03-25 02:00:13,862 - 
--------------------------------------------------
【开始模型训练与评估】
--------------------------------------------------
2025-03-25 02:00:13,863 - 模型和 scaler 将被保存到目录: D:\my-vue-project\wind-power-forecast\backend\auto_scripts\models\middlemodel\20250325\1months
2025-03-25 02:00:13,863 - 
--------------------------------------------------
【训练 GBDT 模型】
--------------------------------------------------
2025-03-25 02:00:13,863 - 模型参数: {'boosting_type': 'gbdt', 'objective': 'regression', 'metric': 'rmse', 'num_leaves': 31, 'learning_rate': 0.05, 'feature_fraction': 0.9, 'name': 'GBDT'}
2025-03-25 02:00:13,863 - 开始训练 GBDT 模型...
2025-03-25 02:00:42,758 - 检查模型目录: D:\my-vue-project\wind-power-forecast\backend\auto_scripts\models\middlemodel\20250325
2025-03-25 02:00:42,758 - 发现best_models目录: D:\my-vue-project\wind-power-forecast\backend\auto_scripts\models\middlemodel\20250325\best_models
2025-03-25 02:00:42,758 - 未找到GBDT模型文件
2025-03-25 02:00:42,758 - 未找到DART模型文件
2025-03-25 02:00:42,759 - 未找到GOSS模型文件
2025-03-25 02:00:42,759 - 未找到任何可用模型文件
2025-03-25 02:00:42,759 - ⏳ 未有可用模型，等待模型训练完成...
2025-03-25 02:00:54,157 - GBDT 模型训练完成
2025-03-25 02:00:54,158 - 使用 GBDT 模型预测验证集...
2025-03-25 02:00:54,166 - 使用时间加权方式计算模型评分...
2025-03-25 02:00:54,167 - GBDT 评估结果 - RMSE: 68.3078, K: 0.4502, 加权评分: 0.6447
2025-03-25 02:00:54,168 - ✅ GBDT 成为当前最佳模型 (基于加权评分)
2025-03-25 02:00:54,178 - GBDT 模型已保存到 D:\my-vue-project\wind-power-forecast\backend\auto_scripts\models\middlemodel\20250325\1months\GBDT.joblib
2025-03-25 02:00:54,178 - 
--------------------------------------------------
【训练 DART 模型】
--------------------------------------------------
2025-03-25 02:00:54,178 - 模型参数: {'boosting_type': 'dart', 'objective': 'regression', 'metric': 'rmse', 'num_leaves': 31, 'learning_rate': 0.05, 'feature_fraction': 0.9, 'drop_rate': 0.1, 'name': 'DART'}
2025-03-25 02:00:54,178 - 开始训练 DART 模型...
2025-03-25 02:01:12,760 - 检查模型目录: D:\my-vue-project\wind-power-forecast\backend\auto_scripts\models\middlemodel\20250325
2025-03-25 02:01:12,760 - 发现best_models目录: D:\my-vue-project\wind-power-forecast\backend\auto_scripts\models\middlemodel\20250325\best_models
2025-03-25 02:01:12,760 - 未找到GBDT模型文件
2025-03-25 02:01:12,760 - 未找到DART模型文件
2025-03-25 02:01:12,761 - 未找到GOSS模型文件
2025-03-25 02:01:12,761 - 未找到任何可用模型文件
2025-03-25 02:01:12,761 - ⏳ 未有可用模型，等待模型训练完成...
2025-03-25 02:01:37,057 - DART 模型训练完成
2025-03-25 02:01:37,058 - 使用 DART 模型预测验证集...
2025-03-25 02:01:37,065 - 使用时间加权方式计算模型评分...
2025-03-25 02:01:37,067 - DART 评估结果 - RMSE: 62.7504, K: 0.6220, 加权评分: 0.7393
2025-03-25 02:01:37,067 - ✅ DART 成为当前最佳模型 (基于加权评分)
2025-03-25 02:01:37,082 - DART 模型已保存到 D:\my-vue-project\wind-power-forecast\backend\auto_scripts\models\middlemodel\20250325\1months\DART.joblib
2025-03-25 02:01:37,082 - 
--------------------------------------------------
【训练 GOSS 模型】
--------------------------------------------------
2025-03-25 02:01:37,082 - 模型参数: {'boosting_type': 'goss', 'objective': 'regression', 'metric': 'rmse', 'num_leaves': 31, 'learning_rate': 0.05, 'feature_fraction': 0.9, 'top_rate': 0.2, 'other_rate': 0.1, 'name': 'GOSS'}
2025-03-25 02:01:37,082 - 开始训练 GOSS 模型...
2025-03-25 02:01:42,772 - 检查模型目录: D:\my-vue-project\wind-power-forecast\backend\auto_scripts\models\middlemodel\20250325
2025-03-25 02:01:42,772 - 发现best_models目录: D:\my-vue-project\wind-power-forecast\backend\auto_scripts\models\middlemodel\20250325\best_models
2025-03-25 02:01:42,772 - 未找到GBDT模型文件
2025-03-25 02:01:42,772 - 未找到DART模型文件
2025-03-25 02:01:42,772 - 未找到GOSS模型文件
2025-03-25 02:01:42,773 - 未找到任何可用模型文件
2025-03-25 02:01:42,773 - ⏳ 未有可用模型，等待模型训练完成...
2025-03-25 02:02:09,908 - GOSS 模型训练完成
2025-03-25 02:02:09,908 - 使用 GOSS 模型预测验证集...
2025-03-25 02:02:09,921 - 使用时间加权方式计算模型评分...
2025-03-25 02:02:09,924 - GOSS 评估结果 - RMSE: 68.2680, K: 0.4465, 加权评分: 0.6427
2025-03-25 02:02:09,943 - GOSS 模型已保存到 D:\my-vue-project\wind-power-forecast\backend\auto_scripts\models\middlemodel\20250325\1months\GOSS.joblib
2025-03-25 02:02:09,945 - Scaler 已保存到 D:\my-vue-project\wind-power-forecast\backend\auto_scripts\models\middlemodel\20250325\1months\scaler.joblib
2025-03-25 02:02:09,956 - 最佳模型 'DART' 已额外保存到 D:\my-vue-project\wind-power-forecast\backend\auto_scripts\models\middlemodel\20250325\1months\model.joblib
2025-03-25 02:02:09,956 - 1个月数据的模型训练完成
2025-03-25 02:02:09,956 - 
--------------------------------------------------
【更新每种算法的最佳模型】
--------------------------------------------------
2025-03-25 02:02:09,956 - ✅ 发现更好的GBDT模型 (来自1个月数据)
2025-03-25 02:02:09,956 -    新评分: 0.6447, 旧评分: -inf
2025-03-25 02:02:09,956 - ✅ 发现更好的DART模型 (来自1个月数据)
2025-03-25 02:02:09,956 -    新评分: 0.7393, 旧评分: -inf
2025-03-25 02:02:09,956 - ✅ 发现更好的GOSS模型 (来自1个月数据)
2025-03-25 02:02:09,956 -    新评分: 0.6427, 旧评分: -inf
2025-03-25 02:02:09,956 - 
--------------------------------------------------
【训练数据集: 3个月】
--------------------------------------------------
2025-03-25 02:02:09,957 - 使用3个月的数据进行训练...
2025-03-25 02:02:09,957 - 过滤数据为最近3个月...
2025-03-25 02:02:09,965 - 过滤后的数据量: 8737
2025-03-25 02:02:09,965 - 对3个月数据进行预处理...
2025-03-25 02:02:09,982 - 预处理后的特征维度: (8737, 304), 目标变量维度: (8737,)
2025-03-25 02:02:09,983 - 数据集划分完成，训练集: (7863, 304), 验证集: (874, 304)
2025-03-25 02:02:09,983 - 提取了 874 个验证集时间戳，用于时间加权评估
2025-03-25 02:02:09,983 - 执行特征工程，滞后特征数: 4...
2025-03-25 02:02:10,229 - 特征工程后的特征维度 - 训练集: (7860, 859), 验证集: (871, 859)
2025-03-25 02:02:10,229 - 数据标准化...
2025-03-25 02:02:10,390 - 数据标准化完成
2025-03-25 02:02:10,391 - 创建时间窗口，窗口大小: 16...
2025-03-25 02:02:10,671 - 时间窗口创建完成 - 训练集: (7845, 16, 859), 验证集: (856, 16, 859)
2025-03-25 02:02:10,671 - 调整时间戳长度以匹配窗口化后的验证集 - 原始长度: 874, 目标长度: 856
2025-03-25 02:02:10,671 - 时间戳已截断至匹配窗口化后的验证集长度: 856
2025-03-25 02:02:10,673 - 为3个月数据创建模型目录: D:\my-vue-project\wind-power-forecast\backend\auto_scripts\models\middlemodel\20250325\3months
2025-03-25 02:02:10,673 - 开始训练3个月数据的模型...
2025-03-25 02:02:10,673 - 
--------------------------------------------------
【开始模型训练与评估】
--------------------------------------------------
2025-03-25 02:02:10,673 - 模型和 scaler 将被保存到目录: D:\my-vue-project\wind-power-forecast\backend\auto_scripts\models\middlemodel\20250325\3months
2025-03-25 02:02:10,673 - 
--------------------------------------------------
【训练 GBDT 模型】
--------------------------------------------------
2025-03-25 02:02:10,674 - 模型参数: {'boosting_type': 'gbdt', 'objective': 'regression', 'metric': 'rmse', 'num_leaves': 31, 'learning_rate': 0.05, 'feature_fraction': 0.9, 'name': 'GBDT'}
2025-03-25 02:02:10,674 - 开始训练 GBDT 模型...
2025-03-25 02:02:12,776 - 检查模型目录: D:\my-vue-project\wind-power-forecast\backend\auto_scripts\models\middlemodel\20250325
2025-03-25 02:02:12,776 - 发现best_models目录: D:\my-vue-project\wind-power-forecast\backend\auto_scripts\models\middlemodel\20250325\best_models
2025-03-25 02:02:12,777 - 未找到GBDT模型文件
2025-03-25 02:02:12,777 - 未找到DART模型文件
2025-03-25 02:02:12,777 - 未找到GOSS模型文件
2025-03-25 02:02:12,778 - 未找到任何可用模型文件
2025-03-25 02:02:12,778 - ⏳ 未有可用模型，等待模型训练完成...
2025-03-25 02:02:42,785 - 检查模型目录: D:\my-vue-project\wind-power-forecast\backend\auto_scripts\models\middlemodel\20250325
2025-03-25 02:02:42,786 - 发现best_models目录: D:\my-vue-project\wind-power-forecast\backend\auto_scripts\models\middlemodel\20250325\best_models
2025-03-25 02:02:42,786 - 未找到GBDT模型文件
2025-03-25 02:02:42,786 - 未找到DART模型文件
2025-03-25 02:02:42,787 - 未找到GOSS模型文件
2025-03-25 02:02:42,787 - 未找到任何可用模型文件
2025-03-25 02:02:42,787 - ⏳ 未有可用模型，等待模型训练完成...
2025-03-25 02:03:05,579 - GBDT 模型训练完成
2025-03-25 02:03:05,579 - 使用 GBDT 模型预测验证集...
2025-03-25 02:03:05,605 - 使用时间加权方式计算模型评分...
2025-03-25 02:03:05,610 - GBDT 评估结果 - RMSE: 53.7633, K: 0.6220, 加权评分: 0.7498
2025-03-25 02:03:05,610 - ✅ GBDT 成为当前最佳模型 (基于加权评分)
2025-03-25 02:03:05,623 - GBDT 模型已保存到 D:\my-vue-project\wind-power-forecast\backend\auto_scripts\models\middlemodel\20250325\3months\GBDT.joblib
2025-03-25 02:03:05,624 - 
--------------------------------------------------
【训练 DART 模型】
--------------------------------------------------
2025-03-25 02:03:05,624 - 模型参数: {'boosting_type': 'dart', 'objective': 'regression', 'metric': 'rmse', 'num_leaves': 31, 'learning_rate': 0.05, 'feature_fraction': 0.9, 'drop_rate': 0.1, 'name': 'DART'}
2025-03-25 02:03:05,624 - 开始训练 DART 模型...
2025-03-25 02:03:12,791 - 检查模型目录: D:\my-vue-project\wind-power-forecast\backend\auto_scripts\models\middlemodel\20250325
2025-03-25 02:03:12,804 - 发现best_models目录: D:\my-vue-project\wind-power-forecast\backend\auto_scripts\models\middlemodel\20250325\best_models
2025-03-25 02:03:12,805 - 未找到GBDT模型文件
2025-03-25 02:03:12,805 - 未找到DART模型文件
2025-03-25 02:03:12,805 - 未找到GOSS模型文件
2025-03-25 02:03:12,805 - 未找到任何可用模型文件
2025-03-25 02:03:12,805 - ⏳ 未有可用模型，等待模型训练完成...
2025-03-25 02:03:42,813 - 检查模型目录: D:\my-vue-project\wind-power-forecast\backend\auto_scripts\models\middlemodel\20250325
2025-03-25 02:03:42,814 - 发现best_models目录: D:\my-vue-project\wind-power-forecast\backend\auto_scripts\models\middlemodel\20250325\best_models
2025-03-25 02:03:42,814 - 未找到GBDT模型文件
2025-03-25 02:03:42,814 - 未找到DART模型文件
2025-03-25 02:03:42,814 - 未找到GOSS模型文件
2025-03-25 02:03:42,814 - 未找到任何可用模型文件
2025-03-25 02:03:42,814 - ⏳ 未有可用模型，等待模型训练完成...
2025-03-25 02:04:00,310 - DART 模型训练完成
2025-03-25 02:04:00,311 - 使用 DART 模型预测验证集...
2025-03-25 02:04:00,339 - 使用时间加权方式计算模型评分...
2025-03-25 02:04:00,345 - DART 评估结果 - RMSE: 60.1716, K: 0.7051, 加权评分: 0.7855
2025-03-25 02:04:00,345 - ✅ DART 成为当前最佳模型 (基于加权评分)
2025-03-25 02:04:00,361 - DART 模型已保存到 D:\my-vue-project\wind-power-forecast\backend\auto_scripts\models\middlemodel\20250325\3months\DART.joblib
2025-03-25 02:04:00,361 - 
--------------------------------------------------
【训练 GOSS 模型】
--------------------------------------------------
2025-03-25 02:04:00,361 - 模型参数: {'boosting_type': 'goss', 'objective': 'regression', 'metric': 'rmse', 'num_leaves': 31, 'learning_rate': 0.05, 'feature_fraction': 0.9, 'top_rate': 0.2, 'other_rate': 0.1, 'name': 'GOSS'}
2025-03-25 02:04:00,361 - 开始训练 GOSS 模型...
2025-03-25 02:04:12,819 - 检查模型目录: D:\my-vue-project\wind-power-forecast\backend\auto_scripts\models\middlemodel\20250325
2025-03-25 02:04:12,819 - 发现best_models目录: D:\my-vue-project\wind-power-forecast\backend\auto_scripts\models\middlemodel\20250325\best_models
2025-03-25 02:04:12,820 - 未找到GBDT模型文件
2025-03-25 02:04:12,820 - 未找到DART模型文件
2025-03-25 02:04:12,820 - 未找到GOSS模型文件
2025-03-25 02:04:12,821 - 未找到任何可用模型文件
2025-03-25 02:04:12,821 - ⏳ 未有可用模型，等待模型训练完成...
2025-03-25 02:04:42,823 - 检查模型目录: D:\my-vue-project\wind-power-forecast\backend\auto_scripts\models\middlemodel\20250325
2025-03-25 02:04:42,824 - 发现best_models目录: D:\my-vue-project\wind-power-forecast\backend\auto_scripts\models\middlemodel\20250325\best_models
2025-03-25 02:04:42,824 - 未找到GBDT模型文件
2025-03-25 02:04:42,824 - 未找到DART模型文件
2025-03-25 02:04:42,825 - 未找到GOSS模型文件
2025-03-25 02:04:42,825 - 未找到任何可用模型文件
2025-03-25 02:04:42,825 - ⏳ 未有可用模型，等待模型训练完成...
2025-03-25 02:04:52,046 - GOSS 模型训练完成
2025-03-25 02:04:52,046 - 使用 GOSS 模型预测验证集...
2025-03-25 02:04:52,078 - 使用时间加权方式计算模型评分...
2025-03-25 02:04:52,086 - GOSS 评估结果 - RMSE: 53.4696, K: 0.6275, 加权评分: 0.7529
2025-03-25 02:04:52,105 - GOSS 模型已保存到 D:\my-vue-project\wind-power-forecast\backend\auto_scripts\models\middlemodel\20250325\3months\GOSS.joblib
2025-03-25 02:04:52,106 - Scaler 已保存到 D:\my-vue-project\wind-power-forecast\backend\auto_scripts\models\middlemodel\20250325\3months\scaler.joblib
2025-03-25 02:04:52,113 - 最佳模型 'DART' 已额外保存到 D:\my-vue-project\wind-power-forecast\backend\auto_scripts\models\middlemodel\20250325\3months\model.joblib
2025-03-25 02:04:52,114 - 3个月数据的模型训练完成
2025-03-25 02:04:52,114 - 
--------------------------------------------------
【更新每种算法的最佳模型】
--------------------------------------------------
2025-03-25 02:04:52,114 - ✅ 发现更好的GBDT模型 (来自3个月数据)
2025-03-25 02:04:52,114 -    新评分: 0.7498, 旧评分: 0.6447
2025-03-25 02:04:52,114 - ✅ 发现更好的DART模型 (来自3个月数据)
2025-03-25 02:04:52,114 -    新评分: 0.7855, 旧评分: 0.7393
2025-03-25 02:04:52,114 - ✅ 发现更好的GOSS模型 (来自3个月数据)
2025-03-25 02:04:52,114 -    新评分: 0.7529, 旧评分: 0.6427
2025-03-25 02:04:52,114 - 
--------------------------------------------------
【训练数据集: 6个月】
--------------------------------------------------
2025-03-25 02:04:52,114 - 使用6个月的数据进行训练...
2025-03-25 02:04:52,114 - 过滤数据为最近6个月...
2025-03-25 02:04:52,126 - 过滤后的数据量: 17327
2025-03-25 02:04:52,127 - 对6个月数据进行预处理...
2025-03-25 02:04:52,145 - 预处理后的特征维度: (17327, 304), 目标变量维度: (17327,)
2025-03-25 02:04:52,146 - 数据集划分完成，训练集: (15594, 304), 验证集: (1733, 304)
2025-03-25 02:04:52,147 - 提取了 1733 个验证集时间戳，用于时间加权评估
2025-03-25 02:04:52,147 - 执行特征工程，滞后特征数: 4...
2025-03-25 02:04:52,315 - 特征工程后的特征维度 - 训练集: (15591, 859), 验证集: (1730, 859)
2025-03-25 02:04:52,315 - 数据标准化...
2025-03-25 02:04:52,501 - 数据标准化完成
2025-03-25 02:04:52,501 - 创建时间窗口，窗口大小: 16...
2025-03-25 02:04:52,840 - 时间窗口创建完成 - 训练集: (15576, 16, 859), 验证集: (1715, 16, 859)
2025-03-25 02:04:52,840 - 调整时间戳长度以匹配窗口化后的验证集 - 原始长度: 1733, 目标长度: 1715
2025-03-25 02:04:52,840 - 时间戳已截断至匹配窗口化后的验证集长度: 1715
2025-03-25 02:04:52,840 - 为6个月数据创建模型目录: D:\my-vue-project\wind-power-forecast\backend\auto_scripts\models\middlemodel\20250325\6months
2025-03-25 02:04:52,841 - 开始训练6个月数据的模型...
2025-03-25 02:04:52,841 - 
--------------------------------------------------
【开始模型训练与评估】
--------------------------------------------------
2025-03-25 02:04:52,841 - 模型和 scaler 将被保存到目录: D:\my-vue-project\wind-power-forecast\backend\auto_scripts\models\middlemodel\20250325\6months
2025-03-25 02:04:52,841 - 
--------------------------------------------------
【训练 GBDT 模型】
--------------------------------------------------
2025-03-25 02:04:52,841 - 模型参数: {'boosting_type': 'gbdt', 'objective': 'regression', 'metric': 'rmse', 'num_leaves': 31, 'learning_rate': 0.05, 'feature_fraction': 0.9, 'name': 'GBDT'}
2025-03-25 02:04:52,841 - 开始训练 GBDT 模型...
2025-03-25 02:05:12,833 - 检查模型目录: D:\my-vue-project\wind-power-forecast\backend\auto_scripts\models\middlemodel\20250325
2025-03-25 02:05:12,833 - 发现best_models目录: D:\my-vue-project\wind-power-forecast\backend\auto_scripts\models\middlemodel\20250325\best_models
2025-03-25 02:05:12,834 - 未找到GBDT模型文件
2025-03-25 02:05:12,834 - 未找到DART模型文件
2025-03-25 02:05:12,834 - 未找到GOSS模型文件
2025-03-25 02:05:12,834 - 未找到任何可用模型文件
2025-03-25 02:05:12,834 - ⏳ 未有可用模型，等待模型训练完成...
2025-03-25 02:05:42,843 - 检查模型目录: D:\my-vue-project\wind-power-forecast\backend\auto_scripts\models\middlemodel\20250325
2025-03-25 02:05:42,843 - 发现best_models目录: D:\my-vue-project\wind-power-forecast\backend\auto_scripts\models\middlemodel\20250325\best_models
2025-03-25 02:05:42,844 - 未找到GBDT模型文件
2025-03-25 02:05:42,844 - 未找到DART模型文件
2025-03-25 02:05:42,844 - 未找到GOSS模型文件
2025-03-25 02:05:42,845 - 未找到任何可用模型文件
2025-03-25 02:05:42,845 - ⏳ 未有可用模型，等待模型训练完成...
2025-03-25 02:06:09,221 - GBDT 模型训练完成
2025-03-25 02:06:09,221 - 使用 GBDT 模型预测验证集...
2025-03-25 02:06:09,278 - 使用时间加权方式计算模型评分...
2025-03-25 02:06:09,287 - GBDT 评估结果 - RMSE: 50.8665, K: 0.6900, 加权评分: 0.7872
2025-03-25 02:06:09,287 - ✅ GBDT 成为当前最佳模型 (基于加权评分)
2025-03-25 02:06:09,298 - GBDT 模型已保存到 D:\my-vue-project\wind-power-forecast\backend\auto_scripts\models\middlemodel\20250325\6months\GBDT.joblib
2025-03-25 02:06:09,298 - 
--------------------------------------------------
【训练 DART 模型】
--------------------------------------------------
2025-03-25 02:06:09,298 - 模型参数: {'boosting_type': 'dart', 'objective': 'regression', 'metric': 'rmse', 'num_leaves': 31, 'learning_rate': 0.05, 'feature_fraction': 0.9, 'drop_rate': 0.1, 'name': 'DART'}
2025-03-25 02:06:09,298 - 开始训练 DART 模型...
2025-03-25 02:06:12,847 - 检查模型目录: D:\my-vue-project\wind-power-forecast\backend\auto_scripts\models\middlemodel\20250325
2025-03-25 02:06:12,847 - 发现best_models目录: D:\my-vue-project\wind-power-forecast\backend\auto_scripts\models\middlemodel\20250325\best_models
2025-03-25 02:06:12,847 - 未找到GBDT模型文件
2025-03-25 02:06:12,847 - 未找到DART模型文件
2025-03-25 02:06:12,848 - 未找到GOSS模型文件
2025-03-25 02:06:12,848 - 未找到任何可用模型文件
2025-03-25 02:06:12,848 - ⏳ 未有可用模型，等待模型训练完成...
2025-03-25 02:06:42,854 - 检查模型目录: D:\my-vue-project\wind-power-forecast\backend\auto_scripts\models\middlemodel\20250325
2025-03-25 02:06:42,854 - 发现best_models目录: D:\my-vue-project\wind-power-forecast\backend\auto_scripts\models\middlemodel\20250325\best_models
2025-03-25 02:06:42,854 - 未找到GBDT模型文件
2025-03-25 02:06:42,854 - 未找到DART模型文件
2025-03-25 02:06:42,854 - 未找到GOSS模型文件
2025-03-25 02:06:42,855 - 未找到任何可用模型文件
2025-03-25 02:06:42,855 - ⏳ 未有可用模型，等待模型训练完成...
2025-03-25 02:07:12,861 - 检查模型目录: D:\my-vue-project\wind-power-forecast\backend\auto_scripts\models\middlemodel\20250325
2025-03-25 02:07:12,862 - 发现best_models目录: D:\my-vue-project\wind-power-forecast\backend\auto_scripts\models\middlemodel\20250325\best_models
2025-03-25 02:07:12,862 - 未找到GBDT模型文件
2025-03-25 02:07:12,862 - 未找到DART模型文件
2025-03-25 02:07:12,862 - 未找到GOSS模型文件
2025-03-25 02:07:12,862 - 未找到任何可用模型文件
2025-03-25 02:07:12,863 - ⏳ 未有可用模型，等待模型训练完成...
2025-03-25 02:07:25,594 - DART 模型训练完成
2025-03-25 02:07:25,594 - 使用 DART 模型预测验证集...
2025-03-25 02:07:25,652 - 使用时间加权方式计算模型评分...
2025-03-25 02:07:25,666 - DART 评估结果 - RMSE: 68.5842, K: 0.6994, 加权评分: 0.7739
2025-03-25 02:07:25,677 - DART 模型已保存到 D:\my-vue-project\wind-power-forecast\backend\auto_scripts\models\middlemodel\20250325\6months\DART.joblib
2025-03-25 02:07:25,677 - 
--------------------------------------------------
【训练 GOSS 模型】
--------------------------------------------------
2025-03-25 02:07:25,678 - 模型参数: {'boosting_type': 'goss', 'objective': 'regression', 'metric': 'rmse', 'num_leaves': 31, 'learning_rate': 0.05, 'feature_fraction': 0.9, 'top_rate': 0.2, 'other_rate': 0.1, 'name': 'GOSS'}
2025-03-25 02:07:25,678 - 开始训练 GOSS 模型...
2025-03-25 02:07:42,877 - 检查模型目录: D:\my-vue-project\wind-power-forecast\backend\auto_scripts\models\middlemodel\20250325
2025-03-25 02:07:42,878 - 发现best_models目录: D:\my-vue-project\wind-power-forecast\backend\auto_scripts\models\middlemodel\20250325\best_models
2025-03-25 02:07:42,878 - 未找到GBDT模型文件
2025-03-25 02:07:42,878 - 未找到DART模型文件
2025-03-25 02:07:42,879 - 未找到GOSS模型文件
2025-03-25 02:07:42,879 - 未找到任何可用模型文件
2025-03-25 02:07:42,879 - ⏳ 未有可用模型，等待模型训练完成...
2025-03-25 02:08:12,886 - 检查模型目录: D:\my-vue-project\wind-power-forecast\backend\auto_scripts\models\middlemodel\20250325
2025-03-25 02:08:12,886 - 发现best_models目录: D:\my-vue-project\wind-power-forecast\backend\auto_scripts\models\middlemodel\20250325\best_models
2025-03-25 02:08:12,886 - 未找到GBDT模型文件
2025-03-25 02:08:12,887 - 未找到DART模型文件
2025-03-25 02:08:12,887 - 未找到GOSS模型文件
2025-03-25 02:08:12,887 - 未找到任何可用模型文件
2025-03-25 02:08:12,887 - ⏳ 未有可用模型，等待模型训练完成...
2025-03-25 02:08:35,241 - GOSS 模型训练完成
2025-03-25 02:08:35,242 - 使用 GOSS 模型预测验证集...
2025-03-25 02:08:35,310 - 使用时间加权方式计算模型评分...
2025-03-25 02:08:35,320 - GOSS 评估结果 - RMSE: 49.3663, K: 0.6978, 加权评分: 0.7928
2025-03-25 02:08:35,321 - ✅ GOSS 成为当前最佳模型 (基于加权评分)
2025-03-25 02:08:35,342 - GOSS 模型已保存到 D:\my-vue-project\wind-power-forecast\backend\auto_scripts\models\middlemodel\20250325\6months\GOSS.joblib
2025-03-25 02:08:35,344 - Scaler 已保存到 D:\my-vue-project\wind-power-forecast\backend\auto_scripts\models\middlemodel\20250325\6months\scaler.joblib
2025-03-25 02:08:35,360 - 最佳模型 'GOSS' 已额外保存到 D:\my-vue-project\wind-power-forecast\backend\auto_scripts\models\middlemodel\20250325\6months\model.joblib
2025-03-25 02:08:35,360 - 6个月数据的模型训练完成
2025-03-25 02:08:35,360 - 
--------------------------------------------------
【更新每种算法的最佳模型】
--------------------------------------------------
2025-03-25 02:08:35,360 - ✅ 发现更好的GBDT模型 (来自6个月数据)
2025-03-25 02:08:35,360 -    新评分: 0.7872, 旧评分: 0.7498
2025-03-25 02:08:35,360 - ❌ 6个月数据的DART模型不是最佳模型
2025-03-25 02:08:35,361 -    当前评分: 0.7739, 最佳评分: 0.7855
2025-03-25 02:08:35,361 - ✅ 发现更好的GOSS模型 (来自6个月数据)
2025-03-25 02:08:35,361 -    新评分: 0.7928, 旧评分: 0.7529
2025-03-25 02:08:35,361 - 
--------------------------------------------------
【训练数据集: 9个月】
--------------------------------------------------
2025-03-25 02:08:35,361 - 使用9个月的数据进行训练...
2025-03-25 02:08:35,361 - 过滤数据为最近9个月...
2025-03-25 02:08:35,383 - 过滤后的数据量: 24928
2025-03-25 02:08:35,383 - 对9个月数据进行预处理...
2025-03-25 02:08:35,410 - 预处理后的特征维度: (24928, 304), 目标变量维度: (24928,)
2025-03-25 02:08:35,412 - 数据集划分完成，训练集: (22435, 304), 验证集: (2493, 304)
2025-03-25 02:08:35,412 - 提取了 2493 个验证集时间戳，用于时间加权评估
2025-03-25 02:08:35,413 - 执行特征工程，滞后特征数: 4...
2025-03-25 02:08:35,751 - 特征工程后的特征维度 - 训练集: (22432, 859), 验证集: (2490, 859)
2025-03-25 02:08:35,752 - 数据标准化...
2025-03-25 02:08:36,040 - 数据标准化完成
2025-03-25 02:08:36,040 - 创建时间窗口，窗口大小: 16...
2025-03-25 02:08:36,682 - 时间窗口创建完成 - 训练集: (22417, 16, 859), 验证集: (2475, 16, 859)
2025-03-25 02:08:36,682 - 调整时间戳长度以匹配窗口化后的验证集 - 原始长度: 2493, 目标长度: 2475
2025-03-25 02:08:36,682 - 时间戳已截断至匹配窗口化后的验证集长度: 2475
2025-03-25 02:08:36,683 - 为9个月数据创建模型目录: D:\my-vue-project\wind-power-forecast\backend\auto_scripts\models\middlemodel\20250325\9months
2025-03-25 02:08:36,683 - 开始训练9个月数据的模型...
2025-03-25 02:08:36,683 - 
--------------------------------------------------
【开始模型训练与评估】
--------------------------------------------------
2025-03-25 02:08:36,683 - 模型和 scaler 将被保存到目录: D:\my-vue-project\wind-power-forecast\backend\auto_scripts\models\middlemodel\20250325\9months
2025-03-25 02:08:36,683 - 
--------------------------------------------------
【训练 GBDT 模型】
--------------------------------------------------
2025-03-25 02:08:36,683 - 模型参数: {'boosting_type': 'gbdt', 'objective': 'regression', 'metric': 'rmse', 'num_leaves': 31, 'learning_rate': 0.05, 'feature_fraction': 0.9, 'name': 'GBDT'}
2025-03-25 02:08:36,683 - 开始训练 GBDT 模型...
2025-03-25 02:08:42,888 - 检查模型目录: D:\my-vue-project\wind-power-forecast\backend\auto_scripts\models\middlemodel\20250325
2025-03-25 02:08:42,888 - 发现best_models目录: D:\my-vue-project\wind-power-forecast\backend\auto_scripts\models\middlemodel\20250325\best_models
2025-03-25 02:08:42,888 - 未找到GBDT模型文件
2025-03-25 02:08:42,888 - 未找到DART模型文件
2025-03-25 02:08:42,888 - 未找到GOSS模型文件
2025-03-25 02:08:42,888 - 未找到任何可用模型文件
2025-03-25 02:08:42,888 - ⏳ 未有可用模型，等待模型训练完成...
2025-03-25 02:09:12,906 - 检查模型目录: D:\my-vue-project\wind-power-forecast\backend\auto_scripts\models\middlemodel\20250325
2025-03-25 02:09:12,911 - 发现best_models目录: D:\my-vue-project\wind-power-forecast\backend\auto_scripts\models\middlemodel\20250325\best_models
2025-03-25 02:09:12,911 - 未找到GBDT模型文件
2025-03-25 02:09:12,911 - 未找到DART模型文件
2025-03-25 02:09:12,911 - 未找到GOSS模型文件
2025-03-25 02:09:12,912 - 未找到任何可用模型文件
2025-03-25 02:09:12,912 - ⏳ 未有可用模型，等待模型训练完成...
2025-03-25 02:09:42,923 - 检查模型目录: D:\my-vue-project\wind-power-forecast\backend\auto_scripts\models\middlemodel\20250325
2025-03-25 02:09:42,923 - 发现best_models目录: D:\my-vue-project\wind-power-forecast\backend\auto_scripts\models\middlemodel\20250325\best_models
2025-03-25 02:09:42,923 - 未找到GBDT模型文件
2025-03-25 02:09:42,924 - 未找到DART模型文件
2025-03-25 02:09:42,924 - 未找到GOSS模型文件
2025-03-25 02:09:42,924 - 未找到任何可用模型文件
2025-03-25 02:09:42,924 - ⏳ 未有可用模型，等待模型训练完成...
2025-03-25 02:10:05,077 - GBDT 模型训练完成
2025-03-25 02:10:05,078 - 使用 GBDT 模型预测验证集...
2025-03-25 02:10:05,209 - 使用时间加权方式计算模型评分...
2025-03-25 02:10:05,218 - GBDT 评估结果 - RMSE: 48.8180, K: 0.6768, 加权评分: 0.7836
2025-03-25 02:10:05,218 - ✅ GBDT 成为当前最佳模型 (基于加权评分)
2025-03-25 02:10:05,230 - GBDT 模型已保存到 D:\my-vue-project\wind-power-forecast\backend\auto_scripts\models\middlemodel\20250325\9months\GBDT.joblib
2025-03-25 02:10:05,230 - 
--------------------------------------------------
【训练 DART 模型】
--------------------------------------------------
2025-03-25 02:10:05,231 - 模型参数: {'boosting_type': 'dart', 'objective': 'regression', 'metric': 'rmse', 'num_leaves': 31, 'learning_rate': 0.05, 'feature_fraction': 0.9, 'drop_rate': 0.1, 'name': 'DART'}
2025-03-25 02:10:05,231 - 开始训练 DART 模型...
2025-03-25 02:10:12,928 - 检查模型目录: D:\my-vue-project\wind-power-forecast\backend\auto_scripts\models\middlemodel\20250325
2025-03-25 02:10:12,928 - 发现best_models目录: D:\my-vue-project\wind-power-forecast\backend\auto_scripts\models\middlemodel\20250325\best_models
2025-03-25 02:10:12,928 - 未找到GBDT模型文件
2025-03-25 02:10:12,928 - 未找到DART模型文件
2025-03-25 02:10:12,928 - 未找到GOSS模型文件
2025-03-25 02:10:12,928 - 未找到任何可用模型文件
2025-03-25 02:10:12,928 - ⏳ 未有可用模型，等待模型训练完成...
2025-03-25 02:10:42,929 - 检查模型目录: D:\my-vue-project\wind-power-forecast\backend\auto_scripts\models\middlemodel\20250325
2025-03-25 02:10:42,929 - 发现best_models目录: D:\my-vue-project\wind-power-forecast\backend\auto_scripts\models\middlemodel\20250325\best_models
2025-03-25 02:10:42,930 - 未找到GBDT模型文件
2025-03-25 02:10:42,930 - 未找到DART模型文件
2025-03-25 02:10:42,930 - 未找到GOSS模型文件
2025-03-25 02:10:42,930 - 未找到任何可用模型文件
2025-03-25 02:10:42,930 - ⏳ 未有可用模型，等待模型训练完成...
2025-03-25 02:11:12,942 - 检查模型目录: D:\my-vue-project\wind-power-forecast\backend\auto_scripts\models\middlemodel\20250325
2025-03-25 02:11:12,943 - 发现best_models目录: D:\my-vue-project\wind-power-forecast\backend\auto_scripts\models\middlemodel\20250325\best_models
2025-03-25 02:11:12,943 - 未找到GBDT模型文件
2025-03-25 02:11:12,943 - 未找到DART模型文件
2025-03-25 02:11:12,943 - 未找到GOSS模型文件
2025-03-25 02:11:12,943 - 未找到任何可用模型文件
2025-03-25 02:11:12,943 - ⏳ 未有可用模型，等待模型训练完成...
2025-03-25 02:11:32,728 - DART 模型训练完成
2025-03-25 02:11:32,728 - 使用 DART 模型预测验证集...
2025-03-25 02:11:32,828 - 使用时间加权方式计算模型评分...
2025-03-25 02:11:32,836 - DART 评估结果 - RMSE: 61.0135, K: 0.7109, 加权评分: 0.7877
2025-03-25 02:11:32,836 - ✅ DART 成为当前最佳模型 (基于加权评分)
2025-03-25 02:11:32,843 - DART 模型已保存到 D:\my-vue-project\wind-power-forecast\backend\auto_scripts\models\middlemodel\20250325\9months\DART.joblib
2025-03-25 02:11:32,843 - 
--------------------------------------------------
【训练 GOSS 模型】
--------------------------------------------------
2025-03-25 02:11:32,844 - 模型参数: {'boosting_type': 'goss', 'objective': 'regression', 'metric': 'rmse', 'num_leaves': 31, 'learning_rate': 0.05, 'feature_fraction': 0.9, 'top_rate': 0.2, 'other_rate': 0.1, 'name': 'GOSS'}
2025-03-25 02:11:32,844 - 开始训练 GOSS 模型...
2025-03-25 02:11:42,950 - 检查模型目录: D:\my-vue-project\wind-power-forecast\backend\auto_scripts\models\middlemodel\20250325
2025-03-25 02:11:42,951 - 发现best_models目录: D:\my-vue-project\wind-power-forecast\backend\auto_scripts\models\middlemodel\20250325\best_models
2025-03-25 02:11:42,951 - 未找到GBDT模型文件
2025-03-25 02:11:42,951 - 未找到DART模型文件
2025-03-25 02:11:42,951 - 未找到GOSS模型文件
2025-03-25 02:11:42,951 - 未找到任何可用模型文件
2025-03-25 02:11:42,951 - ⏳ 未有可用模型，等待模型训练完成...
2025-03-25 02:12:12,960 - 检查模型目录: D:\my-vue-project\wind-power-forecast\backend\auto_scripts\models\middlemodel\20250325
2025-03-25 02:12:12,961 - 发现best_models目录: D:\my-vue-project\wind-power-forecast\backend\auto_scripts\models\middlemodel\20250325\best_models
2025-03-25 02:12:12,961 - 未找到GBDT模型文件
2025-03-25 02:12:12,962 - 未找到DART模型文件
2025-03-25 02:12:12,962 - 未找到GOSS模型文件
2025-03-25 02:12:12,962 - 未找到任何可用模型文件
2025-03-25 02:12:12,962 - ⏳ 未有可用模型，等待模型训练完成...
2025-03-25 02:12:42,978 - 检查模型目录: D:\my-vue-project\wind-power-forecast\backend\auto_scripts\models\middlemodel\20250325
2025-03-25 02:12:42,978 - 发现best_models目录: D:\my-vue-project\wind-power-forecast\backend\auto_scripts\models\middlemodel\20250325\best_models
2025-03-25 02:12:42,979 - 未找到GBDT模型文件
2025-03-25 02:12:42,979 - 未找到DART模型文件
2025-03-25 02:12:42,979 - 未找到GOSS模型文件
2025-03-25 02:12:42,979 - 未找到任何可用模型文件
2025-03-25 02:12:42,979 - ⏳ 未有可用模型，等待模型训练完成...
2025-03-25 02:12:52,362 - GOSS 模型训练完成
2025-03-25 02:12:52,362 - 使用 GOSS 模型预测验证集...
2025-03-25 02:12:52,498 - 使用时间加权方式计算模型评分...
2025-03-25 02:12:52,520 - GOSS 评估结果 - RMSE: 48.8096, K: 0.6796, 加权评分: 0.7852
2025-03-25 02:12:52,536 - GOSS 模型已保存到 D:\my-vue-project\wind-power-forecast\backend\auto_scripts\models\middlemodel\20250325\9months\GOSS.joblib
2025-03-25 02:12:52,539 - Scaler 已保存到 D:\my-vue-project\wind-power-forecast\backend\auto_scripts\models\middlemodel\20250325\9months\scaler.joblib
2025-03-25 02:12:52,547 - 最佳模型 'DART' 已额外保存到 D:\my-vue-project\wind-power-forecast\backend\auto_scripts\models\middlemodel\20250325\9months\model.joblib
2025-03-25 02:12:52,548 - 9个月数据的模型训练完成
2025-03-25 02:12:52,548 - 
--------------------------------------------------
【更新每种算法的最佳模型】
--------------------------------------------------
2025-03-25 02:12:52,548 - ❌ 9个月数据的GBDT模型不是最佳模型
2025-03-25 02:12:52,548 -    当前评分: 0.7836, 最佳评分: 0.7872
2025-03-25 02:12:52,548 - ✅ 发现更好的DART模型 (来自9个月数据)
2025-03-25 02:12:52,548 -    新评分: 0.7877, 旧评分: 0.7855
2025-03-25 02:12:52,548 - ❌ 9个月数据的GOSS模型不是最佳模型
2025-03-25 02:12:52,548 -    当前评分: 0.7852, 最佳评分: 0.7928
2025-03-25 02:12:52,548 - 
--------------------------------------------------
【训练数据集: 12个月】
--------------------------------------------------
2025-03-25 02:12:52,549 - 使用12个月的数据进行训练...
2025-03-25 02:12:52,549 - 过滤数据为最近12个月...
2025-03-25 02:12:52,685 - 过滤后的数据量: 33664
2025-03-25 02:12:52,685 - 对12个月数据进行预处理...
2025-03-25 02:12:52,708 - 预处理后的特征维度: (33664, 304), 目标变量维度: (33664,)
2025-03-25 02:12:52,709 - 数据集划分完成，训练集: (30297, 304), 验证集: (3367, 304)
2025-03-25 02:12:52,710 - 提取了 3367 个验证集时间戳，用于时间加权评估
2025-03-25 02:12:52,710 - 执行特征工程，滞后特征数: 4...
2025-03-25 02:12:52,955 - 特征工程后的特征维度 - 训练集: (30294, 859), 验证集: (3364, 859)
2025-03-25 02:12:52,956 - 数据标准化...
2025-03-25 02:12:53,275 - 数据标准化完成
2025-03-25 02:12:53,275 - 创建时间窗口，窗口大小: 16...
2025-03-25 02:12:53,984 - 时间窗口创建完成 - 训练集: (30279, 16, 859), 验证集: (3349, 16, 859)
2025-03-25 02:12:53,985 - 调整时间戳长度以匹配窗口化后的验证集 - 原始长度: 3367, 目标长度: 3349
2025-03-25 02:12:53,985 - 时间戳已截断至匹配窗口化后的验证集长度: 3349
2025-03-25 02:12:53,985 - 为12个月数据创建模型目录: D:\my-vue-project\wind-power-forecast\backend\auto_scripts\models\middlemodel\20250325\12months
2025-03-25 02:12:53,985 - 开始训练12个月数据的模型...
2025-03-25 02:12:53,985 - 
--------------------------------------------------
【开始模型训练与评估】
--------------------------------------------------
2025-03-25 02:12:53,986 - 模型和 scaler 将被保存到目录: D:\my-vue-project\wind-power-forecast\backend\auto_scripts\models\middlemodel\20250325\12months
2025-03-25 02:12:53,986 - 
--------------------------------------------------
【训练 GBDT 模型】
--------------------------------------------------
2025-03-25 02:12:53,986 - 模型参数: {'boosting_type': 'gbdt', 'objective': 'regression', 'metric': 'rmse', 'num_leaves': 31, 'learning_rate': 0.05, 'feature_fraction': 0.9, 'name': 'GBDT'}
2025-03-25 02:12:53,986 - 开始训练 GBDT 模型...
2025-03-25 02:13:13,148 - 检查模型目录: D:\my-vue-project\wind-power-forecast\backend\auto_scripts\models\middlemodel\20250325
2025-03-25 02:13:13,201 - 发现best_models目录: D:\my-vue-project\wind-power-forecast\backend\auto_scripts\models\middlemodel\20250325\best_models
2025-03-25 02:13:13,203 - 未找到GBDT模型文件
2025-03-25 02:13:13,203 - 未找到DART模型文件
2025-03-25 02:13:13,203 - 未找到GOSS模型文件
2025-03-25 02:13:13,204 - 未找到任何可用模型文件
2025-03-25 02:13:13,204 - ⏳ 未有可用模型，等待模型训练完成...
2025-03-25 02:13:43,208 - 检查模型目录: D:\my-vue-project\wind-power-forecast\backend\auto_scripts\models\middlemodel\20250325
2025-03-25 02:13:43,208 - 发现best_models目录: D:\my-vue-project\wind-power-forecast\backend\auto_scripts\models\middlemodel\20250325\best_models
2025-03-25 02:13:43,208 - 未找到GBDT模型文件
2025-03-25 02:13:43,209 - 未找到DART模型文件
2025-03-25 02:13:43,209 - 未找到GOSS模型文件
2025-03-25 02:13:43,209 - 未找到任何可用模型文件
2025-03-25 02:13:43,209 - ⏳ 未有可用模型，等待模型训练完成...
2025-03-25 02:14:13,218 - 检查模型目录: D:\my-vue-project\wind-power-forecast\backend\auto_scripts\models\middlemodel\20250325
2025-03-25 02:14:13,219 - 发现best_models目录: D:\my-vue-project\wind-power-forecast\backend\auto_scripts\models\middlemodel\20250325\best_models
2025-03-25 02:14:13,219 - 未找到GBDT模型文件
2025-03-25 02:14:13,219 - 未找到DART模型文件
2025-03-25 02:14:13,219 - 未找到GOSS模型文件
2025-03-25 02:14:13,219 - 未找到任何可用模型文件
2025-03-25 02:14:13,219 - ⏳ 未有可用模型，等待模型训练完成...
2025-03-25 02:14:43,220 - 检查模型目录: D:\my-vue-project\wind-power-forecast\backend\auto_scripts\models\middlemodel\20250325
2025-03-25 02:14:43,220 - 发现best_models目录: D:\my-vue-project\wind-power-forecast\backend\auto_scripts\models\middlemodel\20250325\best_models
2025-03-25 02:14:43,221 - 未找到GBDT模型文件
2025-03-25 02:14:43,221 - 未找到DART模型文件
2025-03-25 02:14:43,221 - 未找到GOSS模型文件
2025-03-25 02:14:43,222 - 未找到任何可用模型文件
2025-03-25 02:14:43,222 - ⏳ 未有可用模型，等待模型训练完成...
2025-03-25 02:15:06,621 - GBDT 模型训练完成
2025-03-25 02:15:06,621 - 使用 GBDT 模型预测验证集...
2025-03-25 02:15:06,960 - 使用时间加权方式计算模型评分...
2025-03-25 02:15:06,980 - GBDT 评估结果 - RMSE: 45.8674, K: 0.7136, 加权评分: 0.8056
2025-03-25 02:15:06,980 - ✅ GBDT 成为当前最佳模型 (基于加权评分)
2025-03-25 02:15:06,998 - GBDT 模型已保存到 D:\my-vue-project\wind-power-forecast\backend\auto_scripts\models\middlemodel\20250325\12months\GBDT.joblib
2025-03-25 02:15:06,998 - 
--------------------------------------------------
【训练 DART 模型】
--------------------------------------------------
2025-03-25 02:15:06,998 - 模型参数: {'boosting_type': 'dart', 'objective': 'regression', 'metric': 'rmse', 'num_leaves': 31, 'learning_rate': 0.05, 'feature_fraction': 0.9, 'drop_rate': 0.1, 'name': 'DART'}
2025-03-25 02:15:06,998 - 开始训练 DART 模型...
2025-03-25 02:15:13,226 - 检查模型目录: D:\my-vue-project\wind-power-forecast\backend\auto_scripts\models\middlemodel\20250325
2025-03-25 02:15:13,226 - 发现best_models目录: D:\my-vue-project\wind-power-forecast\backend\auto_scripts\models\middlemodel\20250325\best_models
2025-03-25 02:15:13,227 - 未找到GBDT模型文件
2025-03-25 02:15:13,227 - 未找到DART模型文件
2025-03-25 02:15:13,227 - 未找到GOSS模型文件
2025-03-25 02:15:13,228 - 未找到任何可用模型文件
2025-03-25 02:15:13,228 - ⏳ 未有可用模型，等待模型训练完成...
2025-03-25 02:15:43,259 - 检查模型目录: D:\my-vue-project\wind-power-forecast\backend\auto_scripts\models\middlemodel\20250325
2025-03-25 02:15:43,268 - 发现best_models目录: D:\my-vue-project\wind-power-forecast\backend\auto_scripts\models\middlemodel\20250325\best_models
2025-03-25 02:15:43,268 - 未找到GBDT模型文件
2025-03-25 02:15:43,269 - 未找到DART模型文件
2025-03-25 02:15:43,269 - 未找到GOSS模型文件
2025-03-25 02:15:43,269 - 未找到任何可用模型文件
2025-03-25 02:15:43,270 - ⏳ 未有可用模型，等待模型训练完成...
2025-03-25 02:16:13,274 - 检查模型目录: D:\my-vue-project\wind-power-forecast\backend\auto_scripts\models\middlemodel\20250325
2025-03-25 02:16:13,274 - 发现best_models目录: D:\my-vue-project\wind-power-forecast\backend\auto_scripts\models\middlemodel\20250325\best_models
2025-03-25 02:16:13,274 - 未找到GBDT模型文件
2025-03-25 02:16:13,275 - 未找到DART模型文件
2025-03-25 02:16:13,275 - 未找到GOSS模型文件
2025-03-25 02:16:13,275 - 未找到任何可用模型文件
2025-03-25 02:16:13,275 - ⏳ 未有可用模型，等待模型训练完成...
2025-03-25 02:16:43,280 - 检查模型目录: D:\my-vue-project\wind-power-forecast\backend\auto_scripts\models\middlemodel\20250325
2025-03-25 02:16:43,281 - 发现best_models目录: D:\my-vue-project\wind-power-forecast\backend\auto_scripts\models\middlemodel\20250325\best_models
2025-03-25 02:16:43,281 - 未找到GBDT模型文件
2025-03-25 02:16:43,281 - 未找到DART模型文件
2025-03-25 02:16:43,281 - 未找到GOSS模型文件
2025-03-25 02:16:43,281 - 未找到任何可用模型文件
2025-03-25 02:16:43,281 - ⏳ 未有可用模型，等待模型训练完成...
2025-03-25 02:16:46,439 - DART 模型训练完成
2025-03-25 02:16:46,439 - 使用 DART 模型预测验证集...
2025-03-25 02:16:46,858 - 使用时间加权方式计算模型评分...
2025-03-25 02:16:46,883 - DART 评估结果 - RMSE: 61.3973, K: 0.7155, 加权评分: 0.7898
2025-03-25 02:16:46,904 - DART 模型已保存到 D:\my-vue-project\wind-power-forecast\backend\auto_scripts\models\middlemodel\20250325\12months\DART.joblib
2025-03-25 02:16:46,904 - 
--------------------------------------------------
【训练 GOSS 模型】
--------------------------------------------------
2025-03-25 02:16:46,904 - 模型参数: {'boosting_type': 'goss', 'objective': 'regression', 'metric': 'rmse', 'num_leaves': 31, 'learning_rate': 0.05, 'feature_fraction': 0.9, 'top_rate': 0.2, 'other_rate': 0.1, 'name': 'GOSS'}
2025-03-25 02:16:46,905 - 开始训练 GOSS 模型...
2025-03-25 02:17:13,298 - 检查模型目录: D:\my-vue-project\wind-power-forecast\backend\auto_scripts\models\middlemodel\20250325
2025-03-25 02:17:13,304 - 发现best_models目录: D:\my-vue-project\wind-power-forecast\backend\auto_scripts\models\middlemodel\20250325\best_models
2025-03-25 02:17:13,304 - 未找到GBDT模型文件
2025-03-25 02:17:13,304 - 未找到DART模型文件
2025-03-25 02:17:13,304 - 未找到GOSS模型文件
2025-03-25 02:17:13,305 - 未找到任何可用模型文件
2025-03-25 02:17:13,305 - ⏳ 未有可用模型，等待模型训练完成...
2025-03-25 02:17:43,317 - 检查模型目录: D:\my-vue-project\wind-power-forecast\backend\auto_scripts\models\middlemodel\20250325
2025-03-25 02:17:43,317 - 发现best_models目录: D:\my-vue-project\wind-power-forecast\backend\auto_scripts\models\middlemodel\20250325\best_models
2025-03-25 02:17:43,317 - 未找到GBDT模型文件
2025-03-25 02:17:43,317 - 未找到DART模型文件
2025-03-25 02:17:43,318 - 未找到GOSS模型文件
2025-03-25 02:17:43,318 - 未找到任何可用模型文件
2025-03-25 02:17:43,318 - ⏳ 未有可用模型，等待模型训练完成...
2025-03-25 02:18:13,330 - 检查模型目录: D:\my-vue-project\wind-power-forecast\backend\auto_scripts\models\middlemodel\20250325
2025-03-25 02:18:13,331 - 发现best_models目录: D:\my-vue-project\wind-power-forecast\backend\auto_scripts\models\middlemodel\20250325\best_models
2025-03-25 02:18:13,331 - 未找到GBDT模型文件
2025-03-25 02:18:13,331 - 未找到DART模型文件
2025-03-25 02:18:13,331 - 未找到GOSS模型文件
2025-03-25 02:18:13,332 - 未找到任何可用模型文件
2025-03-25 02:18:13,332 - ⏳ 未有可用模型，等待模型训练完成...
2025-03-25 02:18:16,379 - GOSS 模型训练完成
2025-03-25 02:18:16,379 - 使用 GOSS 模型预测验证集...
2025-03-25 02:18:16,848 - 使用时间加权方式计算模型评分...
2025-03-25 02:18:16,880 - GOSS 评估结果 - RMSE: 46.6498, K: 0.7086, 加权评分: 0.8024
2025-03-25 02:18:16,902 - GOSS 模型已保存到 D:\my-vue-project\wind-power-forecast\backend\auto_scripts\models\middlemodel\20250325\12months\GOSS.joblib
2025-03-25 02:18:16,918 - Scaler 已保存到 D:\my-vue-project\wind-power-forecast\backend\auto_scripts\models\middlemodel\20250325\12months\scaler.joblib
2025-03-25 02:18:16,932 - 最佳模型 'GBDT' 已额外保存到 D:\my-vue-project\wind-power-forecast\backend\auto_scripts\models\middlemodel\20250325\12months\model.joblib
2025-03-25 02:18:16,933 - 12个月数据的模型训练完成
2025-03-25 02:18:16,933 - 
--------------------------------------------------
【更新每种算法的最佳模型】
--------------------------------------------------
2025-03-25 02:18:16,933 - ✅ 发现更好的GBDT模型 (来自12个月数据)
2025-03-25 02:18:16,933 -    新评分: 0.8056, 旧评分: 0.7872
2025-03-25 02:18:16,934 - ✅ 发现更好的DART模型 (来自12个月数据)
2025-03-25 02:18:16,934 -    新评分: 0.7898, 旧评分: 0.7877
2025-03-25 02:18:16,936 - ✅ 发现更好的GOSS模型 (来自12个月数据)
2025-03-25 02:18:16,936 -    新评分: 0.8024, 旧评分: 0.7928
2025-03-25 02:18:16,937 - 
--------------------------------------------------
【训练数据集: 全部数据】
--------------------------------------------------
2025-03-25 02:18:16,937 - 使用全部数据的数据进行训练...
2025-03-25 02:18:16,937 - 使用全部数据...
2025-03-25 02:18:16,954 - 过滤后的数据量: 38172
2025-03-25 02:18:16,954 - 对全部数据数据进行预处理...
2025-03-25 02:18:17,239 - 预处理后的特征维度: (38172, 304), 目标变量维度: (38172,)
2025-03-25 02:18:17,250 - 数据集划分完成，训练集: (34354, 304), 验证集: (3818, 304)
2025-03-25 02:18:17,251 - 提取了 3818 个验证集时间戳，用于时间加权评估
2025-03-25 02:18:17,251 - 执行特征工程，滞后特征数: 4...
2025-03-25 02:18:17,898 - 特征工程后的特征维度 - 训练集: (34351, 859), 验证集: (3815, 859)
2025-03-25 02:18:17,898 - 数据标准化...
2025-03-25 02:18:18,238 - 数据标准化完成
2025-03-25 02:18:18,238 - 创建时间窗口，窗口大小: 16...
2025-03-25 02:18:19,362 - 时间窗口创建完成 - 训练集: (34336, 16, 859), 验证集: (3800, 16, 859)
2025-03-25 02:18:19,362 - 调整时间戳长度以匹配窗口化后的验证集 - 原始长度: 3818, 目标长度: 3800
2025-03-25 02:18:19,362 - 时间戳已截断至匹配窗口化后的验证集长度: 3800
2025-03-25 02:18:19,363 - 为全部数据数据创建模型目录: D:\my-vue-project\wind-power-forecast\backend\auto_scripts\models\middlemodel\20250325\all_data
2025-03-25 02:18:19,363 - 开始训练全部数据数据的模型...
2025-03-25 02:18:19,363 - 
--------------------------------------------------
【开始模型训练与评估】
--------------------------------------------------
2025-03-25 02:18:19,364 - 模型和 scaler 将被保存到目录: D:\my-vue-project\wind-power-forecast\backend\auto_scripts\models\middlemodel\20250325\all_data
2025-03-25 02:18:19,364 - 
--------------------------------------------------
【训练 GBDT 模型】
--------------------------------------------------
2025-03-25 02:18:19,364 - 模型参数: {'boosting_type': 'gbdt', 'objective': 'regression', 'metric': 'rmse', 'num_leaves': 31, 'learning_rate': 0.05, 'feature_fraction': 0.9, 'name': 'GBDT'}
2025-03-25 02:18:19,364 - 开始训练 GBDT 模型...
2025-03-25 02:18:43,467 - 检查模型目录: D:\my-vue-project\wind-power-forecast\backend\auto_scripts\models\middlemodel\20250325
2025-03-25 02:18:43,541 - 发现best_models目录: D:\my-vue-project\wind-power-forecast\backend\auto_scripts\models\middlemodel\20250325\best_models
2025-03-25 02:18:43,543 - 未找到GBDT模型文件
2025-03-25 02:18:43,543 - 未找到DART模型文件
2025-03-25 02:18:43,544 - 未找到GOSS模型文件
2025-03-25 02:18:43,544 - 未找到任何可用模型文件
2025-03-25 02:18:43,544 - ⏳ 未有可用模型，等待模型训练完成...
2025-03-25 02:19:13,557 - 检查模型目录: D:\my-vue-project\wind-power-forecast\backend\auto_scripts\models\middlemodel\20250325
2025-03-25 02:19:13,558 - 发现best_models目录: D:\my-vue-project\wind-power-forecast\backend\auto_scripts\models\middlemodel\20250325\best_models
2025-03-25 02:19:13,558 - 未找到GBDT模型文件
2025-03-25 02:19:13,558 - 未找到DART模型文件
2025-03-25 02:19:13,558 - 未找到GOSS模型文件
2025-03-25 02:19:13,558 - 未找到任何可用模型文件
2025-03-25 02:19:13,558 - ⏳ 未有可用模型，等待模型训练完成...
2025-03-25 02:19:43,571 - 检查模型目录: D:\my-vue-project\wind-power-forecast\backend\auto_scripts\models\middlemodel\20250325
2025-03-25 02:19:43,571 - 发现best_models目录: D:\my-vue-project\wind-power-forecast\backend\auto_scripts\models\middlemodel\20250325\best_models
2025-03-25 02:19:43,571 - 未找到GBDT模型文件
2025-03-25 02:19:43,571 - 未找到DART模型文件
2025-03-25 02:19:43,572 - 未找到GOSS模型文件
2025-03-25 02:19:43,572 - 未找到任何可用模型文件
2025-03-25 02:19:43,572 - ⏳ 未有可用模型，等待模型训练完成...
2025-03-25 02:20:13,582 - 检查模型目录: D:\my-vue-project\wind-power-forecast\backend\auto_scripts\models\middlemodel\20250325
2025-03-25 02:20:13,582 - 发现best_models目录: D:\my-vue-project\wind-power-forecast\backend\auto_scripts\models\middlemodel\20250325\best_models
2025-03-25 02:20:13,582 - 未找到GBDT模型文件
2025-03-25 02:20:13,582 - 未找到DART模型文件
2025-03-25 02:20:13,583 - 未找到GOSS模型文件
2025-03-25 02:20:13,583 - 未找到任何可用模型文件
2025-03-25 02:20:13,583 - ⏳ 未有可用模型，等待模型训练完成...
2025-03-25 02:20:28,860 - GBDT 模型训练完成
2025-03-25 02:20:28,860 - 使用 GBDT 模型预测验证集...
2025-03-25 02:20:29,574 - 使用时间加权方式计算模型评分...
2025-03-25 02:20:29,597 - GBDT 评估结果 - RMSE: 46.2606, K: 0.6942, 加权评分: 0.7956
2025-03-25 02:20:29,597 - ✅ GBDT 成为当前最佳模型 (基于加权评分)
2025-03-25 02:20:29,617 - GBDT 模型已保存到 D:\my-vue-project\wind-power-forecast\backend\auto_scripts\models\middlemodel\20250325\all_data\GBDT.joblib
2025-03-25 02:20:29,617 - 
--------------------------------------------------
【训练 DART 模型】
--------------------------------------------------
2025-03-25 02:20:29,618 - 模型参数: {'boosting_type': 'dart', 'objective': 'regression', 'metric': 'rmse', 'num_leaves': 31, 'learning_rate': 0.05, 'feature_fraction': 0.9, 'drop_rate': 0.1, 'name': 'DART'}
2025-03-25 02:20:29,618 - 开始训练 DART 模型...
2025-03-25 02:20:43,586 - 检查模型目录: D:\my-vue-project\wind-power-forecast\backend\auto_scripts\models\middlemodel\20250325
2025-03-25 02:20:43,586 - 发现best_models目录: D:\my-vue-project\wind-power-forecast\backend\auto_scripts\models\middlemodel\20250325\best_models
2025-03-25 02:20:43,586 - 未找到GBDT模型文件
2025-03-25 02:20:43,586 - 未找到DART模型文件
2025-03-25 02:20:43,587 - 未找到GOSS模型文件
2025-03-25 02:20:43,587 - 未找到任何可用模型文件
2025-03-25 02:20:43,587 - ⏳ 未有可用模型，等待模型训练完成...
2025-03-25 02:21:13,721 - 检查模型目录: D:\my-vue-project\wind-power-forecast\backend\auto_scripts\models\middlemodel\20250325
2025-03-25 02:21:13,766 - 发现best_models目录: D:\my-vue-project\wind-power-forecast\backend\auto_scripts\models\middlemodel\20250325\best_models
2025-03-25 02:21:13,771 - 未找到GBDT模型文件
2025-03-25 02:21:13,771 - 未找到DART模型文件
2025-03-25 02:21:13,771 - 未找到GOSS模型文件
2025-03-25 02:21:13,771 - 未找到任何可用模型文件
2025-03-25 02:21:13,772 - ⏳ 未有可用模型，等待模型训练完成...
2025-03-25 02:21:43,790 - 检查模型目录: D:\my-vue-project\wind-power-forecast\backend\auto_scripts\models\middlemodel\20250325
2025-03-25 02:21:43,790 - 发现best_models目录: D:\my-vue-project\wind-power-forecast\backend\auto_scripts\models\middlemodel\20250325\best_models
2025-03-25 02:21:43,790 - 未找到GBDT模型文件
2025-03-25 02:21:43,791 - 未找到DART模型文件
2025-03-25 02:21:43,791 - 未找到GOSS模型文件
2025-03-25 02:21:43,791 - 未找到任何可用模型文件
2025-03-25 02:21:43,791 - ⏳ 未有可用模型，等待模型训练完成...
2025-03-25 02:22:13,797 - 检查模型目录: D:\my-vue-project\wind-power-forecast\backend\auto_scripts\models\middlemodel\20250325
2025-03-25 02:22:13,798 - 发现best_models目录: D:\my-vue-project\wind-power-forecast\backend\auto_scripts\models\middlemodel\20250325\best_models
2025-03-25 02:22:13,799 - 未找到GBDT模型文件
2025-03-25 02:22:13,799 - 未找到DART模型文件
2025-03-25 02:22:13,799 - 未找到GOSS模型文件
2025-03-25 02:22:13,800 - 未找到任何可用模型文件
2025-03-25 02:22:13,800 - ⏳ 未有可用模型，等待模型训练完成...
2025-03-25 02:22:36,858 - DART 模型训练完成
2025-03-25 02:22:36,859 - 使用 DART 模型预测验证集...
2025-03-25 02:22:37,700 - 使用时间加权方式计算模型评分...
2025-03-25 02:22:37,725 - DART 评估结果 - RMSE: 59.3663, K: 0.7118, 加权评分: 0.7903
2025-03-25 02:22:37,753 - DART 模型已保存到 D:\my-vue-project\wind-power-forecast\backend\auto_scripts\models\middlemodel\20250325\all_data\DART.joblib
2025-03-25 02:22:37,754 - 
--------------------------------------------------
【训练 GOSS 模型】
--------------------------------------------------
2025-03-25 02:22:37,755 - 模型参数: {'boosting_type': 'goss', 'objective': 'regression', 'metric': 'rmse', 'num_leaves': 31, 'learning_rate': 0.05, 'feature_fraction': 0.9, 'top_rate': 0.2, 'other_rate': 0.1, 'name': 'GOSS'}
2025-03-25 02:22:37,756 - 开始训练 GOSS 模型...
2025-03-25 02:22:43,808 - 检查模型目录: D:\my-vue-project\wind-power-forecast\backend\auto_scripts\models\middlemodel\20250325
2025-03-25 02:22:43,808 - 发现best_models目录: D:\my-vue-project\wind-power-forecast\backend\auto_scripts\models\middlemodel\20250325\best_models
2025-03-25 02:22:43,808 - 未找到GBDT模型文件
2025-03-25 02:22:43,808 - 未找到DART模型文件
2025-03-25 02:22:43,808 - 未找到GOSS模型文件
2025-03-25 02:22:43,809 - 未找到任何可用模型文件
2025-03-25 02:22:43,809 - ⏳ 未有可用模型，等待模型训练完成...
2025-03-25 02:23:13,814 - 检查模型目录: D:\my-vue-project\wind-power-forecast\backend\auto_scripts\models\middlemodel\20250325
2025-03-25 02:23:13,814 - 发现best_models目录: D:\my-vue-project\wind-power-forecast\backend\auto_scripts\models\middlemodel\20250325\best_models
2025-03-25 02:23:13,814 - 未找到GBDT模型文件
2025-03-25 02:23:13,814 - 未找到DART模型文件
2025-03-25 02:23:13,814 - 未找到GOSS模型文件
2025-03-25 02:23:13,815 - 未找到任何可用模型文件
2025-03-25 02:23:13,815 - ⏳ 未有可用模型，等待模型训练完成...
2025-03-25 02:23:43,820 - 检查模型目录: D:\my-vue-project\wind-power-forecast\backend\auto_scripts\models\middlemodel\20250325
2025-03-25 02:23:43,821 - 发现best_models目录: D:\my-vue-project\wind-power-forecast\backend\auto_scripts\models\middlemodel\20250325\best_models
2025-03-25 02:23:43,821 - 未找到GBDT模型文件
2025-03-25 02:23:43,822 - 未找到DART模型文件
2025-03-25 02:23:43,822 - 未找到GOSS模型文件
2025-03-25 02:23:43,822 - 未找到任何可用模型文件
2025-03-25 02:23:43,822 - ⏳ 未有可用模型，等待模型训练完成...
2025-03-25 02:24:13,839 - 检查模型目录: D:\my-vue-project\wind-power-forecast\backend\auto_scripts\models\middlemodel\20250325
2025-03-25 02:24:13,839 - 发现best_models目录: D:\my-vue-project\wind-power-forecast\backend\auto_scripts\models\middlemodel\20250325\best_models
2025-03-25 02:24:13,839 - 未找到GBDT模型文件
2025-03-25 02:24:13,840 - 未找到DART模型文件
2025-03-25 02:24:13,840 - 未找到GOSS模型文件
2025-03-25 02:24:13,840 - 未找到任何可用模型文件
2025-03-25 02:24:13,840 - ⏳ 未有可用模型，等待模型训练完成...
2025-03-25 02:24:20,993 - GOSS 模型训练完成
2025-03-25 02:24:20,993 - 使用 GOSS 模型预测验证集...
2025-03-25 02:24:21,610 - 使用时间加权方式计算模型评分...
2025-03-25 02:24:21,629 - GOSS 评估结果 - RMSE: 46.2717, K: 0.6971, 加权评分: 0.7970
2025-03-25 02:24:21,629 - ✅ GOSS 成为当前最佳模型 (基于加权评分)
2025-03-25 02:24:21,644 - GOSS 模型已保存到 D:\my-vue-project\wind-power-forecast\backend\auto_scripts\models\middlemodel\20250325\all_data\GOSS.joblib
2025-03-25 02:24:21,661 - Scaler 已保存到 D:\my-vue-project\wind-power-forecast\backend\auto_scripts\models\middlemodel\20250325\all_data\scaler.joblib
2025-03-25 02:24:21,678 - 最佳模型 'GOSS' 已额外保存到 D:\my-vue-project\wind-power-forecast\backend\auto_scripts\models\middlemodel\20250325\all_data\model.joblib
2025-03-25 02:24:21,680 - 全部数据数据的模型训练完成
2025-03-25 02:24:21,680 - 
--------------------------------------------------
【更新每种算法的最佳模型】
--------------------------------------------------
2025-03-25 02:24:21,680 - ❌ 全部数据数据的GBDT模型不是最佳模型
2025-03-25 02:24:21,680 -    当前评分: 0.7956, 最佳评分: 0.8056
2025-03-25 02:24:21,680 - ✅ 发现更好的DART模型 (来自全部数据数据)
2025-03-25 02:24:21,680 -    新评分: 0.7903, 旧评分: 0.7898
2025-03-25 02:24:21,681 - ❌ 全部数据数据的GOSS模型不是最佳模型
2025-03-25 02:24:21,681 -    当前评分: 0.7970, 最佳评分: 0.8024
2025-03-25 02:24:21,681 - 
--------------------------------------------------
【保存每种算法的最佳模型】
--------------------------------------------------
2025-03-25 02:24:21,699 - 最佳GBDT模型 (使用12个月数据) 已保存到 D:\my-vue-project\wind-power-forecast\backend\auto_scripts\models\middlemodel\20250325\best_models\GBDT.joblib
2025-03-25 02:24:21,700 - RMSE: 45.8674, K: 0.7136, 评分: 0.8056
2025-03-25 02:24:21,711 - 最佳DART模型 (使用全部数据数据) 已保存到 D:\my-vue-project\wind-power-forecast\backend\auto_scripts\models\middlemodel\20250325\best_models\DART.joblib
2025-03-25 02:24:21,711 - RMSE: 59.3663, K: 0.7118, 评分: 0.7903
2025-03-25 02:24:21,735 - 最佳GOSS模型 (使用12个月数据) 已保存到 D:\my-vue-project\wind-power-forecast\backend\auto_scripts\models\middlemodel\20250325\best_models\GOSS.joblib
2025-03-25 02:24:21,736 - RMSE: 46.6498, K: 0.7086, 评分: 0.8024
2025-03-25 02:24:22,334 - 多数据集训练完成! 已为每种算法选择最佳模型
2025-03-25 02:24:22,334 -   - 最佳GBDT模型: 使用12个月数据, RMSE=45.8674, K=0.7136, 评分=0.8056
2025-03-25 02:24:22,334 -   - 最佳DART模型: 使用全部数据数据, RMSE=59.3663, K=0.7118, 评分=0.7903
2025-03-25 02:24:22,334 -   - 最佳GOSS模型: 使用12个月数据, RMSE=46.6498, K=0.7086, 评分=0.8024
2025-03-25 02:24:22,334 - 
================================================================================
2025-03-25 02:24:22,334 - >>> 开始计算模型权重 <<<
2025-03-25 02:24:22,334 - ================================================================================

2025-03-25 02:24:22,334 - 开始计算模型权重
2025-03-25 02:24:22,334 - 从训练数据集中提取最后三天数据进行权重优化
2025-03-25 02:24:22,502 - ✅ 已从训练数据集提取最后三天数据，共 289 条记录
2025-03-25 02:24:22,503 - 开始计算最优模型权重...
2025-03-25 02:24:22,504 - 
--------------------------------------------------
【计算模型权重】
--------------------------------------------------
2025-03-25 02:24:22,624 - 加载最佳模型和对应的scaler...
2025-03-25 02:24:22,625 - ✅ 已加载 GBDT 模型和scaler
2025-03-25 02:24:22,625 - ✅ 已加载 DART 模型和scaler
2025-03-25 02:24:22,625 - ✅ 已加载 GOSS 模型和scaler
2025-03-25 02:24:22,625 - 预处理验证数据，共 289 条记录...
2025-03-25 02:24:22,644 - 验证数据预处理完成，特征维度: (289, 304)
2025-03-25 02:24:22,685 - 验证数据特征工程完成，特征维度: (286, 859)
2025-03-25 02:24:22,686 - 使用各模型进行预测...
2025-03-25 02:24:22,695 - 使用 GBDT 模型预测...
2025-03-25 02:24:22,741 - ✅ GBDT 模型预测完成，预测结果数量: 271
2025-03-25 02:24:22,750 - 使用 DART 模型预测...
2025-03-25 02:24:22,793 - ✅ DART 模型预测完成，预测结果数量: 271
2025-03-25 02:24:22,806 - 使用 GOSS 模型预测...
2025-03-25 02:24:22,851 - ✅ GOSS 模型预测完成，预测结果数量: 271
2025-03-25 02:24:22,851 - 对齐预测结果，使用最小长度: 271
2025-03-25 02:24:22,852 - 创建线性回归的特征矩阵 (271, 3) 和目标向量 (271,)
2025-03-25 02:24:22,852 - 训练线性回归模型计算最优权重...
2025-03-25 02:24:22,864 - 线性回归得到的权重: {'GBDT': np.float64(0.0), 'DART': np.float64(0.0), 'GOSS': np.float64(0.9413418792089218), 'INTERCEPT': np.float64(-0.0258769107539365)}
2025-03-25 02:24:22,864 - 最终计算的模型权重: {'GBDT': np.float64(0.0), 'DART': np.float64(0.0), 'GOSS': np.float64(0.9413418792089218), 'INTERCEPT': np.float64(-0.0258769107539365)}
2025-03-25 02:24:22,866 - 计算得到的最优权重: {'GBDT': np.float64(0.0), 'DART': np.float64(0.0), 'GOSS': np.float64(0.9413418792089218), 'INTERCEPT': np.float64(-0.0258769107539365)}
2025-03-25 02:24:22,867 - 模型权重已保存到: D:\my-vue-project\wind-power-forecast\backend\auto_scripts\models\middlemodel\20250325\model_weights.joblib
2025-03-25 02:24:22,887 - 训练完成，已创建标志文件: D:\my-vue-project\wind-power-forecast\backend\auto_scripts\scripts\middle\logs\auto_pre_train\20250325_train_done.flag
2025-03-25 02:24:22,887 - ✅ 训练完成，已创建标志文件
2025-03-25 02:24:22,887 - 检查模型目录: D:\my-vue-project\wind-power-forecast\backend\auto_scripts\models\middlemodel\20250325
2025-03-25 02:24:22,887 - 发现best_models目录: D:\my-vue-project\wind-power-forecast\backend\auto_scripts\models\middlemodel\20250325\best_models
2025-03-25 02:24:22,887 - 发现GBDT模型文件: D:\my-vue-project\wind-power-forecast\backend\auto_scripts\models\middlemodel\20250325\best_models\GBDT.joblib
2025-03-25 02:24:22,888 - ✅ 模型已成功保存到 D:\my-vue-project\wind-power-forecast\backend\auto_scripts\models\middlemodel\20250325，模型可用。
2025-03-25 02:24:43,852 - ❌ 未找到预测 CSV 文件: D:\my-vue-project\wind-power-forecast\backend\auto_scripts\precsv\middlecsv\20250325.csv，等待 30 秒后重试...
2025-03-25 02:25:13,859 - ❌ 未找到预测 CSV 文件: D:\my-vue-project\wind-power-forecast\backend\auto_scripts\precsv\middlecsv\20250325.csv，等待 30 秒后重试...
2025-03-25 02:25:43,873 - ❌ 未找到预测 CSV 文件: D:\my-vue-project\wind-power-forecast\backend\auto_scripts\precsv\middlecsv\20250325.csv，等待 30 秒后重试...
2025-03-25 02:26:13,884 - ❌ 未找到预测 CSV 文件: D:\my-vue-project\wind-power-forecast\backend\auto_scripts\precsv\middlecsv\20250325.csv，等待 30 秒后重试...
2025-03-25 02:26:43,889 - ❌ 未找到预测 CSV 文件: D:\my-vue-project\wind-power-forecast\backend\auto_scripts\precsv\middlecsv\20250325.csv，等待 30 秒后重试...
2025-03-25 02:27:13,896 - ❌ 未找到预测 CSV 文件: D:\my-vue-project\wind-power-forecast\backend\auto_scripts\precsv\middlecsv\20250325.csv，等待 30 秒后重试...
2025-03-25 02:27:43,906 - ❌ 未找到预测 CSV 文件: D:\my-vue-project\wind-power-forecast\backend\auto_scripts\precsv\middlecsv\20250325.csv，等待 30 秒后重试...
2025-03-25 02:28:13,921 - ❌ 未找到预测 CSV 文件: D:\my-vue-project\wind-power-forecast\backend\auto_scripts\precsv\middlecsv\20250325.csv，等待 30 秒后重试...
2025-03-25 02:28:43,940 - ❌ 未找到预测 CSV 文件: D:\my-vue-project\wind-power-forecast\backend\auto_scripts\precsv\middlecsv\20250325.csv，等待 30 秒后重试...
2025-03-25 02:29:13,946 - ❌ 未找到预测 CSV 文件: D:\my-vue-project\wind-power-forecast\backend\auto_scripts\precsv\middlecsv\20250325.csv，等待 30 秒后重试...
2025-03-25 02:29:43,957 - ❌ 未找到预测 CSV 文件: D:\my-vue-project\wind-power-forecast\backend\auto_scripts\precsv\middlecsv\20250325.csv，等待 30 秒后重试...
2025-03-25 02:30:13,968 - ❌ 未找到预测 CSV 文件: D:\my-vue-project\wind-power-forecast\backend\auto_scripts\precsv\middlecsv\20250325.csv，等待 30 秒后重试...
2025-03-25 02:30:43,971 - ❌ 未找到预测 CSV 文件: D:\my-vue-project\wind-power-forecast\backend\auto_scripts\precsv\middlecsv\20250325.csv，等待 30 秒后重试...
2025-03-25 02:31:13,983 - ❌ 未找到预测 CSV 文件: D:\my-vue-project\wind-power-forecast\backend\auto_scripts\precsv\middlecsv\20250325.csv，等待 30 秒后重试...
2025-03-25 02:31:43,989 - ❌ 未找到预测 CSV 文件: D:\my-vue-project\wind-power-forecast\backend\auto_scripts\precsv\middlecsv\20250325.csv，等待 30 秒后重试...
2025-03-25 02:32:13,999 - ❌ 未找到预测 CSV 文件: D:\my-vue-project\wind-power-forecast\backend\auto_scripts\precsv\middlecsv\20250325.csv，等待 30 秒后重试...
2025-03-25 02:32:44,007 - ❌ 未找到预测 CSV 文件: D:\my-vue-project\wind-power-forecast\backend\auto_scripts\precsv\middlecsv\20250325.csv，等待 30 秒后重试...
2025-03-25 02:33:14,021 - ❌ 未找到预测 CSV 文件: D:\my-vue-project\wind-power-forecast\backend\auto_scripts\precsv\middlecsv\20250325.csv，等待 30 秒后重试...
2025-03-25 02:33:44,036 - ❌ 未找到预测 CSV 文件: D:\my-vue-project\wind-power-forecast\backend\auto_scripts\precsv\middlecsv\20250325.csv，等待 30 秒后重试...
2025-03-25 02:34:14,043 - ❌ 未找到预测 CSV 文件: D:\my-vue-project\wind-power-forecast\backend\auto_scripts\precsv\middlecsv\20250325.csv，等待 30 秒后重试...
2025-03-25 02:34:44,052 - ❌ 未找到预测 CSV 文件: D:\my-vue-project\wind-power-forecast\backend\auto_scripts\precsv\middlecsv\20250325.csv，等待 30 秒后重试...
2025-03-25 02:35:14,063 - ❌ 未找到预测 CSV 文件: D:\my-vue-project\wind-power-forecast\backend\auto_scripts\precsv\middlecsv\20250325.csv，等待 30 秒后重试...
2025-03-25 02:35:44,071 - ❌ 未找到预测 CSV 文件: D:\my-vue-project\wind-power-forecast\backend\auto_scripts\precsv\middlecsv\20250325.csv，等待 30 秒后重试...
2025-03-25 02:36:14,075 - ❌ 未找到预测 CSV 文件: D:\my-vue-project\wind-power-forecast\backend\auto_scripts\precsv\middlecsv\20250325.csv，等待 30 秒后重试...
2025-03-25 02:36:44,080 - ❌ 未找到预测 CSV 文件: D:\my-vue-project\wind-power-forecast\backend\auto_scripts\precsv\middlecsv\20250325.csv，等待 30 秒后重试...
2025-03-25 02:37:14,083 - ❌ 未找到预测 CSV 文件: D:\my-vue-project\wind-power-forecast\backend\auto_scripts\precsv\middlecsv\20250325.csv，等待 30 秒后重试...
2025-03-25 02:37:44,095 - ❌ 未找到预测 CSV 文件: D:\my-vue-project\wind-power-forecast\backend\auto_scripts\precsv\middlecsv\20250325.csv，等待 30 秒后重试...
2025-03-25 02:38:14,099 - ❌ 未找到预测 CSV 文件: D:\my-vue-project\wind-power-forecast\backend\auto_scripts\precsv\middlecsv\20250325.csv，等待 30 秒后重试...
2025-03-25 02:38:44,103 - ❌ 未找到预测 CSV 文件: D:\my-vue-project\wind-power-forecast\backend\auto_scripts\precsv\middlecsv\20250325.csv，等待 30 秒后重试...
2025-03-25 02:39:14,109 - ❌ 未找到预测 CSV 文件: D:\my-vue-project\wind-power-forecast\backend\auto_scripts\precsv\middlecsv\20250325.csv，等待 30 秒后重试...
2025-03-25 02:39:44,112 - ❌ 未找到预测 CSV 文件: D:\my-vue-project\wind-power-forecast\backend\auto_scripts\precsv\middlecsv\20250325.csv，等待 30 秒后重试...
2025-03-25 02:40:14,117 - ❌ 未找到预测 CSV 文件: D:\my-vue-project\wind-power-forecast\backend\auto_scripts\precsv\middlecsv\20250325.csv，等待 30 秒后重试...
2025-03-25 02:40:44,123 - ❌ 未找到预测 CSV 文件: D:\my-vue-project\wind-power-forecast\backend\auto_scripts\precsv\middlecsv\20250325.csv，等待 30 秒后重试...
2025-03-25 02:41:14,131 - ❌ 未找到预测 CSV 文件: D:\my-vue-project\wind-power-forecast\backend\auto_scripts\precsv\middlecsv\20250325.csv，等待 30 秒后重试...
2025-03-25 02:41:44,141 - ❌ 未找到预测 CSV 文件: D:\my-vue-project\wind-power-forecast\backend\auto_scripts\precsv\middlecsv\20250325.csv，等待 30 秒后重试...
2025-03-25 02:42:14,150 - ❌ 未找到预测 CSV 文件: D:\my-vue-project\wind-power-forecast\backend\auto_scripts\precsv\middlecsv\20250325.csv，等待 30 秒后重试...
2025-03-25 02:42:44,155 - ❌ 未找到预测 CSV 文件: D:\my-vue-project\wind-power-forecast\backend\auto_scripts\precsv\middlecsv\20250325.csv，等待 30 秒后重试...
2025-03-25 02:43:14,169 - ❌ 未找到预测 CSV 文件: D:\my-vue-project\wind-power-forecast\backend\auto_scripts\precsv\middlecsv\20250325.csv，等待 30 秒后重试...
2025-03-25 02:43:44,181 - ❌ 未找到预测 CSV 文件: D:\my-vue-project\wind-power-forecast\backend\auto_scripts\precsv\middlecsv\20250325.csv，等待 30 秒后重试...
2025-03-25 02:44:14,188 - ❌ 未找到预测 CSV 文件: D:\my-vue-project\wind-power-forecast\backend\auto_scripts\precsv\middlecsv\20250325.csv，等待 30 秒后重试...
2025-03-25 02:44:44,200 - ❌ 未找到预测 CSV 文件: D:\my-vue-project\wind-power-forecast\backend\auto_scripts\precsv\middlecsv\20250325.csv，等待 30 秒后重试...
2025-03-25 02:45:14,215 - ❌ 未找到预测 CSV 文件: D:\my-vue-project\wind-power-forecast\backend\auto_scripts\precsv\middlecsv\20250325.csv，等待 30 秒后重试...
2025-03-25 02:45:44,223 - ❌ 未找到预测 CSV 文件: D:\my-vue-project\wind-power-forecast\backend\auto_scripts\precsv\middlecsv\20250325.csv，等待 30 秒后重试...
2025-03-25 02:46:14,226 - ❌ 未找到预测 CSV 文件: D:\my-vue-project\wind-power-forecast\backend\auto_scripts\precsv\middlecsv\20250325.csv，等待 30 秒后重试...
2025-03-25 02:46:44,231 - ❌ 未找到预测 CSV 文件: D:\my-vue-project\wind-power-forecast\backend\auto_scripts\precsv\middlecsv\20250325.csv，等待 30 秒后重试...
2025-03-25 02:47:14,246 - ❌ 未找到预测 CSV 文件: D:\my-vue-project\wind-power-forecast\backend\auto_scripts\precsv\middlecsv\20250325.csv，等待 30 秒后重试...
2025-03-25 02:47:44,256 - ❌ 未找到预测 CSV 文件: D:\my-vue-project\wind-power-forecast\backend\auto_scripts\precsv\middlecsv\20250325.csv，等待 30 秒后重试...
2025-03-25 02:48:14,262 - ❌ 未找到预测 CSV 文件: D:\my-vue-project\wind-power-forecast\backend\auto_scripts\precsv\middlecsv\20250325.csv，等待 30 秒后重试...
2025-03-25 02:48:44,277 - ❌ 未找到预测 CSV 文件: D:\my-vue-project\wind-power-forecast\backend\auto_scripts\precsv\middlecsv\20250325.csv，等待 30 秒后重试...
2025-03-25 02:49:14,288 - ❌ 未找到预测 CSV 文件: D:\my-vue-project\wind-power-forecast\backend\auto_scripts\precsv\middlecsv\20250325.csv，等待 30 秒后重试...
2025-03-25 02:49:44,298 - ❌ 未找到预测 CSV 文件: D:\my-vue-project\wind-power-forecast\backend\auto_scripts\precsv\middlecsv\20250325.csv，等待 30 秒后重试...
2025-03-25 02:50:14,301 - ❌ 未找到预测 CSV 文件: D:\my-vue-project\wind-power-forecast\backend\auto_scripts\precsv\middlecsv\20250325.csv，等待 30 秒后重试...
2025-03-25 02:50:44,305 - ❌ 未找到预测 CSV 文件: D:\my-vue-project\wind-power-forecast\backend\auto_scripts\precsv\middlecsv\20250325.csv，等待 30 秒后重试...
2025-03-25 02:51:14,311 - ❌ 未找到预测 CSV 文件: D:\my-vue-project\wind-power-forecast\backend\auto_scripts\precsv\middlecsv\20250325.csv，等待 30 秒后重试...
2025-03-25 02:51:44,322 - ❌ 未找到预测 CSV 文件: D:\my-vue-project\wind-power-forecast\backend\auto_scripts\precsv\middlecsv\20250325.csv，等待 30 秒后重试...
2025-03-25 02:52:14,332 - ❌ 未找到预测 CSV 文件: D:\my-vue-project\wind-power-forecast\backend\auto_scripts\precsv\middlecsv\20250325.csv，等待 30 秒后重试...
2025-03-25 02:52:44,342 - ❌ 未找到预测 CSV 文件: D:\my-vue-project\wind-power-forecast\backend\auto_scripts\precsv\middlecsv\20250325.csv，等待 30 秒后重试...
2025-03-25 02:53:14,354 - ❌ 未找到预测 CSV 文件: D:\my-vue-project\wind-power-forecast\backend\auto_scripts\precsv\middlecsv\20250325.csv，等待 30 秒后重试...
2025-03-25 02:53:44,356 - ❌ 未找到预测 CSV 文件: D:\my-vue-project\wind-power-forecast\backend\auto_scripts\precsv\middlecsv\20250325.csv，等待 30 秒后重试...
2025-03-25 02:54:14,370 - ❌ 未找到预测 CSV 文件: D:\my-vue-project\wind-power-forecast\backend\auto_scripts\precsv\middlecsv\20250325.csv，等待 30 秒后重试...
2025-03-25 02:54:44,372 - ❌ 未找到预测 CSV 文件: D:\my-vue-project\wind-power-forecast\backend\auto_scripts\precsv\middlecsv\20250325.csv，等待 30 秒后重试...
2025-03-25 02:55:14,382 - ❌ 未找到预测 CSV 文件: D:\my-vue-project\wind-power-forecast\backend\auto_scripts\precsv\middlecsv\20250325.csv，等待 30 秒后重试...
2025-03-25 02:55:44,383 - ❌ 未找到预测 CSV 文件: D:\my-vue-project\wind-power-forecast\backend\auto_scripts\precsv\middlecsv\20250325.csv，等待 30 秒后重试...
2025-03-25 02:56:14,391 - ❌ 未找到预测 CSV 文件: D:\my-vue-project\wind-power-forecast\backend\auto_scripts\precsv\middlecsv\20250325.csv，等待 30 秒后重试...
2025-03-25 02:56:44,396 - ❌ 未找到预测 CSV 文件: D:\my-vue-project\wind-power-forecast\backend\auto_scripts\precsv\middlecsv\20250325.csv，等待 30 秒后重试...
2025-03-25 02:57:14,399 - ❌ 未找到预测 CSV 文件: D:\my-vue-project\wind-power-forecast\backend\auto_scripts\precsv\middlecsv\20250325.csv，等待 30 秒后重试...
2025-03-25 02:57:44,414 - ❌ 未找到预测 CSV 文件: D:\my-vue-project\wind-power-forecast\backend\auto_scripts\precsv\middlecsv\20250325.csv，等待 30 秒后重试...
2025-03-25 02:58:14,423 - ❌ 未找到预测 CSV 文件: D:\my-vue-project\wind-power-forecast\backend\auto_scripts\precsv\middlecsv\20250325.csv，等待 30 秒后重试...
2025-03-25 02:58:44,439 - ❌ 未找到预测 CSV 文件: D:\my-vue-project\wind-power-forecast\backend\auto_scripts\precsv\middlecsv\20250325.csv，等待 30 秒后重试...
2025-03-25 02:59:14,452 - ❌ 未找到预测 CSV 文件: D:\my-vue-project\wind-power-forecast\backend\auto_scripts\precsv\middlecsv\20250325.csv，等待 30 秒后重试...
2025-03-25 02:59:44,457 - ❌ 未找到预测 CSV 文件: D:\my-vue-project\wind-power-forecast\backend\auto_scripts\precsv\middlecsv\20250325.csv，等待 30 秒后重试...
2025-03-25 03:00:14,461 - ❌ 未找到预测 CSV 文件: D:\my-vue-project\wind-power-forecast\backend\auto_scripts\precsv\middlecsv\20250325.csv，等待 30 秒后重试...
2025-03-25 03:00:44,467 - ❌ 未找到预测 CSV 文件: D:\my-vue-project\wind-power-forecast\backend\auto_scripts\precsv\middlecsv\20250325.csv，等待 30 秒后重试...
2025-03-25 03:01:14,470 - ❌ 未找到预测 CSV 文件: D:\my-vue-project\wind-power-forecast\backend\auto_scripts\precsv\middlecsv\20250325.csv，等待 30 秒后重试...
2025-03-25 03:01:44,473 - ❌ 未找到预测 CSV 文件: D:\my-vue-project\wind-power-forecast\backend\auto_scripts\precsv\middlecsv\20250325.csv，等待 30 秒后重试...
2025-03-25 03:02:14,480 - ❌ 未找到预测 CSV 文件: D:\my-vue-project\wind-power-forecast\backend\auto_scripts\precsv\middlecsv\20250325.csv，等待 30 秒后重试...
2025-03-25 03:02:44,492 - ❌ 未找到预测 CSV 文件: D:\my-vue-project\wind-power-forecast\backend\auto_scripts\precsv\middlecsv\20250325.csv，等待 30 秒后重试...
2025-03-25 03:03:14,504 - ❌ 未找到预测 CSV 文件: D:\my-vue-project\wind-power-forecast\backend\auto_scripts\precsv\middlecsv\20250325.csv，等待 30 秒后重试...
2025-03-25 03:03:44,515 - ❌ 未找到预测 CSV 文件: D:\my-vue-project\wind-power-forecast\backend\auto_scripts\precsv\middlecsv\20250325.csv，等待 30 秒后重试...
2025-03-25 03:04:14,530 - ❌ 未找到预测 CSV 文件: D:\my-vue-project\wind-power-forecast\backend\auto_scripts\precsv\middlecsv\20250325.csv，等待 30 秒后重试...
2025-03-25 03:04:44,533 - ❌ 未找到预测 CSV 文件: D:\my-vue-project\wind-power-forecast\backend\auto_scripts\precsv\middlecsv\20250325.csv，等待 30 秒后重试...
2025-03-25 03:05:14,549 - ❌ 未找到预测 CSV 文件: D:\my-vue-project\wind-power-forecast\backend\auto_scripts\precsv\middlecsv\20250325.csv，等待 30 秒后重试...
2025-03-25 03:05:44,555 - ❌ 未找到预测 CSV 文件: D:\my-vue-project\wind-power-forecast\backend\auto_scripts\precsv\middlecsv\20250325.csv，等待 30 秒后重试...
2025-03-25 03:06:14,568 - ❌ 未找到预测 CSV 文件: D:\my-vue-project\wind-power-forecast\backend\auto_scripts\precsv\middlecsv\20250325.csv，等待 30 秒后重试...
2025-03-25 03:06:44,584 - ❌ 未找到预测 CSV 文件: D:\my-vue-project\wind-power-forecast\backend\auto_scripts\precsv\middlecsv\20250325.csv，等待 30 秒后重试...
2025-03-25 03:07:14,589 - ❌ 未找到预测 CSV 文件: D:\my-vue-project\wind-power-forecast\backend\auto_scripts\precsv\middlecsv\20250325.csv，等待 30 秒后重试...
2025-03-25 03:07:44,604 - ❌ 未找到预测 CSV 文件: D:\my-vue-project\wind-power-forecast\backend\auto_scripts\precsv\middlecsv\20250325.csv，等待 30 秒后重试...
2025-03-25 03:08:14,620 - ❌ 未找到预测 CSV 文件: D:\my-vue-project\wind-power-forecast\backend\auto_scripts\precsv\middlecsv\20250325.csv，等待 30 秒后重试...
2025-03-25 03:08:44,624 - ❌ 未找到预测 CSV 文件: D:\my-vue-project\wind-power-forecast\backend\auto_scripts\precsv\middlecsv\20250325.csv，等待 30 秒后重试...
2025-03-25 03:09:14,628 - ❌ 未找到预测 CSV 文件: D:\my-vue-project\wind-power-forecast\backend\auto_scripts\precsv\middlecsv\20250325.csv，等待 30 秒后重试...
2025-03-25 03:09:44,633 - ❌ 未找到预测 CSV 文件: D:\my-vue-project\wind-power-forecast\backend\auto_scripts\precsv\middlecsv\20250325.csv，等待 30 秒后重试...
2025-03-25 03:10:14,645 - ❌ 未找到预测 CSV 文件: D:\my-vue-project\wind-power-forecast\backend\auto_scripts\precsv\middlecsv\20250325.csv，等待 30 秒后重试...
2025-03-25 03:10:44,656 - ❌ 未找到预测 CSV 文件: D:\my-vue-project\wind-power-forecast\backend\auto_scripts\precsv\middlecsv\20250325.csv，等待 30 秒后重试...
2025-03-25 03:11:14,669 - ❌ 未找到预测 CSV 文件: D:\my-vue-project\wind-power-forecast\backend\auto_scripts\precsv\middlecsv\20250325.csv，等待 30 秒后重试...
2025-03-25 03:11:44,679 - ❌ 未找到预测 CSV 文件: D:\my-vue-project\wind-power-forecast\backend\auto_scripts\precsv\middlecsv\20250325.csv，等待 30 秒后重试...
2025-03-25 03:12:14,685 - ❌ 未找到预测 CSV 文件: D:\my-vue-project\wind-power-forecast\backend\auto_scripts\precsv\middlecsv\20250325.csv，等待 30 秒后重试...
2025-03-25 03:12:44,694 - ❌ 未找到预测 CSV 文件: D:\my-vue-project\wind-power-forecast\backend\auto_scripts\precsv\middlecsv\20250325.csv，等待 30 秒后重试...
2025-03-25 03:13:14,710 - ❌ 未找到预测 CSV 文件: D:\my-vue-project\wind-power-forecast\backend\auto_scripts\precsv\middlecsv\20250325.csv，等待 30 秒后重试...
2025-03-25 03:13:44,713 - ❌ 未找到预测 CSV 文件: D:\my-vue-project\wind-power-forecast\backend\auto_scripts\precsv\middlecsv\20250325.csv，等待 30 秒后重试...
2025-03-25 03:14:14,716 - ❌ 未找到预测 CSV 文件: D:\my-vue-project\wind-power-forecast\backend\auto_scripts\precsv\middlecsv\20250325.csv，等待 30 秒后重试...
2025-03-25 03:14:44,730 - ❌ 未找到预测 CSV 文件: D:\my-vue-project\wind-power-forecast\backend\auto_scripts\precsv\middlecsv\20250325.csv，等待 30 秒后重试...
2025-03-25 03:15:14,738 - ❌ 未找到预测 CSV 文件: D:\my-vue-project\wind-power-forecast\backend\auto_scripts\precsv\middlecsv\20250325.csv，等待 30 秒后重试...
2025-03-25 03:15:44,745 - ❌ 未找到预测 CSV 文件: D:\my-vue-project\wind-power-forecast\backend\auto_scripts\precsv\middlecsv\20250325.csv，等待 30 秒后重试...
2025-03-25 03:16:14,754 - ❌ 未找到预测 CSV 文件: D:\my-vue-project\wind-power-forecast\backend\auto_scripts\precsv\middlecsv\20250325.csv，等待 30 秒后重试...
2025-03-25 03:16:44,761 - ❌ 未找到预测 CSV 文件: D:\my-vue-project\wind-power-forecast\backend\auto_scripts\precsv\middlecsv\20250325.csv，等待 30 秒后重试...
2025-03-25 03:17:14,766 - ❌ 未找到预测 CSV 文件: D:\my-vue-project\wind-power-forecast\backend\auto_scripts\precsv\middlecsv\20250325.csv，等待 30 秒后重试...
2025-03-25 03:17:44,784 - ❌ 未找到预测 CSV 文件: D:\my-vue-project\wind-power-forecast\backend\auto_scripts\precsv\middlecsv\20250325.csv，等待 30 秒后重试...
2025-03-25 03:18:14,798 - ❌ 未找到预测 CSV 文件: D:\my-vue-project\wind-power-forecast\backend\auto_scripts\precsv\middlecsv\20250325.csv，等待 30 秒后重试...
2025-03-25 03:18:44,800 - ❌ 未找到预测 CSV 文件: D:\my-vue-project\wind-power-forecast\backend\auto_scripts\precsv\middlecsv\20250325.csv，等待 30 秒后重试...
2025-03-25 03:19:14,813 - ❌ 未找到预测 CSV 文件: D:\my-vue-project\wind-power-forecast\backend\auto_scripts\precsv\middlecsv\20250325.csv，等待 30 秒后重试...
2025-03-25 03:19:44,825 - ❌ 未找到预测 CSV 文件: D:\my-vue-project\wind-power-forecast\backend\auto_scripts\precsv\middlecsv\20250325.csv，等待 30 秒后重试...
2025-03-25 03:20:14,839 - ❌ 未找到预测 CSV 文件: D:\my-vue-project\wind-power-forecast\backend\auto_scripts\precsv\middlecsv\20250325.csv，等待 30 秒后重试...
2025-03-25 03:20:44,854 - ❌ 未找到预测 CSV 文件: D:\my-vue-project\wind-power-forecast\backend\auto_scripts\precsv\middlecsv\20250325.csv，等待 30 秒后重试...
2025-03-25 03:21:14,867 - ❌ 未找到预测 CSV 文件: D:\my-vue-project\wind-power-forecast\backend\auto_scripts\precsv\middlecsv\20250325.csv，等待 30 秒后重试...
2025-03-25 03:21:44,876 - ❌ 未找到预测 CSV 文件: D:\my-vue-project\wind-power-forecast\backend\auto_scripts\precsv\middlecsv\20250325.csv，等待 30 秒后重试...
2025-03-25 03:22:14,879 - ❌ 未找到预测 CSV 文件: D:\my-vue-project\wind-power-forecast\backend\auto_scripts\precsv\middlecsv\20250325.csv，等待 30 秒后重试...
2025-03-25 03:22:44,891 - ❌ 未找到预测 CSV 文件: D:\my-vue-project\wind-power-forecast\backend\auto_scripts\precsv\middlecsv\20250325.csv，等待 30 秒后重试...
2025-03-25 03:23:14,895 - ❌ 未找到预测 CSV 文件: D:\my-vue-project\wind-power-forecast\backend\auto_scripts\precsv\middlecsv\20250325.csv，等待 30 秒后重试...
2025-03-25 03:23:44,897 - ❌ 未找到预测 CSV 文件: D:\my-vue-project\wind-power-forecast\backend\auto_scripts\precsv\middlecsv\20250325.csv，等待 30 秒后重试...
2025-03-25 03:24:14,914 - ❌ 未找到预测 CSV 文件: D:\my-vue-project\wind-power-forecast\backend\auto_scripts\precsv\middlecsv\20250325.csv，等待 30 秒后重试...
2025-03-25 03:24:44,926 - ❌ 未找到预测 CSV 文件: D:\my-vue-project\wind-power-forecast\backend\auto_scripts\precsv\middlecsv\20250325.csv，等待 30 秒后重试...
2025-03-25 03:25:14,930 - ❌ 未找到预测 CSV 文件: D:\my-vue-project\wind-power-forecast\backend\auto_scripts\precsv\middlecsv\20250325.csv，等待 30 秒后重试...
2025-03-25 03:25:44,941 - ❌ 未找到预测 CSV 文件: D:\my-vue-project\wind-power-forecast\backend\auto_scripts\precsv\middlecsv\20250325.csv，等待 30 秒后重试...
2025-03-25 03:26:14,949 - ❌ 未找到预测 CSV 文件: D:\my-vue-project\wind-power-forecast\backend\auto_scripts\precsv\middlecsv\20250325.csv，等待 30 秒后重试...
2025-03-25 03:26:44,961 - ❌ 未找到预测 CSV 文件: D:\my-vue-project\wind-power-forecast\backend\auto_scripts\precsv\middlecsv\20250325.csv，等待 30 秒后重试...
2025-03-25 03:27:14,968 - ❌ 未找到预测 CSV 文件: D:\my-vue-project\wind-power-forecast\backend\auto_scripts\precsv\middlecsv\20250325.csv，等待 30 秒后重试...
2025-03-25 03:27:44,971 - ❌ 未找到预测 CSV 文件: D:\my-vue-project\wind-power-forecast\backend\auto_scripts\precsv\middlecsv\20250325.csv，等待 30 秒后重试...
2025-03-25 03:28:14,982 - ❌ 未找到预测 CSV 文件: D:\my-vue-project\wind-power-forecast\backend\auto_scripts\precsv\middlecsv\20250325.csv，等待 30 秒后重试...
2025-03-25 03:28:44,989 - ❌ 未找到预测 CSV 文件: D:\my-vue-project\wind-power-forecast\backend\auto_scripts\precsv\middlecsv\20250325.csv，等待 30 秒后重试...
2025-03-25 03:29:14,998 - ❌ 未找到预测 CSV 文件: D:\my-vue-project\wind-power-forecast\backend\auto_scripts\precsv\middlecsv\20250325.csv，等待 30 秒后重试...
2025-03-25 03:29:45,006 - ❌ 未找到预测 CSV 文件: D:\my-vue-project\wind-power-forecast\backend\auto_scripts\precsv\middlecsv\20250325.csv，等待 30 秒后重试...
2025-03-25 03:30:15,011 - ❌ 未找到预测 CSV 文件: D:\my-vue-project\wind-power-forecast\backend\auto_scripts\precsv\middlecsv\20250325.csv，等待 30 秒后重试...
2025-03-25 03:30:45,025 - ❌ 未找到预测 CSV 文件: D:\my-vue-project\wind-power-forecast\backend\auto_scripts\precsv\middlecsv\20250325.csv，等待 30 秒后重试...
2025-03-25 03:31:15,038 - ❌ 未找到预测 CSV 文件: D:\my-vue-project\wind-power-forecast\backend\auto_scripts\precsv\middlecsv\20250325.csv，等待 30 秒后重试...
2025-03-25 03:31:45,042 - ❌ 未找到预测 CSV 文件: D:\my-vue-project\wind-power-forecast\backend\auto_scripts\precsv\middlecsv\20250325.csv，等待 30 秒后重试...
2025-03-25 03:32:15,051 - ❌ 未找到预测 CSV 文件: D:\my-vue-project\wind-power-forecast\backend\auto_scripts\precsv\middlecsv\20250325.csv，等待 30 秒后重试...
2025-03-25 03:32:45,064 - ❌ 未找到预测 CSV 文件: D:\my-vue-project\wind-power-forecast\backend\auto_scripts\precsv\middlecsv\20250325.csv，等待 30 秒后重试...
2025-03-25 03:33:15,077 - ❌ 未找到预测 CSV 文件: D:\my-vue-project\wind-power-forecast\backend\auto_scripts\precsv\middlecsv\20250325.csv，等待 30 秒后重试...
2025-03-25 03:33:45,083 - ❌ 未找到预测 CSV 文件: D:\my-vue-project\wind-power-forecast\backend\auto_scripts\precsv\middlecsv\20250325.csv，等待 30 秒后重试...
2025-03-25 03:34:15,095 - ❌ 未找到预测 CSV 文件: D:\my-vue-project\wind-power-forecast\backend\auto_scripts\precsv\middlecsv\20250325.csv，等待 30 秒后重试...
2025-03-25 03:34:45,104 - ❌ 未找到预测 CSV 文件: D:\my-vue-project\wind-power-forecast\backend\auto_scripts\precsv\middlecsv\20250325.csv，等待 30 秒后重试...
2025-03-25 03:35:15,108 - ❌ 未找到预测 CSV 文件: D:\my-vue-project\wind-power-forecast\backend\auto_scripts\precsv\middlecsv\20250325.csv，等待 30 秒后重试...
2025-03-25 03:35:45,111 - ❌ 未找到预测 CSV 文件: D:\my-vue-project\wind-power-forecast\backend\auto_scripts\precsv\middlecsv\20250325.csv，等待 30 秒后重试...
2025-03-25 03:36:15,117 - ❌ 未找到预测 CSV 文件: D:\my-vue-project\wind-power-forecast\backend\auto_scripts\precsv\middlecsv\20250325.csv，等待 30 秒后重试...
2025-03-25 03:36:45,134 - ❌ 未找到预测 CSV 文件: D:\my-vue-project\wind-power-forecast\backend\auto_scripts\precsv\middlecsv\20250325.csv，等待 30 秒后重试...
2025-03-25 03:37:15,139 - ❌ 未找到预测 CSV 文件: D:\my-vue-project\wind-power-forecast\backend\auto_scripts\precsv\middlecsv\20250325.csv，等待 30 秒后重试...
2025-03-25 03:37:45,154 - ❌ 未找到预测 CSV 文件: D:\my-vue-project\wind-power-forecast\backend\auto_scripts\precsv\middlecsv\20250325.csv，等待 30 秒后重试...
2025-03-25 03:38:15,162 - ❌ 未找到预测 CSV 文件: D:\my-vue-project\wind-power-forecast\backend\auto_scripts\precsv\middlecsv\20250325.csv，等待 30 秒后重试...
2025-03-25 03:38:45,167 - ❌ 未找到预测 CSV 文件: D:\my-vue-project\wind-power-forecast\backend\auto_scripts\precsv\middlecsv\20250325.csv，等待 30 秒后重试...
2025-03-25 03:39:15,174 - ❌ 未找到预测 CSV 文件: D:\my-vue-project\wind-power-forecast\backend\auto_scripts\precsv\middlecsv\20250325.csv，等待 30 秒后重试...
2025-03-25 03:39:45,190 - ❌ 未找到预测 CSV 文件: D:\my-vue-project\wind-power-forecast\backend\auto_scripts\precsv\middlecsv\20250325.csv，等待 30 秒后重试...
2025-03-25 03:40:15,200 - ❌ 未找到预测 CSV 文件: D:\my-vue-project\wind-power-forecast\backend\auto_scripts\precsv\middlecsv\20250325.csv，等待 30 秒后重试...
2025-03-25 03:40:45,206 - ❌ 未找到预测 CSV 文件: D:\my-vue-project\wind-power-forecast\backend\auto_scripts\precsv\middlecsv\20250325.csv，等待 30 秒后重试...
2025-03-25 03:41:15,220 - ❌ 未找到预测 CSV 文件: D:\my-vue-project\wind-power-forecast\backend\auto_scripts\precsv\middlecsv\20250325.csv，等待 30 秒后重试...
2025-03-25 03:41:45,233 - ❌ 未找到预测 CSV 文件: D:\my-vue-project\wind-power-forecast\backend\auto_scripts\precsv\middlecsv\20250325.csv，等待 30 秒后重试...
2025-03-25 03:42:15,239 - ❌ 未找到预测 CSV 文件: D:\my-vue-project\wind-power-forecast\backend\auto_scripts\precsv\middlecsv\20250325.csv，等待 30 秒后重试...
2025-03-25 03:42:45,250 - ❌ 未找到预测 CSV 文件: D:\my-vue-project\wind-power-forecast\backend\auto_scripts\precsv\middlecsv\20250325.csv，等待 30 秒后重试...
2025-03-25 03:43:15,253 - ❌ 未找到预测 CSV 文件: D:\my-vue-project\wind-power-forecast\backend\auto_scripts\precsv\middlecsv\20250325.csv，等待 30 秒后重试...
2025-03-25 03:43:45,259 - ❌ 未找到预测 CSV 文件: D:\my-vue-project\wind-power-forecast\backend\auto_scripts\precsv\middlecsv\20250325.csv，等待 30 秒后重试...
2025-03-25 03:44:15,261 - ❌ 未找到预测 CSV 文件: D:\my-vue-project\wind-power-forecast\backend\auto_scripts\precsv\middlecsv\20250325.csv，等待 30 秒后重试...
2025-03-25 03:44:45,264 - ❌ 未找到预测 CSV 文件: D:\my-vue-project\wind-power-forecast\backend\auto_scripts\precsv\middlecsv\20250325.csv，等待 30 秒后重试...
2025-03-25 03:45:15,266 - ❌ 未找到预测 CSV 文件: D:\my-vue-project\wind-power-forecast\backend\auto_scripts\precsv\middlecsv\20250325.csv，等待 30 秒后重试...
2025-03-25 03:45:45,275 - ❌ 未找到预测 CSV 文件: D:\my-vue-project\wind-power-forecast\backend\auto_scripts\precsv\middlecsv\20250325.csv，等待 30 秒后重试...
2025-03-25 03:46:15,283 - ❌ 未找到预测 CSV 文件: D:\my-vue-project\wind-power-forecast\backend\auto_scripts\precsv\middlecsv\20250325.csv，等待 30 秒后重试...
2025-03-25 03:46:45,297 - ❌ 未找到预测 CSV 文件: D:\my-vue-project\wind-power-forecast\backend\auto_scripts\precsv\middlecsv\20250325.csv，等待 30 秒后重试...
2025-03-25 03:47:15,307 - ❌ 未找到预测 CSV 文件: D:\my-vue-project\wind-power-forecast\backend\auto_scripts\precsv\middlecsv\20250325.csv，等待 30 秒后重试...
2025-03-25 03:47:45,318 - ❌ 未找到预测 CSV 文件: D:\my-vue-project\wind-power-forecast\backend\auto_scripts\precsv\middlecsv\20250325.csv，等待 30 秒后重试...
2025-03-25 03:48:15,335 - ❌ 未找到预测 CSV 文件: D:\my-vue-project\wind-power-forecast\backend\auto_scripts\precsv\middlecsv\20250325.csv，等待 30 秒后重试...
2025-03-25 03:48:45,343 - ❌ 未找到预测 CSV 文件: D:\my-vue-project\wind-power-forecast\backend\auto_scripts\precsv\middlecsv\20250325.csv，等待 30 秒后重试...
2025-03-25 03:49:15,350 - ❌ 未找到预测 CSV 文件: D:\my-vue-project\wind-power-forecast\backend\auto_scripts\precsv\middlecsv\20250325.csv，等待 30 秒后重试...
2025-03-25 03:49:45,367 - ❌ 未找到预测 CSV 文件: D:\my-vue-project\wind-power-forecast\backend\auto_scripts\precsv\middlecsv\20250325.csv，等待 30 秒后重试...
2025-03-25 03:50:15,371 - ❌ 未找到预测 CSV 文件: D:\my-vue-project\wind-power-forecast\backend\auto_scripts\precsv\middlecsv\20250325.csv，等待 30 秒后重试...
2025-03-25 03:50:45,387 - ❌ 未找到预测 CSV 文件: D:\my-vue-project\wind-power-forecast\backend\auto_scripts\precsv\middlecsv\20250325.csv，等待 30 秒后重试...
2025-03-25 03:51:15,397 - ❌ 未找到预测 CSV 文件: D:\my-vue-project\wind-power-forecast\backend\auto_scripts\precsv\middlecsv\20250325.csv，等待 30 秒后重试...
2025-03-25 03:51:45,404 - ❌ 未找到预测 CSV 文件: D:\my-vue-project\wind-power-forecast\backend\auto_scripts\precsv\middlecsv\20250325.csv，等待 30 秒后重试...
2025-03-25 03:52:15,415 - ❌ 未找到预测 CSV 文件: D:\my-vue-project\wind-power-forecast\backend\auto_scripts\precsv\middlecsv\20250325.csv，等待 30 秒后重试...
2025-03-25 03:52:45,427 - ❌ 未找到预测 CSV 文件: D:\my-vue-project\wind-power-forecast\backend\auto_scripts\precsv\middlecsv\20250325.csv，等待 30 秒后重试...
2025-03-25 03:53:15,434 - ❌ 未找到预测 CSV 文件: D:\my-vue-project\wind-power-forecast\backend\auto_scripts\precsv\middlecsv\20250325.csv，等待 30 秒后重试...
2025-03-25 03:53:45,444 - ❌ 未找到预测 CSV 文件: D:\my-vue-project\wind-power-forecast\backend\auto_scripts\precsv\middlecsv\20250325.csv，等待 30 秒后重试...
2025-03-25 03:54:15,461 - ❌ 未找到预测 CSV 文件: D:\my-vue-project\wind-power-forecast\backend\auto_scripts\precsv\middlecsv\20250325.csv，等待 30 秒后重试...
2025-03-25 03:54:45,467 - ❌ 未找到预测 CSV 文件: D:\my-vue-project\wind-power-forecast\backend\auto_scripts\precsv\middlecsv\20250325.csv，等待 30 秒后重试...
2025-03-25 03:55:15,470 - ❌ 未找到预测 CSV 文件: D:\my-vue-project\wind-power-forecast\backend\auto_scripts\precsv\middlecsv\20250325.csv，等待 30 秒后重试...
2025-03-25 03:55:45,487 - ❌ 未找到预测 CSV 文件: D:\my-vue-project\wind-power-forecast\backend\auto_scripts\precsv\middlecsv\20250325.csv，等待 30 秒后重试...
2025-03-25 03:56:15,499 - ❌ 未找到预测 CSV 文件: D:\my-vue-project\wind-power-forecast\backend\auto_scripts\precsv\middlecsv\20250325.csv，等待 30 秒后重试...
2025-03-25 03:56:45,510 - ❌ 未找到预测 CSV 文件: D:\my-vue-project\wind-power-forecast\backend\auto_scripts\precsv\middlecsv\20250325.csv，等待 30 秒后重试...
2025-03-25 03:57:15,528 - ❌ 未找到预测 CSV 文件: D:\my-vue-project\wind-power-forecast\backend\auto_scripts\precsv\middlecsv\20250325.csv，等待 30 秒后重试...
2025-03-25 03:57:45,538 - ❌ 未找到预测 CSV 文件: D:\my-vue-project\wind-power-forecast\backend\auto_scripts\precsv\middlecsv\20250325.csv，等待 30 秒后重试...
2025-03-25 03:58:15,549 - ❌ 未找到预测 CSV 文件: D:\my-vue-project\wind-power-forecast\backend\auto_scripts\precsv\middlecsv\20250325.csv，等待 30 秒后重试...
2025-03-25 03:58:45,561 - ❌ 未找到预测 CSV 文件: D:\my-vue-project\wind-power-forecast\backend\auto_scripts\precsv\middlecsv\20250325.csv，等待 30 秒后重试...
2025-03-25 03:59:15,563 - ❌ 未找到预测 CSV 文件: D:\my-vue-project\wind-power-forecast\backend\auto_scripts\precsv\middlecsv\20250325.csv，等待 30 秒后重试...
2025-03-25 03:59:45,576 - ❌ 未找到预测 CSV 文件: D:\my-vue-project\wind-power-forecast\backend\auto_scripts\precsv\middlecsv\20250325.csv，等待 30 秒后重试...
2025-03-25 04:00:15,592 - ❌ 未找到预测 CSV 文件: D:\my-vue-project\wind-power-forecast\backend\auto_scripts\precsv\middlecsv\20250325.csv，等待 30 秒后重试...
2025-03-25 04:00:45,594 - ❌ 未找到预测 CSV 文件: D:\my-vue-project\wind-power-forecast\backend\auto_scripts\precsv\middlecsv\20250325.csv，等待 30 秒后重试...
2025-03-25 04:01:15,603 - ❌ 未找到预测 CSV 文件: D:\my-vue-project\wind-power-forecast\backend\auto_scripts\precsv\middlecsv\20250325.csv，等待 30 秒后重试...
2025-03-25 04:01:45,620 - ❌ 未找到预测 CSV 文件: D:\my-vue-project\wind-power-forecast\backend\auto_scripts\precsv\middlecsv\20250325.csv，等待 30 秒后重试...
2025-03-25 04:02:15,638 - ❌ 未找到预测 CSV 文件: D:\my-vue-project\wind-power-forecast\backend\auto_scripts\precsv\middlecsv\20250325.csv，等待 30 秒后重试...
2025-03-25 04:02:45,645 - ❌ 未找到预测 CSV 文件: D:\my-vue-project\wind-power-forecast\backend\auto_scripts\precsv\middlecsv\20250325.csv，等待 30 秒后重试...
2025-03-25 04:03:15,651 - ❌ 未找到预测 CSV 文件: D:\my-vue-project\wind-power-forecast\backend\auto_scripts\precsv\middlecsv\20250325.csv，等待 30 秒后重试...
2025-03-25 04:03:45,662 - ❌ 未找到预测 CSV 文件: D:\my-vue-project\wind-power-forecast\backend\auto_scripts\precsv\middlecsv\20250325.csv，等待 30 秒后重试...
2025-03-25 04:04:15,672 - ❌ 未找到预测 CSV 文件: D:\my-vue-project\wind-power-forecast\backend\auto_scripts\precsv\middlecsv\20250325.csv，等待 30 秒后重试...
2025-03-25 04:04:45,678 - ❌ 未找到预测 CSV 文件: D:\my-vue-project\wind-power-forecast\backend\auto_scripts\precsv\middlecsv\20250325.csv，等待 30 秒后重试...
2025-03-25 04:05:15,693 - ❌ 未找到预测 CSV 文件: D:\my-vue-project\wind-power-forecast\backend\auto_scripts\precsv\middlecsv\20250325.csv，等待 30 秒后重试...
2025-03-25 04:05:45,698 - ❌ 未找到预测 CSV 文件: D:\my-vue-project\wind-power-forecast\backend\auto_scripts\precsv\middlecsv\20250325.csv，等待 30 秒后重试...
2025-03-25 04:06:15,714 - ❌ 未找到预测 CSV 文件: D:\my-vue-project\wind-power-forecast\backend\auto_scripts\precsv\middlecsv\20250325.csv，等待 30 秒后重试...
2025-03-25 04:06:45,729 - ❌ 未找到预测 CSV 文件: D:\my-vue-project\wind-power-forecast\backend\auto_scripts\precsv\middlecsv\20250325.csv，等待 30 秒后重试...
2025-03-25 04:07:15,741 - ❌ 未找到预测 CSV 文件: D:\my-vue-project\wind-power-forecast\backend\auto_scripts\precsv\middlecsv\20250325.csv，等待 30 秒后重试...
2025-03-25 04:07:45,748 - ❌ 未找到预测 CSV 文件: D:\my-vue-project\wind-power-forecast\backend\auto_scripts\precsv\middlecsv\20250325.csv，等待 30 秒后重试...
2025-03-25 04:08:15,760 - ❌ 未找到预测 CSV 文件: D:\my-vue-project\wind-power-forecast\backend\auto_scripts\precsv\middlecsv\20250325.csv，等待 30 秒后重试...
2025-03-25 04:08:45,763 - ❌ 未找到预测 CSV 文件: D:\my-vue-project\wind-power-forecast\backend\auto_scripts\precsv\middlecsv\20250325.csv，等待 30 秒后重试...
2025-03-25 04:09:15,771 - ❌ 未找到预测 CSV 文件: D:\my-vue-project\wind-power-forecast\backend\auto_scripts\precsv\middlecsv\20250325.csv，等待 30 秒后重试...
2025-03-25 04:09:45,784 - ❌ 未找到预测 CSV 文件: D:\my-vue-project\wind-power-forecast\backend\auto_scripts\precsv\middlecsv\20250325.csv，等待 30 秒后重试...
2025-03-25 04:10:15,800 - ❌ 未找到预测 CSV 文件: D:\my-vue-project\wind-power-forecast\backend\auto_scripts\precsv\middlecsv\20250325.csv，等待 30 秒后重试...
2025-03-25 04:10:45,812 - ❌ 未找到预测 CSV 文件: D:\my-vue-project\wind-power-forecast\backend\auto_scripts\precsv\middlecsv\20250325.csv，等待 30 秒后重试...
2025-03-25 04:11:15,824 - ❌ 未找到预测 CSV 文件: D:\my-vue-project\wind-power-forecast\backend\auto_scripts\precsv\middlecsv\20250325.csv，等待 30 秒后重试...
2025-03-25 04:11:45,840 - ❌ 未找到预测 CSV 文件: D:\my-vue-project\wind-power-forecast\backend\auto_scripts\precsv\middlecsv\20250325.csv，等待 30 秒后重试...
2025-03-25 04:12:15,856 - ❌ 未找到预测 CSV 文件: D:\my-vue-project\wind-power-forecast\backend\auto_scripts\precsv\middlecsv\20250325.csv，等待 30 秒后重试...
2025-03-25 04:12:45,868 - ❌ 未找到预测 CSV 文件: D:\my-vue-project\wind-power-forecast\backend\auto_scripts\precsv\middlecsv\20250325.csv，等待 30 秒后重试...
2025-03-25 04:13:15,876 - ❌ 未找到预测 CSV 文件: D:\my-vue-project\wind-power-forecast\backend\auto_scripts\precsv\middlecsv\20250325.csv，等待 30 秒后重试...
2025-03-25 04:13:45,892 - ❌ 未找到预测 CSV 文件: D:\my-vue-project\wind-power-forecast\backend\auto_scripts\precsv\middlecsv\20250325.csv，等待 30 秒后重试...
2025-03-25 04:14:15,899 - ❌ 未找到预测 CSV 文件: D:\my-vue-project\wind-power-forecast\backend\auto_scripts\precsv\middlecsv\20250325.csv，等待 30 秒后重试...
2025-03-25 04:14:45,916 - ❌ 未找到预测 CSV 文件: D:\my-vue-project\wind-power-forecast\backend\auto_scripts\precsv\middlecsv\20250325.csv，等待 30 秒后重试...
2025-03-25 04:15:15,931 - ❌ 未找到预测 CSV 文件: D:\my-vue-project\wind-power-forecast\backend\auto_scripts\precsv\middlecsv\20250325.csv，等待 30 秒后重试...
2025-03-25 04:15:45,942 - ❌ 未找到预测 CSV 文件: D:\my-vue-project\wind-power-forecast\backend\auto_scripts\precsv\middlecsv\20250325.csv，等待 30 秒后重试...
2025-03-25 04:16:15,951 - ❌ 未找到预测 CSV 文件: D:\my-vue-project\wind-power-forecast\backend\auto_scripts\precsv\middlecsv\20250325.csv，等待 30 秒后重试...
2025-03-25 04:16:45,966 - ❌ 未找到预测 CSV 文件: D:\my-vue-project\wind-power-forecast\backend\auto_scripts\precsv\middlecsv\20250325.csv，等待 30 秒后重试...
2025-03-25 04:17:15,978 - ❌ 未找到预测 CSV 文件: D:\my-vue-project\wind-power-forecast\backend\auto_scripts\precsv\middlecsv\20250325.csv，等待 30 秒后重试...
2025-03-25 04:17:45,982 - ❌ 未找到预测 CSV 文件: D:\my-vue-project\wind-power-forecast\backend\auto_scripts\precsv\middlecsv\20250325.csv，等待 30 秒后重试...
2025-03-25 04:18:15,984 - ❌ 未找到预测 CSV 文件: D:\my-vue-project\wind-power-forecast\backend\auto_scripts\precsv\middlecsv\20250325.csv，等待 30 秒后重试...
2025-03-25 04:18:45,996 - ❌ 未找到预测 CSV 文件: D:\my-vue-project\wind-power-forecast\backend\auto_scripts\precsv\middlecsv\20250325.csv，等待 30 秒后重试...
2025-03-25 04:19:16,005 - ❌ 未找到预测 CSV 文件: D:\my-vue-project\wind-power-forecast\backend\auto_scripts\precsv\middlecsv\20250325.csv，等待 30 秒后重试...
2025-03-25 04:19:46,021 - ❌ 未找到预测 CSV 文件: D:\my-vue-project\wind-power-forecast\backend\auto_scripts\precsv\middlecsv\20250325.csv，等待 30 秒后重试...
2025-03-25 04:20:16,037 - ❌ 未找到预测 CSV 文件: D:\my-vue-project\wind-power-forecast\backend\auto_scripts\precsv\middlecsv\20250325.csv，等待 30 秒后重试...
2025-03-25 04:20:46,047 - ❌ 未找到预测 CSV 文件: D:\my-vue-project\wind-power-forecast\backend\auto_scripts\precsv\middlecsv\20250325.csv，等待 30 秒后重试...
2025-03-25 04:21:16,058 - ❌ 未找到预测 CSV 文件: D:\my-vue-project\wind-power-forecast\backend\auto_scripts\precsv\middlecsv\20250325.csv，等待 30 秒后重试...
2025-03-25 04:21:46,064 - ❌ 未找到预测 CSV 文件: D:\my-vue-project\wind-power-forecast\backend\auto_scripts\precsv\middlecsv\20250325.csv，等待 30 秒后重试...
2025-03-25 04:22:16,081 - ❌ 未找到预测 CSV 文件: D:\my-vue-project\wind-power-forecast\backend\auto_scripts\precsv\middlecsv\20250325.csv，等待 30 秒后重试...
2025-03-25 04:22:46,093 - ❌ 未找到预测 CSV 文件: D:\my-vue-project\wind-power-forecast\backend\auto_scripts\precsv\middlecsv\20250325.csv，等待 30 秒后重试...
2025-03-25 04:23:16,098 - ❌ 未找到预测 CSV 文件: D:\my-vue-project\wind-power-forecast\backend\auto_scripts\precsv\middlecsv\20250325.csv，等待 30 秒后重试...
2025-03-25 04:23:46,114 - ❌ 未找到预测 CSV 文件: D:\my-vue-project\wind-power-forecast\backend\auto_scripts\precsv\middlecsv\20250325.csv，等待 30 秒后重试...
2025-03-25 04:24:16,119 - ❌ 未找到预测 CSV 文件: D:\my-vue-project\wind-power-forecast\backend\auto_scripts\precsv\middlecsv\20250325.csv，等待 30 秒后重试...
2025-03-25 04:24:46,130 - ❌ 未找到预测 CSV 文件: D:\my-vue-project\wind-power-forecast\backend\auto_scripts\precsv\middlecsv\20250325.csv，等待 30 秒后重试...
2025-03-25 04:25:16,135 - ❌ 未找到预测 CSV 文件: D:\my-vue-project\wind-power-forecast\backend\auto_scripts\precsv\middlecsv\20250325.csv，等待 30 秒后重试...
2025-03-25 04:25:46,150 - ❌ 未找到预测 CSV 文件: D:\my-vue-project\wind-power-forecast\backend\auto_scripts\precsv\middlecsv\20250325.csv，等待 30 秒后重试...
2025-03-25 04:26:16,153 - ❌ 未找到预测 CSV 文件: D:\my-vue-project\wind-power-forecast\backend\auto_scripts\precsv\middlecsv\20250325.csv，等待 30 秒后重试...
2025-03-25 04:26:46,171 - ❌ 未找到预测 CSV 文件: D:\my-vue-project\wind-power-forecast\backend\auto_scripts\precsv\middlecsv\20250325.csv，等待 30 秒后重试...
2025-03-25 04:27:16,175 - ❌ 未找到预测 CSV 文件: D:\my-vue-project\wind-power-forecast\backend\auto_scripts\precsv\middlecsv\20250325.csv，等待 30 秒后重试...
2025-03-25 04:27:46,181 - ❌ 未找到预测 CSV 文件: D:\my-vue-project\wind-power-forecast\backend\auto_scripts\precsv\middlecsv\20250325.csv，等待 30 秒后重试...
2025-03-25 04:28:16,190 - ❌ 未找到预测 CSV 文件: D:\my-vue-project\wind-power-forecast\backend\auto_scripts\precsv\middlecsv\20250325.csv，等待 30 秒后重试...
2025-03-25 04:28:46,207 - ❌ 未找到预测 CSV 文件: D:\my-vue-project\wind-power-forecast\backend\auto_scripts\precsv\middlecsv\20250325.csv，等待 30 秒后重试...
2025-03-25 04:29:16,213 - ❌ 未找到预测 CSV 文件: D:\my-vue-project\wind-power-forecast\backend\auto_scripts\precsv\middlecsv\20250325.csv，等待 30 秒后重试...
2025-03-25 04:29:46,221 - ❌ 未找到预测 CSV 文件: D:\my-vue-project\wind-power-forecast\backend\auto_scripts\precsv\middlecsv\20250325.csv，等待 30 秒后重试...
2025-03-25 04:30:16,229 - ❌ 未找到预测 CSV 文件: D:\my-vue-project\wind-power-forecast\backend\auto_scripts\precsv\middlecsv\20250325.csv，等待 30 秒后重试...
2025-03-25 04:30:46,240 - ❌ 未找到预测 CSV 文件: D:\my-vue-project\wind-power-forecast\backend\auto_scripts\precsv\middlecsv\20250325.csv，等待 30 秒后重试...
2025-03-25 04:31:16,242 - ❌ 未找到预测 CSV 文件: D:\my-vue-project\wind-power-forecast\backend\auto_scripts\precsv\middlecsv\20250325.csv，等待 30 秒后重试...
2025-03-25 04:31:46,250 - ❌ 未找到预测 CSV 文件: D:\my-vue-project\wind-power-forecast\backend\auto_scripts\precsv\middlecsv\20250325.csv，等待 30 秒后重试...
2025-03-25 04:32:16,259 - ❌ 未找到预测 CSV 文件: D:\my-vue-project\wind-power-forecast\backend\auto_scripts\precsv\middlecsv\20250325.csv，等待 30 秒后重试...
2025-03-25 04:32:46,271 - ❌ 未找到预测 CSV 文件: D:\my-vue-project\wind-power-forecast\backend\auto_scripts\precsv\middlecsv\20250325.csv，等待 30 秒后重试...
2025-03-25 04:33:16,276 - ❌ 未找到预测 CSV 文件: D:\my-vue-project\wind-power-forecast\backend\auto_scripts\precsv\middlecsv\20250325.csv，等待 30 秒后重试...
2025-03-25 04:33:46,293 - ❌ 未找到预测 CSV 文件: D:\my-vue-project\wind-power-forecast\backend\auto_scripts\precsv\middlecsv\20250325.csv，等待 30 秒后重试...
2025-03-25 04:34:16,298 - ❌ 未找到预测 CSV 文件: D:\my-vue-project\wind-power-forecast\backend\auto_scripts\precsv\middlecsv\20250325.csv，等待 30 秒后重试...
2025-03-25 04:34:46,305 - ❌ 未找到预测 CSV 文件: D:\my-vue-project\wind-power-forecast\backend\auto_scripts\precsv\middlecsv\20250325.csv，等待 30 秒后重试...
2025-03-25 04:35:16,308 - ❌ 未找到预测 CSV 文件: D:\my-vue-project\wind-power-forecast\backend\auto_scripts\precsv\middlecsv\20250325.csv，等待 30 秒后重试...
2025-03-25 04:35:46,314 - ❌ 未找到预测 CSV 文件: D:\my-vue-project\wind-power-forecast\backend\auto_scripts\precsv\middlecsv\20250325.csv，等待 30 秒后重试...
2025-03-25 04:36:16,319 - ❌ 未找到预测 CSV 文件: D:\my-vue-project\wind-power-forecast\backend\auto_scripts\precsv\middlecsv\20250325.csv，等待 30 秒后重试...
2025-03-25 04:36:46,321 - ❌ 未找到预测 CSV 文件: D:\my-vue-project\wind-power-forecast\backend\auto_scripts\precsv\middlecsv\20250325.csv，等待 30 秒后重试...
2025-03-25 04:37:16,337 - ❌ 未找到预测 CSV 文件: D:\my-vue-project\wind-power-forecast\backend\auto_scripts\precsv\middlecsv\20250325.csv，等待 30 秒后重试...
2025-03-25 04:37:46,345 - ❌ 未找到预测 CSV 文件: D:\my-vue-project\wind-power-forecast\backend\auto_scripts\precsv\middlecsv\20250325.csv，等待 30 秒后重试...
2025-03-25 04:38:16,359 - ❌ 未找到预测 CSV 文件: D:\my-vue-project\wind-power-forecast\backend\auto_scripts\precsv\middlecsv\20250325.csv，等待 30 秒后重试...
2025-03-25 04:38:46,362 - ❌ 未找到预测 CSV 文件: D:\my-vue-project\wind-power-forecast\backend\auto_scripts\precsv\middlecsv\20250325.csv，等待 30 秒后重试...
2025-03-25 04:39:16,379 - ❌ 未找到预测 CSV 文件: D:\my-vue-project\wind-power-forecast\backend\auto_scripts\precsv\middlecsv\20250325.csv，等待 30 秒后重试...
2025-03-25 04:39:46,389 - ❌ 未找到预测 CSV 文件: D:\my-vue-project\wind-power-forecast\backend\auto_scripts\precsv\middlecsv\20250325.csv，等待 30 秒后重试...
2025-03-25 04:40:16,394 - ❌ 未找到预测 CSV 文件: D:\my-vue-project\wind-power-forecast\backend\auto_scripts\precsv\middlecsv\20250325.csv，等待 30 秒后重试...
2025-03-25 04:40:46,404 - ❌ 未找到预测 CSV 文件: D:\my-vue-project\wind-power-forecast\backend\auto_scripts\precsv\middlecsv\20250325.csv，等待 30 秒后重试...
2025-03-25 04:41:16,409 - ❌ 未找到预测 CSV 文件: D:\my-vue-project\wind-power-forecast\backend\auto_scripts\precsv\middlecsv\20250325.csv，等待 30 秒后重试...
2025-03-25 04:41:46,423 - ❌ 未找到预测 CSV 文件: D:\my-vue-project\wind-power-forecast\backend\auto_scripts\precsv\middlecsv\20250325.csv，等待 30 秒后重试...
2025-03-25 04:42:16,438 - ❌ 未找到预测 CSV 文件: D:\my-vue-project\wind-power-forecast\backend\auto_scripts\precsv\middlecsv\20250325.csv，等待 30 秒后重试...
2025-03-25 04:42:46,450 - ❌ 未找到预测 CSV 文件: D:\my-vue-project\wind-power-forecast\backend\auto_scripts\precsv\middlecsv\20250325.csv，等待 30 秒后重试...
2025-03-25 04:43:16,458 - ❌ 未找到预测 CSV 文件: D:\my-vue-project\wind-power-forecast\backend\auto_scripts\precsv\middlecsv\20250325.csv，等待 30 秒后重试...
2025-03-25 04:43:46,475 - ❌ 未找到预测 CSV 文件: D:\my-vue-project\wind-power-forecast\backend\auto_scripts\precsv\middlecsv\20250325.csv，等待 30 秒后重试...
2025-03-25 04:44:16,485 - ❌ 未找到预测 CSV 文件: D:\my-vue-project\wind-power-forecast\backend\auto_scripts\precsv\middlecsv\20250325.csv，等待 30 秒后重试...
2025-03-25 04:44:46,494 - ❌ 未找到预测 CSV 文件: D:\my-vue-project\wind-power-forecast\backend\auto_scripts\precsv\middlecsv\20250325.csv，等待 30 秒后重试...
2025-03-25 04:45:16,502 - ❌ 未找到预测 CSV 文件: D:\my-vue-project\wind-power-forecast\backend\auto_scripts\precsv\middlecsv\20250325.csv，等待 30 秒后重试...
2025-03-25 04:45:46,511 - ❌ 未找到预测 CSV 文件: D:\my-vue-project\wind-power-forecast\backend\auto_scripts\precsv\middlecsv\20250325.csv，等待 30 秒后重试...
2025-03-25 04:46:16,519 - ❌ 未找到预测 CSV 文件: D:\my-vue-project\wind-power-forecast\backend\auto_scripts\precsv\middlecsv\20250325.csv，等待 30 秒后重试...
2025-03-25 04:46:46,534 - ❌ 未找到预测 CSV 文件: D:\my-vue-project\wind-power-forecast\backend\auto_scripts\precsv\middlecsv\20250325.csv，等待 30 秒后重试...
2025-03-25 04:47:16,539 - ❌ 未找到预测 CSV 文件: D:\my-vue-project\wind-power-forecast\backend\auto_scripts\precsv\middlecsv\20250325.csv，等待 30 秒后重试...
2025-03-25 04:47:46,551 - ❌ 未找到预测 CSV 文件: D:\my-vue-project\wind-power-forecast\backend\auto_scripts\precsv\middlecsv\20250325.csv，等待 30 秒后重试...
2025-03-25 04:48:16,560 - ❌ 未找到预测 CSV 文件: D:\my-vue-project\wind-power-forecast\backend\auto_scripts\precsv\middlecsv\20250325.csv，等待 30 秒后重试...
2025-03-25 04:48:46,567 - ❌ 未找到预测 CSV 文件: D:\my-vue-project\wind-power-forecast\backend\auto_scripts\precsv\middlecsv\20250325.csv，等待 30 秒后重试...
2025-03-25 04:49:16,574 - ❌ 未找到预测 CSV 文件: D:\my-vue-project\wind-power-forecast\backend\auto_scripts\precsv\middlecsv\20250325.csv，等待 30 秒后重试...
2025-03-25 04:49:46,577 - ❌ 未找到预测 CSV 文件: D:\my-vue-project\wind-power-forecast\backend\auto_scripts\precsv\middlecsv\20250325.csv，等待 30 秒后重试...
2025-03-25 04:50:16,585 - ❌ 未找到预测 CSV 文件: D:\my-vue-project\wind-power-forecast\backend\auto_scripts\precsv\middlecsv\20250325.csv，等待 30 秒后重试...
2025-03-25 04:50:46,592 - ❌ 未找到预测 CSV 文件: D:\my-vue-project\wind-power-forecast\backend\auto_scripts\precsv\middlecsv\20250325.csv，等待 30 秒后重试...
2025-03-25 04:51:16,610 - ❌ 未找到预测 CSV 文件: D:\my-vue-project\wind-power-forecast\backend\auto_scripts\precsv\middlecsv\20250325.csv，等待 30 秒后重试...
2025-03-25 04:51:46,618 - ❌ 未找到预测 CSV 文件: D:\my-vue-project\wind-power-forecast\backend\auto_scripts\precsv\middlecsv\20250325.csv，等待 30 秒后重试...
2025-03-25 04:52:16,623 - ❌ 未找到预测 CSV 文件: D:\my-vue-project\wind-power-forecast\backend\auto_scripts\precsv\middlecsv\20250325.csv，等待 30 秒后重试...
2025-03-25 04:52:46,633 - ❌ 未找到预测 CSV 文件: D:\my-vue-project\wind-power-forecast\backend\auto_scripts\precsv\middlecsv\20250325.csv，等待 30 秒后重试...
2025-03-25 04:53:16,638 - ❌ 未找到预测 CSV 文件: D:\my-vue-project\wind-power-forecast\backend\auto_scripts\precsv\middlecsv\20250325.csv，等待 30 秒后重试...
2025-03-25 04:53:46,646 - ❌ 未找到预测 CSV 文件: D:\my-vue-project\wind-power-forecast\backend\auto_scripts\precsv\middlecsv\20250325.csv，等待 30 秒后重试...
2025-03-25 04:54:16,651 - ❌ 未找到预测 CSV 文件: D:\my-vue-project\wind-power-forecast\backend\auto_scripts\precsv\middlecsv\20250325.csv，等待 30 秒后重试...
2025-03-25 04:54:46,654 - ❌ 未找到预测 CSV 文件: D:\my-vue-project\wind-power-forecast\backend\auto_scripts\precsv\middlecsv\20250325.csv，等待 30 秒后重试...
2025-03-25 04:55:16,667 - ❌ 未找到预测 CSV 文件: D:\my-vue-project\wind-power-forecast\backend\auto_scripts\precsv\middlecsv\20250325.csv，等待 30 秒后重试...
2025-03-25 04:55:46,684 - ❌ 未找到预测 CSV 文件: D:\my-vue-project\wind-power-forecast\backend\auto_scripts\precsv\middlecsv\20250325.csv，等待 30 秒后重试...
2025-03-25 04:56:16,698 - ❌ 未找到预测 CSV 文件: D:\my-vue-project\wind-power-forecast\backend\auto_scripts\precsv\middlecsv\20250325.csv，等待 30 秒后重试...
2025-03-25 04:56:46,712 - ❌ 未找到预测 CSV 文件: D:\my-vue-project\wind-power-forecast\backend\auto_scripts\precsv\middlecsv\20250325.csv，等待 30 秒后重试...
2025-03-25 04:57:16,715 - ❌ 未找到预测 CSV 文件: D:\my-vue-project\wind-power-forecast\backend\auto_scripts\precsv\middlecsv\20250325.csv，等待 30 秒后重试...
2025-03-25 04:57:46,719 - ❌ 未找到预测 CSV 文件: D:\my-vue-project\wind-power-forecast\backend\auto_scripts\precsv\middlecsv\20250325.csv，等待 30 秒后重试...
2025-03-25 04:58:16,729 - ❌ 未找到预测 CSV 文件: D:\my-vue-project\wind-power-forecast\backend\auto_scripts\precsv\middlecsv\20250325.csv，等待 30 秒后重试...
2025-03-25 04:58:46,739 - ❌ 未找到预测 CSV 文件: D:\my-vue-project\wind-power-forecast\backend\auto_scripts\precsv\middlecsv\20250325.csv，等待 30 秒后重试...
2025-03-25 04:59:16,750 - ❌ 未找到预测 CSV 文件: D:\my-vue-project\wind-power-forecast\backend\auto_scripts\precsv\middlecsv\20250325.csv，等待 30 秒后重试...
2025-03-25 04:59:46,754 - ❌ 未找到预测 CSV 文件: D:\my-vue-project\wind-power-forecast\backend\auto_scripts\precsv\middlecsv\20250325.csv，等待 30 秒后重试...
2025-03-25 05:00:16,765 - ❌ 未找到预测 CSV 文件: D:\my-vue-project\wind-power-forecast\backend\auto_scripts\precsv\middlecsv\20250325.csv，等待 30 秒后重试...
2025-03-25 05:00:46,773 - ❌ 未找到预测 CSV 文件: D:\my-vue-project\wind-power-forecast\backend\auto_scripts\precsv\middlecsv\20250325.csv，等待 30 秒后重试...
2025-03-25 05:01:16,777 - ❌ 未找到预测 CSV 文件: D:\my-vue-project\wind-power-forecast\backend\auto_scripts\precsv\middlecsv\20250325.csv，等待 30 秒后重试...
2025-03-25 05:01:46,786 - ❌ 未找到预测 CSV 文件: D:\my-vue-project\wind-power-forecast\backend\auto_scripts\precsv\middlecsv\20250325.csv，等待 30 秒后重试...
2025-03-25 05:02:16,798 - ❌ 未找到预测 CSV 文件: D:\my-vue-project\wind-power-forecast\backend\auto_scripts\precsv\middlecsv\20250325.csv，等待 30 秒后重试...
2025-03-25 05:02:46,806 - ❌ 未找到预测 CSV 文件: D:\my-vue-project\wind-power-forecast\backend\auto_scripts\precsv\middlecsv\20250325.csv，等待 30 秒后重试...
2025-03-25 05:03:16,820 - ❌ 未找到预测 CSV 文件: D:\my-vue-project\wind-power-forecast\backend\auto_scripts\precsv\middlecsv\20250325.csv，等待 30 秒后重试...
2025-03-25 05:03:46,826 - ❌ 未找到预测 CSV 文件: D:\my-vue-project\wind-power-forecast\backend\auto_scripts\precsv\middlecsv\20250325.csv，等待 30 秒后重试...
2025-03-25 05:04:16,835 - ❌ 未找到预测 CSV 文件: D:\my-vue-project\wind-power-forecast\backend\auto_scripts\precsv\middlecsv\20250325.csv，等待 30 秒后重试...
2025-03-25 05:04:46,853 - ❌ 未找到预测 CSV 文件: D:\my-vue-project\wind-power-forecast\backend\auto_scripts\precsv\middlecsv\20250325.csv，等待 30 秒后重试...
2025-03-25 05:05:16,856 - ❌ 未找到预测 CSV 文件: D:\my-vue-project\wind-power-forecast\backend\auto_scripts\precsv\middlecsv\20250325.csv，等待 30 秒后重试...
2025-03-25 05:05:46,860 - ❌ 未找到预测 CSV 文件: D:\my-vue-project\wind-power-forecast\backend\auto_scripts\precsv\middlecsv\20250325.csv，等待 30 秒后重试...
2025-03-25 05:06:16,863 - ❌ 未找到预测 CSV 文件: D:\my-vue-project\wind-power-forecast\backend\auto_scripts\precsv\middlecsv\20250325.csv，等待 30 秒后重试...
2025-03-25 05:06:46,867 - ❌ 未找到预测 CSV 文件: D:\my-vue-project\wind-power-forecast\backend\auto_scripts\precsv\middlecsv\20250325.csv，等待 30 秒后重试...
2025-03-25 05:07:16,883 - ❌ 未找到预测 CSV 文件: D:\my-vue-project\wind-power-forecast\backend\auto_scripts\precsv\middlecsv\20250325.csv，等待 30 秒后重试...
2025-03-25 05:07:46,894 - ❌ 未找到预测 CSV 文件: D:\my-vue-project\wind-power-forecast\backend\auto_scripts\precsv\middlecsv\20250325.csv，等待 30 秒后重试...
2025-03-25 05:08:16,907 - ❌ 未找到预测 CSV 文件: D:\my-vue-project\wind-power-forecast\backend\auto_scripts\precsv\middlecsv\20250325.csv，等待 30 秒后重试...
2025-03-25 05:08:46,911 - ❌ 未找到预测 CSV 文件: D:\my-vue-project\wind-power-forecast\backend\auto_scripts\precsv\middlecsv\20250325.csv，等待 30 秒后重试...
2025-03-25 05:09:16,917 - ❌ 未找到预测 CSV 文件: D:\my-vue-project\wind-power-forecast\backend\auto_scripts\precsv\middlecsv\20250325.csv，等待 30 秒后重试...
2025-03-25 05:09:46,934 - ❌ 未找到预测 CSV 文件: D:\my-vue-project\wind-power-forecast\backend\auto_scripts\precsv\middlecsv\20250325.csv，等待 30 秒后重试...
2025-03-25 05:10:16,944 - ❌ 未找到预测 CSV 文件: D:\my-vue-project\wind-power-forecast\backend\auto_scripts\precsv\middlecsv\20250325.csv，等待 30 秒后重试...
2025-03-25 05:10:46,951 - ❌ 未找到预测 CSV 文件: D:\my-vue-project\wind-power-forecast\backend\auto_scripts\precsv\middlecsv\20250325.csv，等待 30 秒后重试...
2025-03-25 05:11:16,954 - ❌ 未找到预测 CSV 文件: D:\my-vue-project\wind-power-forecast\backend\auto_scripts\precsv\middlecsv\20250325.csv，等待 30 秒后重试...
2025-03-25 05:11:46,958 - ❌ 未找到预测 CSV 文件: D:\my-vue-project\wind-power-forecast\backend\auto_scripts\precsv\middlecsv\20250325.csv，等待 30 秒后重试...
2025-03-25 05:12:16,965 - ❌ 未找到预测 CSV 文件: D:\my-vue-project\wind-power-forecast\backend\auto_scripts\precsv\middlecsv\20250325.csv，等待 30 秒后重试...
2025-03-25 05:12:46,972 - ❌ 未找到预测 CSV 文件: D:\my-vue-project\wind-power-forecast\backend\auto_scripts\precsv\middlecsv\20250325.csv，等待 30 秒后重试...
2025-03-25 05:13:16,975 - ❌ 未找到预测 CSV 文件: D:\my-vue-project\wind-power-forecast\backend\auto_scripts\precsv\middlecsv\20250325.csv，等待 30 秒后重试...
2025-03-25 05:13:46,991 - ❌ 未找到预测 CSV 文件: D:\my-vue-project\wind-power-forecast\backend\auto_scripts\precsv\middlecsv\20250325.csv，等待 30 秒后重试...
2025-03-25 05:14:16,999 - ❌ 未找到预测 CSV 文件: D:\my-vue-project\wind-power-forecast\backend\auto_scripts\precsv\middlecsv\20250325.csv，等待 30 秒后重试...
2025-03-25 05:14:47,005 - ❌ 未找到预测 CSV 文件: D:\my-vue-project\wind-power-forecast\backend\auto_scripts\precsv\middlecsv\20250325.csv，等待 30 秒后重试...
2025-03-25 05:15:17,019 - ❌ 未找到预测 CSV 文件: D:\my-vue-project\wind-power-forecast\backend\auto_scripts\precsv\middlecsv\20250325.csv，等待 30 秒后重试...
2025-03-25 05:15:47,022 - ❌ 未找到预测 CSV 文件: D:\my-vue-project\wind-power-forecast\backend\auto_scripts\precsv\middlecsv\20250325.csv，等待 30 秒后重试...
2025-03-25 05:16:17,027 - ❌ 未找到预测 CSV 文件: D:\my-vue-project\wind-power-forecast\backend\auto_scripts\precsv\middlecsv\20250325.csv，等待 30 秒后重试...
2025-03-25 05:16:47,035 - ❌ 未找到预测 CSV 文件: D:\my-vue-project\wind-power-forecast\backend\auto_scripts\precsv\middlecsv\20250325.csv，等待 30 秒后重试...
2025-03-25 05:17:17,045 - ❌ 未找到预测 CSV 文件: D:\my-vue-project\wind-power-forecast\backend\auto_scripts\precsv\middlecsv\20250325.csv，等待 30 秒后重试...
2025-03-25 05:17:47,050 - ❌ 未找到预测 CSV 文件: D:\my-vue-project\wind-power-forecast\backend\auto_scripts\precsv\middlecsv\20250325.csv，等待 30 秒后重试...
2025-03-25 05:18:17,053 - ❌ 未找到预测 CSV 文件: D:\my-vue-project\wind-power-forecast\backend\auto_scripts\precsv\middlecsv\20250325.csv，等待 30 秒后重试...
2025-03-25 05:18:47,056 - ❌ 未找到预测 CSV 文件: D:\my-vue-project\wind-power-forecast\backend\auto_scripts\precsv\middlecsv\20250325.csv，等待 30 秒后重试...
2025-03-25 05:19:17,062 - ❌ 未找到预测 CSV 文件: D:\my-vue-project\wind-power-forecast\backend\auto_scripts\precsv\middlecsv\20250325.csv，等待 30 秒后重试...
2025-03-25 05:19:47,077 - ❌ 未找到预测 CSV 文件: D:\my-vue-project\wind-power-forecast\backend\auto_scripts\precsv\middlecsv\20250325.csv，等待 30 秒后重试...
2025-03-25 05:20:17,088 - ❌ 未找到预测 CSV 文件: D:\my-vue-project\wind-power-forecast\backend\auto_scripts\precsv\middlecsv\20250325.csv，等待 30 秒后重试...
2025-03-25 05:20:47,096 - ❌ 未找到预测 CSV 文件: D:\my-vue-project\wind-power-forecast\backend\auto_scripts\precsv\middlecsv\20250325.csv，等待 30 秒后重试...
2025-03-25 05:21:17,106 - ❌ 未找到预测 CSV 文件: D:\my-vue-project\wind-power-forecast\backend\auto_scripts\precsv\middlecsv\20250325.csv，等待 30 秒后重试...
2025-03-25 05:21:47,118 - ❌ 未找到预测 CSV 文件: D:\my-vue-project\wind-power-forecast\backend\auto_scripts\precsv\middlecsv\20250325.csv，等待 30 秒后重试...
2025-03-25 05:22:17,131 - ❌ 未找到预测 CSV 文件: D:\my-vue-project\wind-power-forecast\backend\auto_scripts\precsv\middlecsv\20250325.csv，等待 30 秒后重试...
2025-03-25 05:22:47,142 - ❌ 未找到预测 CSV 文件: D:\my-vue-project\wind-power-forecast\backend\auto_scripts\precsv\middlecsv\20250325.csv，等待 30 秒后重试...
2025-03-25 05:23:17,152 - ❌ 未找到预测 CSV 文件: D:\my-vue-project\wind-power-forecast\backend\auto_scripts\precsv\middlecsv\20250325.csv，等待 30 秒后重试...
2025-03-25 05:23:47,162 - ❌ 未找到预测 CSV 文件: D:\my-vue-project\wind-power-forecast\backend\auto_scripts\precsv\middlecsv\20250325.csv，等待 30 秒后重试...
2025-03-25 05:24:17,174 - ❌ 未找到预测 CSV 文件: D:\my-vue-project\wind-power-forecast\backend\auto_scripts\precsv\middlecsv\20250325.csv，等待 30 秒后重试...
2025-03-25 05:24:47,189 - ❌ 未找到预测 CSV 文件: D:\my-vue-project\wind-power-forecast\backend\auto_scripts\precsv\middlecsv\20250325.csv，等待 30 秒后重试...
2025-03-25 05:25:17,197 - ❌ 未找到预测 CSV 文件: D:\my-vue-project\wind-power-forecast\backend\auto_scripts\precsv\middlecsv\20250325.csv，等待 30 秒后重试...
2025-03-25 05:25:47,208 - ❌ 未找到预测 CSV 文件: D:\my-vue-project\wind-power-forecast\backend\auto_scripts\precsv\middlecsv\20250325.csv，等待 30 秒后重试...
2025-03-25 05:26:17,227 - ❌ 未找到预测 CSV 文件: D:\my-vue-project\wind-power-forecast\backend\auto_scripts\precsv\middlecsv\20250325.csv，等待 30 秒后重试...
2025-03-25 05:26:47,244 - ❌ 未找到预测 CSV 文件: D:\my-vue-project\wind-power-forecast\backend\auto_scripts\precsv\middlecsv\20250325.csv，等待 30 秒后重试...
2025-03-25 05:27:17,252 - ❌ 未找到预测 CSV 文件: D:\my-vue-project\wind-power-forecast\backend\auto_scripts\precsv\middlecsv\20250325.csv，等待 30 秒后重试...
2025-03-25 05:27:47,259 - ❌ 未找到预测 CSV 文件: D:\my-vue-project\wind-power-forecast\backend\auto_scripts\precsv\middlecsv\20250325.csv，等待 30 秒后重试...
2025-03-25 05:28:17,271 - ❌ 未找到预测 CSV 文件: D:\my-vue-project\wind-power-forecast\backend\auto_scripts\precsv\middlecsv\20250325.csv，等待 30 秒后重试...
2025-03-25 05:28:47,287 - ❌ 未找到预测 CSV 文件: D:\my-vue-project\wind-power-forecast\backend\auto_scripts\precsv\middlecsv\20250325.csv，等待 30 秒后重试...
2025-03-25 05:29:17,298 - ❌ 未找到预测 CSV 文件: D:\my-vue-project\wind-power-forecast\backend\auto_scripts\precsv\middlecsv\20250325.csv，等待 30 秒后重试...
2025-03-25 05:29:47,315 - ❌ 未找到预测 CSV 文件: D:\my-vue-project\wind-power-forecast\backend\auto_scripts\precsv\middlecsv\20250325.csv，等待 30 秒后重试...
2025-03-25 05:30:17,326 - ❌ 未找到预测 CSV 文件: D:\my-vue-project\wind-power-forecast\backend\auto_scripts\precsv\middlecsv\20250325.csv，等待 30 秒后重试...
2025-03-25 05:30:47,336 - ❌ 未找到预测 CSV 文件: D:\my-vue-project\wind-power-forecast\backend\auto_scripts\precsv\middlecsv\20250325.csv，等待 30 秒后重试...
2025-03-25 05:31:17,338 - ❌ 未找到预测 CSV 文件: D:\my-vue-project\wind-power-forecast\backend\auto_scripts\precsv\middlecsv\20250325.csv，等待 30 秒后重试...
2025-03-25 05:31:47,344 - ❌ 未找到预测 CSV 文件: D:\my-vue-project\wind-power-forecast\backend\auto_scripts\precsv\middlecsv\20250325.csv，等待 30 秒后重试...
2025-03-25 05:32:17,360 - ❌ 未找到预测 CSV 文件: D:\my-vue-project\wind-power-forecast\backend\auto_scripts\precsv\middlecsv\20250325.csv，等待 30 秒后重试...
2025-03-25 05:32:47,367 - ❌ 未找到预测 CSV 文件: D:\my-vue-project\wind-power-forecast\backend\auto_scripts\precsv\middlecsv\20250325.csv，等待 30 秒后重试...
2025-03-25 05:33:17,376 - ❌ 未找到预测 CSV 文件: D:\my-vue-project\wind-power-forecast\backend\auto_scripts\precsv\middlecsv\20250325.csv，等待 30 秒后重试...
2025-03-25 05:33:47,385 - ❌ 未找到预测 CSV 文件: D:\my-vue-project\wind-power-forecast\backend\auto_scripts\precsv\middlecsv\20250325.csv，等待 30 秒后重试...
2025-03-25 05:34:17,388 - ❌ 未找到预测 CSV 文件: D:\my-vue-project\wind-power-forecast\backend\auto_scripts\precsv\middlecsv\20250325.csv，等待 30 秒后重试...
2025-03-25 05:34:47,396 - ❌ 未找到预测 CSV 文件: D:\my-vue-project\wind-power-forecast\backend\auto_scripts\precsv\middlecsv\20250325.csv，等待 30 秒后重试...
2025-03-25 05:35:17,407 - ❌ 未找到预测 CSV 文件: D:\my-vue-project\wind-power-forecast\backend\auto_scripts\precsv\middlecsv\20250325.csv，等待 30 秒后重试...
2025-03-25 05:35:47,415 - ❌ 未找到预测 CSV 文件: D:\my-vue-project\wind-power-forecast\backend\auto_scripts\precsv\middlecsv\20250325.csv，等待 30 秒后重试...
2025-03-25 05:36:17,420 - ❌ 未找到预测 CSV 文件: D:\my-vue-project\wind-power-forecast\backend\auto_scripts\precsv\middlecsv\20250325.csv，等待 30 秒后重试...
2025-03-25 05:36:47,425 - ❌ 未找到预测 CSV 文件: D:\my-vue-project\wind-power-forecast\backend\auto_scripts\precsv\middlecsv\20250325.csv，等待 30 秒后重试...
2025-03-25 05:37:17,438 - ❌ 未找到预测 CSV 文件: D:\my-vue-project\wind-power-forecast\backend\auto_scripts\precsv\middlecsv\20250325.csv，等待 30 秒后重试...
2025-03-25 05:37:47,447 - ❌ 未找到预测 CSV 文件: D:\my-vue-project\wind-power-forecast\backend\auto_scripts\precsv\middlecsv\20250325.csv，等待 30 秒后重试...
2025-03-25 05:38:17,454 - ❌ 未找到预测 CSV 文件: D:\my-vue-project\wind-power-forecast\backend\auto_scripts\precsv\middlecsv\20250325.csv，等待 30 秒后重试...
2025-03-25 05:38:47,467 - ❌ 未找到预测 CSV 文件: D:\my-vue-project\wind-power-forecast\backend\auto_scripts\precsv\middlecsv\20250325.csv，等待 30 秒后重试...
2025-03-25 05:39:17,483 - ❌ 未找到预测 CSV 文件: D:\my-vue-project\wind-power-forecast\backend\auto_scripts\precsv\middlecsv\20250325.csv，等待 30 秒后重试...
2025-03-25 05:39:47,494 - ❌ 未找到预测 CSV 文件: D:\my-vue-project\wind-power-forecast\backend\auto_scripts\precsv\middlecsv\20250325.csv，等待 30 秒后重试...
2025-03-25 05:40:17,505 - ❌ 未找到预测 CSV 文件: D:\my-vue-project\wind-power-forecast\backend\auto_scripts\precsv\middlecsv\20250325.csv，等待 30 秒后重试...
2025-03-25 05:40:47,521 - ❌ 未找到预测 CSV 文件: D:\my-vue-project\wind-power-forecast\backend\auto_scripts\precsv\middlecsv\20250325.csv，等待 30 秒后重试...
2025-03-25 05:41:17,528 - ❌ 未找到预测 CSV 文件: D:\my-vue-project\wind-power-forecast\backend\auto_scripts\precsv\middlecsv\20250325.csv，等待 30 秒后重试...
2025-03-25 05:41:47,542 - ❌ 未找到预测 CSV 文件: D:\my-vue-project\wind-power-forecast\backend\auto_scripts\precsv\middlecsv\20250325.csv，等待 30 秒后重试...
2025-03-25 05:42:17,552 - ❌ 未找到预测 CSV 文件: D:\my-vue-project\wind-power-forecast\backend\auto_scripts\precsv\middlecsv\20250325.csv，等待 30 秒后重试...
2025-03-25 05:42:47,554 - ❌ 未找到预测 CSV 文件: D:\my-vue-project\wind-power-forecast\backend\auto_scripts\precsv\middlecsv\20250325.csv，等待 30 秒后重试...
2025-03-25 05:43:17,569 - ❌ 未找到预测 CSV 文件: D:\my-vue-project\wind-power-forecast\backend\auto_scripts\precsv\middlecsv\20250325.csv，等待 30 秒后重试...
2025-03-25 05:43:47,573 - ❌ 未找到预测 CSV 文件: D:\my-vue-project\wind-power-forecast\backend\auto_scripts\precsv\middlecsv\20250325.csv，等待 30 秒后重试...
2025-03-25 05:44:17,585 - ❌ 未找到预测 CSV 文件: D:\my-vue-project\wind-power-forecast\backend\auto_scripts\precsv\middlecsv\20250325.csv，等待 30 秒后重试...
2025-03-25 05:44:47,591 - ❌ 未找到预测 CSV 文件: D:\my-vue-project\wind-power-forecast\backend\auto_scripts\precsv\middlecsv\20250325.csv，等待 30 秒后重试...
2025-03-25 05:45:17,599 - ❌ 未找到预测 CSV 文件: D:\my-vue-project\wind-power-forecast\backend\auto_scripts\precsv\middlecsv\20250325.csv，等待 30 秒后重试...
2025-03-25 05:45:47,608 - ❌ 未找到预测 CSV 文件: D:\my-vue-project\wind-power-forecast\backend\auto_scripts\precsv\middlecsv\20250325.csv，等待 30 秒后重试...
2025-03-25 05:46:17,620 - ❌ 未找到预测 CSV 文件: D:\my-vue-project\wind-power-forecast\backend\auto_scripts\precsv\middlecsv\20250325.csv，等待 30 秒后重试...
2025-03-25 05:46:47,624 - ❌ 未找到预测 CSV 文件: D:\my-vue-project\wind-power-forecast\backend\auto_scripts\precsv\middlecsv\20250325.csv，等待 30 秒后重试...
2025-03-25 05:47:17,631 - ❌ 未找到预测 CSV 文件: D:\my-vue-project\wind-power-forecast\backend\auto_scripts\precsv\middlecsv\20250325.csv，等待 30 秒后重试...
2025-03-25 05:47:47,646 - ❌ 未找到预测 CSV 文件: D:\my-vue-project\wind-power-forecast\backend\auto_scripts\precsv\middlecsv\20250325.csv，等待 30 秒后重试...
2025-03-25 05:48:17,654 - ❌ 未找到预测 CSV 文件: D:\my-vue-project\wind-power-forecast\backend\auto_scripts\precsv\middlecsv\20250325.csv，等待 30 秒后重试...
2025-03-25 05:48:47,665 - ❌ 未找到预测 CSV 文件: D:\my-vue-project\wind-power-forecast\backend\auto_scripts\precsv\middlecsv\20250325.csv，等待 30 秒后重试...
2025-03-25 05:49:17,675 - ❌ 未找到预测 CSV 文件: D:\my-vue-project\wind-power-forecast\backend\auto_scripts\precsv\middlecsv\20250325.csv，等待 30 秒后重试...
2025-03-25 05:49:47,678 - ❌ 未找到预测 CSV 文件: D:\my-vue-project\wind-power-forecast\backend\auto_scripts\precsv\middlecsv\20250325.csv，等待 30 秒后重试...
2025-03-25 05:50:17,689 - ❌ 未找到预测 CSV 文件: D:\my-vue-project\wind-power-forecast\backend\auto_scripts\precsv\middlecsv\20250325.csv，等待 30 秒后重试...
2025-03-25 05:50:47,705 - ❌ 未找到预测 CSV 文件: D:\my-vue-project\wind-power-forecast\backend\auto_scripts\precsv\middlecsv\20250325.csv，等待 30 秒后重试...
2025-03-25 05:51:17,711 - ❌ 未找到预测 CSV 文件: D:\my-vue-project\wind-power-forecast\backend\auto_scripts\precsv\middlecsv\20250325.csv，等待 30 秒后重试...
2025-03-25 05:51:47,725 - ❌ 未找到预测 CSV 文件: D:\my-vue-project\wind-power-forecast\backend\auto_scripts\precsv\middlecsv\20250325.csv，等待 30 秒后重试...
2025-03-25 05:52:17,731 - ❌ 未找到预测 CSV 文件: D:\my-vue-project\wind-power-forecast\backend\auto_scripts\precsv\middlecsv\20250325.csv，等待 30 秒后重试...
2025-03-25 05:52:47,740 - ❌ 未找到预测 CSV 文件: D:\my-vue-project\wind-power-forecast\backend\auto_scripts\precsv\middlecsv\20250325.csv，等待 30 秒后重试...
2025-03-25 05:53:17,755 - ❌ 未找到预测 CSV 文件: D:\my-vue-project\wind-power-forecast\backend\auto_scripts\precsv\middlecsv\20250325.csv，等待 30 秒后重试...
2025-03-25 05:53:47,760 - ❌ 未找到预测 CSV 文件: D:\my-vue-project\wind-power-forecast\backend\auto_scripts\precsv\middlecsv\20250325.csv，等待 30 秒后重试...
2025-03-25 05:54:17,770 - ❌ 未找到预测 CSV 文件: D:\my-vue-project\wind-power-forecast\backend\auto_scripts\precsv\middlecsv\20250325.csv，等待 30 秒后重试...
2025-03-25 05:54:47,781 - ❌ 未找到预测 CSV 文件: D:\my-vue-project\wind-power-forecast\backend\auto_scripts\precsv\middlecsv\20250325.csv，等待 30 秒后重试...
2025-03-25 05:55:17,793 - ❌ 未找到预测 CSV 文件: D:\my-vue-project\wind-power-forecast\backend\auto_scripts\precsv\middlecsv\20250325.csv，等待 30 秒后重试...
2025-03-25 05:55:47,809 - ❌ 未找到预测 CSV 文件: D:\my-vue-project\wind-power-forecast\backend\auto_scripts\precsv\middlecsv\20250325.csv，等待 30 秒后重试...
2025-03-25 05:56:17,823 - ❌ 未找到预测 CSV 文件: D:\my-vue-project\wind-power-forecast\backend\auto_scripts\precsv\middlecsv\20250325.csv，等待 30 秒后重试...
2025-03-25 05:56:47,839 - ❌ 未找到预测 CSV 文件: D:\my-vue-project\wind-power-forecast\backend\auto_scripts\precsv\middlecsv\20250325.csv，等待 30 秒后重试...
2025-03-25 05:57:17,846 - ❌ 未找到预测 CSV 文件: D:\my-vue-project\wind-power-forecast\backend\auto_scripts\precsv\middlecsv\20250325.csv，等待 30 秒后重试...
2025-03-25 05:57:47,855 - ❌ 未找到预测 CSV 文件: D:\my-vue-project\wind-power-forecast\backend\auto_scripts\precsv\middlecsv\20250325.csv，等待 30 秒后重试...
2025-03-25 05:58:17,858 - ❌ 未找到预测 CSV 文件: D:\my-vue-project\wind-power-forecast\backend\auto_scripts\precsv\middlecsv\20250325.csv，等待 30 秒后重试...
2025-03-25 05:58:47,863 - ❌ 未找到预测 CSV 文件: D:\my-vue-project\wind-power-forecast\backend\auto_scripts\precsv\middlecsv\20250325.csv，等待 30 秒后重试...
2025-03-25 05:59:17,877 - ❌ 未找到预测 CSV 文件: D:\my-vue-project\wind-power-forecast\backend\auto_scripts\precsv\middlecsv\20250325.csv，等待 30 秒后重试...
2025-03-25 05:59:47,881 - ❌ 未找到预测 CSV 文件: D:\my-vue-project\wind-power-forecast\backend\auto_scripts\precsv\middlecsv\20250325.csv，等待 30 秒后重试...
2025-03-25 06:00:17,890 - ❌ 未找到预测 CSV 文件: D:\my-vue-project\wind-power-forecast\backend\auto_scripts\precsv\middlecsv\20250325.csv，等待 30 秒后重试...
2025-03-25 06:00:47,905 - ❌ 未找到预测 CSV 文件: D:\my-vue-project\wind-power-forecast\backend\auto_scripts\precsv\middlecsv\20250325.csv，等待 30 秒后重试...
2025-03-25 06:01:17,908 - ❌ 未找到预测 CSV 文件: D:\my-vue-project\wind-power-forecast\backend\auto_scripts\precsv\middlecsv\20250325.csv，等待 30 秒后重试...
2025-03-25 06:01:47,913 - ❌ 未找到预测 CSV 文件: D:\my-vue-project\wind-power-forecast\backend\auto_scripts\precsv\middlecsv\20250325.csv，等待 30 秒后重试...
2025-03-25 06:02:17,913 - ❌ 未找到预测 CSV 文件: D:\my-vue-project\wind-power-forecast\backend\auto_scripts\precsv\middlecsv\20250325.csv，等待 30 秒后重试...
2025-03-25 06:02:47,923 - ❌ 未找到预测 CSV 文件: D:\my-vue-project\wind-power-forecast\backend\auto_scripts\precsv\middlecsv\20250325.csv，等待 30 秒后重试...
2025-03-25 06:03:17,928 - ❌ 未找到预测 CSV 文件: D:\my-vue-project\wind-power-forecast\backend\auto_scripts\precsv\middlecsv\20250325.csv，等待 30 秒后重试...
2025-03-25 06:03:47,941 - ❌ 未找到预测 CSV 文件: D:\my-vue-project\wind-power-forecast\backend\auto_scripts\precsv\middlecsv\20250325.csv，等待 30 秒后重试...
2025-03-25 06:04:17,945 - ❌ 未找到预测 CSV 文件: D:\my-vue-project\wind-power-forecast\backend\auto_scripts\precsv\middlecsv\20250325.csv，等待 30 秒后重试...
2025-03-25 06:04:47,956 - ❌ 未找到预测 CSV 文件: D:\my-vue-project\wind-power-forecast\backend\auto_scripts\precsv\middlecsv\20250325.csv，等待 30 秒后重试...
2025-03-25 06:05:17,958 - ❌ 未找到预测 CSV 文件: D:\my-vue-project\wind-power-forecast\backend\auto_scripts\precsv\middlecsv\20250325.csv，等待 30 秒后重试...
2025-03-25 06:05:47,963 - ❌ 未找到预测 CSV 文件: D:\my-vue-project\wind-power-forecast\backend\auto_scripts\precsv\middlecsv\20250325.csv，等待 30 秒后重试...
2025-03-25 06:06:17,967 - ❌ 未找到预测 CSV 文件: D:\my-vue-project\wind-power-forecast\backend\auto_scripts\precsv\middlecsv\20250325.csv，等待 30 秒后重试...
2025-03-25 06:06:47,968 - ❌ 未找到预测 CSV 文件: D:\my-vue-project\wind-power-forecast\backend\auto_scripts\precsv\middlecsv\20250325.csv，等待 30 秒后重试...
2025-03-25 06:07:17,976 - ❌ 未找到预测 CSV 文件: D:\my-vue-project\wind-power-forecast\backend\auto_scripts\precsv\middlecsv\20250325.csv，等待 30 秒后重试...
2025-03-25 06:07:47,980 - ❌ 未找到预测 CSV 文件: D:\my-vue-project\wind-power-forecast\backend\auto_scripts\precsv\middlecsv\20250325.csv，等待 30 秒后重试...
2025-03-25 06:08:17,981 - ❌ 未找到预测 CSV 文件: D:\my-vue-project\wind-power-forecast\backend\auto_scripts\precsv\middlecsv\20250325.csv，等待 30 秒后重试...
2025-03-25 06:08:47,995 - ❌ 未找到预测 CSV 文件: D:\my-vue-project\wind-power-forecast\backend\auto_scripts\precsv\middlecsv\20250325.csv，等待 30 秒后重试...
2025-03-25 06:09:18,006 - ❌ 未找到预测 CSV 文件: D:\my-vue-project\wind-power-forecast\backend\auto_scripts\precsv\middlecsv\20250325.csv，等待 30 秒后重试...
2025-03-25 06:09:48,016 - ❌ 未找到预测 CSV 文件: D:\my-vue-project\wind-power-forecast\backend\auto_scripts\precsv\middlecsv\20250325.csv，等待 30 秒后重试...
2025-03-25 06:10:18,023 - ❌ 未找到预测 CSV 文件: D:\my-vue-project\wind-power-forecast\backend\auto_scripts\precsv\middlecsv\20250325.csv，等待 30 秒后重试...
2025-03-25 06:10:48,026 - ❌ 未找到预测 CSV 文件: D:\my-vue-project\wind-power-forecast\backend\auto_scripts\precsv\middlecsv\20250325.csv，等待 30 秒后重试...
2025-03-25 06:11:18,035 - ❌ 未找到预测 CSV 文件: D:\my-vue-project\wind-power-forecast\backend\auto_scripts\precsv\middlecsv\20250325.csv，等待 30 秒后重试...
2025-03-25 06:11:48,041 - ❌ 未找到预测 CSV 文件: D:\my-vue-project\wind-power-forecast\backend\auto_scripts\precsv\middlecsv\20250325.csv，等待 30 秒后重试...
2025-03-25 06:12:18,052 - ❌ 未找到预测 CSV 文件: D:\my-vue-project\wind-power-forecast\backend\auto_scripts\precsv\middlecsv\20250325.csv，等待 30 秒后重试...
2025-03-25 06:12:48,067 - ❌ 未找到预测 CSV 文件: D:\my-vue-project\wind-power-forecast\backend\auto_scripts\precsv\middlecsv\20250325.csv，等待 30 秒后重试...
2025-03-25 06:13:18,077 - ❌ 未找到预测 CSV 文件: D:\my-vue-project\wind-power-forecast\backend\auto_scripts\precsv\middlecsv\20250325.csv，等待 30 秒后重试...
2025-03-25 06:13:48,087 - ❌ 未找到预测 CSV 文件: D:\my-vue-project\wind-power-forecast\backend\auto_scripts\precsv\middlecsv\20250325.csv，等待 30 秒后重试...
2025-03-25 06:14:18,101 - ❌ 未找到预测 CSV 文件: D:\my-vue-project\wind-power-forecast\backend\auto_scripts\precsv\middlecsv\20250325.csv，等待 30 秒后重试...
2025-03-25 06:14:48,104 - ❌ 未找到预测 CSV 文件: D:\my-vue-project\wind-power-forecast\backend\auto_scripts\precsv\middlecsv\20250325.csv，等待 30 秒后重试...
2025-03-25 06:15:18,112 - ❌ 未找到预测 CSV 文件: D:\my-vue-project\wind-power-forecast\backend\auto_scripts\precsv\middlecsv\20250325.csv，等待 30 秒后重试...
2025-03-25 06:15:48,118 - ❌ 未找到预测 CSV 文件: D:\my-vue-project\wind-power-forecast\backend\auto_scripts\precsv\middlecsv\20250325.csv，等待 30 秒后重试...
2025-03-25 06:16:18,121 - ❌ 未找到预测 CSV 文件: D:\my-vue-project\wind-power-forecast\backend\auto_scripts\precsv\middlecsv\20250325.csv，等待 30 秒后重试...
2025-03-25 06:16:48,136 - ❌ 未找到预测 CSV 文件: D:\my-vue-project\wind-power-forecast\backend\auto_scripts\precsv\middlecsv\20250325.csv，等待 30 秒后重试...
2025-03-25 06:17:18,150 - ❌ 未找到预测 CSV 文件: D:\my-vue-project\wind-power-forecast\backend\auto_scripts\precsv\middlecsv\20250325.csv，等待 30 秒后重试...
2025-03-25 06:17:48,157 - ❌ 未找到预测 CSV 文件: D:\my-vue-project\wind-power-forecast\backend\auto_scripts\precsv\middlecsv\20250325.csv，等待 30 秒后重试...
2025-03-25 06:18:18,170 - ❌ 未找到预测 CSV 文件: D:\my-vue-project\wind-power-forecast\backend\auto_scripts\precsv\middlecsv\20250325.csv，等待 30 秒后重试...
2025-03-25 06:18:48,181 - ❌ 未找到预测 CSV 文件: D:\my-vue-project\wind-power-forecast\backend\auto_scripts\precsv\middlecsv\20250325.csv，等待 30 秒后重试...
2025-03-25 06:19:18,191 - ❌ 未找到预测 CSV 文件: D:\my-vue-project\wind-power-forecast\backend\auto_scripts\precsv\middlecsv\20250325.csv，等待 30 秒后重试...
2025-03-25 06:19:48,194 - ❌ 未找到预测 CSV 文件: D:\my-vue-project\wind-power-forecast\backend\auto_scripts\precsv\middlecsv\20250325.csv，等待 30 秒后重试...
2025-03-25 06:20:18,206 - ❌ 未找到预测 CSV 文件: D:\my-vue-project\wind-power-forecast\backend\auto_scripts\precsv\middlecsv\20250325.csv，等待 30 秒后重试...
2025-03-25 06:20:48,221 - ❌ 未找到预测 CSV 文件: D:\my-vue-project\wind-power-forecast\backend\auto_scripts\precsv\middlecsv\20250325.csv，等待 30 秒后重试...
2025-03-25 06:21:18,226 - ❌ 未找到预测 CSV 文件: D:\my-vue-project\wind-power-forecast\backend\auto_scripts\precsv\middlecsv\20250325.csv，等待 30 秒后重试...
2025-03-25 06:21:48,231 - ❌ 未找到预测 CSV 文件: D:\my-vue-project\wind-power-forecast\backend\auto_scripts\precsv\middlecsv\20250325.csv，等待 30 秒后重试...
2025-03-25 06:22:18,241 - ❌ 未找到预测 CSV 文件: D:\my-vue-project\wind-power-forecast\backend\auto_scripts\precsv\middlecsv\20250325.csv，等待 30 秒后重试...
2025-03-25 06:22:48,252 - ❌ 未找到预测 CSV 文件: D:\my-vue-project\wind-power-forecast\backend\auto_scripts\precsv\middlecsv\20250325.csv，等待 30 秒后重试...
2025-03-25 06:23:18,258 - ❌ 未找到预测 CSV 文件: D:\my-vue-project\wind-power-forecast\backend\auto_scripts\precsv\middlecsv\20250325.csv，等待 30 秒后重试...
2025-03-25 06:23:48,262 - ❌ 未找到预测 CSV 文件: D:\my-vue-project\wind-power-forecast\backend\auto_scripts\precsv\middlecsv\20250325.csv，等待 30 秒后重试...
2025-03-25 06:24:18,270 - ❌ 未找到预测 CSV 文件: D:\my-vue-project\wind-power-forecast\backend\auto_scripts\precsv\middlecsv\20250325.csv，等待 30 秒后重试...
2025-03-25 06:24:48,283 - ❌ 未找到预测 CSV 文件: D:\my-vue-project\wind-power-forecast\backend\auto_scripts\precsv\middlecsv\20250325.csv，等待 30 秒后重试...
2025-03-25 06:25:18,291 - ❌ 未找到预测 CSV 文件: D:\my-vue-project\wind-power-forecast\backend\auto_scripts\precsv\middlecsv\20250325.csv，等待 30 秒后重试...
2025-03-25 06:25:48,304 - ❌ 未找到预测 CSV 文件: D:\my-vue-project\wind-power-forecast\backend\auto_scripts\precsv\middlecsv\20250325.csv，等待 30 秒后重试...
2025-03-25 06:26:18,316 - ❌ 未找到预测 CSV 文件: D:\my-vue-project\wind-power-forecast\backend\auto_scripts\precsv\middlecsv\20250325.csv，等待 30 秒后重试...
2025-03-25 06:26:48,317 - ❌ 未找到预测 CSV 文件: D:\my-vue-project\wind-power-forecast\backend\auto_scripts\precsv\middlecsv\20250325.csv，等待 30 秒后重试...
2025-03-25 06:27:18,324 - ❌ 未找到预测 CSV 文件: D:\my-vue-project\wind-power-forecast\backend\auto_scripts\precsv\middlecsv\20250325.csv，等待 30 秒后重试...
2025-03-25 06:27:48,327 - ❌ 未找到预测 CSV 文件: D:\my-vue-project\wind-power-forecast\backend\auto_scripts\precsv\middlecsv\20250325.csv，等待 30 秒后重试...
2025-03-25 06:28:18,331 - ❌ 未找到预测 CSV 文件: D:\my-vue-project\wind-power-forecast\backend\auto_scripts\precsv\middlecsv\20250325.csv，等待 30 秒后重试...
2025-03-25 06:28:48,334 - ❌ 未找到预测 CSV 文件: D:\my-vue-project\wind-power-forecast\backend\auto_scripts\precsv\middlecsv\20250325.csv，等待 30 秒后重试...
2025-03-25 06:29:18,348 - ❌ 未找到预测 CSV 文件: D:\my-vue-project\wind-power-forecast\backend\auto_scripts\precsv\middlecsv\20250325.csv，等待 30 秒后重试...
2025-03-25 06:29:48,363 - ❌ 未找到预测 CSV 文件: D:\my-vue-project\wind-power-forecast\backend\auto_scripts\precsv\middlecsv\20250325.csv，等待 30 秒后重试...
2025-03-25 06:30:18,373 - ❌ 未找到预测 CSV 文件: D:\my-vue-project\wind-power-forecast\backend\auto_scripts\precsv\middlecsv\20250325.csv，等待 30 秒后重试...
2025-03-25 06:30:48,378 - ❌ 未找到预测 CSV 文件: D:\my-vue-project\wind-power-forecast\backend\auto_scripts\precsv\middlecsv\20250325.csv，等待 30 秒后重试...
2025-03-25 06:31:18,387 - ❌ 未找到预测 CSV 文件: D:\my-vue-project\wind-power-forecast\backend\auto_scripts\precsv\middlecsv\20250325.csv，等待 30 秒后重试...
2025-03-25 06:31:48,390 - ❌ 未找到预测 CSV 文件: D:\my-vue-project\wind-power-forecast\backend\auto_scripts\precsv\middlecsv\20250325.csv，等待 30 秒后重试...
2025-03-25 06:32:18,395 - ❌ 未找到预测 CSV 文件: D:\my-vue-project\wind-power-forecast\backend\auto_scripts\precsv\middlecsv\20250325.csv，等待 30 秒后重试...
2025-03-25 06:32:48,404 - ❌ 未找到预测 CSV 文件: D:\my-vue-project\wind-power-forecast\backend\auto_scripts\precsv\middlecsv\20250325.csv，等待 30 秒后重试...
2025-03-25 06:33:18,407 - ❌ 未找到预测 CSV 文件: D:\my-vue-project\wind-power-forecast\backend\auto_scripts\precsv\middlecsv\20250325.csv，等待 30 秒后重试...
2025-03-25 06:33:48,422 - ❌ 未找到预测 CSV 文件: D:\my-vue-project\wind-power-forecast\backend\auto_scripts\precsv\middlecsv\20250325.csv，等待 30 秒后重试...
2025-03-25 06:34:18,423 - ❌ 未找到预测 CSV 文件: D:\my-vue-project\wind-power-forecast\backend\auto_scripts\precsv\middlecsv\20250325.csv，等待 30 秒后重试...
2025-03-25 06:34:48,426 - ❌ 未找到预测 CSV 文件: D:\my-vue-project\wind-power-forecast\backend\auto_scripts\precsv\middlecsv\20250325.csv，等待 30 秒后重试...
2025-03-25 06:35:18,428 - ❌ 未找到预测 CSV 文件: D:\my-vue-project\wind-power-forecast\backend\auto_scripts\precsv\middlecsv\20250325.csv，等待 30 秒后重试...
2025-03-25 06:35:48,442 - ❌ 未找到预测 CSV 文件: D:\my-vue-project\wind-power-forecast\backend\auto_scripts\precsv\middlecsv\20250325.csv，等待 30 秒后重试...
2025-03-25 06:36:18,451 - ❌ 未找到预测 CSV 文件: D:\my-vue-project\wind-power-forecast\backend\auto_scripts\precsv\middlecsv\20250325.csv，等待 30 秒后重试...
2025-03-25 06:36:48,453 - ❌ 未找到预测 CSV 文件: D:\my-vue-project\wind-power-forecast\backend\auto_scripts\precsv\middlecsv\20250325.csv，等待 30 秒后重试...
2025-03-25 06:37:18,454 - ❌ 未找到预测 CSV 文件: D:\my-vue-project\wind-power-forecast\backend\auto_scripts\precsv\middlecsv\20250325.csv，等待 30 秒后重试...
2025-03-25 06:37:48,465 - ❌ 未找到预测 CSV 文件: D:\my-vue-project\wind-power-forecast\backend\auto_scripts\precsv\middlecsv\20250325.csv，等待 30 秒后重试...
2025-03-25 06:38:18,481 - ❌ 未找到预测 CSV 文件: D:\my-vue-project\wind-power-forecast\backend\auto_scripts\precsv\middlecsv\20250325.csv，等待 30 秒后重试...
2025-03-25 06:38:48,491 - ❌ 未找到预测 CSV 文件: D:\my-vue-project\wind-power-forecast\backend\auto_scripts\precsv\middlecsv\20250325.csv，等待 30 秒后重试...
2025-03-25 06:39:18,495 - ❌ 未找到预测 CSV 文件: D:\my-vue-project\wind-power-forecast\backend\auto_scripts\precsv\middlecsv\20250325.csv，等待 30 秒后重试...
2025-03-25 06:39:48,506 - ❌ 未找到预测 CSV 文件: D:\my-vue-project\wind-power-forecast\backend\auto_scripts\precsv\middlecsv\20250325.csv，等待 30 秒后重试...
2025-03-25 06:40:18,515 - ❌ 未找到预测 CSV 文件: D:\my-vue-project\wind-power-forecast\backend\auto_scripts\precsv\middlecsv\20250325.csv，等待 30 秒后重试...
2025-03-25 06:40:48,516 - ❌ 未找到预测 CSV 文件: D:\my-vue-project\wind-power-forecast\backend\auto_scripts\precsv\middlecsv\20250325.csv，等待 30 秒后重试...
2025-03-25 06:41:18,525 - ❌ 未找到预测 CSV 文件: D:\my-vue-project\wind-power-forecast\backend\auto_scripts\precsv\middlecsv\20250325.csv，等待 30 秒后重试...
2025-03-25 06:41:48,541 - ❌ 未找到预测 CSV 文件: D:\my-vue-project\wind-power-forecast\backend\auto_scripts\precsv\middlecsv\20250325.csv，等待 30 秒后重试...
2025-03-25 06:42:18,549 - ❌ 未找到预测 CSV 文件: D:\my-vue-project\wind-power-forecast\backend\auto_scripts\precsv\middlecsv\20250325.csv，等待 30 秒后重试...
2025-03-25 06:42:48,561 - ❌ 未找到预测 CSV 文件: D:\my-vue-project\wind-power-forecast\backend\auto_scripts\precsv\middlecsv\20250325.csv，等待 30 秒后重试...
2025-03-25 06:43:18,569 - ❌ 未找到预测 CSV 文件: D:\my-vue-project\wind-power-forecast\backend\auto_scripts\precsv\middlecsv\20250325.csv，等待 30 秒后重试...
2025-03-25 06:43:48,572 - ❌ 未找到预测 CSV 文件: D:\my-vue-project\wind-power-forecast\backend\auto_scripts\precsv\middlecsv\20250325.csv，等待 30 秒后重试...
2025-03-25 06:44:18,579 - ❌ 未找到预测 CSV 文件: D:\my-vue-project\wind-power-forecast\backend\auto_scripts\precsv\middlecsv\20250325.csv，等待 30 秒后重试...
2025-03-25 06:44:48,589 - ❌ 未找到预测 CSV 文件: D:\my-vue-project\wind-power-forecast\backend\auto_scripts\precsv\middlecsv\20250325.csv，等待 30 秒后重试...
2025-03-25 06:45:18,598 - ❌ 未找到预测 CSV 文件: D:\my-vue-project\wind-power-forecast\backend\auto_scripts\precsv\middlecsv\20250325.csv，等待 30 秒后重试...
2025-03-25 06:45:48,613 - ❌ 未找到预测 CSV 文件: D:\my-vue-project\wind-power-forecast\backend\auto_scripts\precsv\middlecsv\20250325.csv，等待 30 秒后重试...
2025-03-25 06:46:18,628 - ❌ 未找到预测 CSV 文件: D:\my-vue-project\wind-power-forecast\backend\auto_scripts\precsv\middlecsv\20250325.csv，等待 30 秒后重试...
2025-03-25 06:46:48,632 - ❌ 未找到预测 CSV 文件: D:\my-vue-project\wind-power-forecast\backend\auto_scripts\precsv\middlecsv\20250325.csv，等待 30 秒后重试...
2025-03-25 06:47:18,636 - ❌ 未找到预测 CSV 文件: D:\my-vue-project\wind-power-forecast\backend\auto_scripts\precsv\middlecsv\20250325.csv，等待 30 秒后重试...
2025-03-25 06:47:48,649 - ❌ 未找到预测 CSV 文件: D:\my-vue-project\wind-power-forecast\backend\auto_scripts\precsv\middlecsv\20250325.csv，等待 30 秒后重试...
2025-03-25 06:48:18,654 - ❌ 未找到预测 CSV 文件: D:\my-vue-project\wind-power-forecast\backend\auto_scripts\precsv\middlecsv\20250325.csv，等待 30 秒后重试...
2025-03-25 06:48:48,658 - ❌ 未找到预测 CSV 文件: D:\my-vue-project\wind-power-forecast\backend\auto_scripts\precsv\middlecsv\20250325.csv，等待 30 秒后重试...
2025-03-25 06:49:18,674 - ❌ 未找到预测 CSV 文件: D:\my-vue-project\wind-power-forecast\backend\auto_scripts\precsv\middlecsv\20250325.csv，等待 30 秒后重试...
2025-03-25 06:49:48,685 - ❌ 未找到预测 CSV 文件: D:\my-vue-project\wind-power-forecast\backend\auto_scripts\precsv\middlecsv\20250325.csv，等待 30 秒后重试...
2025-03-25 06:50:18,699 - ❌ 未找到预测 CSV 文件: D:\my-vue-project\wind-power-forecast\backend\auto_scripts\precsv\middlecsv\20250325.csv，等待 30 秒后重试...
2025-03-25 06:50:48,709 - ❌ 未找到预测 CSV 文件: D:\my-vue-project\wind-power-forecast\backend\auto_scripts\precsv\middlecsv\20250325.csv，等待 30 秒后重试...
2025-03-25 06:51:18,716 - ❌ 未找到预测 CSV 文件: D:\my-vue-project\wind-power-forecast\backend\auto_scripts\precsv\middlecsv\20250325.csv，等待 30 秒后重试...
2025-03-25 06:51:48,718 - ❌ 未找到预测 CSV 文件: D:\my-vue-project\wind-power-forecast\backend\auto_scripts\precsv\middlecsv\20250325.csv，等待 30 秒后重试...
2025-03-25 06:52:18,731 - ❌ 未找到预测 CSV 文件: D:\my-vue-project\wind-power-forecast\backend\auto_scripts\precsv\middlecsv\20250325.csv，等待 30 秒后重试...
2025-03-25 06:52:48,743 - ❌ 未找到预测 CSV 文件: D:\my-vue-project\wind-power-forecast\backend\auto_scripts\precsv\middlecsv\20250325.csv，等待 30 秒后重试...
2025-03-25 06:53:18,744 - ❌ 未找到预测 CSV 文件: D:\my-vue-project\wind-power-forecast\backend\auto_scripts\precsv\middlecsv\20250325.csv，等待 30 秒后重试...
2025-03-25 06:53:48,759 - ❌ 未找到预测 CSV 文件: D:\my-vue-project\wind-power-forecast\backend\auto_scripts\precsv\middlecsv\20250325.csv，等待 30 秒后重试...
2025-03-25 06:54:18,771 - ❌ 未找到预测 CSV 文件: D:\my-vue-project\wind-power-forecast\backend\auto_scripts\precsv\middlecsv\20250325.csv，等待 30 秒后重试...
2025-03-25 06:54:48,782 - ❌ 未找到预测 CSV 文件: D:\my-vue-project\wind-power-forecast\backend\auto_scripts\precsv\middlecsv\20250325.csv，等待 30 秒后重试...
2025-03-25 06:55:18,795 - ❌ 未找到预测 CSV 文件: D:\my-vue-project\wind-power-forecast\backend\auto_scripts\precsv\middlecsv\20250325.csv，等待 30 秒后重试...
2025-03-25 06:55:48,796 - ❌ 未找到预测 CSV 文件: D:\my-vue-project\wind-power-forecast\backend\auto_scripts\precsv\middlecsv\20250325.csv，等待 30 秒后重试...
2025-03-25 06:56:18,810 - ❌ 未找到预测 CSV 文件: D:\my-vue-project\wind-power-forecast\backend\auto_scripts\precsv\middlecsv\20250325.csv，等待 30 秒后重试...
2025-03-25 06:56:48,826 - ❌ 未找到预测 CSV 文件: D:\my-vue-project\wind-power-forecast\backend\auto_scripts\precsv\middlecsv\20250325.csv，等待 30 秒后重试...
2025-03-25 06:57:18,829 - ❌ 未找到预测 CSV 文件: D:\my-vue-project\wind-power-forecast\backend\auto_scripts\precsv\middlecsv\20250325.csv，等待 30 秒后重试...
2025-03-25 06:57:48,837 - ❌ 未找到预测 CSV 文件: D:\my-vue-project\wind-power-forecast\backend\auto_scripts\precsv\middlecsv\20250325.csv，等待 30 秒后重试...
2025-03-25 06:58:18,848 - ❌ 未找到预测 CSV 文件: D:\my-vue-project\wind-power-forecast\backend\auto_scripts\precsv\middlecsv\20250325.csv，等待 30 秒后重试...
2025-03-25 06:58:48,859 - ❌ 未找到预测 CSV 文件: D:\my-vue-project\wind-power-forecast\backend\auto_scripts\precsv\middlecsv\20250325.csv，等待 30 秒后重试...
2025-03-25 06:59:18,876 - ❌ 未找到预测 CSV 文件: D:\my-vue-project\wind-power-forecast\backend\auto_scripts\precsv\middlecsv\20250325.csv，等待 30 秒后重试...
2025-03-25 06:59:48,884 - ❌ 未找到预测 CSV 文件: D:\my-vue-project\wind-power-forecast\backend\auto_scripts\precsv\middlecsv\20250325.csv，等待 30 秒后重试...
2025-03-25 07:00:18,889 - ❌ 未找到预测 CSV 文件: D:\my-vue-project\wind-power-forecast\backend\auto_scripts\precsv\middlecsv\20250325.csv，等待 30 秒后重试...
2025-03-25 07:00:48,893 - ❌ 未找到预测 CSV 文件: D:\my-vue-project\wind-power-forecast\backend\auto_scripts\precsv\middlecsv\20250325.csv，等待 30 秒后重试...
2025-03-25 07:01:18,905 - ❌ 未找到预测 CSV 文件: D:\my-vue-project\wind-power-forecast\backend\auto_scripts\precsv\middlecsv\20250325.csv，等待 30 秒后重试...
2025-03-25 07:01:48,913 - ❌ 未找到预测 CSV 文件: D:\my-vue-project\wind-power-forecast\backend\auto_scripts\precsv\middlecsv\20250325.csv，等待 30 秒后重试...
2025-03-25 07:02:18,922 - ❌ 未找到预测 CSV 文件: D:\my-vue-project\wind-power-forecast\backend\auto_scripts\precsv\middlecsv\20250325.csv，等待 30 秒后重试...
2025-03-25 07:02:48,923 - ❌ 未找到预测 CSV 文件: D:\my-vue-project\wind-power-forecast\backend\auto_scripts\precsv\middlecsv\20250325.csv，等待 30 秒后重试...
2025-03-25 07:03:18,934 - ❌ 未找到预测 CSV 文件: D:\my-vue-project\wind-power-forecast\backend\auto_scripts\precsv\middlecsv\20250325.csv，等待 30 秒后重试...
2025-03-25 07:03:48,947 - ❌ 未找到预测 CSV 文件: D:\my-vue-project\wind-power-forecast\backend\auto_scripts\precsv\middlecsv\20250325.csv，等待 30 秒后重试...
2025-03-25 07:04:18,959 - ❌ 未找到预测 CSV 文件: D:\my-vue-project\wind-power-forecast\backend\auto_scripts\precsv\middlecsv\20250325.csv，等待 30 秒后重试...
2025-03-25 07:04:48,965 - ❌ 未找到预测 CSV 文件: D:\my-vue-project\wind-power-forecast\backend\auto_scripts\precsv\middlecsv\20250325.csv，等待 30 秒后重试...
2025-03-25 07:05:18,978 - ❌ 未找到预测 CSV 文件: D:\my-vue-project\wind-power-forecast\backend\auto_scripts\precsv\middlecsv\20250325.csv，等待 30 秒后重试...
2025-03-25 07:05:48,990 - ❌ 未找到预测 CSV 文件: D:\my-vue-project\wind-power-forecast\backend\auto_scripts\precsv\middlecsv\20250325.csv，等待 30 秒后重试...
2025-03-25 07:06:18,999 - ❌ 未找到预测 CSV 文件: D:\my-vue-project\wind-power-forecast\backend\auto_scripts\precsv\middlecsv\20250325.csv，等待 30 秒后重试...
2025-03-25 07:06:49,000 - ❌ 未找到预测 CSV 文件: D:\my-vue-project\wind-power-forecast\backend\auto_scripts\precsv\middlecsv\20250325.csv，等待 30 秒后重试...
2025-03-25 07:07:19,013 - ❌ 未找到预测 CSV 文件: D:\my-vue-project\wind-power-forecast\backend\auto_scripts\precsv\middlecsv\20250325.csv，等待 30 秒后重试...
2025-03-25 07:07:49,026 - ❌ 未找到预测 CSV 文件: D:\my-vue-project\wind-power-forecast\backend\auto_scripts\precsv\middlecsv\20250325.csv，等待 30 秒后重试...
2025-03-25 07:08:19,026 - ❌ 未找到预测 CSV 文件: D:\my-vue-project\wind-power-forecast\backend\auto_scripts\precsv\middlecsv\20250325.csv，等待 30 秒后重试...
2025-03-25 07:08:49,037 - ❌ 未找到预测 CSV 文件: D:\my-vue-project\wind-power-forecast\backend\auto_scripts\precsv\middlecsv\20250325.csv，等待 30 秒后重试...
2025-03-25 07:09:19,039 - ❌ 未找到预测 CSV 文件: D:\my-vue-project\wind-power-forecast\backend\auto_scripts\precsv\middlecsv\20250325.csv，等待 30 秒后重试...
2025-03-25 07:09:49,044 - ❌ 未找到预测 CSV 文件: D:\my-vue-project\wind-power-forecast\backend\auto_scripts\precsv\middlecsv\20250325.csv，等待 30 秒后重试...
2025-03-25 07:10:19,051 - ❌ 未找到预测 CSV 文件: D:\my-vue-project\wind-power-forecast\backend\auto_scripts\precsv\middlecsv\20250325.csv，等待 30 秒后重试...
2025-03-25 07:10:49,065 - ❌ 未找到预测 CSV 文件: D:\my-vue-project\wind-power-forecast\backend\auto_scripts\precsv\middlecsv\20250325.csv，等待 30 秒后重试...
2025-03-25 07:11:19,074 - ❌ 未找到预测 CSV 文件: D:\my-vue-project\wind-power-forecast\backend\auto_scripts\precsv\middlecsv\20250325.csv，等待 30 秒后重试...
2025-03-25 07:11:49,086 - ❌ 未找到预测 CSV 文件: D:\my-vue-project\wind-power-forecast\backend\auto_scripts\precsv\middlecsv\20250325.csv，等待 30 秒后重试...
2025-03-25 07:12:19,101 - ❌ 未找到预测 CSV 文件: D:\my-vue-project\wind-power-forecast\backend\auto_scripts\precsv\middlecsv\20250325.csv，等待 30 秒后重试...
2025-03-25 07:12:49,115 - ❌ 未找到预测 CSV 文件: D:\my-vue-project\wind-power-forecast\backend\auto_scripts\precsv\middlecsv\20250325.csv，等待 30 秒后重试...
2025-03-25 07:13:19,131 - ❌ 未找到预测 CSV 文件: D:\my-vue-project\wind-power-forecast\backend\auto_scripts\precsv\middlecsv\20250325.csv，等待 30 秒后重试...
2025-03-25 07:13:49,135 - ❌ 未找到预测 CSV 文件: D:\my-vue-project\wind-power-forecast\backend\auto_scripts\precsv\middlecsv\20250325.csv，等待 30 秒后重试...
2025-03-25 07:14:19,141 - ❌ 未找到预测 CSV 文件: D:\my-vue-project\wind-power-forecast\backend\auto_scripts\precsv\middlecsv\20250325.csv，等待 30 秒后重试...
2025-03-25 07:14:49,153 - ❌ 未找到预测 CSV 文件: D:\my-vue-project\wind-power-forecast\backend\auto_scripts\precsv\middlecsv\20250325.csv，等待 30 秒后重试...
2025-03-25 07:15:19,165 - ❌ 未找到预测 CSV 文件: D:\my-vue-project\wind-power-forecast\backend\auto_scripts\precsv\middlecsv\20250325.csv，等待 30 秒后重试...
2025-03-25 07:15:49,172 - ❌ 未找到预测 CSV 文件: D:\my-vue-project\wind-power-forecast\backend\auto_scripts\precsv\middlecsv\20250325.csv，等待 30 秒后重试...
2025-03-25 07:16:19,184 - ❌ 未找到预测 CSV 文件: D:\my-vue-project\wind-power-forecast\backend\auto_scripts\precsv\middlecsv\20250325.csv，等待 30 秒后重试...
2025-03-25 07:16:49,198 - ❌ 未找到预测 CSV 文件: D:\my-vue-project\wind-power-forecast\backend\auto_scripts\precsv\middlecsv\20250325.csv，等待 30 秒后重试...
2025-03-25 07:17:19,210 - ❌ 未找到预测 CSV 文件: D:\my-vue-project\wind-power-forecast\backend\auto_scripts\precsv\middlecsv\20250325.csv，等待 30 秒后重试...
2025-03-25 07:17:49,226 - ❌ 未找到预测 CSV 文件: D:\my-vue-project\wind-power-forecast\backend\auto_scripts\precsv\middlecsv\20250325.csv，等待 30 秒后重试...
2025-03-25 07:18:19,235 - ❌ 未找到预测 CSV 文件: D:\my-vue-project\wind-power-forecast\backend\auto_scripts\precsv\middlecsv\20250325.csv，等待 30 秒后重试...
2025-03-25 07:18:49,248 - ❌ 未找到预测 CSV 文件: D:\my-vue-project\wind-power-forecast\backend\auto_scripts\precsv\middlecsv\20250325.csv，等待 30 秒后重试...
2025-03-25 07:19:19,253 - ❌ 未找到预测 CSV 文件: D:\my-vue-project\wind-power-forecast\backend\auto_scripts\precsv\middlecsv\20250325.csv，等待 30 秒后重试...
2025-03-25 07:19:49,266 - ❌ 未找到预测 CSV 文件: D:\my-vue-project\wind-power-forecast\backend\auto_scripts\precsv\middlecsv\20250325.csv，等待 30 秒后重试...
2025-03-25 07:20:19,274 - ❌ 未找到预测 CSV 文件: D:\my-vue-project\wind-power-forecast\backend\auto_scripts\precsv\middlecsv\20250325.csv，等待 30 秒后重试...
2025-03-25 07:20:49,288 - ❌ 未找到预测 CSV 文件: D:\my-vue-project\wind-power-forecast\backend\auto_scripts\precsv\middlecsv\20250325.csv，等待 30 秒后重试...
2025-03-25 07:21:19,290 - ❌ 未找到预测 CSV 文件: D:\my-vue-project\wind-power-forecast\backend\auto_scripts\precsv\middlecsv\20250325.csv，等待 30 秒后重试...
2025-03-25 07:21:49,303 - ❌ 未找到预测 CSV 文件: D:\my-vue-project\wind-power-forecast\backend\auto_scripts\precsv\middlecsv\20250325.csv，等待 30 秒后重试...
2025-03-25 07:22:19,315 - ❌ 未找到预测 CSV 文件: D:\my-vue-project\wind-power-forecast\backend\auto_scripts\precsv\middlecsv\20250325.csv，等待 30 秒后重试...
2025-03-25 07:22:49,330 - ❌ 未找到预测 CSV 文件: D:\my-vue-project\wind-power-forecast\backend\auto_scripts\precsv\middlecsv\20250325.csv，等待 30 秒后重试...
2025-03-25 07:23:19,338 - ❌ 未找到预测 CSV 文件: D:\my-vue-project\wind-power-forecast\backend\auto_scripts\precsv\middlecsv\20250325.csv，等待 30 秒后重试...
2025-03-25 07:23:49,345 - ❌ 未找到预测 CSV 文件: D:\my-vue-project\wind-power-forecast\backend\auto_scripts\precsv\middlecsv\20250325.csv，等待 30 秒后重试...
2025-03-25 07:24:19,357 - ❌ 未找到预测 CSV 文件: D:\my-vue-project\wind-power-forecast\backend\auto_scripts\precsv\middlecsv\20250325.csv，等待 30 秒后重试...
2025-03-25 07:24:49,367 - ❌ 未找到预测 CSV 文件: D:\my-vue-project\wind-power-forecast\backend\auto_scripts\precsv\middlecsv\20250325.csv，等待 30 秒后重试...
2025-03-25 07:25:19,375 - ❌ 未找到预测 CSV 文件: D:\my-vue-project\wind-power-forecast\backend\auto_scripts\precsv\middlecsv\20250325.csv，等待 30 秒后重试...
2025-03-25 07:25:49,387 - ❌ 未找到预测 CSV 文件: D:\my-vue-project\wind-power-forecast\backend\auto_scripts\precsv\middlecsv\20250325.csv，等待 30 秒后重试...
2025-03-25 07:26:19,402 - ❌ 未找到预测 CSV 文件: D:\my-vue-project\wind-power-forecast\backend\auto_scripts\precsv\middlecsv\20250325.csv，等待 30 秒后重试...
2025-03-25 07:26:49,407 - ❌ 未找到预测 CSV 文件: D:\my-vue-project\wind-power-forecast\backend\auto_scripts\precsv\middlecsv\20250325.csv，等待 30 秒后重试...
2025-03-25 07:27:19,420 - ❌ 未找到预测 CSV 文件: D:\my-vue-project\wind-power-forecast\backend\auto_scripts\precsv\middlecsv\20250325.csv，等待 30 秒后重试...
2025-03-25 07:27:49,423 - ❌ 未找到预测 CSV 文件: D:\my-vue-project\wind-power-forecast\backend\auto_scripts\precsv\middlecsv\20250325.csv，等待 30 秒后重试...
2025-03-25 07:28:19,436 - ❌ 未找到预测 CSV 文件: D:\my-vue-project\wind-power-forecast\backend\auto_scripts\precsv\middlecsv\20250325.csv，等待 30 秒后重试...
2025-03-25 07:28:49,452 - ❌ 未找到预测 CSV 文件: D:\my-vue-project\wind-power-forecast\backend\auto_scripts\precsv\middlecsv\20250325.csv，等待 30 秒后重试...
2025-03-25 07:29:19,456 - ❌ 未找到预测 CSV 文件: D:\my-vue-project\wind-power-forecast\backend\auto_scripts\precsv\middlecsv\20250325.csv，等待 30 秒后重试...
2025-03-25 07:29:49,461 - ❌ 未找到预测 CSV 文件: D:\my-vue-project\wind-power-forecast\backend\auto_scripts\precsv\middlecsv\20250325.csv，等待 30 秒后重试...
2025-03-25 07:30:19,469 - ❌ 未找到预测 CSV 文件: D:\my-vue-project\wind-power-forecast\backend\auto_scripts\precsv\middlecsv\20250325.csv，等待 30 秒后重试...
2025-03-25 07:30:49,474 - ❌ 未找到预测 CSV 文件: D:\my-vue-project\wind-power-forecast\backend\auto_scripts\precsv\middlecsv\20250325.csv，等待 30 秒后重试...
2025-03-25 07:31:19,485 - ❌ 未找到预测 CSV 文件: D:\my-vue-project\wind-power-forecast\backend\auto_scripts\precsv\middlecsv\20250325.csv，等待 30 秒后重试...
2025-03-25 07:31:49,493 - ❌ 未找到预测 CSV 文件: D:\my-vue-project\wind-power-forecast\backend\auto_scripts\precsv\middlecsv\20250325.csv，等待 30 秒后重试...
2025-03-25 07:32:19,499 - ❌ 未找到预测 CSV 文件: D:\my-vue-project\wind-power-forecast\backend\auto_scripts\precsv\middlecsv\20250325.csv，等待 30 秒后重试...
2025-03-25 07:32:49,509 - ❌ 未找到预测 CSV 文件: D:\my-vue-project\wind-power-forecast\backend\auto_scripts\precsv\middlecsv\20250325.csv，等待 30 秒后重试...
2025-03-25 07:33:19,519 - ❌ 未找到预测 CSV 文件: D:\my-vue-project\wind-power-forecast\backend\auto_scripts\precsv\middlecsv\20250325.csv，等待 30 秒后重试...
2025-03-25 07:33:49,534 - ❌ 未找到预测 CSV 文件: D:\my-vue-project\wind-power-forecast\backend\auto_scripts\precsv\middlecsv\20250325.csv，等待 30 秒后重试...
2025-03-25 07:34:19,542 - ❌ 未找到预测 CSV 文件: D:\my-vue-project\wind-power-forecast\backend\auto_scripts\precsv\middlecsv\20250325.csv，等待 30 秒后重试...
2025-03-25 07:34:49,556 - ❌ 未找到预测 CSV 文件: D:\my-vue-project\wind-power-forecast\backend\auto_scripts\precsv\middlecsv\20250325.csv，等待 30 秒后重试...
2025-03-25 07:35:19,570 - ❌ 未找到预测 CSV 文件: D:\my-vue-project\wind-power-forecast\backend\auto_scripts\precsv\middlecsv\20250325.csv，等待 30 秒后重试...
2025-03-25 07:35:49,577 - ❌ 未找到预测 CSV 文件: D:\my-vue-project\wind-power-forecast\backend\auto_scripts\precsv\middlecsv\20250325.csv，等待 30 秒后重试...
2025-03-25 07:36:19,583 - ❌ 未找到预测 CSV 文件: D:\my-vue-project\wind-power-forecast\backend\auto_scripts\precsv\middlecsv\20250325.csv，等待 30 秒后重试...
2025-03-25 07:36:49,602 - ❌ 未找到预测 CSV 文件: D:\my-vue-project\wind-power-forecast\backend\auto_scripts\precsv\middlecsv\20250325.csv，等待 30 秒后重试...
2025-03-25 07:37:19,611 - ❌ 未找到预测 CSV 文件: D:\my-vue-project\wind-power-forecast\backend\auto_scripts\precsv\middlecsv\20250325.csv，等待 30 秒后重试...
2025-03-25 07:37:49,619 - ❌ 未找到预测 CSV 文件: D:\my-vue-project\wind-power-forecast\backend\auto_scripts\precsv\middlecsv\20250325.csv，等待 30 秒后重试...
2025-03-25 07:38:19,626 - ❌ 未找到预测 CSV 文件: D:\my-vue-project\wind-power-forecast\backend\auto_scripts\precsv\middlecsv\20250325.csv，等待 30 秒后重试...
2025-03-25 07:38:49,643 - ❌ 未找到预测 CSV 文件: D:\my-vue-project\wind-power-forecast\backend\auto_scripts\precsv\middlecsv\20250325.csv，等待 30 秒后重试...
2025-03-25 07:39:19,657 - ❌ 未找到预测 CSV 文件: D:\my-vue-project\wind-power-forecast\backend\auto_scripts\precsv\middlecsv\20250325.csv，等待 30 秒后重试...
2025-03-25 07:39:49,660 - ❌ 未找到预测 CSV 文件: D:\my-vue-project\wind-power-forecast\backend\auto_scripts\precsv\middlecsv\20250325.csv，等待 30 秒后重试...
2025-03-25 07:40:19,672 - ❌ 未找到预测 CSV 文件: D:\my-vue-project\wind-power-forecast\backend\auto_scripts\precsv\middlecsv\20250325.csv，等待 30 秒后重试...
2025-03-25 07:40:49,682 - ❌ 未找到预测 CSV 文件: D:\my-vue-project\wind-power-forecast\backend\auto_scripts\precsv\middlecsv\20250325.csv，等待 30 秒后重试...
2025-03-25 07:41:19,688 - ❌ 未找到预测 CSV 文件: D:\my-vue-project\wind-power-forecast\backend\auto_scripts\precsv\middlecsv\20250325.csv，等待 30 秒后重试...
2025-03-25 07:41:49,695 - ❌ 未找到预测 CSV 文件: D:\my-vue-project\wind-power-forecast\backend\auto_scripts\precsv\middlecsv\20250325.csv，等待 30 秒后重试...
2025-03-25 07:42:19,708 - ❌ 未找到预测 CSV 文件: D:\my-vue-project\wind-power-forecast\backend\auto_scripts\precsv\middlecsv\20250325.csv，等待 30 秒后重试...
2025-03-25 07:42:49,721 - ❌ 未找到预测 CSV 文件: D:\my-vue-project\wind-power-forecast\backend\auto_scripts\precsv\middlecsv\20250325.csv，等待 30 秒后重试...
2025-03-25 07:43:19,733 - ❌ 未找到预测 CSV 文件: D:\my-vue-project\wind-power-forecast\backend\auto_scripts\precsv\middlecsv\20250325.csv，等待 30 秒后重试...
2025-03-25 07:43:49,740 - ❌ 未找到预测 CSV 文件: D:\my-vue-project\wind-power-forecast\backend\auto_scripts\precsv\middlecsv\20250325.csv，等待 30 秒后重试...
2025-03-25 07:44:19,747 - ❌ 未找到预测 CSV 文件: D:\my-vue-project\wind-power-forecast\backend\auto_scripts\precsv\middlecsv\20250325.csv，等待 30 秒后重试...
2025-03-25 07:44:49,759 - ❌ 未找到预测 CSV 文件: D:\my-vue-project\wind-power-forecast\backend\auto_scripts\precsv\middlecsv\20250325.csv，等待 30 秒后重试...
2025-03-25 07:45:19,772 - ❌ 未找到预测 CSV 文件: D:\my-vue-project\wind-power-forecast\backend\auto_scripts\precsv\middlecsv\20250325.csv，等待 30 秒后重试...
2025-03-25 07:45:49,775 - ❌ 未找到预测 CSV 文件: D:\my-vue-project\wind-power-forecast\backend\auto_scripts\precsv\middlecsv\20250325.csv，等待 30 秒后重试...
2025-03-25 07:46:19,784 - ❌ 未找到预测 CSV 文件: D:\my-vue-project\wind-power-forecast\backend\auto_scripts\precsv\middlecsv\20250325.csv，等待 30 秒后重试...
2025-03-25 07:46:49,798 - ❌ 未找到预测 CSV 文件: D:\my-vue-project\wind-power-forecast\backend\auto_scripts\precsv\middlecsv\20250325.csv，等待 30 秒后重试...
2025-03-25 07:47:19,809 - ❌ 未找到预测 CSV 文件: D:\my-vue-project\wind-power-forecast\backend\auto_scripts\precsv\middlecsv\20250325.csv，等待 30 秒后重试...
2025-03-25 07:47:49,822 - ❌ 未找到预测 CSV 文件: D:\my-vue-project\wind-power-forecast\backend\auto_scripts\precsv\middlecsv\20250325.csv，等待 30 秒后重试...
2025-03-25 07:48:19,830 - ❌ 未找到预测 CSV 文件: D:\my-vue-project\wind-power-forecast\backend\auto_scripts\precsv\middlecsv\20250325.csv，等待 30 秒后重试...
2025-03-25 07:48:49,832 - ❌ 未找到预测 CSV 文件: D:\my-vue-project\wind-power-forecast\backend\auto_scripts\precsv\middlecsv\20250325.csv，等待 30 秒后重试...
2025-03-25 07:49:19,847 - ❌ 未找到预测 CSV 文件: D:\my-vue-project\wind-power-forecast\backend\auto_scripts\precsv\middlecsv\20250325.csv，等待 30 秒后重试...
2025-03-25 07:49:49,850 - ❌ 未找到预测 CSV 文件: D:\my-vue-project\wind-power-forecast\backend\auto_scripts\precsv\middlecsv\20250325.csv，等待 30 秒后重试...
2025-03-25 07:50:19,855 - ❌ 未找到预测 CSV 文件: D:\my-vue-project\wind-power-forecast\backend\auto_scripts\precsv\middlecsv\20250325.csv，等待 30 秒后重试...
2025-03-25 07:50:49,870 - ❌ 未找到预测 CSV 文件: D:\my-vue-project\wind-power-forecast\backend\auto_scripts\precsv\middlecsv\20250325.csv，等待 30 秒后重试...
2025-03-25 07:51:19,881 - ❌ 未找到预测 CSV 文件: D:\my-vue-project\wind-power-forecast\backend\auto_scripts\precsv\middlecsv\20250325.csv，等待 30 秒后重试...
2025-03-25 07:51:49,897 - ❌ 未找到预测 CSV 文件: D:\my-vue-project\wind-power-forecast\backend\auto_scripts\precsv\middlecsv\20250325.csv，等待 30 秒后重试...
2025-03-25 07:52:19,902 - ❌ 未找到预测 CSV 文件: D:\my-vue-project\wind-power-forecast\backend\auto_scripts\precsv\middlecsv\20250325.csv，等待 30 秒后重试...
2025-03-25 07:52:49,908 - ❌ 未找到预测 CSV 文件: D:\my-vue-project\wind-power-forecast\backend\auto_scripts\precsv\middlecsv\20250325.csv，等待 30 秒后重试...
2025-03-25 07:53:19,917 - ❌ 未找到预测 CSV 文件: D:\my-vue-project\wind-power-forecast\backend\auto_scripts\precsv\middlecsv\20250325.csv，等待 30 秒后重试...
2025-03-25 07:53:49,933 - ❌ 未找到预测 CSV 文件: D:\my-vue-project\wind-power-forecast\backend\auto_scripts\precsv\middlecsv\20250325.csv，等待 30 秒后重试...
2025-03-25 07:54:19,944 - ❌ 未找到预测 CSV 文件: D:\my-vue-project\wind-power-forecast\backend\auto_scripts\precsv\middlecsv\20250325.csv，等待 30 秒后重试...
2025-03-25 07:54:49,960 - ❌ 未找到预测 CSV 文件: D:\my-vue-project\wind-power-forecast\backend\auto_scripts\precsv\middlecsv\20250325.csv，等待 30 秒后重试...
2025-03-25 07:55:19,970 - ❌ 未找到预测 CSV 文件: D:\my-vue-project\wind-power-forecast\backend\auto_scripts\precsv\middlecsv\20250325.csv，等待 30 秒后重试...
2025-03-25 07:55:49,985 - ❌ 未找到预测 CSV 文件: D:\my-vue-project\wind-power-forecast\backend\auto_scripts\precsv\middlecsv\20250325.csv，等待 30 秒后重试...
2025-03-25 07:56:20,002 - ❌ 未找到预测 CSV 文件: D:\my-vue-project\wind-power-forecast\backend\auto_scripts\precsv\middlecsv\20250325.csv，等待 30 秒后重试...
2025-03-25 07:56:50,007 - ❌ 未找到预测 CSV 文件: D:\my-vue-project\wind-power-forecast\backend\auto_scripts\precsv\middlecsv\20250325.csv，等待 30 秒后重试...
2025-03-25 07:57:20,010 - ❌ 未找到预测 CSV 文件: D:\my-vue-project\wind-power-forecast\backend\auto_scripts\precsv\middlecsv\20250325.csv，等待 30 秒后重试...
2025-03-25 07:57:50,017 - ❌ 未找到预测 CSV 文件: D:\my-vue-project\wind-power-forecast\backend\auto_scripts\precsv\middlecsv\20250325.csv，等待 30 秒后重试...
2025-03-25 07:58:20,023 - ❌ 未找到预测 CSV 文件: D:\my-vue-project\wind-power-forecast\backend\auto_scripts\precsv\middlecsv\20250325.csv，等待 30 秒后重试...
2025-03-25 07:58:50,038 - ❌ 未找到预测 CSV 文件: D:\my-vue-project\wind-power-forecast\backend\auto_scripts\precsv\middlecsv\20250325.csv，等待 30 秒后重试...
2025-03-25 07:59:20,052 - ❌ 未找到预测 CSV 文件: D:\my-vue-project\wind-power-forecast\backend\auto_scripts\precsv\middlecsv\20250325.csv，等待 30 秒后重试...
2025-03-25 07:59:50,068 - ❌ 未找到预测 CSV 文件: D:\my-vue-project\wind-power-forecast\backend\auto_scripts\precsv\middlecsv\20250325.csv，等待 30 秒后重试...
2025-03-25 08:00:20,080 - ❌ 未找到预测 CSV 文件: D:\my-vue-project\wind-power-forecast\backend\auto_scripts\precsv\middlecsv\20250325.csv，等待 30 秒后重试...
2025-03-25 08:00:50,093 - ❌ 未找到预测 CSV 文件: D:\my-vue-project\wind-power-forecast\backend\auto_scripts\precsv\middlecsv\20250325.csv，等待 30 秒后重试...
2025-03-25 08:01:20,108 - ❌ 未找到预测 CSV 文件: D:\my-vue-project\wind-power-forecast\backend\auto_scripts\precsv\middlecsv\20250325.csv，等待 30 秒后重试...
2025-03-25 08:01:50,121 - ❌ 未找到预测 CSV 文件: D:\my-vue-project\wind-power-forecast\backend\auto_scripts\precsv\middlecsv\20250325.csv，等待 30 秒后重试...
2025-03-25 08:02:20,138 - ❌ 未找到预测 CSV 文件: D:\my-vue-project\wind-power-forecast\backend\auto_scripts\precsv\middlecsv\20250325.csv，等待 30 秒后重试...
2025-03-25 08:02:50,147 - ❌ 未找到预测 CSV 文件: D:\my-vue-project\wind-power-forecast\backend\auto_scripts\precsv\middlecsv\20250325.csv，等待 30 秒后重试...
2025-03-25 08:03:20,152 - ❌ 未找到预测 CSV 文件: D:\my-vue-project\wind-power-forecast\backend\auto_scripts\precsv\middlecsv\20250325.csv，等待 30 秒后重试...
2025-03-25 08:03:50,163 - ❌ 未找到预测 CSV 文件: D:\my-vue-project\wind-power-forecast\backend\auto_scripts\precsv\middlecsv\20250325.csv，等待 30 秒后重试...
2025-03-25 08:04:20,178 - ❌ 未找到预测 CSV 文件: D:\my-vue-project\wind-power-forecast\backend\auto_scripts\precsv\middlecsv\20250325.csv，等待 30 秒后重试...
2025-03-25 08:04:50,185 - ❌ 未找到预测 CSV 文件: D:\my-vue-project\wind-power-forecast\backend\auto_scripts\precsv\middlecsv\20250325.csv，等待 30 秒后重试...
2025-03-25 08:05:20,197 - ❌ 未找到预测 CSV 文件: D:\my-vue-project\wind-power-forecast\backend\auto_scripts\precsv\middlecsv\20250325.csv，等待 30 秒后重试...
2025-03-25 08:05:50,202 - ❌ 未找到预测 CSV 文件: D:\my-vue-project\wind-power-forecast\backend\auto_scripts\precsv\middlecsv\20250325.csv，等待 30 秒后重试...
2025-03-25 08:06:20,211 - ❌ 未找到预测 CSV 文件: D:\my-vue-project\wind-power-forecast\backend\auto_scripts\precsv\middlecsv\20250325.csv，等待 30 秒后重试...
2025-03-25 08:06:50,219 - ❌ 未找到预测 CSV 文件: D:\my-vue-project\wind-power-forecast\backend\auto_scripts\precsv\middlecsv\20250325.csv，等待 30 秒后重试...
2025-03-25 08:07:20,227 - ❌ 未找到预测 CSV 文件: D:\my-vue-project\wind-power-forecast\backend\auto_scripts\precsv\middlecsv\20250325.csv，等待 30 秒后重试...
2025-03-25 08:07:50,242 - ❌ 未找到预测 CSV 文件: D:\my-vue-project\wind-power-forecast\backend\auto_scripts\precsv\middlecsv\20250325.csv，等待 30 秒后重试...
2025-03-25 08:08:20,255 - ❌ 未找到预测 CSV 文件: D:\my-vue-project\wind-power-forecast\backend\auto_scripts\precsv\middlecsv\20250325.csv，等待 30 秒后重试...
2025-03-25 08:08:50,263 - ❌ 未找到预测 CSV 文件: D:\my-vue-project\wind-power-forecast\backend\auto_scripts\precsv\middlecsv\20250325.csv，等待 30 秒后重试...
2025-03-25 08:09:20,269 - ❌ 未找到预测 CSV 文件: D:\my-vue-project\wind-power-forecast\backend\auto_scripts\precsv\middlecsv\20250325.csv，等待 30 秒后重试...
2025-03-25 08:09:50,285 - ❌ 未找到预测 CSV 文件: D:\my-vue-project\wind-power-forecast\backend\auto_scripts\precsv\middlecsv\20250325.csv，等待 30 秒后重试...
2025-03-25 08:10:20,295 - ❌ 未找到预测 CSV 文件: D:\my-vue-project\wind-power-forecast\backend\auto_scripts\precsv\middlecsv\20250325.csv，等待 30 秒后重试...
2025-03-25 08:10:50,301 - ❌ 未找到预测 CSV 文件: D:\my-vue-project\wind-power-forecast\backend\auto_scripts\precsv\middlecsv\20250325.csv，等待 30 秒后重试...
2025-03-25 08:11:20,316 - ❌ 未找到预测 CSV 文件: D:\my-vue-project\wind-power-forecast\backend\auto_scripts\precsv\middlecsv\20250325.csv，等待 30 秒后重试...
2025-03-25 08:11:50,329 - ❌ 未找到预测 CSV 文件: D:\my-vue-project\wind-power-forecast\backend\auto_scripts\precsv\middlecsv\20250325.csv，等待 30 秒后重试...
2025-03-25 08:12:20,341 - ❌ 未找到预测 CSV 文件: D:\my-vue-project\wind-power-forecast\backend\auto_scripts\precsv\middlecsv\20250325.csv，等待 30 秒后重试...
2025-03-25 08:12:50,354 - ❌ 未找到预测 CSV 文件: D:\my-vue-project\wind-power-forecast\backend\auto_scripts\precsv\middlecsv\20250325.csv，等待 30 秒后重试...
2025-03-25 08:13:20,357 - ❌ 未找到预测 CSV 文件: D:\my-vue-project\wind-power-forecast\backend\auto_scripts\precsv\middlecsv\20250325.csv，等待 30 秒后重试...
2025-03-25 08:13:50,365 - ❌ 未找到预测 CSV 文件: D:\my-vue-project\wind-power-forecast\backend\auto_scripts\precsv\middlecsv\20250325.csv，等待 30 秒后重试...
2025-03-25 08:14:20,377 - ❌ 未找到预测 CSV 文件: D:\my-vue-project\wind-power-forecast\backend\auto_scripts\precsv\middlecsv\20250325.csv，等待 30 秒后重试...
2025-03-25 08:14:50,380 - ❌ 未找到预测 CSV 文件: D:\my-vue-project\wind-power-forecast\backend\auto_scripts\precsv\middlecsv\20250325.csv，等待 30 秒后重试...
2025-03-25 08:15:20,394 - ❌ 未找到预测 CSV 文件: D:\my-vue-project\wind-power-forecast\backend\auto_scripts\precsv\middlecsv\20250325.csv，等待 30 秒后重试...
2025-03-25 08:15:50,411 - ❌ 未找到预测 CSV 文件: D:\my-vue-project\wind-power-forecast\backend\auto_scripts\precsv\middlecsv\20250325.csv，等待 30 秒后重试...
2025-03-25 08:16:20,426 - ❌ 未找到预测 CSV 文件: D:\my-vue-project\wind-power-forecast\backend\auto_scripts\precsv\middlecsv\20250325.csv，等待 30 秒后重试...
2025-03-25 08:16:50,440 - ❌ 未找到预测 CSV 文件: D:\my-vue-project\wind-power-forecast\backend\auto_scripts\precsv\middlecsv\20250325.csv，等待 30 秒后重试...
2025-03-25 08:17:20,443 - ❌ 未找到预测 CSV 文件: D:\my-vue-project\wind-power-forecast\backend\auto_scripts\precsv\middlecsv\20250325.csv，等待 30 秒后重试...
2025-03-25 08:17:50,457 - ❌ 未找到预测 CSV 文件: D:\my-vue-project\wind-power-forecast\backend\auto_scripts\precsv\middlecsv\20250325.csv，等待 30 秒后重试...
2025-03-25 08:18:20,465 - ❌ 未找到预测 CSV 文件: D:\my-vue-project\wind-power-forecast\backend\auto_scripts\precsv\middlecsv\20250325.csv，等待 30 秒后重试...
2025-03-25 08:18:50,473 - ❌ 未找到预测 CSV 文件: D:\my-vue-project\wind-power-forecast\backend\auto_scripts\precsv\middlecsv\20250325.csv，等待 30 秒后重试...
2025-03-25 08:19:20,476 - ❌ 未找到预测 CSV 文件: D:\my-vue-project\wind-power-forecast\backend\auto_scripts\precsv\middlecsv\20250325.csv，等待 30 秒后重试...
2025-03-25 08:19:50,479 - ❌ 未找到预测 CSV 文件: D:\my-vue-project\wind-power-forecast\backend\auto_scripts\precsv\middlecsv\20250325.csv，等待 30 秒后重试...
2025-03-25 08:20:20,491 - ❌ 未找到预测 CSV 文件: D:\my-vue-project\wind-power-forecast\backend\auto_scripts\precsv\middlecsv\20250325.csv，等待 30 秒后重试...
2025-03-25 08:20:50,507 - ❌ 未找到预测 CSV 文件: D:\my-vue-project\wind-power-forecast\backend\auto_scripts\precsv\middlecsv\20250325.csv，等待 30 秒后重试...
2025-03-25 08:21:20,521 - ❌ 未找到预测 CSV 文件: D:\my-vue-project\wind-power-forecast\backend\auto_scripts\precsv\middlecsv\20250325.csv，等待 30 秒后重试...
2025-03-25 08:21:50,532 - ❌ 未找到预测 CSV 文件: D:\my-vue-project\wind-power-forecast\backend\auto_scripts\precsv\middlecsv\20250325.csv，等待 30 秒后重试...
2025-03-25 08:22:20,549 - ❌ 未找到预测 CSV 文件: D:\my-vue-project\wind-power-forecast\backend\auto_scripts\precsv\middlecsv\20250325.csv，等待 30 秒后重试...
2025-03-25 08:22:50,565 - ❌ 未找到预测 CSV 文件: D:\my-vue-project\wind-power-forecast\backend\auto_scripts\precsv\middlecsv\20250325.csv，等待 30 秒后重试...
2025-03-25 08:23:20,572 - ❌ 未找到预测 CSV 文件: D:\my-vue-project\wind-power-forecast\backend\auto_scripts\precsv\middlecsv\20250325.csv，等待 30 秒后重试...
2025-03-25 08:23:50,575 - ❌ 未找到预测 CSV 文件: D:\my-vue-project\wind-power-forecast\backend\auto_scripts\precsv\middlecsv\20250325.csv，等待 30 秒后重试...
2025-03-25 08:24:20,584 - ❌ 未找到预测 CSV 文件: D:\my-vue-project\wind-power-forecast\backend\auto_scripts\precsv\middlecsv\20250325.csv，等待 30 秒后重试...
2025-03-25 08:24:50,597 - ❌ 未找到预测 CSV 文件: D:\my-vue-project\wind-power-forecast\backend\auto_scripts\precsv\middlecsv\20250325.csv，等待 30 秒后重试...
2025-03-25 08:25:20,607 - ❌ 未找到预测 CSV 文件: D:\my-vue-project\wind-power-forecast\backend\auto_scripts\precsv\middlecsv\20250325.csv，等待 30 秒后重试...
2025-03-25 08:25:50,609 - ❌ 未找到预测 CSV 文件: D:\my-vue-project\wind-power-forecast\backend\auto_scripts\precsv\middlecsv\20250325.csv，等待 30 秒后重试...
2025-03-25 08:26:20,620 - ❌ 未找到预测 CSV 文件: D:\my-vue-project\wind-power-forecast\backend\auto_scripts\precsv\middlecsv\20250325.csv，等待 30 秒后重试...
2025-03-25 08:26:50,634 - ❌ 未找到预测 CSV 文件: D:\my-vue-project\wind-power-forecast\backend\auto_scripts\precsv\middlecsv\20250325.csv，等待 30 秒后重试...
2025-03-25 08:27:20,646 - ❌ 未找到预测 CSV 文件: D:\my-vue-project\wind-power-forecast\backend\auto_scripts\precsv\middlecsv\20250325.csv，等待 30 秒后重试...
2025-03-25 08:27:50,662 - ❌ 未找到预测 CSV 文件: D:\my-vue-project\wind-power-forecast\backend\auto_scripts\precsv\middlecsv\20250325.csv，等待 30 秒后重试...
2025-03-25 08:28:20,665 - ❌ 未找到预测 CSV 文件: D:\my-vue-project\wind-power-forecast\backend\auto_scripts\precsv\middlecsv\20250325.csv，等待 30 秒后重试...
2025-03-25 08:28:50,679 - ❌ 未找到预测 CSV 文件: D:\my-vue-project\wind-power-forecast\backend\auto_scripts\precsv\middlecsv\20250325.csv，等待 30 秒后重试...
2025-03-25 08:29:20,683 - ❌ 未找到预测 CSV 文件: D:\my-vue-project\wind-power-forecast\backend\auto_scripts\precsv\middlecsv\20250325.csv，等待 30 秒后重试...
2025-03-25 08:29:50,692 - ❌ 未找到预测 CSV 文件: D:\my-vue-project\wind-power-forecast\backend\auto_scripts\precsv\middlecsv\20250325.csv，等待 30 秒后重试...
2025-03-25 08:30:20,704 - ❌ 未找到预测 CSV 文件: D:\my-vue-project\wind-power-forecast\backend\auto_scripts\precsv\middlecsv\20250325.csv，等待 30 秒后重试...
2025-03-25 08:30:50,719 - ✅ 发现新的预测文件：D:\my-vue-project\wind-power-forecast\backend\auto_scripts\precsv\middlecsv\20250325.csv，执行预测...
2025-03-25 08:30:50,720 - 
============================================================
【风电功率预测开始】
============================================================
2025-03-25 08:30:50,720 - 配置信息:
2025-03-25 08:30:50,720 -   - 数据文件: D:\my-vue-project\wind-power-forecast\backend\auto_scripts\precsv\middlecsv\20250325.csv
2025-03-25 08:30:50,720 -   - 模型目录: D:\my-vue-project\wind-power-forecast\backend\auto_scripts\models\middlemodel\20250325
2025-03-25 08:30:50,720 -   - 窗口大小: 16
2025-03-25 08:30:50,720 -   - 滞后特征数: 4
2025-03-25 08:30:50,720 - 
============================================================
【预处理新数据】
============================================================
2025-03-25 08:30:50,720 - 加载数据文件: D:\my-vue-project\wind-power-forecast\backend\auto_scripts\precsv\middlecsv\20250325.csv
2025-03-25 08:30:50,747 - 数据加载完成，去除缺失值后共 119 条记录
2025-03-25 08:30:51,053 - 数据前5行预览:
        Timestamp    129.128_1    129.128_2  ...  ws200_13  ws200_14  ws200_15
0  2024/3/11 0:00  15974.26563  16293.82813  ...  4.542173  1.324043  0.865087
1  2024/3/11 0:15  15974.26563  16293.82813  ...  3.899081  0.880606  1.273859
2  2024/3/11 0:30  15974.26563  16293.82813  ...  3.273753  0.778394  1.710350
3  2024/3/11 0:45  15974.26563  16293.82813  ...  2.678660  1.115517  2.157803
4  2024/3/11 1:00  15974.26563  16293.82813  ...  2.139185  1.640399  2.610587

[5 rows x 301 columns]
2025-03-25 08:30:51,053 - 预处理数据...
2025-03-25 08:30:51,057 - 预处理完成，特征维度: (119, 304)
2025-03-25 08:30:51,057 - 执行特征工程，滞后特征数: 4...
2025-03-25 08:30:51,126 - 特征工程完成，特征维度: (116, 859)
2025-03-25 08:30:51,127 - 新数据预处理完成，共 116 个样本
2025-03-25 08:30:51,127 - ✅ 发现最佳模型目录: D:\my-vue-project\wind-power-forecast\backend\auto_scripts\models\middlemodel\20250325\best_models，尝试使用多模型加权预测
2025-03-25 08:30:51,127 - 
============================================================
【加载多个模型】
============================================================
2025-03-25 08:30:51,127 - 从目录加载模型和 scaler: D:\my-vue-project\wind-power-forecast\backend\auto_scripts\models\middlemodel\20250325\best_models
2025-03-25 08:30:51,128 - 加载 GBDT 模型和 scaler...
2025-03-25 08:30:51,144 - ✅ 已成功加载 GBDT 模型和对应的 scaler
2025-03-25 08:30:51,145 - 加载 DART 模型和 scaler...
2025-03-25 08:30:51,158 - ✅ 已成功加载 DART 模型和对应的 scaler
2025-03-25 08:30:51,158 - 加载 GOSS 模型和 scaler...
2025-03-25 08:30:51,168 - ✅ 已成功加载 GOSS 模型和对应的 scaler
2025-03-25 08:30:51,168 - 加载完成，共加载了 3 个模型: GBDT, DART, GOSS
2025-03-25 08:30:51,168 - 尝试加载模型权重文件: D:\my-vue-project\wind-power-forecast\backend\auto_scripts\models\middlemodel\20250325\model_weights.joblib
2025-03-25 08:30:51,169 - ✅ 已加载模型权重: {'GBDT': np.float64(0.0), 'DART': np.float64(0.0), 'GOSS': np.float64(0.9413418792089218), 'INTERCEPT': np.float64(-0.0258769107539365)}
2025-03-25 08:30:51,169 - 
============================================================
【使用多模型加权预测】
============================================================
2025-03-25 08:30:51,169 - 使用自定义权重: {'GBDT': np.float64(0.0), 'DART': np.float64(0.0), 'GOSS': np.float64(0.9413418792089218), 'INTERCEPT': np.float64(-0.0258769107539365)}
2025-03-25 08:30:51,169 - ❌ GBDT 模型权重为0，跳过
2025-03-25 08:30:51,170 - ❌ DART 模型权重为0，跳过
2025-03-25 08:30:51,170 - 使用 GOSS 模型进行预测 (权重: 0.9413)...
2025-03-25 08:30:51,175 - GOSS: 数据标准化完成
2025-03-25 08:30:51,177 - GOSS: 时间窗口创建完成，窗口数量: 101
2025-03-25 08:30:51,199 - ✅ GOSS 模型预测完成，生成了 101 个预测值
2025-03-25 08:30:51,200 -    统计: 最小值=5.97, 最大值=177.46, 平均值=66.09
2025-03-25 08:30:51,200 - 所有预测结果对齐到最小长度: 101
2025-03-25 08:30:51,200 - 开始计算加权平均预测结果...
2025-03-25 08:30:51,200 -   加入 GOSS 模型贡献 (权重: 0.9413)
2025-03-25 08:30:51,200 -   加入常数偏置项 (值: -0.0259)
2025-03-25 08:30:51,200 - 加权平均预测完成，生成了 101 个预测值
2025-03-25 08:30:51,201 - 加权预测结果统计: 最小值=5.60, 最大值=167.03, 平均值=62.19
2025-03-25 08:30:51,202 - ✅ 多模型加权预测完成，使用模型: GBDT, DART, GOSS
2025-03-25 08:30:51,202 - 
============================================================
【保存预测结果】
============================================================
2025-03-25 08:30:51,203 - 创建输出目录: D:\my-vue-project\wind-power-forecast\backend\auto_scripts\results\middleresult\20250325
2025-03-25 08:30:51,204 - 预测结果数据框创建完成，共 101 行
2025-03-25 08:30:51,207 - ✅ 预测结果已保存到文件: D:\my-vue-project\wind-power-forecast\backend\auto_scripts\results\middleresult\20250325\20250325.csv
2025-03-25 08:30:51,207 - 尝试将预测结果导入数据库...
2025-03-25 08:30:51,207 - 发送HTTP请求到: http://localhost:5000/prediction2database/batch_middle_power
2025-03-25 08:30:53,290 - ❌ 数据导入失败: HTTP错误 405, 响应解析失败: Expecting value: line 1 column 1 (char 0)
2025-03-25 08:30:53,290 -    响应内容: <!doctype html>
<html lang=en>
<title>405 Method Not Allowed</title>
<h1>Method Not Allowed</h1>
<p>The method is not allowed for the requested URL.</p>

2025-03-25 08:30:53,292 - ✅ 预测结果已保存到: D:\my-vue-project\wind-power-forecast\backend\auto_scripts\results\middleresult\20250325\20250325.csv
2025-03-25 08:30:53,292 - 
============================================================
【风电功率预测完成】
============================================================
2025-03-25 08:30:53,292 - 风电功率预测完成
2025-03-25 08:30:53,301 - 预测完成，已创建标志文件: D:\my-vue-project\wind-power-forecast\backend\auto_scripts\scripts\middle\logs\auto_pre_train\20250325_predict_done.flag
2025-03-25 08:30:53,301 - ✅ 预测执行完成
2025-03-25 08:30:53,302 - 
================================================================================
2025-03-25 08:30:53,302 - >>> 系统任务完成 <<<
2025-03-25 08:30:53,302 - ================================================================================

2025-03-25 08:30:53,302 - 系统任务完成
2025-03-25 08:30:53,302 - 今天的训练和预测任务已完成。
