2025-04-23 10:49:07,853 - 
================================================================================
2025-04-23 10:49:07,854 - >>> 自动训练预测系统启动 <<<
2025-04-23 10:49:07,854 - ================================================================================

2025-04-23 10:49:07,854 - 自动训练预测系统启动
2025-04-23 10:49:07,854 - 今天的日期是: 20250423
2025-04-23 10:49:07,854 - 创建监视线程...
2025-04-23 10:49:07,854 - 启动训练线程...
2025-04-23 10:49:07,854 - 启动预测线程...
2025-04-23 10:49:07,854 - 
================================================================================
2025-04-23 10:49:07,855 - >>> 启动训练监视线程 <<<
2025-04-23 10:49:07,855 - ================================================================================

2025-04-23 10:49:07,855 - 等待线程完成...
2025-04-23 10:49:07,855 - 
================================================================================
2025-04-23 10:49:07,855 - 启动训练监视线程
2025-04-23 10:49:07,855 - >>> 启动预测监视线程 <<<
2025-04-23 10:49:07,855 - ================================================================================

2025-04-23 10:49:07,855 - 启动预测监视线程
2025-04-23 10:49:07,856 - 训练文件路径: D:\my-vue-project\wind-power-forecast\backend\auto_scripts\dataset\dataset_middle\20250423.csv
2025-04-23 10:49:07,856 - 模型存储目录: D:\my-vue-project\wind-power-forecast\backend\auto_scripts\models\middlemodel\20250423
2025-04-23 10:49:07,856 - 训练完成标志文件: D:\my-vue-project\wind-power-forecast\backend\auto_scripts\scripts\middle\logs\auto_pre_train\20250423_train_done.flag
2025-04-23 10:49:07,856 - 开始监视 D:\my-vue-project\wind-power-forecast\backend\auto_scripts\dataset\dataset_middle 文件夹以进行训练...
2025-04-23 10:49:07,856 - 预测数据文件路径: D:\my-vue-project\wind-power-forecast\backend\auto_scripts\precsv\middlecsv\20250423.csv
2025-04-23 10:49:07,856 - 模型目录: D:\my-vue-project\wind-power-forecast\backend\auto_scripts\models\middlemodel\20250423
2025-04-23 10:49:07,856 - 预测完成标志文件: D:\my-vue-project\wind-power-forecast\backend\auto_scripts\scripts\middle\logs\auto_pre_train\20250423_predict_done.flag
2025-04-23 10:49:07,856 - 开始监视 D:\my-vue-project\wind-power-forecast\backend\auto_scripts\precsv\middlecsv 文件夹以进行预测...
2025-04-23 10:49:07,856 - ❌ 未找到训练 CSV 文件: D:\my-vue-project\wind-power-forecast\backend\auto_scripts\dataset\dataset_middle\20250423.csv，等待 30 秒后重试...
2025-04-23 10:49:07,857 - 检查模型目录: D:\my-vue-project\wind-power-forecast\backend\auto_scripts\models\middlemodel\20250423
2025-04-23 10:49:07,857 - 未找到best_models目录，检查传统模型文件
2025-04-23 10:49:07,857 - 未找到任何可用模型文件
2025-04-23 10:49:07,857 - ⏳ 未有可用模型，等待模型训练完成...
2025-04-23 10:49:37,870 - ❌ 未找到训练 CSV 文件: D:\my-vue-project\wind-power-forecast\backend\auto_scripts\dataset\dataset_middle\20250423.csv，等待 30 秒后重试...
2025-04-23 10:49:37,871 - 检查模型目录: D:\my-vue-project\wind-power-forecast\backend\auto_scripts\models\middlemodel\20250423
2025-04-23 10:49:37,871 - 未找到best_models目录，检查传统模型文件
2025-04-23 10:49:37,872 - 未找到任何可用模型文件
2025-04-23 10:49:37,873 - ⏳ 未有可用模型，等待模型训练完成...
2025-04-23 10:50:07,885 - 检查模型目录: D:\my-vue-project\wind-power-forecast\backend\auto_scripts\models\middlemodel\20250423
2025-04-23 10:50:07,886 - 未找到best_models目录，检查传统模型文件
2025-04-23 10:50:07,887 - ❌ 未找到训练 CSV 文件: D:\my-vue-project\wind-power-forecast\backend\auto_scripts\dataset\dataset_middle\20250423.csv，等待 30 秒后重试...
2025-04-23 10:50:07,887 - 未找到任何可用模型文件
2025-04-23 10:50:07,887 - ⏳ 未有可用模型，等待模型训练完成...
2025-04-23 10:50:37,894 - 检查模型目录: D:\my-vue-project\wind-power-forecast\backend\auto_scripts\models\middlemodel\20250423
2025-04-23 10:50:37,895 - ❌ 未找到训练 CSV 文件: D:\my-vue-project\wind-power-forecast\backend\auto_scripts\dataset\dataset_middle\20250423.csv，等待 30 秒后重试...
2025-04-23 10:50:37,896 - 未找到best_models目录，检查传统模型文件
2025-04-23 10:50:37,896 - 未找到任何可用模型文件
2025-04-23 10:50:37,897 - ⏳ 未有可用模型，等待模型训练完成...
2025-04-23 10:51:07,900 - ❌ 未找到训练 CSV 文件: D:\my-vue-project\wind-power-forecast\backend\auto_scripts\dataset\dataset_middle\20250423.csv，等待 30 秒后重试...
2025-04-23 10:51:07,900 - 检查模型目录: D:\my-vue-project\wind-power-forecast\backend\auto_scripts\models\middlemodel\20250423
2025-04-23 10:51:07,902 - 未找到best_models目录，检查传统模型文件
2025-04-23 10:51:07,902 - 未找到任何可用模型文件
2025-04-23 10:51:07,903 - ⏳ 未有可用模型，等待模型训练完成...
2025-04-23 10:51:37,917 - 检查模型目录: D:\my-vue-project\wind-power-forecast\backend\auto_scripts\models\middlemodel\20250423
2025-04-23 10:51:37,917 - ❌ 未找到训练 CSV 文件: D:\my-vue-project\wind-power-forecast\backend\auto_scripts\dataset\dataset_middle\20250423.csv，等待 30 秒后重试...
2025-04-23 10:51:37,917 - 未找到best_models目录，检查传统模型文件
2025-04-23 10:51:37,917 - 未找到任何可用模型文件
2025-04-23 10:51:37,917 - ⏳ 未有可用模型，等待模型训练完成...
2025-04-23 10:52:07,929 - 检查模型目录: D:\my-vue-project\wind-power-forecast\backend\auto_scripts\models\middlemodel\20250423
2025-04-23 10:52:07,929 - ❌ 未找到训练 CSV 文件: D:\my-vue-project\wind-power-forecast\backend\auto_scripts\dataset\dataset_middle\20250423.csv，等待 30 秒后重试...
2025-04-23 10:52:07,930 - 未找到best_models目录，检查传统模型文件
2025-04-23 10:52:07,930 - 未找到任何可用模型文件
2025-04-23 10:52:07,930 - ⏳ 未有可用模型，等待模型训练完成...
2025-04-23 10:52:37,933 - 检查模型目录: D:\my-vue-project\wind-power-forecast\backend\auto_scripts\models\middlemodel\20250423
2025-04-23 10:52:37,933 - ❌ 未找到训练 CSV 文件: D:\my-vue-project\wind-power-forecast\backend\auto_scripts\dataset\dataset_middle\20250423.csv，等待 30 秒后重试...
2025-04-23 10:52:37,933 - 未找到best_models目录，检查传统模型文件
2025-04-23 10:52:37,934 - 未找到任何可用模型文件
2025-04-23 10:52:37,934 - ⏳ 未有可用模型，等待模型训练完成...
2025-04-23 10:53:07,942 - 检查模型目录: D:\my-vue-project\wind-power-forecast\backend\auto_scripts\models\middlemodel\20250423
2025-04-23 10:53:07,944 - ❌ 未找到训练 CSV 文件: D:\my-vue-project\wind-power-forecast\backend\auto_scripts\dataset\dataset_middle\20250423.csv，等待 30 秒后重试...
2025-04-23 10:53:07,944 - 未找到best_models目录，检查传统模型文件
2025-04-23 10:53:07,946 - 未找到任何可用模型文件
2025-04-23 10:53:07,947 - ⏳ 未有可用模型，等待模型训练完成...
2025-04-23 10:53:37,959 - 检查模型目录: D:\my-vue-project\wind-power-forecast\backend\auto_scripts\models\middlemodel\20250423
2025-04-23 10:53:37,959 - ❌ 未找到训练 CSV 文件: D:\my-vue-project\wind-power-forecast\backend\auto_scripts\dataset\dataset_middle\20250423.csv，等待 30 秒后重试...
2025-04-23 10:53:37,960 - 未找到best_models目录，检查传统模型文件
2025-04-23 10:53:37,960 - 未找到任何可用模型文件
2025-04-23 10:53:37,960 - ⏳ 未有可用模型，等待模型训练完成...
2025-04-23 10:54:07,961 - 检查模型目录: D:\my-vue-project\wind-power-forecast\backend\auto_scripts\models\middlemodel\20250423
2025-04-23 10:54:07,961 - ❌ 未找到训练 CSV 文件: D:\my-vue-project\wind-power-forecast\backend\auto_scripts\dataset\dataset_middle\20250423.csv，等待 30 秒后重试...
2025-04-23 10:54:07,962 - 未找到best_models目录，检查传统模型文件
2025-04-23 10:54:07,962 - 未找到任何可用模型文件
2025-04-23 10:54:07,962 - ⏳ 未有可用模型，等待模型训练完成...
2025-04-23 10:54:37,970 - 检查模型目录: D:\my-vue-project\wind-power-forecast\backend\auto_scripts\models\middlemodel\20250423
2025-04-23 10:54:37,970 - ❌ 未找到训练 CSV 文件: D:\my-vue-project\wind-power-forecast\backend\auto_scripts\dataset\dataset_middle\20250423.csv，等待 30 秒后重试...
2025-04-23 10:54:37,971 - 未找到best_models目录，检查传统模型文件
2025-04-23 10:54:37,971 - 未找到任何可用模型文件
2025-04-23 10:54:37,971 - ⏳ 未有可用模型，等待模型训练完成...
2025-04-23 10:55:07,982 - 检查模型目录: D:\my-vue-project\wind-power-forecast\backend\auto_scripts\models\middlemodel\20250423
2025-04-23 10:55:07,983 - ❌ 未找到训练 CSV 文件: D:\my-vue-project\wind-power-forecast\backend\auto_scripts\dataset\dataset_middle\20250423.csv，等待 30 秒后重试...
2025-04-23 10:55:07,983 - 未找到best_models目录，检查传统模型文件
2025-04-23 10:55:07,984 - 未找到任何可用模型文件
2025-04-23 10:55:07,984 - ⏳ 未有可用模型，等待模型训练完成...
2025-04-23 10:55:37,987 - 检查模型目录: D:\my-vue-project\wind-power-forecast\backend\auto_scripts\models\middlemodel\20250423
2025-04-23 10:55:37,987 - ❌ 未找到训练 CSV 文件: D:\my-vue-project\wind-power-forecast\backend\auto_scripts\dataset\dataset_middle\20250423.csv，等待 30 秒后重试...
2025-04-23 10:55:37,988 - 未找到best_models目录，检查传统模型文件
2025-04-23 10:55:37,988 - 未找到任何可用模型文件
2025-04-23 10:55:37,988 - ⏳ 未有可用模型，等待模型训练完成...
2025-04-23 10:56:08,004 - 检查模型目录: D:\my-vue-project\wind-power-forecast\backend\auto_scripts\models\middlemodel\20250423
2025-04-23 10:56:08,005 - ❌ 未找到训练 CSV 文件: D:\my-vue-project\wind-power-forecast\backend\auto_scripts\dataset\dataset_middle\20250423.csv，等待 30 秒后重试...
2025-04-23 10:56:08,006 - 未找到best_models目录，检查传统模型文件
2025-04-23 10:56:08,008 - 未找到任何可用模型文件
2025-04-23 10:56:08,008 - ⏳ 未有可用模型，等待模型训练完成...
2025-04-23 10:56:38,015 - 检查模型目录: D:\my-vue-project\wind-power-forecast\backend\auto_scripts\models\middlemodel\20250423
2025-04-23 10:56:38,016 - ❌ 未找到训练 CSV 文件: D:\my-vue-project\wind-power-forecast\backend\auto_scripts\dataset\dataset_middle\20250423.csv，等待 30 秒后重试...
2025-04-23 10:56:38,017 - 未找到best_models目录，检查传统模型文件
2025-04-23 10:56:38,017 - 未找到任何可用模型文件
2025-04-23 10:56:38,018 - ⏳ 未有可用模型，等待模型训练完成...
2025-04-23 10:57:08,026 - 检查模型目录: D:\my-vue-project\wind-power-forecast\backend\auto_scripts\models\middlemodel\20250423
2025-04-23 10:57:08,026 - ❌ 未找到训练 CSV 文件: D:\my-vue-project\wind-power-forecast\backend\auto_scripts\dataset\dataset_middle\20250423.csv，等待 30 秒后重试...
2025-04-23 10:57:08,026 - 未找到best_models目录，检查传统模型文件
2025-04-23 10:57:08,027 - 未找到任何可用模型文件
2025-04-23 10:57:08,027 - ⏳ 未有可用模型，等待模型训练完成...
2025-04-23 10:57:38,028 - 检查模型目录: D:\my-vue-project\wind-power-forecast\backend\auto_scripts\models\middlemodel\20250423
2025-04-23 10:57:38,028 - ❌ 未找到训练 CSV 文件: D:\my-vue-project\wind-power-forecast\backend\auto_scripts\dataset\dataset_middle\20250423.csv，等待 30 秒后重试...
2025-04-23 10:57:38,028 - 未找到best_models目录，检查传统模型文件
2025-04-23 10:57:38,029 - 未找到任何可用模型文件
2025-04-23 10:57:38,029 - ⏳ 未有可用模型，等待模型训练完成...
2025-04-23 10:58:08,043 - 检查模型目录: D:\my-vue-project\wind-power-forecast\backend\auto_scripts\models\middlemodel\20250423
2025-04-23 10:58:08,043 - ❌ 未找到训练 CSV 文件: D:\my-vue-project\wind-power-forecast\backend\auto_scripts\dataset\dataset_middle\20250423.csv，等待 30 秒后重试...
2025-04-23 10:58:08,043 - 未找到best_models目录，检查传统模型文件
2025-04-23 10:58:08,044 - 未找到任何可用模型文件
2025-04-23 10:58:08,044 - ⏳ 未有可用模型，等待模型训练完成...
2025-04-23 10:58:38,052 - 检查模型目录: D:\my-vue-project\wind-power-forecast\backend\auto_scripts\models\middlemodel\20250423
2025-04-23 10:58:38,053 - ❌ 未找到训练 CSV 文件: D:\my-vue-project\wind-power-forecast\backend\auto_scripts\dataset\dataset_middle\20250423.csv，等待 30 秒后重试...
2025-04-23 10:58:38,053 - 未找到best_models目录，检查传统模型文件
2025-04-23 10:58:38,054 - 未找到任何可用模型文件
2025-04-23 10:58:38,054 - ⏳ 未有可用模型，等待模型训练完成...
2025-04-23 10:59:08,060 - 检查模型目录: D:\my-vue-project\wind-power-forecast\backend\auto_scripts\models\middlemodel\20250423
2025-04-23 10:59:08,061 - ❌ 未找到训练 CSV 文件: D:\my-vue-project\wind-power-forecast\backend\auto_scripts\dataset\dataset_middle\20250423.csv，等待 30 秒后重试...
2025-04-23 10:59:08,062 - 未找到best_models目录，检查传统模型文件
2025-04-23 10:59:08,063 - 未找到任何可用模型文件
2025-04-23 10:59:08,063 - ⏳ 未有可用模型，等待模型训练完成...
2025-04-23 10:59:38,078 - 检查模型目录: D:\my-vue-project\wind-power-forecast\backend\auto_scripts\models\middlemodel\20250423
2025-04-23 10:59:38,078 - ❌ 未找到训练 CSV 文件: D:\my-vue-project\wind-power-forecast\backend\auto_scripts\dataset\dataset_middle\20250423.csv，等待 30 秒后重试...
2025-04-23 10:59:38,079 - 未找到best_models目录，检查传统模型文件
2025-04-23 10:59:38,080 - 未找到任何可用模型文件
2025-04-23 10:59:38,080 - ⏳ 未有可用模型，等待模型训练完成...
2025-04-23 11:00:08,083 - 检查模型目录: D:\my-vue-project\wind-power-forecast\backend\auto_scripts\models\middlemodel\20250423
2025-04-23 11:00:08,083 - ❌ 未找到训练 CSV 文件: D:\my-vue-project\wind-power-forecast\backend\auto_scripts\dataset\dataset_middle\20250423.csv，等待 30 秒后重试...
2025-04-23 11:00:08,083 - 未找到best_models目录，检查传统模型文件
2025-04-23 11:00:08,084 - 未找到任何可用模型文件
2025-04-23 11:00:08,084 - ⏳ 未有可用模型，等待模型训练完成...
2025-04-23 11:00:38,094 - 检查模型目录: D:\my-vue-project\wind-power-forecast\backend\auto_scripts\models\middlemodel\20250423
2025-04-23 11:00:38,095 - ❌ 未找到训练 CSV 文件: D:\my-vue-project\wind-power-forecast\backend\auto_scripts\dataset\dataset_middle\20250423.csv，等待 30 秒后重试...
2025-04-23 11:00:38,096 - 未找到best_models目录，检查传统模型文件
2025-04-23 11:00:38,097 - 未找到任何可用模型文件
2025-04-23 11:00:38,097 - ⏳ 未有可用模型，等待模型训练完成...
2025-04-23 11:01:08,106 - 检查模型目录: D:\my-vue-project\wind-power-forecast\backend\auto_scripts\models\middlemodel\20250423
2025-04-23 11:01:08,107 - ❌ 未找到训练 CSV 文件: D:\my-vue-project\wind-power-forecast\backend\auto_scripts\dataset\dataset_middle\20250423.csv，等待 30 秒后重试...
2025-04-23 11:01:08,108 - 未找到best_models目录，检查传统模型文件
2025-04-23 11:01:08,109 - 未找到任何可用模型文件
2025-04-23 11:01:08,110 - ⏳ 未有可用模型，等待模型训练完成...
2025-04-23 11:01:38,119 - 检查模型目录: D:\my-vue-project\wind-power-forecast\backend\auto_scripts\models\middlemodel\20250423
2025-04-23 11:01:38,120 - ❌ 未找到训练 CSV 文件: D:\my-vue-project\wind-power-forecast\backend\auto_scripts\dataset\dataset_middle\20250423.csv，等待 30 秒后重试...
2025-04-23 11:01:38,120 - 未找到best_models目录，检查传统模型文件
2025-04-23 11:01:38,121 - 未找到任何可用模型文件
2025-04-23 11:01:38,121 - ⏳ 未有可用模型，等待模型训练完成...
2025-04-23 11:02:08,121 - ❌ 未找到训练 CSV 文件: D:\my-vue-project\wind-power-forecast\backend\auto_scripts\dataset\dataset_middle\20250423.csv，等待 30 秒后重试...
2025-04-23 11:02:08,137 - 检查模型目录: D:\my-vue-project\wind-power-forecast\backend\auto_scripts\models\middlemodel\20250423
2025-04-23 11:02:08,138 - 未找到best_models目录，检查传统模型文件
2025-04-23 11:02:08,139 - 未找到任何可用模型文件
2025-04-23 11:02:08,139 - ⏳ 未有可用模型，等待模型训练完成...
2025-04-23 11:02:38,123 - ❌ 未找到训练 CSV 文件: D:\my-vue-project\wind-power-forecast\backend\auto_scripts\dataset\dataset_middle\20250423.csv，等待 30 秒后重试...
2025-04-23 11:02:38,154 - 检查模型目录: D:\my-vue-project\wind-power-forecast\backend\auto_scripts\models\middlemodel\20250423
2025-04-23 11:02:38,155 - 未找到best_models目录，检查传统模型文件
2025-04-23 11:02:38,156 - 未找到任何可用模型文件
2025-04-23 11:02:38,157 - ⏳ 未有可用模型，等待模型训练完成...
2025-04-23 11:03:08,136 - ❌ 未找到训练 CSV 文件: D:\my-vue-project\wind-power-forecast\backend\auto_scripts\dataset\dataset_middle\20250423.csv，等待 30 秒后重试...
2025-04-23 11:03:08,166 - 检查模型目录: D:\my-vue-project\wind-power-forecast\backend\auto_scripts\models\middlemodel\20250423
2025-04-23 11:03:08,166 - 未找到best_models目录，检查传统模型文件
2025-04-23 11:03:08,166 - 未找到任何可用模型文件
2025-04-23 11:03:08,167 - ⏳ 未有可用模型，等待模型训练完成...
2025-04-23 11:03:38,139 - ❌ 未找到训练 CSV 文件: D:\my-vue-project\wind-power-forecast\backend\auto_scripts\dataset\dataset_middle\20250423.csv，等待 30 秒后重试...
2025-04-23 11:03:38,169 - 检查模型目录: D:\my-vue-project\wind-power-forecast\backend\auto_scripts\models\middlemodel\20250423
2025-04-23 11:03:38,170 - 未找到best_models目录，检查传统模型文件
2025-04-23 11:03:38,171 - 未找到任何可用模型文件
2025-04-23 11:03:38,172 - ⏳ 未有可用模型，等待模型训练完成...
2025-04-23 11:04:08,145 - ❌ 未找到训练 CSV 文件: D:\my-vue-project\wind-power-forecast\backend\auto_scripts\dataset\dataset_middle\20250423.csv，等待 30 秒后重试...
2025-04-23 11:04:08,177 - 检查模型目录: D:\my-vue-project\wind-power-forecast\backend\auto_scripts\models\middlemodel\20250423
2025-04-23 11:04:08,177 - 未找到best_models目录，检查传统模型文件
2025-04-23 11:04:08,177 - 未找到任何可用模型文件
2025-04-23 11:04:08,177 - ⏳ 未有可用模型，等待模型训练完成...
2025-04-23 11:04:38,149 - ❌ 未找到训练 CSV 文件: D:\my-vue-project\wind-power-forecast\backend\auto_scripts\dataset\dataset_middle\20250423.csv，等待 30 秒后重试...
2025-04-23 11:04:38,179 - 检查模型目录: D:\my-vue-project\wind-power-forecast\backend\auto_scripts\models\middlemodel\20250423
2025-04-23 11:04:38,180 - 未找到best_models目录，检查传统模型文件
2025-04-23 11:04:38,181 - 未找到任何可用模型文件
2025-04-23 11:04:38,181 - ⏳ 未有可用模型，等待模型训练完成...
2025-04-23 11:05:08,162 - ❌ 未找到训练 CSV 文件: D:\my-vue-project\wind-power-forecast\backend\auto_scripts\dataset\dataset_middle\20250423.csv，等待 30 秒后重试...
2025-04-23 11:05:08,193 - 检查模型目录: D:\my-vue-project\wind-power-forecast\backend\auto_scripts\models\middlemodel\20250423
2025-04-23 11:05:08,194 - 未找到best_models目录，检查传统模型文件
2025-04-23 11:05:08,195 - 未找到任何可用模型文件
2025-04-23 11:05:08,196 - ⏳ 未有可用模型，等待模型训练完成...
2025-04-23 11:05:38,177 - ❌ 未找到训练 CSV 文件: D:\my-vue-project\wind-power-forecast\backend\auto_scripts\dataset\dataset_middle\20250423.csv，等待 30 秒后重试...
2025-04-23 11:05:38,205 - 检查模型目录: D:\my-vue-project\wind-power-forecast\backend\auto_scripts\models\middlemodel\20250423
2025-04-23 11:05:38,206 - 未找到best_models目录，检查传统模型文件
2025-04-23 11:05:38,207 - 未找到任何可用模型文件
2025-04-23 11:05:38,207 - ⏳ 未有可用模型，等待模型训练完成...
2025-04-23 11:06:08,188 - ❌ 未找到训练 CSV 文件: D:\my-vue-project\wind-power-forecast\backend\auto_scripts\dataset\dataset_middle\20250423.csv，等待 30 秒后重试...
2025-04-23 11:06:08,220 - 检查模型目录: D:\my-vue-project\wind-power-forecast\backend\auto_scripts\models\middlemodel\20250423
2025-04-23 11:06:08,221 - 未找到best_models目录，检查传统模型文件
2025-04-23 11:06:08,222 - 未找到任何可用模型文件
2025-04-23 11:06:08,222 - ⏳ 未有可用模型，等待模型训练完成...
2025-04-23 11:06:38,203 - ❌ 未找到训练 CSV 文件: D:\my-vue-project\wind-power-forecast\backend\auto_scripts\dataset\dataset_middle\20250423.csv，等待 30 秒后重试...
2025-04-23 11:06:38,233 - 检查模型目录: D:\my-vue-project\wind-power-forecast\backend\auto_scripts\models\middlemodel\20250423
2025-04-23 11:06:38,233 - 未找到best_models目录，检查传统模型文件
2025-04-23 11:06:38,234 - 未找到任何可用模型文件
2025-04-23 11:06:38,234 - ⏳ 未有可用模型，等待模型训练完成...
2025-04-23 11:07:08,217 - ❌ 未找到训练 CSV 文件: D:\my-vue-project\wind-power-forecast\backend\auto_scripts\dataset\dataset_middle\20250423.csv，等待 30 秒后重试...
2025-04-23 11:07:08,248 - 检查模型目录: D:\my-vue-project\wind-power-forecast\backend\auto_scripts\models\middlemodel\20250423
2025-04-23 11:07:08,248 - 未找到best_models目录，检查传统模型文件
2025-04-23 11:07:08,248 - 未找到任何可用模型文件
2025-04-23 11:07:08,249 - ⏳ 未有可用模型，等待模型训练完成...
2025-04-23 11:07:38,234 - ❌ 未找到训练 CSV 文件: D:\my-vue-project\wind-power-forecast\backend\auto_scripts\dataset\dataset_middle\20250423.csv，等待 30 秒后重试...
2025-04-23 11:07:38,264 - 检查模型目录: D:\my-vue-project\wind-power-forecast\backend\auto_scripts\models\middlemodel\20250423
2025-04-23 11:07:38,265 - 未找到best_models目录，检查传统模型文件
2025-04-23 11:07:38,266 - 未找到任何可用模型文件
2025-04-23 11:07:38,266 - ⏳ 未有可用模型，等待模型训练完成...
2025-04-23 11:08:08,244 - ❌ 未找到训练 CSV 文件: D:\my-vue-project\wind-power-forecast\backend\auto_scripts\dataset\dataset_middle\20250423.csv，等待 30 秒后重试...
2025-04-23 11:08:08,276 - 检查模型目录: D:\my-vue-project\wind-power-forecast\backend\auto_scripts\models\middlemodel\20250423
2025-04-23 11:08:08,276 - 未找到best_models目录，检查传统模型文件
2025-04-23 11:08:08,277 - 未找到任何可用模型文件
2025-04-23 11:08:08,277 - ⏳ 未有可用模型，等待模型训练完成...
2025-04-23 11:08:38,249 - ❌ 未找到训练 CSV 文件: D:\my-vue-project\wind-power-forecast\backend\auto_scripts\dataset\dataset_middle\20250423.csv，等待 30 秒后重试...
2025-04-23 11:08:38,280 - 检查模型目录: D:\my-vue-project\wind-power-forecast\backend\auto_scripts\models\middlemodel\20250423
2025-04-23 11:08:38,280 - 未找到best_models目录，检查传统模型文件
2025-04-23 11:08:38,281 - 未找到任何可用模型文件
2025-04-23 11:08:38,281 - ⏳ 未有可用模型，等待模型训练完成...
2025-04-23 11:09:08,251 - ❌ 未找到训练 CSV 文件: D:\my-vue-project\wind-power-forecast\backend\auto_scripts\dataset\dataset_middle\20250423.csv，等待 30 秒后重试...
2025-04-23 11:09:08,296 - 检查模型目录: D:\my-vue-project\wind-power-forecast\backend\auto_scripts\models\middlemodel\20250423
2025-04-23 11:09:08,296 - 未找到best_models目录，检查传统模型文件
2025-04-23 11:09:08,297 - 未找到任何可用模型文件
2025-04-23 11:09:08,297 - ⏳ 未有可用模型，等待模型训练完成...
2025-04-23 11:09:38,255 - ❌ 未找到训练 CSV 文件: D:\my-vue-project\wind-power-forecast\backend\auto_scripts\dataset\dataset_middle\20250423.csv，等待 30 秒后重试...
2025-04-23 11:09:38,301 - 检查模型目录: D:\my-vue-project\wind-power-forecast\backend\auto_scripts\models\middlemodel\20250423
2025-04-23 11:09:38,301 - 未找到best_models目录，检查传统模型文件
2025-04-23 11:09:38,302 - 未找到任何可用模型文件
2025-04-23 11:09:38,302 - ⏳ 未有可用模型，等待模型训练完成...
2025-04-23 11:10:08,268 - ❌ 未找到训练 CSV 文件: D:\my-vue-project\wind-power-forecast\backend\auto_scripts\dataset\dataset_middle\20250423.csv，等待 30 秒后重试...
2025-04-23 11:10:08,314 - 检查模型目录: D:\my-vue-project\wind-power-forecast\backend\auto_scripts\models\middlemodel\20250423
2025-04-23 11:10:08,314 - 未找到best_models目录，检查传统模型文件
2025-04-23 11:10:08,314 - 未找到任何可用模型文件
2025-04-23 11:10:08,315 - ⏳ 未有可用模型，等待模型训练完成...
2025-04-23 11:10:38,285 - ❌ 未找到训练 CSV 文件: D:\my-vue-project\wind-power-forecast\backend\auto_scripts\dataset\dataset_middle\20250423.csv，等待 30 秒后重试...
2025-04-23 11:10:38,330 - 检查模型目录: D:\my-vue-project\wind-power-forecast\backend\auto_scripts\models\middlemodel\20250423
2025-04-23 11:10:38,330 - 未找到best_models目录，检查传统模型文件
2025-04-23 11:10:38,330 - 未找到任何可用模型文件
2025-04-23 11:10:38,330 - ⏳ 未有可用模型，等待模型训练完成...
2025-04-23 11:11:08,295 - ❌ 未找到训练 CSV 文件: D:\my-vue-project\wind-power-forecast\backend\auto_scripts\dataset\dataset_middle\20250423.csv，等待 30 秒后重试...
2025-04-23 11:11:08,341 - 检查模型目录: D:\my-vue-project\wind-power-forecast\backend\auto_scripts\models\middlemodel\20250423
2025-04-23 11:11:08,342 - 未找到best_models目录，检查传统模型文件
2025-04-23 11:11:08,342 - 未找到任何可用模型文件
2025-04-23 11:11:08,342 - ⏳ 未有可用模型，等待模型训练完成...
2025-04-23 11:11:38,311 - ❌ 未找到训练 CSV 文件: D:\my-vue-project\wind-power-forecast\backend\auto_scripts\dataset\dataset_middle\20250423.csv，等待 30 秒后重试...
2025-04-23 11:11:38,358 - 检查模型目录: D:\my-vue-project\wind-power-forecast\backend\auto_scripts\models\middlemodel\20250423
2025-04-23 11:11:38,359 - 未找到best_models目录，检查传统模型文件
2025-04-23 11:11:38,360 - 未找到任何可用模型文件
2025-04-23 11:11:38,360 - ⏳ 未有可用模型，等待模型训练完成...
2025-04-23 11:12:08,319 - ❌ 未找到训练 CSV 文件: D:\my-vue-project\wind-power-forecast\backend\auto_scripts\dataset\dataset_middle\20250423.csv，等待 30 秒后重试...
2025-04-23 11:12:08,366 - 检查模型目录: D:\my-vue-project\wind-power-forecast\backend\auto_scripts\models\middlemodel\20250423
2025-04-23 11:12:08,366 - 未找到best_models目录，检查传统模型文件
2025-04-23 11:12:08,366 - 未找到任何可用模型文件
2025-04-23 11:12:08,366 - ⏳ 未有可用模型，等待模型训练完成...
2025-04-23 11:12:38,320 - ❌ 未找到训练 CSV 文件: D:\my-vue-project\wind-power-forecast\backend\auto_scripts\dataset\dataset_middle\20250423.csv，等待 30 秒后重试...
2025-04-23 11:12:38,368 - 检查模型目录: D:\my-vue-project\wind-power-forecast\backend\auto_scripts\models\middlemodel\20250423
2025-04-23 11:12:38,369 - 未找到best_models目录，检查传统模型文件
2025-04-23 11:12:38,370 - 未找到任何可用模型文件
2025-04-23 11:12:38,371 - ⏳ 未有可用模型，等待模型训练完成...
2025-04-23 11:13:08,323 - ❌ 未找到训练 CSV 文件: D:\my-vue-project\wind-power-forecast\backend\auto_scripts\dataset\dataset_middle\20250423.csv，等待 30 秒后重试...
2025-04-23 11:13:08,385 - 检查模型目录: D:\my-vue-project\wind-power-forecast\backend\auto_scripts\models\middlemodel\20250423
2025-04-23 11:13:08,386 - 未找到best_models目录，检查传统模型文件
2025-04-23 11:13:08,386 - 未找到任何可用模型文件
2025-04-23 11:13:08,386 - ⏳ 未有可用模型，等待模型训练完成...
2025-04-23 11:13:38,336 - ❌ 未找到训练 CSV 文件: D:\my-vue-project\wind-power-forecast\backend\auto_scripts\dataset\dataset_middle\20250423.csv，等待 30 秒后重试...
2025-04-23 11:13:38,397 - 检查模型目录: D:\my-vue-project\wind-power-forecast\backend\auto_scripts\models\middlemodel\20250423
2025-04-23 11:13:38,399 - 未找到best_models目录，检查传统模型文件
2025-04-23 11:13:38,400 - 未找到任何可用模型文件
2025-04-23 11:13:38,401 - ⏳ 未有可用模型，等待模型训练完成...
2025-04-23 11:14:08,340 - ❌ 未找到训练 CSV 文件: D:\my-vue-project\wind-power-forecast\backend\auto_scripts\dataset\dataset_middle\20250423.csv，等待 30 秒后重试...
2025-04-23 11:14:08,404 - 检查模型目录: D:\my-vue-project\wind-power-forecast\backend\auto_scripts\models\middlemodel\20250423
2025-04-23 11:14:08,405 - 未找到best_models目录，检查传统模型文件
2025-04-23 11:14:08,407 - 未找到任何可用模型文件
2025-04-23 11:14:08,408 - ⏳ 未有可用模型，等待模型训练完成...
2025-04-23 11:14:38,349 - ❌ 未找到训练 CSV 文件: D:\my-vue-project\wind-power-forecast\backend\auto_scripts\dataset\dataset_middle\20250423.csv，等待 30 秒后重试...
2025-04-23 11:14:38,410 - 检查模型目录: D:\my-vue-project\wind-power-forecast\backend\auto_scripts\models\middlemodel\20250423
2025-04-23 11:14:38,411 - 未找到best_models目录，检查传统模型文件
2025-04-23 11:14:38,412 - 未找到任何可用模型文件
2025-04-23 11:14:38,413 - ⏳ 未有可用模型，等待模型训练完成...
2025-04-23 11:15:08,357 - ❌ 未找到训练 CSV 文件: D:\my-vue-project\wind-power-forecast\backend\auto_scripts\dataset\dataset_middle\20250423.csv，等待 30 秒后重试...
2025-04-23 11:15:08,418 - 检查模型目录: D:\my-vue-project\wind-power-forecast\backend\auto_scripts\models\middlemodel\20250423
2025-04-23 11:15:08,419 - 未找到best_models目录，检查传统模型文件
2025-04-23 11:15:08,419 - 未找到任何可用模型文件
2025-04-23 11:15:08,420 - ⏳ 未有可用模型，等待模型训练完成...
2025-04-23 11:15:38,361 - ❌ 未找到训练 CSV 文件: D:\my-vue-project\wind-power-forecast\backend\auto_scripts\dataset\dataset_middle\20250423.csv，等待 30 秒后重试...
2025-04-23 11:15:38,421 - 检查模型目录: D:\my-vue-project\wind-power-forecast\backend\auto_scripts\models\middlemodel\20250423
2025-04-23 11:15:38,423 - 未找到best_models目录，检查传统模型文件
2025-04-23 11:15:38,424 - 未找到任何可用模型文件
2025-04-23 11:15:38,424 - ⏳ 未有可用模型，等待模型训练完成...
2025-04-23 11:16:08,367 - ❌ 未找到训练 CSV 文件: D:\my-vue-project\wind-power-forecast\backend\auto_scripts\dataset\dataset_middle\20250423.csv，等待 30 秒后重试...
2025-04-23 11:16:08,427 - 检查模型目录: D:\my-vue-project\wind-power-forecast\backend\auto_scripts\models\middlemodel\20250423
2025-04-23 11:16:08,427 - 未找到best_models目录，检查传统模型文件
2025-04-23 11:16:08,427 - 未找到任何可用模型文件
2025-04-23 11:16:08,428 - ⏳ 未有可用模型，等待模型训练完成...
2025-04-23 11:16:38,373 - ❌ 未找到训练 CSV 文件: D:\my-vue-project\wind-power-forecast\backend\auto_scripts\dataset\dataset_middle\20250423.csv，等待 30 秒后重试...
2025-04-23 11:16:38,434 - 检查模型目录: D:\my-vue-project\wind-power-forecast\backend\auto_scripts\models\middlemodel\20250423
2025-04-23 11:16:38,434 - 未找到best_models目录，检查传统模型文件
2025-04-23 11:16:38,435 - 未找到任何可用模型文件
2025-04-23 11:16:38,435 - ⏳ 未有可用模型，等待模型训练完成...
2025-04-23 11:17:08,384 - ❌ 未找到训练 CSV 文件: D:\my-vue-project\wind-power-forecast\backend\auto_scripts\dataset\dataset_middle\20250423.csv，等待 30 秒后重试...
2025-04-23 11:17:08,446 - 检查模型目录: D:\my-vue-project\wind-power-forecast\backend\auto_scripts\models\middlemodel\20250423
2025-04-23 11:17:08,448 - 未找到best_models目录，检查传统模型文件
2025-04-23 11:17:08,449 - 未找到任何可用模型文件
2025-04-23 11:17:08,449 - ⏳ 未有可用模型，等待模型训练完成...
2025-04-23 11:17:38,388 - ❌ 未找到训练 CSV 文件: D:\my-vue-project\wind-power-forecast\backend\auto_scripts\dataset\dataset_middle\20250423.csv，等待 30 秒后重试...
2025-04-23 11:17:38,465 - 检查模型目录: D:\my-vue-project\wind-power-forecast\backend\auto_scripts\models\middlemodel\20250423
2025-04-23 11:17:38,466 - 未找到best_models目录，检查传统模型文件
2025-04-23 11:17:38,466 - 未找到任何可用模型文件
2025-04-23 11:17:38,466 - ⏳ 未有可用模型，等待模型训练完成...
2025-04-23 11:18:08,396 - ❌ 未找到训练 CSV 文件: D:\my-vue-project\wind-power-forecast\backend\auto_scripts\dataset\dataset_middle\20250423.csv，等待 30 秒后重试...
2025-04-23 11:18:08,473 - 检查模型目录: D:\my-vue-project\wind-power-forecast\backend\auto_scripts\models\middlemodel\20250423
2025-04-23 11:18:08,474 - 未找到best_models目录，检查传统模型文件
2025-04-23 11:18:08,475 - 未找到任何可用模型文件
2025-04-23 11:18:08,476 - ⏳ 未有可用模型，等待模型训练完成...
2025-04-23 11:18:38,403 - ❌ 未找到训练 CSV 文件: D:\my-vue-project\wind-power-forecast\backend\auto_scripts\dataset\dataset_middle\20250423.csv，等待 30 秒后重试...
2025-04-23 11:18:38,480 - 检查模型目录: D:\my-vue-project\wind-power-forecast\backend\auto_scripts\models\middlemodel\20250423
2025-04-23 11:18:38,481 - 未找到best_models目录，检查传统模型文件
2025-04-23 11:18:38,482 - 未找到任何可用模型文件
2025-04-23 11:18:38,483 - ⏳ 未有可用模型，等待模型训练完成...
2025-04-23 11:19:08,411 - ❌ 未找到训练 CSV 文件: D:\my-vue-project\wind-power-forecast\backend\auto_scripts\dataset\dataset_middle\20250423.csv，等待 30 秒后重试...
2025-04-23 11:19:08,490 - 检查模型目录: D:\my-vue-project\wind-power-forecast\backend\auto_scripts\models\middlemodel\20250423
2025-04-23 11:19:08,490 - 未找到best_models目录，检查传统模型文件
2025-04-23 11:19:08,490 - 未找到任何可用模型文件
2025-04-23 11:19:08,490 - ⏳ 未有可用模型，等待模型训练完成...
2025-04-23 11:19:38,414 - ❌ 未找到训练 CSV 文件: D:\my-vue-project\wind-power-forecast\backend\auto_scripts\dataset\dataset_middle\20250423.csv，等待 30 秒后重试...
2025-04-23 11:19:38,506 - 检查模型目录: D:\my-vue-project\wind-power-forecast\backend\auto_scripts\models\middlemodel\20250423
2025-04-23 11:19:38,507 - 未找到best_models目录，检查传统模型文件
2025-04-23 11:19:38,507 - 未找到任何可用模型文件
2025-04-23 11:19:38,507 - ⏳ 未有可用模型，等待模型训练完成...
2025-04-23 11:20:08,425 - ❌ 未找到训练 CSV 文件: D:\my-vue-project\wind-power-forecast\backend\auto_scripts\dataset\dataset_middle\20250423.csv，等待 30 秒后重试...
2025-04-23 11:20:08,519 - 检查模型目录: D:\my-vue-project\wind-power-forecast\backend\auto_scripts\models\middlemodel\20250423
2025-04-23 11:20:08,519 - 未找到best_models目录，检查传统模型文件
2025-04-23 11:20:08,520 - 未找到任何可用模型文件
2025-04-23 11:20:08,520 - ⏳ 未有可用模型，等待模型训练完成...
2025-04-23 11:20:38,430 - ❌ 未找到训练 CSV 文件: D:\my-vue-project\wind-power-forecast\backend\auto_scripts\dataset\dataset_middle\20250423.csv，等待 30 秒后重试...
2025-04-23 11:20:38,524 - 检查模型目录: D:\my-vue-project\wind-power-forecast\backend\auto_scripts\models\middlemodel\20250423
2025-04-23 11:20:38,524 - 未找到best_models目录，检查传统模型文件
2025-04-23 11:20:38,525 - 未找到任何可用模型文件
2025-04-23 11:20:38,525 - ⏳ 未有可用模型，等待模型训练完成...
2025-04-23 11:21:08,445 - ❌ 未找到训练 CSV 文件: D:\my-vue-project\wind-power-forecast\backend\auto_scripts\dataset\dataset_middle\20250423.csv，等待 30 秒后重试...
2025-04-23 11:21:08,538 - 检查模型目录: D:\my-vue-project\wind-power-forecast\backend\auto_scripts\models\middlemodel\20250423
2025-04-23 11:21:08,539 - 未找到best_models目录，检查传统模型文件
2025-04-23 11:21:08,540 - 未找到任何可用模型文件
2025-04-23 11:21:08,540 - ⏳ 未有可用模型，等待模型训练完成...
2025-04-23 11:21:38,446 - ❌ 未找到训练 CSV 文件: D:\my-vue-project\wind-power-forecast\backend\auto_scripts\dataset\dataset_middle\20250423.csv，等待 30 秒后重试...
2025-04-23 11:21:38,555 - 检查模型目录: D:\my-vue-project\wind-power-forecast\backend\auto_scripts\models\middlemodel\20250423
2025-04-23 11:21:38,556 - 未找到best_models目录，检查传统模型文件
2025-04-23 11:21:38,557 - 未找到任何可用模型文件
2025-04-23 11:21:38,557 - ⏳ 未有可用模型，等待模型训练完成...
2025-04-23 11:22:08,457 - ❌ 未找到训练 CSV 文件: D:\my-vue-project\wind-power-forecast\backend\auto_scripts\dataset\dataset_middle\20250423.csv，等待 30 秒后重试...
2025-04-23 11:22:08,566 - 检查模型目录: D:\my-vue-project\wind-power-forecast\backend\auto_scripts\models\middlemodel\20250423
2025-04-23 11:22:08,567 - 未找到best_models目录，检查传统模型文件
2025-04-23 11:22:08,568 - 未找到任何可用模型文件
2025-04-23 11:22:08,568 - ⏳ 未有可用模型，等待模型训练完成...
2025-04-23 11:22:38,463 - ❌ 未找到训练 CSV 文件: D:\my-vue-project\wind-power-forecast\backend\auto_scripts\dataset\dataset_middle\20250423.csv，等待 30 秒后重试...
2025-04-23 11:22:38,572 - 检查模型目录: D:\my-vue-project\wind-power-forecast\backend\auto_scripts\models\middlemodel\20250423
2025-04-23 11:22:38,573 - 未找到best_models目录，检查传统模型文件
2025-04-23 11:22:38,574 - 未找到任何可用模型文件
2025-04-23 11:22:38,574 - ⏳ 未有可用模型，等待模型训练完成...
2025-04-23 11:23:08,470 - ❌ 未找到训练 CSV 文件: D:\my-vue-project\wind-power-forecast\backend\auto_scripts\dataset\dataset_middle\20250423.csv，等待 30 秒后重试...
2025-04-23 11:23:08,578 - 检查模型目录: D:\my-vue-project\wind-power-forecast\backend\auto_scripts\models\middlemodel\20250423
2025-04-23 11:23:08,578 - 未找到best_models目录，检查传统模型文件
2025-04-23 11:23:08,578 - 未找到任何可用模型文件
2025-04-23 11:23:08,579 - ⏳ 未有可用模型，等待模型训练完成...
2025-04-23 11:23:38,475 - ❌ 未找到训练 CSV 文件: D:\my-vue-project\wind-power-forecast\backend\auto_scripts\dataset\dataset_middle\20250423.csv，等待 30 秒后重试...
2025-04-23 11:23:38,585 - 检查模型目录: D:\my-vue-project\wind-power-forecast\backend\auto_scripts\models\middlemodel\20250423
2025-04-23 11:23:38,586 - 未找到best_models目录，检查传统模型文件
2025-04-23 11:23:38,587 - 未找到任何可用模型文件
2025-04-23 11:23:38,588 - ⏳ 未有可用模型，等待模型训练完成...
2025-04-23 11:24:08,492 - ❌ 未找到训练 CSV 文件: D:\my-vue-project\wind-power-forecast\backend\auto_scripts\dataset\dataset_middle\20250423.csv，等待 30 秒后重试...
2025-04-23 11:24:08,600 - 检查模型目录: D:\my-vue-project\wind-power-forecast\backend\auto_scripts\models\middlemodel\20250423
2025-04-23 11:24:08,601 - 未找到best_models目录，检查传统模型文件
2025-04-23 11:24:08,602 - 未找到任何可用模型文件
2025-04-23 11:24:08,603 - ⏳ 未有可用模型，等待模型训练完成...
2025-04-23 11:24:38,501 - ❌ 未找到训练 CSV 文件: D:\my-vue-project\wind-power-forecast\backend\auto_scripts\dataset\dataset_middle\20250423.csv，等待 30 秒后重试...
2025-04-23 11:24:38,609 - 检查模型目录: D:\my-vue-project\wind-power-forecast\backend\auto_scripts\models\middlemodel\20250423
2025-04-23 11:24:38,609 - 未找到best_models目录，检查传统模型文件
2025-04-23 11:24:38,610 - 未找到任何可用模型文件
2025-04-23 11:24:38,610 - ⏳ 未有可用模型，等待模型训练完成...
2025-04-23 11:25:08,503 - ❌ 未找到训练 CSV 文件: D:\my-vue-project\wind-power-forecast\backend\auto_scripts\dataset\dataset_middle\20250423.csv，等待 30 秒后重试...
2025-04-23 11:25:08,614 - 检查模型目录: D:\my-vue-project\wind-power-forecast\backend\auto_scripts\models\middlemodel\20250423
2025-04-23 11:25:08,615 - 未找到best_models目录，检查传统模型文件
2025-04-23 11:25:08,615 - 未找到任何可用模型文件
2025-04-23 11:25:08,616 - ⏳ 未有可用模型，等待模型训练完成...
2025-04-23 11:25:38,512 - ❌ 未找到训练 CSV 文件: D:\my-vue-project\wind-power-forecast\backend\auto_scripts\dataset\dataset_middle\20250423.csv，等待 30 秒后重试...
2025-04-23 11:25:38,621 - 检查模型目录: D:\my-vue-project\wind-power-forecast\backend\auto_scripts\models\middlemodel\20250423
2025-04-23 11:25:38,623 - 未找到best_models目录，检查传统模型文件
2025-04-23 11:25:38,624 - 未找到任何可用模型文件
2025-04-23 11:25:38,625 - ⏳ 未有可用模型，等待模型训练完成...
2025-04-23 11:26:08,517 - ❌ 未找到训练 CSV 文件: D:\my-vue-project\wind-power-forecast\backend\auto_scripts\dataset\dataset_middle\20250423.csv，等待 30 秒后重试...
2025-04-23 11:26:08,640 - 检查模型目录: D:\my-vue-project\wind-power-forecast\backend\auto_scripts\models\middlemodel\20250423
2025-04-23 11:26:08,641 - 未找到best_models目录，检查传统模型文件
2025-04-23 11:26:08,642 - 未找到任何可用模型文件
2025-04-23 11:26:08,643 - ⏳ 未有可用模型，等待模型训练完成...
2025-04-23 11:26:38,525 - ❌ 未找到训练 CSV 文件: D:\my-vue-project\wind-power-forecast\backend\auto_scripts\dataset\dataset_middle\20250423.csv，等待 30 秒后重试...
2025-04-23 11:26:38,651 - 检查模型目录: D:\my-vue-project\wind-power-forecast\backend\auto_scripts\models\middlemodel\20250423
2025-04-23 11:26:38,651 - 未找到best_models目录，检查传统模型文件
2025-04-23 11:26:38,651 - 未找到任何可用模型文件
2025-04-23 11:26:38,651 - ⏳ 未有可用模型，等待模型训练完成...
2025-04-23 11:27:08,536 - ❌ 未找到训练 CSV 文件: D:\my-vue-project\wind-power-forecast\backend\auto_scripts\dataset\dataset_middle\20250423.csv，等待 30 秒后重试...
2025-04-23 11:27:08,661 - 检查模型目录: D:\my-vue-project\wind-power-forecast\backend\auto_scripts\models\middlemodel\20250423
2025-04-23 11:27:08,663 - 未找到best_models目录，检查传统模型文件
2025-04-23 11:27:08,664 - 未找到任何可用模型文件
2025-04-23 11:27:08,664 - ⏳ 未有可用模型，等待模型训练完成...
2025-04-23 11:27:38,548 - ❌ 未找到训练 CSV 文件: D:\my-vue-project\wind-power-forecast\backend\auto_scripts\dataset\dataset_middle\20250423.csv，等待 30 秒后重试...
2025-04-23 11:27:38,674 - 检查模型目录: D:\my-vue-project\wind-power-forecast\backend\auto_scripts\models\middlemodel\20250423
2025-04-23 11:27:38,675 - 未找到best_models目录，检查传统模型文件
2025-04-23 11:27:38,676 - 未找到任何可用模型文件
2025-04-23 11:27:38,677 - ⏳ 未有可用模型，等待模型训练完成...
2025-04-23 11:28:08,552 - ❌ 未找到训练 CSV 文件: D:\my-vue-project\wind-power-forecast\backend\auto_scripts\dataset\dataset_middle\20250423.csv，等待 30 秒后重试...
2025-04-23 11:28:08,692 - 检查模型目录: D:\my-vue-project\wind-power-forecast\backend\auto_scripts\models\middlemodel\20250423
2025-04-23 11:28:08,693 - 未找到best_models目录，检查传统模型文件
2025-04-23 11:28:08,693 - 未找到任何可用模型文件
2025-04-23 11:28:08,693 - ⏳ 未有可用模型，等待模型训练完成...
2025-04-23 11:28:38,564 - ❌ 未找到训练 CSV 文件: D:\my-vue-project\wind-power-forecast\backend\auto_scripts\dataset\dataset_middle\20250423.csv，等待 30 秒后重试...
2025-04-23 11:28:38,703 - 检查模型目录: D:\my-vue-project\wind-power-forecast\backend\auto_scripts\models\middlemodel\20250423
2025-04-23 11:28:38,705 - 未找到best_models目录，检查传统模型文件
2025-04-23 11:28:38,706 - 未找到任何可用模型文件
2025-04-23 11:28:38,707 - ⏳ 未有可用模型，等待模型训练完成...
2025-04-23 11:29:08,577 - ❌ 未找到训练 CSV 文件: D:\my-vue-project\wind-power-forecast\backend\auto_scripts\dataset\dataset_middle\20250423.csv，等待 30 秒后重试...
2025-04-23 11:29:08,715 - 检查模型目录: D:\my-vue-project\wind-power-forecast\backend\auto_scripts\models\middlemodel\20250423
2025-04-23 11:29:08,716 - 未找到best_models目录，检查传统模型文件
2025-04-23 11:29:08,717 - 未找到任何可用模型文件
2025-04-23 11:29:08,718 - ⏳ 未有可用模型，等待模型训练完成...
2025-04-23 11:29:38,586 - ❌ 未找到训练 CSV 文件: D:\my-vue-project\wind-power-forecast\backend\auto_scripts\dataset\dataset_middle\20250423.csv，等待 30 秒后重试...
2025-04-23 11:29:38,727 - 检查模型目录: D:\my-vue-project\wind-power-forecast\backend\auto_scripts\models\middlemodel\20250423
2025-04-23 11:29:38,728 - 未找到best_models目录，检查传统模型文件
2025-04-23 11:29:38,730 - 未找到任何可用模型文件
2025-04-23 11:29:38,730 - ⏳ 未有可用模型，等待模型训练完成...
2025-04-23 11:30:08,600 - ❌ 未找到训练 CSV 文件: D:\my-vue-project\wind-power-forecast\backend\auto_scripts\dataset\dataset_middle\20250423.csv，等待 30 秒后重试...
2025-04-23 11:30:08,742 - 检查模型目录: D:\my-vue-project\wind-power-forecast\backend\auto_scripts\models\middlemodel\20250423
2025-04-23 11:30:08,743 - 未找到best_models目录，检查传统模型文件
2025-04-23 11:30:08,744 - 未找到任何可用模型文件
2025-04-23 11:30:08,745 - ⏳ 未有可用模型，等待模型训练完成...
2025-04-23 11:30:38,605 - ❌ 未找到训练 CSV 文件: D:\my-vue-project\wind-power-forecast\backend\auto_scripts\dataset\dataset_middle\20250423.csv，等待 30 秒后重试...
2025-04-23 11:30:38,760 - 检查模型目录: D:\my-vue-project\wind-power-forecast\backend\auto_scripts\models\middlemodel\20250423
2025-04-23 11:30:38,760 - 未找到best_models目录，检查传统模型文件
2025-04-23 11:30:38,761 - 未找到任何可用模型文件
2025-04-23 11:30:38,761 - ⏳ 未有可用模型，等待模型训练完成...
2025-04-23 11:31:08,614 - ❌ 未找到训练 CSV 文件: D:\my-vue-project\wind-power-forecast\backend\auto_scripts\dataset\dataset_middle\20250423.csv，等待 30 秒后重试...
2025-04-23 11:31:08,770 - 检查模型目录: D:\my-vue-project\wind-power-forecast\backend\auto_scripts\models\middlemodel\20250423
2025-04-23 11:31:08,771 - 未找到best_models目录，检查传统模型文件
2025-04-23 11:31:08,773 - 未找到任何可用模型文件
2025-04-23 11:31:08,773 - ⏳ 未有可用模型，等待模型训练完成...
2025-04-23 11:31:38,624 - ❌ 未找到训练 CSV 文件: D:\my-vue-project\wind-power-forecast\backend\auto_scripts\dataset\dataset_middle\20250423.csv，等待 30 秒后重试...
2025-04-23 11:31:38,782 - 检查模型目录: D:\my-vue-project\wind-power-forecast\backend\auto_scripts\models\middlemodel\20250423
2025-04-23 11:31:38,784 - 未找到best_models目录，检查传统模型文件
2025-04-23 11:31:38,785 - 未找到任何可用模型文件
2025-04-23 11:31:38,785 - ⏳ 未有可用模型，等待模型训练完成...
2025-04-23 11:32:08,633 - ❌ 未找到训练 CSV 文件: D:\my-vue-project\wind-power-forecast\backend\auto_scripts\dataset\dataset_middle\20250423.csv，等待 30 秒后重试...
2025-04-23 11:32:08,791 - 检查模型目录: D:\my-vue-project\wind-power-forecast\backend\auto_scripts\models\middlemodel\20250423
2025-04-23 11:32:08,792 - 未找到best_models目录，检查传统模型文件
2025-04-23 11:32:08,793 - 未找到任何可用模型文件
2025-04-23 11:32:08,794 - ⏳ 未有可用模型，等待模型训练完成...
2025-04-23 11:32:38,636 - ❌ 未找到训练 CSV 文件: D:\my-vue-project\wind-power-forecast\backend\auto_scripts\dataset\dataset_middle\20250423.csv，等待 30 秒后重试...
2025-04-23 11:32:38,805 - 检查模型目录: D:\my-vue-project\wind-power-forecast\backend\auto_scripts\models\middlemodel\20250423
2025-04-23 11:32:38,805 - 未找到best_models目录，检查传统模型文件
2025-04-23 11:32:38,806 - 未找到任何可用模型文件
2025-04-23 11:32:38,806 - ⏳ 未有可用模型，等待模型训练完成...
2025-04-23 11:33:08,651 - ❌ 未找到训练 CSV 文件: D:\my-vue-project\wind-power-forecast\backend\auto_scripts\dataset\dataset_middle\20250423.csv，等待 30 秒后重试...
2025-04-23 11:33:08,821 - 检查模型目录: D:\my-vue-project\wind-power-forecast\backend\auto_scripts\models\middlemodel\20250423
2025-04-23 11:33:08,822 - 未找到best_models目录，检查传统模型文件
2025-04-23 11:33:08,822 - 未找到任何可用模型文件
2025-04-23 11:33:08,822 - ⏳ 未有可用模型，等待模型训练完成...
2025-04-23 11:33:38,660 - ❌ 未找到训练 CSV 文件: D:\my-vue-project\wind-power-forecast\backend\auto_scripts\dataset\dataset_middle\20250423.csv，等待 30 秒后重试...
2025-04-23 11:33:38,831 - 检查模型目录: D:\my-vue-project\wind-power-forecast\backend\auto_scripts\models\middlemodel\20250423
2025-04-23 11:33:38,831 - 未找到best_models目录，检查传统模型文件
2025-04-23 11:33:38,832 - 未找到任何可用模型文件
2025-04-23 11:33:38,832 - ⏳ 未有可用模型，等待模型训练完成...
2025-04-23 11:34:08,675 - ❌ 未找到训练 CSV 文件: D:\my-vue-project\wind-power-forecast\backend\auto_scripts\dataset\dataset_middle\20250423.csv，等待 30 秒后重试...
2025-04-23 11:34:08,833 - 检查模型目录: D:\my-vue-project\wind-power-forecast\backend\auto_scripts\models\middlemodel\20250423
2025-04-23 11:34:08,834 - 未找到best_models目录，检查传统模型文件
2025-04-23 11:34:08,834 - 未找到任何可用模型文件
2025-04-23 11:34:08,835 - ⏳ 未有可用模型，等待模型训练完成...
2025-04-23 11:34:38,692 - ❌ 未找到训练 CSV 文件: D:\my-vue-project\wind-power-forecast\backend\auto_scripts\dataset\dataset_middle\20250423.csv，等待 30 秒后重试...
2025-04-23 11:34:38,848 - 检查模型目录: D:\my-vue-project\wind-power-forecast\backend\auto_scripts\models\middlemodel\20250423
2025-04-23 11:34:38,850 - 未找到best_models目录，检查传统模型文件
2025-04-23 11:34:38,850 - 未找到任何可用模型文件
2025-04-23 11:34:38,851 - ⏳ 未有可用模型，等待模型训练完成...
2025-04-23 11:35:08,702 - ❌ 未找到训练 CSV 文件: D:\my-vue-project\wind-power-forecast\backend\auto_scripts\dataset\dataset_middle\20250423.csv，等待 30 秒后重试...
2025-04-23 11:35:08,856 - 检查模型目录: D:\my-vue-project\wind-power-forecast\backend\auto_scripts\models\middlemodel\20250423
2025-04-23 11:35:08,858 - 未找到best_models目录，检查传统模型文件
2025-04-23 11:35:08,859 - 未找到任何可用模型文件
2025-04-23 11:35:08,859 - ⏳ 未有可用模型，等待模型训练完成...
2025-04-23 11:35:38,716 - ❌ 未找到训练 CSV 文件: D:\my-vue-project\wind-power-forecast\backend\auto_scripts\dataset\dataset_middle\20250423.csv，等待 30 秒后重试...
2025-04-23 11:35:38,870 - 检查模型目录: D:\my-vue-project\wind-power-forecast\backend\auto_scripts\models\middlemodel\20250423
2025-04-23 11:35:38,870 - 未找到best_models目录，检查传统模型文件
2025-04-23 11:35:38,870 - 未找到任何可用模型文件
2025-04-23 11:35:38,871 - ⏳ 未有可用模型，等待模型训练完成...
2025-04-23 11:36:08,720 - ❌ 未找到训练 CSV 文件: D:\my-vue-project\wind-power-forecast\backend\auto_scripts\dataset\dataset_middle\20250423.csv，等待 30 秒后重试...
2025-04-23 11:36:08,875 - 检查模型目录: D:\my-vue-project\wind-power-forecast\backend\auto_scripts\models\middlemodel\20250423
2025-04-23 11:36:08,876 - 未找到best_models目录，检查传统模型文件
2025-04-23 11:36:08,877 - 未找到任何可用模型文件
2025-04-23 11:36:08,877 - ⏳ 未有可用模型，等待模型训练完成...
2025-04-23 11:36:38,737 - ❌ 未找到训练 CSV 文件: D:\my-vue-project\wind-power-forecast\backend\auto_scripts\dataset\dataset_middle\20250423.csv，等待 30 秒后重试...
2025-04-23 11:36:38,892 - 检查模型目录: D:\my-vue-project\wind-power-forecast\backend\auto_scripts\models\middlemodel\20250423
2025-04-23 11:36:38,893 - 未找到best_models目录，检查传统模型文件
2025-04-23 11:36:38,894 - 未找到任何可用模型文件
2025-04-23 11:36:38,894 - ⏳ 未有可用模型，等待模型训练完成...
2025-04-23 11:37:08,749 - ❌ 未找到训练 CSV 文件: D:\my-vue-project\wind-power-forecast\backend\auto_scripts\dataset\dataset_middle\20250423.csv，等待 30 秒后重试...
2025-04-23 11:37:08,903 - 检查模型目录: D:\my-vue-project\wind-power-forecast\backend\auto_scripts\models\middlemodel\20250423
2025-04-23 11:37:08,903 - 未找到best_models目录，检查传统模型文件
2025-04-23 11:37:08,904 - 未找到任何可用模型文件
2025-04-23 11:37:08,904 - ⏳ 未有可用模型，等待模型训练完成...
2025-04-23 11:37:38,758 - ❌ 未找到训练 CSV 文件: D:\my-vue-project\wind-power-forecast\backend\auto_scripts\dataset\dataset_middle\20250423.csv，等待 30 秒后重试...
2025-04-23 11:37:38,915 - 检查模型目录: D:\my-vue-project\wind-power-forecast\backend\auto_scripts\models\middlemodel\20250423
2025-04-23 11:37:38,915 - 未找到best_models目录，检查传统模型文件
2025-04-23 11:37:38,916 - 未找到任何可用模型文件
2025-04-23 11:37:38,916 - ⏳ 未有可用模型，等待模型训练完成...
2025-04-23 11:38:08,766 - ❌ 未找到训练 CSV 文件: D:\my-vue-project\wind-power-forecast\backend\auto_scripts\dataset\dataset_middle\20250423.csv，等待 30 秒后重试...
2025-04-23 11:38:08,923 - 检查模型目录: D:\my-vue-project\wind-power-forecast\backend\auto_scripts\models\middlemodel\20250423
2025-04-23 11:38:08,924 - 未找到best_models目录，检查传统模型文件
2025-04-23 11:38:08,925 - 未找到任何可用模型文件
2025-04-23 11:38:08,925 - ⏳ 未有可用模型，等待模型训练完成...
2025-04-23 11:38:38,771 - ❌ 未找到训练 CSV 文件: D:\my-vue-project\wind-power-forecast\backend\auto_scripts\dataset\dataset_middle\20250423.csv，等待 30 秒后重试...
2025-04-23 11:38:38,942 - 检查模型目录: D:\my-vue-project\wind-power-forecast\backend\auto_scripts\models\middlemodel\20250423
2025-04-23 11:38:38,943 - 未找到best_models目录，检查传统模型文件
2025-04-23 11:38:38,944 - 未找到任何可用模型文件
2025-04-23 11:38:38,945 - ⏳ 未有可用模型，等待模型训练完成...
2025-04-23 11:39:08,777 - ❌ 未找到训练 CSV 文件: D:\my-vue-project\wind-power-forecast\backend\auto_scripts\dataset\dataset_middle\20250423.csv，等待 30 秒后重试...
2025-04-23 11:39:08,949 - 检查模型目录: D:\my-vue-project\wind-power-forecast\backend\auto_scripts\models\middlemodel\20250423
2025-04-23 11:39:08,949 - 未找到best_models目录，检查传统模型文件
2025-04-23 11:39:08,950 - 未找到任何可用模型文件
2025-04-23 11:39:08,950 - ⏳ 未有可用模型，等待模型训练完成...
2025-04-23 11:39:38,779 - ❌ 未找到训练 CSV 文件: D:\my-vue-project\wind-power-forecast\backend\auto_scripts\dataset\dataset_middle\20250423.csv，等待 30 秒后重试...
2025-04-23 11:39:38,954 - 检查模型目录: D:\my-vue-project\wind-power-forecast\backend\auto_scripts\models\middlemodel\20250423
2025-04-23 11:39:38,956 - 未找到best_models目录，检查传统模型文件
2025-04-23 11:39:38,957 - 未找到任何可用模型文件
2025-04-23 11:39:38,958 - ⏳ 未有可用模型，等待模型训练完成...
2025-04-23 11:40:08,788 - ❌ 未找到训练 CSV 文件: D:\my-vue-project\wind-power-forecast\backend\auto_scripts\dataset\dataset_middle\20250423.csv，等待 30 秒后重试...
2025-04-23 11:40:08,974 - 检查模型目录: D:\my-vue-project\wind-power-forecast\backend\auto_scripts\models\middlemodel\20250423
2025-04-23 11:40:08,975 - 未找到best_models目录，检查传统模型文件
2025-04-23 11:40:08,976 - 未找到任何可用模型文件
2025-04-23 11:40:08,977 - ⏳ 未有可用模型，等待模型训练完成...
2025-04-23 11:40:38,800 - ❌ 未找到训练 CSV 文件: D:\my-vue-project\wind-power-forecast\backend\auto_scripts\dataset\dataset_middle\20250423.csv，等待 30 秒后重试...
2025-04-23 11:40:38,990 - 检查模型目录: D:\my-vue-project\wind-power-forecast\backend\auto_scripts\models\middlemodel\20250423
2025-04-23 11:40:38,991 - 未找到best_models目录，检查传统模型文件
2025-04-23 11:40:38,992 - 未找到任何可用模型文件
2025-04-23 11:40:38,993 - ⏳ 未有可用模型，等待模型训练完成...
2025-04-23 11:41:08,805 - ❌ 未找到训练 CSV 文件: D:\my-vue-project\wind-power-forecast\backend\auto_scripts\dataset\dataset_middle\20250423.csv，等待 30 秒后重试...
2025-04-23 11:41:09,008 - 检查模型目录: D:\my-vue-project\wind-power-forecast\backend\auto_scripts\models\middlemodel\20250423
2025-04-23 11:41:09,009 - 未找到best_models目录，检查传统模型文件
2025-04-23 11:41:09,009 - 未找到任何可用模型文件
2025-04-23 11:41:09,009 - ⏳ 未有可用模型，等待模型训练完成...
2025-04-23 11:41:38,811 - ❌ 未找到训练 CSV 文件: D:\my-vue-project\wind-power-forecast\backend\auto_scripts\dataset\dataset_middle\20250423.csv，等待 30 秒后重试...
2025-04-23 11:41:39,013 - 检查模型目录: D:\my-vue-project\wind-power-forecast\backend\auto_scripts\models\middlemodel\20250423
2025-04-23 11:41:39,013 - 未找到best_models目录，检查传统模型文件
2025-04-23 11:41:39,014 - 未找到任何可用模型文件
2025-04-23 11:41:39,014 - ⏳ 未有可用模型，等待模型训练完成...
2025-04-23 11:42:08,825 - ❌ 未找到训练 CSV 文件: D:\my-vue-project\wind-power-forecast\backend\auto_scripts\dataset\dataset_middle\20250423.csv，等待 30 秒后重试...
2025-04-23 11:42:09,026 - 检查模型目录: D:\my-vue-project\wind-power-forecast\backend\auto_scripts\models\middlemodel\20250423
2025-04-23 11:42:09,026 - 未找到best_models目录，检查传统模型文件
2025-04-23 11:42:09,027 - 未找到任何可用模型文件
2025-04-23 11:42:09,027 - ⏳ 未有可用模型，等待模型训练完成...
2025-04-23 11:42:38,834 - ❌ 未找到训练 CSV 文件: D:\my-vue-project\wind-power-forecast\backend\auto_scripts\dataset\dataset_middle\20250423.csv，等待 30 秒后重试...
2025-04-23 11:42:39,037 - 检查模型目录: D:\my-vue-project\wind-power-forecast\backend\auto_scripts\models\middlemodel\20250423
2025-04-23 11:42:39,038 - 未找到best_models目录，检查传统模型文件
2025-04-23 11:42:39,038 - 未找到任何可用模型文件
2025-04-23 11:42:39,039 - ⏳ 未有可用模型，等待模型训练完成...
2025-04-23 11:43:08,840 - ❌ 未找到训练 CSV 文件: D:\my-vue-project\wind-power-forecast\backend\auto_scripts\dataset\dataset_middle\20250423.csv，等待 30 秒后重试...
2025-04-23 11:43:09,045 - 检查模型目录: D:\my-vue-project\wind-power-forecast\backend\auto_scripts\models\middlemodel\20250423
2025-04-23 11:43:09,046 - 未找到best_models目录，检查传统模型文件
2025-04-23 11:43:09,047 - 未找到任何可用模型文件
2025-04-23 11:43:09,047 - ⏳ 未有可用模型，等待模型训练完成...
2025-04-23 11:43:38,849 - ❌ 未找到训练 CSV 文件: D:\my-vue-project\wind-power-forecast\backend\auto_scripts\dataset\dataset_middle\20250423.csv，等待 30 秒后重试...
2025-04-23 11:43:39,052 - 检查模型目录: D:\my-vue-project\wind-power-forecast\backend\auto_scripts\models\middlemodel\20250423
2025-04-23 11:43:39,053 - 未找到best_models目录，检查传统模型文件
2025-04-23 11:43:39,054 - 未找到任何可用模型文件
2025-04-23 11:43:39,054 - ⏳ 未有可用模型，等待模型训练完成...
2025-04-23 11:44:08,856 - ❌ 未找到训练 CSV 文件: D:\my-vue-project\wind-power-forecast\backend\auto_scripts\dataset\dataset_middle\20250423.csv，等待 30 秒后重试...
2025-04-23 11:44:09,059 - 检查模型目录: D:\my-vue-project\wind-power-forecast\backend\auto_scripts\models\middlemodel\20250423
2025-04-23 11:44:09,061 - 未找到best_models目录，检查传统模型文件
2025-04-23 11:44:09,061 - 未找到任何可用模型文件
2025-04-23 11:44:09,062 - ⏳ 未有可用模型，等待模型训练完成...
2025-04-23 11:44:38,860 - ❌ 未找到训练 CSV 文件: D:\my-vue-project\wind-power-forecast\backend\auto_scripts\dataset\dataset_middle\20250423.csv，等待 30 秒后重试...
2025-04-23 11:44:39,065 - 检查模型目录: D:\my-vue-project\wind-power-forecast\backend\auto_scripts\models\middlemodel\20250423
2025-04-23 11:44:39,067 - 未找到best_models目录，检查传统模型文件
2025-04-23 11:44:39,068 - 未找到任何可用模型文件
2025-04-23 11:44:39,068 - ⏳ 未有可用模型，等待模型训练完成...
2025-04-23 11:45:08,874 - ❌ 未找到训练 CSV 文件: D:\my-vue-project\wind-power-forecast\backend\auto_scripts\dataset\dataset_middle\20250423.csv，等待 30 秒后重试...
2025-04-23 11:45:09,078 - 检查模型目录: D:\my-vue-project\wind-power-forecast\backend\auto_scripts\models\middlemodel\20250423
2025-04-23 11:45:09,079 - 未找到best_models目录，检查传统模型文件
2025-04-23 11:45:09,081 - 未找到任何可用模型文件
2025-04-23 11:45:09,081 - ⏳ 未有可用模型，等待模型训练完成...
2025-04-23 11:45:38,891 - ❌ 未找到训练 CSV 文件: D:\my-vue-project\wind-power-forecast\backend\auto_scripts\dataset\dataset_middle\20250423.csv，等待 30 秒后重试...
2025-04-23 11:45:39,092 - 检查模型目录: D:\my-vue-project\wind-power-forecast\backend\auto_scripts\models\middlemodel\20250423
2025-04-23 11:45:39,093 - 未找到best_models目录，检查传统模型文件
2025-04-23 11:45:39,093 - 未找到任何可用模型文件
2025-04-23 11:45:39,093 - ⏳ 未有可用模型，等待模型训练完成...
2025-04-23 11:46:08,907 - ❌ 未找到训练 CSV 文件: D:\my-vue-project\wind-power-forecast\backend\auto_scripts\dataset\dataset_middle\20250423.csv，等待 30 秒后重试...
2025-04-23 11:46:09,106 - 检查模型目录: D:\my-vue-project\wind-power-forecast\backend\auto_scripts\models\middlemodel\20250423
2025-04-23 11:46:09,107 - 未找到best_models目录，检查传统模型文件
2025-04-23 11:46:09,108 - 未找到任何可用模型文件
2025-04-23 11:46:09,108 - ⏳ 未有可用模型，等待模型训练完成...
2025-04-23 11:46:38,921 - ❌ 未找到训练 CSV 文件: D:\my-vue-project\wind-power-forecast\backend\auto_scripts\dataset\dataset_middle\20250423.csv，等待 30 秒后重试...
2025-04-23 11:46:39,124 - 检查模型目录: D:\my-vue-project\wind-power-forecast\backend\auto_scripts\models\middlemodel\20250423
2025-04-23 11:46:39,125 - 未找到best_models目录，检查传统模型文件
2025-04-23 11:46:39,127 - 未找到任何可用模型文件
2025-04-23 11:46:39,127 - ⏳ 未有可用模型，等待模型训练完成...
2025-04-23 11:47:08,928 - ❌ 未找到训练 CSV 文件: D:\my-vue-project\wind-power-forecast\backend\auto_scripts\dataset\dataset_middle\20250423.csv，等待 30 秒后重试...
2025-04-23 11:47:09,144 - 检查模型目录: D:\my-vue-project\wind-power-forecast\backend\auto_scripts\models\middlemodel\20250423
2025-04-23 11:47:09,145 - 未找到best_models目录，检查传统模型文件
2025-04-23 11:47:09,146 - 未找到任何可用模型文件
2025-04-23 11:47:09,147 - ⏳ 未有可用模型，等待模型训练完成...
2025-04-23 11:47:38,939 - ❌ 未找到训练 CSV 文件: D:\my-vue-project\wind-power-forecast\backend\auto_scripts\dataset\dataset_middle\20250423.csv，等待 30 秒后重试...
2025-04-23 11:47:39,156 - 检查模型目录: D:\my-vue-project\wind-power-forecast\backend\auto_scripts\models\middlemodel\20250423
2025-04-23 11:47:39,157 - 未找到best_models目录，检查传统模型文件
2025-04-23 11:47:39,158 - 未找到任何可用模型文件
2025-04-23 11:47:39,159 - ⏳ 未有可用模型，等待模型训练完成...
2025-04-23 11:48:08,947 - ❌ 未找到训练 CSV 文件: D:\my-vue-project\wind-power-forecast\backend\auto_scripts\dataset\dataset_middle\20250423.csv，等待 30 秒后重试...
2025-04-23 11:48:09,165 - 检查模型目录: D:\my-vue-project\wind-power-forecast\backend\auto_scripts\models\middlemodel\20250423
2025-04-23 11:48:09,167 - 未找到best_models目录，检查传统模型文件
2025-04-23 11:48:09,168 - 未找到任何可用模型文件
2025-04-23 11:48:09,169 - ⏳ 未有可用模型，等待模型训练完成...
2025-04-23 11:48:38,955 - ❌ 未找到训练 CSV 文件: D:\my-vue-project\wind-power-forecast\backend\auto_scripts\dataset\dataset_middle\20250423.csv，等待 30 秒后重试...
2025-04-23 11:48:39,174 - 检查模型目录: D:\my-vue-project\wind-power-forecast\backend\auto_scripts\models\middlemodel\20250423
2025-04-23 11:48:39,175 - 未找到best_models目录，检查传统模型文件
2025-04-23 11:48:39,177 - 未找到任何可用模型文件
2025-04-23 11:48:39,178 - ⏳ 未有可用模型，等待模型训练完成...
2025-04-23 11:49:08,968 - ❌ 未找到训练 CSV 文件: D:\my-vue-project\wind-power-forecast\backend\auto_scripts\dataset\dataset_middle\20250423.csv，等待 30 秒后重试...
2025-04-23 11:49:09,183 - 检查模型目录: D:\my-vue-project\wind-power-forecast\backend\auto_scripts\models\middlemodel\20250423
2025-04-23 11:49:09,184 - 未找到best_models目录，检查传统模型文件
2025-04-23 11:49:09,185 - 未找到任何可用模型文件
2025-04-23 11:49:09,185 - ⏳ 未有可用模型，等待模型训练完成...
2025-04-23 11:49:38,984 - ❌ 未找到训练 CSV 文件: D:\my-vue-project\wind-power-forecast\backend\auto_scripts\dataset\dataset_middle\20250423.csv，等待 30 秒后重试...
2025-04-23 11:49:39,200 - 检查模型目录: D:\my-vue-project\wind-power-forecast\backend\auto_scripts\models\middlemodel\20250423
2025-04-23 11:49:39,201 - 未找到best_models目录，检查传统模型文件
2025-04-23 11:49:39,201 - 未找到任何可用模型文件
2025-04-23 11:49:39,201 - ⏳ 未有可用模型，等待模型训练完成...
2025-04-23 11:50:08,988 - ❌ 未找到训练 CSV 文件: D:\my-vue-project\wind-power-forecast\backend\auto_scripts\dataset\dataset_middle\20250423.csv，等待 30 秒后重试...
2025-04-23 11:50:09,206 - 检查模型目录: D:\my-vue-project\wind-power-forecast\backend\auto_scripts\models\middlemodel\20250423
2025-04-23 11:50:09,207 - 未找到best_models目录，检查传统模型文件
2025-04-23 11:50:09,209 - 未找到任何可用模型文件
2025-04-23 11:50:09,209 - ⏳ 未有可用模型，等待模型训练完成...
2025-04-23 11:50:39,003 - ❌ 未找到训练 CSV 文件: D:\my-vue-project\wind-power-forecast\backend\auto_scripts\dataset\dataset_middle\20250423.csv，等待 30 秒后重试...
2025-04-23 11:50:39,221 - 检查模型目录: D:\my-vue-project\wind-power-forecast\backend\auto_scripts\models\middlemodel\20250423
2025-04-23 11:50:39,222 - 未找到best_models目录，检查传统模型文件
2025-04-23 11:50:39,223 - 未找到任何可用模型文件
2025-04-23 11:50:39,223 - ⏳ 未有可用模型，等待模型训练完成...
2025-04-23 11:51:09,010 - ❌ 未找到训练 CSV 文件: D:\my-vue-project\wind-power-forecast\backend\auto_scripts\dataset\dataset_middle\20250423.csv，等待 30 秒后重试...
2025-04-23 11:51:09,228 - 检查模型目录: D:\my-vue-project\wind-power-forecast\backend\auto_scripts\models\middlemodel\20250423
2025-04-23 11:51:09,229 - 未找到best_models目录，检查传统模型文件
2025-04-23 11:51:09,229 - 未找到任何可用模型文件
2025-04-23 11:51:09,229 - ⏳ 未有可用模型，等待模型训练完成...
2025-04-23 11:51:39,027 - ❌ 未找到训练 CSV 文件: D:\my-vue-project\wind-power-forecast\backend\auto_scripts\dataset\dataset_middle\20250423.csv，等待 30 秒后重试...
2025-04-23 11:51:39,246 - 检查模型目录: D:\my-vue-project\wind-power-forecast\backend\auto_scripts\models\middlemodel\20250423
2025-04-23 11:51:39,247 - 未找到best_models目录，检查传统模型文件
2025-04-23 11:51:39,247 - 未找到任何可用模型文件
2025-04-23 11:51:39,248 - ⏳ 未有可用模型，等待模型训练完成...
2025-04-23 11:52:09,030 - ❌ 未找到训练 CSV 文件: D:\my-vue-project\wind-power-forecast\backend\auto_scripts\dataset\dataset_middle\20250423.csv，等待 30 秒后重试...
2025-04-23 11:52:09,263 - 检查模型目录: D:\my-vue-project\wind-power-forecast\backend\auto_scripts\models\middlemodel\20250423
2025-04-23 11:52:09,263 - 未找到best_models目录，检查传统模型文件
2025-04-23 11:52:09,264 - 未找到任何可用模型文件
2025-04-23 11:52:09,264 - ⏳ 未有可用模型，等待模型训练完成...
2025-04-23 11:52:39,037 - ❌ 未找到训练 CSV 文件: D:\my-vue-project\wind-power-forecast\backend\auto_scripts\dataset\dataset_middle\20250423.csv，等待 30 秒后重试...
2025-04-23 11:52:39,272 - 检查模型目录: D:\my-vue-project\wind-power-forecast\backend\auto_scripts\models\middlemodel\20250423
2025-04-23 11:52:39,272 - 未找到best_models目录，检查传统模型文件
2025-04-23 11:52:39,272 - 未找到任何可用模型文件
2025-04-23 11:52:39,272 - ⏳ 未有可用模型，等待模型训练完成...
2025-04-23 11:53:09,050 - ❌ 未找到训练 CSV 文件: D:\my-vue-project\wind-power-forecast\backend\auto_scripts\dataset\dataset_middle\20250423.csv，等待 30 秒后重试...
2025-04-23 11:53:09,281 - 检查模型目录: D:\my-vue-project\wind-power-forecast\backend\auto_scripts\models\middlemodel\20250423
2025-04-23 11:53:09,282 - 未找到best_models目录，检查传统模型文件
2025-04-23 11:53:09,283 - 未找到任何可用模型文件
2025-04-23 11:53:09,283 - ⏳ 未有可用模型，等待模型训练完成...
2025-04-23 11:53:39,056 - ❌ 未找到训练 CSV 文件: D:\my-vue-project\wind-power-forecast\backend\auto_scripts\dataset\dataset_middle\20250423.csv，等待 30 秒后重试...
2025-04-23 11:53:39,288 - 检查模型目录: D:\my-vue-project\wind-power-forecast\backend\auto_scripts\models\middlemodel\20250423
2025-04-23 11:53:39,290 - 未找到best_models目录，检查传统模型文件
2025-04-23 11:53:39,291 - 未找到任何可用模型文件
2025-04-23 11:53:39,292 - ⏳ 未有可用模型，等待模型训练完成...
2025-04-23 11:54:09,061 - ❌ 未找到训练 CSV 文件: D:\my-vue-project\wind-power-forecast\backend\auto_scripts\dataset\dataset_middle\20250423.csv，等待 30 秒后重试...
2025-04-23 11:54:09,294 - 检查模型目录: D:\my-vue-project\wind-power-forecast\backend\auto_scripts\models\middlemodel\20250423
2025-04-23 11:54:09,296 - 未找到best_models目录，检查传统模型文件
2025-04-23 11:54:09,297 - 未找到任何可用模型文件
2025-04-23 11:54:09,298 - ⏳ 未有可用模型，等待模型训练完成...
2025-04-23 11:54:39,075 - ❌ 未找到训练 CSV 文件: D:\my-vue-project\wind-power-forecast\backend\auto_scripts\dataset\dataset_middle\20250423.csv，等待 30 秒后重试...
2025-04-23 11:54:39,308 - 检查模型目录: D:\my-vue-project\wind-power-forecast\backend\auto_scripts\models\middlemodel\20250423
2025-04-23 11:54:39,308 - 未找到best_models目录，检查传统模型文件
2025-04-23 11:54:39,308 - 未找到任何可用模型文件
2025-04-23 11:54:39,309 - ⏳ 未有可用模型，等待模型训练完成...
2025-04-23 11:55:09,084 - ❌ 未找到训练 CSV 文件: D:\my-vue-project\wind-power-forecast\backend\auto_scripts\dataset\dataset_middle\20250423.csv，等待 30 秒后重试...
2025-04-23 11:55:09,316 - 检查模型目录: D:\my-vue-project\wind-power-forecast\backend\auto_scripts\models\middlemodel\20250423
2025-04-23 11:55:09,317 - 未找到best_models目录，检查传统模型文件
2025-04-23 11:55:09,317 - 未找到任何可用模型文件
2025-04-23 11:55:09,317 - ⏳ 未有可用模型，等待模型训练完成...
2025-04-23 11:55:39,092 - ❌ 未找到训练 CSV 文件: D:\my-vue-project\wind-power-forecast\backend\auto_scripts\dataset\dataset_middle\20250423.csv，等待 30 秒后重试...
2025-04-23 11:55:39,324 - 检查模型目录: D:\my-vue-project\wind-power-forecast\backend\auto_scripts\models\middlemodel\20250423
2025-04-23 11:55:39,325 - 未找到best_models目录，检查传统模型文件
2025-04-23 11:55:39,325 - 未找到任何可用模型文件
2025-04-23 11:55:39,326 - ⏳ 未有可用模型，等待模型训练完成...
2025-04-23 11:56:09,101 - ❌ 未找到训练 CSV 文件: D:\my-vue-project\wind-power-forecast\backend\auto_scripts\dataset\dataset_middle\20250423.csv，等待 30 秒后重试...
2025-04-23 11:56:09,334 - 检查模型目录: D:\my-vue-project\wind-power-forecast\backend\auto_scripts\models\middlemodel\20250423
2025-04-23 11:56:09,335 - 未找到best_models目录，检查传统模型文件
2025-04-23 11:56:09,336 - 未找到任何可用模型文件
2025-04-23 11:56:09,336 - ⏳ 未有可用模型，等待模型训练完成...
2025-04-23 11:56:39,117 - ❌ 未找到训练 CSV 文件: D:\my-vue-project\wind-power-forecast\backend\auto_scripts\dataset\dataset_middle\20250423.csv，等待 30 秒后重试...
2025-04-23 11:56:39,350 - 检查模型目录: D:\my-vue-project\wind-power-forecast\backend\auto_scripts\models\middlemodel\20250423
2025-04-23 11:56:39,350 - 未找到best_models目录，检查传统模型文件
2025-04-23 11:56:39,351 - 未找到任何可用模型文件
2025-04-23 11:56:39,351 - ⏳ 未有可用模型，等待模型训练完成...
2025-04-23 11:57:09,126 - ❌ 未找到训练 CSV 文件: D:\my-vue-project\wind-power-forecast\backend\auto_scripts\dataset\dataset_middle\20250423.csv，等待 30 秒后重试...
2025-04-23 11:57:09,361 - 检查模型目录: D:\my-vue-project\wind-power-forecast\backend\auto_scripts\models\middlemodel\20250423
2025-04-23 11:57:09,361 - 未找到best_models目录，检查传统模型文件
2025-04-23 11:57:09,361 - 未找到任何可用模型文件
2025-04-23 11:57:09,362 - ⏳ 未有可用模型，等待模型训练完成...
2025-04-23 11:57:39,140 - ❌ 未找到训练 CSV 文件: D:\my-vue-project\wind-power-forecast\backend\auto_scripts\dataset\dataset_middle\20250423.csv，等待 30 秒后重试...
2025-04-23 11:57:39,374 - 检查模型目录: D:\my-vue-project\wind-power-forecast\backend\auto_scripts\models\middlemodel\20250423
2025-04-23 11:57:39,374 - 未找到best_models目录，检查传统模型文件
2025-04-23 11:57:39,374 - 未找到任何可用模型文件
2025-04-23 11:57:39,374 - ⏳ 未有可用模型，等待模型训练完成...
2025-04-23 11:58:09,157 - ❌ 未找到训练 CSV 文件: D:\my-vue-project\wind-power-forecast\backend\auto_scripts\dataset\dataset_middle\20250423.csv，等待 30 秒后重试...
2025-04-23 11:58:09,389 - 检查模型目录: D:\my-vue-project\wind-power-forecast\backend\auto_scripts\models\middlemodel\20250423
2025-04-23 11:58:09,390 - 未找到best_models目录，检查传统模型文件
2025-04-23 11:58:09,390 - 未找到任何可用模型文件
2025-04-23 11:58:09,391 - ⏳ 未有可用模型，等待模型训练完成...
2025-04-23 11:58:39,165 - ❌ 未找到训练 CSV 文件: D:\my-vue-project\wind-power-forecast\backend\auto_scripts\dataset\dataset_middle\20250423.csv，等待 30 秒后重试...
2025-04-23 11:58:39,397 - 检查模型目录: D:\my-vue-project\wind-power-forecast\backend\auto_scripts\models\middlemodel\20250423
2025-04-23 11:58:39,397 - 未找到best_models目录，检查传统模型文件
2025-04-23 11:58:39,398 - 未找到任何可用模型文件
2025-04-23 11:58:39,398 - ⏳ 未有可用模型，等待模型训练完成...
2025-04-23 11:59:09,178 - ❌ 未找到训练 CSV 文件: D:\my-vue-project\wind-power-forecast\backend\auto_scripts\dataset\dataset_middle\20250423.csv，等待 30 秒后重试...
2025-04-23 11:59:09,408 - 检查模型目录: D:\my-vue-project\wind-power-forecast\backend\auto_scripts\models\middlemodel\20250423
2025-04-23 11:59:09,409 - 未找到best_models目录，检查传统模型文件
2025-04-23 11:59:09,409 - 未找到任何可用模型文件
2025-04-23 11:59:09,409 - ⏳ 未有可用模型，等待模型训练完成...
2025-04-23 11:59:39,188 - ❌ 未找到训练 CSV 文件: D:\my-vue-project\wind-power-forecast\backend\auto_scripts\dataset\dataset_middle\20250423.csv，等待 30 秒后重试...
2025-04-23 11:59:39,420 - 检查模型目录: D:\my-vue-project\wind-power-forecast\backend\auto_scripts\models\middlemodel\20250423
2025-04-23 11:59:39,420 - 未找到best_models目录，检查传统模型文件
2025-04-23 11:59:39,420 - 未找到任何可用模型文件
2025-04-23 11:59:39,421 - ⏳ 未有可用模型，等待模型训练完成...
2025-04-23 12:00:09,198 - ❌ 未找到训练 CSV 文件: D:\my-vue-project\wind-power-forecast\backend\auto_scripts\dataset\dataset_middle\20250423.csv，等待 30 秒后重试...
2025-04-23 12:00:09,435 - 检查模型目录: D:\my-vue-project\wind-power-forecast\backend\auto_scripts\models\middlemodel\20250423
2025-04-23 12:00:09,436 - 未找到best_models目录，检查传统模型文件
2025-04-23 12:00:09,437 - 未找到任何可用模型文件
2025-04-23 12:00:09,438 - ⏳ 未有可用模型，等待模型训练完成...
2025-04-23 12:00:39,213 - ❌ 未找到训练 CSV 文件: D:\my-vue-project\wind-power-forecast\backend\auto_scripts\dataset\dataset_middle\20250423.csv，等待 30 秒后重试...
2025-04-23 12:00:39,447 - 检查模型目录: D:\my-vue-project\wind-power-forecast\backend\auto_scripts\models\middlemodel\20250423
2025-04-23 12:00:39,448 - 未找到best_models目录，检查传统模型文件
2025-04-23 12:00:39,449 - 未找到任何可用模型文件
2025-04-23 12:00:39,450 - ⏳ 未有可用模型，等待模型训练完成...
2025-04-23 12:01:09,216 - ❌ 未找到训练 CSV 文件: D:\my-vue-project\wind-power-forecast\backend\auto_scripts\dataset\dataset_middle\20250423.csv，等待 30 秒后重试...
2025-04-23 12:01:09,465 - 检查模型目录: D:\my-vue-project\wind-power-forecast\backend\auto_scripts\models\middlemodel\20250423
2025-04-23 12:01:09,465 - 未找到best_models目录，检查传统模型文件
2025-04-23 12:01:09,466 - 未找到任何可用模型文件
2025-04-23 12:01:09,466 - ⏳ 未有可用模型，等待模型训练完成...
2025-04-23 12:01:39,220 - ❌ 未找到训练 CSV 文件: D:\my-vue-project\wind-power-forecast\backend\auto_scripts\dataset\dataset_middle\20250423.csv，等待 30 秒后重试...
2025-04-23 12:01:39,467 - 检查模型目录: D:\my-vue-project\wind-power-forecast\backend\auto_scripts\models\middlemodel\20250423
2025-04-23 12:01:39,467 - 未找到best_models目录，检查传统模型文件
2025-04-23 12:01:39,468 - 未找到任何可用模型文件
2025-04-23 12:01:39,468 - ⏳ 未有可用模型，等待模型训练完成...
2025-04-23 12:02:09,231 - ❌ 未找到训练 CSV 文件: D:\my-vue-project\wind-power-forecast\backend\auto_scripts\dataset\dataset_middle\20250423.csv，等待 30 秒后重试...
2025-04-23 12:02:09,481 - 检查模型目录: D:\my-vue-project\wind-power-forecast\backend\auto_scripts\models\middlemodel\20250423
2025-04-23 12:02:09,482 - 未找到best_models目录，检查传统模型文件
2025-04-23 12:02:09,483 - 未找到任何可用模型文件
2025-04-23 12:02:09,483 - ⏳ 未有可用模型，等待模型训练完成...
2025-04-23 12:02:39,238 - ❌ 未找到训练 CSV 文件: D:\my-vue-project\wind-power-forecast\backend\auto_scripts\dataset\dataset_middle\20250423.csv，等待 30 秒后重试...
2025-04-23 12:02:39,487 - 检查模型目录: D:\my-vue-project\wind-power-forecast\backend\auto_scripts\models\middlemodel\20250423
2025-04-23 12:02:39,487 - 未找到best_models目录，检查传统模型文件
2025-04-23 12:02:39,488 - 未找到任何可用模型文件
2025-04-23 12:02:39,488 - ⏳ 未有可用模型，等待模型训练完成...
2025-04-23 12:03:09,256 - ❌ 未找到训练 CSV 文件: D:\my-vue-project\wind-power-forecast\backend\auto_scripts\dataset\dataset_middle\20250423.csv，等待 30 秒后重试...
2025-04-23 12:03:09,494 - 检查模型目录: D:\my-vue-project\wind-power-forecast\backend\auto_scripts\models\middlemodel\20250423
2025-04-23 12:03:09,495 - 未找到best_models目录，检查传统模型文件
2025-04-23 12:03:09,496 - 未找到任何可用模型文件
2025-04-23 12:03:09,497 - ⏳ 未有可用模型，等待模型训练完成...
2025-04-23 12:03:39,267 - ❌ 未找到训练 CSV 文件: D:\my-vue-project\wind-power-forecast\backend\auto_scripts\dataset\dataset_middle\20250423.csv，等待 30 秒后重试...
2025-04-23 12:03:39,500 - 检查模型目录: D:\my-vue-project\wind-power-forecast\backend\auto_scripts\models\middlemodel\20250423
2025-04-23 12:03:39,502 - 未找到best_models目录，检查传统模型文件
2025-04-23 12:03:39,503 - 未找到任何可用模型文件
2025-04-23 12:03:39,503 - ⏳ 未有可用模型，等待模型训练完成...
2025-04-23 12:04:09,283 - ❌ 未找到训练 CSV 文件: D:\my-vue-project\wind-power-forecast\backend\auto_scripts\dataset\dataset_middle\20250423.csv，等待 30 秒后重试...
2025-04-23 12:04:09,514 - 检查模型目录: D:\my-vue-project\wind-power-forecast\backend\auto_scripts\models\middlemodel\20250423
2025-04-23 12:04:09,515 - 未找到best_models目录，检查传统模型文件
2025-04-23 12:04:09,516 - 未找到任何可用模型文件
2025-04-23 12:04:09,516 - ⏳ 未有可用模型，等待模型训练完成...
2025-04-23 12:04:39,287 - ❌ 未找到训练 CSV 文件: D:\my-vue-project\wind-power-forecast\backend\auto_scripts\dataset\dataset_middle\20250423.csv，等待 30 秒后重试...
2025-04-23 12:04:39,518 - 检查模型目录: D:\my-vue-project\wind-power-forecast\backend\auto_scripts\models\middlemodel\20250423
2025-04-23 12:04:39,518 - 未找到best_models目录，检查传统模型文件
2025-04-23 12:04:39,519 - 未找到任何可用模型文件
2025-04-23 12:04:39,519 - ⏳ 未有可用模型，等待模型训练完成...
2025-04-23 12:05:09,301 - ❌ 未找到训练 CSV 文件: D:\my-vue-project\wind-power-forecast\backend\auto_scripts\dataset\dataset_middle\20250423.csv，等待 30 秒后重试...
2025-04-23 12:05:09,520 - 检查模型目录: D:\my-vue-project\wind-power-forecast\backend\auto_scripts\models\middlemodel\20250423
2025-04-23 12:05:09,520 - 未找到best_models目录，检查传统模型文件
2025-04-23 12:05:09,521 - 未找到任何可用模型文件
2025-04-23 12:05:09,521 - ⏳ 未有可用模型，等待模型训练完成...
2025-04-23 12:05:39,308 - ❌ 未找到训练 CSV 文件: D:\my-vue-project\wind-power-forecast\backend\auto_scripts\dataset\dataset_middle\20250423.csv，等待 30 秒后重试...
2025-04-23 12:05:39,526 - 检查模型目录: D:\my-vue-project\wind-power-forecast\backend\auto_scripts\models\middlemodel\20250423
2025-04-23 12:05:39,526 - 未找到best_models目录，检查传统模型文件
2025-04-23 12:05:39,527 - 未找到任何可用模型文件
2025-04-23 12:05:39,527 - ⏳ 未有可用模型，等待模型训练完成...
2025-04-23 12:06:09,312 - ❌ 未找到训练 CSV 文件: D:\my-vue-project\wind-power-forecast\backend\auto_scripts\dataset\dataset_middle\20250423.csv，等待 30 秒后重试...
2025-04-23 12:06:09,529 - 检查模型目录: D:\my-vue-project\wind-power-forecast\backend\auto_scripts\models\middlemodel\20250423
2025-04-23 12:06:09,529 - 未找到best_models目录，检查传统模型文件
2025-04-23 12:06:09,530 - 未找到任何可用模型文件
2025-04-23 12:06:09,530 - ⏳ 未有可用模型，等待模型训练完成...
2025-04-23 12:06:39,326 - ❌ 未找到训练 CSV 文件: D:\my-vue-project\wind-power-forecast\backend\auto_scripts\dataset\dataset_middle\20250423.csv，等待 30 秒后重试...
2025-04-23 12:06:39,544 - 检查模型目录: D:\my-vue-project\wind-power-forecast\backend\auto_scripts\models\middlemodel\20250423
2025-04-23 12:06:39,545 - 未找到best_models目录，检查传统模型文件
2025-04-23 12:06:39,545 - 未找到任何可用模型文件
2025-04-23 12:06:39,545 - ⏳ 未有可用模型，等待模型训练完成...
2025-04-23 12:07:09,338 - ❌ 未找到训练 CSV 文件: D:\my-vue-project\wind-power-forecast\backend\auto_scripts\dataset\dataset_middle\20250423.csv，等待 30 秒后重试...
2025-04-23 12:07:09,558 - 检查模型目录: D:\my-vue-project\wind-power-forecast\backend\auto_scripts\models\middlemodel\20250423
2025-04-23 12:07:09,559 - 未找到best_models目录，检查传统模型文件
2025-04-23 12:07:09,560 - 未找到任何可用模型文件
2025-04-23 12:07:09,560 - ⏳ 未有可用模型，等待模型训练完成...
2025-04-23 12:07:39,351 - ❌ 未找到训练 CSV 文件: D:\my-vue-project\wind-power-forecast\backend\auto_scripts\dataset\dataset_middle\20250423.csv，等待 30 秒后重试...
2025-04-23 12:07:39,569 - 检查模型目录: D:\my-vue-project\wind-power-forecast\backend\auto_scripts\models\middlemodel\20250423
2025-04-23 12:07:39,570 - 未找到best_models目录，检查传统模型文件
2025-04-23 12:07:39,571 - 未找到任何可用模型文件
2025-04-23 12:07:39,571 - ⏳ 未有可用模型，等待模型训练完成...
2025-04-23 12:08:09,358 - ❌ 未找到训练 CSV 文件: D:\my-vue-project\wind-power-forecast\backend\auto_scripts\dataset\dataset_middle\20250423.csv，等待 30 秒后重试...
2025-04-23 12:08:09,576 - 检查模型目录: D:\my-vue-project\wind-power-forecast\backend\auto_scripts\models\middlemodel\20250423
2025-04-23 12:08:09,578 - 未找到best_models目录，检查传统模型文件
2025-04-23 12:08:09,579 - 未找到任何可用模型文件
2025-04-23 12:08:09,579 - ⏳ 未有可用模型，等待模型训练完成...
2025-04-23 12:08:39,362 - ❌ 未找到训练 CSV 文件: D:\my-vue-project\wind-power-forecast\backend\auto_scripts\dataset\dataset_middle\20250423.csv，等待 30 秒后重试...
2025-04-23 12:08:39,595 - 检查模型目录: D:\my-vue-project\wind-power-forecast\backend\auto_scripts\models\middlemodel\20250423
2025-04-23 12:08:39,596 - 未找到best_models目录，检查传统模型文件
2025-04-23 12:08:39,598 - 未找到任何可用模型文件
2025-04-23 12:08:39,598 - ⏳ 未有可用模型，等待模型训练完成...
2025-04-23 12:09:09,364 - ❌ 未找到训练 CSV 文件: D:\my-vue-project\wind-power-forecast\backend\auto_scripts\dataset\dataset_middle\20250423.csv，等待 30 秒后重试...
2025-04-23 12:09:09,613 - 检查模型目录: D:\my-vue-project\wind-power-forecast\backend\auto_scripts\models\middlemodel\20250423
2025-04-23 12:09:09,615 - 未找到best_models目录，检查传统模型文件
2025-04-23 12:09:09,615 - 未找到任何可用模型文件
2025-04-23 12:09:09,616 - ⏳ 未有可用模型，等待模型训练完成...
2025-04-23 12:09:39,373 - ❌ 未找到训练 CSV 文件: D:\my-vue-project\wind-power-forecast\backend\auto_scripts\dataset\dataset_middle\20250423.csv，等待 30 秒后重试...
2025-04-23 12:09:39,620 - 检查模型目录: D:\my-vue-project\wind-power-forecast\backend\auto_scripts\models\middlemodel\20250423
2025-04-23 12:09:39,621 - 未找到best_models目录，检查传统模型文件
2025-04-23 12:09:39,622 - 未找到任何可用模型文件
2025-04-23 12:09:39,622 - ⏳ 未有可用模型，等待模型训练完成...
2025-04-23 12:10:09,387 - ❌ 未找到训练 CSV 文件: D:\my-vue-project\wind-power-forecast\backend\auto_scripts\dataset\dataset_middle\20250423.csv，等待 30 秒后重试...
2025-04-23 12:10:09,634 - 检查模型目录: D:\my-vue-project\wind-power-forecast\backend\auto_scripts\models\middlemodel\20250423
2025-04-23 12:10:09,634 - 未找到best_models目录，检查传统模型文件
2025-04-23 12:10:09,635 - 未找到任何可用模型文件
2025-04-23 12:10:09,635 - ⏳ 未有可用模型，等待模型训练完成...
2025-04-23 12:10:39,390 - ❌ 未找到训练 CSV 文件: D:\my-vue-project\wind-power-forecast\backend\auto_scripts\dataset\dataset_middle\20250423.csv，等待 30 秒后重试...
2025-04-23 12:10:39,637 - 检查模型目录: D:\my-vue-project\wind-power-forecast\backend\auto_scripts\models\middlemodel\20250423
2025-04-23 12:10:39,637 - 未找到best_models目录，检查传统模型文件
2025-04-23 12:10:39,638 - 未找到任何可用模型文件
2025-04-23 12:10:39,638 - ⏳ 未有可用模型，等待模型训练完成...
2025-04-23 12:11:09,393 - ❌ 未找到训练 CSV 文件: D:\my-vue-project\wind-power-forecast\backend\auto_scripts\dataset\dataset_middle\20250423.csv，等待 30 秒后重试...
2025-04-23 12:11:09,642 - 检查模型目录: D:\my-vue-project\wind-power-forecast\backend\auto_scripts\models\middlemodel\20250423
2025-04-23 12:11:09,642 - 未找到best_models目录，检查传统模型文件
2025-04-23 12:11:09,642 - 未找到任何可用模型文件
2025-04-23 12:11:09,643 - ⏳ 未有可用模型，等待模型训练完成...
2025-04-23 12:11:39,396 - ❌ 未找到训练 CSV 文件: D:\my-vue-project\wind-power-forecast\backend\auto_scripts\dataset\dataset_middle\20250423.csv，等待 30 秒后重试...
2025-04-23 12:11:39,645 - 检查模型目录: D:\my-vue-project\wind-power-forecast\backend\auto_scripts\models\middlemodel\20250423
2025-04-23 12:11:39,645 - 未找到best_models目录，检查传统模型文件
2025-04-23 12:11:39,646 - 未找到任何可用模型文件
2025-04-23 12:11:39,646 - ⏳ 未有可用模型，等待模型训练完成...
2025-04-23 12:12:09,411 - ❌ 未找到训练 CSV 文件: D:\my-vue-project\wind-power-forecast\backend\auto_scripts\dataset\dataset_middle\20250423.csv，等待 30 秒后重试...
2025-04-23 12:12:09,660 - 检查模型目录: D:\my-vue-project\wind-power-forecast\backend\auto_scripts\models\middlemodel\20250423
2025-04-23 12:12:09,661 - 未找到best_models目录，检查传统模型文件
2025-04-23 12:12:09,662 - 未找到任何可用模型文件
2025-04-23 12:12:09,662 - ⏳ 未有可用模型，等待模型训练完成...
2025-04-23 12:12:39,414 - ❌ 未找到训练 CSV 文件: D:\my-vue-project\wind-power-forecast\backend\auto_scripts\dataset\dataset_middle\20250423.csv，等待 30 秒后重试...
2025-04-23 12:12:39,679 - 检查模型目录: D:\my-vue-project\wind-power-forecast\backend\auto_scripts\models\middlemodel\20250423
2025-04-23 12:12:39,680 - 未找到best_models目录，检查传统模型文件
2025-04-23 12:12:39,682 - 未找到任何可用模型文件
2025-04-23 12:12:39,682 - ⏳ 未有可用模型，等待模型训练完成...
2025-04-23 12:13:09,419 - ❌ 未找到训练 CSV 文件: D:\my-vue-project\wind-power-forecast\backend\auto_scripts\dataset\dataset_middle\20250423.csv，等待 30 秒后重试...
2025-04-23 12:13:09,687 - 检查模型目录: D:\my-vue-project\wind-power-forecast\backend\auto_scripts\models\middlemodel\20250423
2025-04-23 12:13:09,689 - 未找到best_models目录，检查传统模型文件
2025-04-23 12:13:09,690 - 未找到任何可用模型文件
2025-04-23 12:13:09,691 - ⏳ 未有可用模型，等待模型训练完成...
2025-04-23 12:13:39,425 - ❌ 未找到训练 CSV 文件: D:\my-vue-project\wind-power-forecast\backend\auto_scripts\dataset\dataset_middle\20250423.csv，等待 30 秒后重试...
2025-04-23 12:13:39,706 - 检查模型目录: D:\my-vue-project\wind-power-forecast\backend\auto_scripts\models\middlemodel\20250423
2025-04-23 12:13:39,707 - 未找到best_models目录，检查传统模型文件
2025-04-23 12:13:39,708 - 未找到任何可用模型文件
2025-04-23 12:13:39,709 - ⏳ 未有可用模型，等待模型训练完成...
2025-04-23 12:14:09,427 - ❌ 未找到训练 CSV 文件: D:\my-vue-project\wind-power-forecast\backend\auto_scripts\dataset\dataset_middle\20250423.csv，等待 30 秒后重试...
2025-04-23 12:14:09,722 - 检查模型目录: D:\my-vue-project\wind-power-forecast\backend\auto_scripts\models\middlemodel\20250423
2025-04-23 12:14:09,722 - 未找到best_models目录，检查传统模型文件
2025-04-23 12:14:09,722 - 未找到任何可用模型文件
2025-04-23 12:14:09,723 - ⏳ 未有可用模型，等待模型训练完成...
2025-04-23 12:14:39,437 - ❌ 未找到训练 CSV 文件: D:\my-vue-project\wind-power-forecast\backend\auto_scripts\dataset\dataset_middle\20250423.csv，等待 30 秒后重试...
2025-04-23 12:14:39,733 - 检查模型目录: D:\my-vue-project\wind-power-forecast\backend\auto_scripts\models\middlemodel\20250423
2025-04-23 12:14:39,733 - 未找到best_models目录，检查传统模型文件
2025-04-23 12:14:39,734 - 未找到任何可用模型文件
2025-04-23 12:14:39,734 - ⏳ 未有可用模型，等待模型训练完成...
2025-04-23 12:15:09,448 - ❌ 未找到训练 CSV 文件: D:\my-vue-project\wind-power-forecast\backend\auto_scripts\dataset\dataset_middle\20250423.csv，等待 30 秒后重试...
2025-04-23 12:15:09,745 - 检查模型目录: D:\my-vue-project\wind-power-forecast\backend\auto_scripts\models\middlemodel\20250423
2025-04-23 12:15:09,746 - 未找到best_models目录，检查传统模型文件
2025-04-23 12:15:09,746 - 未找到任何可用模型文件
2025-04-23 12:15:09,746 - ⏳ 未有可用模型，等待模型训练完成...
2025-04-23 12:15:39,452 - ❌ 未找到训练 CSV 文件: D:\my-vue-project\wind-power-forecast\backend\auto_scripts\dataset\dataset_middle\20250423.csv，等待 30 秒后重试...
2025-04-23 12:15:39,747 - 检查模型目录: D:\my-vue-project\wind-power-forecast\backend\auto_scripts\models\middlemodel\20250423
2025-04-23 12:15:39,747 - 未找到best_models目录，检查传统模型文件
2025-04-23 12:15:39,748 - 未找到任何可用模型文件
2025-04-23 12:15:39,748 - ⏳ 未有可用模型，等待模型训练完成...
2025-04-23 12:16:09,467 - ❌ 未找到训练 CSV 文件: D:\my-vue-project\wind-power-forecast\backend\auto_scripts\dataset\dataset_middle\20250423.csv，等待 30 秒后重试...
2025-04-23 12:16:09,763 - 检查模型目录: D:\my-vue-project\wind-power-forecast\backend\auto_scripts\models\middlemodel\20250423
2025-04-23 12:16:09,764 - 未找到best_models目录，检查传统模型文件
2025-04-23 12:16:09,765 - 未找到任何可用模型文件
2025-04-23 12:16:09,765 - ⏳ 未有可用模型，等待模型训练完成...
2025-04-23 12:16:39,479 - ❌ 未找到训练 CSV 文件: D:\my-vue-project\wind-power-forecast\backend\auto_scripts\dataset\dataset_middle\20250423.csv，等待 30 秒后重试...
2025-04-23 12:16:39,774 - 检查模型目录: D:\my-vue-project\wind-power-forecast\backend\auto_scripts\models\middlemodel\20250423
2025-04-23 12:16:39,774 - 未找到best_models目录，检查传统模型文件
2025-04-23 12:16:39,774 - 未找到任何可用模型文件
2025-04-23 12:16:39,774 - ⏳ 未有可用模型，等待模型训练完成...
2025-04-23 12:17:09,492 - ❌ 未找到训练 CSV 文件: D:\my-vue-project\wind-power-forecast\backend\auto_scripts\dataset\dataset_middle\20250423.csv，等待 30 秒后重试...
2025-04-23 12:17:09,790 - 检查模型目录: D:\my-vue-project\wind-power-forecast\backend\auto_scripts\models\middlemodel\20250423
2025-04-23 12:17:09,791 - 未找到best_models目录，检查传统模型文件
2025-04-23 12:17:09,793 - 未找到任何可用模型文件
2025-04-23 12:17:09,793 - ⏳ 未有可用模型，等待模型训练完成...
2025-04-23 12:17:39,495 - ❌ 未找到训练 CSV 文件: D:\my-vue-project\wind-power-forecast\backend\auto_scripts\dataset\dataset_middle\20250423.csv，等待 30 秒后重试...
2025-04-23 12:17:39,809 - 检查模型目录: D:\my-vue-project\wind-power-forecast\backend\auto_scripts\models\middlemodel\20250423
2025-04-23 12:17:39,810 - 未找到best_models目录，检查传统模型文件
2025-04-23 12:17:39,811 - 未找到任何可用模型文件
2025-04-23 12:17:39,812 - ⏳ 未有可用模型，等待模型训练完成...
2025-04-23 12:18:09,508 - ❌ 未找到训练 CSV 文件: D:\my-vue-project\wind-power-forecast\backend\auto_scripts\dataset\dataset_middle\20250423.csv，等待 30 秒后重试...
2025-04-23 12:18:09,816 - 检查模型目录: D:\my-vue-project\wind-power-forecast\backend\auto_scripts\models\middlemodel\20250423
2025-04-23 12:18:09,816 - 未找到best_models目录，检查传统模型文件
2025-04-23 12:18:09,816 - 未找到任何可用模型文件
2025-04-23 12:18:09,817 - ⏳ 未有可用模型，等待模型训练完成...
2025-04-23 12:18:39,525 - ❌ 未找到训练 CSV 文件: D:\my-vue-project\wind-power-forecast\backend\auto_scripts\dataset\dataset_middle\20250423.csv，等待 30 秒后重试...
2025-04-23 12:18:39,820 - 检查模型目录: D:\my-vue-project\wind-power-forecast\backend\auto_scripts\models\middlemodel\20250423
2025-04-23 12:18:39,821 - 未找到best_models目录，检查传统模型文件
2025-04-23 12:18:39,822 - 未找到任何可用模型文件
2025-04-23 12:18:39,823 - ⏳ 未有可用模型，等待模型训练完成...
2025-04-23 12:19:09,528 - ❌ 未找到训练 CSV 文件: D:\my-vue-project\wind-power-forecast\backend\auto_scripts\dataset\dataset_middle\20250423.csv，等待 30 秒后重试...
2025-04-23 12:19:09,826 - 检查模型目录: D:\my-vue-project\wind-power-forecast\backend\auto_scripts\models\middlemodel\20250423
2025-04-23 12:19:09,827 - 未找到best_models目录，检查传统模型文件
2025-04-23 12:19:09,828 - 未找到任何可用模型文件
2025-04-23 12:19:09,828 - ⏳ 未有可用模型，等待模型训练完成...
2025-04-23 12:19:39,545 - ❌ 未找到训练 CSV 文件: D:\my-vue-project\wind-power-forecast\backend\auto_scripts\dataset\dataset_middle\20250423.csv，等待 30 秒后重试...
2025-04-23 12:19:39,839 - 检查模型目录: D:\my-vue-project\wind-power-forecast\backend\auto_scripts\models\middlemodel\20250423
2025-04-23 12:19:39,839 - 未找到best_models目录，检查传统模型文件
2025-04-23 12:19:39,839 - 未找到任何可用模型文件
2025-04-23 12:19:39,840 - ⏳ 未有可用模型，等待模型训练完成...
2025-04-23 12:20:09,546 - ❌ 未找到训练 CSV 文件: D:\my-vue-project\wind-power-forecast\backend\auto_scripts\dataset\dataset_middle\20250423.csv，等待 30 秒后重试...
2025-04-23 12:20:09,843 - 检查模型目录: D:\my-vue-project\wind-power-forecast\backend\auto_scripts\models\middlemodel\20250423
2025-04-23 12:20:09,844 - 未找到best_models目录，检查传统模型文件
2025-04-23 12:20:09,845 - 未找到任何可用模型文件
2025-04-23 12:20:09,845 - ⏳ 未有可用模型，等待模型训练完成...
2025-04-23 12:20:39,555 - ❌ 未找到训练 CSV 文件: D:\my-vue-project\wind-power-forecast\backend\auto_scripts\dataset\dataset_middle\20250423.csv，等待 30 秒后重试...
2025-04-23 12:20:39,851 - 检查模型目录: D:\my-vue-project\wind-power-forecast\backend\auto_scripts\models\middlemodel\20250423
2025-04-23 12:20:39,851 - 未找到best_models目录，检查传统模型文件
2025-04-23 12:20:39,851 - 未找到任何可用模型文件
2025-04-23 12:20:39,851 - ⏳ 未有可用模型，等待模型训练完成...
2025-04-23 12:21:09,563 - ❌ 未找到训练 CSV 文件: D:\my-vue-project\wind-power-forecast\backend\auto_scripts\dataset\dataset_middle\20250423.csv，等待 30 秒后重试...
2025-04-23 12:21:09,857 - 检查模型目录: D:\my-vue-project\wind-power-forecast\backend\auto_scripts\models\middlemodel\20250423
2025-04-23 12:21:09,858 - 未找到best_models目录，检查传统模型文件
2025-04-23 12:21:09,858 - 未找到任何可用模型文件
2025-04-23 12:21:09,858 - ⏳ 未有可用模型，等待模型训练完成...
2025-04-23 12:21:39,572 - ❌ 未找到训练 CSV 文件: D:\my-vue-project\wind-power-forecast\backend\auto_scripts\dataset\dataset_middle\20250423.csv，等待 30 秒后重试...
2025-04-23 12:21:39,867 - 检查模型目录: D:\my-vue-project\wind-power-forecast\backend\auto_scripts\models\middlemodel\20250423
2025-04-23 12:21:39,868 - 未找到best_models目录，检查传统模型文件
2025-04-23 12:21:39,868 - 未找到任何可用模型文件
2025-04-23 12:21:39,868 - ⏳ 未有可用模型，等待模型训练完成...
2025-04-23 12:22:09,580 - ❌ 未找到训练 CSV 文件: D:\my-vue-project\wind-power-forecast\backend\auto_scripts\dataset\dataset_middle\20250423.csv，等待 30 秒后重试...
2025-04-23 12:22:09,874 - 检查模型目录: D:\my-vue-project\wind-power-forecast\backend\auto_scripts\models\middlemodel\20250423
2025-04-23 12:22:09,874 - 未找到best_models目录，检查传统模型文件
2025-04-23 12:22:09,874 - 未找到任何可用模型文件
2025-04-23 12:22:09,874 - ⏳ 未有可用模型，等待模型训练完成...
2025-04-23 12:22:39,594 - ❌ 未找到训练 CSV 文件: D:\my-vue-project\wind-power-forecast\backend\auto_scripts\dataset\dataset_middle\20250423.csv，等待 30 秒后重试...
2025-04-23 12:22:39,889 - 检查模型目录: D:\my-vue-project\wind-power-forecast\backend\auto_scripts\models\middlemodel\20250423
2025-04-23 12:22:39,890 - 未找到best_models目录，检查传统模型文件
2025-04-23 12:22:39,891 - 未找到任何可用模型文件
2025-04-23 12:22:39,891 - ⏳ 未有可用模型，等待模型训练完成...
2025-04-23 12:23:09,605 - ❌ 未找到训练 CSV 文件: D:\my-vue-project\wind-power-forecast\backend\auto_scripts\dataset\dataset_middle\20250423.csv，等待 30 秒后重试...
2025-04-23 12:23:09,900 - 检查模型目录: D:\my-vue-project\wind-power-forecast\backend\auto_scripts\models\middlemodel\20250423
2025-04-23 12:23:09,901 - 未找到best_models目录，检查传统模型文件
2025-04-23 12:23:09,902 - 未找到任何可用模型文件
2025-04-23 12:23:09,902 - ⏳ 未有可用模型，等待模型训练完成...
2025-04-23 12:23:39,608 - ❌ 未找到训练 CSV 文件: D:\my-vue-project\wind-power-forecast\backend\auto_scripts\dataset\dataset_middle\20250423.csv，等待 30 秒后重试...
2025-04-23 12:23:39,917 - 检查模型目录: D:\my-vue-project\wind-power-forecast\backend\auto_scripts\models\middlemodel\20250423
2025-04-23 12:23:39,917 - 未找到best_models目录，检查传统模型文件
2025-04-23 12:23:39,917 - 未找到任何可用模型文件
2025-04-23 12:23:39,917 - ⏳ 未有可用模型，等待模型训练完成...
2025-04-23 12:24:09,612 - ❌ 未找到训练 CSV 文件: D:\my-vue-project\wind-power-forecast\backend\auto_scripts\dataset\dataset_middle\20250423.csv，等待 30 秒后重试...
2025-04-23 12:24:09,921 - 检查模型目录: D:\my-vue-project\wind-power-forecast\backend\auto_scripts\models\middlemodel\20250423
2025-04-23 12:24:09,921 - 未找到best_models目录，检查传统模型文件
2025-04-23 12:24:09,921 - 未找到任何可用模型文件
2025-04-23 12:24:09,922 - ⏳ 未有可用模型，等待模型训练完成...
2025-04-23 12:24:39,617 - ❌ 未找到训练 CSV 文件: D:\my-vue-project\wind-power-forecast\backend\auto_scripts\dataset\dataset_middle\20250423.csv，等待 30 秒后重试...
2025-04-23 12:24:39,928 - 检查模型目录: D:\my-vue-project\wind-power-forecast\backend\auto_scripts\models\middlemodel\20250423
2025-04-23 12:24:39,929 - 未找到best_models目录，检查传统模型文件
2025-04-23 12:24:39,929 - 未找到任何可用模型文件
2025-04-23 12:24:39,929 - ⏳ 未有可用模型，等待模型训练完成...
2025-04-23 12:25:09,626 - ❌ 未找到训练 CSV 文件: D:\my-vue-project\wind-power-forecast\backend\auto_scripts\dataset\dataset_middle\20250423.csv，等待 30 秒后重试...
2025-04-23 12:25:09,939 - 检查模型目录: D:\my-vue-project\wind-power-forecast\backend\auto_scripts\models\middlemodel\20250423
2025-04-23 12:25:09,939 - 未找到best_models目录，检查传统模型文件
2025-04-23 12:25:09,939 - 未找到任何可用模型文件
2025-04-23 12:25:09,939 - ⏳ 未有可用模型，等待模型训练完成...
2025-04-23 12:25:39,628 - ❌ 未找到训练 CSV 文件: D:\my-vue-project\wind-power-forecast\backend\auto_scripts\dataset\dataset_middle\20250423.csv，等待 30 秒后重试...
2025-04-23 12:25:39,941 - 检查模型目录: D:\my-vue-project\wind-power-forecast\backend\auto_scripts\models\middlemodel\20250423
2025-04-23 12:25:39,941 - 未找到best_models目录，检查传统模型文件
2025-04-23 12:25:39,942 - 未找到任何可用模型文件
2025-04-23 12:25:39,942 - ⏳ 未有可用模型，等待模型训练完成...
2025-04-23 12:26:09,635 - ❌ 未找到训练 CSV 文件: D:\my-vue-project\wind-power-forecast\backend\auto_scripts\dataset\dataset_middle\20250423.csv，等待 30 秒后重试...
2025-04-23 12:26:09,947 - 检查模型目录: D:\my-vue-project\wind-power-forecast\backend\auto_scripts\models\middlemodel\20250423
2025-04-23 12:26:09,948 - 未找到best_models目录，检查传统模型文件
2025-04-23 12:26:09,948 - 未找到任何可用模型文件
2025-04-23 12:26:09,948 - ⏳ 未有可用模型，等待模型训练完成...
2025-04-23 12:26:39,646 - ❌ 未找到训练 CSV 文件: D:\my-vue-project\wind-power-forecast\backend\auto_scripts\dataset\dataset_middle\20250423.csv，等待 30 秒后重试...
2025-04-23 12:26:39,958 - 检查模型目录: D:\my-vue-project\wind-power-forecast\backend\auto_scripts\models\middlemodel\20250423
2025-04-23 12:26:39,958 - 未找到best_models目录，检查传统模型文件
2025-04-23 12:26:39,958 - 未找到任何可用模型文件
2025-04-23 12:26:39,958 - ⏳ 未有可用模型，等待模型训练完成...
2025-04-23 12:27:09,654 - ❌ 未找到训练 CSV 文件: D:\my-vue-project\wind-power-forecast\backend\auto_scripts\dataset\dataset_middle\20250423.csv，等待 30 秒后重试...
2025-04-23 12:27:09,966 - 检查模型目录: D:\my-vue-project\wind-power-forecast\backend\auto_scripts\models\middlemodel\20250423
2025-04-23 12:27:09,967 - 未找到best_models目录，检查传统模型文件
2025-04-23 12:27:09,969 - 未找到任何可用模型文件
2025-04-23 12:27:09,969 - ⏳ 未有可用模型，等待模型训练完成...
2025-04-23 12:27:39,661 - ❌ 未找到训练 CSV 文件: D:\my-vue-project\wind-power-forecast\backend\auto_scripts\dataset\dataset_middle\20250423.csv，等待 30 秒后重试...
2025-04-23 12:27:39,974 - 检查模型目录: D:\my-vue-project\wind-power-forecast\backend\auto_scripts\models\middlemodel\20250423
2025-04-23 12:27:39,975 - 未找到best_models目录，检查传统模型文件
2025-04-23 12:27:39,976 - 未找到任何可用模型文件
2025-04-23 12:27:39,976 - ⏳ 未有可用模型，等待模型训练完成...
2025-04-23 12:28:09,666 - ❌ 未找到训练 CSV 文件: D:\my-vue-project\wind-power-forecast\backend\auto_scripts\dataset\dataset_middle\20250423.csv，等待 30 秒后重试...
2025-04-23 12:28:09,992 - 检查模型目录: D:\my-vue-project\wind-power-forecast\backend\auto_scripts\models\middlemodel\20250423
2025-04-23 12:28:09,992 - 未找到best_models目录，检查传统模型文件
2025-04-23 12:28:09,993 - 未找到任何可用模型文件
2025-04-23 12:28:09,993 - ⏳ 未有可用模型，等待模型训练完成...
2025-04-23 12:28:39,681 - ❌ 未找到训练 CSV 文件: D:\my-vue-project\wind-power-forecast\backend\auto_scripts\dataset\dataset_middle\20250423.csv，等待 30 秒后重试...
2025-04-23 12:28:40,009 - 检查模型目录: D:\my-vue-project\wind-power-forecast\backend\auto_scripts\models\middlemodel\20250423
2025-04-23 12:28:40,009 - 未找到best_models目录，检查传统模型文件
2025-04-23 12:28:40,010 - 未找到任何可用模型文件
2025-04-23 12:28:40,010 - ⏳ 未有可用模型，等待模型训练完成...
2025-04-23 12:29:09,687 - ❌ 未找到训练 CSV 文件: D:\my-vue-project\wind-power-forecast\backend\auto_scripts\dataset\dataset_middle\20250423.csv，等待 30 秒后重试...
2025-04-23 12:29:10,014 - 检查模型目录: D:\my-vue-project\wind-power-forecast\backend\auto_scripts\models\middlemodel\20250423
2025-04-23 12:29:10,016 - 未找到best_models目录，检查传统模型文件
2025-04-23 12:29:10,017 - 未找到任何可用模型文件
2025-04-23 12:29:10,017 - ⏳ 未有可用模型，等待模型训练完成...
2025-04-23 12:29:39,696 - ❌ 未找到训练 CSV 文件: D:\my-vue-project\wind-power-forecast\backend\auto_scripts\dataset\dataset_middle\20250423.csv，等待 30 秒后重试...
2025-04-23 12:29:40,023 - 检查模型目录: D:\my-vue-project\wind-power-forecast\backend\auto_scripts\models\middlemodel\20250423
2025-04-23 12:29:40,023 - 未找到best_models目录，检查传统模型文件
2025-04-23 12:29:40,023 - 未找到任何可用模型文件
2025-04-23 12:29:40,024 - ⏳ 未有可用模型，等待模型训练完成...
2025-04-23 12:30:09,710 - ❌ 未找到训练 CSV 文件: D:\my-vue-project\wind-power-forecast\backend\auto_scripts\dataset\dataset_middle\20250423.csv，等待 30 秒后重试...
2025-04-23 12:30:10,038 - 检查模型目录: D:\my-vue-project\wind-power-forecast\backend\auto_scripts\models\middlemodel\20250423
2025-04-23 12:30:10,038 - 未找到best_models目录，检查传统模型文件
2025-04-23 12:30:10,039 - 未找到任何可用模型文件
2025-04-23 12:30:10,039 - ⏳ 未有可用模型，等待模型训练完成...
2025-04-23 12:30:39,722 - ❌ 未找到训练 CSV 文件: D:\my-vue-project\wind-power-forecast\backend\auto_scripts\dataset\dataset_middle\20250423.csv，等待 30 秒后重试...
2025-04-23 12:30:40,050 - 检查模型目录: D:\my-vue-project\wind-power-forecast\backend\auto_scripts\models\middlemodel\20250423
2025-04-23 12:30:40,051 - 未找到best_models目录，检查传统模型文件
2025-04-23 12:30:40,052 - 未找到任何可用模型文件
2025-04-23 12:30:40,053 - ⏳ 未有可用模型，等待模型训练完成...
2025-04-23 12:31:09,735 - ❌ 未找到训练 CSV 文件: D:\my-vue-project\wind-power-forecast\backend\auto_scripts\dataset\dataset_middle\20250423.csv，等待 30 秒后重试...
2025-04-23 12:31:10,067 - 检查模型目录: D:\my-vue-project\wind-power-forecast\backend\auto_scripts\models\middlemodel\20250423
2025-04-23 12:31:10,068 - 未找到best_models目录，检查传统模型文件
2025-04-23 12:31:10,070 - 未找到任何可用模型文件
2025-04-23 12:31:10,070 - ⏳ 未有可用模型，等待模型训练完成...
2025-04-23 12:31:39,737 - ❌ 未找到训练 CSV 文件: D:\my-vue-project\wind-power-forecast\backend\auto_scripts\dataset\dataset_middle\20250423.csv，等待 30 秒后重试...
2025-04-23 12:31:40,079 - 检查模型目录: D:\my-vue-project\wind-power-forecast\backend\auto_scripts\models\middlemodel\20250423
2025-04-23 12:31:40,080 - 未找到best_models目录，检查传统模型文件
2025-04-23 12:31:40,082 - 未找到任何可用模型文件
2025-04-23 12:31:40,082 - ⏳ 未有可用模型，等待模型训练完成...
2025-04-23 12:32:09,744 - ❌ 未找到训练 CSV 文件: D:\my-vue-project\wind-power-forecast\backend\auto_scripts\dataset\dataset_middle\20250423.csv，等待 30 秒后重试...
2025-04-23 12:32:10,086 - 检查模型目录: D:\my-vue-project\wind-power-forecast\backend\auto_scripts\models\middlemodel\20250423
2025-04-23 12:32:10,087 - 未找到best_models目录，检查传统模型文件
2025-04-23 12:32:10,089 - 未找到任何可用模型文件
2025-04-23 12:32:10,089 - ⏳ 未有可用模型，等待模型训练完成...
2025-04-23 12:32:39,759 - ❌ 未找到训练 CSV 文件: D:\my-vue-project\wind-power-forecast\backend\auto_scripts\dataset\dataset_middle\20250423.csv，等待 30 秒后重试...
2025-04-23 12:32:40,103 - 检查模型目录: D:\my-vue-project\wind-power-forecast\backend\auto_scripts\models\middlemodel\20250423
2025-04-23 12:32:40,104 - 未找到best_models目录，检查传统模型文件
2025-04-23 12:32:40,105 - 未找到任何可用模型文件
2025-04-23 12:32:40,105 - ⏳ 未有可用模型，等待模型训练完成...
2025-04-23 12:33:09,769 - ❌ 未找到训练 CSV 文件: D:\my-vue-project\wind-power-forecast\backend\auto_scripts\dataset\dataset_middle\20250423.csv，等待 30 秒后重试...
2025-04-23 12:33:10,108 - 检查模型目录: D:\my-vue-project\wind-power-forecast\backend\auto_scripts\models\middlemodel\20250423
2025-04-23 12:33:10,108 - 未找到best_models目录，检查传统模型文件
2025-04-23 12:33:10,108 - 未找到任何可用模型文件
2025-04-23 12:33:10,109 - ⏳ 未有可用模型，等待模型训练完成...
2025-04-23 12:33:39,782 - ❌ 未找到训练 CSV 文件: D:\my-vue-project\wind-power-forecast\backend\auto_scripts\dataset\dataset_middle\20250423.csv，等待 30 秒后重试...
2025-04-23 12:33:40,125 - 检查模型目录: D:\my-vue-project\wind-power-forecast\backend\auto_scripts\models\middlemodel\20250423
2025-04-23 12:33:40,126 - 未找到best_models目录，检查传统模型文件
2025-04-23 12:33:40,127 - 未找到任何可用模型文件
2025-04-23 12:33:40,127 - ⏳ 未有可用模型，等待模型训练完成...
2025-04-23 12:34:09,786 - ❌ 未找到训练 CSV 文件: D:\my-vue-project\wind-power-forecast\backend\auto_scripts\dataset\dataset_middle\20250423.csv，等待 30 秒后重试...
2025-04-23 12:34:10,129 - 检查模型目录: D:\my-vue-project\wind-power-forecast\backend\auto_scripts\models\middlemodel\20250423
2025-04-23 12:34:10,129 - 未找到best_models目录，检查传统模型文件
2025-04-23 12:34:10,129 - 未找到任何可用模型文件
2025-04-23 12:34:10,129 - ⏳ 未有可用模型，等待模型训练完成...
2025-04-23 12:34:39,796 - ❌ 未找到训练 CSV 文件: D:\my-vue-project\wind-power-forecast\backend\auto_scripts\dataset\dataset_middle\20250423.csv，等待 30 秒后重试...
2025-04-23 12:34:40,138 - 检查模型目录: D:\my-vue-project\wind-power-forecast\backend\auto_scripts\models\middlemodel\20250423
2025-04-23 12:34:40,139 - 未找到best_models目录，检查传统模型文件
2025-04-23 12:34:40,139 - 未找到任何可用模型文件
2025-04-23 12:34:40,140 - ⏳ 未有可用模型，等待模型训练完成...
2025-04-23 12:35:09,801 - ❌ 未找到训练 CSV 文件: D:\my-vue-project\wind-power-forecast\backend\auto_scripts\dataset\dataset_middle\20250423.csv，等待 30 秒后重试...
2025-04-23 12:35:10,141 - 检查模型目录: D:\my-vue-project\wind-power-forecast\backend\auto_scripts\models\middlemodel\20250423
2025-04-23 12:35:10,142 - 未找到best_models目录，检查传统模型文件
2025-04-23 12:35:10,142 - 未找到任何可用模型文件
2025-04-23 12:35:10,142 - ⏳ 未有可用模型，等待模型训练完成...
2025-04-23 12:35:39,803 - ❌ 未找到训练 CSV 文件: D:\my-vue-project\wind-power-forecast\backend\auto_scripts\dataset\dataset_middle\20250423.csv，等待 30 秒后重试...
2025-04-23 12:35:40,146 - 检查模型目录: D:\my-vue-project\wind-power-forecast\backend\auto_scripts\models\middlemodel\20250423
2025-04-23 12:35:40,147 - 未找到best_models目录，检查传统模型文件
2025-04-23 12:35:40,148 - 未找到任何可用模型文件
2025-04-23 12:35:40,148 - ⏳ 未有可用模型，等待模型训练完成...
2025-04-23 12:36:09,818 - ❌ 未找到训练 CSV 文件: D:\my-vue-project\wind-power-forecast\backend\auto_scripts\dataset\dataset_middle\20250423.csv，等待 30 秒后重试...
2025-04-23 12:36:10,162 - 检查模型目录: D:\my-vue-project\wind-power-forecast\backend\auto_scripts\models\middlemodel\20250423
2025-04-23 12:36:10,163 - 未找到best_models目录，检查传统模型文件
2025-04-23 12:36:10,165 - 未找到任何可用模型文件
2025-04-23 12:36:10,165 - ⏳ 未有可用模型，等待模型训练完成...
2025-04-23 12:36:39,821 - ❌ 未找到训练 CSV 文件: D:\my-vue-project\wind-power-forecast\backend\auto_scripts\dataset\dataset_middle\20250423.csv，等待 30 秒后重试...
2025-04-23 12:36:40,167 - 检查模型目录: D:\my-vue-project\wind-power-forecast\backend\auto_scripts\models\middlemodel\20250423
2025-04-23 12:36:40,168 - 未找到best_models目录，检查传统模型文件
2025-04-23 12:36:40,170 - 未找到任何可用模型文件
2025-04-23 12:36:40,170 - ⏳ 未有可用模型，等待模型训练完成...
2025-04-23 12:37:09,828 - ❌ 未找到训练 CSV 文件: D:\my-vue-project\wind-power-forecast\backend\auto_scripts\dataset\dataset_middle\20250423.csv，等待 30 秒后重试...
2025-04-23 12:37:10,185 - 检查模型目录: D:\my-vue-project\wind-power-forecast\backend\auto_scripts\models\middlemodel\20250423
2025-04-23 12:37:10,185 - 未找到best_models目录，检查传统模型文件
2025-04-23 12:37:10,186 - 未找到任何可用模型文件
2025-04-23 12:37:10,186 - ⏳ 未有可用模型，等待模型训练完成...
2025-04-23 12:37:39,832 - ❌ 未找到训练 CSV 文件: D:\my-vue-project\wind-power-forecast\backend\auto_scripts\dataset\dataset_middle\20250423.csv，等待 30 秒后重试...
2025-04-23 12:37:40,189 - 检查模型目录: D:\my-vue-project\wind-power-forecast\backend\auto_scripts\models\middlemodel\20250423
2025-04-23 12:37:40,190 - 未找到best_models目录，检查传统模型文件
2025-04-23 12:37:40,191 - 未找到任何可用模型文件
2025-04-23 12:37:40,191 - ⏳ 未有可用模型，等待模型训练完成...
2025-04-23 12:38:09,842 - ❌ 未找到训练 CSV 文件: D:\my-vue-project\wind-power-forecast\backend\auto_scripts\dataset\dataset_middle\20250423.csv，等待 30 秒后重试...
2025-04-23 12:38:10,197 - 检查模型目录: D:\my-vue-project\wind-power-forecast\backend\auto_scripts\models\middlemodel\20250423
2025-04-23 12:38:10,198 - 未找到best_models目录，检查传统模型文件
2025-04-23 12:38:10,198 - 未找到任何可用模型文件
2025-04-23 12:38:10,199 - ⏳ 未有可用模型，等待模型训练完成...
2025-04-23 12:38:39,857 - ❌ 未找到训练 CSV 文件: D:\my-vue-project\wind-power-forecast\backend\auto_scripts\dataset\dataset_middle\20250423.csv，等待 30 秒后重试...
2025-04-23 12:38:40,214 - 检查模型目录: D:\my-vue-project\wind-power-forecast\backend\auto_scripts\models\middlemodel\20250423
2025-04-23 12:38:40,214 - 未找到best_models目录，检查传统模型文件
2025-04-23 12:38:40,215 - 未找到任何可用模型文件
2025-04-23 12:38:40,215 - ⏳ 未有可用模型，等待模型训练完成...
2025-04-23 12:39:09,865 - ❌ 未找到训练 CSV 文件: D:\my-vue-project\wind-power-forecast\backend\auto_scripts\dataset\dataset_middle\20250423.csv，等待 30 秒后重试...
2025-04-23 12:39:10,220 - 检查模型目录: D:\my-vue-project\wind-power-forecast\backend\auto_scripts\models\middlemodel\20250423
2025-04-23 12:39:10,220 - 未找到best_models目录，检查传统模型文件
2025-04-23 12:39:10,220 - 未找到任何可用模型文件
2025-04-23 12:39:10,220 - ⏳ 未有可用模型，等待模型训练完成...
2025-04-23 12:39:39,880 - ❌ 未找到训练 CSV 文件: D:\my-vue-project\wind-power-forecast\backend\auto_scripts\dataset\dataset_middle\20250423.csv，等待 30 秒后重试...
2025-04-23 12:39:40,223 - 检查模型目录: D:\my-vue-project\wind-power-forecast\backend\auto_scripts\models\middlemodel\20250423
2025-04-23 12:39:40,224 - 未找到best_models目录，检查传统模型文件
2025-04-23 12:39:40,224 - 未找到任何可用模型文件
2025-04-23 12:39:40,224 - ⏳ 未有可用模型，等待模型训练完成...
2025-04-23 12:40:09,888 - ❌ 未找到训练 CSV 文件: D:\my-vue-project\wind-power-forecast\backend\auto_scripts\dataset\dataset_middle\20250423.csv，等待 30 秒后重试...
2025-04-23 12:40:10,231 - 检查模型目录: D:\my-vue-project\wind-power-forecast\backend\auto_scripts\models\middlemodel\20250423
2025-04-23 12:40:10,232 - 未找到best_models目录，检查传统模型文件
2025-04-23 12:40:10,233 - 未找到任何可用模型文件
2025-04-23 12:40:10,233 - ⏳ 未有可用模型，等待模型训练完成...
2025-04-23 12:40:39,894 - ❌ 未找到训练 CSV 文件: D:\my-vue-project\wind-power-forecast\backend\auto_scripts\dataset\dataset_middle\20250423.csv，等待 30 秒后重试...
2025-04-23 12:40:40,236 - 检查模型目录: D:\my-vue-project\wind-power-forecast\backend\auto_scripts\models\middlemodel\20250423
2025-04-23 12:40:40,237 - 未找到best_models目录，检查传统模型文件
2025-04-23 12:40:40,238 - 未找到任何可用模型文件
2025-04-23 12:40:40,239 - ⏳ 未有可用模型，等待模型训练完成...
2025-04-23 12:41:09,912 - ❌ 未找到训练 CSV 文件: D:\my-vue-project\wind-power-forecast\backend\auto_scripts\dataset\dataset_middle\20250423.csv，等待 30 秒后重试...
2025-04-23 12:41:10,253 - 检查模型目录: D:\my-vue-project\wind-power-forecast\backend\auto_scripts\models\middlemodel\20250423
2025-04-23 12:41:10,254 - 未找到best_models目录，检查传统模型文件
2025-04-23 12:41:10,255 - 未找到任何可用模型文件
2025-04-23 12:41:10,256 - ⏳ 未有可用模型，等待模型训练完成...
2025-04-23 12:41:39,927 - ❌ 未找到训练 CSV 文件: D:\my-vue-project\wind-power-forecast\backend\auto_scripts\dataset\dataset_middle\20250423.csv，等待 30 秒后重试...
2025-04-23 12:41:40,259 - 检查模型目录: D:\my-vue-project\wind-power-forecast\backend\auto_scripts\models\middlemodel\20250423
2025-04-23 12:41:40,260 - 未找到best_models目录，检查传统模型文件
2025-04-23 12:41:40,261 - 未找到任何可用模型文件
2025-04-23 12:41:40,262 - ⏳ 未有可用模型，等待模型训练完成...
2025-04-23 12:42:09,937 - ❌ 未找到训练 CSV 文件: D:\my-vue-project\wind-power-forecast\backend\auto_scripts\dataset\dataset_middle\20250423.csv，等待 30 秒后重试...
2025-04-23 12:42:10,264 - 检查模型目录: D:\my-vue-project\wind-power-forecast\backend\auto_scripts\models\middlemodel\20250423
2025-04-23 12:42:10,265 - 未找到best_models目录，检查传统模型文件
2025-04-23 12:42:10,266 - 未找到任何可用模型文件
2025-04-23 12:42:10,266 - ⏳ 未有可用模型，等待模型训练完成...
2025-04-23 12:42:39,952 - ❌ 未找到训练 CSV 文件: D:\my-vue-project\wind-power-forecast\backend\auto_scripts\dataset\dataset_middle\20250423.csv，等待 30 秒后重试...
2025-04-23 12:42:40,279 - 检查模型目录: D:\my-vue-project\wind-power-forecast\backend\auto_scripts\models\middlemodel\20250423
2025-04-23 12:42:40,280 - 未找到best_models目录，检查传统模型文件
2025-04-23 12:42:40,281 - 未找到任何可用模型文件
2025-04-23 12:42:40,281 - ⏳ 未有可用模型，等待模型训练完成...
2025-04-23 12:43:09,958 - ❌ 未找到训练 CSV 文件: D:\my-vue-project\wind-power-forecast\backend\auto_scripts\dataset\dataset_middle\20250423.csv，等待 30 秒后重试...
2025-04-23 12:43:10,283 - 检查模型目录: D:\my-vue-project\wind-power-forecast\backend\auto_scripts\models\middlemodel\20250423
2025-04-23 12:43:10,284 - 未找到best_models目录，检查传统模型文件
2025-04-23 12:43:10,284 - 未找到任何可用模型文件
2025-04-23 12:43:10,284 - ⏳ 未有可用模型，等待模型训练完成...
2025-04-23 12:43:39,974 - ❌ 未找到训练 CSV 文件: D:\my-vue-project\wind-power-forecast\backend\auto_scripts\dataset\dataset_middle\20250423.csv，等待 30 秒后重试...
2025-04-23 12:43:40,299 - 检查模型目录: D:\my-vue-project\wind-power-forecast\backend\auto_scripts\models\middlemodel\20250423
2025-04-23 12:43:40,299 - 未找到best_models目录，检查传统模型文件
2025-04-23 12:43:40,300 - 未找到任何可用模型文件
2025-04-23 12:43:40,300 - ⏳ 未有可用模型，等待模型训练完成...
2025-04-23 12:44:09,977 - ❌ 未找到训练 CSV 文件: D:\my-vue-project\wind-power-forecast\backend\auto_scripts\dataset\dataset_middle\20250423.csv，等待 30 秒后重试...
2025-04-23 12:44:10,304 - 检查模型目录: D:\my-vue-project\wind-power-forecast\backend\auto_scripts\models\middlemodel\20250423
2025-04-23 12:44:10,306 - 未找到best_models目录，检查传统模型文件
2025-04-23 12:44:10,307 - 未找到任何可用模型文件
2025-04-23 12:44:10,307 - ⏳ 未有可用模型，等待模型训练完成...
2025-04-23 12:44:39,986 - ❌ 未找到训练 CSV 文件: D:\my-vue-project\wind-power-forecast\backend\auto_scripts\dataset\dataset_middle\20250423.csv，等待 30 秒后重试...
2025-04-23 12:44:40,316 - 检查模型目录: D:\my-vue-project\wind-power-forecast\backend\auto_scripts\models\middlemodel\20250423
2025-04-23 12:44:40,317 - 未找到best_models目录，检查传统模型文件
2025-04-23 12:44:40,318 - 未找到任何可用模型文件
2025-04-23 12:44:40,319 - ⏳ 未有可用模型，等待模型训练完成...
2025-04-23 12:45:10,004 - ❌ 未找到训练 CSV 文件: D:\my-vue-project\wind-power-forecast\backend\auto_scripts\dataset\dataset_middle\20250423.csv，等待 30 秒后重试...
2025-04-23 12:45:10,330 - 检查模型目录: D:\my-vue-project\wind-power-forecast\backend\auto_scripts\models\middlemodel\20250423
2025-04-23 12:45:10,331 - 未找到best_models目录，检查传统模型文件
2025-04-23 12:45:10,331 - 未找到任何可用模型文件
2025-04-23 12:45:10,332 - ⏳ 未有可用模型，等待模型训练完成...
2025-04-23 12:45:40,014 - ❌ 未找到训练 CSV 文件: D:\my-vue-project\wind-power-forecast\backend\auto_scripts\dataset\dataset_middle\20250423.csv，等待 30 秒后重试...
2025-04-23 12:45:40,340 - 检查模型目录: D:\my-vue-project\wind-power-forecast\backend\auto_scripts\models\middlemodel\20250423
2025-04-23 12:45:40,340 - 未找到best_models目录，检查传统模型文件
2025-04-23 12:45:40,340 - 未找到任何可用模型文件
2025-04-23 12:45:40,340 - ⏳ 未有可用模型，等待模型训练完成...
2025-04-23 12:46:10,020 - ❌ 未找到训练 CSV 文件: D:\my-vue-project\wind-power-forecast\backend\auto_scripts\dataset\dataset_middle\20250423.csv，等待 30 秒后重试...
2025-04-23 12:46:10,347 - 检查模型目录: D:\my-vue-project\wind-power-forecast\backend\auto_scripts\models\middlemodel\20250423
2025-04-23 12:46:10,348 - 未找到best_models目录，检查传统模型文件
2025-04-23 12:46:10,348 - 未找到任何可用模型文件
2025-04-23 12:46:10,348 - ⏳ 未有可用模型，等待模型训练完成...
2025-04-23 12:46:40,037 - ❌ 未找到训练 CSV 文件: D:\my-vue-project\wind-power-forecast\backend\auto_scripts\dataset\dataset_middle\20250423.csv，等待 30 秒后重试...
2025-04-23 12:46:40,364 - 检查模型目录: D:\my-vue-project\wind-power-forecast\backend\auto_scripts\models\middlemodel\20250423
2025-04-23 12:46:40,365 - 未找到best_models目录，检查传统模型文件
2025-04-23 12:46:40,366 - 未找到任何可用模型文件
2025-04-23 12:46:40,366 - ⏳ 未有可用模型，等待模型训练完成...
2025-04-23 12:47:10,054 - ❌ 未找到训练 CSV 文件: D:\my-vue-project\wind-power-forecast\backend\auto_scripts\dataset\dataset_middle\20250423.csv，等待 30 秒后重试...
2025-04-23 12:47:10,369 - 检查模型目录: D:\my-vue-project\wind-power-forecast\backend\auto_scripts\models\middlemodel\20250423
2025-04-23 12:47:10,370 - 未找到best_models目录，检查传统模型文件
2025-04-23 12:47:10,372 - 未找到任何可用模型文件
2025-04-23 12:47:10,372 - ⏳ 未有可用模型，等待模型训练完成...
2025-04-23 12:47:40,069 - ❌ 未找到训练 CSV 文件: D:\my-vue-project\wind-power-forecast\backend\auto_scripts\dataset\dataset_middle\20250423.csv，等待 30 秒后重试...
2025-04-23 12:47:40,380 - 检查模型目录: D:\my-vue-project\wind-power-forecast\backend\auto_scripts\models\middlemodel\20250423
2025-04-23 12:47:40,381 - 未找到best_models目录，检查传统模型文件
2025-04-23 12:47:40,381 - 未找到任何可用模型文件
2025-04-23 12:47:40,381 - ⏳ 未有可用模型，等待模型训练完成...
2025-04-23 12:48:10,075 - ❌ 未找到训练 CSV 文件: D:\my-vue-project\wind-power-forecast\backend\auto_scripts\dataset\dataset_middle\20250423.csv，等待 30 秒后重试...
2025-04-23 12:48:10,385 - 检查模型目录: D:\my-vue-project\wind-power-forecast\backend\auto_scripts\models\middlemodel\20250423
2025-04-23 12:48:10,386 - 未找到best_models目录，检查传统模型文件
2025-04-23 12:48:10,386 - 未找到任何可用模型文件
2025-04-23 12:48:10,386 - ⏳ 未有可用模型，等待模型训练完成...
2025-04-23 12:48:40,086 - ❌ 未找到训练 CSV 文件: D:\my-vue-project\wind-power-forecast\backend\auto_scripts\dataset\dataset_middle\20250423.csv，等待 30 秒后重试...
2025-04-23 12:48:40,399 - 检查模型目录: D:\my-vue-project\wind-power-forecast\backend\auto_scripts\models\middlemodel\20250423
2025-04-23 12:48:40,400 - 未找到best_models目录，检查传统模型文件
2025-04-23 12:48:40,401 - 未找到任何可用模型文件
2025-04-23 12:48:40,402 - ⏳ 未有可用模型，等待模型训练完成...
2025-04-23 12:49:10,091 - ❌ 未找到训练 CSV 文件: D:\my-vue-project\wind-power-forecast\backend\auto_scripts\dataset\dataset_middle\20250423.csv，等待 30 秒后重试...
2025-04-23 12:49:10,406 - 检查模型目录: D:\my-vue-project\wind-power-forecast\backend\auto_scripts\models\middlemodel\20250423
2025-04-23 12:49:10,407 - 未找到best_models目录，检查传统模型文件
2025-04-23 12:49:10,408 - 未找到任何可用模型文件
2025-04-23 12:49:10,409 - ⏳ 未有可用模型，等待模型训练完成...
2025-04-23 12:49:40,103 - ❌ 未找到训练 CSV 文件: D:\my-vue-project\wind-power-forecast\backend\auto_scripts\dataset\dataset_middle\20250423.csv，等待 30 秒后重试...
2025-04-23 12:49:40,417 - 检查模型目录: D:\my-vue-project\wind-power-forecast\backend\auto_scripts\models\middlemodel\20250423
2025-04-23 12:49:40,417 - 未找到best_models目录，检查传统模型文件
2025-04-23 12:49:40,417 - 未找到任何可用模型文件
2025-04-23 12:49:40,417 - ⏳ 未有可用模型，等待模型训练完成...
2025-04-23 12:50:10,109 - ❌ 未找到训练 CSV 文件: D:\my-vue-project\wind-power-forecast\backend\auto_scripts\dataset\dataset_middle\20250423.csv，等待 30 秒后重试...
2025-04-23 12:50:10,419 - 检查模型目录: D:\my-vue-project\wind-power-forecast\backend\auto_scripts\models\middlemodel\20250423
2025-04-23 12:50:10,420 - 未找到best_models目录，检查传统模型文件
2025-04-23 12:50:10,421 - 未找到任何可用模型文件
2025-04-23 12:50:10,421 - ⏳ 未有可用模型，等待模型训练完成...
2025-04-23 12:50:40,123 - ❌ 未找到训练 CSV 文件: D:\my-vue-project\wind-power-forecast\backend\auto_scripts\dataset\dataset_middle\20250423.csv，等待 30 秒后重试...
2025-04-23 12:50:40,432 - 检查模型目录: D:\my-vue-project\wind-power-forecast\backend\auto_scripts\models\middlemodel\20250423
2025-04-23 12:50:40,433 - 未找到best_models目录，检查传统模型文件
2025-04-23 12:50:40,434 - 未找到任何可用模型文件
2025-04-23 12:50:40,435 - ⏳ 未有可用模型，等待模型训练完成...
2025-04-23 12:51:10,135 - ❌ 未找到训练 CSV 文件: D:\my-vue-project\wind-power-forecast\backend\auto_scripts\dataset\dataset_middle\20250423.csv，等待 30 秒后重试...
2025-04-23 12:51:10,450 - 检查模型目录: D:\my-vue-project\wind-power-forecast\backend\auto_scripts\models\middlemodel\20250423
2025-04-23 12:51:10,451 - 未找到best_models目录，检查传统模型文件
2025-04-23 12:51:10,451 - 未找到任何可用模型文件
2025-04-23 12:51:10,452 - ⏳ 未有可用模型，等待模型训练完成...
2025-04-23 12:51:40,141 - ❌ 未找到训练 CSV 文件: D:\my-vue-project\wind-power-forecast\backend\auto_scripts\dataset\dataset_middle\20250423.csv，等待 30 秒后重试...
2025-04-23 12:51:40,456 - 检查模型目录: D:\my-vue-project\wind-power-forecast\backend\auto_scripts\models\middlemodel\20250423
2025-04-23 12:51:40,457 - 未找到best_models目录，检查传统模型文件
2025-04-23 12:51:40,458 - 未找到任何可用模型文件
2025-04-23 12:51:40,458 - ⏳ 未有可用模型，等待模型训练完成...
2025-04-23 12:52:10,157 - ❌ 未找到训练 CSV 文件: D:\my-vue-project\wind-power-forecast\backend\auto_scripts\dataset\dataset_middle\20250423.csv，等待 30 秒后重试...
2025-04-23 12:52:10,469 - 检查模型目录: D:\my-vue-project\wind-power-forecast\backend\auto_scripts\models\middlemodel\20250423
2025-04-23 12:52:10,470 - 未找到best_models目录，检查传统模型文件
2025-04-23 12:52:10,471 - 未找到任何可用模型文件
2025-04-23 12:52:10,471 - ⏳ 未有可用模型，等待模型训练完成...
2025-04-23 12:52:40,169 - ❌ 未找到训练 CSV 文件: D:\my-vue-project\wind-power-forecast\backend\auto_scripts\dataset\dataset_middle\20250423.csv，等待 30 秒后重试...
2025-04-23 12:52:40,480 - 检查模型目录: D:\my-vue-project\wind-power-forecast\backend\auto_scripts\models\middlemodel\20250423
2025-04-23 12:52:40,480 - 未找到best_models目录，检查传统模型文件
2025-04-23 12:52:40,480 - 未找到任何可用模型文件
2025-04-23 12:52:40,481 - ⏳ 未有可用模型，等待模型训练完成...
2025-04-23 12:53:10,184 - ❌ 未找到训练 CSV 文件: D:\my-vue-project\wind-power-forecast\backend\auto_scripts\dataset\dataset_middle\20250423.csv，等待 30 秒后重试...
2025-04-23 12:53:10,494 - 检查模型目录: D:\my-vue-project\wind-power-forecast\backend\auto_scripts\models\middlemodel\20250423
2025-04-23 12:53:10,494 - 未找到best_models目录，检查传统模型文件
2025-04-23 12:53:10,494 - 未找到任何可用模型文件
2025-04-23 12:53:10,495 - ⏳ 未有可用模型，等待模型训练完成...
2025-04-23 12:53:40,188 - ❌ 未找到训练 CSV 文件: D:\my-vue-project\wind-power-forecast\backend\auto_scripts\dataset\dataset_middle\20250423.csv，等待 30 秒后重试...
2025-04-23 12:53:40,499 - 检查模型目录: D:\my-vue-project\wind-power-forecast\backend\auto_scripts\models\middlemodel\20250423
2025-04-23 12:53:40,500 - 未找到best_models目录，检查传统模型文件
2025-04-23 12:53:40,501 - 未找到任何可用模型文件
2025-04-23 12:53:40,501 - ⏳ 未有可用模型，等待模型训练完成...
2025-04-23 12:54:10,190 - ❌ 未找到训练 CSV 文件: D:\my-vue-project\wind-power-forecast\backend\auto_scripts\dataset\dataset_middle\20250423.csv，等待 30 秒后重试...
2025-04-23 12:54:10,504 - 检查模型目录: D:\my-vue-project\wind-power-forecast\backend\auto_scripts\models\middlemodel\20250423
2025-04-23 12:54:10,505 - 未找到best_models目录，检查传统模型文件
2025-04-23 12:54:10,506 - 未找到任何可用模型文件
2025-04-23 12:54:10,507 - ⏳ 未有可用模型，等待模型训练完成...
2025-04-23 12:54:40,202 - ❌ 未找到训练 CSV 文件: D:\my-vue-project\wind-power-forecast\backend\auto_scripts\dataset\dataset_middle\20250423.csv，等待 30 秒后重试...
2025-04-23 12:54:40,511 - 检查模型目录: D:\my-vue-project\wind-power-forecast\backend\auto_scripts\models\middlemodel\20250423
2025-04-23 12:54:40,512 - 未找到best_models目录，检查传统模型文件
2025-04-23 12:54:40,514 - 未找到任何可用模型文件
2025-04-23 12:54:40,514 - ⏳ 未有可用模型，等待模型训练完成...
2025-04-23 12:55:10,209 - ❌ 未找到训练 CSV 文件: D:\my-vue-project\wind-power-forecast\backend\auto_scripts\dataset\dataset_middle\20250423.csv，等待 30 秒后重试...
2025-04-23 12:55:10,516 - 检查模型目录: D:\my-vue-project\wind-power-forecast\backend\auto_scripts\models\middlemodel\20250423
2025-04-23 12:55:10,516 - 未找到best_models目录，检查传统模型文件
2025-04-23 12:55:10,516 - 未找到任何可用模型文件
2025-04-23 12:55:10,516 - ⏳ 未有可用模型，等待模型训练完成...
2025-04-23 12:55:40,218 - ❌ 未找到训练 CSV 文件: D:\my-vue-project\wind-power-forecast\backend\auto_scripts\dataset\dataset_middle\20250423.csv，等待 30 秒后重试...
2025-04-23 12:55:40,529 - 检查模型目录: D:\my-vue-project\wind-power-forecast\backend\auto_scripts\models\middlemodel\20250423
2025-04-23 12:55:40,530 - 未找到best_models目录，检查传统模型文件
2025-04-23 12:55:40,531 - 未找到任何可用模型文件
2025-04-23 12:55:40,531 - ⏳ 未有可用模型，等待模型训练完成...
2025-04-23 12:56:10,227 - ❌ 未找到训练 CSV 文件: D:\my-vue-project\wind-power-forecast\backend\auto_scripts\dataset\dataset_middle\20250423.csv，等待 30 秒后重试...
2025-04-23 12:56:10,536 - 检查模型目录: D:\my-vue-project\wind-power-forecast\backend\auto_scripts\models\middlemodel\20250423
2025-04-23 12:56:10,537 - 未找到best_models目录，检查传统模型文件
2025-04-23 12:56:10,538 - 未找到任何可用模型文件
2025-04-23 12:56:10,539 - ⏳ 未有可用模型，等待模型训练完成...
2025-04-23 12:56:40,230 - ❌ 未找到训练 CSV 文件: D:\my-vue-project\wind-power-forecast\backend\auto_scripts\dataset\dataset_middle\20250423.csv，等待 30 秒后重试...
2025-04-23 12:56:40,554 - 检查模型目录: D:\my-vue-project\wind-power-forecast\backend\auto_scripts\models\middlemodel\20250423
2025-04-23 12:56:40,554 - 未找到best_models目录，检查传统模型文件
2025-04-23 12:56:40,554 - 未找到任何可用模型文件
2025-04-23 12:56:40,555 - ⏳ 未有可用模型，等待模型训练完成...
2025-04-23 12:57:10,245 - ❌ 未找到训练 CSV 文件: D:\my-vue-project\wind-power-forecast\backend\auto_scripts\dataset\dataset_middle\20250423.csv，等待 30 秒后重试...
2025-04-23 12:57:10,571 - 检查模型目录: D:\my-vue-project\wind-power-forecast\backend\auto_scripts\models\middlemodel\20250423
2025-04-23 12:57:10,571 - 未找到best_models目录，检查传统模型文件
2025-04-23 12:57:10,571 - 未找到任何可用模型文件
2025-04-23 12:57:10,571 - ⏳ 未有可用模型，等待模型训练完成...
2025-04-23 12:57:40,255 - ❌ 未找到训练 CSV 文件: D:\my-vue-project\wind-power-forecast\backend\auto_scripts\dataset\dataset_middle\20250423.csv，等待 30 秒后重试...
2025-04-23 12:57:40,582 - 检查模型目录: D:\my-vue-project\wind-power-forecast\backend\auto_scripts\models\middlemodel\20250423
2025-04-23 12:57:40,582 - 未找到best_models目录，检查传统模型文件
2025-04-23 12:57:40,583 - 未找到任何可用模型文件
2025-04-23 12:57:40,583 - ⏳ 未有可用模型，等待模型训练完成...
2025-04-23 12:58:10,261 - ❌ 未找到训练 CSV 文件: D:\my-vue-project\wind-power-forecast\backend\auto_scripts\dataset\dataset_middle\20250423.csv，等待 30 秒后重试...
2025-04-23 12:58:10,590 - 检查模型目录: D:\my-vue-project\wind-power-forecast\backend\auto_scripts\models\middlemodel\20250423
2025-04-23 12:58:10,591 - 未找到best_models目录，检查传统模型文件
2025-04-23 12:58:10,591 - 未找到任何可用模型文件
2025-04-23 12:58:10,591 - ⏳ 未有可用模型，等待模型训练完成...
2025-04-23 12:58:40,269 - ❌ 未找到训练 CSV 文件: D:\my-vue-project\wind-power-forecast\backend\auto_scripts\dataset\dataset_middle\20250423.csv，等待 30 秒后重试...
2025-04-23 12:58:40,596 - 检查模型目录: D:\my-vue-project\wind-power-forecast\backend\auto_scripts\models\middlemodel\20250423
2025-04-23 12:58:40,597 - 未找到best_models目录，检查传统模型文件
2025-04-23 12:58:40,598 - 未找到任何可用模型文件
2025-04-23 12:58:40,599 - ⏳ 未有可用模型，等待模型训练完成...
2025-04-23 12:59:10,278 - ❌ 未找到训练 CSV 文件: D:\my-vue-project\wind-power-forecast\backend\auto_scripts\dataset\dataset_middle\20250423.csv，等待 30 秒后重试...
2025-04-23 12:59:10,604 - 检查模型目录: D:\my-vue-project\wind-power-forecast\backend\auto_scripts\models\middlemodel\20250423
2025-04-23 12:59:10,604 - 未找到best_models目录，检查传统模型文件
2025-04-23 12:59:10,604 - 未找到任何可用模型文件
2025-04-23 12:59:10,604 - ⏳ 未有可用模型，等待模型训练完成...
2025-04-23 12:59:40,289 - ❌ 未找到训练 CSV 文件: D:\my-vue-project\wind-power-forecast\backend\auto_scripts\dataset\dataset_middle\20250423.csv，等待 30 秒后重试...
2025-04-23 12:59:40,614 - 检查模型目录: D:\my-vue-project\wind-power-forecast\backend\auto_scripts\models\middlemodel\20250423
2025-04-23 12:59:40,615 - 未找到best_models目录，检查传统模型文件
2025-04-23 12:59:40,616 - 未找到任何可用模型文件
2025-04-23 12:59:40,617 - ⏳ 未有可用模型，等待模型训练完成...
2025-04-23 13:00:10,294 - ❌ 未找到训练 CSV 文件: D:\my-vue-project\wind-power-forecast\backend\auto_scripts\dataset\dataset_middle\20250423.csv，等待 30 秒后重试...
2025-04-23 13:00:10,621 - 检查模型目录: D:\my-vue-project\wind-power-forecast\backend\auto_scripts\models\middlemodel\20250423
2025-04-23 13:00:10,622 - 未找到best_models目录，检查传统模型文件
2025-04-23 13:00:10,623 - 未找到任何可用模型文件
2025-04-23 13:00:10,623 - ⏳ 未有可用模型，等待模型训练完成...
2025-04-23 13:00:40,305 - ❌ 未找到训练 CSV 文件: D:\my-vue-project\wind-power-forecast\backend\auto_scripts\dataset\dataset_middle\20250423.csv，等待 30 秒后重试...
2025-04-23 13:00:40,628 - 检查模型目录: D:\my-vue-project\wind-power-forecast\backend\auto_scripts\models\middlemodel\20250423
2025-04-23 13:00:40,628 - 未找到best_models目录，检查传统模型文件
2025-04-23 13:00:40,629 - 未找到任何可用模型文件
2025-04-23 13:00:40,629 - ⏳ 未有可用模型，等待模型训练完成...
2025-04-23 13:01:10,316 - ❌ 未找到训练 CSV 文件: D:\my-vue-project\wind-power-forecast\backend\auto_scripts\dataset\dataset_middle\20250423.csv，等待 30 秒后重试...
2025-04-23 13:01:10,630 - 检查模型目录: D:\my-vue-project\wind-power-forecast\backend\auto_scripts\models\middlemodel\20250423
2025-04-23 13:01:10,631 - 未找到best_models目录，检查传统模型文件
2025-04-23 13:01:10,631 - 未找到任何可用模型文件
2025-04-23 13:01:10,631 - ⏳ 未有可用模型，等待模型训练完成...
2025-04-23 13:01:40,326 - ❌ 未找到训练 CSV 文件: D:\my-vue-project\wind-power-forecast\backend\auto_scripts\dataset\dataset_middle\20250423.csv，等待 30 秒后重试...
2025-04-23 13:01:40,636 - 检查模型目录: D:\my-vue-project\wind-power-forecast\backend\auto_scripts\models\middlemodel\20250423
2025-04-23 13:01:40,636 - 未找到best_models目录，检查传统模型文件
2025-04-23 13:01:40,636 - 未找到任何可用模型文件
2025-04-23 13:01:40,637 - ⏳ 未有可用模型，等待模型训练完成...
2025-04-23 13:02:10,342 - ❌ 未找到训练 CSV 文件: D:\my-vue-project\wind-power-forecast\backend\auto_scripts\dataset\dataset_middle\20250423.csv，等待 30 秒后重试...
2025-04-23 13:02:10,638 - 检查模型目录: D:\my-vue-project\wind-power-forecast\backend\auto_scripts\models\middlemodel\20250423
2025-04-23 13:02:10,638 - 未找到best_models目录，检查传统模型文件
2025-04-23 13:02:10,639 - 未找到任何可用模型文件
2025-04-23 13:02:10,639 - ⏳ 未有可用模型，等待模型训练完成...
2025-04-23 13:02:40,345 - ❌ 未找到训练 CSV 文件: D:\my-vue-project\wind-power-forecast\backend\auto_scripts\dataset\dataset_middle\20250423.csv，等待 30 秒后重试...
2025-04-23 13:02:40,645 - 检查模型目录: D:\my-vue-project\wind-power-forecast\backend\auto_scripts\models\middlemodel\20250423
2025-04-23 13:02:40,646 - 未找到best_models目录，检查传统模型文件
2025-04-23 13:02:40,647 - 未找到任何可用模型文件
2025-04-23 13:02:40,648 - ⏳ 未有可用模型，等待模型训练完成...
2025-04-23 13:03:10,349 - ❌ 未找到训练 CSV 文件: D:\my-vue-project\wind-power-forecast\backend\auto_scripts\dataset\dataset_middle\20250423.csv，等待 30 秒后重试...
2025-04-23 13:03:10,658 - 检查模型目录: D:\my-vue-project\wind-power-forecast\backend\auto_scripts\models\middlemodel\20250423
2025-04-23 13:03:10,659 - 未找到best_models目录，检查传统模型文件
2025-04-23 13:03:10,660 - 未找到任何可用模型文件
2025-04-23 13:03:10,660 - ⏳ 未有可用模型，等待模型训练完成...
2025-04-23 13:03:40,376 - ❌ 未找到训练 CSV 文件: D:\my-vue-project\wind-power-forecast\backend\auto_scripts\dataset\dataset_middle\20250423.csv，等待 30 秒后重试...
2025-04-23 13:03:40,676 - 检查模型目录: D:\my-vue-project\wind-power-forecast\backend\auto_scripts\models\middlemodel\20250423
2025-04-23 13:03:40,677 - 未找到best_models目录，检查传统模型文件
2025-04-23 13:03:40,677 - 未找到任何可用模型文件
2025-04-23 13:03:40,678 - ⏳ 未有可用模型，等待模型训练完成...
2025-04-23 13:04:10,387 - ❌ 未找到训练 CSV 文件: D:\my-vue-project\wind-power-forecast\backend\auto_scripts\dataset\dataset_middle\20250423.csv，等待 30 秒后重试...
2025-04-23 13:04:10,679 - 检查模型目录: D:\my-vue-project\wind-power-forecast\backend\auto_scripts\models\middlemodel\20250423
2025-04-23 13:04:10,680 - 未找到best_models目录，检查传统模型文件
2025-04-23 13:04:10,681 - 未找到任何可用模型文件
2025-04-23 13:04:10,681 - ⏳ 未有可用模型，等待模型训练完成...
2025-04-23 13:04:40,400 - ❌ 未找到训练 CSV 文件: D:\my-vue-project\wind-power-forecast\backend\auto_scripts\dataset\dataset_middle\20250423.csv，等待 30 秒后重试...
2025-04-23 13:04:40,694 - 检查模型目录: D:\my-vue-project\wind-power-forecast\backend\auto_scripts\models\middlemodel\20250423
2025-04-23 13:04:40,694 - 未找到best_models目录，检查传统模型文件
2025-04-23 13:04:40,695 - 未找到任何可用模型文件
2025-04-23 13:04:40,695 - ⏳ 未有可用模型，等待模型训练完成...
2025-04-23 13:05:10,409 - ❌ 未找到训练 CSV 文件: D:\my-vue-project\wind-power-forecast\backend\auto_scripts\dataset\dataset_middle\20250423.csv，等待 30 秒后重试...
2025-04-23 13:05:10,705 - 检查模型目录: D:\my-vue-project\wind-power-forecast\backend\auto_scripts\models\middlemodel\20250423
2025-04-23 13:05:10,706 - 未找到best_models目录，检查传统模型文件
2025-04-23 13:05:10,706 - 未找到任何可用模型文件
2025-04-23 13:05:10,707 - ⏳ 未有可用模型，等待模型训练完成...
2025-04-23 13:05:40,417 - ❌ 未找到训练 CSV 文件: D:\my-vue-project\wind-power-forecast\backend\auto_scripts\dataset\dataset_middle\20250423.csv，等待 30 秒后重试...
2025-04-23 13:05:40,714 - 检查模型目录: D:\my-vue-project\wind-power-forecast\backend\auto_scripts\models\middlemodel\20250423
2025-04-23 13:05:40,715 - 未找到best_models目录，检查传统模型文件
2025-04-23 13:05:40,715 - 未找到任何可用模型文件
2025-04-23 13:05:40,716 - ⏳ 未有可用模型，等待模型训练完成...
2025-04-23 13:06:10,424 - ❌ 未找到训练 CSV 文件: D:\my-vue-project\wind-power-forecast\backend\auto_scripts\dataset\dataset_middle\20250423.csv，等待 30 秒后重试...
2025-04-23 13:06:10,721 - 检查模型目录: D:\my-vue-project\wind-power-forecast\backend\auto_scripts\models\middlemodel\20250423
2025-04-23 13:06:10,722 - 未找到best_models目录，检查传统模型文件
2025-04-23 13:06:10,723 - 未找到任何可用模型文件
2025-04-23 13:06:10,723 - ⏳ 未有可用模型，等待模型训练完成...
2025-04-23 13:06:40,436 - ❌ 未找到训练 CSV 文件: D:\my-vue-project\wind-power-forecast\backend\auto_scripts\dataset\dataset_middle\20250423.csv，等待 30 秒后重试...
2025-04-23 13:06:40,733 - 检查模型目录: D:\my-vue-project\wind-power-forecast\backend\auto_scripts\models\middlemodel\20250423
2025-04-23 13:06:40,734 - 未找到best_models目录，检查传统模型文件
2025-04-23 13:06:40,734 - 未找到任何可用模型文件
2025-04-23 13:06:40,735 - ⏳ 未有可用模型，等待模型训练完成...
2025-04-23 13:07:10,437 - ❌ 未找到训练 CSV 文件: D:\my-vue-project\wind-power-forecast\backend\auto_scripts\dataset\dataset_middle\20250423.csv，等待 30 秒后重试...
2025-04-23 13:07:10,748 - 检查模型目录: D:\my-vue-project\wind-power-forecast\backend\auto_scripts\models\middlemodel\20250423
2025-04-23 13:07:10,749 - 未找到best_models目录，检查传统模型文件
2025-04-23 13:07:10,750 - 未找到任何可用模型文件
2025-04-23 13:07:10,751 - ⏳ 未有可用模型，等待模型训练完成...
2025-04-23 13:07:40,450 - ❌ 未找到训练 CSV 文件: D:\my-vue-project\wind-power-forecast\backend\auto_scripts\dataset\dataset_middle\20250423.csv，等待 30 秒后重试...
2025-04-23 13:07:40,763 - 检查模型目录: D:\my-vue-project\wind-power-forecast\backend\auto_scripts\models\middlemodel\20250423
2025-04-23 13:07:40,764 - 未找到best_models目录，检查传统模型文件
2025-04-23 13:07:40,766 - 未找到任何可用模型文件
2025-04-23 13:07:40,766 - ⏳ 未有可用模型，等待模型训练完成...
2025-04-23 13:08:10,456 - ❌ 未找到训练 CSV 文件: D:\my-vue-project\wind-power-forecast\backend\auto_scripts\dataset\dataset_middle\20250423.csv，等待 30 秒后重试...
2025-04-23 13:08:10,773 - 检查模型目录: D:\my-vue-project\wind-power-forecast\backend\auto_scripts\models\middlemodel\20250423
2025-04-23 13:08:10,774 - 未找到best_models目录，检查传统模型文件
2025-04-23 13:08:10,775 - 未找到任何可用模型文件
2025-04-23 13:08:10,775 - ⏳ 未有可用模型，等待模型训练完成...
2025-04-23 13:08:40,471 - ❌ 未找到训练 CSV 文件: D:\my-vue-project\wind-power-forecast\backend\auto_scripts\dataset\dataset_middle\20250423.csv，等待 30 秒后重试...
2025-04-23 13:08:40,783 - 检查模型目录: D:\my-vue-project\wind-power-forecast\backend\auto_scripts\models\middlemodel\20250423
2025-04-23 13:08:40,783 - 未找到best_models目录，检查传统模型文件
2025-04-23 13:08:40,783 - 未找到任何可用模型文件
2025-04-23 13:08:40,783 - ⏳ 未有可用模型，等待模型训练完成...
2025-04-23 13:09:10,479 - ❌ 未找到训练 CSV 文件: D:\my-vue-project\wind-power-forecast\backend\auto_scripts\dataset\dataset_middle\20250423.csv，等待 30 秒后重试...
2025-04-23 13:09:10,789 - 检查模型目录: D:\my-vue-project\wind-power-forecast\backend\auto_scripts\models\middlemodel\20250423
2025-04-23 13:09:10,789 - 未找到best_models目录，检查传统模型文件
2025-04-23 13:09:10,789 - 未找到任何可用模型文件
2025-04-23 13:09:10,790 - ⏳ 未有可用模型，等待模型训练完成...
2025-04-23 13:09:40,489 - ❌ 未找到训练 CSV 文件: D:\my-vue-project\wind-power-forecast\backend\auto_scripts\dataset\dataset_middle\20250423.csv，等待 30 秒后重试...
2025-04-23 13:09:40,801 - 检查模型目录: D:\my-vue-project\wind-power-forecast\backend\auto_scripts\models\middlemodel\20250423
2025-04-23 13:09:40,801 - 未找到best_models目录，检查传统模型文件
2025-04-23 13:09:40,802 - 未找到任何可用模型文件
2025-04-23 13:09:40,802 - ⏳ 未有可用模型，等待模型训练完成...
2025-04-23 13:10:10,500 - ❌ 未找到训练 CSV 文件: D:\my-vue-project\wind-power-forecast\backend\auto_scripts\dataset\dataset_middle\20250423.csv，等待 30 秒后重试...
2025-04-23 13:10:10,814 - 检查模型目录: D:\my-vue-project\wind-power-forecast\backend\auto_scripts\models\middlemodel\20250423
2025-04-23 13:10:10,815 - 未找到best_models目录，检查传统模型文件
2025-04-23 13:10:10,815 - 未找到任何可用模型文件
2025-04-23 13:10:10,816 - ⏳ 未有可用模型，等待模型训练完成...
2025-04-23 13:10:40,504 - ❌ 未找到训练 CSV 文件: D:\my-vue-project\wind-power-forecast\backend\auto_scripts\dataset\dataset_middle\20250423.csv，等待 30 秒后重试...
2025-04-23 13:10:40,830 - 检查模型目录: D:\my-vue-project\wind-power-forecast\backend\auto_scripts\models\middlemodel\20250423
2025-04-23 13:10:40,830 - 未找到best_models目录，检查传统模型文件
2025-04-23 13:10:40,831 - 未找到任何可用模型文件
2025-04-23 13:10:40,831 - ⏳ 未有可用模型，等待模型训练完成...
2025-04-23 13:11:10,519 - ❌ 未找到训练 CSV 文件: D:\my-vue-project\wind-power-forecast\backend\auto_scripts\dataset\dataset_middle\20250423.csv，等待 30 秒后重试...
2025-04-23 13:11:10,845 - 检查模型目录: D:\my-vue-project\wind-power-forecast\backend\auto_scripts\models\middlemodel\20250423
2025-04-23 13:11:10,846 - 未找到best_models目录，检查传统模型文件
2025-04-23 13:11:10,847 - 未找到任何可用模型文件
2025-04-23 13:11:10,847 - ⏳ 未有可用模型，等待模型训练完成...
2025-04-23 13:11:40,535 - ❌ 未找到训练 CSV 文件: D:\my-vue-project\wind-power-forecast\backend\auto_scripts\dataset\dataset_middle\20250423.csv，等待 30 秒后重试...
2025-04-23 13:11:40,863 - 检查模型目录: D:\my-vue-project\wind-power-forecast\backend\auto_scripts\models\middlemodel\20250423
2025-04-23 13:11:40,864 - 未找到best_models目录，检查传统模型文件
2025-04-23 13:11:40,866 - 未找到任何可用模型文件
2025-04-23 13:11:40,866 - ⏳ 未有可用模型，等待模型训练完成...
2025-04-23 13:12:10,538 - ❌ 未找到训练 CSV 文件: D:\my-vue-project\wind-power-forecast\backend\auto_scripts\dataset\dataset_middle\20250423.csv，等待 30 秒后重试...
2025-04-23 13:12:10,879 - 检查模型目录: D:\my-vue-project\wind-power-forecast\backend\auto_scripts\models\middlemodel\20250423
2025-04-23 13:12:10,879 - 未找到best_models目录，检查传统模型文件
2025-04-23 13:12:10,879 - 未找到任何可用模型文件
2025-04-23 13:12:10,880 - ⏳ 未有可用模型，等待模型训练完成...
2025-04-23 13:12:40,552 - ❌ 未找到训练 CSV 文件: D:\my-vue-project\wind-power-forecast\backend\auto_scripts\dataset\dataset_middle\20250423.csv，等待 30 秒后重试...
2025-04-23 13:12:40,893 - 检查模型目录: D:\my-vue-project\wind-power-forecast\backend\auto_scripts\models\middlemodel\20250423
2025-04-23 13:12:40,893 - 未找到best_models目录，检查传统模型文件
2025-04-23 13:12:40,893 - 未找到任何可用模型文件
2025-04-23 13:12:40,894 - ⏳ 未有可用模型，等待模型训练完成...
2025-04-23 13:13:10,566 - ❌ 未找到训练 CSV 文件: D:\my-vue-project\wind-power-forecast\backend\auto_scripts\dataset\dataset_middle\20250423.csv，等待 30 秒后重试...
2025-04-23 13:13:10,906 - 检查模型目录: D:\my-vue-project\wind-power-forecast\backend\auto_scripts\models\middlemodel\20250423
2025-04-23 13:13:10,907 - 未找到best_models目录，检查传统模型文件
2025-04-23 13:13:10,908 - 未找到任何可用模型文件
2025-04-23 13:13:10,908 - ⏳ 未有可用模型，等待模型训练完成...
2025-04-23 13:13:40,569 - ❌ 未找到训练 CSV 文件: D:\my-vue-project\wind-power-forecast\backend\auto_scripts\dataset\dataset_middle\20250423.csv，等待 30 秒后重试...
2025-04-23 13:13:40,925 - 检查模型目录: D:\my-vue-project\wind-power-forecast\backend\auto_scripts\models\middlemodel\20250423
2025-04-23 13:13:40,926 - 未找到best_models目录，检查传统模型文件
2025-04-23 13:13:40,928 - 未找到任何可用模型文件
2025-04-23 13:13:40,928 - ⏳ 未有可用模型，等待模型训练完成...
2025-04-23 13:14:10,574 - ❌ 未找到训练 CSV 文件: D:\my-vue-project\wind-power-forecast\backend\auto_scripts\dataset\dataset_middle\20250423.csv，等待 30 秒后重试...
2025-04-23 13:14:10,935 - 检查模型目录: D:\my-vue-project\wind-power-forecast\backend\auto_scripts\models\middlemodel\20250423
2025-04-23 13:14:10,935 - 未找到best_models目录，检查传统模型文件
2025-04-23 13:14:10,935 - 未找到任何可用模型文件
2025-04-23 13:14:10,936 - ⏳ 未有可用模型，等待模型训练完成...
2025-04-23 13:14:40,587 - ❌ 未找到训练 CSV 文件: D:\my-vue-project\wind-power-forecast\backend\auto_scripts\dataset\dataset_middle\20250423.csv，等待 30 秒后重试...
2025-04-23 13:14:40,947 - 检查模型目录: D:\my-vue-project\wind-power-forecast\backend\auto_scripts\models\middlemodel\20250423
2025-04-23 13:14:40,947 - 未找到best_models目录，检查传统模型文件
2025-04-23 13:14:40,947 - 未找到任何可用模型文件
2025-04-23 13:14:40,947 - ⏳ 未有可用模型，等待模型训练完成...
2025-04-23 13:15:10,589 - ❌ 未找到训练 CSV 文件: D:\my-vue-project\wind-power-forecast\backend\auto_scripts\dataset\dataset_middle\20250423.csv，等待 30 秒后重试...
2025-04-23 13:15:10,950 - 检查模型目录: D:\my-vue-project\wind-power-forecast\backend\auto_scripts\models\middlemodel\20250423
2025-04-23 13:15:10,951 - 未找到best_models目录，检查传统模型文件
2025-04-23 13:15:10,951 - 未找到任何可用模型文件
2025-04-23 13:15:10,951 - ⏳ 未有可用模型，等待模型训练完成...
2025-04-23 13:15:40,605 - ❌ 未找到训练 CSV 文件: D:\my-vue-project\wind-power-forecast\backend\auto_scripts\dataset\dataset_middle\20250423.csv，等待 30 秒后重试...
2025-04-23 13:15:40,963 - 检查模型目录: D:\my-vue-project\wind-power-forecast\backend\auto_scripts\models\middlemodel\20250423
2025-04-23 13:15:40,963 - 未找到best_models目录，检查传统模型文件
2025-04-23 13:15:40,963 - 未找到任何可用模型文件
2025-04-23 13:15:40,964 - ⏳ 未有可用模型，等待模型训练完成...
2025-04-23 13:16:10,608 - ❌ 未找到训练 CSV 文件: D:\my-vue-project\wind-power-forecast\backend\auto_scripts\dataset\dataset_middle\20250423.csv，等待 30 秒后重试...
2025-04-23 13:16:10,979 - 检查模型目录: D:\my-vue-project\wind-power-forecast\backend\auto_scripts\models\middlemodel\20250423
2025-04-23 13:16:10,980 - 未找到best_models目录，检查传统模型文件
2025-04-23 13:16:10,982 - 未找到任何可用模型文件
2025-04-23 13:16:10,982 - ⏳ 未有可用模型，等待模型训练完成...
2025-04-23 13:16:40,624 - ❌ 未找到训练 CSV 文件: D:\my-vue-project\wind-power-forecast\backend\auto_scripts\dataset\dataset_middle\20250423.csv，等待 30 秒后重试...
2025-04-23 13:16:40,986 - 检查模型目录: D:\my-vue-project\wind-power-forecast\backend\auto_scripts\models\middlemodel\20250423
2025-04-23 13:16:40,987 - 未找到best_models目录，检查传统模型文件
2025-04-23 13:16:40,988 - 未找到任何可用模型文件
2025-04-23 13:16:40,988 - ⏳ 未有可用模型，等待模型训练完成...
2025-04-23 13:17:10,638 - ❌ 未找到训练 CSV 文件: D:\my-vue-project\wind-power-forecast\backend\auto_scripts\dataset\dataset_middle\20250423.csv，等待 30 秒后重试...
2025-04-23 13:17:10,995 - 检查模型目录: D:\my-vue-project\wind-power-forecast\backend\auto_scripts\models\middlemodel\20250423
2025-04-23 13:17:10,996 - 未找到best_models目录，检查传统模型文件
2025-04-23 13:17:10,998 - 未找到任何可用模型文件
2025-04-23 13:17:10,998 - ⏳ 未有可用模型，等待模型训练完成...
2025-04-23 13:17:40,648 - ❌ 未找到训练 CSV 文件: D:\my-vue-project\wind-power-forecast\backend\auto_scripts\dataset\dataset_middle\20250423.csv，等待 30 秒后重试...
2025-04-23 13:17:41,002 - 检查模型目录: D:\my-vue-project\wind-power-forecast\backend\auto_scripts\models\middlemodel\20250423
2025-04-23 13:17:41,003 - 未找到best_models目录，检查传统模型文件
2025-04-23 13:17:41,003 - 未找到任何可用模型文件
2025-04-23 13:17:41,003 - ⏳ 未有可用模型，等待模型训练完成...
2025-04-23 13:18:10,662 - ❌ 未找到训练 CSV 文件: D:\my-vue-project\wind-power-forecast\backend\auto_scripts\dataset\dataset_middle\20250423.csv，等待 30 秒后重试...
2025-04-23 13:18:11,007 - 检查模型目录: D:\my-vue-project\wind-power-forecast\backend\auto_scripts\models\middlemodel\20250423
2025-04-23 13:18:11,008 - 未找到best_models目录，检查传统模型文件
2025-04-23 13:18:11,009 - 未找到任何可用模型文件
2025-04-23 13:18:11,010 - ⏳ 未有可用模型，等待模型训练完成...
2025-04-23 13:18:40,664 - ❌ 未找到训练 CSV 文件: D:\my-vue-project\wind-power-forecast\backend\auto_scripts\dataset\dataset_middle\20250423.csv，等待 30 秒后重试...
2025-04-23 13:18:41,022 - 检查模型目录: D:\my-vue-project\wind-power-forecast\backend\auto_scripts\models\middlemodel\20250423
2025-04-23 13:18:41,023 - 未找到best_models目录，检查传统模型文件
2025-04-23 13:18:41,024 - 未找到任何可用模型文件
2025-04-23 13:18:41,025 - ⏳ 未有可用模型，等待模型训练完成...
2025-04-23 13:19:10,680 - ❌ 未找到训练 CSV 文件: D:\my-vue-project\wind-power-forecast\backend\auto_scripts\dataset\dataset_middle\20250423.csv，等待 30 秒后重试...
2025-04-23 13:19:11,037 - 检查模型目录: D:\my-vue-project\wind-power-forecast\backend\auto_scripts\models\middlemodel\20250423
2025-04-23 13:19:11,037 - 未找到best_models目录，检查传统模型文件
2025-04-23 13:19:11,038 - 未找到任何可用模型文件
2025-04-23 13:19:11,038 - ⏳ 未有可用模型，等待模型训练完成...
2025-04-23 13:19:40,685 - ❌ 未找到训练 CSV 文件: D:\my-vue-project\wind-power-forecast\backend\auto_scripts\dataset\dataset_middle\20250423.csv，等待 30 秒后重试...
2025-04-23 13:19:41,044 - 检查模型目录: D:\my-vue-project\wind-power-forecast\backend\auto_scripts\models\middlemodel\20250423
2025-04-23 13:19:41,044 - 未找到best_models目录，检查传统模型文件
2025-04-23 13:19:41,044 - 未找到任何可用模型文件
2025-04-23 13:19:41,044 - ⏳ 未有可用模型，等待模型训练完成...
2025-04-23 13:20:10,694 - ❌ 未找到训练 CSV 文件: D:\my-vue-project\wind-power-forecast\backend\auto_scripts\dataset\dataset_middle\20250423.csv，等待 30 秒后重试...
2025-04-23 13:20:11,047 - 检查模型目录: D:\my-vue-project\wind-power-forecast\backend\auto_scripts\models\middlemodel\20250423
2025-04-23 13:20:11,047 - 未找到best_models目录，检查传统模型文件
2025-04-23 13:20:11,047 - 未找到任何可用模型文件
2025-04-23 13:20:11,048 - ⏳ 未有可用模型，等待模型训练完成...
2025-04-23 13:20:40,700 - ❌ 未找到训练 CSV 文件: D:\my-vue-project\wind-power-forecast\backend\auto_scripts\dataset\dataset_middle\20250423.csv，等待 30 秒后重试...
2025-04-23 13:20:41,056 - 检查模型目录: D:\my-vue-project\wind-power-forecast\backend\auto_scripts\models\middlemodel\20250423
2025-04-23 13:20:41,056 - 未找到best_models目录，检查传统模型文件
2025-04-23 13:20:41,056 - 未找到任何可用模型文件
2025-04-23 13:20:41,057 - ⏳ 未有可用模型，等待模型训练完成...
2025-04-23 13:21:10,711 - ❌ 未找到训练 CSV 文件: D:\my-vue-project\wind-power-forecast\backend\auto_scripts\dataset\dataset_middle\20250423.csv，等待 30 秒后重试...
2025-04-23 13:21:11,070 - 检查模型目录: D:\my-vue-project\wind-power-forecast\backend\auto_scripts\models\middlemodel\20250423
2025-04-23 13:21:11,072 - 未找到best_models目录，检查传统模型文件
2025-04-23 13:21:11,072 - 未找到任何可用模型文件
2025-04-23 13:21:11,073 - ⏳ 未有可用模型，等待模型训练完成...
2025-04-23 13:21:40,716 - ❌ 未找到训练 CSV 文件: D:\my-vue-project\wind-power-forecast\backend\auto_scripts\dataset\dataset_middle\20250423.csv，等待 30 秒后重试...
2025-04-23 13:21:41,088 - 检查模型目录: D:\my-vue-project\wind-power-forecast\backend\auto_scripts\models\middlemodel\20250423
2025-04-23 13:21:41,089 - 未找到best_models目录，检查传统模型文件
2025-04-23 13:21:41,089 - 未找到任何可用模型文件
2025-04-23 13:21:41,090 - ⏳ 未有可用模型，等待模型训练完成...
2025-04-23 13:22:10,724 - ❌ 未找到训练 CSV 文件: D:\my-vue-project\wind-power-forecast\backend\auto_scripts\dataset\dataset_middle\20250423.csv，等待 30 秒后重试...
2025-04-23 13:22:11,098 - 检查模型目录: D:\my-vue-project\wind-power-forecast\backend\auto_scripts\models\middlemodel\20250423
2025-04-23 13:22:11,098 - 未找到best_models目录，检查传统模型文件
2025-04-23 13:22:11,098 - 未找到任何可用模型文件
2025-04-23 13:22:11,099 - ⏳ 未有可用模型，等待模型训练完成...
2025-04-23 13:22:40,737 - ❌ 未找到训练 CSV 文件: D:\my-vue-project\wind-power-forecast\backend\auto_scripts\dataset\dataset_middle\20250423.csv，等待 30 秒后重试...
2025-04-23 13:22:41,107 - 检查模型目录: D:\my-vue-project\wind-power-forecast\backend\auto_scripts\models\middlemodel\20250423
2025-04-23 13:22:41,108 - 未找到best_models目录，检查传统模型文件
2025-04-23 13:22:41,109 - 未找到任何可用模型文件
2025-04-23 13:22:41,109 - ⏳ 未有可用模型，等待模型训练完成...
2025-04-23 13:23:10,750 - ❌ 未找到训练 CSV 文件: D:\my-vue-project\wind-power-forecast\backend\auto_scripts\dataset\dataset_middle\20250423.csv，等待 30 秒后重试...
2025-04-23 13:23:11,122 - 检查模型目录: D:\my-vue-project\wind-power-forecast\backend\auto_scripts\models\middlemodel\20250423
2025-04-23 13:23:11,123 - 未找到best_models目录，检查传统模型文件
2025-04-23 13:23:11,123 - 未找到任何可用模型文件
2025-04-23 13:23:11,123 - ⏳ 未有可用模型，等待模型训练完成...
2025-04-23 13:23:40,764 - ❌ 未找到训练 CSV 文件: D:\my-vue-project\wind-power-forecast\backend\auto_scripts\dataset\dataset_middle\20250423.csv，等待 30 秒后重试...
2025-04-23 13:23:41,136 - 检查模型目录: D:\my-vue-project\wind-power-forecast\backend\auto_scripts\models\middlemodel\20250423
2025-04-23 13:23:41,136 - 未找到best_models目录，检查传统模型文件
2025-04-23 13:23:41,136 - 未找到任何可用模型文件
2025-04-23 13:23:41,137 - ⏳ 未有可用模型，等待模型训练完成...
2025-04-23 13:24:10,779 - ❌ 未找到训练 CSV 文件: D:\my-vue-project\wind-power-forecast\backend\auto_scripts\dataset\dataset_middle\20250423.csv，等待 30 秒后重试...
2025-04-23 13:24:11,151 - 检查模型目录: D:\my-vue-project\wind-power-forecast\backend\auto_scripts\models\middlemodel\20250423
2025-04-23 13:24:11,151 - 未找到best_models目录，检查传统模型文件
2025-04-23 13:24:11,151 - 未找到任何可用模型文件
2025-04-23 13:24:11,152 - ⏳ 未有可用模型，等待模型训练完成...
2025-04-23 13:24:40,782 - ❌ 未找到训练 CSV 文件: D:\my-vue-project\wind-power-forecast\backend\auto_scripts\dataset\dataset_middle\20250423.csv，等待 30 秒后重试...
2025-04-23 13:24:41,156 - 检查模型目录: D:\my-vue-project\wind-power-forecast\backend\auto_scripts\models\middlemodel\20250423
2025-04-23 13:24:41,157 - 未找到best_models目录，检查传统模型文件
2025-04-23 13:24:41,158 - 未找到任何可用模型文件
2025-04-23 13:24:41,159 - ⏳ 未有可用模型，等待模型训练完成...
2025-04-23 13:25:10,788 - ❌ 未找到训练 CSV 文件: D:\my-vue-project\wind-power-forecast\backend\auto_scripts\dataset\dataset_middle\20250423.csv，等待 30 秒后重试...
2025-04-23 13:25:11,163 - 检查模型目录: D:\my-vue-project\wind-power-forecast\backend\auto_scripts\models\middlemodel\20250423
2025-04-23 13:25:11,164 - 未找到best_models目录，检查传统模型文件
2025-04-23 13:25:11,165 - 未找到任何可用模型文件
2025-04-23 13:25:11,165 - ⏳ 未有可用模型，等待模型训练完成...
2025-04-23 13:25:40,800 - ❌ 未找到训练 CSV 文件: D:\my-vue-project\wind-power-forecast\backend\auto_scripts\dataset\dataset_middle\20250423.csv，等待 30 秒后重试...
2025-04-23 13:25:41,172 - 检查模型目录: D:\my-vue-project\wind-power-forecast\backend\auto_scripts\models\middlemodel\20250423
2025-04-23 13:25:41,174 - 未找到best_models目录，检查传统模型文件
2025-04-23 13:25:41,174 - 未找到任何可用模型文件
2025-04-23 13:25:41,175 - ⏳ 未有可用模型，等待模型训练完成...
2025-04-23 13:26:10,811 - ❌ 未找到训练 CSV 文件: D:\my-vue-project\wind-power-forecast\backend\auto_scripts\dataset\dataset_middle\20250423.csv，等待 30 秒后重试...
2025-04-23 13:26:11,186 - 检查模型目录: D:\my-vue-project\wind-power-forecast\backend\auto_scripts\models\middlemodel\20250423
2025-04-23 13:26:11,187 - 未找到best_models目录，检查传统模型文件
2025-04-23 13:26:11,189 - 未找到任何可用模型文件
2025-04-23 13:26:11,189 - ⏳ 未有可用模型，等待模型训练完成...
2025-04-23 13:26:40,816 - ❌ 未找到训练 CSV 文件: D:\my-vue-project\wind-power-forecast\backend\auto_scripts\dataset\dataset_middle\20250423.csv，等待 30 秒后重试...
2025-04-23 13:26:41,204 - 检查模型目录: D:\my-vue-project\wind-power-forecast\backend\auto_scripts\models\middlemodel\20250423
2025-04-23 13:26:41,205 - 未找到best_models目录，检查传统模型文件
2025-04-23 13:26:41,206 - 未找到任何可用模型文件
2025-04-23 13:26:41,206 - ⏳ 未有可用模型，等待模型训练完成...
2025-04-23 13:27:10,822 - ❌ 未找到训练 CSV 文件: D:\my-vue-project\wind-power-forecast\backend\auto_scripts\dataset\dataset_middle\20250423.csv，等待 30 秒后重试...
2025-04-23 13:27:11,213 - 检查模型目录: D:\my-vue-project\wind-power-forecast\backend\auto_scripts\models\middlemodel\20250423
2025-04-23 13:27:11,214 - 未找到best_models目录，检查传统模型文件
2025-04-23 13:27:11,215 - 未找到任何可用模型文件
2025-04-23 13:27:11,216 - ⏳ 未有可用模型，等待模型训练完成...
2025-04-23 13:27:40,824 - ❌ 未找到训练 CSV 文件: D:\my-vue-project\wind-power-forecast\backend\auto_scripts\dataset\dataset_middle\20250423.csv，等待 30 秒后重试...
2025-04-23 13:27:41,230 - 检查模型目录: D:\my-vue-project\wind-power-forecast\backend\auto_scripts\models\middlemodel\20250423
2025-04-23 13:27:41,230 - 未找到best_models目录，检查传统模型文件
2025-04-23 13:27:41,230 - 未找到任何可用模型文件
2025-04-23 13:27:41,231 - ⏳ 未有可用模型，等待模型训练完成...
2025-04-23 13:28:10,838 - ❌ 未找到训练 CSV 文件: D:\my-vue-project\wind-power-forecast\backend\auto_scripts\dataset\dataset_middle\20250423.csv，等待 30 秒后重试...
2025-04-23 13:28:11,241 - 检查模型目录: D:\my-vue-project\wind-power-forecast\backend\auto_scripts\models\middlemodel\20250423
2025-04-23 13:28:11,242 - 未找到best_models目录，检查传统模型文件
2025-04-23 13:28:11,244 - 未找到任何可用模型文件
2025-04-23 13:28:11,244 - ⏳ 未有可用模型，等待模型训练完成...
2025-04-23 13:28:40,841 - ❌ 未找到训练 CSV 文件: D:\my-vue-project\wind-power-forecast\backend\auto_scripts\dataset\dataset_middle\20250423.csv，等待 30 秒后重试...
2025-04-23 13:28:41,247 - 检查模型目录: D:\my-vue-project\wind-power-forecast\backend\auto_scripts\models\middlemodel\20250423
2025-04-23 13:28:41,247 - 未找到best_models目录，检查传统模型文件
2025-04-23 13:28:41,248 - 未找到任何可用模型文件
2025-04-23 13:28:41,248 - ⏳ 未有可用模型，等待模型训练完成...
2025-04-23 13:29:10,843 - ❌ 未找到训练 CSV 文件: D:\my-vue-project\wind-power-forecast\backend\auto_scripts\dataset\dataset_middle\20250423.csv，等待 30 秒后重试...
2025-04-23 13:29:11,264 - 检查模型目录: D:\my-vue-project\wind-power-forecast\backend\auto_scripts\models\middlemodel\20250423
2025-04-23 13:29:11,264 - 未找到best_models目录，检查传统模型文件
2025-04-23 13:29:11,264 - 未找到任何可用模型文件
2025-04-23 13:29:11,265 - ⏳ 未有可用模型，等待模型训练完成...
2025-04-23 13:29:40,846 - ❌ 未找到训练 CSV 文件: D:\my-vue-project\wind-power-forecast\backend\auto_scripts\dataset\dataset_middle\20250423.csv，等待 30 秒后重试...
2025-04-23 13:29:41,267 - 检查模型目录: D:\my-vue-project\wind-power-forecast\backend\auto_scripts\models\middlemodel\20250423
2025-04-23 13:29:41,268 - 未找到best_models目录，检查传统模型文件
2025-04-23 13:29:41,269 - 未找到任何可用模型文件
2025-04-23 13:29:41,269 - ⏳ 未有可用模型，等待模型训练完成...
2025-04-23 13:30:10,853 - ❌ 未找到训练 CSV 文件: D:\my-vue-project\wind-power-forecast\backend\auto_scripts\dataset\dataset_middle\20250423.csv，等待 30 秒后重试...
2025-04-23 13:30:11,276 - 检查模型目录: D:\my-vue-project\wind-power-forecast\backend\auto_scripts\models\middlemodel\20250423
2025-04-23 13:30:11,277 - 未找到best_models目录，检查传统模型文件
2025-04-23 13:30:11,278 - 未找到任何可用模型文件
2025-04-23 13:30:11,279 - ⏳ 未有可用模型，等待模型训练完成...
2025-04-23 13:30:40,863 - ❌ 未找到训练 CSV 文件: D:\my-vue-project\wind-power-forecast\backend\auto_scripts\dataset\dataset_middle\20250423.csv，等待 30 秒后重试...
2025-04-23 13:30:41,287 - 检查模型目录: D:\my-vue-project\wind-power-forecast\backend\auto_scripts\models\middlemodel\20250423
2025-04-23 13:30:41,288 - 未找到best_models目录，检查传统模型文件
2025-04-23 13:30:41,289 - 未找到任何可用模型文件
2025-04-23 13:30:41,289 - ⏳ 未有可用模型，等待模型训练完成...
2025-04-23 13:31:10,877 - ❌ 未找到训练 CSV 文件: D:\my-vue-project\wind-power-forecast\backend\auto_scripts\dataset\dataset_middle\20250423.csv，等待 30 秒后重试...
2025-04-23 13:31:11,296 - 检查模型目录: D:\my-vue-project\wind-power-forecast\backend\auto_scripts\models\middlemodel\20250423
2025-04-23 13:31:11,296 - 未找到best_models目录，检查传统模型文件
2025-04-23 13:31:11,296 - 未找到任何可用模型文件
2025-04-23 13:31:11,297 - ⏳ 未有可用模型，等待模型训练完成...
2025-04-23 13:31:40,891 - ❌ 未找到训练 CSV 文件: D:\my-vue-project\wind-power-forecast\backend\auto_scripts\dataset\dataset_middle\20250423.csv，等待 30 秒后重试...
2025-04-23 13:31:41,311 - 检查模型目录: D:\my-vue-project\wind-power-forecast\backend\auto_scripts\models\middlemodel\20250423
2025-04-23 13:31:41,313 - 未找到best_models目录，检查传统模型文件
2025-04-23 13:31:41,314 - 未找到任何可用模型文件
2025-04-23 13:31:41,315 - ⏳ 未有可用模型，等待模型训练完成...
2025-04-23 13:32:10,906 - ❌ 未找到训练 CSV 文件: D:\my-vue-project\wind-power-forecast\backend\auto_scripts\dataset\dataset_middle\20250423.csv，等待 30 秒后重试...
2025-04-23 13:32:11,324 - 检查模型目录: D:\my-vue-project\wind-power-forecast\backend\auto_scripts\models\middlemodel\20250423
2025-04-23 13:32:11,325 - 未找到best_models目录，检查传统模型文件
2025-04-23 13:32:11,326 - 未找到任何可用模型文件
2025-04-23 13:32:11,327 - ⏳ 未有可用模型，等待模型训练完成...
2025-04-23 13:32:40,918 - ❌ 未找到训练 CSV 文件: D:\my-vue-project\wind-power-forecast\backend\auto_scripts\dataset\dataset_middle\20250423.csv，等待 30 秒后重试...
2025-04-23 13:32:41,337 - 检查模型目录: D:\my-vue-project\wind-power-forecast\backend\auto_scripts\models\middlemodel\20250423
2025-04-23 13:32:41,337 - 未找到best_models目录，检查传统模型文件
2025-04-23 13:32:41,338 - 未找到任何可用模型文件
2025-04-23 13:32:41,338 - ⏳ 未有可用模型，等待模型训练完成...
2025-04-23 13:33:10,924 - ❌ 未找到训练 CSV 文件: D:\my-vue-project\wind-power-forecast\backend\auto_scripts\dataset\dataset_middle\20250423.csv，等待 30 秒后重试...
2025-04-23 13:33:11,342 - 检查模型目录: D:\my-vue-project\wind-power-forecast\backend\auto_scripts\models\middlemodel\20250423
2025-04-23 13:33:11,342 - 未找到best_models目录，检查传统模型文件
2025-04-23 13:33:11,343 - 未找到任何可用模型文件
2025-04-23 13:33:11,343 - ⏳ 未有可用模型，等待模型训练完成...
2025-04-23 13:33:40,934 - ❌ 未找到训练 CSV 文件: D:\my-vue-project\wind-power-forecast\backend\auto_scripts\dataset\dataset_middle\20250423.csv，等待 30 秒后重试...
2025-04-23 13:33:41,351 - 检查模型目录: D:\my-vue-project\wind-power-forecast\backend\auto_scripts\models\middlemodel\20250423
2025-04-23 13:33:41,351 - 未找到best_models目录，检查传统模型文件
2025-04-23 13:33:41,352 - 未找到任何可用模型文件
2025-04-23 13:33:41,352 - ⏳ 未有可用模型，等待模型训练完成...
2025-04-23 13:34:10,941 - ❌ 未找到训练 CSV 文件: D:\my-vue-project\wind-power-forecast\backend\auto_scripts\dataset\dataset_middle\20250423.csv，等待 30 秒后重试...
2025-04-23 13:34:11,359 - 检查模型目录: D:\my-vue-project\wind-power-forecast\backend\auto_scripts\models\middlemodel\20250423
2025-04-23 13:34:11,359 - 未找到best_models目录，检查传统模型文件
2025-04-23 13:34:11,360 - 未找到任何可用模型文件
2025-04-23 13:34:11,360 - ⏳ 未有可用模型，等待模型训练完成...
2025-04-23 13:34:40,943 - ❌ 未找到训练 CSV 文件: D:\my-vue-project\wind-power-forecast\backend\auto_scripts\dataset\dataset_middle\20250423.csv，等待 30 秒后重试...
2025-04-23 13:34:41,377 - 检查模型目录: D:\my-vue-project\wind-power-forecast\backend\auto_scripts\models\middlemodel\20250423
2025-04-23 13:34:41,378 - 未找到best_models目录，检查传统模型文件
2025-04-23 13:34:41,380 - 未找到任何可用模型文件
2025-04-23 13:34:41,380 - ⏳ 未有可用模型，等待模型训练完成...
2025-04-23 13:35:10,956 - ❌ 未找到训练 CSV 文件: D:\my-vue-project\wind-power-forecast\backend\auto_scripts\dataset\dataset_middle\20250423.csv，等待 30 秒后重试...
2025-04-23 13:35:11,397 - 检查模型目录: D:\my-vue-project\wind-power-forecast\backend\auto_scripts\models\middlemodel\20250423
2025-04-23 13:35:11,398 - 未找到best_models目录，检查传统模型文件
2025-04-23 13:35:11,399 - 未找到任何可用模型文件
2025-04-23 13:35:11,400 - ⏳ 未有可用模型，等待模型训练完成...
2025-04-23 13:35:40,969 - ❌ 未找到训练 CSV 文件: D:\my-vue-project\wind-power-forecast\backend\auto_scripts\dataset\dataset_middle\20250423.csv，等待 30 秒后重试...
2025-04-23 13:35:41,405 - 检查模型目录: D:\my-vue-project\wind-power-forecast\backend\auto_scripts\models\middlemodel\20250423
2025-04-23 13:35:41,405 - 未找到best_models目录，检查传统模型文件
2025-04-23 13:35:41,405 - 未找到任何可用模型文件
2025-04-23 13:35:41,405 - ⏳ 未有可用模型，等待模型训练完成...
2025-04-23 13:36:10,979 - ❌ 未找到训练 CSV 文件: D:\my-vue-project\wind-power-forecast\backend\auto_scripts\dataset\dataset_middle\20250423.csv，等待 30 秒后重试...
2025-04-23 13:36:11,416 - 检查模型目录: D:\my-vue-project\wind-power-forecast\backend\auto_scripts\models\middlemodel\20250423
2025-04-23 13:36:11,417 - 未找到best_models目录，检查传统模型文件
2025-04-23 13:36:11,418 - 未找到任何可用模型文件
2025-04-23 13:36:11,419 - ⏳ 未有可用模型，等待模型训练完成...
2025-04-23 13:36:40,985 - ❌ 未找到训练 CSV 文件: D:\my-vue-project\wind-power-forecast\backend\auto_scripts\dataset\dataset_middle\20250423.csv，等待 30 秒后重试...
2025-04-23 13:36:41,434 - 检查模型目录: D:\my-vue-project\wind-power-forecast\backend\auto_scripts\models\middlemodel\20250423
2025-04-23 13:36:41,434 - 未找到best_models目录，检查传统模型文件
2025-04-23 13:36:41,435 - 未找到任何可用模型文件
2025-04-23 13:36:41,435 - ⏳ 未有可用模型，等待模型训练完成...
2025-04-23 13:37:10,999 - ❌ 未找到训练 CSV 文件: D:\my-vue-project\wind-power-forecast\backend\auto_scripts\dataset\dataset_middle\20250423.csv，等待 30 秒后重试...
2025-04-23 13:37:11,439 - 检查模型目录: D:\my-vue-project\wind-power-forecast\backend\auto_scripts\models\middlemodel\20250423
2025-04-23 13:37:11,439 - 未找到best_models目录，检查传统模型文件
2025-04-23 13:37:11,440 - 未找到任何可用模型文件
2025-04-23 13:37:11,440 - ⏳ 未有可用模型，等待模型训练完成...
2025-04-23 13:37:41,014 - ❌ 未找到训练 CSV 文件: D:\my-vue-project\wind-power-forecast\backend\auto_scripts\dataset\dataset_middle\20250423.csv，等待 30 秒后重试...
2025-04-23 13:37:41,447 - 检查模型目录: D:\my-vue-project\wind-power-forecast\backend\auto_scripts\models\middlemodel\20250423
2025-04-23 13:37:41,447 - 未找到best_models目录，检查传统模型文件
2025-04-23 13:37:41,448 - 未找到任何可用模型文件
2025-04-23 13:37:41,448 - ⏳ 未有可用模型，等待模型训练完成...
2025-04-23 13:38:11,018 - ❌ 未找到训练 CSV 文件: D:\my-vue-project\wind-power-forecast\backend\auto_scripts\dataset\dataset_middle\20250423.csv，等待 30 秒后重试...
2025-04-23 13:38:11,453 - 检查模型目录: D:\my-vue-project\wind-power-forecast\backend\auto_scripts\models\middlemodel\20250423
2025-04-23 13:38:11,454 - 未找到best_models目录，检查传统模型文件
2025-04-23 13:38:11,454 - 未找到任何可用模型文件
2025-04-23 13:38:11,455 - ⏳ 未有可用模型，等待模型训练完成...
2025-04-23 13:38:41,032 - ❌ 未找到训练 CSV 文件: D:\my-vue-project\wind-power-forecast\backend\auto_scripts\dataset\dataset_middle\20250423.csv，等待 30 秒后重试...
2025-04-23 13:38:41,465 - 检查模型目录: D:\my-vue-project\wind-power-forecast\backend\auto_scripts\models\middlemodel\20250423
2025-04-23 13:38:41,466 - 未找到best_models目录，检查传统模型文件
2025-04-23 13:38:41,467 - 未找到任何可用模型文件
2025-04-23 13:38:41,468 - ⏳ 未有可用模型，等待模型训练完成...
2025-04-23 13:39:11,044 - ❌ 未找到训练 CSV 文件: D:\my-vue-project\wind-power-forecast\backend\auto_scripts\dataset\dataset_middle\20250423.csv，等待 30 秒后重试...
2025-04-23 13:39:11,477 - 检查模型目录: D:\my-vue-project\wind-power-forecast\backend\auto_scripts\models\middlemodel\20250423
2025-04-23 13:39:11,477 - 未找到best_models目录，检查传统模型文件
2025-04-23 13:39:11,477 - 未找到任何可用模型文件
2025-04-23 13:39:11,478 - ⏳ 未有可用模型，等待模型训练完成...
2025-04-23 13:39:41,058 - ❌ 未找到训练 CSV 文件: D:\my-vue-project\wind-power-forecast\backend\auto_scripts\dataset\dataset_middle\20250423.csv，等待 30 秒后重试...
2025-04-23 13:39:41,493 - 检查模型目录: D:\my-vue-project\wind-power-forecast\backend\auto_scripts\models\middlemodel\20250423
2025-04-23 13:39:41,494 - 未找到best_models目录，检查传统模型文件
2025-04-23 13:39:41,495 - 未找到任何可用模型文件
2025-04-23 13:39:41,495 - ⏳ 未有可用模型，等待模型训练完成...
2025-04-23 13:40:11,063 - ❌ 未找到训练 CSV 文件: D:\my-vue-project\wind-power-forecast\backend\auto_scripts\dataset\dataset_middle\20250423.csv，等待 30 秒后重试...
2025-04-23 13:40:11,498 - 检查模型目录: D:\my-vue-project\wind-power-forecast\backend\auto_scripts\models\middlemodel\20250423
2025-04-23 13:40:11,499 - 未找到best_models目录，检查传统模型文件
2025-04-23 13:40:11,500 - 未找到任何可用模型文件
2025-04-23 13:40:11,501 - ⏳ 未有可用模型，等待模型训练完成...
2025-04-23 13:40:41,077 - ❌ 未找到训练 CSV 文件: D:\my-vue-project\wind-power-forecast\backend\auto_scripts\dataset\dataset_middle\20250423.csv，等待 30 秒后重试...
2025-04-23 13:40:41,514 - 检查模型目录: D:\my-vue-project\wind-power-forecast\backend\auto_scripts\models\middlemodel\20250423
2025-04-23 13:40:41,515 - 未找到best_models目录，检查传统模型文件
2025-04-23 13:40:41,516 - 未找到任何可用模型文件
2025-04-23 13:40:41,517 - ⏳ 未有可用模型，等待模型训练完成...
2025-04-23 13:41:11,080 - ❌ 未找到训练 CSV 文件: D:\my-vue-project\wind-power-forecast\backend\auto_scripts\dataset\dataset_middle\20250423.csv，等待 30 秒后重试...
2025-04-23 13:41:11,532 - 检查模型目录: D:\my-vue-project\wind-power-forecast\backend\auto_scripts\models\middlemodel\20250423
2025-04-23 13:41:11,533 - 未找到best_models目录，检查传统模型文件
2025-04-23 13:41:11,534 - 未找到任何可用模型文件
2025-04-23 13:41:11,535 - ⏳ 未有可用模型，等待模型训练完成...
2025-04-23 13:41:41,084 - ❌ 未找到训练 CSV 文件: D:\my-vue-project\wind-power-forecast\backend\auto_scripts\dataset\dataset_middle\20250423.csv，等待 30 秒后重试...
2025-04-23 13:41:41,551 - 检查模型目录: D:\my-vue-project\wind-power-forecast\backend\auto_scripts\models\middlemodel\20250423
2025-04-23 13:41:41,552 - 未找到best_models目录，检查传统模型文件
2025-04-23 13:41:41,553 - 未找到任何可用模型文件
2025-04-23 13:41:41,554 - ⏳ 未有可用模型，等待模型训练完成...
2025-04-23 13:42:11,093 - ❌ 未找到训练 CSV 文件: D:\my-vue-project\wind-power-forecast\backend\auto_scripts\dataset\dataset_middle\20250423.csv，等待 30 秒后重试...
2025-04-23 13:42:11,572 - 检查模型目录: D:\my-vue-project\wind-power-forecast\backend\auto_scripts\models\middlemodel\20250423
2025-04-23 13:42:11,572 - 未找到best_models目录，检查传统模型文件
2025-04-23 13:42:11,573 - 未找到任何可用模型文件
2025-04-23 13:42:11,573 - ⏳ 未有可用模型，等待模型训练完成...
2025-04-23 13:42:41,102 - ❌ 未找到训练 CSV 文件: D:\my-vue-project\wind-power-forecast\backend\auto_scripts\dataset\dataset_middle\20250423.csv，等待 30 秒后重试...
2025-04-23 13:42:41,582 - 检查模型目录: D:\my-vue-project\wind-power-forecast\backend\auto_scripts\models\middlemodel\20250423
2025-04-23 13:42:41,583 - 未找到best_models目录，检查传统模型文件
2025-04-23 13:42:41,584 - 未找到任何可用模型文件
2025-04-23 13:42:41,585 - ⏳ 未有可用模型，等待模型训练完成...
2025-04-23 13:43:11,117 - ❌ 未找到训练 CSV 文件: D:\my-vue-project\wind-power-forecast\backend\auto_scripts\dataset\dataset_middle\20250423.csv，等待 30 秒后重试...
2025-04-23 13:43:11,598 - 检查模型目录: D:\my-vue-project\wind-power-forecast\backend\auto_scripts\models\middlemodel\20250423
2025-04-23 13:43:11,599 - 未找到best_models目录，检查传统模型文件
2025-04-23 13:43:11,600 - 未找到任何可用模型文件
2025-04-23 13:43:11,601 - ⏳ 未有可用模型，等待模型训练完成...
2025-04-23 13:43:41,128 - ❌ 未找到训练 CSV 文件: D:\my-vue-project\wind-power-forecast\backend\auto_scripts\dataset\dataset_middle\20250423.csv，等待 30 秒后重试...
2025-04-23 13:43:41,611 - 检查模型目录: D:\my-vue-project\wind-power-forecast\backend\auto_scripts\models\middlemodel\20250423
2025-04-23 13:43:41,612 - 未找到best_models目录，检查传统模型文件
2025-04-23 13:43:41,613 - 未找到任何可用模型文件
2025-04-23 13:43:41,614 - ⏳ 未有可用模型，等待模型训练完成...
2025-04-23 13:44:11,131 - ❌ 未找到训练 CSV 文件: D:\my-vue-project\wind-power-forecast\backend\auto_scripts\dataset\dataset_middle\20250423.csv，等待 30 秒后重试...
2025-04-23 13:44:11,627 - 检查模型目录: D:\my-vue-project\wind-power-forecast\backend\auto_scripts\models\middlemodel\20250423
2025-04-23 13:44:11,628 - 未找到best_models目录，检查传统模型文件
2025-04-23 13:44:11,629 - 未找到任何可用模型文件
2025-04-23 13:44:11,629 - ⏳ 未有可用模型，等待模型训练完成...
2025-04-23 13:44:41,140 - ❌ 未找到训练 CSV 文件: D:\my-vue-project\wind-power-forecast\backend\auto_scripts\dataset\dataset_middle\20250423.csv，等待 30 秒后重试...
2025-04-23 13:44:41,637 - 检查模型目录: D:\my-vue-project\wind-power-forecast\backend\auto_scripts\models\middlemodel\20250423
2025-04-23 13:44:41,638 - 未找到best_models目录，检查传统模型文件
2025-04-23 13:44:41,638 - 未找到任何可用模型文件
2025-04-23 13:44:41,638 - ⏳ 未有可用模型，等待模型训练完成...
2025-04-23 13:45:11,143 - ❌ 未找到训练 CSV 文件: D:\my-vue-project\wind-power-forecast\backend\auto_scripts\dataset\dataset_middle\20250423.csv，等待 30 秒后重试...
2025-04-23 13:45:11,651 - 检查模型目录: D:\my-vue-project\wind-power-forecast\backend\auto_scripts\models\middlemodel\20250423
2025-04-23 13:45:11,652 - 未找到best_models目录，检查传统模型文件
2025-04-23 13:45:11,653 - 未找到任何可用模型文件
2025-04-23 13:45:11,654 - ⏳ 未有可用模型，等待模型训练完成...
2025-04-23 13:45:41,150 - ❌ 未找到训练 CSV 文件: D:\my-vue-project\wind-power-forecast\backend\auto_scripts\dataset\dataset_middle\20250423.csv，等待 30 秒后重试...
2025-04-23 13:45:41,662 - 检查模型目录: D:\my-vue-project\wind-power-forecast\backend\auto_scripts\models\middlemodel\20250423
2025-04-23 13:45:41,663 - 未找到best_models目录，检查传统模型文件
2025-04-23 13:45:41,663 - 未找到任何可用模型文件
2025-04-23 13:45:41,664 - ⏳ 未有可用模型，等待模型训练完成...
2025-04-23 13:46:11,163 - ❌ 未找到训练 CSV 文件: D:\my-vue-project\wind-power-forecast\backend\auto_scripts\dataset\dataset_middle\20250423.csv，等待 30 秒后重试...
2025-04-23 13:46:11,666 - 检查模型目录: D:\my-vue-project\wind-power-forecast\backend\auto_scripts\models\middlemodel\20250423
2025-04-23 13:46:11,667 - 未找到best_models目录，检查传统模型文件
2025-04-23 13:46:11,668 - 未找到任何可用模型文件
2025-04-23 13:46:11,669 - ⏳ 未有可用模型，等待模型训练完成...
2025-04-23 13:46:41,170 - ❌ 未找到训练 CSV 文件: D:\my-vue-project\wind-power-forecast\backend\auto_scripts\dataset\dataset_middle\20250423.csv，等待 30 秒后重试...
2025-04-23 13:46:41,678 - 检查模型目录: D:\my-vue-project\wind-power-forecast\backend\auto_scripts\models\middlemodel\20250423
2025-04-23 13:46:41,678 - 未找到best_models目录，检查传统模型文件
2025-04-23 13:46:41,678 - 未找到任何可用模型文件
2025-04-23 13:46:41,679 - ⏳ 未有可用模型，等待模型训练完成...
2025-04-23 13:47:11,179 - ❌ 未找到训练 CSV 文件: D:\my-vue-project\wind-power-forecast\backend\auto_scripts\dataset\dataset_middle\20250423.csv，等待 30 秒后重试...
2025-04-23 13:47:11,689 - 检查模型目录: D:\my-vue-project\wind-power-forecast\backend\auto_scripts\models\middlemodel\20250423
2025-04-23 13:47:11,690 - 未找到best_models目录，检查传统模型文件
2025-04-23 13:47:11,691 - 未找到任何可用模型文件
2025-04-23 13:47:11,692 - ⏳ 未有可用模型，等待模型训练完成...
2025-04-23 13:47:41,185 - ❌ 未找到训练 CSV 文件: D:\my-vue-project\wind-power-forecast\backend\auto_scripts\dataset\dataset_middle\20250423.csv，等待 30 秒后重试...
2025-04-23 13:47:41,700 - 检查模型目录: D:\my-vue-project\wind-power-forecast\backend\auto_scripts\models\middlemodel\20250423
2025-04-23 13:47:41,701 - 未找到best_models目录，检查传统模型文件
2025-04-23 13:47:41,702 - 未找到任何可用模型文件
2025-04-23 13:47:41,702 - ⏳ 未有可用模型，等待模型训练完成...
2025-04-23 13:48:11,190 - ❌ 未找到训练 CSV 文件: D:\my-vue-project\wind-power-forecast\backend\auto_scripts\dataset\dataset_middle\20250423.csv，等待 30 秒后重试...
2025-04-23 13:48:11,706 - 检查模型目录: D:\my-vue-project\wind-power-forecast\backend\auto_scripts\models\middlemodel\20250423
2025-04-23 13:48:11,707 - 未找到best_models目录，检查传统模型文件
2025-04-23 13:48:11,707 - 未找到任何可用模型文件
2025-04-23 13:48:11,707 - ⏳ 未有可用模型，等待模型训练完成...
2025-04-23 13:48:41,204 - ❌ 未找到训练 CSV 文件: D:\my-vue-project\wind-power-forecast\backend\auto_scripts\dataset\dataset_middle\20250423.csv，等待 30 秒后重试...
2025-04-23 13:48:41,715 - 检查模型目录: D:\my-vue-project\wind-power-forecast\backend\auto_scripts\models\middlemodel\20250423
2025-04-23 13:48:41,715 - 未找到best_models目录，检查传统模型文件
2025-04-23 13:48:41,716 - 未找到任何可用模型文件
2025-04-23 13:48:41,716 - ⏳ 未有可用模型，等待模型训练完成...
2025-04-23 13:49:11,206 - ❌ 未找到训练 CSV 文件: D:\my-vue-project\wind-power-forecast\backend\auto_scripts\dataset\dataset_middle\20250423.csv，等待 30 秒后重试...
2025-04-23 13:49:11,723 - 检查模型目录: D:\my-vue-project\wind-power-forecast\backend\auto_scripts\models\middlemodel\20250423
2025-04-23 13:49:11,724 - 未找到best_models目录，检查传统模型文件
2025-04-23 13:49:11,725 - 未找到任何可用模型文件
2025-04-23 13:49:11,726 - ⏳ 未有可用模型，等待模型训练完成...
2025-04-23 13:49:41,218 - ❌ 未找到训练 CSV 文件: D:\my-vue-project\wind-power-forecast\backend\auto_scripts\dataset\dataset_middle\20250423.csv，等待 30 秒后重试...
2025-04-23 13:49:41,732 - 检查模型目录: D:\my-vue-project\wind-power-forecast\backend\auto_scripts\models\middlemodel\20250423
2025-04-23 13:49:41,732 - 未找到best_models目录，检查传统模型文件
2025-04-23 13:49:41,733 - 未找到任何可用模型文件
2025-04-23 13:49:41,733 - ⏳ 未有可用模型，等待模型训练完成...
2025-04-23 13:50:11,222 - ❌ 未找到训练 CSV 文件: D:\my-vue-project\wind-power-forecast\backend\auto_scripts\dataset\dataset_middle\20250423.csv，等待 30 秒后重试...
2025-04-23 13:50:11,735 - 检查模型目录: D:\my-vue-project\wind-power-forecast\backend\auto_scripts\models\middlemodel\20250423
2025-04-23 13:50:11,736 - 未找到best_models目录，检查传统模型文件
2025-04-23 13:50:11,737 - 未找到任何可用模型文件
2025-04-23 13:50:11,738 - ⏳ 未有可用模型，等待模型训练完成...
2025-04-23 13:50:41,232 - ❌ 未找到训练 CSV 文件: D:\my-vue-project\wind-power-forecast\backend\auto_scripts\dataset\dataset_middle\20250423.csv，等待 30 秒后重试...
2025-04-23 13:50:41,744 - 检查模型目录: D:\my-vue-project\wind-power-forecast\backend\auto_scripts\models\middlemodel\20250423
2025-04-23 13:50:41,745 - 未找到best_models目录，检查传统模型文件
2025-04-23 13:50:41,745 - 未找到任何可用模型文件
2025-04-23 13:50:41,746 - ⏳ 未有可用模型，等待模型训练完成...
2025-04-23 13:51:11,246 - ❌ 未找到训练 CSV 文件: D:\my-vue-project\wind-power-forecast\backend\auto_scripts\dataset\dataset_middle\20250423.csv，等待 30 秒后重试...
2025-04-23 13:51:11,759 - 检查模型目录: D:\my-vue-project\wind-power-forecast\backend\auto_scripts\models\middlemodel\20250423
2025-04-23 13:51:11,760 - 未找到best_models目录，检查传统模型文件
2025-04-23 13:51:11,761 - 未找到任何可用模型文件
2025-04-23 13:51:11,762 - ⏳ 未有可用模型，等待模型训练完成...
2025-04-23 13:51:41,250 - ❌ 未找到训练 CSV 文件: D:\my-vue-project\wind-power-forecast\backend\auto_scripts\dataset\dataset_middle\20250423.csv，等待 30 秒后重试...
2025-04-23 13:51:41,777 - 检查模型目录: D:\my-vue-project\wind-power-forecast\backend\auto_scripts\models\middlemodel\20250423
2025-04-23 13:51:41,778 - 未找到best_models目录，检查传统模型文件
2025-04-23 13:51:41,778 - 未找到任何可用模型文件
2025-04-23 13:51:41,779 - ⏳ 未有可用模型，等待模型训练完成...
2025-04-23 13:52:11,253 - ❌ 未找到训练 CSV 文件: D:\my-vue-project\wind-power-forecast\backend\auto_scripts\dataset\dataset_middle\20250423.csv，等待 30 秒后重试...
2025-04-23 13:52:11,786 - 检查模型目录: D:\my-vue-project\wind-power-forecast\backend\auto_scripts\models\middlemodel\20250423
2025-04-23 13:52:11,787 - 未找到best_models目录，检查传统模型文件
2025-04-23 13:52:11,788 - 未找到任何可用模型文件
2025-04-23 13:52:11,788 - ⏳ 未有可用模型，等待模型训练完成...
2025-04-23 13:52:41,256 - ❌ 未找到训练 CSV 文件: D:\my-vue-project\wind-power-forecast\backend\auto_scripts\dataset\dataset_middle\20250423.csv，等待 30 秒后重试...
2025-04-23 13:52:41,801 - 检查模型目录: D:\my-vue-project\wind-power-forecast\backend\auto_scripts\models\middlemodel\20250423
2025-04-23 13:52:41,802 - 未找到best_models目录，检查传统模型文件
2025-04-23 13:52:41,803 - 未找到任何可用模型文件
2025-04-23 13:52:41,803 - ⏳ 未有可用模型，等待模型训练完成...
2025-04-23 13:53:11,271 - ❌ 未找到训练 CSV 文件: D:\my-vue-project\wind-power-forecast\backend\auto_scripts\dataset\dataset_middle\20250423.csv，等待 30 秒后重试...
2025-04-23 13:53:11,812 - 检查模型目录: D:\my-vue-project\wind-power-forecast\backend\auto_scripts\models\middlemodel\20250423
2025-04-23 13:53:11,812 - 未找到best_models目录，检查传统模型文件
2025-04-23 13:53:11,813 - 未找到任何可用模型文件
2025-04-23 13:53:11,813 - ⏳ 未有可用模型，等待模型训练完成...
2025-04-23 13:53:41,282 - ❌ 未找到训练 CSV 文件: D:\my-vue-project\wind-power-forecast\backend\auto_scripts\dataset\dataset_middle\20250423.csv，等待 30 秒后重试...
2025-04-23 13:53:41,822 - 检查模型目录: D:\my-vue-project\wind-power-forecast\backend\auto_scripts\models\middlemodel\20250423
2025-04-23 13:53:41,822 - 未找到best_models目录，检查传统模型文件
2025-04-23 13:53:41,823 - 未找到任何可用模型文件
2025-04-23 13:53:41,823 - ⏳ 未有可用模型，等待模型训练完成...
2025-04-23 13:54:11,286 - ❌ 未找到训练 CSV 文件: D:\my-vue-project\wind-power-forecast\backend\auto_scripts\dataset\dataset_middle\20250423.csv，等待 30 秒后重试...
2025-04-23 13:54:11,834 - 检查模型目录: D:\my-vue-project\wind-power-forecast\backend\auto_scripts\models\middlemodel\20250423
2025-04-23 13:54:11,835 - 未找到best_models目录，检查传统模型文件
2025-04-23 13:54:11,835 - 未找到任何可用模型文件
2025-04-23 13:54:11,835 - ⏳ 未有可用模型，等待模型训练完成...
2025-04-23 13:54:41,291 - ❌ 未找到训练 CSV 文件: D:\my-vue-project\wind-power-forecast\backend\auto_scripts\dataset\dataset_middle\20250423.csv，等待 30 秒后重试...
2025-04-23 13:54:41,839 - 检查模型目录: D:\my-vue-project\wind-power-forecast\backend\auto_scripts\models\middlemodel\20250423
2025-04-23 13:54:41,840 - 未找到best_models目录，检查传统模型文件
2025-04-23 13:54:41,840 - 未找到任何可用模型文件
2025-04-23 13:54:41,841 - ⏳ 未有可用模型，等待模型训练完成...
2025-04-23 13:55:11,305 - ❌ 未找到训练 CSV 文件: D:\my-vue-project\wind-power-forecast\backend\auto_scripts\dataset\dataset_middle\20250423.csv，等待 30 秒后重试...
2025-04-23 13:55:11,850 - 检查模型目录: D:\my-vue-project\wind-power-forecast\backend\auto_scripts\models\middlemodel\20250423
2025-04-23 13:55:11,851 - 未找到best_models目录，检查传统模型文件
2025-04-23 13:55:11,853 - 未找到任何可用模型文件
2025-04-23 13:55:11,853 - ⏳ 未有可用模型，等待模型训练完成...
2025-04-23 13:55:41,309 - ❌ 未找到训练 CSV 文件: D:\my-vue-project\wind-power-forecast\backend\auto_scripts\dataset\dataset_middle\20250423.csv，等待 30 秒后重试...
2025-04-23 13:55:41,870 - 检查模型目录: D:\my-vue-project\wind-power-forecast\backend\auto_scripts\models\middlemodel\20250423
2025-04-23 13:55:41,871 - 未找到best_models目录，检查传统模型文件
2025-04-23 13:55:41,872 - 未找到任何可用模型文件
2025-04-23 13:55:41,873 - ⏳ 未有可用模型，等待模型训练完成...
2025-04-23 13:56:11,313 - ❌ 未找到训练 CSV 文件: D:\my-vue-project\wind-power-forecast\backend\auto_scripts\dataset\dataset_middle\20250423.csv，等待 30 秒后重试...
2025-04-23 13:56:11,874 - 检查模型目录: D:\my-vue-project\wind-power-forecast\backend\auto_scripts\models\middlemodel\20250423
2025-04-23 13:56:11,874 - 未找到best_models目录，检查传统模型文件
2025-04-23 13:56:11,875 - 未找到任何可用模型文件
2025-04-23 13:56:11,875 - ⏳ 未有可用模型，等待模型训练完成...
2025-04-23 13:56:41,316 - ❌ 未找到训练 CSV 文件: D:\my-vue-project\wind-power-forecast\backend\auto_scripts\dataset\dataset_middle\20250423.csv，等待 30 秒后重试...
2025-04-23 13:56:41,891 - 检查模型目录: D:\my-vue-project\wind-power-forecast\backend\auto_scripts\models\middlemodel\20250423
2025-04-23 13:56:41,892 - 未找到best_models目录，检查传统模型文件
2025-04-23 13:56:41,893 - 未找到任何可用模型文件
2025-04-23 13:56:41,894 - ⏳ 未有可用模型，等待模型训练完成...
2025-04-23 13:57:11,323 - ❌ 未找到训练 CSV 文件: D:\my-vue-project\wind-power-forecast\backend\auto_scripts\dataset\dataset_middle\20250423.csv，等待 30 秒后重试...
2025-04-23 13:57:11,900 - 检查模型目录: D:\my-vue-project\wind-power-forecast\backend\auto_scripts\models\middlemodel\20250423
2025-04-23 13:57:11,901 - 未找到best_models目录，检查传统模型文件
2025-04-23 13:57:11,902 - 未找到任何可用模型文件
2025-04-23 13:57:11,903 - ⏳ 未有可用模型，等待模型训练完成...
2025-04-23 13:57:41,338 - ❌ 未找到训练 CSV 文件: D:\my-vue-project\wind-power-forecast\backend\auto_scripts\dataset\dataset_middle\20250423.csv，等待 30 秒后重试...
2025-04-23 13:57:41,912 - 检查模型目录: D:\my-vue-project\wind-power-forecast\backend\auto_scripts\models\middlemodel\20250423
2025-04-23 13:57:41,912 - 未找到best_models目录，检查传统模型文件
2025-04-23 13:57:41,913 - 未找到任何可用模型文件
2025-04-23 13:57:41,913 - ⏳ 未有可用模型，等待模型训练完成...
2025-04-23 13:58:11,356 - ❌ 未找到训练 CSV 文件: D:\my-vue-project\wind-power-forecast\backend\auto_scripts\dataset\dataset_middle\20250423.csv，等待 30 秒后重试...
2025-04-23 13:58:11,917 - 检查模型目录: D:\my-vue-project\wind-power-forecast\backend\auto_scripts\models\middlemodel\20250423
2025-04-23 13:58:11,917 - 未找到best_models目录，检查传统模型文件
2025-04-23 13:58:11,918 - 未找到任何可用模型文件
2025-04-23 13:58:11,918 - ⏳ 未有可用模型，等待模型训练完成...
2025-04-23 13:58:41,366 - ❌ 未找到训练 CSV 文件: D:\my-vue-project\wind-power-forecast\backend\auto_scripts\dataset\dataset_middle\20250423.csv，等待 30 秒后重试...
2025-04-23 13:58:41,924 - 检查模型目录: D:\my-vue-project\wind-power-forecast\backend\auto_scripts\models\middlemodel\20250423
2025-04-23 13:58:41,925 - 未找到best_models目录，检查传统模型文件
2025-04-23 13:58:41,927 - 未找到任何可用模型文件
2025-04-23 13:58:41,927 - ⏳ 未有可用模型，等待模型训练完成...
2025-04-23 13:59:11,374 - ❌ 未找到训练 CSV 文件: D:\my-vue-project\wind-power-forecast\backend\auto_scripts\dataset\dataset_middle\20250423.csv，等待 30 秒后重试...
2025-04-23 13:59:11,932 - 检查模型目录: D:\my-vue-project\wind-power-forecast\backend\auto_scripts\models\middlemodel\20250423
2025-04-23 13:59:11,932 - 未找到best_models目录，检查传统模型文件
2025-04-23 13:59:11,933 - 未找到任何可用模型文件
2025-04-23 13:59:11,933 - ⏳ 未有可用模型，等待模型训练完成...
2025-04-23 13:59:41,383 - ❌ 未找到训练 CSV 文件: D:\my-vue-project\wind-power-forecast\backend\auto_scripts\dataset\dataset_middle\20250423.csv，等待 30 秒后重试...
2025-04-23 13:59:41,942 - 检查模型目录: D:\my-vue-project\wind-power-forecast\backend\auto_scripts\models\middlemodel\20250423
2025-04-23 13:59:41,943 - 未找到best_models目录，检查传统模型文件
2025-04-23 13:59:41,944 - 未找到任何可用模型文件
2025-04-23 13:59:41,944 - ⏳ 未有可用模型，等待模型训练完成...
2025-04-23 14:00:11,395 - ❌ 未找到训练 CSV 文件: D:\my-vue-project\wind-power-forecast\backend\auto_scripts\dataset\dataset_middle\20250423.csv，等待 30 秒后重试...
2025-04-23 14:00:11,955 - 检查模型目录: D:\my-vue-project\wind-power-forecast\backend\auto_scripts\models\middlemodel\20250423
2025-04-23 14:00:11,956 - 未找到best_models目录，检查传统模型文件
2025-04-23 14:00:11,957 - 未找到任何可用模型文件
2025-04-23 14:00:11,957 - ⏳ 未有可用模型，等待模型训练完成...
2025-04-23 14:00:41,401 - ❌ 未找到训练 CSV 文件: D:\my-vue-project\wind-power-forecast\backend\auto_scripts\dataset\dataset_middle\20250423.csv，等待 30 秒后重试...
2025-04-23 14:00:41,960 - 检查模型目录: D:\my-vue-project\wind-power-forecast\backend\auto_scripts\models\middlemodel\20250423
2025-04-23 14:00:41,961 - 未找到best_models目录，检查传统模型文件
2025-04-23 14:00:41,961 - 未找到任何可用模型文件
2025-04-23 14:00:41,961 - ⏳ 未有可用模型，等待模型训练完成...
2025-04-23 14:01:11,417 - ❌ 未找到训练 CSV 文件: D:\my-vue-project\wind-power-forecast\backend\auto_scripts\dataset\dataset_middle\20250423.csv，等待 30 秒后重试...
2025-04-23 14:01:11,978 - 检查模型目录: D:\my-vue-project\wind-power-forecast\backend\auto_scripts\models\middlemodel\20250423
2025-04-23 14:01:11,979 - 未找到best_models目录，检查传统模型文件
2025-04-23 14:01:11,980 - 未找到任何可用模型文件
2025-04-23 14:01:11,980 - ⏳ 未有可用模型，等待模型训练完成...
2025-04-23 14:01:41,430 - ❌ 未找到训练 CSV 文件: D:\my-vue-project\wind-power-forecast\backend\auto_scripts\dataset\dataset_middle\20250423.csv，等待 30 秒后重试...
2025-04-23 14:01:41,992 - 检查模型目录: D:\my-vue-project\wind-power-forecast\backend\auto_scripts\models\middlemodel\20250423
2025-04-23 14:01:41,992 - 未找到best_models目录，检查传统模型文件
2025-04-23 14:01:41,993 - 未找到任何可用模型文件
2025-04-23 14:01:41,993 - ⏳ 未有可用模型，等待模型训练完成...
2025-04-23 14:02:11,444 - ❌ 未找到训练 CSV 文件: D:\my-vue-project\wind-power-forecast\backend\auto_scripts\dataset\dataset_middle\20250423.csv，等待 30 秒后重试...
2025-04-23 14:02:12,005 - 检查模型目录: D:\my-vue-project\wind-power-forecast\backend\auto_scripts\models\middlemodel\20250423
2025-04-23 14:02:12,006 - 未找到best_models目录，检查传统模型文件
2025-04-23 14:02:12,006 - 未找到任何可用模型文件
2025-04-23 14:02:12,006 - ⏳ 未有可用模型，等待模型训练完成...
2025-04-23 14:02:41,458 - ❌ 未找到训练 CSV 文件: D:\my-vue-project\wind-power-forecast\backend\auto_scripts\dataset\dataset_middle\20250423.csv，等待 30 秒后重试...
2025-04-23 14:02:42,016 - 检查模型目录: D:\my-vue-project\wind-power-forecast\backend\auto_scripts\models\middlemodel\20250423
2025-04-23 14:02:42,016 - 未找到best_models目录，检查传统模型文件
2025-04-23 14:02:42,017 - 未找到任何可用模型文件
2025-04-23 14:02:42,017 - ⏳ 未有可用模型，等待模型训练完成...
2025-04-23 14:03:11,462 - ❌ 未找到训练 CSV 文件: D:\my-vue-project\wind-power-forecast\backend\auto_scripts\dataset\dataset_middle\20250423.csv，等待 30 秒后重试...
2025-04-23 14:03:12,020 - 检查模型目录: D:\my-vue-project\wind-power-forecast\backend\auto_scripts\models\middlemodel\20250423
2025-04-23 14:03:12,021 - 未找到best_models目录，检查传统模型文件
2025-04-23 14:03:12,022 - 未找到任何可用模型文件
2025-04-23 14:03:12,022 - ⏳ 未有可用模型，等待模型训练完成...
2025-04-23 14:03:41,477 - ❌ 未找到训练 CSV 文件: D:\my-vue-project\wind-power-forecast\backend\auto_scripts\dataset\dataset_middle\20250423.csv，等待 30 秒后重试...
2025-04-23 14:03:42,035 - 检查模型目录: D:\my-vue-project\wind-power-forecast\backend\auto_scripts\models\middlemodel\20250423
2025-04-23 14:03:42,035 - 未找到best_models目录，检查传统模型文件
2025-04-23 14:03:42,036 - 未找到任何可用模型文件
2025-04-23 14:03:42,036 - ⏳ 未有可用模型，等待模型训练完成...
2025-04-23 14:04:11,481 - ❌ 未找到训练 CSV 文件: D:\my-vue-project\wind-power-forecast\backend\auto_scripts\dataset\dataset_middle\20250423.csv，等待 30 秒后重试...
2025-04-23 14:04:12,039 - 检查模型目录: D:\my-vue-project\wind-power-forecast\backend\auto_scripts\models\middlemodel\20250423
2025-04-23 14:04:12,040 - 未找到best_models目录，检查传统模型文件
2025-04-23 14:04:12,042 - 未找到任何可用模型文件
2025-04-23 14:04:12,042 - ⏳ 未有可用模型，等待模型训练完成...
2025-04-23 14:04:41,487 - ❌ 未找到训练 CSV 文件: D:\my-vue-project\wind-power-forecast\backend\auto_scripts\dataset\dataset_middle\20250423.csv，等待 30 秒后重试...
2025-04-23 14:04:42,043 - 检查模型目录: D:\my-vue-project\wind-power-forecast\backend\auto_scripts\models\middlemodel\20250423
2025-04-23 14:04:42,043 - 未找到best_models目录，检查传统模型文件
2025-04-23 14:04:42,044 - 未找到任何可用模型文件
2025-04-23 14:04:42,044 - ⏳ 未有可用模型，等待模型训练完成...
2025-04-23 14:05:11,499 - ❌ 未找到训练 CSV 文件: D:\my-vue-project\wind-power-forecast\backend\auto_scripts\dataset\dataset_middle\20250423.csv，等待 30 秒后重试...
2025-04-23 14:05:12,057 - 检查模型目录: D:\my-vue-project\wind-power-forecast\backend\auto_scripts\models\middlemodel\20250423
2025-04-23 14:05:12,058 - 未找到best_models目录，检查传统模型文件
2025-04-23 14:05:12,059 - 未找到任何可用模型文件
2025-04-23 14:05:12,060 - ⏳ 未有可用模型，等待模型训练完成...
2025-04-23 14:05:41,507 - ❌ 未找到训练 CSV 文件: D:\my-vue-project\wind-power-forecast\backend\auto_scripts\dataset\dataset_middle\20250423.csv，等待 30 秒后重试...
2025-04-23 14:05:42,065 - 检查模型目录: D:\my-vue-project\wind-power-forecast\backend\auto_scripts\models\middlemodel\20250423
2025-04-23 14:05:42,065 - 未找到best_models目录，检查传统模型文件
2025-04-23 14:05:42,065 - 未找到任何可用模型文件
2025-04-23 14:05:42,066 - ⏳ 未有可用模型，等待模型训练完成...
2025-04-23 14:06:11,511 - ❌ 未找到训练 CSV 文件: D:\my-vue-project\wind-power-forecast\backend\auto_scripts\dataset\dataset_middle\20250423.csv，等待 30 秒后重试...
2025-04-23 14:06:12,070 - 检查模型目录: D:\my-vue-project\wind-power-forecast\backend\auto_scripts\models\middlemodel\20250423
2025-04-23 14:06:12,072 - 未找到best_models目录，检查传统模型文件
2025-04-23 14:06:12,072 - 未找到任何可用模型文件
2025-04-23 14:06:12,073 - ⏳ 未有可用模型，等待模型训练完成...
2025-04-23 14:06:41,521 - ❌ 未找到训练 CSV 文件: D:\my-vue-project\wind-power-forecast\backend\auto_scripts\dataset\dataset_middle\20250423.csv，等待 30 秒后重试...
2025-04-23 14:06:42,077 - 检查模型目录: D:\my-vue-project\wind-power-forecast\backend\auto_scripts\models\middlemodel\20250423
2025-04-23 14:06:42,078 - 未找到best_models目录，检查传统模型文件
2025-04-23 14:06:42,079 - 未找到任何可用模型文件
2025-04-23 14:06:42,079 - ⏳ 未有可用模型，等待模型训练完成...
2025-04-23 14:07:11,539 - ❌ 未找到训练 CSV 文件: D:\my-vue-project\wind-power-forecast\backend\auto_scripts\dataset\dataset_middle\20250423.csv，等待 30 秒后重试...
2025-04-23 14:07:12,081 - 检查模型目录: D:\my-vue-project\wind-power-forecast\backend\auto_scripts\models\middlemodel\20250423
2025-04-23 14:07:12,082 - 未找到best_models目录，检查传统模型文件
2025-04-23 14:07:12,082 - 未找到任何可用模型文件
2025-04-23 14:07:12,082 - ⏳ 未有可用模型，等待模型训练完成...
2025-04-23 14:07:41,544 - ❌ 未找到训练 CSV 文件: D:\my-vue-project\wind-power-forecast\backend\auto_scripts\dataset\dataset_middle\20250423.csv，等待 30 秒后重试...
2025-04-23 14:07:42,097 - 检查模型目录: D:\my-vue-project\wind-power-forecast\backend\auto_scripts\models\middlemodel\20250423
2025-04-23 14:07:42,097 - 未找到best_models目录，检查传统模型文件
2025-04-23 14:07:42,097 - 未找到任何可用模型文件
2025-04-23 14:07:42,098 - ⏳ 未有可用模型，等待模型训练完成...
2025-04-23 14:08:11,545 - ❌ 未找到训练 CSV 文件: D:\my-vue-project\wind-power-forecast\backend\auto_scripts\dataset\dataset_middle\20250423.csv，等待 30 秒后重试...
2025-04-23 14:08:12,103 - 检查模型目录: D:\my-vue-project\wind-power-forecast\backend\auto_scripts\models\middlemodel\20250423
2025-04-23 14:08:12,103 - 未找到best_models目录，检查传统模型文件
2025-04-23 14:08:12,103 - 未找到任何可用模型文件
2025-04-23 14:08:12,103 - ⏳ 未有可用模型，等待模型训练完成...
2025-04-23 14:08:41,559 - ❌ 未找到训练 CSV 文件: D:\my-vue-project\wind-power-forecast\backend\auto_scripts\dataset\dataset_middle\20250423.csv，等待 30 秒后重试...
2025-04-23 14:08:42,109 - 检查模型目录: D:\my-vue-project\wind-power-forecast\backend\auto_scripts\models\middlemodel\20250423
2025-04-23 14:08:42,109 - 未找到best_models目录，检查传统模型文件
2025-04-23 14:08:42,109 - 未找到任何可用模型文件
2025-04-23 14:08:42,110 - ⏳ 未有可用模型，等待模型训练完成...
2025-04-23 14:09:11,562 - ❌ 未找到训练 CSV 文件: D:\my-vue-project\wind-power-forecast\backend\auto_scripts\dataset\dataset_middle\20250423.csv，等待 30 秒后重试...
2025-04-23 14:09:12,124 - 检查模型目录: D:\my-vue-project\wind-power-forecast\backend\auto_scripts\models\middlemodel\20250423
2025-04-23 14:09:12,124 - 未找到best_models目录，检查传统模型文件
2025-04-23 14:09:12,124 - 未找到任何可用模型文件
2025-04-23 14:09:12,124 - ⏳ 未有可用模型，等待模型训练完成...
2025-04-23 14:09:41,574 - ❌ 未找到训练 CSV 文件: D:\my-vue-project\wind-power-forecast\backend\auto_scripts\dataset\dataset_middle\20250423.csv，等待 30 秒后重试...
2025-04-23 14:09:42,132 - 检查模型目录: D:\my-vue-project\wind-power-forecast\backend\auto_scripts\models\middlemodel\20250423
2025-04-23 14:09:42,132 - 未找到best_models目录，检查传统模型文件
2025-04-23 14:09:42,132 - 未找到任何可用模型文件
2025-04-23 14:09:42,132 - ⏳ 未有可用模型，等待模型训练完成...
2025-04-23 14:10:11,578 - ❌ 未找到训练 CSV 文件: D:\my-vue-project\wind-power-forecast\backend\auto_scripts\dataset\dataset_middle\20250423.csv，等待 30 秒后重试...
2025-04-23 14:10:12,137 - 检查模型目录: D:\my-vue-project\wind-power-forecast\backend\auto_scripts\models\middlemodel\20250423
2025-04-23 14:10:12,137 - 未找到best_models目录，检查传统模型文件
2025-04-23 14:10:12,137 - 未找到任何可用模型文件
2025-04-23 14:10:12,138 - ⏳ 未有可用模型，等待模型训练完成...
2025-04-23 14:10:41,589 - ❌ 未找到训练 CSV 文件: D:\my-vue-project\wind-power-forecast\backend\auto_scripts\dataset\dataset_middle\20250423.csv，等待 30 秒后重试...
2025-04-23 14:10:42,152 - 检查模型目录: D:\my-vue-project\wind-power-forecast\backend\auto_scripts\models\middlemodel\20250423
2025-04-23 14:10:42,153 - 未找到best_models目录，检查传统模型文件
2025-04-23 14:10:42,153 - 未找到任何可用模型文件
2025-04-23 14:10:42,153 - ⏳ 未有可用模型，等待模型训练完成...
2025-04-23 14:11:11,593 - ❌ 未找到训练 CSV 文件: D:\my-vue-project\wind-power-forecast\backend\auto_scripts\dataset\dataset_middle\20250423.csv，等待 30 秒后重试...
2025-04-23 14:11:12,155 - 检查模型目录: D:\my-vue-project\wind-power-forecast\backend\auto_scripts\models\middlemodel\20250423
2025-04-23 14:11:12,155 - 未找到best_models目录，检查传统模型文件
2025-04-23 14:11:12,156 - 未找到任何可用模型文件
2025-04-23 14:11:12,156 - ⏳ 未有可用模型，等待模型训练完成...
2025-04-23 14:11:41,596 - ❌ 未找到训练 CSV 文件: D:\my-vue-project\wind-power-forecast\backend\auto_scripts\dataset\dataset_middle\20250423.csv，等待 30 秒后重试...
2025-04-23 14:11:42,169 - 检查模型目录: D:\my-vue-project\wind-power-forecast\backend\auto_scripts\models\middlemodel\20250423
2025-04-23 14:11:42,170 - 未找到best_models目录，检查传统模型文件
2025-04-23 14:11:42,172 - 未找到任何可用模型文件
2025-04-23 14:11:42,172 - ⏳ 未有可用模型，等待模型训练完成...
2025-04-23 14:12:11,602 - ❌ 未找到训练 CSV 文件: D:\my-vue-project\wind-power-forecast\backend\auto_scripts\dataset\dataset_middle\20250423.csv，等待 30 秒后重试...
2025-04-23 14:12:12,177 - 检查模型目录: D:\my-vue-project\wind-power-forecast\backend\auto_scripts\models\middlemodel\20250423
2025-04-23 14:12:12,178 - 未找到best_models目录，检查传统模型文件
2025-04-23 14:12:12,179 - 未找到任何可用模型文件
2025-04-23 14:12:12,180 - ⏳ 未有可用模型，等待模型训练完成...
2025-04-23 14:12:41,609 - ❌ 未找到训练 CSV 文件: D:\my-vue-project\wind-power-forecast\backend\auto_scripts\dataset\dataset_middle\20250423.csv，等待 30 秒后重试...
2025-04-23 14:12:42,194 - 检查模型目录: D:\my-vue-project\wind-power-forecast\backend\auto_scripts\models\middlemodel\20250423
2025-04-23 14:12:42,194 - 未找到best_models目录，检查传统模型文件
2025-04-23 14:12:42,195 - 未找到任何可用模型文件
2025-04-23 14:12:42,195 - ⏳ 未有可用模型，等待模型训练完成...
2025-04-23 14:13:11,624 - ❌ 未找到训练 CSV 文件: D:\my-vue-project\wind-power-forecast\backend\auto_scripts\dataset\dataset_middle\20250423.csv，等待 30 秒后重试...
2025-04-23 14:13:12,198 - 检查模型目录: D:\my-vue-project\wind-power-forecast\backend\auto_scripts\models\middlemodel\20250423
2025-04-23 14:13:12,198 - 未找到best_models目录，检查传统模型文件
2025-04-23 14:13:12,199 - 未找到任何可用模型文件
2025-04-23 14:13:12,199 - ⏳ 未有可用模型，等待模型训练完成...
2025-04-23 14:13:41,627 - ❌ 未找到训练 CSV 文件: D:\my-vue-project\wind-power-forecast\backend\auto_scripts\dataset\dataset_middle\20250423.csv，等待 30 秒后重试...
2025-04-23 14:13:42,210 - 检查模型目录: D:\my-vue-project\wind-power-forecast\backend\auto_scripts\models\middlemodel\20250423
2025-04-23 14:13:42,210 - 未找到best_models目录，检查传统模型文件
2025-04-23 14:13:42,211 - 未找到任何可用模型文件
2025-04-23 14:13:42,211 - ⏳ 未有可用模型，等待模型训练完成...
2025-04-23 14:14:11,637 - ❌ 未找到训练 CSV 文件: D:\my-vue-project\wind-power-forecast\backend\auto_scripts\dataset\dataset_middle\20250423.csv，等待 30 秒后重试...
2025-04-23 14:14:12,226 - 检查模型目录: D:\my-vue-project\wind-power-forecast\backend\auto_scripts\models\middlemodel\20250423
2025-04-23 14:14:12,227 - 未找到best_models目录，检查传统模型文件
2025-04-23 14:14:12,228 - 未找到任何可用模型文件
2025-04-23 14:14:12,228 - ⏳ 未有可用模型，等待模型训练完成...
2025-04-23 14:14:41,649 - ❌ 未找到训练 CSV 文件: D:\my-vue-project\wind-power-forecast\backend\auto_scripts\dataset\dataset_middle\20250423.csv，等待 30 秒后重试...
2025-04-23 14:14:42,241 - 检查模型目录: D:\my-vue-project\wind-power-forecast\backend\auto_scripts\models\middlemodel\20250423
2025-04-23 14:14:42,241 - 未找到best_models目录，检查传统模型文件
2025-04-23 14:14:42,242 - 未找到任何可用模型文件
2025-04-23 14:14:42,242 - ⏳ 未有可用模型，等待模型训练完成...
2025-04-23 14:15:11,660 - ❌ 未找到训练 CSV 文件: D:\my-vue-project\wind-power-forecast\backend\auto_scripts\dataset\dataset_middle\20250423.csv，等待 30 秒后重试...
2025-04-23 14:15:12,253 - 检查模型目录: D:\my-vue-project\wind-power-forecast\backend\auto_scripts\models\middlemodel\20250423
2025-04-23 14:15:12,253 - 未找到best_models目录，检查传统模型文件
2025-04-23 14:15:12,253 - 未找到任何可用模型文件
2025-04-23 14:15:12,254 - ⏳ 未有可用模型，等待模型训练完成...
2025-04-23 14:15:41,667 - ❌ 未找到训练 CSV 文件: D:\my-vue-project\wind-power-forecast\backend\auto_scripts\dataset\dataset_middle\20250423.csv，等待 30 秒后重试...
2025-04-23 14:15:42,256 - 检查模型目录: D:\my-vue-project\wind-power-forecast\backend\auto_scripts\models\middlemodel\20250423
2025-04-23 14:15:42,256 - 未找到best_models目录，检查传统模型文件
2025-04-23 14:15:42,256 - 未找到任何可用模型文件
2025-04-23 14:15:42,257 - ⏳ 未有可用模型，等待模型训练完成...
2025-04-23 14:16:11,680 - ❌ 未找到训练 CSV 文件: D:\my-vue-project\wind-power-forecast\backend\auto_scripts\dataset\dataset_middle\20250423.csv，等待 30 秒后重试...
2025-04-23 14:16:12,263 - 检查模型目录: D:\my-vue-project\wind-power-forecast\backend\auto_scripts\models\middlemodel\20250423
2025-04-23 14:16:12,264 - 未找到best_models目录，检查传统模型文件
2025-04-23 14:16:12,265 - 未找到任何可用模型文件
2025-04-23 14:16:12,266 - ⏳ 未有可用模型，等待模型训练完成...
2025-04-23 14:16:41,687 - ❌ 未找到训练 CSV 文件: D:\my-vue-project\wind-power-forecast\backend\auto_scripts\dataset\dataset_middle\20250423.csv，等待 30 秒后重试...
2025-04-23 14:16:42,282 - 检查模型目录: D:\my-vue-project\wind-power-forecast\backend\auto_scripts\models\middlemodel\20250423
2025-04-23 14:16:42,284 - 未找到best_models目录，检查传统模型文件
2025-04-23 14:16:42,285 - 未找到任何可用模型文件
2025-04-23 14:16:42,285 - ⏳ 未有可用模型，等待模型训练完成...
2025-04-23 14:17:11,690 - ❌ 未找到训练 CSV 文件: D:\my-vue-project\wind-power-forecast\backend\auto_scripts\dataset\dataset_middle\20250423.csv，等待 30 秒后重试...
2025-04-23 14:17:12,297 - 检查模型目录: D:\my-vue-project\wind-power-forecast\backend\auto_scripts\models\middlemodel\20250423
2025-04-23 14:17:12,298 - 未找到best_models目录，检查传统模型文件
2025-04-23 14:17:12,298 - 未找到任何可用模型文件
2025-04-23 14:17:12,298 - ⏳ 未有可用模型，等待模型训练完成...
2025-04-23 14:17:41,700 - ❌ 未找到训练 CSV 文件: D:\my-vue-project\wind-power-forecast\backend\auto_scripts\dataset\dataset_middle\20250423.csv，等待 30 秒后重试...
2025-04-23 14:17:42,308 - 检查模型目录: D:\my-vue-project\wind-power-forecast\backend\auto_scripts\models\middlemodel\20250423
2025-04-23 14:17:42,309 - 未找到best_models目录，检查传统模型文件
2025-04-23 14:17:42,310 - 未找到任何可用模型文件
2025-04-23 14:17:42,310 - ⏳ 未有可用模型，等待模型训练完成...
2025-04-23 14:18:11,706 - ❌ 未找到训练 CSV 文件: D:\my-vue-project\wind-power-forecast\backend\auto_scripts\dataset\dataset_middle\20250423.csv，等待 30 秒后重试...
2025-04-23 14:18:12,326 - 检查模型目录: D:\my-vue-project\wind-power-forecast\backend\auto_scripts\models\middlemodel\20250423
2025-04-23 14:18:12,326 - 未找到best_models目录，检查传统模型文件
2025-04-23 14:18:12,327 - 未找到任何可用模型文件
2025-04-23 14:18:12,327 - ⏳ 未有可用模型，等待模型训练完成...
2025-04-23 14:18:41,720 - ❌ 未找到训练 CSV 文件: D:\my-vue-project\wind-power-forecast\backend\auto_scripts\dataset\dataset_middle\20250423.csv，等待 30 秒后重试...
2025-04-23 14:18:42,340 - 检查模型目录: D:\my-vue-project\wind-power-forecast\backend\auto_scripts\models\middlemodel\20250423
2025-04-23 14:18:42,341 - 未找到best_models目录，检查传统模型文件
2025-04-23 14:18:42,342 - 未找到任何可用模型文件
2025-04-23 14:18:42,342 - ⏳ 未有可用模型，等待模型训练完成...
2025-04-23 14:19:11,727 - ❌ 未找到训练 CSV 文件: D:\my-vue-project\wind-power-forecast\backend\auto_scripts\dataset\dataset_middle\20250423.csv，等待 30 秒后重试...
2025-04-23 14:19:12,349 - 检查模型目录: D:\my-vue-project\wind-power-forecast\backend\auto_scripts\models\middlemodel\20250423
2025-04-23 14:19:12,349 - 未找到best_models目录，检查传统模型文件
2025-04-23 14:19:12,350 - 未找到任何可用模型文件
2025-04-23 14:19:12,350 - ⏳ 未有可用模型，等待模型训练完成...
2025-04-23 14:19:41,739 - ❌ 未找到训练 CSV 文件: D:\my-vue-project\wind-power-forecast\backend\auto_scripts\dataset\dataset_middle\20250423.csv，等待 30 秒后重试...
2025-04-23 14:19:42,359 - 检查模型目录: D:\my-vue-project\wind-power-forecast\backend\auto_scripts\models\middlemodel\20250423
2025-04-23 14:19:42,360 - 未找到best_models目录，检查传统模型文件
2025-04-23 14:19:42,360 - 未找到任何可用模型文件
2025-04-23 14:19:42,361 - ⏳ 未有可用模型，等待模型训练完成...
2025-04-23 14:20:11,754 - ❌ 未找到训练 CSV 文件: D:\my-vue-project\wind-power-forecast\backend\auto_scripts\dataset\dataset_middle\20250423.csv，等待 30 秒后重试...
2025-04-23 14:20:12,365 - 检查模型目录: D:\my-vue-project\wind-power-forecast\backend\auto_scripts\models\middlemodel\20250423
2025-04-23 14:20:12,367 - 未找到best_models目录，检查传统模型文件
2025-04-23 14:20:12,368 - 未找到任何可用模型文件
2025-04-23 14:20:12,368 - ⏳ 未有可用模型，等待模型训练完成...
2025-04-23 14:20:41,760 - ❌ 未找到训练 CSV 文件: D:\my-vue-project\wind-power-forecast\backend\auto_scripts\dataset\dataset_middle\20250423.csv，等待 30 秒后重试...
2025-04-23 14:20:42,371 - 检查模型目录: D:\my-vue-project\wind-power-forecast\backend\auto_scripts\models\middlemodel\20250423
2025-04-23 14:20:42,373 - 未找到best_models目录，检查传统模型文件
2025-04-23 14:20:42,374 - 未找到任何可用模型文件
2025-04-23 14:20:42,374 - ⏳ 未有可用模型，等待模型训练完成...
2025-04-23 14:21:11,768 - ❌ 未找到训练 CSV 文件: D:\my-vue-project\wind-power-forecast\backend\auto_scripts\dataset\dataset_middle\20250423.csv，等待 30 秒后重试...
2025-04-23 14:21:12,389 - 检查模型目录: D:\my-vue-project\wind-power-forecast\backend\auto_scripts\models\middlemodel\20250423
2025-04-23 14:21:12,390 - 未找到best_models目录，检查传统模型文件
2025-04-23 14:21:12,391 - 未找到任何可用模型文件
2025-04-23 14:21:12,391 - ⏳ 未有可用模型，等待模型训练完成...
2025-04-23 14:21:41,785 - ❌ 未找到训练 CSV 文件: D:\my-vue-project\wind-power-forecast\backend\auto_scripts\dataset\dataset_middle\20250423.csv，等待 30 秒后重试...
2025-04-23 14:21:42,397 - 检查模型目录: D:\my-vue-project\wind-power-forecast\backend\auto_scripts\models\middlemodel\20250423
2025-04-23 14:21:42,398 - 未找到best_models目录，检查传统模型文件
2025-04-23 14:21:42,398 - 未找到任何可用模型文件
2025-04-23 14:21:42,399 - ⏳ 未有可用模型，等待模型训练完成...
2025-04-23 14:22:11,791 - ❌ 未找到训练 CSV 文件: D:\my-vue-project\wind-power-forecast\backend\auto_scripts\dataset\dataset_middle\20250423.csv，等待 30 秒后重试...
2025-04-23 14:22:12,413 - 检查模型目录: D:\my-vue-project\wind-power-forecast\backend\auto_scripts\models\middlemodel\20250423
2025-04-23 14:22:12,413 - 未找到best_models目录，检查传统模型文件
2025-04-23 14:22:12,414 - 未找到任何可用模型文件
2025-04-23 14:22:12,414 - ⏳ 未有可用模型，等待模型训练完成...
2025-04-23 14:22:41,810 - ❌ 未找到训练 CSV 文件: D:\my-vue-project\wind-power-forecast\backend\auto_scripts\dataset\dataset_middle\20250423.csv，等待 30 秒后重试...
2025-04-23 14:22:42,417 - 检查模型目录: D:\my-vue-project\wind-power-forecast\backend\auto_scripts\models\middlemodel\20250423
2025-04-23 14:22:42,418 - 未找到best_models目录，检查传统模型文件
2025-04-23 14:22:42,418 - 未找到任何可用模型文件
2025-04-23 14:22:42,419 - ⏳ 未有可用模型，等待模型训练完成...
2025-04-23 14:23:11,824 - ❌ 未找到训练 CSV 文件: D:\my-vue-project\wind-power-forecast\backend\auto_scripts\dataset\dataset_middle\20250423.csv，等待 30 秒后重试...
2025-04-23 14:23:12,429 - 检查模型目录: D:\my-vue-project\wind-power-forecast\backend\auto_scripts\models\middlemodel\20250423
2025-04-23 14:23:12,429 - 未找到best_models目录，检查传统模型文件
2025-04-23 14:23:12,429 - 未找到任何可用模型文件
2025-04-23 14:23:12,430 - ⏳ 未有可用模型，等待模型训练完成...
2025-04-23 14:23:41,841 - ❌ 未找到训练 CSV 文件: D:\my-vue-project\wind-power-forecast\backend\auto_scripts\dataset\dataset_middle\20250423.csv，等待 30 秒后重试...
2025-04-23 14:23:42,444 - 检查模型目录: D:\my-vue-project\wind-power-forecast\backend\auto_scripts\models\middlemodel\20250423
2025-04-23 14:23:42,444 - 未找到best_models目录，检查传统模型文件
2025-04-23 14:23:42,445 - 未找到任何可用模型文件
2025-04-23 14:23:42,445 - ⏳ 未有可用模型，等待模型训练完成...
2025-04-23 14:24:11,856 - ❌ 未找到训练 CSV 文件: D:\my-vue-project\wind-power-forecast\backend\auto_scripts\dataset\dataset_middle\20250423.csv，等待 30 秒后重试...
2025-04-23 14:24:12,461 - 检查模型目录: D:\my-vue-project\wind-power-forecast\backend\auto_scripts\models\middlemodel\20250423
2025-04-23 14:24:12,462 - 未找到best_models目录，检查传统模型文件
2025-04-23 14:24:12,463 - 未找到任何可用模型文件
2025-04-23 14:24:12,463 - ⏳ 未有可用模型，等待模型训练完成...
2025-04-23 14:24:41,870 - ❌ 未找到训练 CSV 文件: D:\my-vue-project\wind-power-forecast\backend\auto_scripts\dataset\dataset_middle\20250423.csv，等待 30 秒后重试...
2025-04-23 14:24:42,475 - 检查模型目录: D:\my-vue-project\wind-power-forecast\backend\auto_scripts\models\middlemodel\20250423
2025-04-23 14:24:42,476 - 未找到best_models目录，检查传统模型文件
2025-04-23 14:24:42,476 - 未找到任何可用模型文件
2025-04-23 14:24:42,476 - ⏳ 未有可用模型，等待模型训练完成...
2025-04-23 14:25:11,874 - ❌ 未找到训练 CSV 文件: D:\my-vue-project\wind-power-forecast\backend\auto_scripts\dataset\dataset_middle\20250423.csv，等待 30 秒后重试...
2025-04-23 14:25:12,490 - 检查模型目录: D:\my-vue-project\wind-power-forecast\backend\auto_scripts\models\middlemodel\20250423
2025-04-23 14:25:12,490 - 未找到best_models目录，检查传统模型文件
2025-04-23 14:25:12,490 - 未找到任何可用模型文件
2025-04-23 14:25:12,491 - ⏳ 未有可用模型，等待模型训练完成...
2025-04-23 14:25:41,875 - ❌ 未找到训练 CSV 文件: D:\my-vue-project\wind-power-forecast\backend\auto_scripts\dataset\dataset_middle\20250423.csv，等待 30 秒后重试...
2025-04-23 14:25:42,501 - 检查模型目录: D:\my-vue-project\wind-power-forecast\backend\auto_scripts\models\middlemodel\20250423
2025-04-23 14:25:42,501 - 未找到best_models目录，检查传统模型文件
2025-04-23 14:25:42,501 - 未找到任何可用模型文件
2025-04-23 14:25:42,501 - ⏳ 未有可用模型，等待模型训练完成...
2025-04-23 14:26:11,882 - ❌ 未找到训练 CSV 文件: D:\my-vue-project\wind-power-forecast\backend\auto_scripts\dataset\dataset_middle\20250423.csv，等待 30 秒后重试...
2025-04-23 14:26:12,505 - 检查模型目录: D:\my-vue-project\wind-power-forecast\backend\auto_scripts\models\middlemodel\20250423
2025-04-23 14:26:12,506 - 未找到best_models目录，检查传统模型文件
2025-04-23 14:26:12,507 - 未找到任何可用模型文件
2025-04-23 14:26:12,508 - ⏳ 未有可用模型，等待模型训练完成...
2025-04-23 14:26:41,892 - ❌ 未找到训练 CSV 文件: D:\my-vue-project\wind-power-forecast\backend\auto_scripts\dataset\dataset_middle\20250423.csv，等待 30 秒后重试...
2025-04-23 14:26:42,513 - 检查模型目录: D:\my-vue-project\wind-power-forecast\backend\auto_scripts\models\middlemodel\20250423
2025-04-23 14:26:42,514 - 未找到best_models目录，检查传统模型文件
2025-04-23 14:26:42,514 - 未找到任何可用模型文件
2025-04-23 14:26:42,514 - ⏳ 未有可用模型，等待模型训练完成...
2025-04-23 14:27:11,904 - ❌ 未找到训练 CSV 文件: D:\my-vue-project\wind-power-forecast\backend\auto_scripts\dataset\dataset_middle\20250423.csv，等待 30 秒后重试...
2025-04-23 14:27:12,529 - 检查模型目录: D:\my-vue-project\wind-power-forecast\backend\auto_scripts\models\middlemodel\20250423
2025-04-23 14:27:12,529 - 未找到best_models目录，检查传统模型文件
2025-04-23 14:27:12,529 - 未找到任何可用模型文件
2025-04-23 14:27:12,530 - ⏳ 未有可用模型，等待模型训练完成...
2025-04-23 14:27:41,918 - ❌ 未找到训练 CSV 文件: D:\my-vue-project\wind-power-forecast\backend\auto_scripts\dataset\dataset_middle\20250423.csv，等待 30 秒后重试...
2025-04-23 14:27:42,537 - 检查模型目录: D:\my-vue-project\wind-power-forecast\backend\auto_scripts\models\middlemodel\20250423
2025-04-23 14:27:42,537 - 未找到best_models目录，检查传统模型文件
2025-04-23 14:27:42,538 - 未找到任何可用模型文件
2025-04-23 14:27:42,538 - ⏳ 未有可用模型，等待模型训练完成...
2025-04-23 14:28:11,931 - ❌ 未找到训练 CSV 文件: D:\my-vue-project\wind-power-forecast\backend\auto_scripts\dataset\dataset_middle\20250423.csv，等待 30 秒后重试...
2025-04-23 14:28:12,553 - 检查模型目录: D:\my-vue-project\wind-power-forecast\backend\auto_scripts\models\middlemodel\20250423
2025-04-23 14:28:12,553 - 未找到best_models目录，检查传统模型文件
2025-04-23 14:28:12,553 - 未找到任何可用模型文件
2025-04-23 14:28:12,553 - ⏳ 未有可用模型，等待模型训练完成...
2025-04-23 14:28:41,944 - ❌ 未找到训练 CSV 文件: D:\my-vue-project\wind-power-forecast\backend\auto_scripts\dataset\dataset_middle\20250423.csv，等待 30 秒后重试...
2025-04-23 14:28:42,566 - 检查模型目录: D:\my-vue-project\wind-power-forecast\backend\auto_scripts\models\middlemodel\20250423
2025-04-23 14:28:42,566 - 未找到best_models目录，检查传统模型文件
2025-04-23 14:28:42,566 - 未找到任何可用模型文件
2025-04-23 14:28:42,567 - ⏳ 未有可用模型，等待模型训练完成...
2025-04-23 14:29:11,956 - ❌ 未找到训练 CSV 文件: D:\my-vue-project\wind-power-forecast\backend\auto_scripts\dataset\dataset_middle\20250423.csv，等待 30 秒后重试...
2025-04-23 14:29:12,577 - 检查模型目录: D:\my-vue-project\wind-power-forecast\backend\auto_scripts\models\middlemodel\20250423
2025-04-23 14:29:12,577 - 未找到best_models目录，检查传统模型文件
2025-04-23 14:29:12,578 - 未找到任何可用模型文件
2025-04-23 14:29:12,578 - ⏳ 未有可用模型，等待模型训练完成...
2025-04-23 14:29:41,960 - ❌ 未找到训练 CSV 文件: D:\my-vue-project\wind-power-forecast\backend\auto_scripts\dataset\dataset_middle\20250423.csv，等待 30 秒后重试...
2025-04-23 14:29:42,584 - 检查模型目录: D:\my-vue-project\wind-power-forecast\backend\auto_scripts\models\middlemodel\20250423
2025-04-23 14:29:42,584 - 未找到best_models目录，检查传统模型文件
2025-04-23 14:29:42,585 - 未找到任何可用模型文件
2025-04-23 14:29:42,585 - ⏳ 未有可用模型，等待模型训练完成...
2025-04-23 14:30:11,971 - ❌ 未找到训练 CSV 文件: D:\my-vue-project\wind-power-forecast\backend\auto_scripts\dataset\dataset_middle\20250423.csv，等待 30 秒后重试...
2025-04-23 14:30:12,598 - 检查模型目录: D:\my-vue-project\wind-power-forecast\backend\auto_scripts\models\middlemodel\20250423
2025-04-23 14:30:12,600 - 未找到best_models目录，检查传统模型文件
2025-04-23 14:30:12,601 - 未找到任何可用模型文件
2025-04-23 14:30:12,602 - ⏳ 未有可用模型，等待模型训练完成...
2025-04-23 14:30:41,980 - ❌ 未找到训练 CSV 文件: D:\my-vue-project\wind-power-forecast\backend\auto_scripts\dataset\dataset_middle\20250423.csv，等待 30 秒后重试...
2025-04-23 14:30:42,604 - 检查模型目录: D:\my-vue-project\wind-power-forecast\backend\auto_scripts\models\middlemodel\20250423
2025-04-23 14:30:42,605 - 未找到best_models目录，检查传统模型文件
2025-04-23 14:30:42,607 - 未找到任何可用模型文件
2025-04-23 14:30:42,607 - ⏳ 未有可用模型，等待模型训练完成...
2025-04-23 14:31:11,985 - ❌ 未找到训练 CSV 文件: D:\my-vue-project\wind-power-forecast\backend\auto_scripts\dataset\dataset_middle\20250423.csv，等待 30 秒后重试...
2025-04-23 14:31:12,623 - 检查模型目录: D:\my-vue-project\wind-power-forecast\backend\auto_scripts\models\middlemodel\20250423
2025-04-23 14:31:12,624 - 未找到best_models目录，检查传统模型文件
2025-04-23 14:31:12,624 - 未找到任何可用模型文件
2025-04-23 14:31:12,624 - ⏳ 未有可用模型，等待模型训练完成...
2025-04-23 14:31:41,998 - ❌ 未找到训练 CSV 文件: D:\my-vue-project\wind-power-forecast\backend\auto_scripts\dataset\dataset_middle\20250423.csv，等待 30 秒后重试...
2025-04-23 14:31:42,640 - 检查模型目录: D:\my-vue-project\wind-power-forecast\backend\auto_scripts\models\middlemodel\20250423
2025-04-23 14:31:42,641 - 未找到best_models目录，检查传统模型文件
2025-04-23 14:31:42,642 - 未找到任何可用模型文件
2025-04-23 14:31:42,643 - ⏳ 未有可用模型，等待模型训练完成...
2025-04-23 14:32:12,002 - ❌ 未找到训练 CSV 文件: D:\my-vue-project\wind-power-forecast\backend\auto_scripts\dataset\dataset_middle\20250423.csv，等待 30 秒后重试...
2025-04-23 14:32:12,657 - 检查模型目录: D:\my-vue-project\wind-power-forecast\backend\auto_scripts\models\middlemodel\20250423
2025-04-23 14:32:12,658 - 未找到best_models目录，检查传统模型文件
2025-04-23 14:32:12,659 - 未找到任何可用模型文件
2025-04-23 14:32:12,660 - ⏳ 未有可用模型，等待模型训练完成...
2025-04-23 14:32:42,017 - ❌ 未找到训练 CSV 文件: D:\my-vue-project\wind-power-forecast\backend\auto_scripts\dataset\dataset_middle\20250423.csv，等待 30 秒后重试...
2025-04-23 14:32:42,670 - 检查模型目录: D:\my-vue-project\wind-power-forecast\backend\auto_scripts\models\middlemodel\20250423
2025-04-23 14:32:42,670 - 未找到best_models目录，检查传统模型文件
2025-04-23 14:32:42,671 - 未找到任何可用模型文件
2025-04-23 14:32:42,671 - ⏳ 未有可用模型，等待模型训练完成...
2025-04-23 14:33:12,022 - ❌ 未找到训练 CSV 文件: D:\my-vue-project\wind-power-forecast\backend\auto_scripts\dataset\dataset_middle\20250423.csv，等待 30 秒后重试...
2025-04-23 14:33:12,678 - 检查模型目录: D:\my-vue-project\wind-power-forecast\backend\auto_scripts\models\middlemodel\20250423
2025-04-23 14:33:12,678 - 未找到best_models目录，检查传统模型文件
2025-04-23 14:33:12,678 - 未找到任何可用模型文件
2025-04-23 14:33:12,679 - ⏳ 未有可用模型，等待模型训练完成...
2025-04-23 14:33:42,024 - ❌ 未找到训练 CSV 文件: D:\my-vue-project\wind-power-forecast\backend\auto_scripts\dataset\dataset_middle\20250423.csv，等待 30 秒后重试...
2025-04-23 14:33:42,693 - 检查模型目录: D:\my-vue-project\wind-power-forecast\backend\auto_scripts\models\middlemodel\20250423
2025-04-23 14:33:42,694 - 未找到best_models目录，检查传统模型文件
2025-04-23 14:33:42,695 - 未找到任何可用模型文件
2025-04-23 14:33:42,696 - ⏳ 未有可用模型，等待模型训练完成...
2025-04-23 14:34:12,028 - ❌ 未找到训练 CSV 文件: D:\my-vue-project\wind-power-forecast\backend\auto_scripts\dataset\dataset_middle\20250423.csv，等待 30 秒后重试...
2025-04-23 14:34:12,698 - 检查模型目录: D:\my-vue-project\wind-power-forecast\backend\auto_scripts\models\middlemodel\20250423
2025-04-23 14:34:12,699 - 未找到best_models目录，检查传统模型文件
2025-04-23 14:34:12,699 - 未找到任何可用模型文件
2025-04-23 14:34:12,700 - ⏳ 未有可用模型，等待模型训练完成...
2025-04-23 14:34:42,044 - ❌ 未找到训练 CSV 文件: D:\my-vue-project\wind-power-forecast\backend\auto_scripts\dataset\dataset_middle\20250423.csv，等待 30 秒后重试...
2025-04-23 14:34:42,711 - 检查模型目录: D:\my-vue-project\wind-power-forecast\backend\auto_scripts\models\middlemodel\20250423
2025-04-23 14:34:42,712 - 未找到best_models目录，检查传统模型文件
2025-04-23 14:34:42,712 - 未找到任何可用模型文件
2025-04-23 14:34:42,712 - ⏳ 未有可用模型，等待模型训练完成...
2025-04-23 14:35:12,051 - ❌ 未找到训练 CSV 文件: D:\my-vue-project\wind-power-forecast\backend\auto_scripts\dataset\dataset_middle\20250423.csv，等待 30 秒后重试...
2025-04-23 14:35:12,724 - 检查模型目录: D:\my-vue-project\wind-power-forecast\backend\auto_scripts\models\middlemodel\20250423
2025-04-23 14:35:12,725 - 未找到best_models目录，检查传统模型文件
2025-04-23 14:35:12,726 - 未找到任何可用模型文件
2025-04-23 14:35:12,727 - ⏳ 未有可用模型，等待模型训练完成...
2025-04-23 14:35:42,068 - ❌ 未找到训练 CSV 文件: D:\my-vue-project\wind-power-forecast\backend\auto_scripts\dataset\dataset_middle\20250423.csv，等待 30 秒后重试...
2025-04-23 14:35:42,740 - 检查模型目录: D:\my-vue-project\wind-power-forecast\backend\auto_scripts\models\middlemodel\20250423
2025-04-23 14:35:42,741 - 未找到best_models目录，检查传统模型文件
2025-04-23 14:35:42,742 - 未找到任何可用模型文件
2025-04-23 14:35:42,743 - ⏳ 未有可用模型，等待模型训练完成...
2025-04-23 14:36:12,082 - ❌ 未找到训练 CSV 文件: D:\my-vue-project\wind-power-forecast\backend\auto_scripts\dataset\dataset_middle\20250423.csv，等待 30 秒后重试...
2025-04-23 14:36:12,751 - 检查模型目录: D:\my-vue-project\wind-power-forecast\backend\auto_scripts\models\middlemodel\20250423
2025-04-23 14:36:12,753 - 未找到best_models目录，检查传统模型文件
2025-04-23 14:36:12,754 - 未找到任何可用模型文件
2025-04-23 14:36:12,754 - ⏳ 未有可用模型，等待模型训练完成...
2025-04-23 14:36:42,088 - ❌ 未找到训练 CSV 文件: D:\my-vue-project\wind-power-forecast\backend\auto_scripts\dataset\dataset_middle\20250423.csv，等待 30 秒后重试...
2025-04-23 14:36:42,758 - 检查模型目录: D:\my-vue-project\wind-power-forecast\backend\auto_scripts\models\middlemodel\20250423
2025-04-23 14:36:42,758 - 未找到best_models目录，检查传统模型文件
2025-04-23 14:36:42,758 - 未找到任何可用模型文件
2025-04-23 14:36:42,759 - ⏳ 未有可用模型，等待模型训练完成...
2025-04-23 14:37:12,105 - ❌ 未找到训练 CSV 文件: D:\my-vue-project\wind-power-forecast\backend\auto_scripts\dataset\dataset_middle\20250423.csv，等待 30 秒后重试...
2025-04-23 14:37:12,763 - 检查模型目录: D:\my-vue-project\wind-power-forecast\backend\auto_scripts\models\middlemodel\20250423
2025-04-23 14:37:12,763 - 未找到best_models目录，检查传统模型文件
2025-04-23 14:37:12,764 - 未找到任何可用模型文件
2025-04-23 14:37:12,764 - ⏳ 未有可用模型，等待模型训练完成...
2025-04-23 14:37:42,113 - ❌ 未找到训练 CSV 文件: D:\my-vue-project\wind-power-forecast\backend\auto_scripts\dataset\dataset_middle\20250423.csv，等待 30 秒后重试...
2025-04-23 14:37:42,767 - 检查模型目录: D:\my-vue-project\wind-power-forecast\backend\auto_scripts\models\middlemodel\20250423
2025-04-23 14:37:42,768 - 未找到best_models目录，检查传统模型文件
2025-04-23 14:37:42,769 - 未找到任何可用模型文件
2025-04-23 14:37:42,770 - ⏳ 未有可用模型，等待模型训练完成...
2025-04-23 14:38:12,121 - ❌ 未找到训练 CSV 文件: D:\my-vue-project\wind-power-forecast\backend\auto_scripts\dataset\dataset_middle\20250423.csv，等待 30 秒后重试...
2025-04-23 14:38:12,774 - 检查模型目录: D:\my-vue-project\wind-power-forecast\backend\auto_scripts\models\middlemodel\20250423
2025-04-23 14:38:12,774 - 未找到best_models目录，检查传统模型文件
2025-04-23 14:38:12,775 - 未找到任何可用模型文件
2025-04-23 14:38:12,775 - ⏳ 未有可用模型，等待模型训练完成...
2025-04-23 14:38:42,135 - ❌ 未找到训练 CSV 文件: D:\my-vue-project\wind-power-forecast\backend\auto_scripts\dataset\dataset_middle\20250423.csv，等待 30 秒后重试...
2025-04-23 14:38:42,789 - 检查模型目录: D:\my-vue-project\wind-power-forecast\backend\auto_scripts\models\middlemodel\20250423
2025-04-23 14:38:42,789 - 未找到best_models目录，检查传统模型文件
2025-04-23 14:38:42,790 - 未找到任何可用模型文件
2025-04-23 14:38:42,790 - ⏳ 未有可用模型，等待模型训练完成...
2025-04-23 14:39:12,151 - ❌ 未找到训练 CSV 文件: D:\my-vue-project\wind-power-forecast\backend\auto_scripts\dataset\dataset_middle\20250423.csv，等待 30 秒后重试...
2025-04-23 14:39:12,805 - 检查模型目录: D:\my-vue-project\wind-power-forecast\backend\auto_scripts\models\middlemodel\20250423
2025-04-23 14:39:12,805 - 未找到best_models目录，检查传统模型文件
2025-04-23 14:39:12,806 - 未找到任何可用模型文件
2025-04-23 14:39:12,806 - ⏳ 未有可用模型，等待模型训练完成...
2025-04-23 14:39:42,161 - ❌ 未找到训练 CSV 文件: D:\my-vue-project\wind-power-forecast\backend\auto_scripts\dataset\dataset_middle\20250423.csv，等待 30 秒后重试...
2025-04-23 14:39:42,812 - 检查模型目录: D:\my-vue-project\wind-power-forecast\backend\auto_scripts\models\middlemodel\20250423
2025-04-23 14:39:42,813 - 未找到best_models目录，检查传统模型文件
2025-04-23 14:39:42,814 - 未找到任何可用模型文件
2025-04-23 14:39:42,815 - ⏳ 未有可用模型，等待模型训练完成...
2025-04-23 14:40:12,166 - ❌ 未找到训练 CSV 文件: D:\my-vue-project\wind-power-forecast\backend\auto_scripts\dataset\dataset_middle\20250423.csv，等待 30 秒后重试...
2025-04-23 14:40:12,825 - 检查模型目录: D:\my-vue-project\wind-power-forecast\backend\auto_scripts\models\middlemodel\20250423
2025-04-23 14:40:12,826 - 未找到best_models目录，检查传统模型文件
2025-04-23 14:40:12,826 - 未找到任何可用模型文件
2025-04-23 14:40:12,826 - ⏳ 未有可用模型，等待模型训练完成...
2025-04-23 14:40:42,179 - ❌ 未找到训练 CSV 文件: D:\my-vue-project\wind-power-forecast\backend\auto_scripts\dataset\dataset_middle\20250423.csv，等待 30 秒后重试...
2025-04-23 14:40:42,834 - 检查模型目录: D:\my-vue-project\wind-power-forecast\backend\auto_scripts\models\middlemodel\20250423
2025-04-23 14:40:42,835 - 未找到best_models目录，检查传统模型文件
2025-04-23 14:40:42,835 - 未找到任何可用模型文件
2025-04-23 14:40:42,835 - ⏳ 未有可用模型，等待模型训练完成...
2025-04-23 14:41:12,187 - ❌ 未找到训练 CSV 文件: D:\my-vue-project\wind-power-forecast\backend\auto_scripts\dataset\dataset_middle\20250423.csv，等待 30 秒后重试...
2025-04-23 14:41:12,840 - 检查模型目录: D:\my-vue-project\wind-power-forecast\backend\auto_scripts\models\middlemodel\20250423
2025-04-23 14:41:12,841 - 未找到best_models目录，检查传统模型文件
2025-04-23 14:41:12,842 - 未找到任何可用模型文件
2025-04-23 14:41:12,843 - ⏳ 未有可用模型，等待模型训练完成...
2025-04-23 14:41:42,196 - ❌ 未找到训练 CSV 文件: D:\my-vue-project\wind-power-forecast\backend\auto_scripts\dataset\dataset_middle\20250423.csv，等待 30 秒后重试...
2025-04-23 14:41:42,852 - 检查模型目录: D:\my-vue-project\wind-power-forecast\backend\auto_scripts\models\middlemodel\20250423
2025-04-23 14:41:42,852 - 未找到best_models目录，检查传统模型文件
2025-04-23 14:41:42,853 - 未找到任何可用模型文件
2025-04-23 14:41:42,853 - ⏳ 未有可用模型，等待模型训练完成...
2025-04-23 14:42:12,210 - ❌ 未找到训练 CSV 文件: D:\my-vue-project\wind-power-forecast\backend\auto_scripts\dataset\dataset_middle\20250423.csv，等待 30 秒后重试...
2025-04-23 14:42:12,861 - 检查模型目录: D:\my-vue-project\wind-power-forecast\backend\auto_scripts\models\middlemodel\20250423
2025-04-23 14:42:12,861 - 未找到best_models目录，检查传统模型文件
2025-04-23 14:42:12,862 - 未找到任何可用模型文件
2025-04-23 14:42:12,862 - ⏳ 未有可用模型，等待模型训练完成...
2025-04-23 14:42:42,222 - ❌ 未找到训练 CSV 文件: D:\my-vue-project\wind-power-forecast\backend\auto_scripts\dataset\dataset_middle\20250423.csv，等待 30 秒后重试...
2025-04-23 14:42:42,877 - 检查模型目录: D:\my-vue-project\wind-power-forecast\backend\auto_scripts\models\middlemodel\20250423
2025-04-23 14:42:42,877 - 未找到best_models目录，检查传统模型文件
2025-04-23 14:42:42,878 - 未找到任何可用模型文件
2025-04-23 14:42:42,878 - ⏳ 未有可用模型，等待模型训练完成...
2025-04-23 14:43:12,229 - ❌ 未找到训练 CSV 文件: D:\my-vue-project\wind-power-forecast\backend\auto_scripts\dataset\dataset_middle\20250423.csv，等待 30 秒后重试...
2025-04-23 14:43:12,883 - 检查模型目录: D:\my-vue-project\wind-power-forecast\backend\auto_scripts\models\middlemodel\20250423
2025-04-23 14:43:12,883 - 未找到best_models目录，检查传统模型文件
2025-04-23 14:43:12,883 - 未找到任何可用模型文件
2025-04-23 14:43:12,883 - ⏳ 未有可用模型，等待模型训练完成...
2025-04-23 14:43:42,231 - ❌ 未找到训练 CSV 文件: D:\my-vue-project\wind-power-forecast\backend\auto_scripts\dataset\dataset_middle\20250423.csv，等待 30 秒后重试...
2025-04-23 14:43:42,899 - 检查模型目录: D:\my-vue-project\wind-power-forecast\backend\auto_scripts\models\middlemodel\20250423
2025-04-23 14:43:42,900 - 未找到best_models目录，检查传统模型文件
2025-04-23 14:43:42,901 - 未找到任何可用模型文件
2025-04-23 14:43:42,902 - ⏳ 未有可用模型，等待模型训练完成...
2025-04-23 14:44:12,240 - ❌ 未找到训练 CSV 文件: D:\my-vue-project\wind-power-forecast\backend\auto_scripts\dataset\dataset_middle\20250423.csv，等待 30 秒后重试...
2025-04-23 14:44:12,905 - 检查模型目录: D:\my-vue-project\wind-power-forecast\backend\auto_scripts\models\middlemodel\20250423
2025-04-23 14:44:12,906 - 未找到best_models目录，检查传统模型文件
2025-04-23 14:44:12,907 - 未找到任何可用模型文件
2025-04-23 14:44:12,908 - ⏳ 未有可用模型，等待模型训练完成...
2025-04-23 14:44:42,242 - ❌ 未找到训练 CSV 文件: D:\my-vue-project\wind-power-forecast\backend\auto_scripts\dataset\dataset_middle\20250423.csv，等待 30 秒后重试...
2025-04-23 14:44:42,910 - 检查模型目录: D:\my-vue-project\wind-power-forecast\backend\auto_scripts\models\middlemodel\20250423
2025-04-23 14:44:42,910 - 未找到best_models目录，检查传统模型文件
2025-04-23 14:44:42,910 - 未找到任何可用模型文件
2025-04-23 14:44:42,911 - ⏳ 未有可用模型，等待模型训练完成...
2025-04-23 15:36:23,681 - 
================================================================================
2025-04-23 15:36:23,681 - >>> 自动训练预测系统启动 <<<
2025-04-23 15:36:23,681 - ================================================================================

2025-04-23 15:36:23,681 - 自动训练预测系统启动
2025-04-23 15:36:23,681 - 今天的日期是: 20250423
2025-04-23 15:36:23,681 - 创建监视线程...
2025-04-23 15:36:23,681 - 启动训练线程...
2025-04-23 15:36:23,682 - 启动预测线程...
2025-04-23 15:36:23,682 - 
================================================================================
2025-04-23 15:36:23,682 - 等待线程完成...
2025-04-23 15:36:23,682 - >>> 启动训练监视线程 <<<
2025-04-23 15:36:23,683 - 
================================================================================
2025-04-23 15:36:23,683 - ================================================================================

2025-04-23 15:36:23,683 - >>> 启动预测监视线程 <<<
2025-04-23 15:36:23,683 - 启动训练监视线程
2025-04-23 15:36:23,683 - ================================================================================

2025-04-23 15:36:23,683 - 启动预测监视线程
2025-04-23 15:36:23,683 - 训练文件路径: D:\my-vue-project\wind-power-forecast\backend\auto_scripts\dataset\dataset_middle\20250423.csv
2025-04-23 15:36:23,683 - 模型存储目录: D:\my-vue-project\wind-power-forecast\backend\auto_scripts\models\middlemodel\20250423
2025-04-23 15:36:23,683 - 预测数据文件路径: D:\my-vue-project\wind-power-forecast\backend\auto_scripts\precsv\middlecsv\20250423.csv
2025-04-23 15:36:23,683 - 训练完成标志文件: D:\my-vue-project\wind-power-forecast\backend\auto_scripts\scripts\middle\logs\auto_pre_train\20250423_train_done.flag
2025-04-23 15:36:23,684 - 模型目录: D:\my-vue-project\wind-power-forecast\backend\auto_scripts\models\middlemodel\20250423
2025-04-23 15:36:23,684 - 开始监视 D:\my-vue-project\wind-power-forecast\backend\auto_scripts\dataset\dataset_middle 文件夹以进行训练...
2025-04-23 15:36:23,684 - 预测完成标志文件: D:\my-vue-project\wind-power-forecast\backend\auto_scripts\scripts\middle\logs\auto_pre_train\20250423_predict_done.flag
2025-04-23 15:36:23,684 - 开始监视 D:\my-vue-project\wind-power-forecast\backend\auto_scripts\precsv\middlecsv 文件夹以进行预测...
2025-04-23 15:36:23,684 - 检查模型目录: D:\my-vue-project\wind-power-forecast\backend\auto_scripts\models\middlemodel\20250423
2025-04-23 15:36:23,684 - ❌ 未找到训练 CSV 文件: D:\my-vue-project\wind-power-forecast\backend\auto_scripts\dataset\dataset_middle\20250423.csv，等待 30 秒后重试...
2025-04-23 15:36:23,684 - 未找到best_models目录，检查传统模型文件
2025-04-23 15:36:23,684 - 未找到任何可用模型文件
2025-04-23 15:36:23,684 - ⏳ 未有可用模型，等待模型训练完成...
2025-04-23 15:36:53,692 - 检查模型目录: D:\my-vue-project\wind-power-forecast\backend\auto_scripts\models\middlemodel\20250423
2025-04-23 15:36:53,693 - ❌ 未找到训练 CSV 文件: D:\my-vue-project\wind-power-forecast\backend\auto_scripts\dataset\dataset_middle\20250423.csv，等待 30 秒后重试...
2025-04-23 15:36:53,694 - 未找到best_models目录，检查传统模型文件
2025-04-23 15:36:53,696 - 未找到任何可用模型文件
2025-04-23 15:36:53,696 - ⏳ 未有可用模型，等待模型训练完成...
2025-04-23 15:37:23,697 - 检查模型目录: D:\my-vue-project\wind-power-forecast\backend\auto_scripts\models\middlemodel\20250423
2025-04-23 15:37:23,697 - ❌ 未找到训练 CSV 文件: D:\my-vue-project\wind-power-forecast\backend\auto_scripts\dataset\dataset_middle\20250423.csv，等待 30 秒后重试...
2025-04-23 15:37:23,697 - 未找到best_models目录，检查传统模型文件
2025-04-23 15:37:23,698 - 未找到任何可用模型文件
2025-04-23 15:37:23,698 - ⏳ 未有可用模型，等待模型训练完成...
2025-04-23 15:37:53,707 - 检查模型目录: D:\my-vue-project\wind-power-forecast\backend\auto_scripts\models\middlemodel\20250423
2025-04-23 15:37:53,707 - ❌ 未找到训练 CSV 文件: D:\my-vue-project\wind-power-forecast\backend\auto_scripts\dataset\dataset_middle\20250423.csv，等待 30 秒后重试...
2025-04-23 15:37:53,707 - 未找到best_models目录，检查传统模型文件
2025-04-23 15:37:53,708 - 未找到任何可用模型文件
2025-04-23 15:37:53,708 - ⏳ 未有可用模型，等待模型训练完成...
2025-04-23 15:38:23,718 - 检查模型目录: D:\my-vue-project\wind-power-forecast\backend\auto_scripts\models\middlemodel\20250423
2025-04-23 15:38:23,718 - ❌ 未找到训练 CSV 文件: D:\my-vue-project\wind-power-forecast\backend\auto_scripts\dataset\dataset_middle\20250423.csv，等待 30 秒后重试...
2025-04-23 15:38:23,719 - 未找到best_models目录，检查传统模型文件
2025-04-23 15:38:23,719 - 未找到任何可用模型文件
2025-04-23 15:38:23,719 - ⏳ 未有可用模型，等待模型训练完成...
2025-04-23 15:38:53,723 - 检查模型目录: D:\my-vue-project\wind-power-forecast\backend\auto_scripts\models\middlemodel\20250423
2025-04-23 15:38:53,723 - ❌ 未找到训练 CSV 文件: D:\my-vue-project\wind-power-forecast\backend\auto_scripts\dataset\dataset_middle\20250423.csv，等待 30 秒后重试...
2025-04-23 15:38:53,723 - 未找到best_models目录，检查传统模型文件
2025-04-23 15:38:53,724 - 未找到任何可用模型文件
2025-04-23 15:38:53,724 - ⏳ 未有可用模型，等待模型训练完成...
2025-04-23 15:39:23,729 - 检查模型目录: D:\my-vue-project\wind-power-forecast\backend\auto_scripts\models\middlemodel\20250423
2025-04-23 15:39:23,730 - ❌ 未找到训练 CSV 文件: D:\my-vue-project\wind-power-forecast\backend\auto_scripts\dataset\dataset_middle\20250423.csv，等待 30 秒后重试...
2025-04-23 15:39:23,730 - 未找到best_models目录，检查传统模型文件
2025-04-23 15:39:23,731 - 未找到任何可用模型文件
2025-04-23 15:39:23,731 - ⏳ 未有可用模型，等待模型训练完成...
2025-04-23 15:39:53,742 - 检查模型目录: D:\my-vue-project\wind-power-forecast\backend\auto_scripts\models\middlemodel\20250423
2025-04-23 15:39:53,744 - 未找到best_models目录，检查传统模型文件
2025-04-23 15:39:53,746 - ❌ 未找到训练 CSV 文件: D:\my-vue-project\wind-power-forecast\backend\auto_scripts\dataset\dataset_middle\20250423.csv，等待 30 秒后重试...
2025-04-23 15:39:53,746 - 未找到任何可用模型文件
2025-04-23 15:39:53,746 - ⏳ 未有可用模型，等待模型训练完成...
2025-04-23 15:40:23,761 - 检查模型目录: D:\my-vue-project\wind-power-forecast\backend\auto_scripts\models\middlemodel\20250423
2025-04-23 15:40:23,761 - ❌ 未找到训练 CSV 文件: D:\my-vue-project\wind-power-forecast\backend\auto_scripts\dataset\dataset_middle\20250423.csv，等待 30 秒后重试...
2025-04-23 15:40:23,761 - 未找到best_models目录，检查传统模型文件
2025-04-23 15:40:23,762 - 未找到任何可用模型文件
2025-04-23 15:40:23,762 - ⏳ 未有可用模型，等待模型训练完成...
2025-04-23 15:40:53,766 - 检查模型目录: D:\my-vue-project\wind-power-forecast\backend\auto_scripts\models\middlemodel\20250423
2025-04-23 15:40:53,766 - 未找到best_models目录，检查传统模型文件
2025-04-23 15:40:53,766 - ❌ 未找到训练 CSV 文件: D:\my-vue-project\wind-power-forecast\backend\auto_scripts\dataset\dataset_middle\20250423.csv，等待 30 秒后重试...
2025-04-23 15:40:53,767 - 未找到任何可用模型文件
2025-04-23 15:40:53,767 - ⏳ 未有可用模型，等待模型训练完成...
2025-04-23 15:41:23,771 - 检查模型目录: D:\my-vue-project\wind-power-forecast\backend\auto_scripts\models\middlemodel\20250423
2025-04-23 15:41:23,771 - ❌ 未找到训练 CSV 文件: D:\my-vue-project\wind-power-forecast\backend\auto_scripts\dataset\dataset_middle\20250423.csv，等待 30 秒后重试...
2025-04-23 15:41:23,771 - 未找到best_models目录，检查传统模型文件
2025-04-23 15:41:23,772 - 未找到任何可用模型文件
2025-04-23 15:41:23,772 - ⏳ 未有可用模型，等待模型训练完成...
2025-04-23 15:41:53,773 - 检查模型目录: D:\my-vue-project\wind-power-forecast\backend\auto_scripts\models\middlemodel\20250423
2025-04-23 15:41:53,773 - ❌ 未找到训练 CSV 文件: D:\my-vue-project\wind-power-forecast\backend\auto_scripts\dataset\dataset_middle\20250423.csv，等待 30 秒后重试...
2025-04-23 15:41:53,774 - 未找到best_models目录，检查传统模型文件
2025-04-23 15:41:53,774 - 未找到任何可用模型文件
2025-04-23 15:41:53,774 - ⏳ 未有可用模型，等待模型训练完成...
2025-04-23 15:42:23,790 - 检查模型目录: D:\my-vue-project\wind-power-forecast\backend\auto_scripts\models\middlemodel\20250423
2025-04-23 15:42:23,790 - ❌ 未找到训练 CSV 文件: D:\my-vue-project\wind-power-forecast\backend\auto_scripts\dataset\dataset_middle\20250423.csv，等待 30 秒后重试...
2025-04-23 15:42:23,791 - 未找到best_models目录，检查传统模型文件
2025-04-23 15:42:23,792 - 未找到任何可用模型文件
2025-04-23 15:42:23,792 - ⏳ 未有可用模型，等待模型训练完成...
2025-04-23 15:42:53,791 - ❌ 未找到训练 CSV 文件: D:\my-vue-project\wind-power-forecast\backend\auto_scripts\dataset\dataset_middle\20250423.csv，等待 30 秒后重试...
2025-04-23 15:42:53,808 - 检查模型目录: D:\my-vue-project\wind-power-forecast\backend\auto_scripts\models\middlemodel\20250423
2025-04-23 15:42:53,809 - 未找到best_models目录，检查传统模型文件
2025-04-23 15:42:53,810 - 未找到任何可用模型文件
2025-04-23 15:42:53,811 - ⏳ 未有可用模型，等待模型训练完成...
2025-04-23 15:43:23,797 - ❌ 未找到训练 CSV 文件: D:\my-vue-project\wind-power-forecast\backend\auto_scripts\dataset\dataset_middle\20250423.csv，等待 30 秒后重试...
2025-04-23 15:43:23,813 - 检查模型目录: D:\my-vue-project\wind-power-forecast\backend\auto_scripts\models\middlemodel\20250423
2025-04-23 15:43:23,814 - 未找到best_models目录，检查传统模型文件
2025-04-23 15:43:23,816 - 未找到任何可用模型文件
2025-04-23 15:43:23,816 - ⏳ 未有可用模型，等待模型训练完成...
2025-04-23 15:43:53,814 - ❌ 未找到训练 CSV 文件: D:\my-vue-project\wind-power-forecast\backend\auto_scripts\dataset\dataset_middle\20250423.csv，等待 30 秒后重试...
2025-04-23 15:43:53,828 - 检查模型目录: D:\my-vue-project\wind-power-forecast\backend\auto_scripts\models\middlemodel\20250423
2025-04-23 15:43:53,829 - 未找到best_models目录，检查传统模型文件
2025-04-23 15:43:53,830 - 未找到任何可用模型文件
2025-04-23 15:43:53,830 - ⏳ 未有可用模型，等待模型训练完成...
2025-04-23 15:44:23,821 - ❌ 未找到训练 CSV 文件: D:\my-vue-project\wind-power-forecast\backend\auto_scripts\dataset\dataset_middle\20250423.csv，等待 30 秒后重试...
2025-04-23 15:44:23,837 - 检查模型目录: D:\my-vue-project\wind-power-forecast\backend\auto_scripts\models\middlemodel\20250423
2025-04-23 15:44:23,837 - 未找到best_models目录，检查传统模型文件
2025-04-23 15:44:23,837 - 未找到任何可用模型文件
2025-04-23 15:44:23,838 - ⏳ 未有可用模型，等待模型训练完成...
2025-04-23 15:44:53,832 - ❌ 未找到训练 CSV 文件: D:\my-vue-project\wind-power-forecast\backend\auto_scripts\dataset\dataset_middle\20250423.csv，等待 30 秒后重试...
2025-04-23 15:44:53,847 - 检查模型目录: D:\my-vue-project\wind-power-forecast\backend\auto_scripts\models\middlemodel\20250423
2025-04-23 15:44:53,847 - 未找到best_models目录，检查传统模型文件
2025-04-23 15:44:53,847 - 未找到任何可用模型文件
2025-04-23 15:44:53,848 - ⏳ 未有可用模型，等待模型训练完成...
2025-04-23 15:45:23,845 - ❌ 未找到训练 CSV 文件: D:\my-vue-project\wind-power-forecast\backend\auto_scripts\dataset\dataset_middle\20250423.csv，等待 30 秒后重试...
2025-04-23 15:45:23,861 - 检查模型目录: D:\my-vue-project\wind-power-forecast\backend\auto_scripts\models\middlemodel\20250423
2025-04-23 15:45:23,862 - 未找到best_models目录，检查传统模型文件
2025-04-23 15:45:23,862 - 未找到任何可用模型文件
2025-04-23 15:45:23,862 - ⏳ 未有可用模型，等待模型训练完成...
2025-04-23 15:45:53,856 - ❌ 未找到训练 CSV 文件: D:\my-vue-project\wind-power-forecast\backend\auto_scripts\dataset\dataset_middle\20250423.csv，等待 30 秒后重试...
2025-04-23 15:45:53,872 - 检查模型目录: D:\my-vue-project\wind-power-forecast\backend\auto_scripts\models\middlemodel\20250423
2025-04-23 15:45:53,872 - 未找到best_models目录，检查传统模型文件
2025-04-23 15:45:53,873 - 未找到任何可用模型文件
2025-04-23 15:45:53,873 - ⏳ 未有可用模型，等待模型训练完成...
2025-04-23 15:46:23,869 - ❌ 未找到训练 CSV 文件: D:\my-vue-project\wind-power-forecast\backend\auto_scripts\dataset\dataset_middle\20250423.csv，等待 30 秒后重试...
2025-04-23 15:46:23,884 - 检查模型目录: D:\my-vue-project\wind-power-forecast\backend\auto_scripts\models\middlemodel\20250423
2025-04-23 15:46:23,885 - 未找到best_models目录，检查传统模型文件
2025-04-23 15:46:23,886 - 未找到任何可用模型文件
2025-04-23 15:46:23,887 - ⏳ 未有可用模型，等待模型训练完成...
2025-04-23 15:46:53,876 - ❌ 未找到训练 CSV 文件: D:\my-vue-project\wind-power-forecast\backend\auto_scripts\dataset\dataset_middle\20250423.csv，等待 30 秒后重试...
2025-04-23 15:46:53,891 - 检查模型目录: D:\my-vue-project\wind-power-forecast\backend\auto_scripts\models\middlemodel\20250423
2025-04-23 15:46:53,892 - 未找到best_models目录，检查传统模型文件
2025-04-23 15:46:53,894 - 未找到任何可用模型文件
2025-04-23 15:46:53,894 - ⏳ 未有可用模型，等待模型训练完成...
2025-04-23 15:47:23,888 - ❌ 未找到训练 CSV 文件: D:\my-vue-project\wind-power-forecast\backend\auto_scripts\dataset\dataset_middle\20250423.csv，等待 30 秒后重试...
2025-04-23 15:47:23,904 - 检查模型目录: D:\my-vue-project\wind-power-forecast\backend\auto_scripts\models\middlemodel\20250423
2025-04-23 15:47:23,904 - 未找到best_models目录，检查传统模型文件
2025-04-23 15:47:23,904 - 未找到任何可用模型文件
2025-04-23 15:47:23,904 - ⏳ 未有可用模型，等待模型训练完成...
2025-04-23 15:47:53,898 - ❌ 未找到训练 CSV 文件: D:\my-vue-project\wind-power-forecast\backend\auto_scripts\dataset\dataset_middle\20250423.csv，等待 30 秒后重试...
2025-04-23 15:47:53,914 - 检查模型目录: D:\my-vue-project\wind-power-forecast\backend\auto_scripts\models\middlemodel\20250423
2025-04-23 15:47:53,914 - 未找到best_models目录，检查传统模型文件
2025-04-23 15:47:53,915 - 未找到任何可用模型文件
2025-04-23 15:47:53,915 - ⏳ 未有可用模型，等待模型训练完成...
2025-04-23 15:48:23,911 - ❌ 未找到训练 CSV 文件: D:\my-vue-project\wind-power-forecast\backend\auto_scripts\dataset\dataset_middle\20250423.csv，等待 30 秒后重试...
2025-04-23 15:48:23,926 - 检查模型目录: D:\my-vue-project\wind-power-forecast\backend\auto_scripts\models\middlemodel\20250423
2025-04-23 15:48:23,926 - 未找到best_models目录，检查传统模型文件
2025-04-23 15:48:23,926 - 未找到任何可用模型文件
2025-04-23 15:48:23,927 - ⏳ 未有可用模型，等待模型训练完成...
2025-04-23 15:48:53,921 - ❌ 未找到训练 CSV 文件: D:\my-vue-project\wind-power-forecast\backend\auto_scripts\dataset\dataset_middle\20250423.csv，等待 30 秒后重试...
2025-04-23 15:48:53,935 - 检查模型目录: D:\my-vue-project\wind-power-forecast\backend\auto_scripts\models\middlemodel\20250423
2025-04-23 15:48:53,935 - 未找到best_models目录，检查传统模型文件
2025-04-23 15:48:53,936 - 未找到任何可用模型文件
2025-04-23 15:48:53,936 - ⏳ 未有可用模型，等待模型训练完成...
2025-04-23 15:49:23,928 - ❌ 未找到训练 CSV 文件: D:\my-vue-project\wind-power-forecast\backend\auto_scripts\dataset\dataset_middle\20250423.csv，等待 30 秒后重试...
2025-04-23 15:49:23,943 - 检查模型目录: D:\my-vue-project\wind-power-forecast\backend\auto_scripts\models\middlemodel\20250423
2025-04-23 15:49:23,943 - 未找到best_models目录，检查传统模型文件
2025-04-23 15:49:23,943 - 未找到任何可用模型文件
2025-04-23 15:49:23,944 - ⏳ 未有可用模型，等待模型训练完成...
2025-04-23 15:49:53,939 - ❌ 未找到训练 CSV 文件: D:\my-vue-project\wind-power-forecast\backend\auto_scripts\dataset\dataset_middle\20250423.csv，等待 30 秒后重试...
2025-04-23 15:49:53,954 - 检查模型目录: D:\my-vue-project\wind-power-forecast\backend\auto_scripts\models\middlemodel\20250423
2025-04-23 15:49:53,954 - 未找到best_models目录，检查传统模型文件
2025-04-23 15:49:53,954 - 未找到任何可用模型文件
2025-04-23 15:49:53,954 - ⏳ 未有可用模型，等待模型训练完成...
2025-04-23 15:50:23,954 - ❌ 未找到训练 CSV 文件: D:\my-vue-project\wind-power-forecast\backend\auto_scripts\dataset\dataset_middle\20250423.csv，等待 30 秒后重试...
2025-04-23 15:50:23,969 - 检查模型目录: D:\my-vue-project\wind-power-forecast\backend\auto_scripts\models\middlemodel\20250423
2025-04-23 15:50:23,969 - 未找到best_models目录，检查传统模型文件
2025-04-23 15:50:23,969 - 未找到任何可用模型文件
2025-04-23 15:50:23,970 - ⏳ 未有可用模型，等待模型训练完成...
2025-04-23 15:50:53,958 - ❌ 未找到训练 CSV 文件: D:\my-vue-project\wind-power-forecast\backend\auto_scripts\dataset\dataset_middle\20250423.csv，等待 30 秒后重试...
2025-04-23 15:50:53,974 - 检查模型目录: D:\my-vue-project\wind-power-forecast\backend\auto_scripts\models\middlemodel\20250423
2025-04-23 15:50:53,974 - 未找到best_models目录，检查传统模型文件
2025-04-23 15:50:53,975 - 未找到任何可用模型文件
2025-04-23 15:50:53,975 - ⏳ 未有可用模型，等待模型训练完成...
2025-04-23 15:51:23,967 - ❌ 未找到训练 CSV 文件: D:\my-vue-project\wind-power-forecast\backend\auto_scripts\dataset\dataset_middle\20250423.csv，等待 30 秒后重试...
2025-04-23 15:51:23,982 - 检查模型目录: D:\my-vue-project\wind-power-forecast\backend\auto_scripts\models\middlemodel\20250423
2025-04-23 15:51:23,983 - 未找到best_models目录，检查传统模型文件
2025-04-23 15:51:23,985 - 未找到任何可用模型文件
2025-04-23 15:51:23,985 - ⏳ 未有可用模型，等待模型训练完成...
2025-04-23 15:51:53,971 - ❌ 未找到训练 CSV 文件: D:\my-vue-project\wind-power-forecast\backend\auto_scripts\dataset\dataset_middle\20250423.csv，等待 30 秒后重试...
2025-04-23 15:51:54,002 - 检查模型目录: D:\my-vue-project\wind-power-forecast\backend\auto_scripts\models\middlemodel\20250423
2025-04-23 15:51:54,002 - 未找到best_models目录，检查传统模型文件
2025-04-23 15:51:54,002 - 未找到任何可用模型文件
2025-04-23 15:51:54,002 - ⏳ 未有可用模型，等待模型训练完成...
2025-04-23 15:52:23,985 - ❌ 未找到训练 CSV 文件: D:\my-vue-project\wind-power-forecast\backend\auto_scripts\dataset\dataset_middle\20250423.csv，等待 30 秒后重试...
2025-04-23 15:52:24,016 - 检查模型目录: D:\my-vue-project\wind-power-forecast\backend\auto_scripts\models\middlemodel\20250423
2025-04-23 15:52:24,016 - 未找到best_models目录，检查传统模型文件
2025-04-23 15:52:24,016 - 未找到任何可用模型文件
2025-04-23 15:52:24,016 - ⏳ 未有可用模型，等待模型训练完成...
2025-04-23 15:52:53,994 - ❌ 未找到训练 CSV 文件: D:\my-vue-project\wind-power-forecast\backend\auto_scripts\dataset\dataset_middle\20250423.csv，等待 30 秒后重试...
2025-04-23 15:52:54,024 - 检查模型目录: D:\my-vue-project\wind-power-forecast\backend\auto_scripts\models\middlemodel\20250423
2025-04-23 15:52:54,024 - 未找到best_models目录，检查传统模型文件
2025-04-23 15:52:54,025 - 未找到任何可用模型文件
2025-04-23 15:52:54,025 - ⏳ 未有可用模型，等待模型训练完成...
2025-04-23 15:53:23,996 - ❌ 未找到训练 CSV 文件: D:\my-vue-project\wind-power-forecast\backend\auto_scripts\dataset\dataset_middle\20250423.csv，等待 30 秒后重试...
2025-04-23 15:53:24,027 - 检查模型目录: D:\my-vue-project\wind-power-forecast\backend\auto_scripts\models\middlemodel\20250423
2025-04-23 15:53:24,027 - 未找到best_models目录，检查传统模型文件
2025-04-23 15:53:24,027 - 未找到任何可用模型文件
2025-04-23 15:53:24,028 - ⏳ 未有可用模型，等待模型训练完成...
2025-04-23 15:53:54,003 - ❌ 未找到训练 CSV 文件: D:\my-vue-project\wind-power-forecast\backend\auto_scripts\dataset\dataset_middle\20250423.csv，等待 30 秒后重试...
2025-04-23 15:53:54,035 - 检查模型目录: D:\my-vue-project\wind-power-forecast\backend\auto_scripts\models\middlemodel\20250423
2025-04-23 15:53:54,035 - 未找到best_models目录，检查传统模型文件
2025-04-23 15:53:54,035 - 未找到任何可用模型文件
2025-04-23 15:53:54,036 - ⏳ 未有可用模型，等待模型训练完成...
2025-04-23 15:54:24,009 - ❌ 未找到训练 CSV 文件: D:\my-vue-project\wind-power-forecast\backend\auto_scripts\dataset\dataset_middle\20250423.csv，等待 30 秒后重试...
2025-04-23 15:54:24,040 - 检查模型目录: D:\my-vue-project\wind-power-forecast\backend\auto_scripts\models\middlemodel\20250423
2025-04-23 15:54:24,041 - 未找到best_models目录，检查传统模型文件
2025-04-23 15:54:24,041 - 未找到任何可用模型文件
2025-04-23 15:54:24,042 - ⏳ 未有可用模型，等待模型训练完成...
2025-04-23 15:54:54,026 - ❌ 未找到训练 CSV 文件: D:\my-vue-project\wind-power-forecast\backend\auto_scripts\dataset\dataset_middle\20250423.csv，等待 30 秒后重试...
2025-04-23 15:54:54,057 - 检查模型目录: D:\my-vue-project\wind-power-forecast\backend\auto_scripts\models\middlemodel\20250423
2025-04-23 15:54:54,058 - 未找到best_models目录，检查传统模型文件
2025-04-23 15:54:54,059 - 未找到任何可用模型文件
2025-04-23 15:54:54,060 - ⏳ 未有可用模型，等待模型训练完成...
2025-04-23 15:55:24,030 - ❌ 未找到训练 CSV 文件: D:\my-vue-project\wind-power-forecast\backend\auto_scripts\dataset\dataset_middle\20250423.csv，等待 30 秒后重试...
2025-04-23 15:55:24,061 - 检查模型目录: D:\my-vue-project\wind-power-forecast\backend\auto_scripts\models\middlemodel\20250423
2025-04-23 15:55:24,061 - 未找到best_models目录，检查传统模型文件
2025-04-23 15:55:24,062 - 未找到任何可用模型文件
2025-04-23 15:55:24,062 - ⏳ 未有可用模型，等待模型训练完成...
2025-04-23 15:55:54,041 - ❌ 未找到训练 CSV 文件: D:\my-vue-project\wind-power-forecast\backend\auto_scripts\dataset\dataset_middle\20250423.csv，等待 30 秒后重试...
2025-04-23 15:55:54,073 - 检查模型目录: D:\my-vue-project\wind-power-forecast\backend\auto_scripts\models\middlemodel\20250423
2025-04-23 15:55:54,074 - 未找到best_models目录，检查传统模型文件
2025-04-23 15:55:54,075 - 未找到任何可用模型文件
2025-04-23 15:55:54,075 - ⏳ 未有可用模型，等待模型训练完成...
2025-04-23 15:56:24,043 - ❌ 未找到训练 CSV 文件: D:\my-vue-project\wind-power-forecast\backend\auto_scripts\dataset\dataset_middle\20250423.csv，等待 30 秒后重试...
2025-04-23 15:56:24,091 - 检查模型目录: D:\my-vue-project\wind-power-forecast\backend\auto_scripts\models\middlemodel\20250423
2025-04-23 15:56:24,092 - 未找到best_models目录，检查传统模型文件
2025-04-23 15:56:24,093 - 未找到任何可用模型文件
2025-04-23 15:56:24,093 - ⏳ 未有可用模型，等待模型训练完成...
2025-04-23 15:56:54,053 - ❌ 未找到训练 CSV 文件: D:\my-vue-project\wind-power-forecast\backend\auto_scripts\dataset\dataset_middle\20250423.csv，等待 30 秒后重试...
2025-04-23 15:56:54,100 - 检查模型目录: D:\my-vue-project\wind-power-forecast\backend\auto_scripts\models\middlemodel\20250423
2025-04-23 15:56:54,101 - 未找到best_models目录，检查传统模型文件
2025-04-23 15:56:54,102 - 未找到任何可用模型文件
2025-04-23 15:56:54,102 - ⏳ 未有可用模型，等待模型训练完成...
2025-04-23 15:57:24,058 - ❌ 未找到训练 CSV 文件: D:\my-vue-project\wind-power-forecast\backend\auto_scripts\dataset\dataset_middle\20250423.csv，等待 30 秒后重试...
2025-04-23 15:57:24,105 - 检查模型目录: D:\my-vue-project\wind-power-forecast\backend\auto_scripts\models\middlemodel\20250423
2025-04-23 15:57:24,106 - 未找到best_models目录，检查传统模型文件
2025-04-23 15:57:24,106 - 未找到任何可用模型文件
2025-04-23 15:57:24,106 - ⏳ 未有可用模型，等待模型训练完成...
2025-04-23 15:57:54,062 - ❌ 未找到训练 CSV 文件: D:\my-vue-project\wind-power-forecast\backend\auto_scripts\dataset\dataset_middle\20250423.csv，等待 30 秒后重试...
2025-04-23 15:57:54,109 - 检查模型目录: D:\my-vue-project\wind-power-forecast\backend\auto_scripts\models\middlemodel\20250423
2025-04-23 15:57:54,110 - 未找到best_models目录，检查传统模型文件
2025-04-23 15:57:54,111 - 未找到任何可用模型文件
2025-04-23 15:57:54,112 - ⏳ 未有可用模型，等待模型训练完成...
2025-04-23 15:58:24,067 - ❌ 未找到训练 CSV 文件: D:\my-vue-project\wind-power-forecast\backend\auto_scripts\dataset\dataset_middle\20250423.csv，等待 30 秒后重试...
2025-04-23 15:58:24,128 - 检查模型目录: D:\my-vue-project\wind-power-forecast\backend\auto_scripts\models\middlemodel\20250423
2025-04-23 15:58:24,128 - 未找到best_models目录，检查传统模型文件
2025-04-23 15:58:24,129 - 未找到任何可用模型文件
2025-04-23 15:58:24,129 - ⏳ 未有可用模型，等待模型训练完成...
2025-04-23 15:58:54,068 - ❌ 未找到训练 CSV 文件: D:\my-vue-project\wind-power-forecast\backend\auto_scripts\dataset\dataset_middle\20250423.csv，等待 30 秒后重试...
2025-04-23 15:58:54,131 - 检查模型目录: D:\my-vue-project\wind-power-forecast\backend\auto_scripts\models\middlemodel\20250423
2025-04-23 15:58:54,131 - 未找到best_models目录，检查传统模型文件
2025-04-23 15:58:54,131 - 未找到任何可用模型文件
2025-04-23 15:58:54,132 - ⏳ 未有可用模型，等待模型训练完成...
2025-04-23 15:59:24,074 - ❌ 未找到训练 CSV 文件: D:\my-vue-project\wind-power-forecast\backend\auto_scripts\dataset\dataset_middle\20250423.csv，等待 30 秒后重试...
2025-04-23 15:59:24,135 - 检查模型目录: D:\my-vue-project\wind-power-forecast\backend\auto_scripts\models\middlemodel\20250423
2025-04-23 15:59:24,135 - 未找到best_models目录，检查传统模型文件
2025-04-23 15:59:24,135 - 未找到任何可用模型文件
2025-04-23 15:59:24,136 - ⏳ 未有可用模型，等待模型训练完成...
2025-04-23 15:59:54,084 - ❌ 未找到训练 CSV 文件: D:\my-vue-project\wind-power-forecast\backend\auto_scripts\dataset\dataset_middle\20250423.csv，等待 30 秒后重试...
2025-04-23 15:59:54,145 - 检查模型目录: D:\my-vue-project\wind-power-forecast\backend\auto_scripts\models\middlemodel\20250423
2025-04-23 15:59:54,145 - 未找到best_models目录，检查传统模型文件
2025-04-23 15:59:54,145 - 未找到任何可用模型文件
2025-04-23 15:59:54,146 - ⏳ 未有可用模型，等待模型训练完成...
2025-04-23 16:00:24,098 - ❌ 未找到训练 CSV 文件: D:\my-vue-project\wind-power-forecast\backend\auto_scripts\dataset\dataset_middle\20250423.csv，等待 30 秒后重试...
2025-04-23 16:00:24,160 - 检查模型目录: D:\my-vue-project\wind-power-forecast\backend\auto_scripts\models\middlemodel\20250423
2025-04-23 16:00:24,160 - 未找到best_models目录，检查传统模型文件
2025-04-23 16:00:24,160 - 未找到任何可用模型文件
2025-04-23 16:00:24,161 - ⏳ 未有可用模型，等待模型训练完成...
2025-04-23 16:00:54,102 - ❌ 未找到训练 CSV 文件: D:\my-vue-project\wind-power-forecast\backend\auto_scripts\dataset\dataset_middle\20250423.csv，等待 30 秒后重试...
2025-04-23 16:00:54,165 - 检查模型目录: D:\my-vue-project\wind-power-forecast\backend\auto_scripts\models\middlemodel\20250423
2025-04-23 16:00:54,165 - 未找到best_models目录，检查传统模型文件
2025-04-23 16:00:54,165 - 未找到任何可用模型文件
2025-04-23 16:00:54,166 - ⏳ 未有可用模型，等待模型训练完成...
2025-04-23 16:01:24,104 - ❌ 未找到训练 CSV 文件: D:\my-vue-project\wind-power-forecast\backend\auto_scripts\dataset\dataset_middle\20250423.csv，等待 30 秒后重试...
2025-04-23 16:01:24,182 - 检查模型目录: D:\my-vue-project\wind-power-forecast\backend\auto_scripts\models\middlemodel\20250423
2025-04-23 16:01:24,182 - 未找到best_models目录，检查传统模型文件
2025-04-23 16:01:24,183 - 未找到任何可用模型文件
2025-04-23 16:01:24,183 - ⏳ 未有可用模型，等待模型训练完成...
2025-04-23 16:01:54,118 - ❌ 未找到训练 CSV 文件: D:\my-vue-project\wind-power-forecast\backend\auto_scripts\dataset\dataset_middle\20250423.csv，等待 30 秒后重试...
2025-04-23 16:01:54,196 - 检查模型目录: D:\my-vue-project\wind-power-forecast\backend\auto_scripts\models\middlemodel\20250423
2025-04-23 16:01:54,196 - 未找到best_models目录，检查传统模型文件
2025-04-23 16:01:54,197 - 未找到任何可用模型文件
2025-04-23 16:01:54,197 - ⏳ 未有可用模型，等待模型训练完成...
2025-04-23 16:02:24,127 - ❌ 未找到训练 CSV 文件: D:\my-vue-project\wind-power-forecast\backend\auto_scripts\dataset\dataset_middle\20250423.csv，等待 30 秒后重试...
2025-04-23 16:02:24,206 - 检查模型目录: D:\my-vue-project\wind-power-forecast\backend\auto_scripts\models\middlemodel\20250423
2025-04-23 16:02:24,206 - 未找到best_models目录，检查传统模型文件
2025-04-23 16:02:24,207 - 未找到任何可用模型文件
2025-04-23 16:02:24,207 - ⏳ 未有可用模型，等待模型训练完成...
2025-04-23 16:02:54,137 - ❌ 未找到训练 CSV 文件: D:\my-vue-project\wind-power-forecast\backend\auto_scripts\dataset\dataset_middle\20250423.csv，等待 30 秒后重试...
2025-04-23 16:02:54,214 - 检查模型目录: D:\my-vue-project\wind-power-forecast\backend\auto_scripts\models\middlemodel\20250423
2025-04-23 16:02:54,214 - 未找到best_models目录，检查传统模型文件
2025-04-23 16:02:54,214 - 未找到任何可用模型文件
2025-04-23 16:02:54,215 - ⏳ 未有可用模型，等待模型训练完成...
2025-04-23 16:03:24,140 - ❌ 未找到训练 CSV 文件: D:\my-vue-project\wind-power-forecast\backend\auto_scripts\dataset\dataset_middle\20250423.csv，等待 30 秒后重试...
2025-04-23 16:03:24,220 - 检查模型目录: D:\my-vue-project\wind-power-forecast\backend\auto_scripts\models\middlemodel\20250423
2025-04-23 16:03:24,220 - 未找到best_models目录，检查传统模型文件
2025-04-23 16:03:24,221 - 未找到任何可用模型文件
2025-04-23 16:03:24,221 - ⏳ 未有可用模型，等待模型训练完成...
2025-04-23 16:03:54,154 - ❌ 未找到训练 CSV 文件: D:\my-vue-project\wind-power-forecast\backend\auto_scripts\dataset\dataset_middle\20250423.csv，等待 30 秒后重试...
2025-04-23 16:03:54,234 - 检查模型目录: D:\my-vue-project\wind-power-forecast\backend\auto_scripts\models\middlemodel\20250423
2025-04-23 16:03:54,234 - 未找到best_models目录，检查传统模型文件
2025-04-23 16:03:54,234 - 未找到任何可用模型文件
2025-04-23 16:03:54,235 - ⏳ 未有可用模型，等待模型训练完成...
2025-04-23 16:04:24,161 - ❌ 未找到训练 CSV 文件: D:\my-vue-project\wind-power-forecast\backend\auto_scripts\dataset\dataset_middle\20250423.csv，等待 30 秒后重试...
2025-04-23 16:04:24,238 - 检查模型目录: D:\my-vue-project\wind-power-forecast\backend\auto_scripts\models\middlemodel\20250423
2025-04-23 16:04:24,238 - 未找到best_models目录，检查传统模型文件
2025-04-23 16:04:24,238 - 未找到任何可用模型文件
2025-04-23 16:04:24,239 - ⏳ 未有可用模型，等待模型训练完成...
2025-04-23 16:04:54,174 - ❌ 未找到训练 CSV 文件: D:\my-vue-project\wind-power-forecast\backend\auto_scripts\dataset\dataset_middle\20250423.csv，等待 30 秒后重试...
2025-04-23 16:04:54,250 - 检查模型目录: D:\my-vue-project\wind-power-forecast\backend\auto_scripts\models\middlemodel\20250423
2025-04-23 16:04:54,250 - 未找到best_models目录，检查传统模型文件
2025-04-23 16:04:54,251 - 未找到任何可用模型文件
2025-04-23 16:04:54,251 - ⏳ 未有可用模型，等待模型训练完成...
2025-04-23 16:05:24,181 - ❌ 未找到训练 CSV 文件: D:\my-vue-project\wind-power-forecast\backend\auto_scripts\dataset\dataset_middle\20250423.csv，等待 30 秒后重试...
2025-04-23 16:05:24,258 - 检查模型目录: D:\my-vue-project\wind-power-forecast\backend\auto_scripts\models\middlemodel\20250423
2025-04-23 16:05:24,258 - 未找到best_models目录，检查传统模型文件
2025-04-23 16:05:24,258 - 未找到任何可用模型文件
2025-04-23 16:05:24,259 - ⏳ 未有可用模型，等待模型训练完成...
2025-04-23 16:05:54,197 - ❌ 未找到训练 CSV 文件: D:\my-vue-project\wind-power-forecast\backend\auto_scripts\dataset\dataset_middle\20250423.csv，等待 30 秒后重试...
2025-04-23 16:05:54,273 - 检查模型目录: D:\my-vue-project\wind-power-forecast\backend\auto_scripts\models\middlemodel\20250423
2025-04-23 16:05:54,273 - 未找到best_models目录，检查传统模型文件
2025-04-23 16:05:54,274 - 未找到任何可用模型文件
2025-04-23 16:05:54,274 - ⏳ 未有可用模型，等待模型训练完成...
2025-04-23 16:06:24,206 - ❌ 未找到训练 CSV 文件: D:\my-vue-project\wind-power-forecast\backend\auto_scripts\dataset\dataset_middle\20250423.csv，等待 30 秒后重试...
2025-04-23 16:06:24,284 - 检查模型目录: D:\my-vue-project\wind-power-forecast\backend\auto_scripts\models\middlemodel\20250423
2025-04-23 16:06:24,285 - 未找到best_models目录，检查传统模型文件
2025-04-23 16:06:24,285 - 未找到任何可用模型文件
2025-04-23 16:06:24,285 - ⏳ 未有可用模型，等待模型训练完成...
2025-04-23 16:06:54,212 - ❌ 未找到训练 CSV 文件: D:\my-vue-project\wind-power-forecast\backend\auto_scripts\dataset\dataset_middle\20250423.csv，等待 30 秒后重试...
2025-04-23 16:06:54,289 - 检查模型目录: D:\my-vue-project\wind-power-forecast\backend\auto_scripts\models\middlemodel\20250423
2025-04-23 16:06:54,290 - 未找到best_models目录，检查传统模型文件
2025-04-23 16:06:54,290 - 未找到任何可用模型文件
2025-04-23 16:06:54,290 - ⏳ 未有可用模型，等待模型训练完成...
2025-04-23 16:07:24,228 - ❌ 未找到训练 CSV 文件: D:\my-vue-project\wind-power-forecast\backend\auto_scripts\dataset\dataset_middle\20250423.csv，等待 30 秒后重试...
2025-04-23 16:07:24,305 - 检查模型目录: D:\my-vue-project\wind-power-forecast\backend\auto_scripts\models\middlemodel\20250423
2025-04-23 16:07:24,305 - 未找到best_models目录，检查传统模型文件
2025-04-23 16:07:24,305 - 未找到任何可用模型文件
2025-04-23 16:07:24,306 - ⏳ 未有可用模型，等待模型训练完成...
2025-04-23 16:07:54,233 - ❌ 未找到训练 CSV 文件: D:\my-vue-project\wind-power-forecast\backend\auto_scripts\dataset\dataset_middle\20250423.csv，等待 30 秒后重试...
2025-04-23 16:07:54,310 - 检查模型目录: D:\my-vue-project\wind-power-forecast\backend\auto_scripts\models\middlemodel\20250423
2025-04-23 16:07:54,311 - 未找到best_models目录，检查传统模型文件
2025-04-23 16:07:54,311 - 未找到任何可用模型文件
2025-04-23 16:07:54,312 - ⏳ 未有可用模型，等待模型训练完成...
2025-04-23 16:08:40,266 - 
================================================================================
2025-04-23 16:08:40,267 - >>> 自动训练预测系统启动 <<<
2025-04-23 16:08:40,267 - ================================================================================

2025-04-23 16:08:40,267 - 自动训练预测系统启动
2025-04-23 16:08:40,267 - 今天的日期是: 20250423
2025-04-23 16:08:40,267 - 创建监视线程...
2025-04-23 16:08:40,267 - 启动训练线程...
2025-04-23 16:08:40,267 - 启动预测线程...
2025-04-23 16:08:40,268 - 
================================================================================
2025-04-23 16:08:40,268 - >>> 启动训练监视线程 <<<
2025-04-23 16:08:40,268 - ================================================================================

2025-04-23 16:08:40,268 - 启动训练监视线程
2025-04-23 16:08:40,268 - 等待线程完成...
2025-04-23 16:08:40,268 - 
================================================================================
2025-04-23 16:08:40,268 - >>> 启动预测监视线程 <<<
2025-04-23 16:08:40,268 - ================================================================================

2025-04-23 16:08:40,269 - 启动预测监视线程
2025-04-23 16:08:40,269 - 训练文件路径: D:\my-vue-project\wind-power-forecast\backend\auto_scripts\dataset\dataset_middle\20250423.csv
2025-04-23 16:08:40,269 - 模型存储目录: D:\my-vue-project\wind-power-forecast\backend\auto_scripts\models\middlemodel\20250423
2025-04-23 16:08:40,269 - 训练完成标志文件: D:\my-vue-project\wind-power-forecast\backend\auto_scripts\scripts\middle\logs\auto_pre_train\20250423_train_done.flag
2025-04-23 16:08:40,269 - 开始监视 D:\my-vue-project\wind-power-forecast\backend\auto_scripts\dataset\dataset_middle 文件夹以进行训练...
2025-04-23 16:08:40,269 - 预测数据文件路径: D:\my-vue-project\wind-power-forecast\backend\auto_scripts\precsv\middlecsv\20250423.csv
2025-04-23 16:08:40,269 - 模型目录: D:\my-vue-project\wind-power-forecast\backend\auto_scripts\models\middlemodel\20250423
2025-04-23 16:08:40,269 - ❌ 未找到训练 CSV 文件: D:\my-vue-project\wind-power-forecast\backend\auto_scripts\dataset\dataset_middle\20250423.csv，等待 30 秒后重试...
2025-04-23 16:08:40,269 - 预测完成标志文件: D:\my-vue-project\wind-power-forecast\backend\auto_scripts\scripts\middle\logs\auto_pre_train\20250423_predict_done.flag
2025-04-23 16:08:40,269 - 开始监视 D:\my-vue-project\wind-power-forecast\backend\auto_scripts\precsv\middlecsv 文件夹以进行预测...
2025-04-23 16:08:40,269 - 检查模型目录: D:\my-vue-project\wind-power-forecast\backend\auto_scripts\models\middlemodel\20250423
2025-04-23 16:08:40,270 - 未找到best_models目录，检查传统模型文件
2025-04-23 16:08:40,270 - 未找到任何可用模型文件
2025-04-23 16:08:40,270 - ⏳ 未有可用模型，等待模型训练完成...
