2025-04-23 10:49:03,239 - 
================================================================================
2025-04-23 10:49:03,239 - >>> 自动训练预测系统启动 <<<
2025-04-23 10:49:03,239 - ================================================================================

2025-04-23 10:49:03,239 - 自动训练预测系统启动
2025-04-23 10:49:03,239 - 今天的日期是: 20250423
2025-04-23 10:49:03,239 - 创建监视线程...
2025-04-23 10:49:03,239 - 启动训练线程...
2025-04-23 10:49:03,240 - 启动预测线程...
2025-04-23 10:49:03,240 - 
================================================================================
2025-04-23 10:49:03,240 - >>> 启动训练监视线程 <<<
2025-04-23 10:49:03,240 - 等待线程完成...
2025-04-23 10:49:03,240 - 
================================================================================
2025-04-23 10:49:03,240 - ================================================================================

2025-04-23 10:49:03,241 - >>> 启动预测监视线程 <<<
2025-04-23 10:49:03,241 - 启动训练监视线程
2025-04-23 10:49:03,241 - ================================================================================

2025-04-23 10:49:03,241 - 启动预测监视线程
2025-04-23 10:49:03,241 - 训练文件路径: D:\my-vue-project\wind-power-forecast\backend\auto_scripts\dataset\dataset_short\20250423.csv
2025-04-23 10:49:03,241 - 模型存储目录: D:\my-vue-project\wind-power-forecast\backend\auto_scripts\models\shortmodel\20250423
2025-04-23 10:49:03,241 - 预测数据文件路径: D:\my-vue-project\wind-power-forecast\backend\auto_scripts\precsv\shortcsv\20250423.csv
2025-04-23 10:49:03,241 - 训练完成标志文件: D:\my-vue-project\wind-power-forecast\backend\auto_scripts\scripts\short\logs\auto_pre_train\20250423_train_done.flag
2025-04-23 10:49:03,242 - 模型目录: D:\my-vue-project\wind-power-forecast\backend\auto_scripts\models\shortmodel\20250423
2025-04-23 10:49:03,242 - 开始监视 D:\my-vue-project\wind-power-forecast\backend\auto_scripts\dataset\dataset_short 文件夹以进行训练...
2025-04-23 10:49:03,242 - 预测完成标志文件: D:\my-vue-project\wind-power-forecast\backend\auto_scripts\scripts\short\logs\auto_pre_train\20250423_predict_done.flag
2025-04-23 10:49:03,242 - 开始监视 D:\my-vue-project\wind-power-forecast\backend\auto_scripts\precsv\shortcsv 文件夹以进行预测...
2025-04-23 10:49:03,242 - 检查模型目录: D:\my-vue-project\wind-power-forecast\backend\auto_scripts\models\shortmodel\20250423
2025-04-23 10:49:03,242 - ❌ 未找到训练 CSV 文件: D:\my-vue-project\wind-power-forecast\backend\auto_scripts\dataset\dataset_short\20250423.csv，等待 30 秒后重试...
2025-04-23 10:49:03,242 - 未找到best_models目录，检查传统模型文件
2025-04-23 10:49:03,242 - 未找到任何可用模型文件
2025-04-23 10:49:03,242 - ⏳ 未有可用模型，等待模型训练完成...
2025-04-23 10:49:33,254 - ❌ 未找到训练 CSV 文件: D:\my-vue-project\wind-power-forecast\backend\auto_scripts\dataset\dataset_short\20250423.csv，等待 30 秒后重试...
2025-04-23 10:49:33,254 - 检查模型目录: D:\my-vue-project\wind-power-forecast\backend\auto_scripts\models\shortmodel\20250423
2025-04-23 10:49:33,254 - 未找到best_models目录，检查传统模型文件
2025-04-23 10:49:33,254 - 未找到任何可用模型文件
2025-04-23 10:49:33,255 - ⏳ 未有可用模型，等待模型训练完成...
2025-04-23 10:50:03,259 - 检查模型目录: D:\my-vue-project\wind-power-forecast\backend\auto_scripts\models\shortmodel\20250423
2025-04-23 10:50:03,260 - ❌ 未找到训练 CSV 文件: D:\my-vue-project\wind-power-forecast\backend\auto_scripts\dataset\dataset_short\20250423.csv，等待 30 秒后重试...
2025-04-23 10:50:03,260 - 未找到best_models目录，检查传统模型文件
2025-04-23 10:50:03,260 - 未找到任何可用模型文件
2025-04-23 10:50:03,261 - ⏳ 未有可用模型，等待模型训练完成...
2025-04-23 10:50:33,269 - 检查模型目录: D:\my-vue-project\wind-power-forecast\backend\auto_scripts\models\shortmodel\20250423
2025-04-23 10:50:33,270 - ❌ 未找到训练 CSV 文件: D:\my-vue-project\wind-power-forecast\backend\auto_scripts\dataset\dataset_short\20250423.csv，等待 30 秒后重试...
2025-04-23 10:50:33,270 - 未找到best_models目录，检查传统模型文件
2025-04-23 10:50:33,270 - 未找到任何可用模型文件
2025-04-23 10:50:33,271 - ⏳ 未有可用模型，等待模型训练完成...
2025-04-23 10:51:03,273 - 检查模型目录: D:\my-vue-project\wind-power-forecast\backend\auto_scripts\models\shortmodel\20250423
2025-04-23 10:51:03,274 - ❌ 未找到训练 CSV 文件: D:\my-vue-project\wind-power-forecast\backend\auto_scripts\dataset\dataset_short\20250423.csv，等待 30 秒后重试...
2025-04-23 10:51:03,275 - 未找到best_models目录，检查传统模型文件
2025-04-23 10:51:03,277 - 未找到任何可用模型文件
2025-04-23 10:51:03,277 - ⏳ 未有可用模型，等待模型训练完成...
2025-04-23 10:51:33,288 - 检查模型目录: D:\my-vue-project\wind-power-forecast\backend\auto_scripts\models\shortmodel\20250423
2025-04-23 10:51:33,288 - ❌ 未找到训练 CSV 文件: D:\my-vue-project\wind-power-forecast\backend\auto_scripts\dataset\dataset_short\20250423.csv，等待 30 秒后重试...
2025-04-23 10:51:33,288 - 未找到best_models目录，检查传统模型文件
2025-04-23 10:51:33,288 - 未找到任何可用模型文件
2025-04-23 10:51:33,288 - ⏳ 未有可用模型，等待模型训练完成...
2025-04-23 10:52:03,304 - 检查模型目录: D:\my-vue-project\wind-power-forecast\backend\auto_scripts\models\shortmodel\20250423
2025-04-23 10:52:03,305 - ❌ 未找到训练 CSV 文件: D:\my-vue-project\wind-power-forecast\backend\auto_scripts\dataset\dataset_short\20250423.csv，等待 30 秒后重试...
2025-04-23 10:52:03,305 - 未找到best_models目录，检查传统模型文件
2025-04-23 10:52:03,305 - 未找到任何可用模型文件
2025-04-23 10:52:03,305 - ⏳ 未有可用模型，等待模型训练完成...
2025-04-23 10:52:33,309 - 检查模型目录: D:\my-vue-project\wind-power-forecast\backend\auto_scripts\models\shortmodel\20250423
2025-04-23 10:52:33,309 - ❌ 未找到训练 CSV 文件: D:\my-vue-project\wind-power-forecast\backend\auto_scripts\dataset\dataset_short\20250423.csv，等待 30 秒后重试...
2025-04-23 10:52:33,309 - 未找到best_models目录，检查传统模型文件
2025-04-23 10:52:33,309 - 未找到任何可用模型文件
2025-04-23 10:52:33,309 - ⏳ 未有可用模型，等待模型训练完成...
2025-04-23 10:53:03,315 - 检查模型目录: D:\my-vue-project\wind-power-forecast\backend\auto_scripts\models\shortmodel\20250423
2025-04-23 10:53:03,316 - ❌ 未找到训练 CSV 文件: D:\my-vue-project\wind-power-forecast\backend\auto_scripts\dataset\dataset_short\20250423.csv，等待 30 秒后重试...
2025-04-23 10:53:03,316 - 未找到best_models目录，检查传统模型文件
2025-04-23 10:53:03,316 - 未找到任何可用模型文件
2025-04-23 10:53:03,316 - ⏳ 未有可用模型，等待模型训练完成...
2025-04-23 10:53:33,324 - 检查模型目录: D:\my-vue-project\wind-power-forecast\backend\auto_scripts\models\shortmodel\20250423
2025-04-23 10:53:33,324 - ❌ 未找到训练 CSV 文件: D:\my-vue-project\wind-power-forecast\backend\auto_scripts\dataset\dataset_short\20250423.csv，等待 30 秒后重试...
2025-04-23 10:53:33,325 - 未找到best_models目录，检查传统模型文件
2025-04-23 10:53:33,327 - 未找到任何可用模型文件
2025-04-23 10:53:33,327 - ⏳ 未有可用模型，等待模型训练完成...
2025-04-23 10:54:03,334 - 检查模型目录: D:\my-vue-project\wind-power-forecast\backend\auto_scripts\models\shortmodel\20250423
2025-04-23 10:54:03,334 - ❌ 未找到训练 CSV 文件: D:\my-vue-project\wind-power-forecast\backend\auto_scripts\dataset\dataset_short\20250423.csv，等待 30 秒后重试...
2025-04-23 10:54:03,334 - 未找到best_models目录，检查传统模型文件
2025-04-23 10:54:03,334 - 未找到任何可用模型文件
2025-04-23 10:54:03,334 - ⏳ 未有可用模型，等待模型训练完成...
2025-04-23 10:54:33,348 - 检查模型目录: D:\my-vue-project\wind-power-forecast\backend\auto_scripts\models\shortmodel\20250423
2025-04-23 10:54:33,349 - ❌ 未找到训练 CSV 文件: D:\my-vue-project\wind-power-forecast\backend\auto_scripts\dataset\dataset_short\20250423.csv，等待 30 秒后重试...
2025-04-23 10:54:33,349 - 未找到best_models目录，检查传统模型文件
2025-04-23 10:54:33,349 - 未找到任何可用模型文件
2025-04-23 10:54:33,349 - ⏳ 未有可用模型，等待模型训练完成...
2025-04-23 10:55:03,361 - 检查模型目录: D:\my-vue-project\wind-power-forecast\backend\auto_scripts\models\shortmodel\20250423
2025-04-23 10:55:03,362 - ❌ 未找到训练 CSV 文件: D:\my-vue-project\wind-power-forecast\backend\auto_scripts\dataset\dataset_short\20250423.csv，等待 30 秒后重试...
2025-04-23 10:55:03,362 - 未找到best_models目录，检查传统模型文件
2025-04-23 10:55:03,363 - 未找到任何可用模型文件
2025-04-23 10:55:03,363 - ⏳ 未有可用模型，等待模型训练完成...
2025-04-23 10:55:33,370 - 检查模型目录: D:\my-vue-project\wind-power-forecast\backend\auto_scripts\models\shortmodel\20250423
2025-04-23 10:55:33,371 - ❌ 未找到训练 CSV 文件: D:\my-vue-project\wind-power-forecast\backend\auto_scripts\dataset\dataset_short\20250423.csv，等待 30 秒后重试...
2025-04-23 10:55:33,372 - 未找到best_models目录，检查传统模型文件
2025-04-23 10:55:33,372 - 未找到任何可用模型文件
2025-04-23 10:55:33,372 - ⏳ 未有可用模型，等待模型训练完成...
2025-04-23 10:56:03,375 - 检查模型目录: D:\my-vue-project\wind-power-forecast\backend\auto_scripts\models\shortmodel\20250423
2025-04-23 10:56:03,375 - ❌ 未找到训练 CSV 文件: D:\my-vue-project\wind-power-forecast\backend\auto_scripts\dataset\dataset_short\20250423.csv，等待 30 秒后重试...
2025-04-23 10:56:03,376 - 未找到best_models目录，检查传统模型文件
2025-04-23 10:56:03,376 - 未找到任何可用模型文件
2025-04-23 10:56:03,376 - ⏳ 未有可用模型，等待模型训练完成...
2025-04-23 10:56:33,386 - 检查模型目录: D:\my-vue-project\wind-power-forecast\backend\auto_scripts\models\shortmodel\20250423
2025-04-23 10:56:33,386 - ❌ 未找到训练 CSV 文件: D:\my-vue-project\wind-power-forecast\backend\auto_scripts\dataset\dataset_short\20250423.csv，等待 30 秒后重试...
2025-04-23 10:56:33,386 - 未找到best_models目录，检查传统模型文件
2025-04-23 10:56:33,386 - 未找到任何可用模型文件
2025-04-23 10:56:33,387 - ⏳ 未有可用模型，等待模型训练完成...
2025-04-23 10:57:03,390 - 检查模型目录: D:\my-vue-project\wind-power-forecast\backend\auto_scripts\models\shortmodel\20250423
2025-04-23 10:57:03,391 - ❌ 未找到训练 CSV 文件: D:\my-vue-project\wind-power-forecast\backend\auto_scripts\dataset\dataset_short\20250423.csv，等待 30 秒后重试...
2025-04-23 10:57:03,391 - 未找到best_models目录，检查传统模型文件
2025-04-23 10:57:03,392 - 未找到任何可用模型文件
2025-04-23 10:57:03,393 - ⏳ 未有可用模型，等待模型训练完成...
2025-04-23 10:57:33,392 - ❌ 未找到训练 CSV 文件: D:\my-vue-project\wind-power-forecast\backend\auto_scripts\dataset\dataset_short\20250423.csv，等待 30 秒后重试...
2025-04-23 10:57:33,407 - 检查模型目录: D:\my-vue-project\wind-power-forecast\backend\auto_scripts\models\shortmodel\20250423
2025-04-23 10:57:33,407 - 未找到best_models目录，检查传统模型文件
2025-04-23 10:57:33,407 - 未找到任何可用模型文件
2025-04-23 10:57:33,407 - ⏳ 未有可用模型，等待模型训练完成...
2025-04-23 10:58:03,406 - ❌ 未找到训练 CSV 文件: D:\my-vue-project\wind-power-forecast\backend\auto_scripts\dataset\dataset_short\20250423.csv，等待 30 秒后重试...
2025-04-23 10:58:03,422 - 检查模型目录: D:\my-vue-project\wind-power-forecast\backend\auto_scripts\models\shortmodel\20250423
2025-04-23 10:58:03,422 - 未找到best_models目录，检查传统模型文件
2025-04-23 10:58:03,422 - 未找到任何可用模型文件
2025-04-23 10:58:03,422 - ⏳ 未有可用模型，等待模型训练完成...
2025-04-23 10:58:33,411 - ❌ 未找到训练 CSV 文件: D:\my-vue-project\wind-power-forecast\backend\auto_scripts\dataset\dataset_short\20250423.csv，等待 30 秒后重试...
2025-04-23 10:58:33,426 - 检查模型目录: D:\my-vue-project\wind-power-forecast\backend\auto_scripts\models\shortmodel\20250423
2025-04-23 10:58:33,426 - 未找到best_models目录，检查传统模型文件
2025-04-23 10:58:33,427 - 未找到任何可用模型文件
2025-04-23 10:58:33,427 - ⏳ 未有可用模型，等待模型训练完成...
2025-04-23 10:59:03,426 - ❌ 未找到训练 CSV 文件: D:\my-vue-project\wind-power-forecast\backend\auto_scripts\dataset\dataset_short\20250423.csv，等待 30 秒后重试...
2025-04-23 10:59:03,441 - 检查模型目录: D:\my-vue-project\wind-power-forecast\backend\auto_scripts\models\shortmodel\20250423
2025-04-23 10:59:03,441 - 未找到best_models目录，检查传统模型文件
2025-04-23 10:59:03,442 - 未找到任何可用模型文件
2025-04-23 10:59:03,442 - ⏳ 未有可用模型，等待模型训练完成...
2025-04-23 10:59:33,430 - ❌ 未找到训练 CSV 文件: D:\my-vue-project\wind-power-forecast\backend\auto_scripts\dataset\dataset_short\20250423.csv，等待 30 秒后重试...
2025-04-23 10:59:33,445 - 检查模型目录: D:\my-vue-project\wind-power-forecast\backend\auto_scripts\models\shortmodel\20250423
2025-04-23 10:59:33,446 - 未找到best_models目录，检查传统模型文件
2025-04-23 10:59:33,446 - 未找到任何可用模型文件
2025-04-23 10:59:33,446 - ⏳ 未有可用模型，等待模型训练完成...
2025-04-23 11:00:03,431 - ❌ 未找到训练 CSV 文件: D:\my-vue-project\wind-power-forecast\backend\auto_scripts\dataset\dataset_short\20250423.csv，等待 30 秒后重试...
2025-04-23 11:00:03,462 - 检查模型目录: D:\my-vue-project\wind-power-forecast\backend\auto_scripts\models\shortmodel\20250423
2025-04-23 11:00:03,462 - 未找到best_models目录，检查传统模型文件
2025-04-23 11:00:03,462 - 未找到任何可用模型文件
2025-04-23 11:00:03,462 - ⏳ 未有可用模型，等待模型训练完成...
2025-04-23 11:00:33,446 - ❌ 未找到训练 CSV 文件: D:\my-vue-project\wind-power-forecast\backend\auto_scripts\dataset\dataset_short\20250423.csv，等待 30 秒后重试...
2025-04-23 11:00:33,475 - 检查模型目录: D:\my-vue-project\wind-power-forecast\backend\auto_scripts\models\shortmodel\20250423
2025-04-23 11:00:33,475 - 未找到best_models目录，检查传统模型文件
2025-04-23 11:00:33,476 - 未找到任何可用模型文件
2025-04-23 11:00:33,476 - ⏳ 未有可用模型，等待模型训练完成...
2025-04-23 11:01:03,458 - ❌ 未找到训练 CSV 文件: D:\my-vue-project\wind-power-forecast\backend\auto_scripts\dataset\dataset_short\20250423.csv，等待 30 秒后重试...
2025-04-23 11:01:03,489 - 检查模型目录: D:\my-vue-project\wind-power-forecast\backend\auto_scripts\models\shortmodel\20250423
2025-04-23 11:01:03,489 - 未找到best_models目录，检查传统模型文件
2025-04-23 11:01:03,489 - 未找到任何可用模型文件
2025-04-23 11:01:03,489 - ⏳ 未有可用模型，等待模型训练完成...
2025-04-23 11:01:33,466 - ❌ 未找到训练 CSV 文件: D:\my-vue-project\wind-power-forecast\backend\auto_scripts\dataset\dataset_short\20250423.csv，等待 30 秒后重试...
2025-04-23 11:01:33,495 - 检查模型目录: D:\my-vue-project\wind-power-forecast\backend\auto_scripts\models\shortmodel\20250423
2025-04-23 11:01:33,495 - 未找到best_models目录，检查传统模型文件
2025-04-23 11:01:33,496 - 未找到任何可用模型文件
2025-04-23 11:01:33,496 - ⏳ 未有可用模型，等待模型训练完成...
2025-04-23 11:02:03,472 - ❌ 未找到训练 CSV 文件: D:\my-vue-project\wind-power-forecast\backend\auto_scripts\dataset\dataset_short\20250423.csv，等待 30 秒后重试...
2025-04-23 11:02:03,503 - 检查模型目录: D:\my-vue-project\wind-power-forecast\backend\auto_scripts\models\shortmodel\20250423
2025-04-23 11:02:03,504 - 未找到best_models目录，检查传统模型文件
2025-04-23 11:02:03,505 - 未找到任何可用模型文件
2025-04-23 11:02:03,506 - ⏳ 未有可用模型，等待模型训练完成...
2025-04-23 11:02:33,487 - ❌ 未找到训练 CSV 文件: D:\my-vue-project\wind-power-forecast\backend\auto_scripts\dataset\dataset_short\20250423.csv，等待 30 秒后重试...
2025-04-23 11:02:33,517 - 检查模型目录: D:\my-vue-project\wind-power-forecast\backend\auto_scripts\models\shortmodel\20250423
2025-04-23 11:02:33,517 - 未找到best_models目录，检查传统模型文件
2025-04-23 11:02:33,518 - 未找到任何可用模型文件
2025-04-23 11:02:33,518 - ⏳ 未有可用模型，等待模型训练完成...
2025-04-23 11:03:03,501 - ❌ 未找到训练 CSV 文件: D:\my-vue-project\wind-power-forecast\backend\auto_scripts\dataset\dataset_short\20250423.csv，等待 30 秒后重试...
2025-04-23 11:03:03,532 - 检查模型目录: D:\my-vue-project\wind-power-forecast\backend\auto_scripts\models\shortmodel\20250423
2025-04-23 11:03:03,532 - 未找到best_models目录，检查传统模型文件
2025-04-23 11:03:03,532 - 未找到任何可用模型文件
2025-04-23 11:03:03,532 - ⏳ 未有可用模型，等待模型训练完成...
2025-04-23 11:03:33,514 - ❌ 未找到训练 CSV 文件: D:\my-vue-project\wind-power-forecast\backend\auto_scripts\dataset\dataset_short\20250423.csv，等待 30 秒后重试...
2025-04-23 11:03:33,546 - 检查模型目录: D:\my-vue-project\wind-power-forecast\backend\auto_scripts\models\shortmodel\20250423
2025-04-23 11:03:33,546 - 未找到best_models目录，检查传统模型文件
2025-04-23 11:03:33,547 - 未找到任何可用模型文件
2025-04-23 11:03:33,547 - ⏳ 未有可用模型，等待模型训练完成...
2025-04-23 11:04:03,525 - ❌ 未找到训练 CSV 文件: D:\my-vue-project\wind-power-forecast\backend\auto_scripts\dataset\dataset_short\20250423.csv，等待 30 秒后重试...
2025-04-23 11:04:03,556 - 检查模型目录: D:\my-vue-project\wind-power-forecast\backend\auto_scripts\models\shortmodel\20250423
2025-04-23 11:04:03,556 - 未找到best_models目录，检查传统模型文件
2025-04-23 11:04:03,557 - 未找到任何可用模型文件
2025-04-23 11:04:03,557 - ⏳ 未有可用模型，等待模型训练完成...
2025-04-23 11:04:33,532 - ❌ 未找到训练 CSV 文件: D:\my-vue-project\wind-power-forecast\backend\auto_scripts\dataset\dataset_short\20250423.csv，等待 30 秒后重试...
2025-04-23 11:04:33,563 - 检查模型目录: D:\my-vue-project\wind-power-forecast\backend\auto_scripts\models\shortmodel\20250423
2025-04-23 11:04:33,564 - 未找到best_models目录，检查传统模型文件
2025-04-23 11:04:33,566 - 未找到任何可用模型文件
2025-04-23 11:04:33,566 - ⏳ 未有可用模型，等待模型训练完成...
2025-04-23 11:05:03,543 - ❌ 未找到训练 CSV 文件: D:\my-vue-project\wind-power-forecast\backend\auto_scripts\dataset\dataset_short\20250423.csv，等待 30 秒后重试...
2025-04-23 11:05:03,574 - 检查模型目录: D:\my-vue-project\wind-power-forecast\backend\auto_scripts\models\shortmodel\20250423
2025-04-23 11:05:03,574 - 未找到best_models目录，检查传统模型文件
2025-04-23 11:05:03,575 - 未找到任何可用模型文件
2025-04-23 11:05:03,575 - ⏳ 未有可用模型，等待模型训练完成...
2025-04-23 11:05:33,552 - ❌ 未找到训练 CSV 文件: D:\my-vue-project\wind-power-forecast\backend\auto_scripts\dataset\dataset_short\20250423.csv，等待 30 秒后重试...
2025-04-23 11:05:33,582 - 检查模型目录: D:\my-vue-project\wind-power-forecast\backend\auto_scripts\models\shortmodel\20250423
2025-04-23 11:05:33,582 - 未找到best_models目录，检查传统模型文件
2025-04-23 11:05:33,583 - 未找到任何可用模型文件
2025-04-23 11:05:33,583 - ⏳ 未有可用模型，等待模型训练完成...
2025-04-23 11:06:03,570 - ❌ 未找到训练 CSV 文件: D:\my-vue-project\wind-power-forecast\backend\auto_scripts\dataset\dataset_short\20250423.csv，等待 30 秒后重试...
2025-04-23 11:06:03,585 - 检查模型目录: D:\my-vue-project\wind-power-forecast\backend\auto_scripts\models\shortmodel\20250423
2025-04-23 11:06:03,587 - 未找到best_models目录，检查传统模型文件
2025-04-23 11:06:03,588 - 未找到任何可用模型文件
2025-04-23 11:06:03,588 - ⏳ 未有可用模型，等待模型训练完成...
2025-04-23 11:06:33,583 - ❌ 未找到训练 CSV 文件: D:\my-vue-project\wind-power-forecast\backend\auto_scripts\dataset\dataset_short\20250423.csv，等待 30 秒后重试...
2025-04-23 11:06:33,599 - 检查模型目录: D:\my-vue-project\wind-power-forecast\backend\auto_scripts\models\shortmodel\20250423
2025-04-23 11:06:33,600 - 未找到best_models目录，检查传统模型文件
2025-04-23 11:06:33,601 - 未找到任何可用模型文件
2025-04-23 11:06:33,601 - ⏳ 未有可用模型，等待模型训练完成...
2025-04-23 11:07:03,590 - ❌ 未找到训练 CSV 文件: D:\my-vue-project\wind-power-forecast\backend\auto_scripts\dataset\dataset_short\20250423.csv，等待 30 秒后重试...
2025-04-23 11:07:03,606 - 检查模型目录: D:\my-vue-project\wind-power-forecast\backend\auto_scripts\models\shortmodel\20250423
2025-04-23 11:07:03,607 - 未找到best_models目录，检查传统模型文件
2025-04-23 11:07:03,607 - 未找到任何可用模型文件
2025-04-23 11:07:03,608 - ⏳ 未有可用模型，等待模型训练完成...
2025-04-23 11:07:33,606 - ❌ 未找到训练 CSV 文件: D:\my-vue-project\wind-power-forecast\backend\auto_scripts\dataset\dataset_short\20250423.csv，等待 30 秒后重试...
2025-04-23 11:07:33,622 - 检查模型目录: D:\my-vue-project\wind-power-forecast\backend\auto_scripts\models\shortmodel\20250423
2025-04-23 11:07:33,623 - 未找到best_models目录，检查传统模型文件
2025-04-23 11:07:33,624 - 未找到任何可用模型文件
2025-04-23 11:07:33,625 - ⏳ 未有可用模型，等待模型训练完成...
2025-04-23 11:08:03,612 - ❌ 未找到训练 CSV 文件: D:\my-vue-project\wind-power-forecast\backend\auto_scripts\dataset\dataset_short\20250423.csv，等待 30 秒后重试...
2025-04-23 11:08:03,627 - 检查模型目录: D:\my-vue-project\wind-power-forecast\backend\auto_scripts\models\shortmodel\20250423
2025-04-23 11:08:03,627 - 未找到best_models目录，检查传统模型文件
2025-04-23 11:08:03,627 - 未找到任何可用模型文件
2025-04-23 11:08:03,627 - ⏳ 未有可用模型，等待模型训练完成...
2025-04-23 11:08:33,621 - ❌ 未找到训练 CSV 文件: D:\my-vue-project\wind-power-forecast\backend\auto_scripts\dataset\dataset_short\20250423.csv，等待 30 秒后重试...
2025-04-23 11:08:33,636 - 检查模型目录: D:\my-vue-project\wind-power-forecast\backend\auto_scripts\models\shortmodel\20250423
2025-04-23 11:08:33,637 - 未找到best_models目录，检查传统模型文件
2025-04-23 11:08:33,638 - 未找到任何可用模型文件
2025-04-23 11:08:33,638 - ⏳ 未有可用模型，等待模型训练完成...
2025-04-23 11:09:03,637 - ❌ 未找到训练 CSV 文件: D:\my-vue-project\wind-power-forecast\backend\auto_scripts\dataset\dataset_short\20250423.csv，等待 30 秒后重试...
2025-04-23 11:09:03,652 - 检查模型目录: D:\my-vue-project\wind-power-forecast\backend\auto_scripts\models\shortmodel\20250423
2025-04-23 11:09:03,652 - 未找到best_models目录，检查传统模型文件
2025-04-23 11:09:03,652 - 未找到任何可用模型文件
2025-04-23 11:09:03,652 - ⏳ 未有可用模型，等待模型训练完成...
2025-04-23 11:09:33,643 - ❌ 未找到训练 CSV 文件: D:\my-vue-project\wind-power-forecast\backend\auto_scripts\dataset\dataset_short\20250423.csv，等待 30 秒后重试...
2025-04-23 11:09:33,657 - 检查模型目录: D:\my-vue-project\wind-power-forecast\backend\auto_scripts\models\shortmodel\20250423
2025-04-23 11:09:33,657 - 未找到best_models目录，检查传统模型文件
2025-04-23 11:09:33,658 - 未找到任何可用模型文件
2025-04-23 11:09:33,658 - ⏳ 未有可用模型，等待模型训练完成...
2025-04-23 11:10:03,655 - ❌ 未找到训练 CSV 文件: D:\my-vue-project\wind-power-forecast\backend\auto_scripts\dataset\dataset_short\20250423.csv，等待 30 秒后重试...
2025-04-23 11:10:03,670 - 检查模型目录: D:\my-vue-project\wind-power-forecast\backend\auto_scripts\models\shortmodel\20250423
2025-04-23 11:10:03,671 - 未找到best_models目录，检查传统模型文件
2025-04-23 11:10:03,672 - 未找到任何可用模型文件
2025-04-23 11:10:03,672 - ⏳ 未有可用模型，等待模型训练完成...
2025-04-23 11:10:33,657 - ❌ 未找到训练 CSV 文件: D:\my-vue-project\wind-power-forecast\backend\auto_scripts\dataset\dataset_short\20250423.csv，等待 30 秒后重试...
2025-04-23 11:10:33,688 - 检查模型目录: D:\my-vue-project\wind-power-forecast\backend\auto_scripts\models\shortmodel\20250423
2025-04-23 11:10:33,689 - 未找到best_models目录，检查传统模型文件
2025-04-23 11:10:33,690 - 未找到任何可用模型文件
2025-04-23 11:10:33,691 - ⏳ 未有可用模型，等待模型训练完成...
2025-04-23 11:11:03,663 - ❌ 未找到训练 CSV 文件: D:\my-vue-project\wind-power-forecast\backend\auto_scripts\dataset\dataset_short\20250423.csv，等待 30 秒后重试...
2025-04-23 11:11:03,694 - 检查模型目录: D:\my-vue-project\wind-power-forecast\backend\auto_scripts\models\shortmodel\20250423
2025-04-23 11:11:03,694 - 未找到best_models目录，检查传统模型文件
2025-04-23 11:11:03,695 - 未找到任何可用模型文件
2025-04-23 11:11:03,695 - ⏳ 未有可用模型，等待模型训练完成...
2025-04-23 11:11:33,674 - ❌ 未找到训练 CSV 文件: D:\my-vue-project\wind-power-forecast\backend\auto_scripts\dataset\dataset_short\20250423.csv，等待 30 秒后重试...
2025-04-23 11:11:33,704 - 检查模型目录: D:\my-vue-project\wind-power-forecast\backend\auto_scripts\models\shortmodel\20250423
2025-04-23 11:11:33,705 - 未找到best_models目录，检查传统模型文件
2025-04-23 11:11:33,705 - 未找到任何可用模型文件
2025-04-23 11:11:33,705 - ⏳ 未有可用模型，等待模型训练完成...
2025-04-23 11:12:03,687 - ❌ 未找到训练 CSV 文件: D:\my-vue-project\wind-power-forecast\backend\auto_scripts\dataset\dataset_short\20250423.csv，等待 30 秒后重试...
2025-04-23 11:12:03,719 - 检查模型目录: D:\my-vue-project\wind-power-forecast\backend\auto_scripts\models\shortmodel\20250423
2025-04-23 11:12:03,720 - 未找到best_models目录，检查传统模型文件
2025-04-23 11:12:03,721 - 未找到任何可用模型文件
2025-04-23 11:12:03,722 - ⏳ 未有可用模型，等待模型训练完成...
2025-04-23 11:12:33,699 - ❌ 未找到训练 CSV 文件: D:\my-vue-project\wind-power-forecast\backend\auto_scripts\dataset\dataset_short\20250423.csv，等待 30 秒后重试...
2025-04-23 11:12:33,730 - 检查模型目录: D:\my-vue-project\wind-power-forecast\backend\auto_scripts\models\shortmodel\20250423
2025-04-23 11:12:33,731 - 未找到best_models目录，检查传统模型文件
2025-04-23 11:12:33,733 - 未找到任何可用模型文件
2025-04-23 11:12:33,733 - ⏳ 未有可用模型，等待模型训练完成...
2025-04-23 11:13:03,701 - ❌ 未找到训练 CSV 文件: D:\my-vue-project\wind-power-forecast\backend\auto_scripts\dataset\dataset_short\20250423.csv，等待 30 秒后重试...
2025-04-23 11:13:03,749 - 检查模型目录: D:\my-vue-project\wind-power-forecast\backend\auto_scripts\models\shortmodel\20250423
2025-04-23 11:13:03,750 - 未找到best_models目录，检查传统模型文件
2025-04-23 11:13:03,750 - 未找到任何可用模型文件
2025-04-23 11:13:03,751 - ⏳ 未有可用模型，等待模型训练完成...
2025-04-23 11:13:33,705 - ❌ 未找到训练 CSV 文件: D:\my-vue-project\wind-power-forecast\backend\auto_scripts\dataset\dataset_short\20250423.csv，等待 30 秒后重试...
2025-04-23 11:13:33,767 - 检查模型目录: D:\my-vue-project\wind-power-forecast\backend\auto_scripts\models\shortmodel\20250423
2025-04-23 11:13:33,767 - 未找到best_models目录，检查传统模型文件
2025-04-23 11:13:33,768 - 未找到任何可用模型文件
2025-04-23 11:13:33,768 - ⏳ 未有可用模型，等待模型训练完成...
2025-04-23 11:14:03,710 - ❌ 未找到训练 CSV 文件: D:\my-vue-project\wind-power-forecast\backend\auto_scripts\dataset\dataset_short\20250423.csv，等待 30 秒后重试...
2025-04-23 11:14:03,770 - 检查模型目录: D:\my-vue-project\wind-power-forecast\backend\auto_scripts\models\shortmodel\20250423
2025-04-23 11:14:03,771 - 未找到best_models目录，检查传统模型文件
2025-04-23 11:14:03,772 - 未找到任何可用模型文件
2025-04-23 11:14:03,772 - ⏳ 未有可用模型，等待模型训练完成...
2025-04-23 11:14:33,724 - ❌ 未找到训练 CSV 文件: D:\my-vue-project\wind-power-forecast\backend\auto_scripts\dataset\dataset_short\20250423.csv，等待 30 秒后重试...
2025-04-23 11:14:33,786 - 检查模型目录: D:\my-vue-project\wind-power-forecast\backend\auto_scripts\models\shortmodel\20250423
2025-04-23 11:14:33,787 - 未找到best_models目录，检查传统模型文件
2025-04-23 11:14:33,788 - 未找到任何可用模型文件
2025-04-23 11:14:33,788 - ⏳ 未有可用模型，等待模型训练完成...
2025-04-23 11:15:03,732 - ❌ 未找到训练 CSV 文件: D:\my-vue-project\wind-power-forecast\backend\auto_scripts\dataset\dataset_short\20250423.csv，等待 30 秒后重试...
2025-04-23 11:15:03,794 - 检查模型目录: D:\my-vue-project\wind-power-forecast\backend\auto_scripts\models\shortmodel\20250423
2025-04-23 11:15:03,794 - 未找到best_models目录，检查传统模型文件
2025-04-23 11:15:03,795 - 未找到任何可用模型文件
2025-04-23 11:15:03,795 - ⏳ 未有可用模型，等待模型训练完成...
2025-04-23 11:15:33,734 - ❌ 未找到训练 CSV 文件: D:\my-vue-project\wind-power-forecast\backend\auto_scripts\dataset\dataset_short\20250423.csv，等待 30 秒后重试...
2025-04-23 11:15:33,797 - 检查模型目录: D:\my-vue-project\wind-power-forecast\backend\auto_scripts\models\shortmodel\20250423
2025-04-23 11:15:33,798 - 未找到best_models目录，检查传统模型文件
2025-04-23 11:15:33,799 - 未找到任何可用模型文件
2025-04-23 11:15:33,799 - ⏳ 未有可用模型，等待模型训练完成...
2025-04-23 11:16:03,747 - ❌ 未找到训练 CSV 文件: D:\my-vue-project\wind-power-forecast\backend\auto_scripts\dataset\dataset_short\20250423.csv，等待 30 秒后重试...
2025-04-23 11:16:03,809 - 检查模型目录: D:\my-vue-project\wind-power-forecast\backend\auto_scripts\models\shortmodel\20250423
2025-04-23 11:16:03,809 - 未找到best_models目录，检查传统模型文件
2025-04-23 11:16:03,810 - 未找到任何可用模型文件
2025-04-23 11:16:03,810 - ⏳ 未有可用模型，等待模型训练完成...
2025-04-23 11:16:33,759 - ❌ 未找到训练 CSV 文件: D:\my-vue-project\wind-power-forecast\backend\auto_scripts\dataset\dataset_short\20250423.csv，等待 30 秒后重试...
2025-04-23 11:16:33,824 - 检查模型目录: D:\my-vue-project\wind-power-forecast\backend\auto_scripts\models\shortmodel\20250423
2025-04-23 11:16:33,825 - 未找到best_models目录，检查传统模型文件
2025-04-23 11:16:33,826 - 未找到任何可用模型文件
2025-04-23 11:16:33,826 - ⏳ 未有可用模型，等待模型训练完成...
2025-04-23 11:17:03,775 - ❌ 未找到训练 CSV 文件: D:\my-vue-project\wind-power-forecast\backend\auto_scripts\dataset\dataset_short\20250423.csv，等待 30 秒后重试...
2025-04-23 11:17:03,839 - 检查模型目录: D:\my-vue-project\wind-power-forecast\backend\auto_scripts\models\shortmodel\20250423
2025-04-23 11:17:03,839 - 未找到best_models目录，检查传统模型文件
2025-04-23 11:17:03,840 - 未找到任何可用模型文件
2025-04-23 11:17:03,840 - ⏳ 未有可用模型，等待模型训练完成...
2025-04-23 11:17:33,778 - ❌ 未找到训练 CSV 文件: D:\my-vue-project\wind-power-forecast\backend\auto_scripts\dataset\dataset_short\20250423.csv，等待 30 秒后重试...
2025-04-23 11:17:33,857 - 检查模型目录: D:\my-vue-project\wind-power-forecast\backend\auto_scripts\models\shortmodel\20250423
2025-04-23 11:17:33,858 - 未找到best_models目录，检查传统模型文件
2025-04-23 11:17:33,859 - 未找到任何可用模型文件
2025-04-23 11:17:33,860 - ⏳ 未有可用模型，等待模型训练完成...
2025-04-23 11:18:03,788 - ❌ 未找到训练 CSV 文件: D:\my-vue-project\wind-power-forecast\backend\auto_scripts\dataset\dataset_short\20250423.csv，等待 30 秒后重试...
2025-04-23 11:18:03,865 - 检查模型目录: D:\my-vue-project\wind-power-forecast\backend\auto_scripts\models\shortmodel\20250423
2025-04-23 11:18:03,866 - 未找到best_models目录，检查传统模型文件
2025-04-23 11:18:03,866 - 未找到任何可用模型文件
2025-04-23 11:18:03,866 - ⏳ 未有可用模型，等待模型训练完成...
2025-04-23 11:18:33,795 - ❌ 未找到训练 CSV 文件: D:\my-vue-project\wind-power-forecast\backend\auto_scripts\dataset\dataset_short\20250423.csv，等待 30 秒后重试...
2025-04-23 11:18:33,871 - 检查模型目录: D:\my-vue-project\wind-power-forecast\backend\auto_scripts\models\shortmodel\20250423
2025-04-23 11:18:33,871 - 未找到best_models目录，检查传统模型文件
2025-04-23 11:18:33,871 - 未找到任何可用模型文件
2025-04-23 11:18:33,871 - ⏳ 未有可用模型，等待模型训练完成...
2025-04-23 11:19:03,798 - ❌ 未找到训练 CSV 文件: D:\my-vue-project\wind-power-forecast\backend\auto_scripts\dataset\dataset_short\20250423.csv，等待 30 秒后重试...
2025-04-23 11:19:03,874 - 检查模型目录: D:\my-vue-project\wind-power-forecast\backend\auto_scripts\models\shortmodel\20250423
2025-04-23 11:19:03,876 - 未找到best_models目录，检查传统模型文件
2025-04-23 11:19:03,877 - 未找到任何可用模型文件
2025-04-23 11:19:03,877 - ⏳ 未有可用模型，等待模型训练完成...
2025-04-23 11:19:33,802 - ❌ 未找到训练 CSV 文件: D:\my-vue-project\wind-power-forecast\backend\auto_scripts\dataset\dataset_short\20250423.csv，等待 30 秒后重试...
2025-04-23 11:19:33,881 - 检查模型目录: D:\my-vue-project\wind-power-forecast\backend\auto_scripts\models\shortmodel\20250423
2025-04-23 11:19:33,882 - 未找到best_models目录，检查传统模型文件
2025-04-23 11:19:33,882 - 未找到任何可用模型文件
2025-04-23 11:19:33,883 - ⏳ 未有可用模型，等待模型训练完成...
2025-04-23 11:20:03,804 - ❌ 未找到训练 CSV 文件: D:\my-vue-project\wind-power-forecast\backend\auto_scripts\dataset\dataset_short\20250423.csv，等待 30 秒后重试...
2025-04-23 11:20:03,896 - 检查模型目录: D:\my-vue-project\wind-power-forecast\backend\auto_scripts\models\shortmodel\20250423
2025-04-23 11:20:03,896 - 未找到best_models目录，检查传统模型文件
2025-04-23 11:20:03,897 - 未找到任何可用模型文件
2025-04-23 11:20:03,897 - ⏳ 未有可用模型，等待模型训练完成...
2025-04-23 11:20:33,805 - ❌ 未找到训练 CSV 文件: D:\my-vue-project\wind-power-forecast\backend\auto_scripts\dataset\dataset_short\20250423.csv，等待 30 秒后重试...
2025-04-23 11:20:33,898 - 检查模型目录: D:\my-vue-project\wind-power-forecast\backend\auto_scripts\models\shortmodel\20250423
2025-04-23 11:20:33,898 - 未找到best_models目录，检查传统模型文件
2025-04-23 11:20:33,899 - 未找到任何可用模型文件
2025-04-23 11:20:33,899 - ⏳ 未有可用模型，等待模型训练完成...
2025-04-23 11:21:03,821 - ❌ 未找到训练 CSV 文件: D:\my-vue-project\wind-power-forecast\backend\auto_scripts\dataset\dataset_short\20250423.csv，等待 30 秒后重试...
2025-04-23 11:21:03,915 - 检查模型目录: D:\my-vue-project\wind-power-forecast\backend\auto_scripts\models\shortmodel\20250423
2025-04-23 11:21:03,915 - 未找到best_models目录，检查传统模型文件
2025-04-23 11:21:03,915 - 未找到任何可用模型文件
2025-04-23 11:21:03,915 - ⏳ 未有可用模型，等待模型训练完成...
2025-04-23 11:21:33,823 - ❌ 未找到训练 CSV 文件: D:\my-vue-project\wind-power-forecast\backend\auto_scripts\dataset\dataset_short\20250423.csv，等待 30 秒后重试...
2025-04-23 11:21:33,916 - 检查模型目录: D:\my-vue-project\wind-power-forecast\backend\auto_scripts\models\shortmodel\20250423
2025-04-23 11:21:33,916 - 未找到best_models目录，检查传统模型文件
2025-04-23 11:21:33,917 - 未找到任何可用模型文件
2025-04-23 11:21:33,917 - ⏳ 未有可用模型，等待模型训练完成...
2025-04-23 11:22:03,828 - ❌ 未找到训练 CSV 文件: D:\my-vue-project\wind-power-forecast\backend\auto_scripts\dataset\dataset_short\20250423.csv，等待 30 秒后重试...
2025-04-23 11:22:03,922 - 检查模型目录: D:\my-vue-project\wind-power-forecast\backend\auto_scripts\models\shortmodel\20250423
2025-04-23 11:22:03,923 - 未找到best_models目录，检查传统模型文件
2025-04-23 11:22:03,924 - 未找到任何可用模型文件
2025-04-23 11:22:03,924 - ⏳ 未有可用模型，等待模型训练完成...
2025-04-23 11:22:33,844 - ❌ 未找到训练 CSV 文件: D:\my-vue-project\wind-power-forecast\backend\auto_scripts\dataset\dataset_short\20250423.csv，等待 30 秒后重试...
2025-04-23 11:22:33,937 - 检查模型目录: D:\my-vue-project\wind-power-forecast\backend\auto_scripts\models\shortmodel\20250423
2025-04-23 11:22:33,937 - 未找到best_models目录，检查传统模型文件
2025-04-23 11:22:33,937 - 未找到任何可用模型文件
2025-04-23 11:22:33,938 - ⏳ 未有可用模型，等待模型训练完成...
2025-04-23 11:23:03,849 - ❌ 未找到训练 CSV 文件: D:\my-vue-project\wind-power-forecast\backend\auto_scripts\dataset\dataset_short\20250423.csv，等待 30 秒后重试...
2025-04-23 11:23:03,942 - 检查模型目录: D:\my-vue-project\wind-power-forecast\backend\auto_scripts\models\shortmodel\20250423
2025-04-23 11:23:03,944 - 未找到best_models目录，检查传统模型文件
2025-04-23 11:23:03,945 - 未找到任何可用模型文件
2025-04-23 11:23:03,945 - ⏳ 未有可用模型，等待模型训练完成...
2025-04-23 11:23:33,866 - ❌ 未找到训练 CSV 文件: D:\my-vue-project\wind-power-forecast\backend\auto_scripts\dataset\dataset_short\20250423.csv，等待 30 秒后重试...
2025-04-23 11:23:33,958 - 检查模型目录: D:\my-vue-project\wind-power-forecast\backend\auto_scripts\models\shortmodel\20250423
2025-04-23 11:23:33,958 - 未找到best_models目录，检查传统模型文件
2025-04-23 11:23:33,959 - 未找到任何可用模型文件
2025-04-23 11:23:33,959 - ⏳ 未有可用模型，等待模型训练完成...
2025-04-23 11:24:03,875 - ❌ 未找到训练 CSV 文件: D:\my-vue-project\wind-power-forecast\backend\auto_scripts\dataset\dataset_short\20250423.csv，等待 30 秒后重试...
2025-04-23 11:24:03,969 - 检查模型目录: D:\my-vue-project\wind-power-forecast\backend\auto_scripts\models\shortmodel\20250423
2025-04-23 11:24:03,971 - 未找到best_models目录，检查传统模型文件
2025-04-23 11:24:03,971 - 未找到任何可用模型文件
2025-04-23 11:24:03,972 - ⏳ 未有可用模型，等待模型训练完成...
2025-04-23 11:24:33,880 - ❌ 未找到训练 CSV 文件: D:\my-vue-project\wind-power-forecast\backend\auto_scripts\dataset\dataset_short\20250423.csv，等待 30 秒后重试...
2025-04-23 11:24:33,975 - 检查模型目录: D:\my-vue-project\wind-power-forecast\backend\auto_scripts\models\shortmodel\20250423
2025-04-23 11:24:33,975 - 未找到best_models目录，检查传统模型文件
2025-04-23 11:24:33,976 - 未找到任何可用模型文件
2025-04-23 11:24:33,976 - ⏳ 未有可用模型，等待模型训练完成...
2025-04-23 11:25:03,882 - ❌ 未找到训练 CSV 文件: D:\my-vue-project\wind-power-forecast\backend\auto_scripts\dataset\dataset_short\20250423.csv，等待 30 秒后重试...
2025-04-23 11:25:03,991 - 检查模型目录: D:\my-vue-project\wind-power-forecast\backend\auto_scripts\models\shortmodel\20250423
2025-04-23 11:25:03,992 - 未找到best_models目录，检查传统模型文件
2025-04-23 11:25:03,993 - 未找到任何可用模型文件
2025-04-23 11:25:03,993 - ⏳ 未有可用模型，等待模型训练完成...
2025-04-23 11:25:33,887 - ❌ 未找到训练 CSV 文件: D:\my-vue-project\wind-power-forecast\backend\auto_scripts\dataset\dataset_short\20250423.csv，等待 30 秒后重试...
2025-04-23 11:25:33,995 - 检查模型目录: D:\my-vue-project\wind-power-forecast\backend\auto_scripts\models\shortmodel\20250423
2025-04-23 11:25:33,996 - 未找到best_models目录，检查传统模型文件
2025-04-23 11:25:33,997 - 未找到任何可用模型文件
2025-04-23 11:25:33,997 - ⏳ 未有可用模型，等待模型训练完成...
2025-04-23 11:26:03,889 - ❌ 未找到训练 CSV 文件: D:\my-vue-project\wind-power-forecast\backend\auto_scripts\dataset\dataset_short\20250423.csv，等待 30 秒后重试...
2025-04-23 11:26:04,012 - 检查模型目录: D:\my-vue-project\wind-power-forecast\backend\auto_scripts\models\shortmodel\20250423
2025-04-23 11:26:04,012 - 未找到best_models目录，检查传统模型文件
2025-04-23 11:26:04,013 - 未找到任何可用模型文件
2025-04-23 11:26:04,013 - ⏳ 未有可用模型，等待模型训练完成...
2025-04-23 11:26:33,892 - ❌ 未找到训练 CSV 文件: D:\my-vue-project\wind-power-forecast\backend\auto_scripts\dataset\dataset_short\20250423.csv，等待 30 秒后重试...
2025-04-23 11:26:34,016 - 检查模型目录: D:\my-vue-project\wind-power-forecast\backend\auto_scripts\models\shortmodel\20250423
2025-04-23 11:26:34,016 - 未找到best_models目录，检查传统模型文件
2025-04-23 11:26:34,016 - 未找到任何可用模型文件
2025-04-23 11:26:34,016 - ⏳ 未有可用模型，等待模型训练完成...
2025-04-23 11:27:03,893 - ❌ 未找到训练 CSV 文件: D:\my-vue-project\wind-power-forecast\backend\auto_scripts\dataset\dataset_short\20250423.csv，等待 30 秒后重试...
2025-04-23 11:27:04,018 - 检查模型目录: D:\my-vue-project\wind-power-forecast\backend\auto_scripts\models\shortmodel\20250423
2025-04-23 11:27:04,018 - 未找到best_models目录，检查传统模型文件
2025-04-23 11:27:04,019 - 未找到任何可用模型文件
2025-04-23 11:27:04,019 - ⏳ 未有可用模型，等待模型训练完成...
2025-04-23 11:27:33,895 - ❌ 未找到训练 CSV 文件: D:\my-vue-project\wind-power-forecast\backend\auto_scripts\dataset\dataset_short\20250423.csv，等待 30 秒后重试...
2025-04-23 11:27:34,021 - 检查模型目录: D:\my-vue-project\wind-power-forecast\backend\auto_scripts\models\shortmodel\20250423
2025-04-23 11:27:34,021 - 未找到best_models目录，检查传统模型文件
2025-04-23 11:27:34,021 - 未找到任何可用模型文件
2025-04-23 11:27:34,021 - ⏳ 未有可用模型，等待模型训练完成...
2025-04-23 11:28:03,905 - ❌ 未找到训练 CSV 文件: D:\my-vue-project\wind-power-forecast\backend\auto_scripts\dataset\dataset_short\20250423.csv，等待 30 秒后重试...
2025-04-23 11:28:04,029 - 检查模型目录: D:\my-vue-project\wind-power-forecast\backend\auto_scripts\models\shortmodel\20250423
2025-04-23 11:28:04,029 - 未找到best_models目录，检查传统模型文件
2025-04-23 11:28:04,029 - 未找到任何可用模型文件
2025-04-23 11:28:04,030 - ⏳ 未有可用模型，等待模型训练完成...
2025-04-23 11:28:33,914 - ❌ 未找到训练 CSV 文件: D:\my-vue-project\wind-power-forecast\backend\auto_scripts\dataset\dataset_short\20250423.csv，等待 30 秒后重试...
2025-04-23 11:28:34,038 - 检查模型目录: D:\my-vue-project\wind-power-forecast\backend\auto_scripts\models\shortmodel\20250423
2025-04-23 11:28:34,038 - 未找到best_models目录，检查传统模型文件
2025-04-23 11:28:34,038 - 未找到任何可用模型文件
2025-04-23 11:28:34,038 - ⏳ 未有可用模型，等待模型训练完成...
2025-04-23 11:29:03,929 - ❌ 未找到训练 CSV 文件: D:\my-vue-project\wind-power-forecast\backend\auto_scripts\dataset\dataset_short\20250423.csv，等待 30 秒后重试...
2025-04-23 11:29:04,051 - 检查模型目录: D:\my-vue-project\wind-power-forecast\backend\auto_scripts\models\shortmodel\20250423
2025-04-23 11:29:04,052 - 未找到best_models目录，检查传统模型文件
2025-04-23 11:29:04,052 - 未找到任何可用模型文件
2025-04-23 11:29:04,053 - ⏳ 未有可用模型，等待模型训练完成...
2025-04-23 11:29:33,940 - ❌ 未找到训练 CSV 文件: D:\my-vue-project\wind-power-forecast\backend\auto_scripts\dataset\dataset_short\20250423.csv，等待 30 秒后重试...
2025-04-23 11:29:34,065 - 检查模型目录: D:\my-vue-project\wind-power-forecast\backend\auto_scripts\models\shortmodel\20250423
2025-04-23 11:29:34,067 - 未找到best_models目录，检查传统模型文件
2025-04-23 11:29:34,067 - 未找到任何可用模型文件
2025-04-23 11:29:34,068 - ⏳ 未有可用模型，等待模型训练完成...
2025-04-23 11:30:03,954 - ❌ 未找到训练 CSV 文件: D:\my-vue-project\wind-power-forecast\backend\auto_scripts\dataset\dataset_short\20250423.csv，等待 30 秒后重试...
2025-04-23 11:30:04,079 - 检查模型目录: D:\my-vue-project\wind-power-forecast\backend\auto_scripts\models\shortmodel\20250423
2025-04-23 11:30:04,079 - 未找到best_models目录，检查传统模型文件
2025-04-23 11:30:04,080 - 未找到任何可用模型文件
2025-04-23 11:30:04,080 - ⏳ 未有可用模型，等待模型训练完成...
2025-04-23 11:30:33,969 - ❌ 未找到训练 CSV 文件: D:\my-vue-project\wind-power-forecast\backend\auto_scripts\dataset\dataset_short\20250423.csv，等待 30 秒后重试...
2025-04-23 11:30:34,093 - 检查模型目录: D:\my-vue-project\wind-power-forecast\backend\auto_scripts\models\shortmodel\20250423
2025-04-23 11:30:34,093 - 未找到best_models目录，检查传统模型文件
2025-04-23 11:30:34,094 - 未找到任何可用模型文件
2025-04-23 11:30:34,094 - ⏳ 未有可用模型，等待模型训练完成...
2025-04-23 11:31:03,982 - ❌ 未找到训练 CSV 文件: D:\my-vue-project\wind-power-forecast\backend\auto_scripts\dataset\dataset_short\20250423.csv，等待 30 秒后重试...
2025-04-23 11:31:04,106 - 检查模型目录: D:\my-vue-project\wind-power-forecast\backend\auto_scripts\models\shortmodel\20250423
2025-04-23 11:31:04,106 - 未找到best_models目录，检查传统模型文件
2025-04-23 11:31:04,106 - 未找到任何可用模型文件
2025-04-23 11:31:04,106 - ⏳ 未有可用模型，等待模型训练完成...
2025-04-23 11:31:34,000 - ❌ 未找到训练 CSV 文件: D:\my-vue-project\wind-power-forecast\backend\auto_scripts\dataset\dataset_short\20250423.csv，等待 30 秒后重试...
2025-04-23 11:31:34,109 - 检查模型目录: D:\my-vue-project\wind-power-forecast\backend\auto_scripts\models\shortmodel\20250423
2025-04-23 11:31:34,109 - 未找到best_models目录，检查传统模型文件
2025-04-23 11:31:34,109 - 未找到任何可用模型文件
2025-04-23 11:31:34,109 - ⏳ 未有可用模型，等待模型训练完成...
2025-04-23 11:32:04,009 - ❌ 未找到训练 CSV 文件: D:\my-vue-project\wind-power-forecast\backend\auto_scripts\dataset\dataset_short\20250423.csv，等待 30 秒后重试...
2025-04-23 11:32:04,115 - 检查模型目录: D:\my-vue-project\wind-power-forecast\backend\auto_scripts\models\shortmodel\20250423
2025-04-23 11:32:04,115 - 未找到best_models目录，检查传统模型文件
2025-04-23 11:32:04,116 - 未找到任何可用模型文件
2025-04-23 11:32:04,116 - ⏳ 未有可用模型，等待模型训练完成...
2025-04-23 11:32:34,015 - ❌ 未找到训练 CSV 文件: D:\my-vue-project\wind-power-forecast\backend\auto_scripts\dataset\dataset_short\20250423.csv，等待 30 秒后重试...
2025-04-23 11:32:34,122 - 检查模型目录: D:\my-vue-project\wind-power-forecast\backend\auto_scripts\models\shortmodel\20250423
2025-04-23 11:32:34,122 - 未找到best_models目录，检查传统模型文件
2025-04-23 11:32:34,123 - 未找到任何可用模型文件
2025-04-23 11:32:34,123 - ⏳ 未有可用模型，等待模型训练完成...
2025-04-23 11:33:04,030 - ❌ 未找到训练 CSV 文件: D:\my-vue-project\wind-power-forecast\backend\auto_scripts\dataset\dataset_short\20250423.csv，等待 30 秒后重试...
2025-04-23 11:33:04,124 - 检查模型目录: D:\my-vue-project\wind-power-forecast\backend\auto_scripts\models\shortmodel\20250423
2025-04-23 11:33:04,125 - 未找到best_models目录，检查传统模型文件
2025-04-23 11:33:04,125 - 未找到任何可用模型文件
2025-04-23 11:33:04,125 - ⏳ 未有可用模型，等待模型训练完成...
2025-04-23 11:33:34,037 - ❌ 未找到训练 CSV 文件: D:\my-vue-project\wind-power-forecast\backend\auto_scripts\dataset\dataset_short\20250423.csv，等待 30 秒后重试...
2025-04-23 11:33:34,133 - 检查模型目录: D:\my-vue-project\wind-power-forecast\backend\auto_scripts\models\shortmodel\20250423
2025-04-23 11:33:34,134 - 未找到best_models目录，检查传统模型文件
2025-04-23 11:33:34,135 - 未找到任何可用模型文件
2025-04-23 11:33:34,135 - ⏳ 未有可用模型，等待模型训练完成...
2025-04-23 11:34:04,046 - ❌ 未找到训练 CSV 文件: D:\my-vue-project\wind-power-forecast\backend\auto_scripts\dataset\dataset_short\20250423.csv，等待 30 秒后重试...
2025-04-23 11:34:04,140 - 检查模型目录: D:\my-vue-project\wind-power-forecast\backend\auto_scripts\models\shortmodel\20250423
2025-04-23 11:34:04,141 - 未找到best_models目录，检查传统模型文件
2025-04-23 11:34:04,142 - 未找到任何可用模型文件
2025-04-23 11:34:04,142 - ⏳ 未有可用模型，等待模型训练完成...
2025-04-23 11:34:34,048 - ❌ 未找到训练 CSV 文件: D:\my-vue-project\wind-power-forecast\backend\auto_scripts\dataset\dataset_short\20250423.csv，等待 30 秒后重试...
2025-04-23 11:34:34,157 - 检查模型目录: D:\my-vue-project\wind-power-forecast\backend\auto_scripts\models\shortmodel\20250423
2025-04-23 11:34:34,157 - 未找到best_models目录，检查传统模型文件
2025-04-23 11:34:34,157 - 未找到任何可用模型文件
2025-04-23 11:34:34,158 - ⏳ 未有可用模型，等待模型训练完成...
2025-04-23 11:35:04,053 - ❌ 未找到训练 CSV 文件: D:\my-vue-project\wind-power-forecast\backend\auto_scripts\dataset\dataset_short\20250423.csv，等待 30 秒后重试...
2025-04-23 11:35:04,163 - 检查模型目录: D:\my-vue-project\wind-power-forecast\backend\auto_scripts\models\shortmodel\20250423
2025-04-23 11:35:04,164 - 未找到best_models目录，检查传统模型文件
2025-04-23 11:35:04,165 - 未找到任何可用模型文件
2025-04-23 11:35:04,165 - ⏳ 未有可用模型，等待模型训练完成...
2025-04-23 11:35:34,061 - ❌ 未找到训练 CSV 文件: D:\my-vue-project\wind-power-forecast\backend\auto_scripts\dataset\dataset_short\20250423.csv，等待 30 秒后重试...
2025-04-23 11:35:34,169 - 检查模型目录: D:\my-vue-project\wind-power-forecast\backend\auto_scripts\models\shortmodel\20250423
2025-04-23 11:35:34,169 - 未找到best_models目录，检查传统模型文件
2025-04-23 11:35:34,169 - 未找到任何可用模型文件
2025-04-23 11:35:34,169 - ⏳ 未有可用模型，等待模型训练完成...
2025-04-23 11:36:04,067 - ❌ 未找到训练 CSV 文件: D:\my-vue-project\wind-power-forecast\backend\auto_scripts\dataset\dataset_short\20250423.csv，等待 30 秒后重试...
2025-04-23 11:36:04,175 - 检查模型目录: D:\my-vue-project\wind-power-forecast\backend\auto_scripts\models\shortmodel\20250423
2025-04-23 11:36:04,176 - 未找到best_models目录，检查传统模型文件
2025-04-23 11:36:04,177 - 未找到任何可用模型文件
2025-04-23 11:36:04,177 - ⏳ 未有可用模型，等待模型训练完成...
2025-04-23 11:36:34,068 - ❌ 未找到训练 CSV 文件: D:\my-vue-project\wind-power-forecast\backend\auto_scripts\dataset\dataset_short\20250423.csv，等待 30 秒后重试...
2025-04-23 11:36:34,191 - 检查模型目录: D:\my-vue-project\wind-power-forecast\backend\auto_scripts\models\shortmodel\20250423
2025-04-23 11:36:34,191 - 未找到best_models目录，检查传统模型文件
2025-04-23 11:36:34,191 - 未找到任何可用模型文件
2025-04-23 11:36:34,191 - ⏳ 未有可用模型，等待模型训练完成...
2025-04-23 11:37:04,073 - ❌ 未找到训练 CSV 文件: D:\my-vue-project\wind-power-forecast\backend\auto_scripts\dataset\dataset_short\20250423.csv，等待 30 秒后重试...
2025-04-23 11:37:04,197 - 检查模型目录: D:\my-vue-project\wind-power-forecast\backend\auto_scripts\models\shortmodel\20250423
2025-04-23 11:37:04,198 - 未找到best_models目录，检查传统模型文件
2025-04-23 11:37:04,199 - 未找到任何可用模型文件
2025-04-23 11:37:04,199 - ⏳ 未有可用模型，等待模型训练完成...
2025-04-23 11:37:34,079 - ❌ 未找到训练 CSV 文件: D:\my-vue-project\wind-power-forecast\backend\auto_scripts\dataset\dataset_short\20250423.csv，等待 30 秒后重试...
2025-04-23 11:37:34,203 - 检查模型目录: D:\my-vue-project\wind-power-forecast\backend\auto_scripts\models\shortmodel\20250423
2025-04-23 11:37:34,204 - 未找到best_models目录，检查传统模型文件
2025-04-23 11:37:34,204 - 未找到任何可用模型文件
2025-04-23 11:37:34,204 - ⏳ 未有可用模型，等待模型训练完成...
2025-04-23 11:38:04,085 - ❌ 未找到训练 CSV 文件: D:\my-vue-project\wind-power-forecast\backend\auto_scripts\dataset\dataset_short\20250423.csv，等待 30 秒后重试...
2025-04-23 11:38:04,208 - 检查模型目录: D:\my-vue-project\wind-power-forecast\backend\auto_scripts\models\shortmodel\20250423
2025-04-23 11:38:04,208 - 未找到best_models目录，检查传统模型文件
2025-04-23 11:38:04,209 - 未找到任何可用模型文件
2025-04-23 11:38:04,209 - ⏳ 未有可用模型，等待模型训练完成...
2025-04-23 11:38:34,091 - ❌ 未找到训练 CSV 文件: D:\my-vue-project\wind-power-forecast\backend\auto_scripts\dataset\dataset_short\20250423.csv，等待 30 秒后重试...
2025-04-23 11:38:34,216 - 检查模型目录: D:\my-vue-project\wind-power-forecast\backend\auto_scripts\models\shortmodel\20250423
2025-04-23 11:38:34,216 - 未找到best_models目录，检查传统模型文件
2025-04-23 11:38:34,216 - 未找到任何可用模型文件
2025-04-23 11:38:34,216 - ⏳ 未有可用模型，等待模型训练完成...
2025-04-23 11:39:04,099 - ❌ 未找到训练 CSV 文件: D:\my-vue-project\wind-power-forecast\backend\auto_scripts\dataset\dataset_short\20250423.csv，等待 30 秒后重试...
2025-04-23 11:39:04,225 - 检查模型目录: D:\my-vue-project\wind-power-forecast\backend\auto_scripts\models\shortmodel\20250423
2025-04-23 11:39:04,226 - 未找到best_models目录，检查传统模型文件
2025-04-23 11:39:04,227 - 未找到任何可用模型文件
2025-04-23 11:39:04,228 - ⏳ 未有可用模型，等待模型训练完成...
2025-04-23 11:39:34,104 - ❌ 未找到训练 CSV 文件: D:\my-vue-project\wind-power-forecast\backend\auto_scripts\dataset\dataset_short\20250423.csv，等待 30 秒后重试...
2025-04-23 11:39:34,243 - 检查模型目录: D:\my-vue-project\wind-power-forecast\backend\auto_scripts\models\shortmodel\20250423
2025-04-23 11:39:34,245 - 未找到best_models目录，检查传统模型文件
2025-04-23 11:39:34,246 - 未找到任何可用模型文件
2025-04-23 11:39:34,246 - ⏳ 未有可用模型，等待模型训练完成...
2025-04-23 11:40:04,117 - ❌ 未找到训练 CSV 文件: D:\my-vue-project\wind-power-forecast\backend\auto_scripts\dataset\dataset_short\20250423.csv，等待 30 秒后重试...
2025-04-23 11:40:04,258 - 检查模型目录: D:\my-vue-project\wind-power-forecast\backend\auto_scripts\models\shortmodel\20250423
2025-04-23 11:40:04,259 - 未找到best_models目录，检查传统模型文件
2025-04-23 11:40:04,261 - 未找到任何可用模型文件
2025-04-23 11:40:04,261 - ⏳ 未有可用模型，等待模型训练完成...
2025-04-23 11:40:34,125 - ❌ 未找到训练 CSV 文件: D:\my-vue-project\wind-power-forecast\backend\auto_scripts\dataset\dataset_short\20250423.csv，等待 30 秒后重试...
2025-04-23 11:40:34,267 - 检查模型目录: D:\my-vue-project\wind-power-forecast\backend\auto_scripts\models\shortmodel\20250423
2025-04-23 11:40:34,267 - 未找到best_models目录，检查传统模型文件
2025-04-23 11:40:34,267 - 未找到任何可用模型文件
2025-04-23 11:40:34,268 - ⏳ 未有可用模型，等待模型训练完成...
2025-04-23 11:41:04,138 - ❌ 未找到训练 CSV 文件: D:\my-vue-project\wind-power-forecast\backend\auto_scripts\dataset\dataset_short\20250423.csv，等待 30 秒后重试...
2025-04-23 11:41:04,278 - 检查模型目录: D:\my-vue-project\wind-power-forecast\backend\auto_scripts\models\shortmodel\20250423
2025-04-23 11:41:04,278 - 未找到best_models目录，检查传统模型文件
2025-04-23 11:41:04,278 - 未找到任何可用模型文件
2025-04-23 11:41:04,279 - ⏳ 未有可用模型，等待模型训练完成...
2025-04-23 11:41:34,152 - ❌ 未找到训练 CSV 文件: D:\my-vue-project\wind-power-forecast\backend\auto_scripts\dataset\dataset_short\20250423.csv，等待 30 秒后重试...
2025-04-23 11:41:34,294 - 检查模型目录: D:\my-vue-project\wind-power-forecast\backend\auto_scripts\models\shortmodel\20250423
2025-04-23 11:41:34,296 - 未找到best_models目录，检查传统模型文件
2025-04-23 11:41:34,297 - 未找到任何可用模型文件
2025-04-23 11:41:34,297 - ⏳ 未有可用模型，等待模型训练完成...
2025-04-23 11:42:04,159 - ❌ 未找到训练 CSV 文件: D:\my-vue-project\wind-power-forecast\backend\auto_scripts\dataset\dataset_short\20250423.csv，等待 30 秒后重试...
2025-04-23 11:42:04,314 - 检查模型目录: D:\my-vue-project\wind-power-forecast\backend\auto_scripts\models\shortmodel\20250423
2025-04-23 11:42:04,315 - 未找到best_models目录，检查传统模型文件
2025-04-23 11:42:04,316 - 未找到任何可用模型文件
2025-04-23 11:42:04,317 - ⏳ 未有可用模型，等待模型训练完成...
2025-04-23 11:42:34,171 - ❌ 未找到训练 CSV 文件: D:\my-vue-project\wind-power-forecast\backend\auto_scripts\dataset\dataset_short\20250423.csv，等待 30 秒后重试...
2025-04-23 11:42:34,325 - 检查模型目录: D:\my-vue-project\wind-power-forecast\backend\auto_scripts\models\shortmodel\20250423
2025-04-23 11:42:34,326 - 未找到best_models目录，检查传统模型文件
2025-04-23 11:42:34,327 - 未找到任何可用模型文件
2025-04-23 11:42:34,327 - ⏳ 未有可用模型，等待模型训练完成...
2025-04-23 11:43:04,176 - ❌ 未找到训练 CSV 文件: D:\my-vue-project\wind-power-forecast\backend\auto_scripts\dataset\dataset_short\20250423.csv，等待 30 秒后重试...
2025-04-23 11:43:04,332 - 检查模型目录: D:\my-vue-project\wind-power-forecast\backend\auto_scripts\models\shortmodel\20250423
2025-04-23 11:43:04,333 - 未找到best_models目录，检查传统模型文件
2025-04-23 11:43:04,334 - 未找到任何可用模型文件
2025-04-23 11:43:04,335 - ⏳ 未有可用模型，等待模型训练完成...
2025-04-23 11:43:34,191 - ❌ 未找到训练 CSV 文件: D:\my-vue-project\wind-power-forecast\backend\auto_scripts\dataset\dataset_short\20250423.csv，等待 30 秒后重试...
2025-04-23 11:43:34,347 - 检查模型目录: D:\my-vue-project\wind-power-forecast\backend\auto_scripts\models\shortmodel\20250423
2025-04-23 11:43:34,348 - 未找到best_models目录，检查传统模型文件
2025-04-23 11:43:34,349 - 未找到任何可用模型文件
2025-04-23 11:43:34,350 - ⏳ 未有可用模型，等待模型训练完成...
2025-04-23 11:44:04,205 - ❌ 未找到训练 CSV 文件: D:\my-vue-project\wind-power-forecast\backend\auto_scripts\dataset\dataset_short\20250423.csv，等待 30 秒后重试...
2025-04-23 11:44:04,359 - 检查模型目录: D:\my-vue-project\wind-power-forecast\backend\auto_scripts\models\shortmodel\20250423
2025-04-23 11:44:04,359 - 未找到best_models目录，检查传统模型文件
2025-04-23 11:44:04,360 - 未找到任何可用模型文件
2025-04-23 11:44:04,360 - ⏳ 未有可用模型，等待模型训练完成...
2025-04-23 11:44:34,210 - ❌ 未找到训练 CSV 文件: D:\my-vue-project\wind-power-forecast\backend\auto_scripts\dataset\dataset_short\20250423.csv，等待 30 秒后重试...
2025-04-23 11:44:34,367 - 检查模型目录: D:\my-vue-project\wind-power-forecast\backend\auto_scripts\models\shortmodel\20250423
2025-04-23 11:44:34,367 - 未找到best_models目录，检查传统模型文件
2025-04-23 11:44:34,368 - 未找到任何可用模型文件
2025-04-23 11:44:34,368 - ⏳ 未有可用模型，等待模型训练完成...
2025-04-23 11:45:04,222 - ❌ 未找到训练 CSV 文件: D:\my-vue-project\wind-power-forecast\backend\auto_scripts\dataset\dataset_short\20250423.csv，等待 30 秒后重试...
2025-04-23 11:45:04,380 - 检查模型目录: D:\my-vue-project\wind-power-forecast\backend\auto_scripts\models\shortmodel\20250423
2025-04-23 11:45:04,381 - 未找到best_models目录，检查传统模型文件
2025-04-23 11:45:04,381 - 未找到任何可用模型文件
2025-04-23 11:45:04,382 - ⏳ 未有可用模型，等待模型训练完成...
2025-04-23 11:45:34,233 - ❌ 未找到训练 CSV 文件: D:\my-vue-project\wind-power-forecast\backend\auto_scripts\dataset\dataset_short\20250423.csv，等待 30 秒后重试...
2025-04-23 11:45:34,388 - 检查模型目录: D:\my-vue-project\wind-power-forecast\backend\auto_scripts\models\shortmodel\20250423
2025-04-23 11:45:34,389 - 未找到best_models目录，检查传统模型文件
2025-04-23 11:45:34,391 - 未找到任何可用模型文件
2025-04-23 11:45:34,391 - ⏳ 未有可用模型，等待模型训练完成...
2025-04-23 11:46:04,242 - ❌ 未找到训练 CSV 文件: D:\my-vue-project\wind-power-forecast\backend\auto_scripts\dataset\dataset_short\20250423.csv，等待 30 秒后重试...
2025-04-23 11:46:04,396 - 检查模型目录: D:\my-vue-project\wind-power-forecast\backend\auto_scripts\models\shortmodel\20250423
2025-04-23 11:46:04,397 - 未找到best_models目录，检查传统模型文件
2025-04-23 11:46:04,398 - 未找到任何可用模型文件
2025-04-23 11:46:04,399 - ⏳ 未有可用模型，等待模型训练完成...
2025-04-23 11:46:34,252 - ❌ 未找到训练 CSV 文件: D:\my-vue-project\wind-power-forecast\backend\auto_scripts\dataset\dataset_short\20250423.csv，等待 30 秒后重试...
2025-04-23 11:46:34,406 - 检查模型目录: D:\my-vue-project\wind-power-forecast\backend\auto_scripts\models\shortmodel\20250423
2025-04-23 11:46:34,408 - 未找到best_models目录，检查传统模型文件
2025-04-23 11:46:34,408 - 未找到任何可用模型文件
2025-04-23 11:46:34,408 - ⏳ 未有可用模型，等待模型训练完成...
2025-04-23 11:47:04,256 - ❌ 未找到训练 CSV 文件: D:\my-vue-project\wind-power-forecast\backend\auto_scripts\dataset\dataset_short\20250423.csv，等待 30 秒后重试...
2025-04-23 11:47:04,413 - 检查模型目录: D:\my-vue-project\wind-power-forecast\backend\auto_scripts\models\shortmodel\20250423
2025-04-23 11:47:04,413 - 未找到best_models目录，检查传统模型文件
2025-04-23 11:47:04,413 - 未找到任何可用模型文件
2025-04-23 11:47:04,413 - ⏳ 未有可用模型，等待模型训练完成...
2025-04-23 11:47:34,267 - ❌ 未找到训练 CSV 文件: D:\my-vue-project\wind-power-forecast\backend\auto_scripts\dataset\dataset_short\20250423.csv，等待 30 秒后重试...
2025-04-23 11:47:34,425 - 检查模型目录: D:\my-vue-project\wind-power-forecast\backend\auto_scripts\models\shortmodel\20250423
2025-04-23 11:47:34,425 - 未找到best_models目录，检查传统模型文件
2025-04-23 11:47:34,426 - 未找到任何可用模型文件
2025-04-23 11:47:34,427 - ⏳ 未有可用模型，等待模型训练完成...
2025-04-23 11:48:04,269 - ❌ 未找到训练 CSV 文件: D:\my-vue-project\wind-power-forecast\backend\auto_scripts\dataset\dataset_short\20250423.csv，等待 30 秒后重试...
2025-04-23 11:48:04,439 - 检查模型目录: D:\my-vue-project\wind-power-forecast\backend\auto_scripts\models\shortmodel\20250423
2025-04-23 11:48:04,439 - 未找到best_models目录，检查传统模型文件
2025-04-23 11:48:04,439 - 未找到任何可用模型文件
2025-04-23 11:48:04,440 - ⏳ 未有可用模型，等待模型训练完成...
2025-04-23 11:48:34,286 - ❌ 未找到训练 CSV 文件: D:\my-vue-project\wind-power-forecast\backend\auto_scripts\dataset\dataset_short\20250423.csv，等待 30 秒后重试...
2025-04-23 11:48:34,455 - 检查模型目录: D:\my-vue-project\wind-power-forecast\backend\auto_scripts\models\shortmodel\20250423
2025-04-23 11:48:34,457 - 未找到best_models目录，检查传统模型文件
2025-04-23 11:48:34,457 - 未找到任何可用模型文件
2025-04-23 11:48:34,458 - ⏳ 未有可用模型，等待模型训练完成...
2025-04-23 11:49:04,296 - ❌ 未找到训练 CSV 文件: D:\my-vue-project\wind-power-forecast\backend\auto_scripts\dataset\dataset_short\20250423.csv，等待 30 秒后重试...
2025-04-23 11:49:04,464 - 检查模型目录: D:\my-vue-project\wind-power-forecast\backend\auto_scripts\models\shortmodel\20250423
2025-04-23 11:49:04,464 - 未找到best_models目录，检查传统模型文件
2025-04-23 11:49:04,464 - 未找到任何可用模型文件
2025-04-23 11:49:04,465 - ⏳ 未有可用模型，等待模型训练完成...
2025-04-23 11:49:34,309 - ❌ 未找到训练 CSV 文件: D:\my-vue-project\wind-power-forecast\backend\auto_scripts\dataset\dataset_short\20250423.csv，等待 30 秒后重试...
2025-04-23 11:49:34,481 - 检查模型目录: D:\my-vue-project\wind-power-forecast\backend\auto_scripts\models\shortmodel\20250423
2025-04-23 11:49:34,482 - 未找到best_models目录，检查传统模型文件
2025-04-23 11:49:34,483 - 未找到任何可用模型文件
2025-04-23 11:49:34,484 - ⏳ 未有可用模型，等待模型训练完成...
2025-04-23 11:50:04,320 - ❌ 未找到训练 CSV 文件: D:\my-vue-project\wind-power-forecast\backend\auto_scripts\dataset\dataset_short\20250423.csv，等待 30 秒后重试...
2025-04-23 11:50:04,493 - 检查模型目录: D:\my-vue-project\wind-power-forecast\backend\auto_scripts\models\shortmodel\20250423
2025-04-23 11:50:04,493 - 未找到best_models目录，检查传统模型文件
2025-04-23 11:50:04,493 - 未找到任何可用模型文件
2025-04-23 11:50:04,494 - ⏳ 未有可用模型，等待模型训练完成...
2025-04-23 11:50:34,324 - ❌ 未找到训练 CSV 文件: D:\my-vue-project\wind-power-forecast\backend\auto_scripts\dataset\dataset_short\20250423.csv，等待 30 秒后重试...
2025-04-23 11:50:34,495 - 检查模型目录: D:\my-vue-project\wind-power-forecast\backend\auto_scripts\models\shortmodel\20250423
2025-04-23 11:50:34,496 - 未找到best_models目录，检查传统模型文件
2025-04-23 11:50:34,496 - 未找到任何可用模型文件
2025-04-23 11:50:34,496 - ⏳ 未有可用模型，等待模型训练完成...
2025-04-23 11:51:04,334 - ❌ 未找到训练 CSV 文件: D:\my-vue-project\wind-power-forecast\backend\auto_scripts\dataset\dataset_short\20250423.csv，等待 30 秒后重试...
2025-04-23 11:51:04,505 - 检查模型目录: D:\my-vue-project\wind-power-forecast\backend\auto_scripts\models\shortmodel\20250423
2025-04-23 11:51:04,506 - 未找到best_models目录，检查传统模型文件
2025-04-23 11:51:04,507 - 未找到任何可用模型文件
2025-04-23 11:51:04,508 - ⏳ 未有可用模型，等待模型训练完成...
2025-04-23 11:51:34,345 - ❌ 未找到训练 CSV 文件: D:\my-vue-project\wind-power-forecast\backend\auto_scripts\dataset\dataset_short\20250423.csv，等待 30 秒后重试...
2025-04-23 11:51:34,515 - 检查模型目录: D:\my-vue-project\wind-power-forecast\backend\auto_scripts\models\shortmodel\20250423
2025-04-23 11:51:34,515 - 未找到best_models目录，检查传统模型文件
2025-04-23 11:51:34,515 - 未找到任何可用模型文件
2025-04-23 11:51:34,516 - ⏳ 未有可用模型，等待模型训练完成...
2025-04-23 11:52:04,351 - ❌ 未找到训练 CSV 文件: D:\my-vue-project\wind-power-forecast\backend\auto_scripts\dataset\dataset_short\20250423.csv，等待 30 秒后重试...
2025-04-23 11:52:04,524 - 检查模型目录: D:\my-vue-project\wind-power-forecast\backend\auto_scripts\models\shortmodel\20250423
2025-04-23 11:52:04,526 - 未找到best_models目录，检查传统模型文件
2025-04-23 11:52:04,527 - 未找到任何可用模型文件
2025-04-23 11:52:04,527 - ⏳ 未有可用模型，等待模型训练完成...
2025-04-23 11:52:34,358 - ❌ 未找到训练 CSV 文件: D:\my-vue-project\wind-power-forecast\backend\auto_scripts\dataset\dataset_short\20250423.csv，等待 30 秒后重试...
2025-04-23 11:52:34,530 - 检查模型目录: D:\my-vue-project\wind-power-forecast\backend\auto_scripts\models\shortmodel\20250423
2025-04-23 11:52:34,530 - 未找到best_models目录，检查传统模型文件
2025-04-23 11:52:34,530 - 未找到任何可用模型文件
2025-04-23 11:52:34,530 - ⏳ 未有可用模型，等待模型训练完成...
2025-04-23 11:53:04,365 - ❌ 未找到训练 CSV 文件: D:\my-vue-project\wind-power-forecast\backend\auto_scripts\dataset\dataset_short\20250423.csv，等待 30 秒后重试...
2025-04-23 11:53:04,534 - 检查模型目录: D:\my-vue-project\wind-power-forecast\backend\auto_scripts\models\shortmodel\20250423
2025-04-23 11:53:04,534 - 未找到best_models目录，检查传统模型文件
2025-04-23 11:53:04,535 - 未找到任何可用模型文件
2025-04-23 11:53:04,535 - ⏳ 未有可用模型，等待模型训练完成...
2025-04-23 11:53:34,371 - ❌ 未找到训练 CSV 文件: D:\my-vue-project\wind-power-forecast\backend\auto_scripts\dataset\dataset_short\20250423.csv，等待 30 秒后重试...
2025-04-23 11:53:34,541 - 检查模型目录: D:\my-vue-project\wind-power-forecast\backend\auto_scripts\models\shortmodel\20250423
2025-04-23 11:53:34,543 - 未找到best_models目录，检查传统模型文件
2025-04-23 11:53:34,543 - 未找到任何可用模型文件
2025-04-23 11:53:34,544 - ⏳ 未有可用模型，等待模型训练完成...
2025-04-23 11:54:04,374 - ❌ 未找到训练 CSV 文件: D:\my-vue-project\wind-power-forecast\backend\auto_scripts\dataset\dataset_short\20250423.csv，等待 30 秒后重试...
2025-04-23 11:54:04,549 - 检查模型目录: D:\my-vue-project\wind-power-forecast\backend\auto_scripts\models\shortmodel\20250423
2025-04-23 11:54:04,550 - 未找到best_models目录，检查传统模型文件
2025-04-23 11:54:04,551 - 未找到任何可用模型文件
2025-04-23 11:54:04,551 - ⏳ 未有可用模型，等待模型训练完成...
2025-04-23 11:54:34,385 - ❌ 未找到训练 CSV 文件: D:\my-vue-project\wind-power-forecast\backend\auto_scripts\dataset\dataset_short\20250423.csv，等待 30 秒后重试...
2025-04-23 11:54:34,553 - 检查模型目录: D:\my-vue-project\wind-power-forecast\backend\auto_scripts\models\shortmodel\20250423
2025-04-23 11:54:34,553 - 未找到best_models目录，检查传统模型文件
2025-04-23 11:54:34,554 - 未找到任何可用模型文件
2025-04-23 11:54:34,554 - ⏳ 未有可用模型，等待模型训练完成...
2025-04-23 11:55:04,398 - ❌ 未找到训练 CSV 文件: D:\my-vue-project\wind-power-forecast\backend\auto_scripts\dataset\dataset_short\20250423.csv，等待 30 秒后重试...
2025-04-23 11:55:04,570 - 检查模型目录: D:\my-vue-project\wind-power-forecast\backend\auto_scripts\models\shortmodel\20250423
2025-04-23 11:55:04,571 - 未找到best_models目录，检查传统模型文件
2025-04-23 11:55:04,572 - 未找到任何可用模型文件
2025-04-23 11:55:04,572 - ⏳ 未有可用模型，等待模型训练完成...
2025-04-23 11:55:34,407 - ❌ 未找到训练 CSV 文件: D:\my-vue-project\wind-power-forecast\backend\auto_scripts\dataset\dataset_short\20250423.csv，等待 30 秒后重试...
2025-04-23 11:55:34,578 - 检查模型目录: D:\my-vue-project\wind-power-forecast\backend\auto_scripts\models\shortmodel\20250423
2025-04-23 11:55:34,579 - 未找到best_models目录，检查传统模型文件
2025-04-23 11:55:34,580 - 未找到任何可用模型文件
2025-04-23 11:55:34,580 - ⏳ 未有可用模型，等待模型训练完成...
2025-04-23 11:56:04,423 - ❌ 未找到训练 CSV 文件: D:\my-vue-project\wind-power-forecast\backend\auto_scripts\dataset\dataset_short\20250423.csv，等待 30 秒后重试...
2025-04-23 11:56:04,594 - 检查模型目录: D:\my-vue-project\wind-power-forecast\backend\auto_scripts\models\shortmodel\20250423
2025-04-23 11:56:04,595 - 未找到best_models目录，检查传统模型文件
2025-04-23 11:56:04,596 - 未找到任何可用模型文件
2025-04-23 11:56:04,596 - ⏳ 未有可用模型，等待模型训练完成...
2025-04-23 11:56:34,429 - ❌ 未找到训练 CSV 文件: D:\my-vue-project\wind-power-forecast\backend\auto_scripts\dataset\dataset_short\20250423.csv，等待 30 秒后重试...
2025-04-23 11:56:34,600 - 检查模型目录: D:\my-vue-project\wind-power-forecast\backend\auto_scripts\models\shortmodel\20250423
2025-04-23 11:56:34,601 - 未找到best_models目录，检查传统模型文件
2025-04-23 11:56:34,602 - 未找到任何可用模型文件
2025-04-23 11:56:34,602 - ⏳ 未有可用模型，等待模型训练完成...
2025-04-23 11:57:04,435 - ❌ 未找到训练 CSV 文件: D:\my-vue-project\wind-power-forecast\backend\auto_scripts\dataset\dataset_short\20250423.csv，等待 30 秒后重试...
2025-04-23 11:57:04,604 - 检查模型目录: D:\my-vue-project\wind-power-forecast\backend\auto_scripts\models\shortmodel\20250423
2025-04-23 11:57:04,604 - 未找到best_models目录，检查传统模型文件
2025-04-23 11:57:04,605 - 未找到任何可用模型文件
2025-04-23 11:57:04,605 - ⏳ 未有可用模型，等待模型训练完成...
2025-04-23 11:57:34,451 - ❌ 未找到训练 CSV 文件: D:\my-vue-project\wind-power-forecast\backend\auto_scripts\dataset\dataset_short\20250423.csv，等待 30 秒后重试...
2025-04-23 11:57:34,606 - 检查模型目录: D:\my-vue-project\wind-power-forecast\backend\auto_scripts\models\shortmodel\20250423
2025-04-23 11:57:34,606 - 未找到best_models目录，检查传统模型文件
2025-04-23 11:57:34,607 - 未找到任何可用模型文件
2025-04-23 11:57:34,607 - ⏳ 未有可用模型，等待模型训练完成...
2025-04-23 11:58:04,453 - ❌ 未找到训练 CSV 文件: D:\my-vue-project\wind-power-forecast\backend\auto_scripts\dataset\dataset_short\20250423.csv，等待 30 秒后重试...
2025-04-23 11:58:04,611 - 检查模型目录: D:\my-vue-project\wind-power-forecast\backend\auto_scripts\models\shortmodel\20250423
2025-04-23 11:58:04,613 - 未找到best_models目录，检查传统模型文件
2025-04-23 11:58:04,614 - 未找到任何可用模型文件
2025-04-23 11:58:04,614 - ⏳ 未有可用模型，等待模型训练完成...
2025-04-23 11:58:34,464 - ❌ 未找到训练 CSV 文件: D:\my-vue-project\wind-power-forecast\backend\auto_scripts\dataset\dataset_short\20250423.csv，等待 30 秒后重试...
2025-04-23 11:58:34,620 - 检查模型目录: D:\my-vue-project\wind-power-forecast\backend\auto_scripts\models\shortmodel\20250423
2025-04-23 11:58:34,621 - 未找到best_models目录，检查传统模型文件
2025-04-23 11:58:34,623 - 未找到任何可用模型文件
2025-04-23 11:58:34,623 - ⏳ 未有可用模型，等待模型训练完成...
2025-04-23 11:59:04,467 - ❌ 未找到训练 CSV 文件: D:\my-vue-project\wind-power-forecast\backend\auto_scripts\dataset\dataset_short\20250423.csv，等待 30 秒后重试...
2025-04-23 11:59:04,640 - 检查模型目录: D:\my-vue-project\wind-power-forecast\backend\auto_scripts\models\shortmodel\20250423
2025-04-23 11:59:04,641 - 未找到best_models目录，检查传统模型文件
2025-04-23 11:59:04,643 - 未找到任何可用模型文件
2025-04-23 11:59:04,643 - ⏳ 未有可用模型，等待模型训练完成...
2025-04-23 11:59:34,484 - ❌ 未找到训练 CSV 文件: D:\my-vue-project\wind-power-forecast\backend\auto_scripts\dataset\dataset_short\20250423.csv，等待 30 秒后重试...
2025-04-23 11:59:34,655 - 检查模型目录: D:\my-vue-project\wind-power-forecast\backend\auto_scripts\models\shortmodel\20250423
2025-04-23 11:59:34,656 - 未找到best_models目录，检查传统模型文件
2025-04-23 11:59:34,657 - 未找到任何可用模型文件
2025-04-23 11:59:34,658 - ⏳ 未有可用模型，等待模型训练完成...
2025-04-23 12:00:04,488 - ❌ 未找到训练 CSV 文件: D:\my-vue-project\wind-power-forecast\backend\auto_scripts\dataset\dataset_short\20250423.csv，等待 30 秒后重试...
2025-04-23 12:00:04,660 - 检查模型目录: D:\my-vue-project\wind-power-forecast\backend\auto_scripts\models\shortmodel\20250423
2025-04-23 12:00:04,661 - 未找到best_models目录，检查传统模型文件
2025-04-23 12:00:04,662 - 未找到任何可用模型文件
2025-04-23 12:00:04,662 - ⏳ 未有可用模型，等待模型训练完成...
2025-04-23 12:00:34,493 - ❌ 未找到训练 CSV 文件: D:\my-vue-project\wind-power-forecast\backend\auto_scripts\dataset\dataset_short\20250423.csv，等待 30 秒后重试...
2025-04-23 12:00:34,664 - 检查模型目录: D:\my-vue-project\wind-power-forecast\backend\auto_scripts\models\shortmodel\20250423
2025-04-23 12:00:34,664 - 未找到best_models目录，检查传统模型文件
2025-04-23 12:00:34,664 - 未找到任何可用模型文件
2025-04-23 12:00:34,665 - ⏳ 未有可用模型，等待模型训练完成...
2025-04-23 12:01:04,502 - ❌ 未找到训练 CSV 文件: D:\my-vue-project\wind-power-forecast\backend\auto_scripts\dataset\dataset_short\20250423.csv，等待 30 秒后重试...
2025-04-23 12:01:04,672 - 检查模型目录: D:\my-vue-project\wind-power-forecast\backend\auto_scripts\models\shortmodel\20250423
2025-04-23 12:01:04,673 - 未找到best_models目录，检查传统模型文件
2025-04-23 12:01:04,674 - 未找到任何可用模型文件
2025-04-23 12:01:04,674 - ⏳ 未有可用模型，等待模型训练完成...
2025-04-23 12:01:34,511 - ❌ 未找到训练 CSV 文件: D:\my-vue-project\wind-power-forecast\backend\auto_scripts\dataset\dataset_short\20250423.csv，等待 30 秒后重试...
2025-04-23 12:01:34,681 - 检查模型目录: D:\my-vue-project\wind-power-forecast\backend\auto_scripts\models\shortmodel\20250423
2025-04-23 12:01:34,681 - 未找到best_models目录，检查传统模型文件
2025-04-23 12:01:34,681 - 未找到任何可用模型文件
2025-04-23 12:01:34,682 - ⏳ 未有可用模型，等待模型训练完成...
2025-04-23 12:02:04,514 - ❌ 未找到训练 CSV 文件: D:\my-vue-project\wind-power-forecast\backend\auto_scripts\dataset\dataset_short\20250423.csv，等待 30 秒后重试...
2025-04-23 12:02:04,683 - 检查模型目录: D:\my-vue-project\wind-power-forecast\backend\auto_scripts\models\shortmodel\20250423
2025-04-23 12:02:04,683 - 未找到best_models目录，检查传统模型文件
2025-04-23 12:02:04,683 - 未找到任何可用模型文件
2025-04-23 12:02:04,684 - ⏳ 未有可用模型，等待模型训练完成...
2025-04-23 12:02:34,521 - ❌ 未找到训练 CSV 文件: D:\my-vue-project\wind-power-forecast\backend\auto_scripts\dataset\dataset_short\20250423.csv，等待 30 秒后重试...
2025-04-23 12:02:34,690 - 检查模型目录: D:\my-vue-project\wind-power-forecast\backend\auto_scripts\models\shortmodel\20250423
2025-04-23 12:02:34,690 - 未找到best_models目录，检查传统模型文件
2025-04-23 12:02:34,691 - 未找到任何可用模型文件
2025-04-23 12:02:34,691 - ⏳ 未有可用模型，等待模型训练完成...
2025-04-23 12:03:04,533 - ❌ 未找到训练 CSV 文件: D:\my-vue-project\wind-power-forecast\backend\auto_scripts\dataset\dataset_short\20250423.csv，等待 30 秒后重试...
2025-04-23 12:03:04,706 - 检查模型目录: D:\my-vue-project\wind-power-forecast\backend\auto_scripts\models\shortmodel\20250423
2025-04-23 12:03:04,707 - 未找到best_models目录，检查传统模型文件
2025-04-23 12:03:04,708 - 未找到任何可用模型文件
2025-04-23 12:03:04,708 - ⏳ 未有可用模型，等待模型训练完成...
2025-04-23 12:03:34,542 - ❌ 未找到训练 CSV 文件: D:\my-vue-project\wind-power-forecast\backend\auto_scripts\dataset\dataset_short\20250423.csv，等待 30 秒后重试...
2025-04-23 12:03:34,713 - 检查模型目录: D:\my-vue-project\wind-power-forecast\backend\auto_scripts\models\shortmodel\20250423
2025-04-23 12:03:34,714 - 未找到best_models目录，检查传统模型文件
2025-04-23 12:03:34,716 - 未找到任何可用模型文件
2025-04-23 12:03:34,716 - ⏳ 未有可用模型，等待模型训练完成...
2025-04-23 12:04:04,550 - ❌ 未找到训练 CSV 文件: D:\my-vue-project\wind-power-forecast\backend\auto_scripts\dataset\dataset_short\20250423.csv，等待 30 秒后重试...
2025-04-23 12:04:04,724 - 检查模型目录: D:\my-vue-project\wind-power-forecast\backend\auto_scripts\models\shortmodel\20250423
2025-04-23 12:04:04,724 - 未找到best_models目录，检查传统模型文件
2025-04-23 12:04:04,724 - 未找到任何可用模型文件
2025-04-23 12:04:04,724 - ⏳ 未有可用模型，等待模型训练完成...
2025-04-23 12:04:34,565 - ❌ 未找到训练 CSV 文件: D:\my-vue-project\wind-power-forecast\backend\auto_scripts\dataset\dataset_short\20250423.csv，等待 30 秒后重试...
2025-04-23 12:04:34,735 - 检查模型目录: D:\my-vue-project\wind-power-forecast\backend\auto_scripts\models\shortmodel\20250423
2025-04-23 12:04:34,736 - 未找到best_models目录，检查传统模型文件
2025-04-23 12:04:34,736 - 未找到任何可用模型文件
2025-04-23 12:04:34,737 - ⏳ 未有可用模型，等待模型训练完成...
2025-04-23 12:05:04,573 - ❌ 未找到训练 CSV 文件: D:\my-vue-project\wind-power-forecast\backend\auto_scripts\dataset\dataset_short\20250423.csv，等待 30 秒后重试...
2025-04-23 12:05:04,741 - 检查模型目录: D:\my-vue-project\wind-power-forecast\backend\auto_scripts\models\shortmodel\20250423
2025-04-23 12:05:04,742 - 未找到best_models目录，检查传统模型文件
2025-04-23 12:05:04,742 - 未找到任何可用模型文件
2025-04-23 12:05:04,743 - ⏳ 未有可用模型，等待模型训练完成...
2025-04-23 12:05:34,580 - ❌ 未找到训练 CSV 文件: D:\my-vue-project\wind-power-forecast\backend\auto_scripts\dataset\dataset_short\20250423.csv，等待 30 秒后重试...
2025-04-23 12:05:34,752 - 检查模型目录: D:\my-vue-project\wind-power-forecast\backend\auto_scripts\models\shortmodel\20250423
2025-04-23 12:05:34,753 - 未找到best_models目录，检查传统模型文件
2025-04-23 12:05:34,754 - 未找到任何可用模型文件
2025-04-23 12:05:34,755 - ⏳ 未有可用模型，等待模型训练完成...
2025-04-23 12:06:04,593 - ❌ 未找到训练 CSV 文件: D:\my-vue-project\wind-power-forecast\backend\auto_scripts\dataset\dataset_short\20250423.csv，等待 30 秒后重试...
2025-04-23 12:06:04,763 - 检查模型目录: D:\my-vue-project\wind-power-forecast\backend\auto_scripts\models\shortmodel\20250423
2025-04-23 12:06:04,763 - 未找到best_models目录，检查传统模型文件
2025-04-23 12:06:04,763 - 未找到任何可用模型文件
2025-04-23 12:06:04,763 - ⏳ 未有可用模型，等待模型训练完成...
2025-04-23 12:06:34,604 - ❌ 未找到训练 CSV 文件: D:\my-vue-project\wind-power-forecast\backend\auto_scripts\dataset\dataset_short\20250423.csv，等待 30 秒后重试...
2025-04-23 12:06:34,776 - 检查模型目录: D:\my-vue-project\wind-power-forecast\backend\auto_scripts\models\shortmodel\20250423
2025-04-23 12:06:34,777 - 未找到best_models目录，检查传统模型文件
2025-04-23 12:06:34,778 - 未找到任何可用模型文件
2025-04-23 12:06:34,778 - ⏳ 未有可用模型，等待模型训练完成...
2025-04-23 12:07:04,617 - ❌ 未找到训练 CSV 文件: D:\my-vue-project\wind-power-forecast\backend\auto_scripts\dataset\dataset_short\20250423.csv，等待 30 秒后重试...
2025-04-23 12:07:04,787 - 检查模型目录: D:\my-vue-project\wind-power-forecast\backend\auto_scripts\models\shortmodel\20250423
2025-04-23 12:07:04,788 - 未找到best_models目录，检查传统模型文件
2025-04-23 12:07:04,789 - 未找到任何可用模型文件
2025-04-23 12:07:04,789 - ⏳ 未有可用模型，等待模型训练完成...
2025-04-23 12:07:34,632 - ❌ 未找到训练 CSV 文件: D:\my-vue-project\wind-power-forecast\backend\auto_scripts\dataset\dataset_short\20250423.csv，等待 30 秒后重试...
2025-04-23 12:07:34,804 - 检查模型目录: D:\my-vue-project\wind-power-forecast\backend\auto_scripts\models\shortmodel\20250423
2025-04-23 12:07:34,805 - 未找到best_models目录，检查传统模型文件
2025-04-23 12:07:34,805 - 未找到任何可用模型文件
2025-04-23 12:07:34,805 - ⏳ 未有可用模型，等待模型训练完成...
2025-04-23 12:08:04,644 - ❌ 未找到训练 CSV 文件: D:\my-vue-project\wind-power-forecast\backend\auto_scripts\dataset\dataset_short\20250423.csv，等待 30 秒后重试...
2025-04-23 12:08:04,812 - 检查模型目录: D:\my-vue-project\wind-power-forecast\backend\auto_scripts\models\shortmodel\20250423
2025-04-23 12:08:04,813 - 未找到best_models目录，检查传统模型文件
2025-04-23 12:08:04,813 - 未找到任何可用模型文件
2025-04-23 12:08:04,813 - ⏳ 未有可用模型，等待模型训练完成...
2025-04-23 12:08:34,660 - ❌ 未找到训练 CSV 文件: D:\my-vue-project\wind-power-forecast\backend\auto_scripts\dataset\dataset_short\20250423.csv，等待 30 秒后重试...
2025-04-23 12:08:34,818 - 检查模型目录: D:\my-vue-project\wind-power-forecast\backend\auto_scripts\models\shortmodel\20250423
2025-04-23 12:08:34,819 - 未找到best_models目录，检查传统模型文件
2025-04-23 12:08:34,820 - 未找到任何可用模型文件
2025-04-23 12:08:34,821 - ⏳ 未有可用模型，等待模型训练完成...
2025-04-23 12:09:04,676 - ❌ 未找到训练 CSV 文件: D:\my-vue-project\wind-power-forecast\backend\auto_scripts\dataset\dataset_short\20250423.csv，等待 30 秒后重试...
2025-04-23 12:09:04,833 - 检查模型目录: D:\my-vue-project\wind-power-forecast\backend\auto_scripts\models\shortmodel\20250423
2025-04-23 12:09:04,834 - 未找到best_models目录，检查传统模型文件
2025-04-23 12:09:04,835 - 未找到任何可用模型文件
2025-04-23 12:09:04,836 - ⏳ 未有可用模型，等待模型训练完成...
2025-04-23 12:09:34,687 - ❌ 未找到训练 CSV 文件: D:\my-vue-project\wind-power-forecast\backend\auto_scripts\dataset\dataset_short\20250423.csv，等待 30 秒后重试...
2025-04-23 12:09:34,841 - 检查模型目录: D:\my-vue-project\wind-power-forecast\backend\auto_scripts\models\shortmodel\20250423
2025-04-23 12:09:34,842 - 未找到best_models目录，检查传统模型文件
2025-04-23 12:09:34,844 - 未找到任何可用模型文件
2025-04-23 12:09:34,844 - ⏳ 未有可用模型，等待模型训练完成...
2025-04-23 12:10:04,702 - ❌ 未找到训练 CSV 文件: D:\my-vue-project\wind-power-forecast\backend\auto_scripts\dataset\dataset_short\20250423.csv，等待 30 秒后重试...
2025-04-23 12:10:04,859 - 检查模型目录: D:\my-vue-project\wind-power-forecast\backend\auto_scripts\models\shortmodel\20250423
2025-04-23 12:10:04,860 - 未找到best_models目录，检查传统模型文件
2025-04-23 12:10:04,861 - 未找到任何可用模型文件
2025-04-23 12:10:04,861 - ⏳ 未有可用模型，等待模型训练完成...
2025-04-23 12:10:34,716 - ❌ 未找到训练 CSV 文件: D:\my-vue-project\wind-power-forecast\backend\auto_scripts\dataset\dataset_short\20250423.csv，等待 30 秒后重试...
2025-04-23 12:10:34,872 - 检查模型目录: D:\my-vue-project\wind-power-forecast\backend\auto_scripts\models\shortmodel\20250423
2025-04-23 12:10:34,872 - 未找到best_models目录，检查传统模型文件
2025-04-23 12:10:34,873 - 未找到任何可用模型文件
2025-04-23 12:10:34,873 - ⏳ 未有可用模型，等待模型训练完成...
2025-04-23 12:11:04,722 - ❌ 未找到训练 CSV 文件: D:\my-vue-project\wind-power-forecast\backend\auto_scripts\dataset\dataset_short\20250423.csv，等待 30 秒后重试...
2025-04-23 12:11:04,876 - 检查模型目录: D:\my-vue-project\wind-power-forecast\backend\auto_scripts\models\shortmodel\20250423
2025-04-23 12:11:04,876 - 未找到best_models目录，检查传统模型文件
2025-04-23 12:11:04,876 - 未找到任何可用模型文件
2025-04-23 12:11:04,877 - ⏳ 未有可用模型，等待模型训练完成...
2025-04-23 12:11:34,725 - ❌ 未找到训练 CSV 文件: D:\my-vue-project\wind-power-forecast\backend\auto_scripts\dataset\dataset_short\20250423.csv，等待 30 秒后重试...
2025-04-23 12:11:34,881 - 检查模型目录: D:\my-vue-project\wind-power-forecast\backend\auto_scripts\models\shortmodel\20250423
2025-04-23 12:11:34,881 - 未找到best_models目录，检查传统模型文件
2025-04-23 12:11:34,881 - 未找到任何可用模型文件
2025-04-23 12:11:34,881 - ⏳ 未有可用模型，等待模型训练完成...
2025-04-23 12:12:04,735 - ❌ 未找到训练 CSV 文件: D:\my-vue-project\wind-power-forecast\backend\auto_scripts\dataset\dataset_short\20250423.csv，等待 30 秒后重试...
2025-04-23 12:12:04,891 - 检查模型目录: D:\my-vue-project\wind-power-forecast\backend\auto_scripts\models\shortmodel\20250423
2025-04-23 12:12:04,891 - 未找到best_models目录，检查传统模型文件
2025-04-23 12:12:04,892 - 未找到任何可用模型文件
2025-04-23 12:12:04,892 - ⏳ 未有可用模型，等待模型训练完成...
2025-04-23 12:12:34,747 - ❌ 未找到训练 CSV 文件: D:\my-vue-project\wind-power-forecast\backend\auto_scripts\dataset\dataset_short\20250423.csv，等待 30 秒后重试...
2025-04-23 12:12:34,902 - 检查模型目录: D:\my-vue-project\wind-power-forecast\backend\auto_scripts\models\shortmodel\20250423
2025-04-23 12:12:34,903 - 未找到best_models目录，检查传统模型文件
2025-04-23 12:12:34,904 - 未找到任何可用模型文件
2025-04-23 12:12:34,904 - ⏳ 未有可用模型，等待模型训练完成...
2025-04-23 12:13:04,756 - ❌ 未找到训练 CSV 文件: D:\my-vue-project\wind-power-forecast\backend\auto_scripts\dataset\dataset_short\20250423.csv，等待 30 秒后重试...
2025-04-23 12:13:04,913 - 检查模型目录: D:\my-vue-project\wind-power-forecast\backend\auto_scripts\models\shortmodel\20250423
2025-04-23 12:13:04,914 - 未找到best_models目录，检查传统模型文件
2025-04-23 12:13:04,915 - 未找到任何可用模型文件
2025-04-23 12:13:04,915 - ⏳ 未有可用模型，等待模型训练完成...
2025-04-23 12:13:34,767 - ❌ 未找到训练 CSV 文件: D:\my-vue-project\wind-power-forecast\backend\auto_scripts\dataset\dataset_short\20250423.csv，等待 30 秒后重试...
2025-04-23 12:13:34,920 - 检查模型目录: D:\my-vue-project\wind-power-forecast\backend\auto_scripts\models\shortmodel\20250423
2025-04-23 12:13:34,921 - 未找到best_models目录，检查传统模型文件
2025-04-23 12:13:34,923 - 未找到任何可用模型文件
2025-04-23 12:13:34,923 - ⏳ 未有可用模型，等待模型训练完成...
2025-04-23 12:14:04,769 - ❌ 未找到训练 CSV 文件: D:\my-vue-project\wind-power-forecast\backend\auto_scripts\dataset\dataset_short\20250423.csv，等待 30 秒后重试...
2025-04-23 12:14:04,941 - 检查模型目录: D:\my-vue-project\wind-power-forecast\backend\auto_scripts\models\shortmodel\20250423
2025-04-23 12:14:04,942 - 未找到best_models目录，检查传统模型文件
2025-04-23 12:14:04,943 - 未找到任何可用模型文件
2025-04-23 12:14:04,944 - ⏳ 未有可用模型，等待模型训练完成...
2025-04-23 12:14:34,772 - ❌ 未找到训练 CSV 文件: D:\my-vue-project\wind-power-forecast\backend\auto_scripts\dataset\dataset_short\20250423.csv，等待 30 秒后重试...
2025-04-23 12:14:34,956 - 检查模型目录: D:\my-vue-project\wind-power-forecast\backend\auto_scripts\models\shortmodel\20250423
2025-04-23 12:14:34,957 - 未找到best_models目录，检查传统模型文件
2025-04-23 12:14:34,958 - 未找到任何可用模型文件
2025-04-23 12:14:34,959 - ⏳ 未有可用模型，等待模型训练完成...
2025-04-23 12:15:04,789 - ❌ 未找到训练 CSV 文件: D:\my-vue-project\wind-power-forecast\backend\auto_scripts\dataset\dataset_short\20250423.csv，等待 30 秒后重试...
2025-04-23 12:15:04,962 - 检查模型目录: D:\my-vue-project\wind-power-forecast\backend\auto_scripts\models\shortmodel\20250423
2025-04-23 12:15:04,963 - 未找到best_models目录，检查传统模型文件
2025-04-23 12:15:04,964 - 未找到任何可用模型文件
2025-04-23 12:15:04,965 - ⏳ 未有可用模型，等待模型训练完成...
2025-04-23 12:15:34,794 - ❌ 未找到训练 CSV 文件: D:\my-vue-project\wind-power-forecast\backend\auto_scripts\dataset\dataset_short\20250423.csv，等待 30 秒后重试...
2025-04-23 12:15:34,969 - 检查模型目录: D:\my-vue-project\wind-power-forecast\backend\auto_scripts\models\shortmodel\20250423
2025-04-23 12:15:34,971 - 未找到best_models目录，检查传统模型文件
2025-04-23 12:15:34,972 - 未找到任何可用模型文件
2025-04-23 12:15:34,972 - ⏳ 未有可用模型，等待模型训练完成...
2025-04-23 12:16:04,804 - ❌ 未找到训练 CSV 文件: D:\my-vue-project\wind-power-forecast\backend\auto_scripts\dataset\dataset_short\20250423.csv，等待 30 秒后重试...
2025-04-23 12:16:04,976 - 检查模型目录: D:\my-vue-project\wind-power-forecast\backend\auto_scripts\models\shortmodel\20250423
2025-04-23 12:16:04,977 - 未找到best_models目录，检查传统模型文件
2025-04-23 12:16:04,977 - 未找到任何可用模型文件
2025-04-23 12:16:04,978 - ⏳ 未有可用模型，等待模型训练完成...
2025-04-23 12:16:34,817 - ❌ 未找到训练 CSV 文件: D:\my-vue-project\wind-power-forecast\backend\auto_scripts\dataset\dataset_short\20250423.csv，等待 30 秒后重试...
2025-04-23 12:16:34,987 - 检查模型目录: D:\my-vue-project\wind-power-forecast\backend\auto_scripts\models\shortmodel\20250423
2025-04-23 12:16:34,989 - 未找到best_models目录，检查传统模型文件
2025-04-23 12:16:34,989 - 未找到任何可用模型文件
2025-04-23 12:16:34,989 - ⏳ 未有可用模型，等待模型训练完成...
2025-04-23 12:17:04,824 - ❌ 未找到训练 CSV 文件: D:\my-vue-project\wind-power-forecast\backend\auto_scripts\dataset\dataset_short\20250423.csv，等待 30 秒后重试...
2025-04-23 12:17:04,995 - 检查模型目录: D:\my-vue-project\wind-power-forecast\backend\auto_scripts\models\shortmodel\20250423
2025-04-23 12:17:04,996 - 未找到best_models目录，检查传统模型文件
2025-04-23 12:17:04,997 - 未找到任何可用模型文件
2025-04-23 12:17:04,998 - ⏳ 未有可用模型，等待模型训练完成...
2025-04-23 12:17:34,830 - ❌ 未找到训练 CSV 文件: D:\my-vue-project\wind-power-forecast\backend\auto_scripts\dataset\dataset_short\20250423.csv，等待 30 秒后重试...
2025-04-23 12:17:35,000 - 检查模型目录: D:\my-vue-project\wind-power-forecast\backend\auto_scripts\models\shortmodel\20250423
2025-04-23 12:17:35,001 - 未找到best_models目录，检查传统模型文件
2025-04-23 12:17:35,002 - 未找到任何可用模型文件
2025-04-23 12:17:35,002 - ⏳ 未有可用模型，等待模型训练完成...
2025-04-23 12:18:04,838 - ❌ 未找到训练 CSV 文件: D:\my-vue-project\wind-power-forecast\backend\auto_scripts\dataset\dataset_short\20250423.csv，等待 30 秒后重试...
2025-04-23 12:18:05,008 - 检查模型目录: D:\my-vue-project\wind-power-forecast\backend\auto_scripts\models\shortmodel\20250423
2025-04-23 12:18:05,009 - 未找到best_models目录，检查传统模型文件
2025-04-23 12:18:05,009 - 未找到任何可用模型文件
2025-04-23 12:18:05,010 - ⏳ 未有可用模型，等待模型训练完成...
2025-04-23 12:18:34,853 - ❌ 未找到训练 CSV 文件: D:\my-vue-project\wind-power-forecast\backend\auto_scripts\dataset\dataset_short\20250423.csv，等待 30 秒后重试...
2025-04-23 12:18:35,023 - 检查模型目录: D:\my-vue-project\wind-power-forecast\backend\auto_scripts\models\shortmodel\20250423
2025-04-23 12:18:35,024 - 未找到best_models目录，检查传统模型文件
2025-04-23 12:18:35,025 - 未找到任何可用模型文件
2025-04-23 12:18:35,026 - ⏳ 未有可用模型，等待模型训练完成...
2025-04-23 12:19:04,869 - ❌ 未找到训练 CSV 文件: D:\my-vue-project\wind-power-forecast\backend\auto_scripts\dataset\dataset_short\20250423.csv，等待 30 秒后重试...
2025-04-23 12:19:05,039 - 检查模型目录: D:\my-vue-project\wind-power-forecast\backend\auto_scripts\models\shortmodel\20250423
2025-04-23 12:19:05,040 - 未找到best_models目录，检查传统模型文件
2025-04-23 12:19:05,040 - 未找到任何可用模型文件
2025-04-23 12:19:05,040 - ⏳ 未有可用模型，等待模型训练完成...
2025-04-23 12:19:34,876 - ❌ 未找到训练 CSV 文件: D:\my-vue-project\wind-power-forecast\backend\auto_scripts\dataset\dataset_short\20250423.csv，等待 30 秒后重试...
2025-04-23 12:19:35,048 - 检查模型目录: D:\my-vue-project\wind-power-forecast\backend\auto_scripts\models\shortmodel\20250423
2025-04-23 12:19:35,049 - 未找到best_models目录，检查传统模型文件
2025-04-23 12:19:35,050 - 未找到任何可用模型文件
2025-04-23 12:19:35,051 - ⏳ 未有可用模型，等待模型训练完成...
2025-04-23 12:20:04,883 - ❌ 未找到训练 CSV 文件: D:\my-vue-project\wind-power-forecast\backend\auto_scripts\dataset\dataset_short\20250423.csv，等待 30 秒后重试...
2025-04-23 12:20:05,053 - 检查模型目录: D:\my-vue-project\wind-power-forecast\backend\auto_scripts\models\shortmodel\20250423
2025-04-23 12:20:05,054 - 未找到best_models目录，检查传统模型文件
2025-04-23 12:20:05,054 - 未找到任何可用模型文件
2025-04-23 12:20:05,054 - ⏳ 未有可用模型，等待模型训练完成...
2025-04-23 12:20:34,888 - ❌ 未找到训练 CSV 文件: D:\my-vue-project\wind-power-forecast\backend\auto_scripts\dataset\dataset_short\20250423.csv，等待 30 秒后重试...
2025-04-23 12:20:35,059 - 检查模型目录: D:\my-vue-project\wind-power-forecast\backend\auto_scripts\models\shortmodel\20250423
2025-04-23 12:20:35,059 - 未找到best_models目录，检查传统模型文件
2025-04-23 12:20:35,060 - 未找到任何可用模型文件
2025-04-23 12:20:35,060 - ⏳ 未有可用模型，等待模型训练完成...
2025-04-23 12:21:04,891 - ❌ 未找到训练 CSV 文件: D:\my-vue-project\wind-power-forecast\backend\auto_scripts\dataset\dataset_short\20250423.csv，等待 30 秒后重试...
2025-04-23 12:21:05,075 - 检查模型目录: D:\my-vue-project\wind-power-forecast\backend\auto_scripts\models\shortmodel\20250423
2025-04-23 12:21:05,075 - 未找到best_models目录，检查传统模型文件
2025-04-23 12:21:05,075 - 未找到任何可用模型文件
2025-04-23 12:21:05,075 - ⏳ 未有可用模型，等待模型训练完成...
2025-04-23 12:21:34,901 - ❌ 未找到训练 CSV 文件: D:\my-vue-project\wind-power-forecast\backend\auto_scripts\dataset\dataset_short\20250423.csv，等待 30 秒后重试...
2025-04-23 12:21:35,089 - 检查模型目录: D:\my-vue-project\wind-power-forecast\backend\auto_scripts\models\shortmodel\20250423
2025-04-23 12:21:35,089 - 未找到best_models目录，检查传统模型文件
2025-04-23 12:21:35,090 - 未找到任何可用模型文件
2025-04-23 12:21:35,090 - ⏳ 未有可用模型，等待模型训练完成...
2025-04-23 12:22:04,913 - ❌ 未找到训练 CSV 文件: D:\my-vue-project\wind-power-forecast\backend\auto_scripts\dataset\dataset_short\20250423.csv，等待 30 秒后重试...
2025-04-23 12:22:05,099 - 检查模型目录: D:\my-vue-project\wind-power-forecast\backend\auto_scripts\models\shortmodel\20250423
2025-04-23 12:22:05,099 - 未找到best_models目录，检查传统模型文件
2025-04-23 12:22:05,100 - 未找到任何可用模型文件
2025-04-23 12:22:05,100 - ⏳ 未有可用模型，等待模型训练完成...
2025-04-23 12:22:34,915 - ❌ 未找到训练 CSV 文件: D:\my-vue-project\wind-power-forecast\backend\auto_scripts\dataset\dataset_short\20250423.csv，等待 30 秒后重试...
2025-04-23 12:22:35,100 - 检查模型目录: D:\my-vue-project\wind-power-forecast\backend\auto_scripts\models\shortmodel\20250423
2025-04-23 12:22:35,101 - 未找到best_models目录，检查传统模型文件
2025-04-23 12:22:35,101 - 未找到任何可用模型文件
2025-04-23 12:22:35,101 - ⏳ 未有可用模型，等待模型训练完成...
2025-04-23 12:23:04,926 - ❌ 未找到训练 CSV 文件: D:\my-vue-project\wind-power-forecast\backend\auto_scripts\dataset\dataset_short\20250423.csv，等待 30 秒后重试...
2025-04-23 12:23:05,113 - 检查模型目录: D:\my-vue-project\wind-power-forecast\backend\auto_scripts\models\shortmodel\20250423
2025-04-23 12:23:05,113 - 未找到best_models目录，检查传统模型文件
2025-04-23 12:23:05,114 - 未找到任何可用模型文件
2025-04-23 12:23:05,114 - ⏳ 未有可用模型，等待模型训练完成...
2025-04-23 12:23:34,934 - ❌ 未找到训练 CSV 文件: D:\my-vue-project\wind-power-forecast\backend\auto_scripts\dataset\dataset_short\20250423.csv，等待 30 秒后重试...
2025-04-23 12:23:35,119 - 检查模型目录: D:\my-vue-project\wind-power-forecast\backend\auto_scripts\models\shortmodel\20250423
2025-04-23 12:23:35,119 - 未找到best_models目录，检查传统模型文件
2025-04-23 12:23:35,119 - 未找到任何可用模型文件
2025-04-23 12:23:35,119 - ⏳ 未有可用模型，等待模型训练完成...
2025-04-23 12:24:04,941 - ❌ 未找到训练 CSV 文件: D:\my-vue-project\wind-power-forecast\backend\auto_scripts\dataset\dataset_short\20250423.csv，等待 30 秒后重试...
2025-04-23 12:24:05,126 - 检查模型目录: D:\my-vue-project\wind-power-forecast\backend\auto_scripts\models\shortmodel\20250423
2025-04-23 12:24:05,126 - 未找到best_models目录，检查传统模型文件
2025-04-23 12:24:05,126 - 未找到任何可用模型文件
2025-04-23 12:24:05,126 - ⏳ 未有可用模型，等待模型训练完成...
2025-04-23 12:24:34,948 - ❌ 未找到训练 CSV 文件: D:\my-vue-project\wind-power-forecast\backend\auto_scripts\dataset\dataset_short\20250423.csv，等待 30 秒后重试...
2025-04-23 12:24:35,134 - 检查模型目录: D:\my-vue-project\wind-power-forecast\backend\auto_scripts\models\shortmodel\20250423
2025-04-23 12:24:35,135 - 未找到best_models目录，检查传统模型文件
2025-04-23 12:24:35,136 - 未找到任何可用模型文件
2025-04-23 12:24:35,136 - ⏳ 未有可用模型，等待模型训练完成...
2025-04-23 12:25:04,957 - ❌ 未找到训练 CSV 文件: D:\my-vue-project\wind-power-forecast\backend\auto_scripts\dataset\dataset_short\20250423.csv，等待 30 秒后重试...
2025-04-23 12:25:05,145 - 检查模型目录: D:\my-vue-project\wind-power-forecast\backend\auto_scripts\models\shortmodel\20250423
2025-04-23 12:25:05,145 - 未找到best_models目录，检查传统模型文件
2025-04-23 12:25:05,145 - 未找到任何可用模型文件
2025-04-23 12:25:05,145 - ⏳ 未有可用模型，等待模型训练完成...
2025-04-23 12:25:34,964 - ❌ 未找到训练 CSV 文件: D:\my-vue-project\wind-power-forecast\backend\auto_scripts\dataset\dataset_short\20250423.csv，等待 30 秒后重试...
2025-04-23 12:25:35,146 - 检查模型目录: D:\my-vue-project\wind-power-forecast\backend\auto_scripts\models\shortmodel\20250423
2025-04-23 12:25:35,146 - 未找到best_models目录，检查传统模型文件
2025-04-23 12:25:35,147 - 未找到任何可用模型文件
2025-04-23 12:25:35,147 - ⏳ 未有可用模型，等待模型训练完成...
2025-04-23 12:26:04,972 - ❌ 未找到训练 CSV 文件: D:\my-vue-project\wind-power-forecast\backend\auto_scripts\dataset\dataset_short\20250423.csv，等待 30 秒后重试...
2025-04-23 12:26:05,158 - 检查模型目录: D:\my-vue-project\wind-power-forecast\backend\auto_scripts\models\shortmodel\20250423
2025-04-23 12:26:05,159 - 未找到best_models目录，检查传统模型文件
2025-04-23 12:26:05,159 - 未找到任何可用模型文件
2025-04-23 12:26:05,159 - ⏳ 未有可用模型，等待模型训练完成...
2025-04-23 12:26:34,974 - ❌ 未找到训练 CSV 文件: D:\my-vue-project\wind-power-forecast\backend\auto_scripts\dataset\dataset_short\20250423.csv，等待 30 秒后重试...
2025-04-23 12:26:35,160 - 检查模型目录: D:\my-vue-project\wind-power-forecast\backend\auto_scripts\models\shortmodel\20250423
2025-04-23 12:26:35,160 - 未找到best_models目录，检查传统模型文件
2025-04-23 12:26:35,161 - 未找到任何可用模型文件
2025-04-23 12:26:35,161 - ⏳ 未有可用模型，等待模型训练完成...
2025-04-23 12:27:04,983 - ❌ 未找到训练 CSV 文件: D:\my-vue-project\wind-power-forecast\backend\auto_scripts\dataset\dataset_short\20250423.csv，等待 30 秒后重试...
2025-04-23 12:27:05,169 - 检查模型目录: D:\my-vue-project\wind-power-forecast\backend\auto_scripts\models\shortmodel\20250423
2025-04-23 12:27:05,170 - 未找到best_models目录，检查传统模型文件
2025-04-23 12:27:05,170 - 未找到任何可用模型文件
2025-04-23 12:27:05,170 - ⏳ 未有可用模型，等待模型训练完成...
2025-04-23 12:27:34,987 - ❌ 未找到训练 CSV 文件: D:\my-vue-project\wind-power-forecast\backend\auto_scripts\dataset\dataset_short\20250423.csv，等待 30 秒后重试...
2025-04-23 12:27:35,178 - 检查模型目录: D:\my-vue-project\wind-power-forecast\backend\auto_scripts\models\shortmodel\20250423
2025-04-23 12:27:35,179 - 未找到best_models目录，检查传统模型文件
2025-04-23 12:27:35,180 - 未找到任何可用模型文件
2025-04-23 12:27:35,180 - ⏳ 未有可用模型，等待模型训练完成...
2025-04-23 12:28:05,000 - ❌ 未找到训练 CSV 文件: D:\my-vue-project\wind-power-forecast\backend\auto_scripts\dataset\dataset_short\20250423.csv，等待 30 秒后重试...
2025-04-23 12:28:05,187 - 检查模型目录: D:\my-vue-project\wind-power-forecast\backend\auto_scripts\models\shortmodel\20250423
2025-04-23 12:28:05,188 - 未找到best_models目录，检查传统模型文件
2025-04-23 12:28:05,188 - 未找到任何可用模型文件
2025-04-23 12:28:05,188 - ⏳ 未有可用模型，等待模型训练完成...
2025-04-23 12:28:35,015 - ❌ 未找到训练 CSV 文件: D:\my-vue-project\wind-power-forecast\backend\auto_scripts\dataset\dataset_short\20250423.csv，等待 30 秒后重试...
2025-04-23 12:28:35,202 - 检查模型目录: D:\my-vue-project\wind-power-forecast\backend\auto_scripts\models\shortmodel\20250423
2025-04-23 12:28:35,202 - 未找到best_models目录，检查传统模型文件
2025-04-23 12:28:35,203 - 未找到任何可用模型文件
2025-04-23 12:28:35,203 - ⏳ 未有可用模型，等待模型训练完成...
2025-04-23 12:29:05,019 - ❌ 未找到训练 CSV 文件: D:\my-vue-project\wind-power-forecast\backend\auto_scripts\dataset\dataset_short\20250423.csv，等待 30 秒后重试...
2025-04-23 12:29:05,207 - 检查模型目录: D:\my-vue-project\wind-power-forecast\backend\auto_scripts\models\shortmodel\20250423
2025-04-23 12:29:05,208 - 未找到best_models目录，检查传统模型文件
2025-04-23 12:29:05,208 - 未找到任何可用模型文件
2025-04-23 12:29:05,208 - ⏳ 未有可用模型，等待模型训练完成...
2025-04-23 12:29:35,034 - ❌ 未找到训练 CSV 文件: D:\my-vue-project\wind-power-forecast\backend\auto_scripts\dataset\dataset_short\20250423.csv，等待 30 秒后重试...
2025-04-23 12:29:35,221 - 检查模型目录: D:\my-vue-project\wind-power-forecast\backend\auto_scripts\models\shortmodel\20250423
2025-04-23 12:29:35,221 - 未找到best_models目录，检查传统模型文件
2025-04-23 12:29:35,221 - 未找到任何可用模型文件
2025-04-23 12:29:35,222 - ⏳ 未有可用模型，等待模型训练完成...
2025-04-23 12:30:05,047 - ❌ 未找到训练 CSV 文件: D:\my-vue-project\wind-power-forecast\backend\auto_scripts\dataset\dataset_short\20250423.csv，等待 30 秒后重试...
2025-04-23 12:30:05,234 - 检查模型目录: D:\my-vue-project\wind-power-forecast\backend\auto_scripts\models\shortmodel\20250423
2025-04-23 12:30:05,234 - 未找到best_models目录，检查传统模型文件
2025-04-23 12:30:05,234 - 未找到任何可用模型文件
2025-04-23 12:30:05,234 - ⏳ 未有可用模型，等待模型训练完成...
2025-04-23 12:30:35,057 - ❌ 未找到训练 CSV 文件: D:\my-vue-project\wind-power-forecast\backend\auto_scripts\dataset\dataset_short\20250423.csv，等待 30 秒后重试...
2025-04-23 12:30:35,242 - 检查模型目录: D:\my-vue-project\wind-power-forecast\backend\auto_scripts\models\shortmodel\20250423
2025-04-23 12:30:35,243 - 未找到best_models目录，检查传统模型文件
2025-04-23 12:30:35,244 - 未找到任何可用模型文件
2025-04-23 12:30:35,244 - ⏳ 未有可用模型，等待模型训练完成...
2025-04-23 12:31:05,059 - ❌ 未找到训练 CSV 文件: D:\my-vue-project\wind-power-forecast\backend\auto_scripts\dataset\dataset_short\20250423.csv，等待 30 秒后重试...
2025-04-23 12:31:05,246 - 检查模型目录: D:\my-vue-project\wind-power-forecast\backend\auto_scripts\models\shortmodel\20250423
2025-04-23 12:31:05,246 - 未找到best_models目录，检查传统模型文件
2025-04-23 12:31:05,247 - 未找到任何可用模型文件
2025-04-23 12:31:05,247 - ⏳ 未有可用模型，等待模型训练完成...
2025-04-23 12:31:35,069 - ❌ 未找到训练 CSV 文件: D:\my-vue-project\wind-power-forecast\backend\auto_scripts\dataset\dataset_short\20250423.csv，等待 30 秒后重试...
2025-04-23 12:31:35,254 - 检查模型目录: D:\my-vue-project\wind-power-forecast\backend\auto_scripts\models\shortmodel\20250423
2025-04-23 12:31:35,254 - 未找到best_models目录，检查传统模型文件
2025-04-23 12:31:35,254 - 未找到任何可用模型文件
2025-04-23 12:31:35,255 - ⏳ 未有可用模型，等待模型训练完成...
2025-04-23 12:32:05,075 - ❌ 未找到训练 CSV 文件: D:\my-vue-project\wind-power-forecast\backend\auto_scripts\dataset\dataset_short\20250423.csv，等待 30 秒后重试...
2025-04-23 12:32:05,261 - 检查模型目录: D:\my-vue-project\wind-power-forecast\backend\auto_scripts\models\shortmodel\20250423
2025-04-23 12:32:05,262 - 未找到best_models目录，检查传统模型文件
2025-04-23 12:32:05,263 - 未找到任何可用模型文件
2025-04-23 12:32:05,263 - ⏳ 未有可用模型，等待模型训练完成...
2025-04-23 12:32:35,082 - ❌ 未找到训练 CSV 文件: D:\my-vue-project\wind-power-forecast\backend\auto_scripts\dataset\dataset_short\20250423.csv，等待 30 秒后重试...
2025-04-23 12:32:35,268 - 检查模型目录: D:\my-vue-project\wind-power-forecast\backend\auto_scripts\models\shortmodel\20250423
2025-04-23 12:32:35,269 - 未找到best_models目录，检查传统模型文件
2025-04-23 12:32:35,270 - 未找到任何可用模型文件
2025-04-23 12:32:35,271 - ⏳ 未有可用模型，等待模型训练完成...
2025-04-23 12:33:05,089 - ❌ 未找到训练 CSV 文件: D:\my-vue-project\wind-power-forecast\backend\auto_scripts\dataset\dataset_short\20250423.csv，等待 30 秒后重试...
2025-04-23 12:33:05,275 - 检查模型目录: D:\my-vue-project\wind-power-forecast\backend\auto_scripts\models\shortmodel\20250423
2025-04-23 12:33:05,275 - 未找到best_models目录，检查传统模型文件
2025-04-23 12:33:05,276 - 未找到任何可用模型文件
2025-04-23 12:33:05,276 - ⏳ 未有可用模型，等待模型训练完成...
2025-04-23 12:33:35,102 - ❌ 未找到训练 CSV 文件: D:\my-vue-project\wind-power-forecast\backend\auto_scripts\dataset\dataset_short\20250423.csv，等待 30 秒后重试...
2025-04-23 12:33:35,287 - 检查模型目录: D:\my-vue-project\wind-power-forecast\backend\auto_scripts\models\shortmodel\20250423
2025-04-23 12:33:35,287 - 未找到best_models目录，检查传统模型文件
2025-04-23 12:33:35,287 - 未找到任何可用模型文件
2025-04-23 12:33:35,288 - ⏳ 未有可用模型，等待模型训练完成...
2025-04-23 12:34:05,112 - ❌ 未找到训练 CSV 文件: D:\my-vue-project\wind-power-forecast\backend\auto_scripts\dataset\dataset_short\20250423.csv，等待 30 秒后重试...
2025-04-23 12:34:05,299 - 检查模型目录: D:\my-vue-project\wind-power-forecast\backend\auto_scripts\models\shortmodel\20250423
2025-04-23 12:34:05,299 - 未找到best_models目录，检查传统模型文件
2025-04-23 12:34:05,299 - 未找到任何可用模型文件
2025-04-23 12:34:05,299 - ⏳ 未有可用模型，等待模型训练完成...
2025-04-23 12:34:35,122 - ❌ 未找到训练 CSV 文件: D:\my-vue-project\wind-power-forecast\backend\auto_scripts\dataset\dataset_short\20250423.csv，等待 30 秒后重试...
2025-04-23 12:34:35,311 - 检查模型目录: D:\my-vue-project\wind-power-forecast\backend\auto_scripts\models\shortmodel\20250423
2025-04-23 12:34:35,311 - 未找到best_models目录，检查传统模型文件
2025-04-23 12:34:35,311 - 未找到任何可用模型文件
2025-04-23 12:34:35,312 - ⏳ 未有可用模型，等待模型训练完成...
2025-04-23 12:35:05,135 - ❌ 未找到训练 CSV 文件: D:\my-vue-project\wind-power-forecast\backend\auto_scripts\dataset\dataset_short\20250423.csv，等待 30 秒后重试...
2025-04-23 12:35:05,321 - 检查模型目录: D:\my-vue-project\wind-power-forecast\backend\auto_scripts\models\shortmodel\20250423
2025-04-23 12:35:05,321 - 未找到best_models目录，检查传统模型文件
2025-04-23 12:35:05,321 - 未找到任何可用模型文件
2025-04-23 12:35:05,322 - ⏳ 未有可用模型，等待模型训练完成...
2025-04-23 12:35:35,140 - ❌ 未找到训练 CSV 文件: D:\my-vue-project\wind-power-forecast\backend\auto_scripts\dataset\dataset_short\20250423.csv，等待 30 秒后重试...
2025-04-23 12:35:35,326 - 检查模型目录: D:\my-vue-project\wind-power-forecast\backend\auto_scripts\models\shortmodel\20250423
2025-04-23 12:35:35,327 - 未找到best_models目录，检查传统模型文件
2025-04-23 12:35:35,328 - 未找到任何可用模型文件
2025-04-23 12:35:35,328 - ⏳ 未有可用模型，等待模型训练完成...
2025-04-23 12:36:05,143 - ❌ 未找到训练 CSV 文件: D:\my-vue-project\wind-power-forecast\backend\auto_scripts\dataset\dataset_short\20250423.csv，等待 30 秒后重试...
2025-04-23 12:36:05,343 - 检查模型目录: D:\my-vue-project\wind-power-forecast\backend\auto_scripts\models\shortmodel\20250423
2025-04-23 12:36:05,344 - 未找到best_models目录，检查传统模型文件
2025-04-23 12:36:05,344 - 未找到任何可用模型文件
2025-04-23 12:36:05,344 - ⏳ 未有可用模型，等待模型训练完成...
2025-04-23 12:36:35,158 - ❌ 未找到训练 CSV 文件: D:\my-vue-project\wind-power-forecast\backend\auto_scripts\dataset\dataset_short\20250423.csv，等待 30 秒后重试...
2025-04-23 12:36:35,346 - 检查模型目录: D:\my-vue-project\wind-power-forecast\backend\auto_scripts\models\shortmodel\20250423
2025-04-23 12:36:35,347 - 未找到best_models目录，检查传统模型文件
2025-04-23 12:36:35,347 - 未找到任何可用模型文件
2025-04-23 12:36:35,348 - ⏳ 未有可用模型，等待模型训练完成...
2025-04-23 12:37:05,166 - ❌ 未找到训练 CSV 文件: D:\my-vue-project\wind-power-forecast\backend\auto_scripts\dataset\dataset_short\20250423.csv，等待 30 秒后重试...
2025-04-23 12:37:05,353 - 检查模型目录: D:\my-vue-project\wind-power-forecast\backend\auto_scripts\models\shortmodel\20250423
2025-04-23 12:37:05,355 - 未找到best_models目录，检查传统模型文件
2025-04-23 12:37:05,356 - 未找到任何可用模型文件
2025-04-23 12:37:05,356 - ⏳ 未有可用模型，等待模型训练完成...
2025-04-23 12:37:35,180 - ❌ 未找到训练 CSV 文件: D:\my-vue-project\wind-power-forecast\backend\auto_scripts\dataset\dataset_short\20250423.csv，等待 30 秒后重试...
2025-04-23 12:37:35,367 - 检查模型目录: D:\my-vue-project\wind-power-forecast\backend\auto_scripts\models\shortmodel\20250423
2025-04-23 12:37:35,368 - 未找到best_models目录，检查传统模型文件
2025-04-23 12:37:35,370 - 未找到任何可用模型文件
2025-04-23 12:37:35,370 - ⏳ 未有可用模型，等待模型训练完成...
2025-04-23 12:38:05,190 - ❌ 未找到训练 CSV 文件: D:\my-vue-project\wind-power-forecast\backend\auto_scripts\dataset\dataset_short\20250423.csv，等待 30 秒后重试...
2025-04-23 12:38:05,376 - 检查模型目录: D:\my-vue-project\wind-power-forecast\backend\auto_scripts\models\shortmodel\20250423
2025-04-23 12:38:05,376 - 未找到best_models目录，检查传统模型文件
2025-04-23 12:38:05,376 - 未找到任何可用模型文件
2025-04-23 12:38:05,376 - ⏳ 未有可用模型，等待模型训练完成...
2025-04-23 12:38:35,195 - ❌ 未找到训练 CSV 文件: D:\my-vue-project\wind-power-forecast\backend\auto_scripts\dataset\dataset_short\20250423.csv，等待 30 秒后重试...
2025-04-23 12:38:35,381 - 检查模型目录: D:\my-vue-project\wind-power-forecast\backend\auto_scripts\models\shortmodel\20250423
2025-04-23 12:38:35,382 - 未找到best_models目录，检查传统模型文件
2025-04-23 12:38:35,383 - 未找到任何可用模型文件
2025-04-23 12:38:35,383 - ⏳ 未有可用模型，等待模型训练完成...
2025-04-23 12:39:05,198 - ❌ 未找到训练 CSV 文件: D:\my-vue-project\wind-power-forecast\backend\auto_scripts\dataset\dataset_short\20250423.csv，等待 30 秒后重试...
2025-04-23 12:39:05,384 - 检查模型目录: D:\my-vue-project\wind-power-forecast\backend\auto_scripts\models\shortmodel\20250423
2025-04-23 12:39:05,384 - 未找到best_models目录，检查传统模型文件
2025-04-23 12:39:05,384 - 未找到任何可用模型文件
2025-04-23 12:39:05,385 - ⏳ 未有可用模型，等待模型训练完成...
2025-04-23 12:39:35,201 - ❌ 未找到训练 CSV 文件: D:\my-vue-project\wind-power-forecast\backend\auto_scripts\dataset\dataset_short\20250423.csv，等待 30 秒后重试...
2025-04-23 12:39:35,388 - 检查模型目录: D:\my-vue-project\wind-power-forecast\backend\auto_scripts\models\shortmodel\20250423
2025-04-23 12:39:35,389 - 未找到best_models目录，检查传统模型文件
2025-04-23 12:39:35,390 - 未找到任何可用模型文件
2025-04-23 12:39:35,390 - ⏳ 未有可用模型，等待模型训练完成...
2025-04-23 12:40:05,213 - ❌ 未找到训练 CSV 文件: D:\my-vue-project\wind-power-forecast\backend\auto_scripts\dataset\dataset_short\20250423.csv，等待 30 秒后重试...
2025-04-23 12:40:05,399 - 检查模型目录: D:\my-vue-project\wind-power-forecast\backend\auto_scripts\models\shortmodel\20250423
2025-04-23 12:40:05,399 - 未找到best_models目录，检查传统模型文件
2025-04-23 12:40:05,399 - 未找到任何可用模型文件
2025-04-23 12:40:05,399 - ⏳ 未有可用模型，等待模型训练完成...
2025-04-23 12:40:35,226 - ❌ 未找到训练 CSV 文件: D:\my-vue-project\wind-power-forecast\backend\auto_scripts\dataset\dataset_short\20250423.csv，等待 30 秒后重试...
2025-04-23 12:40:35,411 - 检查模型目录: D:\my-vue-project\wind-power-forecast\backend\auto_scripts\models\shortmodel\20250423
2025-04-23 12:40:35,411 - 未找到best_models目录，检查传统模型文件
2025-04-23 12:40:35,412 - 未找到任何可用模型文件
2025-04-23 12:40:35,412 - ⏳ 未有可用模型，等待模型训练完成...
2025-04-23 12:41:05,228 - ❌ 未找到训练 CSV 文件: D:\my-vue-project\wind-power-forecast\backend\auto_scripts\dataset\dataset_short\20250423.csv，等待 30 秒后重试...
2025-04-23 12:41:05,415 - 检查模型目录: D:\my-vue-project\wind-power-forecast\backend\auto_scripts\models\shortmodel\20250423
2025-04-23 12:41:05,417 - 未找到best_models目录，检查传统模型文件
2025-04-23 12:41:05,418 - 未找到任何可用模型文件
2025-04-23 12:41:05,418 - ⏳ 未有可用模型，等待模型训练完成...
2025-04-23 12:41:35,235 - ❌ 未找到训练 CSV 文件: D:\my-vue-project\wind-power-forecast\backend\auto_scripts\dataset\dataset_short\20250423.csv，等待 30 秒后重试...
2025-04-23 12:41:35,434 - 检查模型目录: D:\my-vue-project\wind-power-forecast\backend\auto_scripts\models\shortmodel\20250423
2025-04-23 12:41:35,435 - 未找到best_models目录，检查传统模型文件
2025-04-23 12:41:35,436 - 未找到任何可用模型文件
2025-04-23 12:41:35,436 - ⏳ 未有可用模型，等待模型训练完成...
2025-04-23 12:42:05,244 - ❌ 未找到训练 CSV 文件: D:\my-vue-project\wind-power-forecast\backend\auto_scripts\dataset\dataset_short\20250423.csv，等待 30 秒后重试...
2025-04-23 12:42:05,445 - 检查模型目录: D:\my-vue-project\wind-power-forecast\backend\auto_scripts\models\shortmodel\20250423
2025-04-23 12:42:05,445 - 未找到best_models目录，检查传统模型文件
2025-04-23 12:42:05,446 - 未找到任何可用模型文件
2025-04-23 12:42:05,446 - ⏳ 未有可用模型，等待模型训练完成...
2025-04-23 12:42:35,257 - ❌ 未找到训练 CSV 文件: D:\my-vue-project\wind-power-forecast\backend\auto_scripts\dataset\dataset_short\20250423.csv，等待 30 秒后重试...
2025-04-23 12:42:35,459 - 检查模型目录: D:\my-vue-project\wind-power-forecast\backend\auto_scripts\models\shortmodel\20250423
2025-04-23 12:42:35,460 - 未找到best_models目录，检查传统模型文件
2025-04-23 12:42:35,462 - 未找到任何可用模型文件
2025-04-23 12:42:35,462 - ⏳ 未有可用模型，等待模型训练完成...
2025-04-23 12:43:05,271 - ❌ 未找到训练 CSV 文件: D:\my-vue-project\wind-power-forecast\backend\auto_scripts\dataset\dataset_short\20250423.csv，等待 30 秒后重试...
2025-04-23 12:43:05,474 - 检查模型目录: D:\my-vue-project\wind-power-forecast\backend\auto_scripts\models\shortmodel\20250423
2025-04-23 12:43:05,475 - 未找到best_models目录，检查传统模型文件
2025-04-23 12:43:05,475 - 未找到任何可用模型文件
2025-04-23 12:43:05,475 - ⏳ 未有可用模型，等待模型训练完成...
2025-04-23 12:43:35,276 - ❌ 未找到训练 CSV 文件: D:\my-vue-project\wind-power-forecast\backend\auto_scripts\dataset\dataset_short\20250423.csv，等待 30 秒后重试...
2025-04-23 12:43:35,478 - 检查模型目录: D:\my-vue-project\wind-power-forecast\backend\auto_scripts\models\shortmodel\20250423
2025-04-23 12:43:35,478 - 未找到best_models目录，检查传统模型文件
2025-04-23 12:43:35,479 - 未找到任何可用模型文件
2025-04-23 12:43:35,480 - ⏳ 未有可用模型，等待模型训练完成...
2025-04-23 12:44:05,285 - ❌ 未找到训练 CSV 文件: D:\my-vue-project\wind-power-forecast\backend\auto_scripts\dataset\dataset_short\20250423.csv，等待 30 秒后重试...
2025-04-23 12:44:05,484 - 检查模型目录: D:\my-vue-project\wind-power-forecast\backend\auto_scripts\models\shortmodel\20250423
2025-04-23 12:44:05,485 - 未找到best_models目录，检查传统模型文件
2025-04-23 12:44:05,485 - 未找到任何可用模型文件
2025-04-23 12:44:05,486 - ⏳ 未有可用模型，等待模型训练完成...
2025-04-23 12:44:35,288 - ❌ 未找到训练 CSV 文件: D:\my-vue-project\wind-power-forecast\backend\auto_scripts\dataset\dataset_short\20250423.csv，等待 30 秒后重试...
2025-04-23 12:44:35,493 - 检查模型目录: D:\my-vue-project\wind-power-forecast\backend\auto_scripts\models\shortmodel\20250423
2025-04-23 12:44:35,494 - 未找到best_models目录，检查传统模型文件
2025-04-23 12:44:35,495 - 未找到任何可用模型文件
2025-04-23 12:44:35,495 - ⏳ 未有可用模型，等待模型训练完成...
2025-04-23 12:45:05,299 - ❌ 未找到训练 CSV 文件: D:\my-vue-project\wind-power-forecast\backend\auto_scripts\dataset\dataset_short\20250423.csv，等待 30 秒后重试...
2025-04-23 12:45:05,500 - 检查模型目录: D:\my-vue-project\wind-power-forecast\backend\auto_scripts\models\shortmodel\20250423
2025-04-23 12:45:05,500 - 未找到best_models目录，检查传统模型文件
2025-04-23 12:45:05,500 - 未找到任何可用模型文件
2025-04-23 12:45:05,501 - ⏳ 未有可用模型，等待模型训练完成...
2025-04-23 12:45:35,310 - ❌ 未找到训练 CSV 文件: D:\my-vue-project\wind-power-forecast\backend\auto_scripts\dataset\dataset_short\20250423.csv，等待 30 秒后重试...
2025-04-23 12:45:35,510 - 检查模型目录: D:\my-vue-project\wind-power-forecast\backend\auto_scripts\models\shortmodel\20250423
2025-04-23 12:45:35,512 - 未找到best_models目录，检查传统模型文件
2025-04-23 12:45:35,513 - 未找到任何可用模型文件
2025-04-23 12:45:35,513 - ⏳ 未有可用模型，等待模型训练完成...
2025-04-23 12:46:05,322 - ❌ 未找到训练 CSV 文件: D:\my-vue-project\wind-power-forecast\backend\auto_scripts\dataset\dataset_short\20250423.csv，等待 30 秒后重试...
2025-04-23 12:46:05,524 - 检查模型目录: D:\my-vue-project\wind-power-forecast\backend\auto_scripts\models\shortmodel\20250423
2025-04-23 12:46:05,525 - 未找到best_models目录，检查传统模型文件
2025-04-23 12:46:05,526 - 未找到任何可用模型文件
2025-04-23 12:46:05,526 - ⏳ 未有可用模型，等待模型训练完成...
2025-04-23 12:46:35,337 - ❌ 未找到训练 CSV 文件: D:\my-vue-project\wind-power-forecast\backend\auto_scripts\dataset\dataset_short\20250423.csv，等待 30 秒后重试...
2025-04-23 12:46:35,539 - 检查模型目录: D:\my-vue-project\wind-power-forecast\backend\auto_scripts\models\shortmodel\20250423
2025-04-23 12:46:35,540 - 未找到best_models目录，检查传统模型文件
2025-04-23 12:46:35,541 - 未找到任何可用模型文件
2025-04-23 12:46:35,542 - ⏳ 未有可用模型，等待模型训练完成...
2025-04-23 12:47:05,355 - ❌ 未找到训练 CSV 文件: D:\my-vue-project\wind-power-forecast\backend\auto_scripts\dataset\dataset_short\20250423.csv，等待 30 秒后重试...
2025-04-23 12:47:05,554 - 检查模型目录: D:\my-vue-project\wind-power-forecast\backend\auto_scripts\models\shortmodel\20250423
2025-04-23 12:47:05,555 - 未找到best_models目录，检查传统模型文件
2025-04-23 12:47:05,556 - 未找到任何可用模型文件
2025-04-23 12:47:05,557 - ⏳ 未有可用模型，等待模型训练完成...
2025-04-23 12:47:35,359 - ❌ 未找到训练 CSV 文件: D:\my-vue-project\wind-power-forecast\backend\auto_scripts\dataset\dataset_short\20250423.csv，等待 30 秒后重试...
2025-04-23 12:47:35,560 - 检查模型目录: D:\my-vue-project\wind-power-forecast\backend\auto_scripts\models\shortmodel\20250423
2025-04-23 12:47:35,561 - 未找到best_models目录，检查传统模型文件
2025-04-23 12:47:35,562 - 未找到任何可用模型文件
2025-04-23 12:47:35,562 - ⏳ 未有可用模型，等待模型训练完成...
2025-04-23 12:48:05,368 - ❌ 未找到训练 CSV 文件: D:\my-vue-project\wind-power-forecast\backend\auto_scripts\dataset\dataset_short\20250423.csv，等待 30 秒后重试...
2025-04-23 12:48:05,569 - 检查模型目录: D:\my-vue-project\wind-power-forecast\backend\auto_scripts\models\shortmodel\20250423
2025-04-23 12:48:05,569 - 未找到best_models目录，检查传统模型文件
2025-04-23 12:48:05,570 - 未找到任何可用模型文件
2025-04-23 12:48:05,570 - ⏳ 未有可用模型，等待模型训练完成...
2025-04-23 12:48:35,374 - ❌ 未找到训练 CSV 文件: D:\my-vue-project\wind-power-forecast\backend\auto_scripts\dataset\dataset_short\20250423.csv，等待 30 秒后重试...
2025-04-23 12:48:35,578 - 检查模型目录: D:\my-vue-project\wind-power-forecast\backend\auto_scripts\models\shortmodel\20250423
2025-04-23 12:48:35,578 - 未找到best_models目录，检查传统模型文件
2025-04-23 12:48:35,578 - 未找到任何可用模型文件
2025-04-23 12:48:35,579 - ⏳ 未有可用模型，等待模型训练完成...
2025-04-23 12:49:05,384 - ❌ 未找到训练 CSV 文件: D:\my-vue-project\wind-power-forecast\backend\auto_scripts\dataset\dataset_short\20250423.csv，等待 30 秒后重试...
2025-04-23 12:49:05,586 - 检查模型目录: D:\my-vue-project\wind-power-forecast\backend\auto_scripts\models\shortmodel\20250423
2025-04-23 12:49:05,587 - 未找到best_models目录，检查传统模型文件
2025-04-23 12:49:05,588 - 未找到任何可用模型文件
2025-04-23 12:49:05,588 - ⏳ 未有可用模型，等待模型训练完成...
2025-04-23 12:49:35,389 - ❌ 未找到训练 CSV 文件: D:\my-vue-project\wind-power-forecast\backend\auto_scripts\dataset\dataset_short\20250423.csv，等待 30 秒后重试...
2025-04-23 12:49:35,592 - 检查模型目录: D:\my-vue-project\wind-power-forecast\backend\auto_scripts\models\shortmodel\20250423
2025-04-23 12:49:35,592 - 未找到best_models目录，检查传统模型文件
2025-04-23 12:49:35,593 - 未找到任何可用模型文件
2025-04-23 12:49:35,593 - ⏳ 未有可用模型，等待模型训练完成...
2025-04-23 12:50:05,394 - ❌ 未找到训练 CSV 文件: D:\my-vue-project\wind-power-forecast\backend\auto_scripts\dataset\dataset_short\20250423.csv，等待 30 秒后重试...
2025-04-23 12:50:05,595 - 检查模型目录: D:\my-vue-project\wind-power-forecast\backend\auto_scripts\models\shortmodel\20250423
2025-04-23 12:50:05,596 - 未找到best_models目录，检查传统模型文件
2025-04-23 12:50:05,597 - 未找到任何可用模型文件
2025-04-23 12:50:05,597 - ⏳ 未有可用模型，等待模型训练完成...
2025-04-23 12:50:35,405 - ❌ 未找到训练 CSV 文件: D:\my-vue-project\wind-power-forecast\backend\auto_scripts\dataset\dataset_short\20250423.csv，等待 30 秒后重试...
2025-04-23 12:50:35,608 - 检查模型目录: D:\my-vue-project\wind-power-forecast\backend\auto_scripts\models\shortmodel\20250423
2025-04-23 12:50:35,609 - 未找到best_models目录，检查传统模型文件
2025-04-23 12:50:35,610 - 未找到任何可用模型文件
2025-04-23 12:50:35,611 - ⏳ 未有可用模型，等待模型训练完成...
2025-04-23 12:51:05,420 - ❌ 未找到训练 CSV 文件: D:\my-vue-project\wind-power-forecast\backend\auto_scripts\dataset\dataset_short\20250423.csv，等待 30 秒后重试...
2025-04-23 12:51:05,626 - 检查模型目录: D:\my-vue-project\wind-power-forecast\backend\auto_scripts\models\shortmodel\20250423
2025-04-23 12:51:05,628 - 未找到best_models目录，检查传统模型文件
2025-04-23 12:51:05,629 - 未找到任何可用模型文件
2025-04-23 12:51:05,629 - ⏳ 未有可用模型，等待模型训练完成...
2025-04-23 12:51:35,433 - ❌ 未找到训练 CSV 文件: D:\my-vue-project\wind-power-forecast\backend\auto_scripts\dataset\dataset_short\20250423.csv，等待 30 秒后重试...
2025-04-23 12:51:35,637 - 检查模型目录: D:\my-vue-project\wind-power-forecast\backend\auto_scripts\models\shortmodel\20250423
2025-04-23 12:51:35,638 - 未找到best_models目录，检查传统模型文件
2025-04-23 12:51:35,639 - 未找到任何可用模型文件
2025-04-23 12:51:35,640 - ⏳ 未有可用模型，等待模型训练完成...
2025-04-23 12:52:05,445 - ❌ 未找到训练 CSV 文件: D:\my-vue-project\wind-power-forecast\backend\auto_scripts\dataset\dataset_short\20250423.csv，等待 30 秒后重试...
2025-04-23 12:52:05,646 - 检查模型目录: D:\my-vue-project\wind-power-forecast\backend\auto_scripts\models\shortmodel\20250423
2025-04-23 12:52:05,647 - 未找到best_models目录，检查传统模型文件
2025-04-23 12:52:05,648 - 未找到任何可用模型文件
2025-04-23 12:52:05,649 - ⏳ 未有可用模型，等待模型训练完成...
2025-04-23 12:52:35,451 - ❌ 未找到训练 CSV 文件: D:\my-vue-project\wind-power-forecast\backend\auto_scripts\dataset\dataset_short\20250423.csv，等待 30 秒后重试...
2025-04-23 12:52:35,653 - 检查模型目录: D:\my-vue-project\wind-power-forecast\backend\auto_scripts\models\shortmodel\20250423
2025-04-23 12:52:35,655 - 未找到best_models目录，检查传统模型文件
2025-04-23 12:52:35,656 - 未找到任何可用模型文件
2025-04-23 12:52:35,656 - ⏳ 未有可用模型，等待模型训练完成...
2025-04-23 12:53:05,453 - ❌ 未找到训练 CSV 文件: D:\my-vue-project\wind-power-forecast\backend\auto_scripts\dataset\dataset_short\20250423.csv，等待 30 秒后重试...
2025-04-23 12:53:05,669 - 检查模型目录: D:\my-vue-project\wind-power-forecast\backend\auto_scripts\models\shortmodel\20250423
2025-04-23 12:53:05,669 - 未找到best_models目录，检查传统模型文件
2025-04-23 12:53:05,669 - 未找到任何可用模型文件
2025-04-23 12:53:05,669 - ⏳ 未有可用模型，等待模型训练完成...
2025-04-23 12:53:35,468 - ❌ 未找到训练 CSV 文件: D:\my-vue-project\wind-power-forecast\backend\auto_scripts\dataset\dataset_short\20250423.csv，等待 30 秒后重试...
2025-04-23 12:53:35,672 - 检查模型目录: D:\my-vue-project\wind-power-forecast\backend\auto_scripts\models\shortmodel\20250423
2025-04-23 12:53:35,672 - 未找到best_models目录，检查传统模型文件
2025-04-23 12:53:35,673 - 未找到任何可用模型文件
2025-04-23 12:53:35,673 - ⏳ 未有可用模型，等待模型训练完成...
2025-04-23 12:54:05,478 - ❌ 未找到训练 CSV 文件: D:\my-vue-project\wind-power-forecast\backend\auto_scripts\dataset\dataset_short\20250423.csv，等待 30 秒后重试...
2025-04-23 12:54:05,680 - 检查模型目录: D:\my-vue-project\wind-power-forecast\backend\auto_scripts\models\shortmodel\20250423
2025-04-23 12:54:05,680 - 未找到best_models目录，检查传统模型文件
2025-04-23 12:54:05,680 - 未找到任何可用模型文件
2025-04-23 12:54:05,681 - ⏳ 未有可用模型，等待模型训练完成...
2025-04-23 12:54:35,485 - ❌ 未找到训练 CSV 文件: D:\my-vue-project\wind-power-forecast\backend\auto_scripts\dataset\dataset_short\20250423.csv，等待 30 秒后重试...
2025-04-23 12:54:35,687 - 检查模型目录: D:\my-vue-project\wind-power-forecast\backend\auto_scripts\models\shortmodel\20250423
2025-04-23 12:54:35,687 - 未找到best_models目录，检查传统模型文件
2025-04-23 12:54:35,688 - 未找到任何可用模型文件
2025-04-23 12:54:35,688 - ⏳ 未有可用模型，等待模型训练完成...
2025-04-23 12:55:05,488 - ❌ 未找到训练 CSV 文件: D:\my-vue-project\wind-power-forecast\backend\auto_scripts\dataset\dataset_short\20250423.csv，等待 30 秒后重试...
2025-04-23 12:55:05,705 - 检查模型目录: D:\my-vue-project\wind-power-forecast\backend\auto_scripts\models\shortmodel\20250423
2025-04-23 12:55:05,706 - 未找到best_models目录，检查传统模型文件
2025-04-23 12:55:05,707 - 未找到任何可用模型文件
2025-04-23 12:55:05,708 - ⏳ 未有可用模型，等待模型训练完成...
2025-04-23 12:55:35,500 - ❌ 未找到训练 CSV 文件: D:\my-vue-project\wind-power-forecast\backend\auto_scripts\dataset\dataset_short\20250423.csv，等待 30 秒后重试...
2025-04-23 12:55:35,718 - 检查模型目录: D:\my-vue-project\wind-power-forecast\backend\auto_scripts\models\shortmodel\20250423
2025-04-23 12:55:35,719 - 未找到best_models目录，检查传统模型文件
2025-04-23 12:55:35,720 - 未找到任何可用模型文件
2025-04-23 12:55:35,721 - ⏳ 未有可用模型，等待模型训练完成...
2025-04-23 12:56:05,517 - ❌ 未找到训练 CSV 文件: D:\my-vue-project\wind-power-forecast\backend\auto_scripts\dataset\dataset_short\20250423.csv，等待 30 秒后重试...
2025-04-23 12:56:05,733 - 检查模型目录: D:\my-vue-project\wind-power-forecast\backend\auto_scripts\models\shortmodel\20250423
2025-04-23 12:56:05,734 - 未找到best_models目录，检查传统模型文件
2025-04-23 12:56:05,735 - 未找到任何可用模型文件
2025-04-23 12:56:05,736 - ⏳ 未有可用模型，等待模型训练完成...
2025-04-23 12:56:35,525 - ❌ 未找到训练 CSV 文件: D:\my-vue-project\wind-power-forecast\backend\auto_scripts\dataset\dataset_short\20250423.csv，等待 30 秒后重试...
2025-04-23 12:56:35,741 - 检查模型目录: D:\my-vue-project\wind-power-forecast\backend\auto_scripts\models\shortmodel\20250423
2025-04-23 12:56:35,742 - 未找到best_models目录，检查传统模型文件
2025-04-23 12:56:35,743 - 未找到任何可用模型文件
2025-04-23 12:56:35,743 - ⏳ 未有可用模型，等待模型训练完成...
2025-04-23 12:57:05,531 - ❌ 未找到训练 CSV 文件: D:\my-vue-project\wind-power-forecast\backend\auto_scripts\dataset\dataset_short\20250423.csv，等待 30 秒后重试...
2025-04-23 12:57:05,752 - 检查模型目录: D:\my-vue-project\wind-power-forecast\backend\auto_scripts\models\shortmodel\20250423
2025-04-23 12:57:05,753 - 未找到best_models目录，检查传统模型文件
2025-04-23 12:57:05,754 - 未找到任何可用模型文件
2025-04-23 12:57:05,754 - ⏳ 未有可用模型，等待模型训练完成...
2025-04-23 12:57:35,535 - ❌ 未找到训练 CSV 文件: D:\my-vue-project\wind-power-forecast\backend\auto_scripts\dataset\dataset_short\20250423.csv，等待 30 秒后重试...
2025-04-23 12:57:35,768 - 检查模型目录: D:\my-vue-project\wind-power-forecast\backend\auto_scripts\models\shortmodel\20250423
2025-04-23 12:57:35,769 - 未找到best_models目录，检查传统模型文件
2025-04-23 12:57:35,769 - 未找到任何可用模型文件
2025-04-23 12:57:35,769 - ⏳ 未有可用模型，等待模型训练完成...
2025-04-23 12:58:05,548 - ❌ 未找到训练 CSV 文件: D:\my-vue-project\wind-power-forecast\backend\auto_scripts\dataset\dataset_short\20250423.csv，等待 30 秒后重试...
2025-04-23 12:58:05,780 - 检查模型目录: D:\my-vue-project\wind-power-forecast\backend\auto_scripts\models\shortmodel\20250423
2025-04-23 12:58:05,780 - 未找到best_models目录，检查传统模型文件
2025-04-23 12:58:05,780 - 未找到任何可用模型文件
2025-04-23 12:58:05,780 - ⏳ 未有可用模型，等待模型训练完成...
2025-04-23 12:58:35,563 - ❌ 未找到训练 CSV 文件: D:\my-vue-project\wind-power-forecast\backend\auto_scripts\dataset\dataset_short\20250423.csv，等待 30 秒后重试...
2025-04-23 12:58:35,784 - 检查模型目录: D:\my-vue-project\wind-power-forecast\backend\auto_scripts\models\shortmodel\20250423
2025-04-23 12:58:35,784 - 未找到best_models目录，检查传统模型文件
2025-04-23 12:58:35,785 - 未找到任何可用模型文件
2025-04-23 12:58:35,785 - ⏳ 未有可用模型，等待模型训练完成...
2025-04-23 12:59:05,580 - ❌ 未找到训练 CSV 文件: D:\my-vue-project\wind-power-forecast\backend\auto_scripts\dataset\dataset_short\20250423.csv，等待 30 秒后重试...
2025-04-23 12:59:05,800 - 检查模型目录: D:\my-vue-project\wind-power-forecast\backend\auto_scripts\models\shortmodel\20250423
2025-04-23 12:59:05,801 - 未找到best_models目录，检查传统模型文件
2025-04-23 12:59:05,801 - 未找到任何可用模型文件
2025-04-23 12:59:05,802 - ⏳ 未有可用模型，等待模型训练完成...
2025-04-23 12:59:35,583 - ❌ 未找到训练 CSV 文件: D:\my-vue-project\wind-power-forecast\backend\auto_scripts\dataset\dataset_short\20250423.csv，等待 30 秒后重试...
2025-04-23 12:59:35,804 - 检查模型目录: D:\my-vue-project\wind-power-forecast\backend\auto_scripts\models\shortmodel\20250423
2025-04-23 12:59:35,804 - 未找到best_models目录，检查传统模型文件
2025-04-23 12:59:35,804 - 未找到任何可用模型文件
2025-04-23 12:59:35,805 - ⏳ 未有可用模型，等待模型训练完成...
2025-04-23 13:00:05,590 - ❌ 未找到训练 CSV 文件: D:\my-vue-project\wind-power-forecast\backend\auto_scripts\dataset\dataset_short\20250423.csv，等待 30 秒后重试...
2025-04-23 13:00:05,810 - 检查模型目录: D:\my-vue-project\wind-power-forecast\backend\auto_scripts\models\shortmodel\20250423
2025-04-23 13:00:05,811 - 未找到best_models目录，检查传统模型文件
2025-04-23 13:00:05,812 - 未找到任何可用模型文件
2025-04-23 13:00:05,813 - ⏳ 未有可用模型，等待模型训练完成...
2025-04-23 13:00:35,593 - ❌ 未找到训练 CSV 文件: D:\my-vue-project\wind-power-forecast\backend\auto_scripts\dataset\dataset_short\20250423.csv，等待 30 秒后重试...
2025-04-23 13:00:35,829 - 检查模型目录: D:\my-vue-project\wind-power-forecast\backend\auto_scripts\models\shortmodel\20250423
2025-04-23 13:00:35,830 - 未找到best_models目录，检查传统模型文件
2025-04-23 13:00:35,831 - 未找到任何可用模型文件
2025-04-23 13:00:35,832 - ⏳ 未有可用模型，等待模型训练完成...
2025-04-23 13:01:05,603 - ❌ 未找到训练 CSV 文件: D:\my-vue-project\wind-power-forecast\backend\auto_scripts\dataset\dataset_short\20250423.csv，等待 30 秒后重试...
2025-04-23 13:01:05,835 - 检查模型目录: D:\my-vue-project\wind-power-forecast\backend\auto_scripts\models\shortmodel\20250423
2025-04-23 13:01:05,836 - 未找到best_models目录，检查传统模型文件
2025-04-23 13:01:05,838 - 未找到任何可用模型文件
2025-04-23 13:01:05,838 - ⏳ 未有可用模型，等待模型训练完成...
2025-04-23 13:01:35,616 - ❌ 未找到训练 CSV 文件: D:\my-vue-project\wind-power-forecast\backend\auto_scripts\dataset\dataset_short\20250423.csv，等待 30 秒后重试...
2025-04-23 13:01:35,847 - 检查模型目录: D:\my-vue-project\wind-power-forecast\backend\auto_scripts\models\shortmodel\20250423
2025-04-23 13:01:35,847 - 未找到best_models目录，检查传统模型文件
2025-04-23 13:01:35,847 - 未找到任何可用模型文件
2025-04-23 13:01:35,847 - ⏳ 未有可用模型，等待模型训练完成...
2025-04-23 13:02:05,626 - ❌ 未找到训练 CSV 文件: D:\my-vue-project\wind-power-forecast\backend\auto_scripts\dataset\dataset_short\20250423.csv，等待 30 秒后重试...
2025-04-23 13:02:05,857 - 检查模型目录: D:\my-vue-project\wind-power-forecast\backend\auto_scripts\models\shortmodel\20250423
2025-04-23 13:02:05,858 - 未找到best_models目录，检查传统模型文件
2025-04-23 13:02:05,858 - 未找到任何可用模型文件
2025-04-23 13:02:05,858 - ⏳ 未有可用模型，等待模型训练完成...
2025-04-23 13:02:35,643 - ❌ 未找到训练 CSV 文件: D:\my-vue-project\wind-power-forecast\backend\auto_scripts\dataset\dataset_short\20250423.csv，等待 30 秒后重试...
2025-04-23 13:02:35,874 - 检查模型目录: D:\my-vue-project\wind-power-forecast\backend\auto_scripts\models\shortmodel\20250423
2025-04-23 13:02:35,874 - 未找到best_models目录，检查传统模型文件
2025-04-23 13:02:35,875 - 未找到任何可用模型文件
2025-04-23 13:02:35,875 - ⏳ 未有可用模型，等待模型训练完成...
2025-04-23 13:03:05,653 - ❌ 未找到训练 CSV 文件: D:\my-vue-project\wind-power-forecast\backend\auto_scripts\dataset\dataset_short\20250423.csv，等待 30 秒后重试...
2025-04-23 13:03:05,888 - 检查模型目录: D:\my-vue-project\wind-power-forecast\backend\auto_scripts\models\shortmodel\20250423
2025-04-23 13:03:05,888 - 未找到best_models目录，检查传统模型文件
2025-04-23 13:03:05,889 - 未找到任何可用模型文件
2025-04-23 13:03:05,889 - ⏳ 未有可用模型，等待模型训练完成...
2025-04-23 13:03:35,664 - ❌ 未找到训练 CSV 文件: D:\my-vue-project\wind-power-forecast\backend\auto_scripts\dataset\dataset_short\20250423.csv，等待 30 秒后重试...
2025-04-23 13:03:35,897 - 检查模型目录: D:\my-vue-project\wind-power-forecast\backend\auto_scripts\models\shortmodel\20250423
2025-04-23 13:03:35,897 - 未找到best_models目录，检查传统模型文件
2025-04-23 13:03:35,897 - 未找到任何可用模型文件
2025-04-23 13:03:35,898 - ⏳ 未有可用模型，等待模型训练完成...
2025-04-23 13:04:05,679 - ❌ 未找到训练 CSV 文件: D:\my-vue-project\wind-power-forecast\backend\auto_scripts\dataset\dataset_short\20250423.csv，等待 30 秒后重试...
2025-04-23 13:04:05,909 - 检查模型目录: D:\my-vue-project\wind-power-forecast\backend\auto_scripts\models\shortmodel\20250423
2025-04-23 13:04:05,909 - 未找到best_models目录，检查传统模型文件
2025-04-23 13:04:05,909 - 未找到任何可用模型文件
2025-04-23 13:04:05,910 - ⏳ 未有可用模型，等待模型训练完成...
2025-04-23 13:04:35,698 - ❌ 未找到训练 CSV 文件: D:\my-vue-project\wind-power-forecast\backend\auto_scripts\dataset\dataset_short\20250423.csv，等待 30 秒后重试...
2025-04-23 13:04:35,913 - 检查模型目录: D:\my-vue-project\wind-power-forecast\backend\auto_scripts\models\shortmodel\20250423
2025-04-23 13:04:35,913 - 未找到best_models目录，检查传统模型文件
2025-04-23 13:04:35,913 - 未找到任何可用模型文件
2025-04-23 13:04:35,913 - ⏳ 未有可用模型，等待模型训练完成...
2025-04-23 13:05:05,711 - ❌ 未找到训练 CSV 文件: D:\my-vue-project\wind-power-forecast\backend\auto_scripts\dataset\dataset_short\20250423.csv，等待 30 秒后重试...
2025-04-23 13:05:05,927 - 检查模型目录: D:\my-vue-project\wind-power-forecast\backend\auto_scripts\models\shortmodel\20250423
2025-04-23 13:05:05,927 - 未找到best_models目录，检查传统模型文件
2025-04-23 13:05:05,927 - 未找到任何可用模型文件
2025-04-23 13:05:05,928 - ⏳ 未有可用模型，等待模型训练完成...
2025-04-23 13:05:35,718 - ❌ 未找到训练 CSV 文件: D:\my-vue-project\wind-power-forecast\backend\auto_scripts\dataset\dataset_short\20250423.csv，等待 30 秒后重试...
2025-04-23 13:05:35,937 - 检查模型目录: D:\my-vue-project\wind-power-forecast\backend\auto_scripts\models\shortmodel\20250423
2025-04-23 13:05:35,938 - 未找到best_models目录，检查传统模型文件
2025-04-23 13:05:35,939 - 未找到任何可用模型文件
2025-04-23 13:05:35,939 - ⏳ 未有可用模型，等待模型训练完成...
2025-04-23 13:06:05,731 - ❌ 未找到训练 CSV 文件: D:\my-vue-project\wind-power-forecast\backend\auto_scripts\dataset\dataset_short\20250423.csv，等待 30 秒后重试...
2025-04-23 13:06:05,951 - 检查模型目录: D:\my-vue-project\wind-power-forecast\backend\auto_scripts\models\shortmodel\20250423
2025-04-23 13:06:05,951 - 未找到best_models目录，检查传统模型文件
2025-04-23 13:06:05,952 - 未找到任何可用模型文件
2025-04-23 13:06:05,952 - ⏳ 未有可用模型，等待模型训练完成...
2025-04-23 13:06:35,739 - ❌ 未找到训练 CSV 文件: D:\my-vue-project\wind-power-forecast\backend\auto_scripts\dataset\dataset_short\20250423.csv，等待 30 秒后重试...
2025-04-23 13:06:35,957 - 检查模型目录: D:\my-vue-project\wind-power-forecast\backend\auto_scripts\models\shortmodel\20250423
2025-04-23 13:06:35,958 - 未找到best_models目录，检查传统模型文件
2025-04-23 13:06:35,959 - 未找到任何可用模型文件
2025-04-23 13:06:35,959 - ⏳ 未有可用模型，等待模型训练完成...
2025-04-23 13:07:05,744 - ❌ 未找到训练 CSV 文件: D:\my-vue-project\wind-power-forecast\backend\auto_scripts\dataset\dataset_short\20250423.csv，等待 30 秒后重试...
2025-04-23 13:07:05,974 - 检查模型目录: D:\my-vue-project\wind-power-forecast\backend\auto_scripts\models\shortmodel\20250423
2025-04-23 13:07:05,974 - 未找到best_models目录，检查传统模型文件
2025-04-23 13:07:05,974 - 未找到任何可用模型文件
2025-04-23 13:07:05,975 - ⏳ 未有可用模型，等待模型训练完成...
2025-04-23 13:07:35,756 - ❌ 未找到训练 CSV 文件: D:\my-vue-project\wind-power-forecast\backend\auto_scripts\dataset\dataset_short\20250423.csv，等待 30 秒后重试...
2025-04-23 13:07:35,989 - 检查模型目录: D:\my-vue-project\wind-power-forecast\backend\auto_scripts\models\shortmodel\20250423
2025-04-23 13:07:35,989 - 未找到best_models目录，检查传统模型文件
2025-04-23 13:07:35,990 - 未找到任何可用模型文件
2025-04-23 13:07:35,990 - ⏳ 未有可用模型，等待模型训练完成...
2025-04-23 13:08:05,769 - ❌ 未找到训练 CSV 文件: D:\my-vue-project\wind-power-forecast\backend\auto_scripts\dataset\dataset_short\20250423.csv，等待 30 秒后重试...
2025-04-23 13:08:06,002 - 检查模型目录: D:\my-vue-project\wind-power-forecast\backend\auto_scripts\models\shortmodel\20250423
2025-04-23 13:08:06,004 - 未找到best_models目录，检查传统模型文件
2025-04-23 13:08:06,005 - 未找到任何可用模型文件
2025-04-23 13:08:06,005 - ⏳ 未有可用模型，等待模型训练完成...
2025-04-23 13:08:35,781 - ❌ 未找到训练 CSV 文件: D:\my-vue-project\wind-power-forecast\backend\auto_scripts\dataset\dataset_short\20250423.csv，等待 30 秒后重试...
2025-04-23 13:08:36,011 - 检查模型目录: D:\my-vue-project\wind-power-forecast\backend\auto_scripts\models\shortmodel\20250423
2025-04-23 13:08:36,011 - 未找到best_models目录，检查传统模型文件
2025-04-23 13:08:36,012 - 未找到任何可用模型文件
2025-04-23 13:08:36,012 - ⏳ 未有可用模型，等待模型训练完成...
2025-04-23 13:09:05,787 - ❌ 未找到训练 CSV 文件: D:\my-vue-project\wind-power-forecast\backend\auto_scripts\dataset\dataset_short\20250423.csv，等待 30 秒后重试...
2025-04-23 13:09:06,023 - 检查模型目录: D:\my-vue-project\wind-power-forecast\backend\auto_scripts\models\shortmodel\20250423
2025-04-23 13:09:06,024 - 未找到best_models目录，检查传统模型文件
2025-04-23 13:09:06,025 - 未找到任何可用模型文件
2025-04-23 13:09:06,025 - ⏳ 未有可用模型，等待模型训练完成...
2025-04-23 13:09:35,800 - ❌ 未找到训练 CSV 文件: D:\my-vue-project\wind-power-forecast\backend\auto_scripts\dataset\dataset_short\20250423.csv，等待 30 秒后重试...
2025-04-23 13:09:36,032 - 检查模型目录: D:\my-vue-project\wind-power-forecast\backend\auto_scripts\models\shortmodel\20250423
2025-04-23 13:09:36,033 - 未找到best_models目录，检查传统模型文件
2025-04-23 13:09:36,034 - 未找到任何可用模型文件
2025-04-23 13:09:36,034 - ⏳ 未有可用模型，等待模型训练完成...
2025-04-23 13:10:05,806 - ❌ 未找到训练 CSV 文件: D:\my-vue-project\wind-power-forecast\backend\auto_scripts\dataset\dataset_short\20250423.csv，等待 30 秒后重试...
2025-04-23 13:10:06,037 - 检查模型目录: D:\my-vue-project\wind-power-forecast\backend\auto_scripts\models\shortmodel\20250423
2025-04-23 13:10:06,037 - 未找到best_models目录，检查传统模型文件
2025-04-23 13:10:06,038 - 未找到任何可用模型文件
2025-04-23 13:10:06,038 - ⏳ 未有可用模型，等待模型训练完成...
2025-04-23 13:10:35,820 - ❌ 未找到训练 CSV 文件: D:\my-vue-project\wind-power-forecast\backend\auto_scripts\dataset\dataset_short\20250423.csv，等待 30 秒后重试...
2025-04-23 13:10:36,054 - 检查模型目录: D:\my-vue-project\wind-power-forecast\backend\auto_scripts\models\shortmodel\20250423
2025-04-23 13:10:36,056 - 未找到best_models目录，检查传统模型文件
2025-04-23 13:10:36,056 - 未找到任何可用模型文件
2025-04-23 13:10:36,057 - ⏳ 未有可用模型，等待模型训练完成...
2025-04-23 13:11:05,825 - ❌ 未找到训练 CSV 文件: D:\my-vue-project\wind-power-forecast\backend\auto_scripts\dataset\dataset_short\20250423.csv，等待 30 秒后重试...
2025-04-23 13:11:06,059 - 检查模型目录: D:\my-vue-project\wind-power-forecast\backend\auto_scripts\models\shortmodel\20250423
2025-04-23 13:11:06,059 - 未找到best_models目录，检查传统模型文件
2025-04-23 13:11:06,060 - 未找到任何可用模型文件
2025-04-23 13:11:06,060 - ⏳ 未有可用模型，等待模型训练完成...
2025-04-23 13:11:35,828 - ❌ 未找到训练 CSV 文件: D:\my-vue-project\wind-power-forecast\backend\auto_scripts\dataset\dataset_short\20250423.csv，等待 30 秒后重试...
2025-04-23 13:11:36,062 - 检查模型目录: D:\my-vue-project\wind-power-forecast\backend\auto_scripts\models\shortmodel\20250423
2025-04-23 13:11:36,062 - 未找到best_models目录，检查传统模型文件
2025-04-23 13:11:36,063 - 未找到任何可用模型文件
2025-04-23 13:11:36,063 - ⏳ 未有可用模型，等待模型训练完成...
2025-04-23 13:12:05,846 - ❌ 未找到训练 CSV 文件: D:\my-vue-project\wind-power-forecast\backend\auto_scripts\dataset\dataset_short\20250423.csv，等待 30 秒后重试...
2025-04-23 13:12:06,079 - 检查模型目录: D:\my-vue-project\wind-power-forecast\backend\auto_scripts\models\shortmodel\20250423
2025-04-23 13:12:06,080 - 未找到best_models目录，检查传统模型文件
2025-04-23 13:12:06,082 - 未找到任何可用模型文件
2025-04-23 13:12:06,082 - ⏳ 未有可用模型，等待模型训练完成...
2025-04-23 13:12:35,860 - ❌ 未找到训练 CSV 文件: D:\my-vue-project\wind-power-forecast\backend\auto_scripts\dataset\dataset_short\20250423.csv，等待 30 秒后重试...
2025-04-23 13:12:36,095 - 检查模型目录: D:\my-vue-project\wind-power-forecast\backend\auto_scripts\models\shortmodel\20250423
2025-04-23 13:12:36,097 - 未找到best_models目录，检查传统模型文件
2025-04-23 13:12:36,098 - 未找到任何可用模型文件
2025-04-23 13:12:36,098 - ⏳ 未有可用模型，等待模型训练完成...
2025-04-23 13:13:05,877 - ❌ 未找到训练 CSV 文件: D:\my-vue-project\wind-power-forecast\backend\auto_scripts\dataset\dataset_short\20250423.csv，等待 30 秒后重试...
2025-04-23 13:13:06,111 - 检查模型目录: D:\my-vue-project\wind-power-forecast\backend\auto_scripts\models\shortmodel\20250423
2025-04-23 13:13:06,112 - 未找到best_models目录，检查传统模型文件
2025-04-23 13:13:06,113 - 未找到任何可用模型文件
2025-04-23 13:13:06,113 - ⏳ 未有可用模型，等待模型训练完成...
2025-04-23 13:13:35,881 - ❌ 未找到训练 CSV 文件: D:\my-vue-project\wind-power-forecast\backend\auto_scripts\dataset\dataset_short\20250423.csv，等待 30 秒后重试...
2025-04-23 13:13:36,128 - 检查模型目录: D:\my-vue-project\wind-power-forecast\backend\auto_scripts\models\shortmodel\20250423
2025-04-23 13:13:36,129 - 未找到best_models目录，检查传统模型文件
2025-04-23 13:13:36,130 - 未找到任何可用模型文件
2025-04-23 13:13:36,131 - ⏳ 未有可用模型，等待模型训练完成...
2025-04-23 13:14:05,888 - ❌ 未找到训练 CSV 文件: D:\my-vue-project\wind-power-forecast\backend\auto_scripts\dataset\dataset_short\20250423.csv，等待 30 秒后重试...
2025-04-23 13:14:06,133 - 检查模型目录: D:\my-vue-project\wind-power-forecast\backend\auto_scripts\models\shortmodel\20250423
2025-04-23 13:14:06,133 - 未找到best_models目录，检查传统模型文件
2025-04-23 13:14:06,134 - 未找到任何可用模型文件
2025-04-23 13:14:06,134 - ⏳ 未有可用模型，等待模型训练完成...
2025-04-23 13:14:35,903 - ❌ 未找到训练 CSV 文件: D:\my-vue-project\wind-power-forecast\backend\auto_scripts\dataset\dataset_short\20250423.csv，等待 30 秒后重试...
2025-04-23 13:14:36,137 - 检查模型目录: D:\my-vue-project\wind-power-forecast\backend\auto_scripts\models\shortmodel\20250423
2025-04-23 13:14:36,137 - 未找到best_models目录，检查传统模型文件
2025-04-23 13:14:36,137 - 未找到任何可用模型文件
2025-04-23 13:14:36,138 - ⏳ 未有可用模型，等待模型训练完成...
2025-04-23 13:15:05,920 - ❌ 未找到训练 CSV 文件: D:\my-vue-project\wind-power-forecast\backend\auto_scripts\dataset\dataset_short\20250423.csv，等待 30 秒后重试...
2025-04-23 13:15:06,139 - 检查模型目录: D:\my-vue-project\wind-power-forecast\backend\auto_scripts\models\shortmodel\20250423
2025-04-23 13:15:06,140 - 未找到best_models目录，检查传统模型文件
2025-04-23 13:15:06,141 - 未找到任何可用模型文件
2025-04-23 13:15:06,141 - ⏳ 未有可用模型，等待模型训练完成...
2025-04-23 13:15:35,936 - ❌ 未找到训练 CSV 文件: D:\my-vue-project\wind-power-forecast\backend\auto_scripts\dataset\dataset_short\20250423.csv，等待 30 秒后重试...
2025-04-23 13:15:36,152 - 检查模型目录: D:\my-vue-project\wind-power-forecast\backend\auto_scripts\models\shortmodel\20250423
2025-04-23 13:15:36,152 - 未找到best_models目录，检查传统模型文件
2025-04-23 13:15:36,152 - 未找到任何可用模型文件
2025-04-23 13:15:36,153 - ⏳ 未有可用模型，等待模型训练完成...
2025-04-23 13:16:05,950 - ❌ 未找到训练 CSV 文件: D:\my-vue-project\wind-power-forecast\backend\auto_scripts\dataset\dataset_short\20250423.csv，等待 30 秒后重试...
2025-04-23 13:16:06,168 - 检查模型目录: D:\my-vue-project\wind-power-forecast\backend\auto_scripts\models\shortmodel\20250423
2025-04-23 13:16:06,169 - 未找到best_models目录，检查传统模型文件
2025-04-23 13:16:06,170 - 未找到任何可用模型文件
2025-04-23 13:16:06,171 - ⏳ 未有可用模型，等待模型训练完成...
2025-04-23 13:16:35,956 - ❌ 未找到训练 CSV 文件: D:\my-vue-project\wind-power-forecast\backend\auto_scripts\dataset\dataset_short\20250423.csv，等待 30 秒后重试...
2025-04-23 13:16:36,175 - 检查模型目录: D:\my-vue-project\wind-power-forecast\backend\auto_scripts\models\shortmodel\20250423
2025-04-23 13:16:36,176 - 未找到best_models目录，检查传统模型文件
2025-04-23 13:16:36,178 - 未找到任何可用模型文件
2025-04-23 13:16:36,178 - ⏳ 未有可用模型，等待模型训练完成...
2025-04-23 13:17:05,967 - ❌ 未找到训练 CSV 文件: D:\my-vue-project\wind-power-forecast\backend\auto_scripts\dataset\dataset_short\20250423.csv，等待 30 秒后重试...
2025-04-23 13:17:06,185 - 检查模型目录: D:\my-vue-project\wind-power-forecast\backend\auto_scripts\models\shortmodel\20250423
2025-04-23 13:17:06,185 - 未找到best_models目录，检查传统模型文件
2025-04-23 13:17:06,185 - 未找到任何可用模型文件
2025-04-23 13:17:06,185 - ⏳ 未有可用模型，等待模型训练完成...
2025-04-23 13:17:35,971 - ❌ 未找到训练 CSV 文件: D:\my-vue-project\wind-power-forecast\backend\auto_scripts\dataset\dataset_short\20250423.csv，等待 30 秒后重试...
2025-04-23 13:17:36,190 - 检查模型目录: D:\my-vue-project\wind-power-forecast\backend\auto_scripts\models\shortmodel\20250423
2025-04-23 13:17:36,191 - 未找到best_models目录，检查传统模型文件
2025-04-23 13:17:36,192 - 未找到任何可用模型文件
2025-04-23 13:17:36,193 - ⏳ 未有可用模型，等待模型训练完成...
2025-04-23 13:18:05,987 - ❌ 未找到训练 CSV 文件: D:\my-vue-project\wind-power-forecast\backend\auto_scripts\dataset\dataset_short\20250423.csv，等待 30 秒后重试...
2025-04-23 13:18:06,205 - 检查模型目录: D:\my-vue-project\wind-power-forecast\backend\auto_scripts\models\shortmodel\20250423
2025-04-23 13:18:06,206 - 未找到best_models目录，检查传统模型文件
2025-04-23 13:18:06,207 - 未找到任何可用模型文件
2025-04-23 13:18:06,207 - ⏳ 未有可用模型，等待模型训练完成...
2025-04-23 13:18:36,000 - ❌ 未找到训练 CSV 文件: D:\my-vue-project\wind-power-forecast\backend\auto_scripts\dataset\dataset_short\20250423.csv，等待 30 秒后重试...
2025-04-23 13:18:36,220 - 检查模型目录: D:\my-vue-project\wind-power-forecast\backend\auto_scripts\models\shortmodel\20250423
2025-04-23 13:18:36,220 - 未找到best_models目录，检查传统模型文件
2025-04-23 13:18:36,221 - 未找到任何可用模型文件
2025-04-23 13:18:36,221 - ⏳ 未有可用模型，等待模型训练完成...
2025-04-23 13:19:06,011 - ❌ 未找到训练 CSV 文件: D:\my-vue-project\wind-power-forecast\backend\auto_scripts\dataset\dataset_short\20250423.csv，等待 30 秒后重试...
2025-04-23 13:19:06,228 - 检查模型目录: D:\my-vue-project\wind-power-forecast\backend\auto_scripts\models\shortmodel\20250423
2025-04-23 13:19:06,228 - 未找到best_models目录，检查传统模型文件
2025-04-23 13:19:06,229 - 未找到任何可用模型文件
2025-04-23 13:19:06,229 - ⏳ 未有可用模型，等待模型训练完成...
2025-04-23 13:19:36,017 - ❌ 未找到训练 CSV 文件: D:\my-vue-project\wind-power-forecast\backend\auto_scripts\dataset\dataset_short\20250423.csv，等待 30 秒后重试...
2025-04-23 13:19:36,235 - 检查模型目录: D:\my-vue-project\wind-power-forecast\backend\auto_scripts\models\shortmodel\20250423
2025-04-23 13:19:36,236 - 未找到best_models目录，检查传统模型文件
2025-04-23 13:19:36,236 - 未找到任何可用模型文件
2025-04-23 13:19:36,236 - ⏳ 未有可用模型，等待模型训练完成...
2025-04-23 13:20:06,022 - ❌ 未找到训练 CSV 文件: D:\my-vue-project\wind-power-forecast\backend\auto_scripts\dataset\dataset_short\20250423.csv，等待 30 秒后重试...
2025-04-23 13:20:06,240 - 检查模型目录: D:\my-vue-project\wind-power-forecast\backend\auto_scripts\models\shortmodel\20250423
2025-04-23 13:20:06,241 - 未找到best_models目录，检查传统模型文件
2025-04-23 13:20:06,242 - 未找到任何可用模型文件
2025-04-23 13:20:06,242 - ⏳ 未有可用模型，等待模型训练完成...
2025-04-23 13:20:36,037 - ❌ 未找到训练 CSV 文件: D:\my-vue-project\wind-power-forecast\backend\auto_scripts\dataset\dataset_short\20250423.csv，等待 30 秒后重试...
2025-04-23 13:20:36,255 - 检查模型目录: D:\my-vue-project\wind-power-forecast\backend\auto_scripts\models\shortmodel\20250423
2025-04-23 13:20:36,255 - 未找到best_models目录，检查传统模型文件
2025-04-23 13:20:36,256 - 未找到任何可用模型文件
2025-04-23 13:20:36,256 - ⏳ 未有可用模型，等待模型训练完成...
2025-04-23 13:21:06,045 - ❌ 未找到训练 CSV 文件: D:\my-vue-project\wind-power-forecast\backend\auto_scripts\dataset\dataset_short\20250423.csv，等待 30 秒后重试...
2025-04-23 13:21:06,263 - 检查模型目录: D:\my-vue-project\wind-power-forecast\backend\auto_scripts\models\shortmodel\20250423
2025-04-23 13:21:06,264 - 未找到best_models目录，检查传统模型文件
2025-04-23 13:21:06,265 - 未找到任何可用模型文件
2025-04-23 13:21:06,266 - ⏳ 未有可用模型，等待模型训练完成...
2025-04-23 13:21:36,049 - ❌ 未找到训练 CSV 文件: D:\my-vue-project\wind-power-forecast\backend\auto_scripts\dataset\dataset_short\20250423.csv，等待 30 秒后重试...
2025-04-23 13:21:36,268 - 检查模型目录: D:\my-vue-project\wind-power-forecast\backend\auto_scripts\models\shortmodel\20250423
2025-04-23 13:21:36,269 - 未找到best_models目录，检查传统模型文件
2025-04-23 13:21:36,269 - 未找到任何可用模型文件
2025-04-23 13:21:36,270 - ⏳ 未有可用模型，等待模型训练完成...
2025-04-23 13:22:06,063 - ❌ 未找到训练 CSV 文件: D:\my-vue-project\wind-power-forecast\backend\auto_scripts\dataset\dataset_short\20250423.csv，等待 30 秒后重试...
2025-04-23 13:22:06,280 - 检查模型目录: D:\my-vue-project\wind-power-forecast\backend\auto_scripts\models\shortmodel\20250423
2025-04-23 13:22:06,281 - 未找到best_models目录，检查传统模型文件
2025-04-23 13:22:06,282 - 未找到任何可用模型文件
2025-04-23 13:22:06,283 - ⏳ 未有可用模型，等待模型训练完成...
2025-04-23 13:22:36,077 - ❌ 未找到训练 CSV 文件: D:\my-vue-project\wind-power-forecast\backend\auto_scripts\dataset\dataset_short\20250423.csv，等待 30 秒后重试...
2025-04-23 13:22:36,293 - 检查模型目录: D:\my-vue-project\wind-power-forecast\backend\auto_scripts\models\shortmodel\20250423
2025-04-23 13:22:36,293 - 未找到best_models目录，检查传统模型文件
2025-04-23 13:22:36,293 - 未找到任何可用模型文件
2025-04-23 13:22:36,294 - ⏳ 未有可用模型，等待模型训练完成...
2025-04-23 13:23:06,089 - ❌ 未找到训练 CSV 文件: D:\my-vue-project\wind-power-forecast\backend\auto_scripts\dataset\dataset_short\20250423.csv，等待 30 秒后重试...
2025-04-23 13:23:06,307 - 检查模型目录: D:\my-vue-project\wind-power-forecast\backend\auto_scripts\models\shortmodel\20250423
2025-04-23 13:23:06,308 - 未找到best_models目录，检查传统模型文件
2025-04-23 13:23:06,309 - 未找到任何可用模型文件
2025-04-23 13:23:06,309 - ⏳ 未有可用模型，等待模型训练完成...
2025-04-23 13:23:36,091 - ❌ 未找到训练 CSV 文件: D:\my-vue-project\wind-power-forecast\backend\auto_scripts\dataset\dataset_short\20250423.csv，等待 30 秒后重试...
2025-04-23 13:23:36,326 - 检查模型目录: D:\my-vue-project\wind-power-forecast\backend\auto_scripts\models\shortmodel\20250423
2025-04-23 13:23:36,327 - 未找到best_models目录，检查传统模型文件
2025-04-23 13:23:36,328 - 未找到任何可用模型文件
2025-04-23 13:23:36,329 - ⏳ 未有可用模型，等待模型训练完成...
2025-04-23 13:24:06,093 - ❌ 未找到训练 CSV 文件: D:\my-vue-project\wind-power-forecast\backend\auto_scripts\dataset\dataset_short\20250423.csv，等待 30 秒后重试...
2025-04-23 13:24:06,339 - 检查模型目录: D:\my-vue-project\wind-power-forecast\backend\auto_scripts\models\shortmodel\20250423
2025-04-23 13:24:06,339 - 未找到best_models目录，检查传统模型文件
2025-04-23 13:24:06,340 - 未找到任何可用模型文件
2025-04-23 13:24:06,340 - ⏳ 未有可用模型，等待模型训练完成...
2025-04-23 13:24:36,097 - ❌ 未找到训练 CSV 文件: D:\my-vue-project\wind-power-forecast\backend\auto_scripts\dataset\dataset_short\20250423.csv，等待 30 秒后重试...
2025-04-23 13:24:36,347 - 检查模型目录: D:\my-vue-project\wind-power-forecast\backend\auto_scripts\models\shortmodel\20250423
2025-04-23 13:24:36,347 - 未找到best_models目录，检查传统模型文件
2025-04-23 13:24:36,348 - 未找到任何可用模型文件
2025-04-23 13:24:36,348 - ⏳ 未有可用模型，等待模型训练完成...
2025-04-23 13:25:06,111 - ❌ 未找到训练 CSV 文件: D:\my-vue-project\wind-power-forecast\backend\auto_scripts\dataset\dataset_short\20250423.csv，等待 30 秒后重试...
2025-04-23 13:25:06,362 - 检查模型目录: D:\my-vue-project\wind-power-forecast\backend\auto_scripts\models\shortmodel\20250423
2025-04-23 13:25:06,363 - 未找到best_models目录，检查传统模型文件
2025-04-23 13:25:06,364 - 未找到任何可用模型文件
2025-04-23 13:25:06,364 - ⏳ 未有可用模型，等待模型训练完成...
2025-04-23 13:25:36,126 - ❌ 未找到训练 CSV 文件: D:\my-vue-project\wind-power-forecast\backend\auto_scripts\dataset\dataset_short\20250423.csv，等待 30 秒后重试...
2025-04-23 13:25:36,377 - 检查模型目录: D:\my-vue-project\wind-power-forecast\backend\auto_scripts\models\shortmodel\20250423
2025-04-23 13:25:36,377 - 未找到best_models目录，检查传统模型文件
2025-04-23 13:25:36,378 - 未找到任何可用模型文件
2025-04-23 13:25:36,378 - ⏳ 未有可用模型，等待模型训练完成...
2025-04-23 13:26:06,132 - ❌ 未找到训练 CSV 文件: D:\my-vue-project\wind-power-forecast\backend\auto_scripts\dataset\dataset_short\20250423.csv，等待 30 秒后重试...
2025-04-23 13:26:06,382 - 检查模型目录: D:\my-vue-project\wind-power-forecast\backend\auto_scripts\models\shortmodel\20250423
2025-04-23 13:26:06,382 - 未找到best_models目录，检查传统模型文件
2025-04-23 13:26:06,382 - 未找到任何可用模型文件
2025-04-23 13:26:06,382 - ⏳ 未有可用模型，等待模型训练完成...
2025-04-23 13:26:36,147 - ❌ 未找到训练 CSV 文件: D:\my-vue-project\wind-power-forecast\backend\auto_scripts\dataset\dataset_short\20250423.csv，等待 30 秒后重试...
2025-04-23 13:26:36,394 - 检查模型目录: D:\my-vue-project\wind-power-forecast\backend\auto_scripts\models\shortmodel\20250423
2025-04-23 13:26:36,394 - 未找到best_models目录，检查传统模型文件
2025-04-23 13:26:36,394 - 未找到任何可用模型文件
2025-04-23 13:26:36,395 - ⏳ 未有可用模型，等待模型训练完成...
2025-04-23 13:27:06,162 - ❌ 未找到训练 CSV 文件: D:\my-vue-project\wind-power-forecast\backend\auto_scripts\dataset\dataset_short\20250423.csv，等待 30 秒后重试...
2025-04-23 13:27:06,411 - 检查模型目录: D:\my-vue-project\wind-power-forecast\backend\auto_scripts\models\shortmodel\20250423
2025-04-23 13:27:06,412 - 未找到best_models目录，检查传统模型文件
2025-04-23 13:27:06,412 - 未找到任何可用模型文件
2025-04-23 13:27:06,413 - ⏳ 未有可用模型，等待模型训练完成...
2025-04-23 13:27:36,170 - ❌ 未找到训练 CSV 文件: D:\my-vue-project\wind-power-forecast\backend\auto_scripts\dataset\dataset_short\20250423.csv，等待 30 秒后重试...
2025-04-23 13:27:36,419 - 检查模型目录: D:\my-vue-project\wind-power-forecast\backend\auto_scripts\models\shortmodel\20250423
2025-04-23 13:27:36,419 - 未找到best_models目录，检查传统模型文件
2025-04-23 13:27:36,419 - 未找到任何可用模型文件
2025-04-23 13:27:36,419 - ⏳ 未有可用模型，等待模型训练完成...
2025-04-23 13:28:06,175 - ❌ 未找到训练 CSV 文件: D:\my-vue-project\wind-power-forecast\backend\auto_scripts\dataset\dataset_short\20250423.csv，等待 30 秒后重试...
2025-04-23 13:28:06,423 - 检查模型目录: D:\my-vue-project\wind-power-forecast\backend\auto_scripts\models\shortmodel\20250423
2025-04-23 13:28:06,423 - 未找到best_models目录，检查传统模型文件
2025-04-23 13:28:06,424 - 未找到任何可用模型文件
2025-04-23 13:28:06,424 - ⏳ 未有可用模型，等待模型训练完成...
2025-04-23 13:28:36,177 - ❌ 未找到训练 CSV 文件: D:\my-vue-project\wind-power-forecast\backend\auto_scripts\dataset\dataset_short\20250423.csv，等待 30 秒后重试...
2025-04-23 13:28:36,425 - 检查模型目录: D:\my-vue-project\wind-power-forecast\backend\auto_scripts\models\shortmodel\20250423
2025-04-23 13:28:36,425 - 未找到best_models目录，检查传统模型文件
2025-04-23 13:28:36,425 - 未找到任何可用模型文件
2025-04-23 13:28:36,425 - ⏳ 未有可用模型，等待模型训练完成...
2025-04-23 13:29:06,193 - ❌ 未找到训练 CSV 文件: D:\my-vue-project\wind-power-forecast\backend\auto_scripts\dataset\dataset_short\20250423.csv，等待 30 秒后重试...
2025-04-23 13:29:06,426 - 检查模型目录: D:\my-vue-project\wind-power-forecast\backend\auto_scripts\models\shortmodel\20250423
2025-04-23 13:29:06,426 - 未找到best_models目录，检查传统模型文件
2025-04-23 13:29:06,427 - 未找到任何可用模型文件
2025-04-23 13:29:06,427 - ⏳ 未有可用模型，等待模型训练完成...
2025-04-23 13:29:36,207 - ❌ 未找到训练 CSV 文件: D:\my-vue-project\wind-power-forecast\backend\auto_scripts\dataset\dataset_short\20250423.csv，等待 30 秒后重试...
2025-04-23 13:29:36,438 - 检查模型目录: D:\my-vue-project\wind-power-forecast\backend\auto_scripts\models\shortmodel\20250423
2025-04-23 13:29:36,438 - 未找到best_models目录，检查传统模型文件
2025-04-23 13:29:36,438 - 未找到任何可用模型文件
2025-04-23 13:29:36,438 - ⏳ 未有可用模型，等待模型训练完成...
2025-04-23 13:30:06,210 - ❌ 未找到训练 CSV 文件: D:\my-vue-project\wind-power-forecast\backend\auto_scripts\dataset\dataset_short\20250423.csv，等待 30 秒后重试...
2025-04-23 13:30:06,444 - 检查模型目录: D:\my-vue-project\wind-power-forecast\backend\auto_scripts\models\shortmodel\20250423
2025-04-23 13:30:06,445 - 未找到best_models目录，检查传统模型文件
2025-04-23 13:30:06,446 - 未找到任何可用模型文件
2025-04-23 13:30:06,446 - ⏳ 未有可用模型，等待模型训练完成...
2025-04-23 13:30:36,212 - ❌ 未找到训练 CSV 文件: D:\my-vue-project\wind-power-forecast\backend\auto_scripts\dataset\dataset_short\20250423.csv，等待 30 秒后重试...
2025-04-23 13:30:36,459 - 检查模型目录: D:\my-vue-project\wind-power-forecast\backend\auto_scripts\models\shortmodel\20250423
2025-04-23 13:30:36,459 - 未找到best_models目录，检查传统模型文件
2025-04-23 13:30:36,460 - 未找到任何可用模型文件
2025-04-23 13:30:36,460 - ⏳ 未有可用模型，等待模型训练完成...
2025-04-23 13:31:06,221 - ❌ 未找到训练 CSV 文件: D:\my-vue-project\wind-power-forecast\backend\auto_scripts\dataset\dataset_short\20250423.csv，等待 30 秒后重试...
2025-04-23 13:31:06,471 - 检查模型目录: D:\my-vue-project\wind-power-forecast\backend\auto_scripts\models\shortmodel\20250423
2025-04-23 13:31:06,472 - 未找到best_models目录，检查传统模型文件
2025-04-23 13:31:06,473 - 未找到任何可用模型文件
2025-04-23 13:31:06,473 - ⏳ 未有可用模型，等待模型训练完成...
2025-04-23 13:31:36,235 - ❌ 未找到训练 CSV 文件: D:\my-vue-project\wind-power-forecast\backend\auto_scripts\dataset\dataset_short\20250423.csv，等待 30 秒后重试...
2025-04-23 13:31:36,486 - 检查模型目录: D:\my-vue-project\wind-power-forecast\backend\auto_scripts\models\shortmodel\20250423
2025-04-23 13:31:36,488 - 未找到best_models目录，检查传统模型文件
2025-04-23 13:31:36,489 - 未找到任何可用模型文件
2025-04-23 13:31:36,489 - ⏳ 未有可用模型，等待模型训练完成...
2025-04-23 13:32:06,246 - ❌ 未找到训练 CSV 文件: D:\my-vue-project\wind-power-forecast\backend\auto_scripts\dataset\dataset_short\20250423.csv，等待 30 秒后重试...
2025-04-23 13:32:06,496 - 检查模型目录: D:\my-vue-project\wind-power-forecast\backend\auto_scripts\models\shortmodel\20250423
2025-04-23 13:32:06,497 - 未找到best_models目录，检查传统模型文件
2025-04-23 13:32:06,497 - 未找到任何可用模型文件
2025-04-23 13:32:06,497 - ⏳ 未有可用模型，等待模型训练完成...
2025-04-23 13:32:36,260 - ❌ 未找到训练 CSV 文件: D:\my-vue-project\wind-power-forecast\backend\auto_scripts\dataset\dataset_short\20250423.csv，等待 30 秒后重试...
2025-04-23 13:32:36,507 - 检查模型目录: D:\my-vue-project\wind-power-forecast\backend\auto_scripts\models\shortmodel\20250423
2025-04-23 13:32:36,508 - 未找到best_models目录，检查传统模型文件
2025-04-23 13:32:36,509 - 未找到任何可用模型文件
2025-04-23 13:32:36,509 - ⏳ 未有可用模型，等待模型训练完成...
2025-04-23 13:33:06,276 - ❌ 未找到训练 CSV 文件: D:\my-vue-project\wind-power-forecast\backend\auto_scripts\dataset\dataset_short\20250423.csv，等待 30 秒后重试...
2025-04-23 13:33:06,524 - 检查模型目录: D:\my-vue-project\wind-power-forecast\backend\auto_scripts\models\shortmodel\20250423
2025-04-23 13:33:06,524 - 未找到best_models目录，检查传统模型文件
2025-04-23 13:33:06,524 - 未找到任何可用模型文件
2025-04-23 13:33:06,525 - ⏳ 未有可用模型，等待模型训练完成...
2025-04-23 13:33:36,293 - ❌ 未找到训练 CSV 文件: D:\my-vue-project\wind-power-forecast\backend\auto_scripts\dataset\dataset_short\20250423.csv，等待 30 秒后重试...
2025-04-23 13:33:36,539 - 检查模型目录: D:\my-vue-project\wind-power-forecast\backend\auto_scripts\models\shortmodel\20250423
2025-04-23 13:33:36,540 - 未找到best_models目录，检查传统模型文件
2025-04-23 13:33:36,541 - 未找到任何可用模型文件
2025-04-23 13:33:36,541 - ⏳ 未有可用模型，等待模型训练完成...
2025-04-23 13:34:06,304 - ❌ 未找到训练 CSV 文件: D:\my-vue-project\wind-power-forecast\backend\auto_scripts\dataset\dataset_short\20250423.csv，等待 30 秒后重试...
2025-04-23 13:34:06,551 - 检查模型目录: D:\my-vue-project\wind-power-forecast\backend\auto_scripts\models\shortmodel\20250423
2025-04-23 13:34:06,552 - 未找到best_models目录，检查传统模型文件
2025-04-23 13:34:06,553 - 未找到任何可用模型文件
2025-04-23 13:34:06,554 - ⏳ 未有可用模型，等待模型训练完成...
2025-04-23 13:34:36,318 - ❌ 未找到训练 CSV 文件: D:\my-vue-project\wind-power-forecast\backend\auto_scripts\dataset\dataset_short\20250423.csv，等待 30 秒后重试...
2025-04-23 13:34:36,569 - 检查模型目录: D:\my-vue-project\wind-power-forecast\backend\auto_scripts\models\shortmodel\20250423
2025-04-23 13:34:36,571 - 未找到best_models目录，检查传统模型文件
2025-04-23 13:34:36,572 - 未找到任何可用模型文件
2025-04-23 13:34:36,572 - ⏳ 未有可用模型，等待模型训练完成...
2025-04-23 13:35:06,332 - ❌ 未找到训练 CSV 文件: D:\my-vue-project\wind-power-forecast\backend\auto_scripts\dataset\dataset_short\20250423.csv，等待 30 秒后重试...
2025-04-23 13:35:06,580 - 检查模型目录: D:\my-vue-project\wind-power-forecast\backend\auto_scripts\models\shortmodel\20250423
2025-04-23 13:35:06,581 - 未找到best_models目录，检查传统模型文件
2025-04-23 13:35:06,583 - 未找到任何可用模型文件
2025-04-23 13:35:06,583 - ⏳ 未有可用模型，等待模型训练完成...
2025-04-23 13:35:36,344 - ❌ 未找到训练 CSV 文件: D:\my-vue-project\wind-power-forecast\backend\auto_scripts\dataset\dataset_short\20250423.csv，等待 30 秒后重试...
2025-04-23 13:35:36,595 - 检查模型目录: D:\my-vue-project\wind-power-forecast\backend\auto_scripts\models\shortmodel\20250423
2025-04-23 13:35:36,595 - 未找到best_models目录，检查传统模型文件
2025-04-23 13:35:36,595 - 未找到任何可用模型文件
2025-04-23 13:35:36,596 - ⏳ 未有可用模型，等待模型训练完成...
2025-04-23 13:36:06,357 - ❌ 未找到训练 CSV 文件: D:\my-vue-project\wind-power-forecast\backend\auto_scripts\dataset\dataset_short\20250423.csv，等待 30 秒后重试...
2025-04-23 13:36:06,606 - 检查模型目录: D:\my-vue-project\wind-power-forecast\backend\auto_scripts\models\shortmodel\20250423
2025-04-23 13:36:06,606 - 未找到best_models目录，检查传统模型文件
2025-04-23 13:36:06,607 - 未找到任何可用模型文件
2025-04-23 13:36:06,607 - ⏳ 未有可用模型，等待模型训练完成...
2025-04-23 13:36:36,366 - ❌ 未找到训练 CSV 文件: D:\my-vue-project\wind-power-forecast\backend\auto_scripts\dataset\dataset_short\20250423.csv，等待 30 秒后重试...
2025-04-23 13:36:36,614 - 检查模型目录: D:\my-vue-project\wind-power-forecast\backend\auto_scripts\models\shortmodel\20250423
2025-04-23 13:36:36,614 - 未找到best_models目录，检查传统模型文件
2025-04-23 13:36:36,614 - 未找到任何可用模型文件
2025-04-23 13:36:36,615 - ⏳ 未有可用模型，等待模型训练完成...
2025-04-23 13:37:06,378 - ❌ 未找到训练 CSV 文件: D:\my-vue-project\wind-power-forecast\backend\auto_scripts\dataset\dataset_short\20250423.csv，等待 30 秒后重试...
2025-04-23 13:37:06,628 - 检查模型目录: D:\my-vue-project\wind-power-forecast\backend\auto_scripts\models\shortmodel\20250423
2025-04-23 13:37:06,629 - 未找到best_models目录，检查传统模型文件
2025-04-23 13:37:06,630 - 未找到任何可用模型文件
2025-04-23 13:37:06,631 - ⏳ 未有可用模型，等待模型训练完成...
2025-04-23 13:37:36,389 - ❌ 未找到训练 CSV 文件: D:\my-vue-project\wind-power-forecast\backend\auto_scripts\dataset\dataset_short\20250423.csv，等待 30 秒后重试...
2025-04-23 13:37:36,639 - 检查模型目录: D:\my-vue-project\wind-power-forecast\backend\auto_scripts\models\shortmodel\20250423
2025-04-23 13:37:36,640 - 未找到best_models目录，检查传统模型文件
2025-04-23 13:37:36,642 - 未找到任何可用模型文件
2025-04-23 13:37:36,642 - ⏳ 未有可用模型，等待模型训练完成...
2025-04-23 13:38:06,399 - ❌ 未找到训练 CSV 文件: D:\my-vue-project\wind-power-forecast\backend\auto_scripts\dataset\dataset_short\20250423.csv，等待 30 秒后重试...
2025-04-23 13:38:06,652 - 检查模型目录: D:\my-vue-project\wind-power-forecast\backend\auto_scripts\models\shortmodel\20250423
2025-04-23 13:38:06,653 - 未找到best_models目录，检查传统模型文件
2025-04-23 13:38:06,654 - 未找到任何可用模型文件
2025-04-23 13:38:06,655 - ⏳ 未有可用模型，等待模型训练完成...
2025-04-23 13:38:36,410 - ❌ 未找到训练 CSV 文件: D:\my-vue-project\wind-power-forecast\backend\auto_scripts\dataset\dataset_short\20250423.csv，等待 30 秒后重试...
2025-04-23 13:38:36,657 - 检查模型目录: D:\my-vue-project\wind-power-forecast\backend\auto_scripts\models\shortmodel\20250423
2025-04-23 13:38:36,657 - 未找到best_models目录，检查传统模型文件
2025-04-23 13:38:36,658 - 未找到任何可用模型文件
2025-04-23 13:38:36,658 - ⏳ 未有可用模型，等待模型训练完成...
2025-04-23 13:39:06,413 - ❌ 未找到训练 CSV 文件: D:\my-vue-project\wind-power-forecast\backend\auto_scripts\dataset\dataset_short\20250423.csv，等待 30 秒后重试...
2025-04-23 13:39:06,661 - 检查模型目录: D:\my-vue-project\wind-power-forecast\backend\auto_scripts\models\shortmodel\20250423
2025-04-23 13:39:06,661 - 未找到best_models目录，检查传统模型文件
2025-04-23 13:39:06,661 - 未找到任何可用模型文件
2025-04-23 13:39:06,661 - ⏳ 未有可用模型，等待模型训练完成...
2025-04-23 13:39:36,422 - ❌ 未找到训练 CSV 文件: D:\my-vue-project\wind-power-forecast\backend\auto_scripts\dataset\dataset_short\20250423.csv，等待 30 秒后重试...
2025-04-23 13:39:36,670 - 检查模型目录: D:\my-vue-project\wind-power-forecast\backend\auto_scripts\models\shortmodel\20250423
2025-04-23 13:39:36,670 - 未找到best_models目录，检查传统模型文件
2025-04-23 13:39:36,670 - 未找到任何可用模型文件
2025-04-23 13:39:36,670 - ⏳ 未有可用模型，等待模型训练完成...
2025-04-23 13:40:06,426 - ❌ 未找到训练 CSV 文件: D:\my-vue-project\wind-power-forecast\backend\auto_scripts\dataset\dataset_short\20250423.csv，等待 30 秒后重试...
2025-04-23 13:40:06,675 - 检查模型目录: D:\my-vue-project\wind-power-forecast\backend\auto_scripts\models\shortmodel\20250423
2025-04-23 13:40:06,675 - 未找到best_models目录，检查传统模型文件
2025-04-23 13:40:06,675 - 未找到任何可用模型文件
2025-04-23 13:40:06,675 - ⏳ 未有可用模型，等待模型训练完成...
2025-04-23 13:40:36,428 - ❌ 未找到训练 CSV 文件: D:\my-vue-project\wind-power-forecast\backend\auto_scripts\dataset\dataset_short\20250423.csv，等待 30 秒后重试...
2025-04-23 13:40:36,692 - 检查模型目录: D:\my-vue-project\wind-power-forecast\backend\auto_scripts\models\shortmodel\20250423
2025-04-23 13:40:36,692 - 未找到best_models目录，检查传统模型文件
2025-04-23 13:40:36,693 - 未找到任何可用模型文件
2025-04-23 13:40:36,693 - ⏳ 未有可用模型，等待模型训练完成...
2025-04-23 13:41:06,439 - ❌ 未找到训练 CSV 文件: D:\my-vue-project\wind-power-forecast\backend\auto_scripts\dataset\dataset_short\20250423.csv，等待 30 秒后重试...
2025-04-23 13:41:06,702 - 检查模型目录: D:\my-vue-project\wind-power-forecast\backend\auto_scripts\models\shortmodel\20250423
2025-04-23 13:41:06,702 - 未找到best_models目录，检查传统模型文件
2025-04-23 13:41:06,703 - 未找到任何可用模型文件
2025-04-23 13:41:06,703 - ⏳ 未有可用模型，等待模型训练完成...
2025-04-23 13:41:36,449 - ❌ 未找到训练 CSV 文件: D:\my-vue-project\wind-power-forecast\backend\auto_scripts\dataset\dataset_short\20250423.csv，等待 30 秒后重试...
2025-04-23 13:41:36,711 - 检查模型目录: D:\my-vue-project\wind-power-forecast\backend\auto_scripts\models\shortmodel\20250423
2025-04-23 13:41:36,711 - 未找到best_models目录，检查传统模型文件
2025-04-23 13:41:36,711 - 未找到任何可用模型文件
2025-04-23 13:41:36,712 - ⏳ 未有可用模型，等待模型训练完成...
2025-04-23 13:42:06,467 - ❌ 未找到训练 CSV 文件: D:\my-vue-project\wind-power-forecast\backend\auto_scripts\dataset\dataset_short\20250423.csv，等待 30 秒后重试...
2025-04-23 13:42:06,714 - 检查模型目录: D:\my-vue-project\wind-power-forecast\backend\auto_scripts\models\shortmodel\20250423
2025-04-23 13:42:06,715 - 未找到best_models目录，检查传统模型文件
2025-04-23 13:42:06,716 - 未找到任何可用模型文件
2025-04-23 13:42:06,717 - ⏳ 未有可用模型，等待模型训练完成...
2025-04-23 13:42:36,477 - ❌ 未找到训练 CSV 文件: D:\my-vue-project\wind-power-forecast\backend\auto_scripts\dataset\dataset_short\20250423.csv，等待 30 秒后重试...
2025-04-23 13:42:36,727 - 检查模型目录: D:\my-vue-project\wind-power-forecast\backend\auto_scripts\models\shortmodel\20250423
2025-04-23 13:42:36,728 - 未找到best_models目录，检查传统模型文件
2025-04-23 13:42:36,729 - 未找到任何可用模型文件
2025-04-23 13:42:36,729 - ⏳ 未有可用模型，等待模型训练完成...
2025-04-23 13:43:06,485 - ❌ 未找到训练 CSV 文件: D:\my-vue-project\wind-power-forecast\backend\auto_scripts\dataset\dataset_short\20250423.csv，等待 30 秒后重试...
2025-04-23 13:43:06,739 - 检查模型目录: D:\my-vue-project\wind-power-forecast\backend\auto_scripts\models\shortmodel\20250423
2025-04-23 13:43:06,740 - 未找到best_models目录，检查传统模型文件
2025-04-23 13:43:06,741 - 未找到任何可用模型文件
2025-04-23 13:43:06,742 - ⏳ 未有可用模型，等待模型训练完成...
2025-04-23 13:43:36,495 - ❌ 未找到训练 CSV 文件: D:\my-vue-project\wind-power-forecast\backend\auto_scripts\dataset\dataset_short\20250423.csv，等待 30 秒后重试...
2025-04-23 13:43:36,756 - 检查模型目录: D:\my-vue-project\wind-power-forecast\backend\auto_scripts\models\shortmodel\20250423
2025-04-23 13:43:36,756 - 未找到best_models目录，检查传统模型文件
2025-04-23 13:43:36,756 - 未找到任何可用模型文件
2025-04-23 13:43:36,756 - ⏳ 未有可用模型，等待模型训练完成...
2025-04-23 13:44:06,508 - ❌ 未找到训练 CSV 文件: D:\my-vue-project\wind-power-forecast\backend\auto_scripts\dataset\dataset_short\20250423.csv，等待 30 秒后重试...
2025-04-23 13:44:06,771 - 检查模型目录: D:\my-vue-project\wind-power-forecast\backend\auto_scripts\models\shortmodel\20250423
2025-04-23 13:44:06,771 - 未找到best_models目录，检查传统模型文件
2025-04-23 13:44:06,771 - 未找到任何可用模型文件
2025-04-23 13:44:06,771 - ⏳ 未有可用模型，等待模型训练完成...
2025-04-23 13:44:36,512 - ❌ 未找到训练 CSV 文件: D:\my-vue-project\wind-power-forecast\backend\auto_scripts\dataset\dataset_short\20250423.csv，等待 30 秒后重试...
2025-04-23 13:44:36,777 - 检查模型目录: D:\my-vue-project\wind-power-forecast\backend\auto_scripts\models\shortmodel\20250423
2025-04-23 13:44:36,778 - 未找到best_models目录，检查传统模型文件
2025-04-23 13:44:36,778 - 未找到任何可用模型文件
2025-04-23 13:44:36,779 - ⏳ 未有可用模型，等待模型训练完成...
2025-04-23 13:45:06,520 - ❌ 未找到训练 CSV 文件: D:\my-vue-project\wind-power-forecast\backend\auto_scripts\dataset\dataset_short\20250423.csv，等待 30 秒后重试...
2025-04-23 13:45:06,786 - 检查模型目录: D:\my-vue-project\wind-power-forecast\backend\auto_scripts\models\shortmodel\20250423
2025-04-23 13:45:06,787 - 未找到best_models目录，检查传统模型文件
2025-04-23 13:45:06,788 - 未找到任何可用模型文件
2025-04-23 13:45:06,788 - ⏳ 未有可用模型，等待模型训练完成...
2025-04-23 13:45:36,527 - ❌ 未找到训练 CSV 文件: D:\my-vue-project\wind-power-forecast\backend\auto_scripts\dataset\dataset_short\20250423.csv，等待 30 秒后重试...
2025-04-23 13:45:36,791 - 检查模型目录: D:\my-vue-project\wind-power-forecast\backend\auto_scripts\models\shortmodel\20250423
2025-04-23 13:45:36,792 - 未找到best_models目录，检查传统模型文件
2025-04-23 13:45:36,793 - 未找到任何可用模型文件
2025-04-23 13:45:36,793 - ⏳ 未有可用模型，等待模型训练完成...
2025-04-23 13:46:06,537 - ❌ 未找到训练 CSV 文件: D:\my-vue-project\wind-power-forecast\backend\auto_scripts\dataset\dataset_short\20250423.csv，等待 30 秒后重试...
2025-04-23 13:46:06,801 - 检查模型目录: D:\my-vue-project\wind-power-forecast\backend\auto_scripts\models\shortmodel\20250423
2025-04-23 13:46:06,801 - 未找到best_models目录，检查传统模型文件
2025-04-23 13:46:06,802 - 未找到任何可用模型文件
2025-04-23 13:46:06,802 - ⏳ 未有可用模型，等待模型训练完成...
2025-04-23 13:46:36,550 - ❌ 未找到训练 CSV 文件: D:\my-vue-project\wind-power-forecast\backend\auto_scripts\dataset\dataset_short\20250423.csv，等待 30 秒后重试...
2025-04-23 13:46:36,816 - 检查模型目录: D:\my-vue-project\wind-power-forecast\backend\auto_scripts\models\shortmodel\20250423
2025-04-23 13:46:36,817 - 未找到best_models目录，检查传统模型文件
2025-04-23 13:46:36,818 - 未找到任何可用模型文件
2025-04-23 13:46:36,818 - ⏳ 未有可用模型，等待模型训练完成...
2025-04-23 13:47:06,558 - ❌ 未找到训练 CSV 文件: D:\my-vue-project\wind-power-forecast\backend\auto_scripts\dataset\dataset_short\20250423.csv，等待 30 秒后重试...
2025-04-23 13:47:06,822 - 检查模型目录: D:\my-vue-project\wind-power-forecast\backend\auto_scripts\models\shortmodel\20250423
2025-04-23 13:47:06,823 - 未找到best_models目录，检查传统模型文件
2025-04-23 13:47:06,824 - 未找到任何可用模型文件
2025-04-23 13:47:06,825 - ⏳ 未有可用模型，等待模型训练完成...
2025-04-23 13:47:36,571 - ❌ 未找到训练 CSV 文件: D:\my-vue-project\wind-power-forecast\backend\auto_scripts\dataset\dataset_short\20250423.csv，等待 30 秒后重试...
2025-04-23 13:47:36,838 - 检查模型目录: D:\my-vue-project\wind-power-forecast\backend\auto_scripts\models\shortmodel\20250423
2025-04-23 13:47:36,839 - 未找到best_models目录，检查传统模型文件
2025-04-23 13:47:36,841 - 未找到任何可用模型文件
2025-04-23 13:47:36,841 - ⏳ 未有可用模型，等待模型训练完成...
2025-04-23 13:48:06,583 - ❌ 未找到训练 CSV 文件: D:\my-vue-project\wind-power-forecast\backend\auto_scripts\dataset\dataset_short\20250423.csv，等待 30 秒后重试...
2025-04-23 13:48:06,847 - 检查模型目录: D:\my-vue-project\wind-power-forecast\backend\auto_scripts\models\shortmodel\20250423
2025-04-23 13:48:06,847 - 未找到best_models目录，检查传统模型文件
2025-04-23 13:48:06,847 - 未找到任何可用模型文件
2025-04-23 13:48:06,848 - ⏳ 未有可用模型，等待模型训练完成...
2025-04-23 13:48:36,597 - ❌ 未找到训练 CSV 文件: D:\my-vue-project\wind-power-forecast\backend\auto_scripts\dataset\dataset_short\20250423.csv，等待 30 秒后重试...
2025-04-23 13:48:36,861 - 检查模型目录: D:\my-vue-project\wind-power-forecast\backend\auto_scripts\models\shortmodel\20250423
2025-04-23 13:48:36,862 - 未找到best_models目录，检查传统模型文件
2025-04-23 13:48:36,863 - 未找到任何可用模型文件
2025-04-23 13:48:36,863 - ⏳ 未有可用模型，等待模型训练完成...
2025-04-23 13:49:06,603 - ❌ 未找到训练 CSV 文件: D:\my-vue-project\wind-power-forecast\backend\auto_scripts\dataset\dataset_short\20250423.csv，等待 30 秒后重试...
2025-04-23 13:49:06,867 - 检查模型目录: D:\my-vue-project\wind-power-forecast\backend\auto_scripts\models\shortmodel\20250423
2025-04-23 13:49:06,868 - 未找到best_models目录，检查传统模型文件
2025-04-23 13:49:06,868 - 未找到任何可用模型文件
2025-04-23 13:49:06,868 - ⏳ 未有可用模型，等待模型训练完成...
2025-04-23 13:49:36,614 - ❌ 未找到训练 CSV 文件: D:\my-vue-project\wind-power-forecast\backend\auto_scripts\dataset\dataset_short\20250423.csv，等待 30 秒后重试...
2025-04-23 13:49:36,879 - 检查模型目录: D:\my-vue-project\wind-power-forecast\backend\auto_scripts\models\shortmodel\20250423
2025-04-23 13:49:36,880 - 未找到best_models目录，检查传统模型文件
2025-04-23 13:49:36,880 - 未找到任何可用模型文件
2025-04-23 13:49:36,880 - ⏳ 未有可用模型，等待模型训练完成...
2025-04-23 13:50:06,615 - ❌ 未找到训练 CSV 文件: D:\my-vue-project\wind-power-forecast\backend\auto_scripts\dataset\dataset_short\20250423.csv，等待 30 秒后重试...
2025-04-23 13:50:06,895 - 检查模型目录: D:\my-vue-project\wind-power-forecast\backend\auto_scripts\models\shortmodel\20250423
2025-04-23 13:50:06,895 - 未找到best_models目录，检查传统模型文件
2025-04-23 13:50:06,896 - 未找到任何可用模型文件
2025-04-23 13:50:06,896 - ⏳ 未有可用模型，等待模型训练完成...
2025-04-23 13:50:36,628 - ❌ 未找到训练 CSV 文件: D:\my-vue-project\wind-power-forecast\backend\auto_scripts\dataset\dataset_short\20250423.csv，等待 30 秒后重试...
2025-04-23 13:50:36,910 - 检查模型目录: D:\my-vue-project\wind-power-forecast\backend\auto_scripts\models\shortmodel\20250423
2025-04-23 13:50:36,911 - 未找到best_models目录，检查传统模型文件
2025-04-23 13:50:36,911 - 未找到任何可用模型文件
2025-04-23 13:50:36,911 - ⏳ 未有可用模型，等待模型训练完成...
2025-04-23 13:51:06,644 - ❌ 未找到训练 CSV 文件: D:\my-vue-project\wind-power-forecast\backend\auto_scripts\dataset\dataset_short\20250423.csv，等待 30 秒后重试...
2025-04-23 13:51:06,921 - 检查模型目录: D:\my-vue-project\wind-power-forecast\backend\auto_scripts\models\shortmodel\20250423
2025-04-23 13:51:06,921 - 未找到best_models目录，检查传统模型文件
2025-04-23 13:51:06,922 - 未找到任何可用模型文件
2025-04-23 13:51:06,922 - ⏳ 未有可用模型，等待模型训练完成...
2025-04-23 13:51:36,647 - ❌ 未找到训练 CSV 文件: D:\my-vue-project\wind-power-forecast\backend\auto_scripts\dataset\dataset_short\20250423.csv，等待 30 秒后重试...
2025-04-23 13:51:36,927 - 检查模型目录: D:\my-vue-project\wind-power-forecast\backend\auto_scripts\models\shortmodel\20250423
2025-04-23 13:51:36,928 - 未找到best_models目录，检查传统模型文件
2025-04-23 13:51:36,929 - 未找到任何可用模型文件
2025-04-23 13:51:36,929 - ⏳ 未有可用模型，等待模型训练完成...
2025-04-23 13:52:06,651 - ❌ 未找到训练 CSV 文件: D:\my-vue-project\wind-power-forecast\backend\auto_scripts\dataset\dataset_short\20250423.csv，等待 30 秒后重试...
2025-04-23 13:52:06,932 - 检查模型目录: D:\my-vue-project\wind-power-forecast\backend\auto_scripts\models\shortmodel\20250423
2025-04-23 13:52:06,933 - 未找到best_models目录，检查传统模型文件
2025-04-23 13:52:06,934 - 未找到任何可用模型文件
2025-04-23 13:52:06,935 - ⏳ 未有可用模型，等待模型训练完成...
2025-04-23 13:52:36,659 - ❌ 未找到训练 CSV 文件: D:\my-vue-project\wind-power-forecast\backend\auto_scripts\dataset\dataset_short\20250423.csv，等待 30 秒后重试...
2025-04-23 13:52:36,939 - 检查模型目录: D:\my-vue-project\wind-power-forecast\backend\auto_scripts\models\shortmodel\20250423
2025-04-23 13:52:36,939 - 未找到best_models目录，检查传统模型文件
2025-04-23 13:52:36,940 - 未找到任何可用模型文件
2025-04-23 13:52:36,940 - ⏳ 未有可用模型，等待模型训练完成...
2025-04-23 13:53:06,661 - ❌ 未找到训练 CSV 文件: D:\my-vue-project\wind-power-forecast\backend\auto_scripts\dataset\dataset_short\20250423.csv，等待 30 秒后重试...
2025-04-23 13:53:06,956 - 检查模型目录: D:\my-vue-project\wind-power-forecast\backend\auto_scripts\models\shortmodel\20250423
2025-04-23 13:53:06,956 - 未找到best_models目录，检查传统模型文件
2025-04-23 13:53:06,956 - 未找到任何可用模型文件
2025-04-23 13:53:06,957 - ⏳ 未有可用模型，等待模型训练完成...
2025-04-23 13:53:36,675 - ❌ 未找到训练 CSV 文件: D:\my-vue-project\wind-power-forecast\backend\auto_scripts\dataset\dataset_short\20250423.csv，等待 30 秒后重试...
2025-04-23 13:53:36,959 - 检查模型目录: D:\my-vue-project\wind-power-forecast\backend\auto_scripts\models\shortmodel\20250423
2025-04-23 13:53:36,959 - 未找到best_models目录，检查传统模型文件
2025-04-23 13:53:36,960 - 未找到任何可用模型文件
2025-04-23 13:53:36,960 - ⏳ 未有可用模型，等待模型训练完成...
2025-04-23 13:54:06,691 - ❌ 未找到训练 CSV 文件: D:\my-vue-project\wind-power-forecast\backend\auto_scripts\dataset\dataset_short\20250423.csv，等待 30 秒后重试...
2025-04-23 13:54:06,970 - 检查模型目录: D:\my-vue-project\wind-power-forecast\backend\auto_scripts\models\shortmodel\20250423
2025-04-23 13:54:06,970 - 未找到best_models目录，检查传统模型文件
2025-04-23 13:54:06,970 - 未找到任何可用模型文件
2025-04-23 13:54:06,970 - ⏳ 未有可用模型，等待模型训练完成...
2025-04-23 13:54:36,695 - ❌ 未找到训练 CSV 文件: D:\my-vue-project\wind-power-forecast\backend\auto_scripts\dataset\dataset_short\20250423.csv，等待 30 秒后重试...
2025-04-23 13:54:36,977 - 检查模型目录: D:\my-vue-project\wind-power-forecast\backend\auto_scripts\models\shortmodel\20250423
2025-04-23 13:54:36,977 - 未找到best_models目录，检查传统模型文件
2025-04-23 13:54:36,977 - 未找到任何可用模型文件
2025-04-23 13:54:36,978 - ⏳ 未有可用模型，等待模型训练完成...
2025-04-23 13:55:06,706 - ❌ 未找到训练 CSV 文件: D:\my-vue-project\wind-power-forecast\backend\auto_scripts\dataset\dataset_short\20250423.csv，等待 30 秒后重试...
2025-04-23 13:55:06,984 - 检查模型目录: D:\my-vue-project\wind-power-forecast\backend\auto_scripts\models\shortmodel\20250423
2025-04-23 13:55:06,984 - 未找到best_models目录，检查传统模型文件
2025-04-23 13:55:06,985 - 未找到任何可用模型文件
2025-04-23 13:55:06,985 - ⏳ 未有可用模型，等待模型训练完成...
2025-04-23 13:55:36,708 - ❌ 未找到训练 CSV 文件: D:\my-vue-project\wind-power-forecast\backend\auto_scripts\dataset\dataset_short\20250423.csv，等待 30 秒后重试...
2025-04-23 13:55:36,989 - 检查模型目录: D:\my-vue-project\wind-power-forecast\backend\auto_scripts\models\shortmodel\20250423
2025-04-23 13:55:36,990 - 未找到best_models目录，检查传统模型文件
2025-04-23 13:55:36,991 - 未找到任何可用模型文件
2025-04-23 13:55:36,992 - ⏳ 未有可用模型，等待模型训练完成...
2025-04-23 13:56:06,720 - ❌ 未找到训练 CSV 文件: D:\my-vue-project\wind-power-forecast\backend\auto_scripts\dataset\dataset_short\20250423.csv，等待 30 秒后重试...
2025-04-23 13:56:07,001 - 检查模型目录: D:\my-vue-project\wind-power-forecast\backend\auto_scripts\models\shortmodel\20250423
2025-04-23 13:56:07,002 - 未找到best_models目录，检查传统模型文件
2025-04-23 13:56:07,003 - 未找到任何可用模型文件
2025-04-23 13:56:07,004 - ⏳ 未有可用模型，等待模型训练完成...
2025-04-23 13:56:36,721 - ❌ 未找到训练 CSV 文件: D:\my-vue-project\wind-power-forecast\backend\auto_scripts\dataset\dataset_short\20250423.csv，等待 30 秒后重试...
2025-04-23 13:56:37,017 - 检查模型目录: D:\my-vue-project\wind-power-forecast\backend\auto_scripts\models\shortmodel\20250423
2025-04-23 13:56:37,017 - 未找到best_models目录，检查传统模型文件
2025-04-23 13:56:37,017 - 未找到任何可用模型文件
2025-04-23 13:56:37,018 - ⏳ 未有可用模型，等待模型训练完成...
2025-04-23 13:57:06,736 - ❌ 未找到训练 CSV 文件: D:\my-vue-project\wind-power-forecast\backend\auto_scripts\dataset\dataset_short\20250423.csv，等待 30 秒后重试...
2025-04-23 13:57:07,030 - 检查模型目录: D:\my-vue-project\wind-power-forecast\backend\auto_scripts\models\shortmodel\20250423
2025-04-23 13:57:07,031 - 未找到best_models目录，检查传统模型文件
2025-04-23 13:57:07,032 - 未找到任何可用模型文件
2025-04-23 13:57:07,033 - ⏳ 未有可用模型，等待模型训练完成...
2025-04-23 13:57:36,742 - ❌ 未找到训练 CSV 文件: D:\my-vue-project\wind-power-forecast\backend\auto_scripts\dataset\dataset_short\20250423.csv，等待 30 秒后重试...
2025-04-23 13:57:37,050 - 检查模型目录: D:\my-vue-project\wind-power-forecast\backend\auto_scripts\models\shortmodel\20250423
2025-04-23 13:57:37,051 - 未找到best_models目录，检查传统模型文件
2025-04-23 13:57:37,052 - 未找到任何可用模型文件
2025-04-23 13:57:37,052 - ⏳ 未有可用模型，等待模型训练完成...
2025-04-23 13:58:06,759 - ❌ 未找到训练 CSV 文件: D:\my-vue-project\wind-power-forecast\backend\auto_scripts\dataset\dataset_short\20250423.csv，等待 30 秒后重试...
2025-04-23 13:58:07,055 - 检查模型目录: D:\my-vue-project\wind-power-forecast\backend\auto_scripts\models\shortmodel\20250423
2025-04-23 13:58:07,056 - 未找到best_models目录，检查传统模型文件
2025-04-23 13:58:07,057 - 未找到任何可用模型文件
2025-04-23 13:58:07,058 - ⏳ 未有可用模型，等待模型训练完成...
2025-04-23 13:58:36,775 - ❌ 未找到训练 CSV 文件: D:\my-vue-project\wind-power-forecast\backend\auto_scripts\dataset\dataset_short\20250423.csv，等待 30 秒后重试...
2025-04-23 13:58:37,070 - 检查模型目录: D:\my-vue-project\wind-power-forecast\backend\auto_scripts\models\shortmodel\20250423
2025-04-23 13:58:37,070 - 未找到best_models目录，检查传统模型文件
2025-04-23 13:58:37,071 - 未找到任何可用模型文件
2025-04-23 13:58:37,071 - ⏳ 未有可用模型，等待模型训练完成...
2025-04-23 13:59:06,779 - ❌ 未找到训练 CSV 文件: D:\my-vue-project\wind-power-forecast\backend\auto_scripts\dataset\dataset_short\20250423.csv，等待 30 秒后重试...
2025-04-23 13:59:07,079 - 检查模型目录: D:\my-vue-project\wind-power-forecast\backend\auto_scripts\models\shortmodel\20250423
2025-04-23 13:59:07,079 - 未找到best_models目录，检查传统模型文件
2025-04-23 13:59:07,079 - 未找到任何可用模型文件
2025-04-23 13:59:07,079 - ⏳ 未有可用模型，等待模型训练完成...
2025-04-23 13:59:36,783 - ❌ 未找到训练 CSV 文件: D:\my-vue-project\wind-power-forecast\backend\auto_scripts\dataset\dataset_short\20250423.csv，等待 30 秒后重试...
2025-04-23 13:59:37,094 - 检查模型目录: D:\my-vue-project\wind-power-forecast\backend\auto_scripts\models\shortmodel\20250423
2025-04-23 13:59:37,094 - 未找到best_models目录，检查传统模型文件
2025-04-23 13:59:37,095 - 未找到任何可用模型文件
2025-04-23 13:59:37,095 - ⏳ 未有可用模型，等待模型训练完成...
2025-04-23 14:00:06,793 - ❌ 未找到训练 CSV 文件: D:\my-vue-project\wind-power-forecast\backend\auto_scripts\dataset\dataset_short\20250423.csv，等待 30 秒后重试...
2025-04-23 14:00:07,104 - 检查模型目录: D:\my-vue-project\wind-power-forecast\backend\auto_scripts\models\shortmodel\20250423
2025-04-23 14:00:07,104 - 未找到best_models目录，检查传统模型文件
2025-04-23 14:00:07,104 - 未找到任何可用模型文件
2025-04-23 14:00:07,105 - ⏳ 未有可用模型，等待模型训练完成...
2025-04-23 14:00:36,797 - ❌ 未找到训练 CSV 文件: D:\my-vue-project\wind-power-forecast\backend\auto_scripts\dataset\dataset_short\20250423.csv，等待 30 秒后重试...
2025-04-23 14:00:37,108 - 检查模型目录: D:\my-vue-project\wind-power-forecast\backend\auto_scripts\models\shortmodel\20250423
2025-04-23 14:00:37,108 - 未找到best_models目录，检查传统模型文件
2025-04-23 14:00:37,109 - 未找到任何可用模型文件
2025-04-23 14:00:37,109 - ⏳ 未有可用模型，等待模型训练完成...
2025-04-23 14:01:06,800 - ❌ 未找到训练 CSV 文件: D:\my-vue-project\wind-power-forecast\backend\auto_scripts\dataset\dataset_short\20250423.csv，等待 30 秒后重试...
2025-04-23 14:01:07,116 - 检查模型目录: D:\my-vue-project\wind-power-forecast\backend\auto_scripts\models\shortmodel\20250423
2025-04-23 14:01:07,118 - 未找到best_models目录，检查传统模型文件
2025-04-23 14:01:07,119 - 未找到任何可用模型文件
2025-04-23 14:01:07,119 - ⏳ 未有可用模型，等待模型训练完成...
2025-04-23 14:01:36,813 - ❌ 未找到训练 CSV 文件: D:\my-vue-project\wind-power-forecast\backend\auto_scripts\dataset\dataset_short\20250423.csv，等待 30 秒后重试...
2025-04-23 14:01:37,122 - 检查模型目录: D:\my-vue-project\wind-power-forecast\backend\auto_scripts\models\shortmodel\20250423
2025-04-23 14:01:37,123 - 未找到best_models目录，检查传统模型文件
2025-04-23 14:01:37,125 - 未找到任何可用模型文件
2025-04-23 14:01:37,125 - ⏳ 未有可用模型，等待模型训练完成...
2025-04-23 14:02:06,819 - ❌ 未找到训练 CSV 文件: D:\my-vue-project\wind-power-forecast\backend\auto_scripts\dataset\dataset_short\20250423.csv，等待 30 秒后重试...
2025-04-23 14:02:07,131 - 检查模型目录: D:\my-vue-project\wind-power-forecast\backend\auto_scripts\models\shortmodel\20250423
2025-04-23 14:02:07,133 - 未找到best_models目录，检查传统模型文件
2025-04-23 14:02:07,134 - 未找到任何可用模型文件
2025-04-23 14:02:07,134 - ⏳ 未有可用模型，等待模型训练完成...
2025-04-23 14:02:36,827 - ❌ 未找到训练 CSV 文件: D:\my-vue-project\wind-power-forecast\backend\auto_scripts\dataset\dataset_short\20250423.csv，等待 30 秒后重试...
2025-04-23 14:02:37,140 - 检查模型目录: D:\my-vue-project\wind-power-forecast\backend\auto_scripts\models\shortmodel\20250423
2025-04-23 14:02:37,141 - 未找到best_models目录，检查传统模型文件
2025-04-23 14:02:37,142 - 未找到任何可用模型文件
2025-04-23 14:02:37,143 - ⏳ 未有可用模型，等待模型训练完成...
2025-04-23 14:03:06,843 - ❌ 未找到训练 CSV 文件: D:\my-vue-project\wind-power-forecast\backend\auto_scripts\dataset\dataset_short\20250423.csv，等待 30 秒后重试...
2025-04-23 14:03:07,152 - 检查模型目录: D:\my-vue-project\wind-power-forecast\backend\auto_scripts\models\shortmodel\20250423
2025-04-23 14:03:07,153 - 未找到best_models目录，检查传统模型文件
2025-04-23 14:03:07,154 - 未找到任何可用模型文件
2025-04-23 14:03:07,154 - ⏳ 未有可用模型，等待模型训练完成...
2025-04-23 14:03:36,857 - ❌ 未找到训练 CSV 文件: D:\my-vue-project\wind-power-forecast\backend\auto_scripts\dataset\dataset_short\20250423.csv，等待 30 秒后重试...
2025-04-23 14:03:37,167 - 检查模型目录: D:\my-vue-project\wind-power-forecast\backend\auto_scripts\models\shortmodel\20250423
2025-04-23 14:03:37,167 - 未找到best_models目录，检查传统模型文件
2025-04-23 14:03:37,167 - 未找到任何可用模型文件
2025-04-23 14:03:37,168 - ⏳ 未有可用模型，等待模型训练完成...
2025-04-23 14:04:06,875 - ❌ 未找到训练 CSV 文件: D:\my-vue-project\wind-power-forecast\backend\auto_scripts\dataset\dataset_short\20250423.csv，等待 30 秒后重试...
2025-04-23 14:04:07,183 - 检查模型目录: D:\my-vue-project\wind-power-forecast\backend\auto_scripts\models\shortmodel\20250423
2025-04-23 14:04:07,184 - 未找到best_models目录，检查传统模型文件
2025-04-23 14:04:07,184 - 未找到任何可用模型文件
2025-04-23 14:04:07,184 - ⏳ 未有可用模型，等待模型训练完成...
2025-04-23 14:04:36,876 - ❌ 未找到训练 CSV 文件: D:\my-vue-project\wind-power-forecast\backend\auto_scripts\dataset\dataset_short\20250423.csv，等待 30 秒后重试...
2025-04-23 14:04:37,186 - 检查模型目录: D:\my-vue-project\wind-power-forecast\backend\auto_scripts\models\shortmodel\20250423
2025-04-23 14:04:37,187 - 未找到best_models目录，检查传统模型文件
2025-04-23 14:04:37,188 - 未找到任何可用模型文件
2025-04-23 14:04:37,188 - ⏳ 未有可用模型，等待模型训练完成...
2025-04-23 14:05:06,884 - ❌ 未找到训练 CSV 文件: D:\my-vue-project\wind-power-forecast\backend\auto_scripts\dataset\dataset_short\20250423.csv，等待 30 秒后重试...
2025-04-23 14:05:07,197 - 检查模型目录: D:\my-vue-project\wind-power-forecast\backend\auto_scripts\models\shortmodel\20250423
2025-04-23 14:05:07,197 - 未找到best_models目录，检查传统模型文件
2025-04-23 14:05:07,198 - 未找到任何可用模型文件
2025-04-23 14:05:07,198 - ⏳ 未有可用模型，等待模型训练完成...
2025-04-23 14:05:36,896 - ❌ 未找到训练 CSV 文件: D:\my-vue-project\wind-power-forecast\backend\auto_scripts\dataset\dataset_short\20250423.csv，等待 30 秒后重试...
2025-04-23 14:05:37,204 - 检查模型目录: D:\my-vue-project\wind-power-forecast\backend\auto_scripts\models\shortmodel\20250423
2025-04-23 14:05:37,204 - 未找到best_models目录，检查传统模型文件
2025-04-23 14:05:37,204 - 未找到任何可用模型文件
2025-04-23 14:05:37,205 - ⏳ 未有可用模型，等待模型训练完成...
2025-04-23 14:06:06,905 - ❌ 未找到训练 CSV 文件: D:\my-vue-project\wind-power-forecast\backend\auto_scripts\dataset\dataset_short\20250423.csv，等待 30 秒后重试...
2025-04-23 14:06:07,215 - 检查模型目录: D:\my-vue-project\wind-power-forecast\backend\auto_scripts\models\shortmodel\20250423
2025-04-23 14:06:07,216 - 未找到best_models目录，检查传统模型文件
2025-04-23 14:06:07,217 - 未找到任何可用模型文件
2025-04-23 14:06:07,218 - ⏳ 未有可用模型，等待模型训练完成...
2025-04-23 14:06:36,918 - ❌ 未找到训练 CSV 文件: D:\my-vue-project\wind-power-forecast\backend\auto_scripts\dataset\dataset_short\20250423.csv，等待 30 秒后重试...
2025-04-23 14:06:37,229 - 检查模型目录: D:\my-vue-project\wind-power-forecast\backend\auto_scripts\models\shortmodel\20250423
2025-04-23 14:06:37,230 - 未找到best_models目录，检查传统模型文件
2025-04-23 14:06:37,232 - 未找到任何可用模型文件
2025-04-23 14:06:37,232 - ⏳ 未有可用模型，等待模型训练完成...
2025-04-23 14:07:06,928 - ❌ 未找到训练 CSV 文件: D:\my-vue-project\wind-power-forecast\backend\auto_scripts\dataset\dataset_short\20250423.csv，等待 30 秒后重试...
2025-04-23 14:07:07,241 - 检查模型目录: D:\my-vue-project\wind-power-forecast\backend\auto_scripts\models\shortmodel\20250423
2025-04-23 14:07:07,241 - 未找到best_models目录，检查传统模型文件
2025-04-23 14:07:07,243 - 未找到任何可用模型文件
2025-04-23 14:07:07,243 - ⏳ 未有可用模型，等待模型训练完成...
2025-04-23 14:07:36,938 - ❌ 未找到训练 CSV 文件: D:\my-vue-project\wind-power-forecast\backend\auto_scripts\dataset\dataset_short\20250423.csv，等待 30 秒后重试...
2025-04-23 14:07:37,249 - 检查模型目录: D:\my-vue-project\wind-power-forecast\backend\auto_scripts\models\shortmodel\20250423
2025-04-23 14:07:37,249 - 未找到best_models目录，检查传统模型文件
2025-04-23 14:07:37,249 - 未找到任何可用模型文件
2025-04-23 14:07:37,249 - ⏳ 未有可用模型，等待模型训练完成...
2025-04-23 14:08:06,948 - ❌ 未找到训练 CSV 文件: D:\my-vue-project\wind-power-forecast\backend\auto_scripts\dataset\dataset_short\20250423.csv，等待 30 秒后重试...
2025-04-23 14:08:07,261 - 检查模型目录: D:\my-vue-project\wind-power-forecast\backend\auto_scripts\models\shortmodel\20250423
2025-04-23 14:08:07,261 - 未找到best_models目录，检查传统模型文件
2025-04-23 14:08:07,261 - 未找到任何可用模型文件
2025-04-23 14:08:07,261 - ⏳ 未有可用模型，等待模型训练完成...
2025-04-23 14:08:36,958 - ❌ 未找到训练 CSV 文件: D:\my-vue-project\wind-power-forecast\backend\auto_scripts\dataset\dataset_short\20250423.csv，等待 30 秒后重试...
2025-04-23 14:08:37,271 - 检查模型目录: D:\my-vue-project\wind-power-forecast\backend\auto_scripts\models\shortmodel\20250423
2025-04-23 14:08:37,272 - 未找到best_models目录，检查传统模型文件
2025-04-23 14:08:37,273 - 未找到任何可用模型文件
2025-04-23 14:08:37,273 - ⏳ 未有可用模型，等待模型训练完成...
2025-04-23 14:09:06,968 - ❌ 未找到训练 CSV 文件: D:\my-vue-project\wind-power-forecast\backend\auto_scripts\dataset\dataset_short\20250423.csv，等待 30 秒后重试...
2025-04-23 14:09:07,279 - 检查模型目录: D:\my-vue-project\wind-power-forecast\backend\auto_scripts\models\shortmodel\20250423
2025-04-23 14:09:07,280 - 未找到best_models目录，检查传统模型文件
2025-04-23 14:09:07,281 - 未找到任何可用模型文件
2025-04-23 14:09:07,281 - ⏳ 未有可用模型，等待模型训练完成...
2025-04-23 14:09:36,977 - ❌ 未找到训练 CSV 文件: D:\my-vue-project\wind-power-forecast\backend\auto_scripts\dataset\dataset_short\20250423.csv，等待 30 秒后重试...
2025-04-23 14:09:37,288 - 检查模型目录: D:\my-vue-project\wind-power-forecast\backend\auto_scripts\models\shortmodel\20250423
2025-04-23 14:09:37,288 - 未找到best_models目录，检查传统模型文件
2025-04-23 14:09:37,289 - 未找到任何可用模型文件
2025-04-23 14:09:37,289 - ⏳ 未有可用模型，等待模型训练完成...
2025-04-23 14:10:06,986 - ❌ 未找到训练 CSV 文件: D:\my-vue-project\wind-power-forecast\backend\auto_scripts\dataset\dataset_short\20250423.csv，等待 30 秒后重试...
2025-04-23 14:10:07,298 - 检查模型目录: D:\my-vue-project\wind-power-forecast\backend\auto_scripts\models\shortmodel\20250423
2025-04-23 14:10:07,298 - 未找到best_models目录，检查传统模型文件
2025-04-23 14:10:07,298 - 未找到任何可用模型文件
2025-04-23 14:10:07,298 - ⏳ 未有可用模型，等待模型训练完成...
2025-04-23 14:10:36,988 - ❌ 未找到训练 CSV 文件: D:\my-vue-project\wind-power-forecast\backend\auto_scripts\dataset\dataset_short\20250423.csv，等待 30 秒后重试...
2025-04-23 14:10:37,312 - 检查模型目录: D:\my-vue-project\wind-power-forecast\backend\auto_scripts\models\shortmodel\20250423
2025-04-23 14:10:37,312 - 未找到best_models目录，检查传统模型文件
2025-04-23 14:10:37,312 - 未找到任何可用模型文件
2025-04-23 14:10:37,312 - ⏳ 未有可用模型，等待模型训练完成...
2025-04-23 14:11:06,992 - ❌ 未找到训练 CSV 文件: D:\my-vue-project\wind-power-forecast\backend\auto_scripts\dataset\dataset_short\20250423.csv，等待 30 秒后重试...
2025-04-23 14:11:07,318 - 检查模型目录: D:\my-vue-project\wind-power-forecast\backend\auto_scripts\models\shortmodel\20250423
2025-04-23 14:11:07,319 - 未找到best_models目录，检查传统模型文件
2025-04-23 14:11:07,319 - 未找到任何可用模型文件
2025-04-23 14:11:07,319 - ⏳ 未有可用模型，等待模型训练完成...
2025-04-23 14:11:37,007 - ❌ 未找到训练 CSV 文件: D:\my-vue-project\wind-power-forecast\backend\auto_scripts\dataset\dataset_short\20250423.csv，等待 30 秒后重试...
2025-04-23 14:11:37,332 - 检查模型目录: D:\my-vue-project\wind-power-forecast\backend\auto_scripts\models\shortmodel\20250423
2025-04-23 14:11:37,333 - 未找到best_models目录，检查传统模型文件
2025-04-23 14:11:37,335 - 未找到任何可用模型文件
2025-04-23 14:11:37,335 - ⏳ 未有可用模型，等待模型训练完成...
2025-04-23 14:12:07,012 - ❌ 未找到训练 CSV 文件: D:\my-vue-project\wind-power-forecast\backend\auto_scripts\dataset\dataset_short\20250423.csv，等待 30 秒后重试...
2025-04-23 14:12:07,338 - 检查模型目录: D:\my-vue-project\wind-power-forecast\backend\auto_scripts\models\shortmodel\20250423
2025-04-23 14:12:07,339 - 未找到best_models目录，检查传统模型文件
2025-04-23 14:12:07,339 - 未找到任何可用模型文件
2025-04-23 14:12:07,339 - ⏳ 未有可用模型，等待模型训练完成...
2025-04-23 14:12:37,017 - ❌ 未找到训练 CSV 文件: D:\my-vue-project\wind-power-forecast\backend\auto_scripts\dataset\dataset_short\20250423.csv，等待 30 秒后重试...
2025-04-23 14:12:37,345 - 检查模型目录: D:\my-vue-project\wind-power-forecast\backend\auto_scripts\models\shortmodel\20250423
2025-04-23 14:12:37,347 - 未找到best_models目录，检查传统模型文件
2025-04-23 14:12:37,348 - 未找到任何可用模型文件
2025-04-23 14:12:37,348 - ⏳ 未有可用模型，等待模型训练完成...
2025-04-23 14:13:07,024 - ❌ 未找到训练 CSV 文件: D:\my-vue-project\wind-power-forecast\backend\auto_scripts\dataset\dataset_short\20250423.csv，等待 30 秒后重试...
2025-04-23 14:13:07,363 - 检查模型目录: D:\my-vue-project\wind-power-forecast\backend\auto_scripts\models\shortmodel\20250423
2025-04-23 14:13:07,364 - 未找到best_models目录，检查传统模型文件
2025-04-23 14:13:07,364 - 未找到任何可用模型文件
2025-04-23 14:13:07,364 - ⏳ 未有可用模型，等待模型训练完成...
2025-04-23 14:13:37,040 - ❌ 未找到训练 CSV 文件: D:\my-vue-project\wind-power-forecast\backend\auto_scripts\dataset\dataset_short\20250423.csv，等待 30 秒后重试...
2025-04-23 14:13:37,380 - 检查模型目录: D:\my-vue-project\wind-power-forecast\backend\auto_scripts\models\shortmodel\20250423
2025-04-23 14:13:37,381 - 未找到best_models目录，检查传统模型文件
2025-04-23 14:13:37,382 - 未找到任何可用模型文件
2025-04-23 14:13:37,382 - ⏳ 未有可用模型，等待模型训练完成...
2025-04-23 14:14:07,044 - ❌ 未找到训练 CSV 文件: D:\my-vue-project\wind-power-forecast\backend\auto_scripts\dataset\dataset_short\20250423.csv，等待 30 秒后重试...
2025-04-23 14:14:07,385 - 检查模型目录: D:\my-vue-project\wind-power-forecast\backend\auto_scripts\models\shortmodel\20250423
2025-04-23 14:14:07,386 - 未找到best_models目录，检查传统模型文件
2025-04-23 14:14:07,387 - 未找到任何可用模型文件
2025-04-23 14:14:07,388 - ⏳ 未有可用模型，等待模型训练完成...
2025-04-23 14:14:37,063 - ❌ 未找到训练 CSV 文件: D:\my-vue-project\wind-power-forecast\backend\auto_scripts\dataset\dataset_short\20250423.csv，等待 30 秒后重试...
2025-04-23 14:14:37,404 - 检查模型目录: D:\my-vue-project\wind-power-forecast\backend\auto_scripts\models\shortmodel\20250423
2025-04-23 14:14:37,405 - 未找到best_models目录，检查传统模型文件
2025-04-23 14:14:37,406 - 未找到任何可用模型文件
2025-04-23 14:14:37,407 - ⏳ 未有可用模型，等待模型训练完成...
2025-04-23 14:15:07,079 - ❌ 未找到训练 CSV 文件: D:\my-vue-project\wind-power-forecast\backend\auto_scripts\dataset\dataset_short\20250423.csv，等待 30 秒后重试...
2025-04-23 14:15:07,421 - 检查模型目录: D:\my-vue-project\wind-power-forecast\backend\auto_scripts\models\shortmodel\20250423
2025-04-23 14:15:07,422 - 未找到best_models目录，检查传统模型文件
2025-04-23 14:15:07,423 - 未找到任何可用模型文件
2025-04-23 14:15:07,423 - ⏳ 未有可用模型，等待模型训练完成...
2025-04-23 14:15:37,085 - ❌ 未找到训练 CSV 文件: D:\my-vue-project\wind-power-forecast\backend\auto_scripts\dataset\dataset_short\20250423.csv，等待 30 秒后重试...
2025-04-23 14:15:37,439 - 检查模型目录: D:\my-vue-project\wind-power-forecast\backend\auto_scripts\models\shortmodel\20250423
2025-04-23 14:15:37,439 - 未找到best_models目录，检查传统模型文件
2025-04-23 14:15:37,439 - 未找到任何可用模型文件
2025-04-23 14:15:37,439 - ⏳ 未有可用模型，等待模型训练完成...
2025-04-23 14:16:07,093 - ❌ 未找到训练 CSV 文件: D:\my-vue-project\wind-power-forecast\backend\auto_scripts\dataset\dataset_short\20250423.csv，等待 30 秒后重试...
2025-04-23 14:16:07,450 - 检查模型目录: D:\my-vue-project\wind-power-forecast\backend\auto_scripts\models\shortmodel\20250423
2025-04-23 14:16:07,451 - 未找到best_models目录，检查传统模型文件
2025-04-23 14:16:07,451 - 未找到任何可用模型文件
2025-04-23 14:16:07,451 - ⏳ 未有可用模型，等待模型训练完成...
2025-04-23 14:16:37,105 - ❌ 未找到训练 CSV 文件: D:\my-vue-project\wind-power-forecast\backend\auto_scripts\dataset\dataset_short\20250423.csv，等待 30 秒后重试...
2025-04-23 14:16:37,464 - 检查模型目录: D:\my-vue-project\wind-power-forecast\backend\auto_scripts\models\shortmodel\20250423
2025-04-23 14:16:37,464 - 未找到best_models目录，检查传统模型文件
2025-04-23 14:16:37,464 - 未找到任何可用模型文件
2025-04-23 14:16:37,464 - ⏳ 未有可用模型，等待模型训练完成...
2025-04-23 14:17:07,122 - ❌ 未找到训练 CSV 文件: D:\my-vue-project\wind-power-forecast\backend\auto_scripts\dataset\dataset_short\20250423.csv，等待 30 秒后重试...
2025-04-23 14:17:07,468 - 检查模型目录: D:\my-vue-project\wind-power-forecast\backend\auto_scripts\models\shortmodel\20250423
2025-04-23 14:17:07,470 - 未找到best_models目录，检查传统模型文件
2025-04-23 14:17:07,471 - 未找到任何可用模型文件
2025-04-23 14:17:07,471 - ⏳ 未有可用模型，等待模型训练完成...
2025-04-23 14:17:37,130 - ❌ 未找到训练 CSV 文件: D:\my-vue-project\wind-power-forecast\backend\auto_scripts\dataset\dataset_short\20250423.csv，等待 30 秒后重试...
2025-04-23 14:17:37,487 - 检查模型目录: D:\my-vue-project\wind-power-forecast\backend\auto_scripts\models\shortmodel\20250423
2025-04-23 14:17:37,488 - 未找到best_models目录，检查传统模型文件
2025-04-23 14:17:37,489 - 未找到任何可用模型文件
2025-04-23 14:17:37,490 - ⏳ 未有可用模型，等待模型训练完成...
2025-04-23 14:18:07,148 - ❌ 未找到训练 CSV 文件: D:\my-vue-project\wind-power-forecast\backend\auto_scripts\dataset\dataset_short\20250423.csv，等待 30 秒后重试...
2025-04-23 14:18:07,503 - 检查模型目录: D:\my-vue-project\wind-power-forecast\backend\auto_scripts\models\shortmodel\20250423
2025-04-23 14:18:07,503 - 未找到best_models目录，检查传统模型文件
2025-04-23 14:18:07,504 - 未找到任何可用模型文件
2025-04-23 14:18:07,504 - ⏳ 未有可用模型，等待模型训练完成...
2025-04-23 14:18:37,162 - ❌ 未找到训练 CSV 文件: D:\my-vue-project\wind-power-forecast\backend\auto_scripts\dataset\dataset_short\20250423.csv，等待 30 秒后重试...
2025-04-23 14:18:37,519 - 检查模型目录: D:\my-vue-project\wind-power-forecast\backend\auto_scripts\models\shortmodel\20250423
2025-04-23 14:18:37,519 - 未找到best_models目录，检查传统模型文件
2025-04-23 14:18:37,520 - 未找到任何可用模型文件
2025-04-23 14:18:37,520 - ⏳ 未有可用模型，等待模型训练完成...
2025-04-23 14:19:07,171 - ❌ 未找到训练 CSV 文件: D:\my-vue-project\wind-power-forecast\backend\auto_scripts\dataset\dataset_short\20250423.csv，等待 30 秒后重试...
2025-04-23 14:19:07,531 - 检查模型目录: D:\my-vue-project\wind-power-forecast\backend\auto_scripts\models\shortmodel\20250423
2025-04-23 14:19:07,532 - 未找到best_models目录，检查传统模型文件
2025-04-23 14:19:07,532 - 未找到任何可用模型文件
2025-04-23 14:19:07,532 - ⏳ 未有可用模型，等待模型训练完成...
2025-04-23 14:19:37,183 - ❌ 未找到训练 CSV 文件: D:\my-vue-project\wind-power-forecast\backend\auto_scripts\dataset\dataset_short\20250423.csv，等待 30 秒后重试...
2025-04-23 14:19:37,539 - 检查模型目录: D:\my-vue-project\wind-power-forecast\backend\auto_scripts\models\shortmodel\20250423
2025-04-23 14:19:37,539 - 未找到best_models目录，检查传统模型文件
2025-04-23 14:19:37,539 - 未找到任何可用模型文件
2025-04-23 14:19:37,539 - ⏳ 未有可用模型，等待模型训练完成...
2025-04-23 14:20:07,198 - ❌ 未找到训练 CSV 文件: D:\my-vue-project\wind-power-forecast\backend\auto_scripts\dataset\dataset_short\20250423.csv，等待 30 秒后重试...
2025-04-23 14:20:07,555 - 检查模型目录: D:\my-vue-project\wind-power-forecast\backend\auto_scripts\models\shortmodel\20250423
2025-04-23 14:20:07,555 - 未找到best_models目录，检查传统模型文件
2025-04-23 14:20:07,556 - 未找到任何可用模型文件
2025-04-23 14:20:07,556 - ⏳ 未有可用模型，等待模型训练完成...
2025-04-23 14:20:37,213 - ❌ 未找到训练 CSV 文件: D:\my-vue-project\wind-power-forecast\backend\auto_scripts\dataset\dataset_short\20250423.csv，等待 30 秒后重试...
2025-04-23 14:20:37,571 - 检查模型目录: D:\my-vue-project\wind-power-forecast\backend\auto_scripts\models\shortmodel\20250423
2025-04-23 14:20:37,572 - 未找到best_models目录，检查传统模型文件
2025-04-23 14:20:37,573 - 未找到任何可用模型文件
2025-04-23 14:20:37,574 - ⏳ 未有可用模型，等待模型训练完成...
2025-04-23 14:21:07,221 - ❌ 未找到训练 CSV 文件: D:\my-vue-project\wind-power-forecast\backend\auto_scripts\dataset\dataset_short\20250423.csv，等待 30 秒后重试...
2025-04-23 14:21:07,581 - 检查模型目录: D:\my-vue-project\wind-power-forecast\backend\auto_scripts\models\shortmodel\20250423
2025-04-23 14:21:07,582 - 未找到best_models目录，检查传统模型文件
2025-04-23 14:21:07,583 - 未找到任何可用模型文件
2025-04-23 14:21:07,584 - ⏳ 未有可用模型，等待模型训练完成...
2025-04-23 14:21:37,228 - ❌ 未找到训练 CSV 文件: D:\my-vue-project\wind-power-forecast\backend\auto_scripts\dataset\dataset_short\20250423.csv，等待 30 秒后重试...
2025-04-23 14:21:37,590 - 检查模型目录: D:\my-vue-project\wind-power-forecast\backend\auto_scripts\models\shortmodel\20250423
2025-04-23 14:21:37,591 - 未找到best_models目录，检查传统模型文件
2025-04-23 14:21:37,592 - 未找到任何可用模型文件
2025-04-23 14:21:37,593 - ⏳ 未有可用模型，等待模型训练完成...
2025-04-23 14:22:07,240 - ❌ 未找到训练 CSV 文件: D:\my-vue-project\wind-power-forecast\backend\auto_scripts\dataset\dataset_short\20250423.csv，等待 30 秒后重试...
2025-04-23 14:22:07,598 - 检查模型目录: D:\my-vue-project\wind-power-forecast\backend\auto_scripts\models\shortmodel\20250423
2025-04-23 14:22:07,599 - 未找到best_models目录，检查传统模型文件
2025-04-23 14:22:07,600 - 未找到任何可用模型文件
2025-04-23 14:22:07,601 - ⏳ 未有可用模型，等待模型训练完成...
2025-04-23 14:22:37,249 - ❌ 未找到训练 CSV 文件: D:\my-vue-project\wind-power-forecast\backend\auto_scripts\dataset\dataset_short\20250423.csv，等待 30 秒后重试...
2025-04-23 14:22:37,607 - 检查模型目录: D:\my-vue-project\wind-power-forecast\backend\auto_scripts\models\shortmodel\20250423
2025-04-23 14:22:37,607 - 未找到best_models目录，检查传统模型文件
2025-04-23 14:22:37,607 - 未找到任何可用模型文件
2025-04-23 14:22:37,607 - ⏳ 未有可用模型，等待模型训练完成...
2025-04-23 14:23:07,262 - ❌ 未找到训练 CSV 文件: D:\my-vue-project\wind-power-forecast\backend\auto_scripts\dataset\dataset_short\20250423.csv，等待 30 秒后重试...
2025-04-23 14:23:07,621 - 检查模型目录: D:\my-vue-project\wind-power-forecast\backend\auto_scripts\models\shortmodel\20250423
2025-04-23 14:23:07,622 - 未找到best_models目录，检查传统模型文件
2025-04-23 14:23:07,623 - 未找到任何可用模型文件
2025-04-23 14:23:07,624 - ⏳ 未有可用模型，等待模型训练完成...
2025-04-23 14:23:37,266 - ❌ 未找到训练 CSV 文件: D:\my-vue-project\wind-power-forecast\backend\auto_scripts\dataset\dataset_short\20250423.csv，等待 30 秒后重试...
2025-04-23 14:23:37,640 - 检查模型目录: D:\my-vue-project\wind-power-forecast\backend\auto_scripts\models\shortmodel\20250423
2025-04-23 14:23:37,641 - 未找到best_models目录，检查传统模型文件
2025-04-23 14:23:37,642 - 未找到任何可用模型文件
2025-04-23 14:23:37,643 - ⏳ 未有可用模型，等待模型训练完成...
2025-04-23 14:24:07,279 - ❌ 未找到训练 CSV 文件: D:\my-vue-project\wind-power-forecast\backend\auto_scripts\dataset\dataset_short\20250423.csv，等待 30 秒后重试...
2025-04-23 14:24:07,649 - 检查模型目录: D:\my-vue-project\wind-power-forecast\backend\auto_scripts\models\shortmodel\20250423
2025-04-23 14:24:07,650 - 未找到best_models目录，检查传统模型文件
2025-04-23 14:24:07,650 - 未找到任何可用模型文件
2025-04-23 14:24:07,651 - ⏳ 未有可用模型，等待模型训练完成...
2025-04-23 14:24:37,287 - ❌ 未找到训练 CSV 文件: D:\my-vue-project\wind-power-forecast\backend\auto_scripts\dataset\dataset_short\20250423.csv，等待 30 秒后重试...
2025-04-23 14:24:37,661 - 检查模型目录: D:\my-vue-project\wind-power-forecast\backend\auto_scripts\models\shortmodel\20250423
2025-04-23 14:24:37,661 - 未找到best_models目录，检查传统模型文件
2025-04-23 14:24:37,662 - 未找到任何可用模型文件
2025-04-23 14:24:37,662 - ⏳ 未有可用模型，等待模型训练完成...
2025-04-23 14:25:07,292 - ❌ 未找到训练 CSV 文件: D:\my-vue-project\wind-power-forecast\backend\auto_scripts\dataset\dataset_short\20250423.csv，等待 30 秒后重试...
2025-04-23 14:25:07,664 - 检查模型目录: D:\my-vue-project\wind-power-forecast\backend\auto_scripts\models\shortmodel\20250423
2025-04-23 14:25:07,664 - 未找到best_models目录，检查传统模型文件
2025-04-23 14:25:07,665 - 未找到任何可用模型文件
2025-04-23 14:25:07,665 - ⏳ 未有可用模型，等待模型训练完成...
2025-04-23 14:25:37,299 - ❌ 未找到训练 CSV 文件: D:\my-vue-project\wind-power-forecast\backend\auto_scripts\dataset\dataset_short\20250423.csv，等待 30 秒后重试...
2025-04-23 14:25:37,673 - 检查模型目录: D:\my-vue-project\wind-power-forecast\backend\auto_scripts\models\shortmodel\20250423
2025-04-23 14:25:37,673 - 未找到best_models目录，检查传统模型文件
2025-04-23 14:25:37,673 - 未找到任何可用模型文件
2025-04-23 14:25:37,673 - ⏳ 未有可用模型，等待模型训练完成...
2025-04-23 14:26:07,315 - ❌ 未找到训练 CSV 文件: D:\my-vue-project\wind-power-forecast\backend\auto_scripts\dataset\dataset_short\20250423.csv，等待 30 秒后重试...
2025-04-23 14:26:07,688 - 检查模型目录: D:\my-vue-project\wind-power-forecast\backend\auto_scripts\models\shortmodel\20250423
2025-04-23 14:26:07,689 - 未找到best_models目录，检查传统模型文件
2025-04-23 14:26:07,690 - 未找到任何可用模型文件
2025-04-23 14:26:07,690 - ⏳ 未有可用模型，等待模型训练完成...
2025-04-23 14:26:37,322 - ❌ 未找到训练 CSV 文件: D:\my-vue-project\wind-power-forecast\backend\auto_scripts\dataset\dataset_short\20250423.csv，等待 30 秒后重试...
2025-04-23 14:26:37,698 - 检查模型目录: D:\my-vue-project\wind-power-forecast\backend\auto_scripts\models\shortmodel\20250423
2025-04-23 14:26:37,698 - 未找到best_models目录，检查传统模型文件
2025-04-23 14:26:37,698 - 未找到任何可用模型文件
2025-04-23 14:26:37,698 - ⏳ 未有可用模型，等待模型训练完成...
2025-04-23 14:27:07,336 - ❌ 未找到训练 CSV 文件: D:\my-vue-project\wind-power-forecast\backend\auto_scripts\dataset\dataset_short\20250423.csv，等待 30 秒后重试...
2025-04-23 14:27:07,712 - 检查模型目录: D:\my-vue-project\wind-power-forecast\backend\auto_scripts\models\shortmodel\20250423
2025-04-23 14:27:07,713 - 未找到best_models目录，检查传统模型文件
2025-04-23 14:27:07,714 - 未找到任何可用模型文件
2025-04-23 14:27:07,715 - ⏳ 未有可用模型，等待模型训练完成...
2025-04-23 14:27:37,348 - ❌ 未找到训练 CSV 文件: D:\my-vue-project\wind-power-forecast\backend\auto_scripts\dataset\dataset_short\20250423.csv，等待 30 秒后重试...
2025-04-23 14:27:37,724 - 检查模型目录: D:\my-vue-project\wind-power-forecast\backend\auto_scripts\models\shortmodel\20250423
2025-04-23 14:27:37,725 - 未找到best_models目录，检查传统模型文件
2025-04-23 14:27:37,726 - 未找到任何可用模型文件
2025-04-23 14:27:37,727 - ⏳ 未有可用模型，等待模型训练完成...
2025-04-23 14:28:07,359 - ❌ 未找到训练 CSV 文件: D:\my-vue-project\wind-power-forecast\backend\auto_scripts\dataset\dataset_short\20250423.csv，等待 30 秒后重试...
2025-04-23 14:28:07,732 - 检查模型目录: D:\my-vue-project\wind-power-forecast\backend\auto_scripts\models\shortmodel\20250423
2025-04-23 14:28:07,733 - 未找到best_models目录，检查传统模型文件
2025-04-23 14:28:07,735 - 未找到任何可用模型文件
2025-04-23 14:28:07,735 - ⏳ 未有可用模型，等待模型训练完成...
2025-04-23 14:28:37,366 - ❌ 未找到训练 CSV 文件: D:\my-vue-project\wind-power-forecast\backend\auto_scripts\dataset\dataset_short\20250423.csv，等待 30 秒后重试...
2025-04-23 14:28:37,740 - 检查模型目录: D:\my-vue-project\wind-power-forecast\backend\auto_scripts\models\shortmodel\20250423
2025-04-23 14:28:37,741 - 未找到best_models目录，检查传统模型文件
2025-04-23 14:28:37,742 - 未找到任何可用模型文件
2025-04-23 14:28:37,742 - ⏳ 未有可用模型，等待模型训练完成...
2025-04-23 14:29:07,373 - ❌ 未找到训练 CSV 文件: D:\my-vue-project\wind-power-forecast\backend\auto_scripts\dataset\dataset_short\20250423.csv，等待 30 秒后重试...
2025-04-23 14:29:07,743 - 检查模型目录: D:\my-vue-project\wind-power-forecast\backend\auto_scripts\models\shortmodel\20250423
2025-04-23 14:29:07,743 - 未找到best_models目录，检查传统模型文件
2025-04-23 14:29:07,743 - 未找到任何可用模型文件
2025-04-23 14:29:07,743 - ⏳ 未有可用模型，等待模型训练完成...
2025-04-23 14:29:37,374 - ❌ 未找到训练 CSV 文件: D:\my-vue-project\wind-power-forecast\backend\auto_scripts\dataset\dataset_short\20250423.csv，等待 30 秒后重试...
2025-04-23 14:29:37,744 - 检查模型目录: D:\my-vue-project\wind-power-forecast\backend\auto_scripts\models\shortmodel\20250423
2025-04-23 14:29:37,744 - 未找到best_models目录，检查传统模型文件
2025-04-23 14:29:37,745 - 未找到任何可用模型文件
2025-04-23 14:29:37,745 - ⏳ 未有可用模型，等待模型训练完成...
2025-04-23 14:30:07,385 - ❌ 未找到训练 CSV 文件: D:\my-vue-project\wind-power-forecast\backend\auto_scripts\dataset\dataset_short\20250423.csv，等待 30 秒后重试...
2025-04-23 14:30:07,759 - 检查模型目录: D:\my-vue-project\wind-power-forecast\backend\auto_scripts\models\shortmodel\20250423
2025-04-23 14:30:07,759 - 未找到best_models目录，检查传统模型文件
2025-04-23 14:30:07,760 - 未找到任何可用模型文件
2025-04-23 14:30:07,760 - ⏳ 未有可用模型，等待模型训练完成...
2025-04-23 14:30:37,387 - ❌ 未找到训练 CSV 文件: D:\my-vue-project\wind-power-forecast\backend\auto_scripts\dataset\dataset_short\20250423.csv，等待 30 秒后重试...
2025-04-23 14:30:37,762 - 检查模型目录: D:\my-vue-project\wind-power-forecast\backend\auto_scripts\models\shortmodel\20250423
2025-04-23 14:30:37,763 - 未找到best_models目录，检查传统模型文件
2025-04-23 14:30:37,764 - 未找到任何可用模型文件
2025-04-23 14:30:37,764 - ⏳ 未有可用模型，等待模型训练完成...
2025-04-23 14:31:07,394 - ❌ 未找到训练 CSV 文件: D:\my-vue-project\wind-power-forecast\backend\auto_scripts\dataset\dataset_short\20250423.csv，等待 30 秒后重试...
2025-04-23 14:31:07,769 - 检查模型目录: D:\my-vue-project\wind-power-forecast\backend\auto_scripts\models\shortmodel\20250423
2025-04-23 14:31:07,769 - 未找到best_models目录，检查传统模型文件
2025-04-23 14:31:07,769 - 未找到任何可用模型文件
2025-04-23 14:31:07,770 - ⏳ 未有可用模型，等待模型训练完成...
2025-04-23 14:31:37,401 - ❌ 未找到训练 CSV 文件: D:\my-vue-project\wind-power-forecast\backend\auto_scripts\dataset\dataset_short\20250423.csv，等待 30 秒后重试...
2025-04-23 14:31:37,776 - 检查模型目录: D:\my-vue-project\wind-power-forecast\backend\auto_scripts\models\shortmodel\20250423
2025-04-23 14:31:37,777 - 未找到best_models目录，检查传统模型文件
2025-04-23 14:31:37,778 - 未找到任何可用模型文件
2025-04-23 14:31:37,779 - ⏳ 未有可用模型，等待模型训练完成...
2025-04-23 14:32:07,407 - ❌ 未找到训练 CSV 文件: D:\my-vue-project\wind-power-forecast\backend\auto_scripts\dataset\dataset_short\20250423.csv，等待 30 秒后重试...
2025-04-23 14:32:07,783 - 检查模型目录: D:\my-vue-project\wind-power-forecast\backend\auto_scripts\models\shortmodel\20250423
2025-04-23 14:32:07,784 - 未找到best_models目录，检查传统模型文件
2025-04-23 14:32:07,785 - 未找到任何可用模型文件
2025-04-23 14:32:07,786 - ⏳ 未有可用模型，等待模型训练完成...
2025-04-23 14:32:37,419 - ❌ 未找到训练 CSV 文件: D:\my-vue-project\wind-power-forecast\backend\auto_scripts\dataset\dataset_short\20250423.csv，等待 30 秒后重试...
2025-04-23 14:32:37,795 - 检查模型目录: D:\my-vue-project\wind-power-forecast\backend\auto_scripts\models\shortmodel\20250423
2025-04-23 14:32:37,796 - 未找到best_models目录，检查传统模型文件
2025-04-23 14:32:37,797 - 未找到任何可用模型文件
2025-04-23 14:32:37,798 - ⏳ 未有可用模型，等待模型训练完成...
2025-04-23 14:33:07,425 - ❌ 未找到训练 CSV 文件: D:\my-vue-project\wind-power-forecast\backend\auto_scripts\dataset\dataset_short\20250423.csv，等待 30 秒后重试...
2025-04-23 14:33:07,801 - 检查模型目录: D:\my-vue-project\wind-power-forecast\backend\auto_scripts\models\shortmodel\20250423
2025-04-23 14:33:07,801 - 未找到best_models目录，检查传统模型文件
2025-04-23 14:33:07,802 - 未找到任何可用模型文件
2025-04-23 14:33:07,802 - ⏳ 未有可用模型，等待模型训练完成...
2025-04-23 14:33:37,440 - ❌ 未找到训练 CSV 文件: D:\my-vue-project\wind-power-forecast\backend\auto_scripts\dataset\dataset_short\20250423.csv，等待 30 秒后重试...
2025-04-23 14:33:37,811 - 检查模型目录: D:\my-vue-project\wind-power-forecast\backend\auto_scripts\models\shortmodel\20250423
2025-04-23 14:33:37,811 - 未找到best_models目录，检查传统模型文件
2025-04-23 14:33:37,811 - 未找到任何可用模型文件
2025-04-23 14:33:37,812 - ⏳ 未有可用模型，等待模型训练完成...
2025-04-23 14:34:07,455 - ❌ 未找到训练 CSV 文件: D:\my-vue-project\wind-power-forecast\backend\auto_scripts\dataset\dataset_short\20250423.csv，等待 30 秒后重试...
2025-04-23 14:34:07,827 - 检查模型目录: D:\my-vue-project\wind-power-forecast\backend\auto_scripts\models\shortmodel\20250423
2025-04-23 14:34:07,828 - 未找到best_models目录，检查传统模型文件
2025-04-23 14:34:07,829 - 未找到任何可用模型文件
2025-04-23 14:34:07,829 - ⏳ 未有可用模型，等待模型训练完成...
2025-04-23 14:34:37,463 - ❌ 未找到训练 CSV 文件: D:\my-vue-project\wind-power-forecast\backend\auto_scripts\dataset\dataset_short\20250423.csv，等待 30 秒后重试...
2025-04-23 14:34:37,837 - 检查模型目录: D:\my-vue-project\wind-power-forecast\backend\auto_scripts\models\shortmodel\20250423
2025-04-23 14:34:37,837 - 未找到best_models目录，检查传统模型文件
2025-04-23 14:34:37,838 - 未找到任何可用模型文件
2025-04-23 14:34:37,838 - ⏳ 未有可用模型，等待模型训练完成...
2025-04-23 14:35:07,470 - ❌ 未找到训练 CSV 文件: D:\my-vue-project\wind-power-forecast\backend\auto_scripts\dataset\dataset_short\20250423.csv，等待 30 秒后重试...
2025-04-23 14:35:07,843 - 检查模型目录: D:\my-vue-project\wind-power-forecast\backend\auto_scripts\models\shortmodel\20250423
2025-04-23 14:35:07,844 - 未找到best_models目录，检查传统模型文件
2025-04-23 14:35:07,844 - 未找到任何可用模型文件
2025-04-23 14:35:07,845 - ⏳ 未有可用模型，等待模型训练完成...
2025-04-23 14:35:37,476 - ❌ 未找到训练 CSV 文件: D:\my-vue-project\wind-power-forecast\backend\auto_scripts\dataset\dataset_short\20250423.csv，等待 30 秒后重试...
2025-04-23 14:35:37,847 - 检查模型目录: D:\my-vue-project\wind-power-forecast\backend\auto_scripts\models\shortmodel\20250423
2025-04-23 14:35:37,847 - 未找到best_models目录，检查传统模型文件
2025-04-23 14:35:37,847 - 未找到任何可用模型文件
2025-04-23 14:35:37,847 - ⏳ 未有可用模型，等待模型训练完成...
2025-04-23 14:36:07,481 - ❌ 未找到训练 CSV 文件: D:\my-vue-project\wind-power-forecast\backend\auto_scripts\dataset\dataset_short\20250423.csv，等待 30 秒后重试...
2025-04-23 14:36:07,852 - 检查模型目录: D:\my-vue-project\wind-power-forecast\backend\auto_scripts\models\shortmodel\20250423
2025-04-23 14:36:07,852 - 未找到best_models目录，检查传统模型文件
2025-04-23 14:36:07,853 - 未找到任何可用模型文件
2025-04-23 14:36:07,853 - ⏳ 未有可用模型，等待模型训练完成...
2025-04-23 14:36:37,489 - ❌ 未找到训练 CSV 文件: D:\my-vue-project\wind-power-forecast\backend\auto_scripts\dataset\dataset_short\20250423.csv，等待 30 秒后重试...
2025-04-23 14:36:37,860 - 检查模型目录: D:\my-vue-project\wind-power-forecast\backend\auto_scripts\models\shortmodel\20250423
2025-04-23 14:36:37,862 - 未找到best_models目录，检查传统模型文件
2025-04-23 14:36:37,863 - 未找到任何可用模型文件
2025-04-23 14:36:37,863 - ⏳ 未有可用模型，等待模型训练完成...
2025-04-23 14:37:07,491 - ❌ 未找到训练 CSV 文件: D:\my-vue-project\wind-power-forecast\backend\auto_scripts\dataset\dataset_short\20250423.csv，等待 30 秒后重试...
2025-04-23 14:37:07,867 - 检查模型目录: D:\my-vue-project\wind-power-forecast\backend\auto_scripts\models\shortmodel\20250423
2025-04-23 14:37:07,868 - 未找到best_models目录，检查传统模型文件
2025-04-23 14:37:07,868 - 未找到任何可用模型文件
2025-04-23 14:37:07,868 - ⏳ 未有可用模型，等待模型训练完成...
2025-04-23 14:37:37,506 - ❌ 未找到训练 CSV 文件: D:\my-vue-project\wind-power-forecast\backend\auto_scripts\dataset\dataset_short\20250423.csv，等待 30 秒后重试...
2025-04-23 14:37:37,877 - 检查模型目录: D:\my-vue-project\wind-power-forecast\backend\auto_scripts\models\shortmodel\20250423
2025-04-23 14:37:37,878 - 未找到best_models目录，检查传统模型文件
2025-04-23 14:37:37,878 - 未找到任何可用模型文件
2025-04-23 14:37:37,879 - ⏳ 未有可用模型，等待模型训练完成...
2025-04-23 14:38:07,509 - ❌ 未找到训练 CSV 文件: D:\my-vue-project\wind-power-forecast\backend\auto_scripts\dataset\dataset_short\20250423.csv，等待 30 秒后重试...
2025-04-23 14:38:07,883 - 检查模型目录: D:\my-vue-project\wind-power-forecast\backend\auto_scripts\models\shortmodel\20250423
2025-04-23 14:38:07,884 - 未找到best_models目录，检查传统模型文件
2025-04-23 14:38:07,885 - 未找到任何可用模型文件
2025-04-23 14:38:07,886 - ⏳ 未有可用模型，等待模型训练完成...
2025-04-23 14:38:37,512 - ❌ 未找到训练 CSV 文件: D:\my-vue-project\wind-power-forecast\backend\auto_scripts\dataset\dataset_short\20250423.csv，等待 30 秒后重试...
2025-04-23 14:38:37,887 - 检查模型目录: D:\my-vue-project\wind-power-forecast\backend\auto_scripts\models\shortmodel\20250423
2025-04-23 14:38:37,888 - 未找到best_models目录，检查传统模型文件
2025-04-23 14:38:37,889 - 未找到任何可用模型文件
2025-04-23 14:38:37,890 - ⏳ 未有可用模型，等待模型训练完成...
2025-04-23 14:39:07,528 - ❌ 未找到训练 CSV 文件: D:\my-vue-project\wind-power-forecast\backend\auto_scripts\dataset\dataset_short\20250423.csv，等待 30 秒后重试...
2025-04-23 14:39:07,901 - 检查模型目录: D:\my-vue-project\wind-power-forecast\backend\auto_scripts\models\shortmodel\20250423
2025-04-23 14:39:07,901 - 未找到best_models目录，检查传统模型文件
2025-04-23 14:39:07,901 - 未找到任何可用模型文件
2025-04-23 14:39:07,901 - ⏳ 未有可用模型，等待模型训练完成...
2025-04-23 14:39:37,534 - ❌ 未找到训练 CSV 文件: D:\my-vue-project\wind-power-forecast\backend\auto_scripts\dataset\dataset_short\20250423.csv，等待 30 秒后重试...
2025-04-23 14:39:37,909 - 检查模型目录: D:\my-vue-project\wind-power-forecast\backend\auto_scripts\models\shortmodel\20250423
2025-04-23 14:39:37,909 - 未找到best_models目录，检查传统模型文件
2025-04-23 14:39:37,909 - 未找到任何可用模型文件
2025-04-23 14:39:37,909 - ⏳ 未有可用模型，等待模型训练完成...
2025-04-23 14:40:07,538 - ❌ 未找到训练 CSV 文件: D:\my-vue-project\wind-power-forecast\backend\auto_scripts\dataset\dataset_short\20250423.csv，等待 30 秒后重试...
2025-04-23 14:40:07,914 - 检查模型目录: D:\my-vue-project\wind-power-forecast\backend\auto_scripts\models\shortmodel\20250423
2025-04-23 14:40:07,914 - 未找到best_models目录，检查传统模型文件
2025-04-23 14:40:07,915 - 未找到任何可用模型文件
2025-04-23 14:40:07,915 - ⏳ 未有可用模型，等待模型训练完成...
2025-04-23 14:40:37,541 - ❌ 未找到训练 CSV 文件: D:\my-vue-project\wind-power-forecast\backend\auto_scripts\dataset\dataset_short\20250423.csv，等待 30 秒后重试...
2025-04-23 14:40:37,931 - 检查模型目录: D:\my-vue-project\wind-power-forecast\backend\auto_scripts\models\shortmodel\20250423
2025-04-23 14:40:37,931 - 未找到best_models目录，检查传统模型文件
2025-04-23 14:40:37,931 - 未找到任何可用模型文件
2025-04-23 14:40:37,931 - ⏳ 未有可用模型，等待模型训练完成...
2025-04-23 14:41:07,550 - ❌ 未找到训练 CSV 文件: D:\my-vue-project\wind-power-forecast\backend\auto_scripts\dataset\dataset_short\20250423.csv，等待 30 秒后重试...
2025-04-23 14:41:07,937 - 检查模型目录: D:\my-vue-project\wind-power-forecast\backend\auto_scripts\models\shortmodel\20250423
2025-04-23 14:41:07,937 - 未找到best_models目录，检查传统模型文件
2025-04-23 14:41:07,937 - 未找到任何可用模型文件
2025-04-23 14:41:07,937 - ⏳ 未有可用模型，等待模型训练完成...
2025-04-23 14:41:37,558 - ❌ 未找到训练 CSV 文件: D:\my-vue-project\wind-power-forecast\backend\auto_scripts\dataset\dataset_short\20250423.csv，等待 30 秒后重试...
2025-04-23 14:41:37,948 - 检查模型目录: D:\my-vue-project\wind-power-forecast\backend\auto_scripts\models\shortmodel\20250423
2025-04-23 14:41:37,948 - 未找到best_models目录，检查传统模型文件
2025-04-23 14:41:37,948 - 未找到任何可用模型文件
2025-04-23 14:41:37,948 - ⏳ 未有可用模型，等待模型训练完成...
2025-04-23 14:42:07,564 - ❌ 未找到训练 CSV 文件: D:\my-vue-project\wind-power-forecast\backend\auto_scripts\dataset\dataset_short\20250423.csv，等待 30 秒后重试...
2025-04-23 14:42:07,954 - 检查模型目录: D:\my-vue-project\wind-power-forecast\backend\auto_scripts\models\shortmodel\20250423
2025-04-23 14:42:07,954 - 未找到best_models目录，检查传统模型文件
2025-04-23 14:42:07,955 - 未找到任何可用模型文件
2025-04-23 14:42:07,955 - ⏳ 未有可用模型，等待模型训练完成...
2025-04-23 14:42:37,578 - ❌ 未找到训练 CSV 文件: D:\my-vue-project\wind-power-forecast\backend\auto_scripts\dataset\dataset_short\20250423.csv，等待 30 秒后重试...
2025-04-23 14:42:37,964 - 检查模型目录: D:\my-vue-project\wind-power-forecast\backend\auto_scripts\models\shortmodel\20250423
2025-04-23 14:42:37,964 - 未找到best_models目录，检查传统模型文件
2025-04-23 14:42:37,964 - 未找到任何可用模型文件
2025-04-23 14:42:37,965 - ⏳ 未有可用模型，等待模型训练完成...
2025-04-23 14:43:07,585 - ❌ 未找到训练 CSV 文件: D:\my-vue-project\wind-power-forecast\backend\auto_scripts\dataset\dataset_short\20250423.csv，等待 30 秒后重试...
2025-04-23 14:43:07,971 - 检查模型目录: D:\my-vue-project\wind-power-forecast\backend\auto_scripts\models\shortmodel\20250423
2025-04-23 14:43:07,971 - 未找到best_models目录，检查传统模型文件
2025-04-23 14:43:07,971 - 未找到任何可用模型文件
2025-04-23 14:43:07,971 - ⏳ 未有可用模型，等待模型训练完成...
2025-04-23 14:43:37,597 - ❌ 未找到训练 CSV 文件: D:\my-vue-project\wind-power-forecast\backend\auto_scripts\dataset\dataset_short\20250423.csv，等待 30 秒后重试...
2025-04-23 14:43:37,987 - 检查模型目录: D:\my-vue-project\wind-power-forecast\backend\auto_scripts\models\shortmodel\20250423
2025-04-23 14:43:37,987 - 未找到best_models目录，检查传统模型文件
2025-04-23 14:43:37,988 - 未找到任何可用模型文件
2025-04-23 14:43:37,988 - ⏳ 未有可用模型，等待模型训练完成...
2025-04-23 14:44:07,600 - ❌ 未找到训练 CSV 文件: D:\my-vue-project\wind-power-forecast\backend\auto_scripts\dataset\dataset_short\20250423.csv，等待 30 秒后重试...
2025-04-23 14:44:07,989 - 检查模型目录: D:\my-vue-project\wind-power-forecast\backend\auto_scripts\models\shortmodel\20250423
2025-04-23 14:44:07,990 - 未找到best_models目录，检查传统模型文件
2025-04-23 14:44:07,990 - 未找到任何可用模型文件
2025-04-23 14:44:07,990 - ⏳ 未有可用模型，等待模型训练完成...
2025-04-23 14:44:37,610 - ❌ 未找到训练 CSV 文件: D:\my-vue-project\wind-power-forecast\backend\auto_scripts\dataset\dataset_short\20250423.csv，等待 30 秒后重试...
2025-04-23 14:44:37,999 - 检查模型目录: D:\my-vue-project\wind-power-forecast\backend\auto_scripts\models\shortmodel\20250423
2025-04-23 14:44:38,001 - 未找到best_models目录，检查传统模型文件
2025-04-23 14:44:38,002 - 未找到任何可用模型文件
2025-04-23 14:44:38,003 - ⏳ 未有可用模型，等待模型训练完成...
2025-04-23 15:36:21,857 - 
================================================================================
2025-04-23 15:36:21,857 - >>> 自动训练预测系统启动 <<<
2025-04-23 15:36:21,857 - ================================================================================

2025-04-23 15:36:21,857 - 自动训练预测系统启动
2025-04-23 15:36:21,857 - 今天的日期是: 20250423
2025-04-23 15:36:21,857 - 创建监视线程...
2025-04-23 15:36:21,857 - 启动训练线程...
2025-04-23 15:36:21,858 - 
================================================================================
2025-04-23 15:36:21,858 - 启动预测线程...
2025-04-23 15:36:21,858 - >>> 启动训练监视线程 <<<
2025-04-23 15:36:21,859 - ================================================================================

2025-04-23 15:36:21,859 - 启动训练监视线程
2025-04-23 15:36:21,859 - 
================================================================================
2025-04-23 15:36:21,859 - >>> 启动预测监视线程 <<<
2025-04-23 15:36:21,859 - 等待线程完成...
2025-04-23 15:36:21,859 - ================================================================================

2025-04-23 15:36:21,859 - 启动预测监视线程
2025-04-23 15:36:21,859 - 训练文件路径: D:\my-vue-project\wind-power-forecast\backend\auto_scripts\dataset\dataset_short\20250423.csv
2025-04-23 15:36:21,859 - 模型存储目录: D:\my-vue-project\wind-power-forecast\backend\auto_scripts\models\shortmodel\20250423
2025-04-23 15:36:21,859 - 训练完成标志文件: D:\my-vue-project\wind-power-forecast\backend\auto_scripts\scripts\short\logs\auto_pre_train\20250423_train_done.flag
2025-04-23 15:36:21,859 - 开始监视 D:\my-vue-project\wind-power-forecast\backend\auto_scripts\dataset\dataset_short 文件夹以进行训练...
2025-04-23 15:36:21,859 - 预测数据文件路径: D:\my-vue-project\wind-power-forecast\backend\auto_scripts\precsv\shortcsv\20250423.csv
2025-04-23 15:36:21,859 - 模型目录: D:\my-vue-project\wind-power-forecast\backend\auto_scripts\models\shortmodel\20250423
2025-04-23 15:36:21,860 - 预测完成标志文件: D:\my-vue-project\wind-power-forecast\backend\auto_scripts\scripts\short\logs\auto_pre_train\20250423_predict_done.flag
2025-04-23 15:36:21,860 - ❌ 未找到训练 CSV 文件: D:\my-vue-project\wind-power-forecast\backend\auto_scripts\dataset\dataset_short\20250423.csv，等待 30 秒后重试...
2025-04-23 15:36:21,860 - 开始监视 D:\my-vue-project\wind-power-forecast\backend\auto_scripts\precsv\shortcsv 文件夹以进行预测...
2025-04-23 15:36:21,860 - 检查模型目录: D:\my-vue-project\wind-power-forecast\backend\auto_scripts\models\shortmodel\20250423
2025-04-23 15:36:21,860 - 未找到best_models目录，检查传统模型文件
2025-04-23 15:36:21,860 - 未找到任何可用模型文件
2025-04-23 15:36:21,860 - ⏳ 未有可用模型，等待模型训练完成...
2025-04-23 15:36:51,864 - 检查模型目录: D:\my-vue-project\wind-power-forecast\backend\auto_scripts\models\shortmodel\20250423
2025-04-23 15:36:51,864 - ❌ 未找到训练 CSV 文件: D:\my-vue-project\wind-power-forecast\backend\auto_scripts\dataset\dataset_short\20250423.csv，等待 30 秒后重试...
2025-04-23 15:36:51,864 - 未找到best_models目录，检查传统模型文件
2025-04-23 15:36:51,864 - 未找到任何可用模型文件
2025-04-23 15:36:51,864 - ⏳ 未有可用模型，等待模型训练完成...
2025-04-23 15:37:21,873 - 检查模型目录: D:\my-vue-project\wind-power-forecast\backend\auto_scripts\models\shortmodel\20250423
2025-04-23 15:37:21,873 - ❌ 未找到训练 CSV 文件: D:\my-vue-project\wind-power-forecast\backend\auto_scripts\dataset\dataset_short\20250423.csv，等待 30 秒后重试...
2025-04-23 15:37:21,873 - 未找到best_models目录，检查传统模型文件
2025-04-23 15:37:21,873 - 未找到任何可用模型文件
2025-04-23 15:37:21,873 - ⏳ 未有可用模型，等待模型训练完成...
2025-04-23 15:37:51,879 - 检查模型目录: D:\my-vue-project\wind-power-forecast\backend\auto_scripts\models\shortmodel\20250423
2025-04-23 15:37:51,879 - ❌ 未找到训练 CSV 文件: D:\my-vue-project\wind-power-forecast\backend\auto_scripts\dataset\dataset_short\20250423.csv，等待 30 秒后重试...
2025-04-23 15:37:51,880 - 未找到best_models目录，检查传统模型文件
2025-04-23 15:37:51,880 - 未找到任何可用模型文件
2025-04-23 15:37:51,880 - ⏳ 未有可用模型，等待模型训练完成...
2025-04-23 15:38:21,881 - ❌ 未找到训练 CSV 文件: D:\my-vue-project\wind-power-forecast\backend\auto_scripts\dataset\dataset_short\20250423.csv，等待 30 秒后重试...
2025-04-23 15:38:21,896 - 检查模型目录: D:\my-vue-project\wind-power-forecast\backend\auto_scripts\models\shortmodel\20250423
2025-04-23 15:38:21,896 - 未找到best_models目录，检查传统模型文件
2025-04-23 15:38:21,897 - 未找到任何可用模型文件
2025-04-23 15:38:21,897 - ⏳ 未有可用模型，等待模型训练完成...
2025-04-23 15:38:51,893 - ❌ 未找到训练 CSV 文件: D:\my-vue-project\wind-power-forecast\backend\auto_scripts\dataset\dataset_short\20250423.csv，等待 30 秒后重试...
2025-04-23 15:38:51,909 - 检查模型目录: D:\my-vue-project\wind-power-forecast\backend\auto_scripts\models\shortmodel\20250423
2025-04-23 15:38:51,909 - 未找到best_models目录，检查传统模型文件
2025-04-23 15:38:51,909 - 未找到任何可用模型文件
2025-04-23 15:38:51,909 - ⏳ 未有可用模型，等待模型训练完成...
2025-04-23 15:39:21,900 - ❌ 未找到训练 CSV 文件: D:\my-vue-project\wind-power-forecast\backend\auto_scripts\dataset\dataset_short\20250423.csv，等待 30 秒后重试...
2025-04-23 15:39:21,915 - 检查模型目录: D:\my-vue-project\wind-power-forecast\backend\auto_scripts\models\shortmodel\20250423
2025-04-23 15:39:21,915 - 未找到best_models目录，检查传统模型文件
2025-04-23 15:39:21,915 - 未找到任何可用模型文件
2025-04-23 15:39:21,915 - ⏳ 未有可用模型，等待模型训练完成...
2025-04-23 15:39:51,903 - ❌ 未找到训练 CSV 文件: D:\my-vue-project\wind-power-forecast\backend\auto_scripts\dataset\dataset_short\20250423.csv，等待 30 秒后重试...
2025-04-23 15:39:51,918 - 检查模型目录: D:\my-vue-project\wind-power-forecast\backend\auto_scripts\models\shortmodel\20250423
2025-04-23 15:39:51,919 - 未找到best_models目录，检查传统模型文件
2025-04-23 15:39:51,920 - 未找到任何可用模型文件
2025-04-23 15:39:51,921 - ⏳ 未有可用模型，等待模型训练完成...
2025-04-23 15:40:21,905 - ❌ 未找到训练 CSV 文件: D:\my-vue-project\wind-power-forecast\backend\auto_scripts\dataset\dataset_short\20250423.csv，等待 30 秒后重试...
2025-04-23 15:40:21,936 - 检查模型目录: D:\my-vue-project\wind-power-forecast\backend\auto_scripts\models\shortmodel\20250423
2025-04-23 15:40:21,936 - 未找到best_models目录，检查传统模型文件
2025-04-23 15:40:21,936 - 未找到任何可用模型文件
2025-04-23 15:40:21,936 - ⏳ 未有可用模型，等待模型训练完成...
2025-04-23 15:40:51,915 - ❌ 未找到训练 CSV 文件: D:\my-vue-project\wind-power-forecast\backend\auto_scripts\dataset\dataset_short\20250423.csv，等待 30 秒后重试...
2025-04-23 15:40:51,946 - 检查模型目录: D:\my-vue-project\wind-power-forecast\backend\auto_scripts\models\shortmodel\20250423
2025-04-23 15:40:51,946 - 未找到best_models目录，检查传统模型文件
2025-04-23 15:40:51,946 - 未找到任何可用模型文件
2025-04-23 15:40:51,946 - ⏳ 未有可用模型，等待模型训练完成...
2025-04-23 15:41:21,918 - ❌ 未找到训练 CSV 文件: D:\my-vue-project\wind-power-forecast\backend\auto_scripts\dataset\dataset_short\20250423.csv，等待 30 秒后重试...
2025-04-23 15:41:21,949 - 检查模型目录: D:\my-vue-project\wind-power-forecast\backend\auto_scripts\models\shortmodel\20250423
2025-04-23 15:41:21,949 - 未找到best_models目录，检查传统模型文件
2025-04-23 15:41:21,949 - 未找到任何可用模型文件
2025-04-23 15:41:21,949 - ⏳ 未有可用模型，等待模型训练完成...
2025-04-23 15:41:51,921 - ❌ 未找到训练 CSV 文件: D:\my-vue-project\wind-power-forecast\backend\auto_scripts\dataset\dataset_short\20250423.csv，等待 30 秒后重试...
2025-04-23 15:41:51,951 - 检查模型目录: D:\my-vue-project\wind-power-forecast\backend\auto_scripts\models\shortmodel\20250423
2025-04-23 15:41:51,951 - 未找到best_models目录，检查传统模型文件
2025-04-23 15:41:51,951 - 未找到任何可用模型文件
2025-04-23 15:41:51,951 - ⏳ 未有可用模型，等待模型训练完成...
2025-04-23 15:42:21,934 - ❌ 未找到训练 CSV 文件: D:\my-vue-project\wind-power-forecast\backend\auto_scripts\dataset\dataset_short\20250423.csv，等待 30 秒后重试...
2025-04-23 15:42:21,967 - 检查模型目录: D:\my-vue-project\wind-power-forecast\backend\auto_scripts\models\shortmodel\20250423
2025-04-23 15:42:21,967 - 未找到best_models目录，检查传统模型文件
2025-04-23 15:42:21,967 - 未找到任何可用模型文件
2025-04-23 15:42:21,968 - ⏳ 未有可用模型，等待模型训练完成...
2025-04-23 15:42:51,952 - ❌ 未找到训练 CSV 文件: D:\my-vue-project\wind-power-forecast\backend\auto_scripts\dataset\dataset_short\20250423.csv，等待 30 秒后重试...
2025-04-23 15:42:51,981 - 检查模型目录: D:\my-vue-project\wind-power-forecast\backend\auto_scripts\models\shortmodel\20250423
2025-04-23 15:42:51,981 - 未找到best_models目录，检查传统模型文件
2025-04-23 15:42:51,982 - 未找到任何可用模型文件
2025-04-23 15:42:51,982 - ⏳ 未有可用模型，等待模型训练完成...
2025-04-23 15:43:21,962 - ❌ 未找到训练 CSV 文件: D:\my-vue-project\wind-power-forecast\backend\auto_scripts\dataset\dataset_short\20250423.csv，等待 30 秒后重试...
2025-04-23 15:43:21,992 - 检查模型目录: D:\my-vue-project\wind-power-forecast\backend\auto_scripts\models\shortmodel\20250423
2025-04-23 15:43:21,993 - 未找到best_models目录，检查传统模型文件
2025-04-23 15:43:21,993 - 未找到任何可用模型文件
2025-04-23 15:43:21,993 - ⏳ 未有可用模型，等待模型训练完成...
2025-04-23 15:43:51,975 - ❌ 未找到训练 CSV 文件: D:\my-vue-project\wind-power-forecast\backend\auto_scripts\dataset\dataset_short\20250423.csv，等待 30 秒后重试...
2025-04-23 15:43:52,005 - 检查模型目录: D:\my-vue-project\wind-power-forecast\backend\auto_scripts\models\shortmodel\20250423
2025-04-23 15:43:52,006 - 未找到best_models目录，检查传统模型文件
2025-04-23 15:43:52,006 - 未找到任何可用模型文件
2025-04-23 15:43:52,007 - ⏳ 未有可用模型，等待模型训练完成...
2025-04-23 15:44:21,990 - ❌ 未找到训练 CSV 文件: D:\my-vue-project\wind-power-forecast\backend\auto_scripts\dataset\dataset_short\20250423.csv，等待 30 秒后重试...
2025-04-23 15:44:22,022 - 检查模型目录: D:\my-vue-project\wind-power-forecast\backend\auto_scripts\models\shortmodel\20250423
2025-04-23 15:44:22,022 - 未找到best_models目录，检查传统模型文件
2025-04-23 15:44:22,022 - 未找到任何可用模型文件
2025-04-23 15:44:22,022 - ⏳ 未有可用模型，等待模型训练完成...
2025-04-23 15:44:51,993 - ❌ 未找到训练 CSV 文件: D:\my-vue-project\wind-power-forecast\backend\auto_scripts\dataset\dataset_short\20250423.csv，等待 30 秒后重试...
2025-04-23 15:44:52,025 - 检查模型目录: D:\my-vue-project\wind-power-forecast\backend\auto_scripts\models\shortmodel\20250423
2025-04-23 15:44:52,025 - 未找到best_models目录，检查传统模型文件
2025-04-23 15:44:52,025 - 未找到任何可用模型文件
2025-04-23 15:44:52,025 - ⏳ 未有可用模型，等待模型训练完成...
2025-04-23 15:45:21,997 - ❌ 未找到训练 CSV 文件: D:\my-vue-project\wind-power-forecast\backend\auto_scripts\dataset\dataset_short\20250423.csv，等待 30 秒后重试...
2025-04-23 15:45:22,026 - 检查模型目录: D:\my-vue-project\wind-power-forecast\backend\auto_scripts\models\shortmodel\20250423
2025-04-23 15:45:22,026 - 未找到best_models目录，检查传统模型文件
2025-04-23 15:45:22,026 - 未找到任何可用模型文件
2025-04-23 15:45:22,027 - ⏳ 未有可用模型，等待模型训练完成...
2025-04-23 15:45:52,001 - ❌ 未找到训练 CSV 文件: D:\my-vue-project\wind-power-forecast\backend\auto_scripts\dataset\dataset_short\20250423.csv，等待 30 秒后重试...
2025-04-23 15:45:52,032 - 检查模型目录: D:\my-vue-project\wind-power-forecast\backend\auto_scripts\models\shortmodel\20250423
2025-04-23 15:45:52,032 - 未找到best_models目录，检查传统模型文件
2025-04-23 15:45:52,032 - 未找到任何可用模型文件
2025-04-23 15:45:52,032 - ⏳ 未有可用模型，等待模型训练完成...
2025-04-23 15:46:22,005 - ❌ 未找到训练 CSV 文件: D:\my-vue-project\wind-power-forecast\backend\auto_scripts\dataset\dataset_short\20250423.csv，等待 30 秒后重试...
2025-04-23 15:46:22,036 - 检查模型目录: D:\my-vue-project\wind-power-forecast\backend\auto_scripts\models\shortmodel\20250423
2025-04-23 15:46:22,036 - 未找到best_models目录，检查传统模型文件
2025-04-23 15:46:22,036 - 未找到任何可用模型文件
2025-04-23 15:46:22,036 - ⏳ 未有可用模型，等待模型训练完成...
2025-04-23 15:46:52,009 - ❌ 未找到训练 CSV 文件: D:\my-vue-project\wind-power-forecast\backend\auto_scripts\dataset\dataset_short\20250423.csv，等待 30 秒后重试...
2025-04-23 15:46:52,040 - 检查模型目录: D:\my-vue-project\wind-power-forecast\backend\auto_scripts\models\shortmodel\20250423
2025-04-23 15:46:52,041 - 未找到best_models目录，检查传统模型文件
2025-04-23 15:46:52,043 - 未找到任何可用模型文件
2025-04-23 15:46:52,043 - ⏳ 未有可用模型，等待模型训练完成...
2025-04-23 15:47:22,017 - ❌ 未找到训练 CSV 文件: D:\my-vue-project\wind-power-forecast\backend\auto_scripts\dataset\dataset_short\20250423.csv，等待 30 秒后重试...
2025-04-23 15:47:22,047 - 检查模型目录: D:\my-vue-project\wind-power-forecast\backend\auto_scripts\models\shortmodel\20250423
2025-04-23 15:47:22,047 - 未找到best_models目录，检查传统模型文件
2025-04-23 15:47:22,047 - 未找到任何可用模型文件
2025-04-23 15:47:22,047 - ⏳ 未有可用模型，等待模型训练完成...
2025-04-23 15:47:52,024 - ❌ 未找到训练 CSV 文件: D:\my-vue-project\wind-power-forecast\backend\auto_scripts\dataset\dataset_short\20250423.csv，等待 30 秒后重试...
2025-04-23 15:47:52,055 - 检查模型目录: D:\my-vue-project\wind-power-forecast\backend\auto_scripts\models\shortmodel\20250423
2025-04-23 15:47:52,056 - 未找到best_models目录，检查传统模型文件
2025-04-23 15:47:52,057 - 未找到任何可用模型文件
2025-04-23 15:47:52,057 - ⏳ 未有可用模型，等待模型训练完成...
2025-04-23 15:48:22,040 - ❌ 未找到训练 CSV 文件: D:\my-vue-project\wind-power-forecast\backend\auto_scripts\dataset\dataset_short\20250423.csv，等待 30 秒后重试...
2025-04-23 15:48:22,071 - 检查模型目录: D:\my-vue-project\wind-power-forecast\backend\auto_scripts\models\shortmodel\20250423
2025-04-23 15:48:22,071 - 未找到best_models目录，检查传统模型文件
2025-04-23 15:48:22,071 - 未找到任何可用模型文件
2025-04-23 15:48:22,071 - ⏳ 未有可用模型，等待模型训练完成...
2025-04-23 15:48:52,047 - ❌ 未找到训练 CSV 文件: D:\my-vue-project\wind-power-forecast\backend\auto_scripts\dataset\dataset_short\20250423.csv，等待 30 秒后重试...
2025-04-23 15:48:52,079 - 检查模型目录: D:\my-vue-project\wind-power-forecast\backend\auto_scripts\models\shortmodel\20250423
2025-04-23 15:48:52,080 - 未找到best_models目录，检查传统模型文件
2025-04-23 15:48:52,080 - 未找到任何可用模型文件
2025-04-23 15:48:52,080 - ⏳ 未有可用模型，等待模型训练完成...
2025-04-23 15:49:22,057 - ❌ 未找到训练 CSV 文件: D:\my-vue-project\wind-power-forecast\backend\auto_scripts\dataset\dataset_short\20250423.csv，等待 30 秒后重试...
2025-04-23 15:49:22,089 - 检查模型目录: D:\my-vue-project\wind-power-forecast\backend\auto_scripts\models\shortmodel\20250423
2025-04-23 15:49:22,090 - 未找到best_models目录，检查传统模型文件
2025-04-23 15:49:22,091 - 未找到任何可用模型文件
2025-04-23 15:49:22,092 - ⏳ 未有可用模型，等待模型训练完成...
2025-04-23 15:49:52,072 - ❌ 未找到训练 CSV 文件: D:\my-vue-project\wind-power-forecast\backend\auto_scripts\dataset\dataset_short\20250423.csv，等待 30 秒后重试...
2025-04-23 15:49:52,103 - 检查模型目录: D:\my-vue-project\wind-power-forecast\backend\auto_scripts\models\shortmodel\20250423
2025-04-23 15:49:52,104 - 未找到best_models目录，检查传统模型文件
2025-04-23 15:49:52,105 - 未找到任何可用模型文件
2025-04-23 15:49:52,105 - ⏳ 未有可用模型，等待模型训练完成...
2025-04-23 15:50:22,087 - ❌ 未找到训练 CSV 文件: D:\my-vue-project\wind-power-forecast\backend\auto_scripts\dataset\dataset_short\20250423.csv，等待 30 秒后重试...
2025-04-23 15:50:22,118 - 检查模型目录: D:\my-vue-project\wind-power-forecast\backend\auto_scripts\models\shortmodel\20250423
2025-04-23 15:50:22,118 - 未找到best_models目录，检查传统模型文件
2025-04-23 15:50:22,118 - 未找到任何可用模型文件
2025-04-23 15:50:22,118 - ⏳ 未有可用模型，等待模型训练完成...
2025-04-23 15:50:52,101 - ❌ 未找到训练 CSV 文件: D:\my-vue-project\wind-power-forecast\backend\auto_scripts\dataset\dataset_short\20250423.csv，等待 30 秒后重试...
2025-04-23 15:50:52,131 - 检查模型目录: D:\my-vue-project\wind-power-forecast\backend\auto_scripts\models\shortmodel\20250423
2025-04-23 15:50:52,132 - 未找到best_models目录，检查传统模型文件
2025-04-23 15:50:52,133 - 未找到任何可用模型文件
2025-04-23 15:50:52,133 - ⏳ 未有可用模型，等待模型训练完成...
2025-04-23 15:51:22,106 - ❌ 未找到训练 CSV 文件: D:\my-vue-project\wind-power-forecast\backend\auto_scripts\dataset\dataset_short\20250423.csv，等待 30 秒后重试...
2025-04-23 15:51:22,138 - 检查模型目录: D:\my-vue-project\wind-power-forecast\backend\auto_scripts\models\shortmodel\20250423
2025-04-23 15:51:22,138 - 未找到best_models目录，检查传统模型文件
2025-04-23 15:51:22,138 - 未找到任何可用模型文件
2025-04-23 15:51:22,138 - ⏳ 未有可用模型，等待模型训练完成...
2025-04-23 15:51:52,118 - ❌ 未找到训练 CSV 文件: D:\my-vue-project\wind-power-forecast\backend\auto_scripts\dataset\dataset_short\20250423.csv，等待 30 秒后重试...
2025-04-23 15:51:52,148 - 检查模型目录: D:\my-vue-project\wind-power-forecast\backend\auto_scripts\models\shortmodel\20250423
2025-04-23 15:51:52,149 - 未找到best_models目录，检查传统模型文件
2025-04-23 15:51:52,150 - 未找到任何可用模型文件
2025-04-23 15:51:52,151 - ⏳ 未有可用模型，等待模型训练完成...
2025-04-23 15:52:22,129 - ❌ 未找到训练 CSV 文件: D:\my-vue-project\wind-power-forecast\backend\auto_scripts\dataset\dataset_short\20250423.csv，等待 30 秒后重试...
2025-04-23 15:52:22,160 - 检查模型目录: D:\my-vue-project\wind-power-forecast\backend\auto_scripts\models\shortmodel\20250423
2025-04-23 15:52:22,160 - 未找到best_models目录，检查传统模型文件
2025-04-23 15:52:22,161 - 未找到任何可用模型文件
2025-04-23 15:52:22,161 - ⏳ 未有可用模型，等待模型训练完成...
2025-04-23 15:52:52,140 - ❌ 未找到训练 CSV 文件: D:\my-vue-project\wind-power-forecast\backend\auto_scripts\dataset\dataset_short\20250423.csv，等待 30 秒后重试...
2025-04-23 15:52:52,172 - 检查模型目录: D:\my-vue-project\wind-power-forecast\backend\auto_scripts\models\shortmodel\20250423
2025-04-23 15:52:52,173 - 未找到best_models目录，检查传统模型文件
2025-04-23 15:52:52,173 - 未找到任何可用模型文件
2025-04-23 15:52:52,174 - ⏳ 未有可用模型，等待模型训练完成...
2025-04-23 15:53:22,147 - ❌ 未找到训练 CSV 文件: D:\my-vue-project\wind-power-forecast\backend\auto_scripts\dataset\dataset_short\20250423.csv，等待 30 秒后重试...
2025-04-23 15:53:22,178 - 检查模型目录: D:\my-vue-project\wind-power-forecast\backend\auto_scripts\models\shortmodel\20250423
2025-04-23 15:53:22,178 - 未找到best_models目录，检查传统模型文件
2025-04-23 15:53:22,179 - 未找到任何可用模型文件
2025-04-23 15:53:22,179 - ⏳ 未有可用模型，等待模型训练完成...
2025-04-23 15:53:52,162 - ❌ 未找到训练 CSV 文件: D:\my-vue-project\wind-power-forecast\backend\auto_scripts\dataset\dataset_short\20250423.csv，等待 30 秒后重试...
2025-04-23 15:53:52,193 - 检查模型目录: D:\my-vue-project\wind-power-forecast\backend\auto_scripts\models\shortmodel\20250423
2025-04-23 15:53:52,193 - 未找到best_models目录，检查传统模型文件
2025-04-23 15:53:52,193 - 未找到任何可用模型文件
2025-04-23 15:53:52,193 - ⏳ 未有可用模型，等待模型训练完成...
2025-04-23 15:54:22,173 - ❌ 未找到训练 CSV 文件: D:\my-vue-project\wind-power-forecast\backend\auto_scripts\dataset\dataset_short\20250423.csv，等待 30 秒后重试...
2025-04-23 15:54:22,204 - 检查模型目录: D:\my-vue-project\wind-power-forecast\backend\auto_scripts\models\shortmodel\20250423
2025-04-23 15:54:22,205 - 未找到best_models目录，检查传统模型文件
2025-04-23 15:54:22,206 - 未找到任何可用模型文件
2025-04-23 15:54:22,207 - ⏳ 未有可用模型，等待模型训练完成...
2025-04-23 15:54:52,189 - ❌ 未找到训练 CSV 文件: D:\my-vue-project\wind-power-forecast\backend\auto_scripts\dataset\dataset_short\20250423.csv，等待 30 秒后重试...
2025-04-23 15:54:52,220 - 检查模型目录: D:\my-vue-project\wind-power-forecast\backend\auto_scripts\models\shortmodel\20250423
2025-04-23 15:54:52,220 - 未找到best_models目录，检查传统模型文件
2025-04-23 15:54:52,220 - 未找到任何可用模型文件
2025-04-23 15:54:52,220 - ⏳ 未有可用模型，等待模型训练完成...
2025-04-23 15:55:22,192 - ❌ 未找到训练 CSV 文件: D:\my-vue-project\wind-power-forecast\backend\auto_scripts\dataset\dataset_short\20250423.csv，等待 30 秒后重试...
2025-04-23 15:55:22,223 - 检查模型目录: D:\my-vue-project\wind-power-forecast\backend\auto_scripts\models\shortmodel\20250423
2025-04-23 15:55:22,223 - 未找到best_models目录，检查传统模型文件
2025-04-23 15:55:22,224 - 未找到任何可用模型文件
2025-04-23 15:55:22,224 - ⏳ 未有可用模型，等待模型训练完成...
2025-04-23 15:55:52,196 - ❌ 未找到训练 CSV 文件: D:\my-vue-project\wind-power-forecast\backend\auto_scripts\dataset\dataset_short\20250423.csv，等待 30 秒后重试...
2025-04-23 15:55:52,226 - 检查模型目录: D:\my-vue-project\wind-power-forecast\backend\auto_scripts\models\shortmodel\20250423
2025-04-23 15:55:52,226 - 未找到best_models目录，检查传统模型文件
2025-04-23 15:55:52,226 - 未找到任何可用模型文件
2025-04-23 15:55:52,227 - ⏳ 未有可用模型，等待模型训练完成...
2025-04-23 15:56:22,204 - ❌ 未找到训练 CSV 文件: D:\my-vue-project\wind-power-forecast\backend\auto_scripts\dataset\dataset_short\20250423.csv，等待 30 秒后重试...
2025-04-23 15:56:22,235 - 检查模型目录: D:\my-vue-project\wind-power-forecast\backend\auto_scripts\models\shortmodel\20250423
2025-04-23 15:56:22,235 - 未找到best_models目录，检查传统模型文件
2025-04-23 15:56:22,235 - 未找到任何可用模型文件
2025-04-23 15:56:22,235 - ⏳ 未有可用模型，等待模型训练完成...
2025-04-23 15:56:52,219 - ❌ 未找到训练 CSV 文件: D:\my-vue-project\wind-power-forecast\backend\auto_scripts\dataset\dataset_short\20250423.csv，等待 30 秒后重试...
2025-04-23 15:56:52,250 - 检查模型目录: D:\my-vue-project\wind-power-forecast\backend\auto_scripts\models\shortmodel\20250423
2025-04-23 15:56:52,250 - 未找到best_models目录，检查传统模型文件
2025-04-23 15:56:52,250 - 未找到任何可用模型文件
2025-04-23 15:56:52,250 - ⏳ 未有可用模型，等待模型训练完成...
2025-04-23 15:57:22,222 - ❌ 未找到训练 CSV 文件: D:\my-vue-project\wind-power-forecast\backend\auto_scripts\dataset\dataset_short\20250423.csv，等待 30 秒后重试...
2025-04-23 15:57:22,254 - 检查模型目录: D:\my-vue-project\wind-power-forecast\backend\auto_scripts\models\shortmodel\20250423
2025-04-23 15:57:22,255 - 未找到best_models目录，检查传统模型文件
2025-04-23 15:57:22,255 - 未找到任何可用模型文件
2025-04-23 15:57:22,255 - ⏳ 未有可用模型，等待模型训练完成...
2025-04-23 15:57:52,225 - ❌ 未找到训练 CSV 文件: D:\my-vue-project\wind-power-forecast\backend\auto_scripts\dataset\dataset_short\20250423.csv，等待 30 秒后重试...
2025-04-23 15:57:52,270 - 检查模型目录: D:\my-vue-project\wind-power-forecast\backend\auto_scripts\models\shortmodel\20250423
2025-04-23 15:57:52,271 - 未找到best_models目录，检查传统模型文件
2025-04-23 15:57:52,272 - 未找到任何可用模型文件
2025-04-23 15:57:52,273 - ⏳ 未有可用模型，等待模型训练完成...
2025-04-23 15:58:22,230 - ❌ 未找到训练 CSV 文件: D:\my-vue-project\wind-power-forecast\backend\auto_scripts\dataset\dataset_short\20250423.csv，等待 30 秒后重试...
2025-04-23 15:58:22,276 - 检查模型目录: D:\my-vue-project\wind-power-forecast\backend\auto_scripts\models\shortmodel\20250423
2025-04-23 15:58:22,276 - 未找到best_models目录，检查传统模型文件
2025-04-23 15:58:22,276 - 未找到任何可用模型文件
2025-04-23 15:58:22,276 - ⏳ 未有可用模型，等待模型训练完成...
2025-04-23 15:58:52,242 - ❌ 未找到训练 CSV 文件: D:\my-vue-project\wind-power-forecast\backend\auto_scripts\dataset\dataset_short\20250423.csv，等待 30 秒后重试...
2025-04-23 15:58:52,287 - 检查模型目录: D:\my-vue-project\wind-power-forecast\backend\auto_scripts\models\shortmodel\20250423
2025-04-23 15:58:52,287 - 未找到best_models目录，检查传统模型文件
2025-04-23 15:58:52,287 - 未找到任何可用模型文件
2025-04-23 15:58:52,288 - ⏳ 未有可用模型，等待模型训练完成...
2025-04-23 15:59:22,256 - ❌ 未找到训练 CSV 文件: D:\my-vue-project\wind-power-forecast\backend\auto_scripts\dataset\dataset_short\20250423.csv，等待 30 秒后重试...
2025-04-23 15:59:22,301 - 检查模型目录: D:\my-vue-project\wind-power-forecast\backend\auto_scripts\models\shortmodel\20250423
2025-04-23 15:59:22,302 - 未找到best_models目录，检查传统模型文件
2025-04-23 15:59:22,302 - 未找到任何可用模型文件
2025-04-23 15:59:22,302 - ⏳ 未有可用模型，等待模型训练完成...
2025-04-23 15:59:52,260 - ❌ 未找到训练 CSV 文件: D:\my-vue-project\wind-power-forecast\backend\auto_scripts\dataset\dataset_short\20250423.csv，等待 30 秒后重试...
2025-04-23 15:59:52,308 - 检查模型目录: D:\my-vue-project\wind-power-forecast\backend\auto_scripts\models\shortmodel\20250423
2025-04-23 15:59:52,308 - 未找到best_models目录，检查传统模型文件
2025-04-23 15:59:52,308 - 未找到任何可用模型文件
2025-04-23 15:59:52,308 - ⏳ 未有可用模型，等待模型训练完成...
2025-04-23 16:00:22,271 - ❌ 未找到训练 CSV 文件: D:\my-vue-project\wind-power-forecast\backend\auto_scripts\dataset\dataset_short\20250423.csv，等待 30 秒后重试...
2025-04-23 16:00:22,318 - 检查模型目录: D:\my-vue-project\wind-power-forecast\backend\auto_scripts\models\shortmodel\20250423
2025-04-23 16:00:22,318 - 未找到best_models目录，检查传统模型文件
2025-04-23 16:00:22,319 - 未找到任何可用模型文件
2025-04-23 16:00:22,319 - ⏳ 未有可用模型，等待模型训练完成...
2025-04-23 16:00:52,279 - ❌ 未找到训练 CSV 文件: D:\my-vue-project\wind-power-forecast\backend\auto_scripts\dataset\dataset_short\20250423.csv，等待 30 秒后重试...
2025-04-23 16:00:52,326 - 检查模型目录: D:\my-vue-project\wind-power-forecast\backend\auto_scripts\models\shortmodel\20250423
2025-04-23 16:00:52,327 - 未找到best_models目录，检查传统模型文件
2025-04-23 16:00:52,327 - 未找到任何可用模型文件
2025-04-23 16:00:52,327 - ⏳ 未有可用模型，等待模型训练完成...
2025-04-23 16:01:22,287 - ❌ 未找到训练 CSV 文件: D:\my-vue-project\wind-power-forecast\backend\auto_scripts\dataset\dataset_short\20250423.csv，等待 30 秒后重试...
2025-04-23 16:01:22,333 - 检查模型目录: D:\my-vue-project\wind-power-forecast\backend\auto_scripts\models\shortmodel\20250423
2025-04-23 16:01:22,333 - 未找到best_models目录，检查传统模型文件
2025-04-23 16:01:22,333 - 未找到任何可用模型文件
2025-04-23 16:01:22,333 - ⏳ 未有可用模型，等待模型训练完成...
2025-04-23 16:01:52,294 - ❌ 未找到训练 CSV 文件: D:\my-vue-project\wind-power-forecast\backend\auto_scripts\dataset\dataset_short\20250423.csv，等待 30 秒后重试...
2025-04-23 16:01:52,341 - 检查模型目录: D:\my-vue-project\wind-power-forecast\backend\auto_scripts\models\shortmodel\20250423
2025-04-23 16:01:52,341 - 未找到best_models目录，检查传统模型文件
2025-04-23 16:01:52,341 - 未找到任何可用模型文件
2025-04-23 16:01:52,341 - ⏳ 未有可用模型，等待模型训练完成...
2025-04-23 16:02:22,305 - ❌ 未找到训练 CSV 文件: D:\my-vue-project\wind-power-forecast\backend\auto_scripts\dataset\dataset_short\20250423.csv，等待 30 秒后重试...
2025-04-23 16:02:22,352 - 检查模型目录: D:\my-vue-project\wind-power-forecast\backend\auto_scripts\models\shortmodel\20250423
2025-04-23 16:02:22,352 - 未找到best_models目录，检查传统模型文件
2025-04-23 16:02:22,353 - 未找到任何可用模型文件
2025-04-23 16:02:22,353 - ⏳ 未有可用模型，等待模型训练完成...
2025-04-23 16:02:52,316 - ❌ 未找到训练 CSV 文件: D:\my-vue-project\wind-power-forecast\backend\auto_scripts\dataset\dataset_short\20250423.csv，等待 30 秒后重试...
2025-04-23 16:02:52,363 - 检查模型目录: D:\my-vue-project\wind-power-forecast\backend\auto_scripts\models\shortmodel\20250423
2025-04-23 16:02:52,363 - 未找到best_models目录，检查传统模型文件
2025-04-23 16:02:52,363 - 未找到任何可用模型文件
2025-04-23 16:02:52,364 - ⏳ 未有可用模型，等待模型训练完成...
2025-04-23 16:03:22,317 - ❌ 未找到训练 CSV 文件: D:\my-vue-project\wind-power-forecast\backend\auto_scripts\dataset\dataset_short\20250423.csv，等待 30 秒后重试...
2025-04-23 16:03:22,364 - 检查模型目录: D:\my-vue-project\wind-power-forecast\backend\auto_scripts\models\shortmodel\20250423
2025-04-23 16:03:22,364 - 未找到best_models目录，检查传统模型文件
2025-04-23 16:03:22,364 - 未找到任何可用模型文件
2025-04-23 16:03:22,364 - ⏳ 未有可用模型，等待模型训练完成...
2025-04-23 16:03:52,333 - ❌ 未找到训练 CSV 文件: D:\my-vue-project\wind-power-forecast\backend\auto_scripts\dataset\dataset_short\20250423.csv，等待 30 秒后重试...
2025-04-23 16:03:52,380 - 检查模型目录: D:\my-vue-project\wind-power-forecast\backend\auto_scripts\models\shortmodel\20250423
2025-04-23 16:03:52,380 - 未找到best_models目录，检查传统模型文件
2025-04-23 16:03:52,380 - 未找到任何可用模型文件
2025-04-23 16:03:52,380 - ⏳ 未有可用模型，等待模型训练完成...
2025-04-23 16:04:22,338 - ❌ 未找到训练 CSV 文件: D:\my-vue-project\wind-power-forecast\backend\auto_scripts\dataset\dataset_short\20250423.csv，等待 30 秒后重试...
2025-04-23 16:04:22,384 - 检查模型目录: D:\my-vue-project\wind-power-forecast\backend\auto_scripts\models\shortmodel\20250423
2025-04-23 16:04:22,384 - 未找到best_models目录，检查传统模型文件
2025-04-23 16:04:22,384 - 未找到任何可用模型文件
2025-04-23 16:04:22,384 - ⏳ 未有可用模型，等待模型训练完成...
2025-04-23 16:04:52,341 - ❌ 未找到训练 CSV 文件: D:\my-vue-project\wind-power-forecast\backend\auto_scripts\dataset\dataset_short\20250423.csv，等待 30 秒后重试...
2025-04-23 16:04:52,387 - 检查模型目录: D:\my-vue-project\wind-power-forecast\backend\auto_scripts\models\shortmodel\20250423
2025-04-23 16:04:52,387 - 未找到best_models目录，检查传统模型文件
2025-04-23 16:04:52,388 - 未找到任何可用模型文件
2025-04-23 16:04:52,388 - ⏳ 未有可用模型，等待模型训练完成...
2025-04-23 16:05:22,356 - ❌ 未找到训练 CSV 文件: D:\my-vue-project\wind-power-forecast\backend\auto_scripts\dataset\dataset_short\20250423.csv，等待 30 秒后重试...
2025-04-23 16:05:22,403 - 检查模型目录: D:\my-vue-project\wind-power-forecast\backend\auto_scripts\models\shortmodel\20250423
2025-04-23 16:05:22,403 - 未找到best_models目录，检查传统模型文件
2025-04-23 16:05:22,403 - 未找到任何可用模型文件
2025-04-23 16:05:22,403 - ⏳ 未有可用模型，等待模型训练完成...
2025-04-23 16:05:52,359 - ❌ 未找到训练 CSV 文件: D:\my-vue-project\wind-power-forecast\backend\auto_scripts\dataset\dataset_short\20250423.csv，等待 30 秒后重试...
2025-04-23 16:05:52,406 - 检查模型目录: D:\my-vue-project\wind-power-forecast\backend\auto_scripts\models\shortmodel\20250423
2025-04-23 16:05:52,406 - 未找到best_models目录，检查传统模型文件
2025-04-23 16:05:52,407 - 未找到任何可用模型文件
2025-04-23 16:05:52,407 - ⏳ 未有可用模型，等待模型训练完成...
2025-04-23 16:06:22,365 - ❌ 未找到训练 CSV 文件: D:\my-vue-project\wind-power-forecast\backend\auto_scripts\dataset\dataset_short\20250423.csv，等待 30 秒后重试...
2025-04-23 16:06:22,413 - 检查模型目录: D:\my-vue-project\wind-power-forecast\backend\auto_scripts\models\shortmodel\20250423
2025-04-23 16:06:22,415 - 未找到best_models目录，检查传统模型文件
2025-04-23 16:06:22,415 - 未找到任何可用模型文件
2025-04-23 16:06:22,415 - ⏳ 未有可用模型，等待模型训练完成...
2025-04-23 16:06:52,379 - ❌ 未找到训练 CSV 文件: D:\my-vue-project\wind-power-forecast\backend\auto_scripts\dataset\dataset_short\20250423.csv，等待 30 秒后重试...
2025-04-23 16:06:52,424 - 检查模型目录: D:\my-vue-project\wind-power-forecast\backend\auto_scripts\models\shortmodel\20250423
2025-04-23 16:06:52,424 - 未找到best_models目录，检查传统模型文件
2025-04-23 16:06:52,424 - 未找到任何可用模型文件
2025-04-23 16:06:52,424 - ⏳ 未有可用模型，等待模型训练完成...
2025-04-23 16:07:22,391 - ❌ 未找到训练 CSV 文件: D:\my-vue-project\wind-power-forecast\backend\auto_scripts\dataset\dataset_short\20250423.csv，等待 30 秒后重试...
2025-04-23 16:07:22,437 - 检查模型目录: D:\my-vue-project\wind-power-forecast\backend\auto_scripts\models\shortmodel\20250423
2025-04-23 16:07:22,437 - 未找到best_models目录，检查传统模型文件
2025-04-23 16:07:22,437 - 未找到任何可用模型文件
2025-04-23 16:07:22,438 - ⏳ 未有可用模型，等待模型训练完成...
2025-04-23 16:07:52,394 - ❌ 未找到训练 CSV 文件: D:\my-vue-project\wind-power-forecast\backend\auto_scripts\dataset\dataset_short\20250423.csv，等待 30 秒后重试...
2025-04-23 16:07:52,441 - 检查模型目录: D:\my-vue-project\wind-power-forecast\backend\auto_scripts\models\shortmodel\20250423
2025-04-23 16:07:52,441 - 未找到best_models目录，检查传统模型文件
2025-04-23 16:07:52,441 - 未找到任何可用模型文件
2025-04-23 16:07:52,441 - ⏳ 未有可用模型，等待模型训练完成...
2025-04-23 16:08:40,214 - 
================================================================================
2025-04-23 16:08:40,214 - >>> 自动训练预测系统启动 <<<
2025-04-23 16:08:40,214 - ================================================================================

2025-04-23 16:08:40,214 - 自动训练预测系统启动
2025-04-23 16:08:40,215 - 今天的日期是: 20250423
2025-04-23 16:08:40,215 - 创建监视线程...
2025-04-23 16:08:40,215 - 启动训练线程...
2025-04-23 16:08:40,215 - 启动预测线程...
2025-04-23 16:08:40,215 - 
================================================================================
2025-04-23 16:08:40,215 - 
================================================================================
2025-04-23 16:08:40,216 - 等待线程完成...
2025-04-23 16:08:40,216 - >>> 启动训练监视线程 <<<
2025-04-23 16:08:40,216 - >>> 启动预测监视线程 <<<
2025-04-23 16:08:40,216 - ================================================================================

2025-04-23 16:08:40,216 - ================================================================================

2025-04-23 16:08:40,216 - 启动训练监视线程
2025-04-23 16:08:40,216 - 启动预测监视线程
2025-04-23 16:08:40,217 - 训练文件路径: D:\my-vue-project\wind-power-forecast\backend\auto_scripts\dataset\dataset_short\20250423.csv
2025-04-23 16:08:40,217 - 模型存储目录: D:\my-vue-project\wind-power-forecast\backend\auto_scripts\models\shortmodel\20250423
2025-04-23 16:08:40,217 - 预测数据文件路径: D:\my-vue-project\wind-power-forecast\backend\auto_scripts\precsv\shortcsv\20250423.csv
2025-04-23 16:08:40,217 - 训练完成标志文件: D:\my-vue-project\wind-power-forecast\backend\auto_scripts\scripts\short\logs\auto_pre_train\20250423_train_done.flag
2025-04-23 16:08:40,217 - 模型目录: D:\my-vue-project\wind-power-forecast\backend\auto_scripts\models\shortmodel\20250423
2025-04-23 16:08:40,217 - 开始监视 D:\my-vue-project\wind-power-forecast\backend\auto_scripts\dataset\dataset_short 文件夹以进行训练...
2025-04-23 16:08:40,217 - 预测完成标志文件: D:\my-vue-project\wind-power-forecast\backend\auto_scripts\scripts\short\logs\auto_pre_train\20250423_predict_done.flag
2025-04-23 16:08:40,217 - 开始监视 D:\my-vue-project\wind-power-forecast\backend\auto_scripts\precsv\shortcsv 文件夹以进行预测...
2025-04-23 16:08:40,217 - ❌ 未找到训练 CSV 文件: D:\my-vue-project\wind-power-forecast\backend\auto_scripts\dataset\dataset_short\20250423.csv，等待 30 秒后重试...
2025-04-23 16:08:40,217 - 检查模型目录: D:\my-vue-project\wind-power-forecast\backend\auto_scripts\models\shortmodel\20250423
2025-04-23 16:08:40,217 - 未找到best_models目录，检查传统模型文件
2025-04-23 16:08:40,218 - 未找到任何可用模型文件
2025-04-23 16:08:40,218 - ⏳ 未有可用模型，等待模型训练完成...
