Predicted Power,Actual Power,Error,Absolute Error,Relative Error (%),Timestamp
80.80929752984885,48.12,-32.68929752984885,32.68929752984885,67.93287100951979,2025/1/29 14:15
101.12550414700848,47.76,-53.36550414700849,53.36550414700849,111.73681772800828,2025/1/29 14:30
133.648421126421,70.07,-63.578421126421006,63.578421126421006,90.73558031444308,2025/1/29 14:45
146.25898487716134,93.43,-52.82898487716133,52.82898487716133,56.54392045071688,2025/1/29 15:00
147.2328270329876,96.69,-50.54282703298759,50.54282703298759,52.27306550101905,2025/1/29 15:15
152.205365093018,99.98,-52.225365093018,52.225365093018,52.235812255416846,2025/1/29 15:30
150.53111921654093,104.87,-45.661119216540925,45.661119216540925,43.54068772432286,2025/1/29 15:45
152.7000127290939,124.23,-28.47001272909391,28.47001272909391,22.91718001213152,2025/1/29 16:00
170.6086288534062,137.63,-32.97862885340621,32.97862885340621,23.96180255277356,2025/1/29 16:15
185.9667267834742,145.83,-40.13672678347419,40.13672678347419,27.52295603335848,2025/1/29 16:30
194.35243778023383,151.32,-43.03243778023384,43.03243778023384,28.43803712675483,2025/1/29 16:45
206.162596776716,140.38,-65.78259677671599,65.78259677671599,46.860376675216656,2025/1/29 17:00
214.1304213451424,147.24,-66.89042134514236,66.89042134514236,45.42951734929159,2025/1/29 17:15
210.5685233734812,155.14,-55.42852337348123,55.42852337348123,35.72806714802469,2025/1/29 17:30
219.4803806668068,152.45,-67.03038066680682,67.03038066680682,43.96876396639085,2025/1/29 17:45
220.4634924206657,149.47,-70.99349242066569,70.99349242066569,47.496817033932025,2025/1/29 18:00
218.64308936468717,143.41,-75.23308936468715,75.23308936468715,52.46014180645331,2025/1/29 18:15
228.1972046755577,136.98,-91.21720467555777,91.21720467555777,66.59162262774943,2025/1/29 18:30
235.0625239554358,145.23,-89.83252395543582,89.83252395543582,61.855349414978974,2025/1/29 18:45
238.9153182824244,164.28,-74.63531828242438,74.63531828242438,45.43177397271667,2025/1/29 19:00
241.09803870915104,155.64,-85.45803870915105,85.45803870915105,54.90750366814196,2025/1/29 19:15
237.36319195221455,162.16,-75.20319195221458,75.20319195221458,46.37592004943773,2025/1/29 19:30
240.24478681815296,180.8,-59.44478681815295,59.44478681815295,32.87875377108411,2025/1/29 19:45
231.15778001964975,167.69,-63.46778001964978,63.46778001964978,37.84827957517559,2025/1/29 20:00
207.18008866469663,158.45,-48.73008866469664,48.73008866469664,30.754237087198412,2025/1/29 20:15
213.3537248486605,153.03,-60.3237248486605,60.3237248486605,39.41954182096392,2025/1/29 20:30
206.12731785664712,142.94,-63.18731785664713,63.18731785664713,44.20548331929686,2025/1/29 20:45
205.70581311662,152.07,-53.63581311661997,53.63581311661997,35.27047617319965,2025/1/29 21:00
200.2525596584009,168.81,-31.44255965840094,31.44255965840094,18.62600536602234,2025/1/29 21:15
207.2045355530217,176.61,-30.59453555302173,30.59453555302173,17.32321813770704,2025/1/29 21:30
203.23040645843253,179.85,-23.38040645843256,23.38040645843256,12.999947989112906,2025/1/29 21:45
210.7310742772438,164.26,-46.471074277243815,46.471074277243815,28.291169047373387,2025/1/29 22:00
207.19437553374397,170.41,-36.78437553374394,36.78437553374394,21.58580807095966,2025/1/29 22:15
213.8677940356852,165.26,-48.60779403568523,48.60779403568523,29.4129214786735,2025/1/29 22:30
217.1928616600993,171.77,-45.42286166009933,45.42286166009933,26.44400166505961,2025/1/29 22:45
212.8156940882824,203.98,-8.835694088282366,8.835694088282366,4.331647263593507,2025/1/29 23:00
221.78099419218933,224.19,2.409005807810672,2.409005807810672,1.0745375832149506,2025/1/29 23:15
230.6523189134554,224.15,-6.502318913455383,6.502318913455383,2.900878391011592,2025/1/29 23:30
233.91400381028583,231.73,-2.1840038102858443,2.1840038102858443,0.9424778018749848,2025/1/29 23:45
234.4617019952183,233.72,-0.7417019952183068,0.7417019952183068,0.3173463953525541,2025/1/30 0:00
236.7817681299344,234.87,-1.9117681299343587,1.9117681299343587,0.813968633683972,2025/1/30 0:15
236.58086130875455,256.62,20.039138691245427,20.039138691245427,7.808876428664025,2025/1/30 0:30
240.0826294128664,264.05,23.967370587133644,23.967370587133644,9.076830368159277,2025/1/30 0:45
243.19824721251956,263.49,20.29175278748048,20.29175278748048,7.701147211458793,2025/1/30 1:00
239.28001620001575,280.61,41.32998379998424,41.32998379998424,14.728621146776488,2025/1/30 1:15
247.4951719836153,284.59,37.09482801638467,37.09482801638467,13.034480486444233,2025/1/30 1:30
247.13420869533564,278.87,31.73579130466436,31.73579130466436,11.38013816640477,2025/1/30 1:45
255.912694724429,287.07,31.15730527557099,31.15730527557099,10.853556719810548,2025/1/30 2:00
260.0492540881765,327.54,67.49074591182347,67.49074591182347,20.605344663797663,2025/1/30 2:15
250.59628842889288,357.0,106.40371157110712,106.40371157110712,29.80496122439141,2025/1/30 2:30
250.2795709823406,335.9,85.62042901765938,85.62042901765938,25.48985680786957,2025/1/30 2:45
247.43970528451015,315.88,68.44029471548981,68.44029471548981,21.666548915875698,2025/1/30 3:00
246.66876988381077,307.72,61.05123011618929,61.05123011618929,19.83986419997707,2025/1/30 3:15
255.62515399637232,293.2,37.57484600362767,37.57484600362767,12.815431788408889,2025/1/30 3:30
260.0189118704343,295.29,35.271088129565726,35.271088129565726,11.944558952065352,2025/1/30 3:45
261.5545436372283,306.25,44.69545636277172,44.69545636277172,14.594434730696207,2025/1/30 4:00
260.05237720592004,329.42,69.36762279407998,69.36762279407998,21.05750191064869,2025/1/30 4:15
259.5147203648676,337.47,77.9552796351324,77.9552796351324,23.09991395831016,2025/1/30 4:30
260.2341002762049,325.18,64.9458997237951,64.9458997237951,19.972292183952003,2025/1/30 4:45
262.55863387417025,310.91,48.35136612582977,48.35136612582977,15.55156351542704,2025/1/30 5:00
275.6570784591146,308.17,32.51292154088543,32.51292154088543,10.550320128784398,2025/1/30 5:15
282.6083397060324,320.87,38.26166029396762,38.26166029396762,11.924349516612864,2025/1/30 5:30
277.7442395883248,319.79,42.045760411675246,42.045760411675246,13.14792845669411,2025/1/30 5:45
278.18873813376365,324.78,46.59126186623632,46.59126186623632,14.345483670860885,2025/1/30 6:00
276.0014237980267,336.86,60.858576201973335,60.858576201973335,18.066430030860083,2025/1/30 6:15
279.09957728991645,325.13,46.03042271008354,46.03042271008354,14.157543970125609,2025/1/30 6:30
274.9759205628479,303.92,28.94407943715214,28.94407943715214,9.5235849687887,2025/1/30 6:45
276.79205994885217,314.11,37.31794005114784,37.31794005114784,11.880532313882386,2025/1/30 7:00
279.38191634068977,337.34,57.958083659310205,57.958083659310205,17.180910552941555,2025/1/30 7:15
277.74382014430034,343.44,65.69617985569965,65.69617985569965,19.12886671781986,2025/1/30 7:30
268.04024484237334,340.59,72.54975515762663,72.54975515762663,21.30119943556926,2025/1/30 7:45
272.37020532255855,336.05,63.67979467744146,63.67979467744146,18.949499978402773,2025/1/30 8:00
270.0119299773128,342.52,72.5080700226872,72.5080700226872,21.169003276499488,2025/1/30 8:15
269.60195783664426,345.73,76.12804216335576,76.12804216335576,22.019507177084357,2025/1/30 8:30
264.6922355005963,338.03,73.33776449940365,73.33776449940365,21.69563781302901,2025/1/30 8:45
267.7850241978736,338.63,70.84497580212638,70.84497580212638,20.921057142635167,2025/1/30 9:00
267.0389123754035,337.0,69.96108762459647,69.96108762459647,20.75996665417677,2025/1/30 9:15
265.16008599617334,308.62,43.45991400382667,43.45991400382667,14.08201477668738,2025/1/30 9:30
257.7764315664181,297.07,39.29356843358187,39.29356843358187,13.227040237509222,2025/1/30 9:45
250.93938931952027,304.98,54.04061068047975,54.04061068047975,17.719394937524434,2025/1/30 10:00
245.51604251989997,325.83,80.31395748010004,80.31395748010004,24.64903706843305,2025/1/30 10:15
242.5340123456896,362.33,119.7959876543104,119.7959876543104,33.06267426221328,2025/1/30 10:30
244.8972901390411,368.99,124.0927098609589,124.0927098609589,33.630372059114144,2025/1/30 10:45
238.268363958856,368.02,129.75163604114397,129.75163604114397,35.2566806263542,2025/1/30 11:00
253.22133076243145,356.93,103.70866923756856,103.70866923756856,29.0557446102988,2025/1/30 11:15
259.2402414574022,349.51,90.2697585425978,90.2697585425978,25.827518108944517,2025/1/30 11:30
266.9571507766129,348.8,81.84284922338713,81.84284922338713,23.464119616790043,2025/1/30 11:45
267.33890412498744,373.92,106.58109587501258,106.58109587501258,28.50371626951863,2025/1/30 12:00
276.42862369591967,386.87,110.44137630408034,110.44137630408034,28.547412904606663,2025/1/30 12:15
272.4229142964212,374.58,102.1570857035788,102.1570857035788,27.27243464775256,2025/1/30 12:30
284.87853251368125,375.51,90.63146748631874,90.63146748631874,24.135566958614845,2025/1/30 12:45
291.5840510367662,360.73,69.14594896323382,69.14594896323382,19.168338913651382,2025/1/30 13:00
292.2716316813914,366.05,73.77836831860861,73.77836831860861,20.15527067848339,2025/1/30 13:15
291.2295152001109,371.5,80.27048479988912,80.27048479988912,21.60712915205048,2025/1/30 13:30
289.6727401566134,372.84,83.1672598433866,83.1672598433866,22.30642094286136,2025/1/30 13:45
297.12615817793693,369.72,72.5938418220631,72.5938418220631,19.63481602889848,2025/1/30 14:00
299.3105866509367,372.69,73.37941334906327,73.37941334906327,19.68912859187088,2025/1/30 14:15
296.7107534429165,383.87,87.15924655708352,87.15924655708352,22.70540718395832,2025/1/30 14:30
302.17687388521193,381.3,79.12312611478808,79.12312611478808,20.750885422178687,2025/1/30 14:45
298.2885096879119,384.53,86.24149031208805,86.24149031208805,22.427766445287915,2025/1/30 15:00
296.0469152936774,382.73,86.68308470632263,86.68308470632263,22.64862558626185,2025/1/30 15:15
294.7011958380345,384.42,89.71880416196547,89.71880416196547,23.338745164648596,2025/1/30 15:30
295.6415435069381,375.39,79.74845649306184,79.74845649306184,21.244161137228108,2025/1/30 15:45
297.7975733065223,379.86,82.06242669347773,82.06242669347773,21.60333456890858,2025/1/30 16:00
307.04776566884084,385.81,78.76223433115916,78.76223433115916,20.414772642269188,2025/1/30 16:15
305.0024126834033,398.37,93.36758731659666,93.36758731659666,23.437404251468035,2025/1/30 16:30
299.0080891863127,394.68,95.6719108136873,95.6719108136873,24.240374686749536,2025/1/30 16:45
297.9674879746777,390.57,92.60251202532233,92.60251202532233,23.70958138753581,2025/1/30 17:00
299.76814815450194,394.62,94.85185184549806,94.85185184549806,24.0362505310106,2025/1/30 17:15
297.09331189560913,394.34,97.24668810439084,97.24668810439084,24.66061979620789,2025/1/30 17:30
297.2763574686996,394.11,96.83364253130048,96.83364253130048,24.570206929861182,2025/1/30 17:45
296.406993075033,393.79,97.38300692496703,97.38300692496703,24.729680013444305,2025/1/30 18:00
291.2413217027409,386.7,95.4586782972591,95.4586782972591,24.68546115780564,2025/1/30 18:15
294.20918330619,383.64,89.43081669380996,89.43081669380996,23.311129364452785,2025/1/30 18:30
289.72252691120826,373.37,83.64747308879174,83.64747308879174,22.40337281751864,2025/1/30 18:45
276.9127903860047,376.12,99.2072096139953,99.2072096139953,26.37647814898674,2025/1/30 19:00
281.0399039443603,373.08,92.04009605563972,92.04009605563972,24.67033774408037,2025/1/30 19:15
288.2252498384128,376.31,88.08475016158724,88.08475016158724,23.40749652190052,2025/1/30 19:30
284.4657643086147,385.72,101.2542356913853,101.2542356913853,26.250709242808007,2025/1/30 19:45
296.0201160632008,369.35,73.3298839367992,73.3298839367992,19.85376578767547,2025/1/30 20:00
296.5297281947588,353.15,56.6202718052412,56.6202718052412,16.03292419799665,2025/1/30 20:15
296.45602830845206,368.66,72.20397169154796,72.20397169154796,19.585518280130305,2025/1/30 20:30
294.24435537938854,373.77,79.52564462061144,79.52564462061144,21.276625898437587,2025/1/30 20:45
295.5063527841178,371.09,75.5836472158822,75.5836472158822,20.368009705425056,2025/1/30 21:00
297.4327152391408,371.81,74.3772847608592,74.3772847608592,20.004110906333665,2025/1/30 21:15
302.17633979253657,371.5,69.32366020746343,69.32366020746343,18.660473810886884,2025/1/30 21:30
302.06469108866526,371.01,68.94530891133473,68.94530891133473,18.583140322718027,2025/1/30 21:45
297.26238502006225,370.21,72.94761497993773,72.94761497993773,19.704388044601178,2025/1/30 22:00
298.1061020814713,371.06,72.9538979185287,72.9538979185287,19.66094376071499,2025/1/30 22:15
288.44271318845983,371.32,82.87728681154016,82.87728681154016,22.319639882451213,2025/1/30 22:30
288.0506391047083,371.01,82.9593608952917,82.9593608952917,22.360411011905164,2025/1/30 22:45
291.2698387095833,370.92,79.65016129041669,79.65016129041669,21.47367661231404,2025/1/30 23:00
303.03962695559426,368.38,65.34037304440574,65.34037304440574,17.73722054519464,2025/1/30 23:15
301.75162014830323,366.92,65.16837985169678,65.16837985169678,17.760923321617526,2025/1/30 23:30
300.8061586103827,360.18,59.373841389617326,59.373841389617326,16.48449147359677,2025/1/30 23:45
306.328477807726,357.78,51.45152219227401,51.45152219227401,14.380770918514068,2025/1/31 0:00
312.87079962200335,354.53,41.65920037799663,41.65920037799663,11.750543079001744,2025/1/31 0:15
311.6393980458085,352.54,40.90060195419153,40.90060195419153,11.60169114261642,2025/1/31 0:30
313.9504011017779,354.74,40.789598898222096,40.789598898222096,11.498449258107517,2025/1/31 0:45
314.43898583209284,350.6,36.16101416790718,36.16101416790718,10.31403712718108,2025/1/31 1:00
314.43898583209284,342.27,27.831014167907146,27.831014167907146,8.131303990387417,2025/1/31 1:15
316.20113011854625,345.85,29.648869881453777,29.648869881453777,8.57275404986127,2025/1/31 1:30
314.0086477354975,345.5,31.491352264502492,31.491352264502492,9.11471845571444,2025/1/31 1:45
308.5553780291006,339.35,30.794621970899414,30.794621970899414,9.074590237480578,2025/1/31 2:00
314.0110985505105,333.48,19.46890144948952,19.46890144948952,5.838101670110256,2025/1/31 2:15
315.9109796061546,310.26,-5.650979606154635,5.650979606154635,1.8213690472999464,2025/1/31 2:30
318.797832122289,301.06,-17.737832122288978,17.737832122288978,5.891793038690987,2025/1/31 2:45
318.08419052236025,308.93,-9.154190522360238,9.154190522360238,2.963192478023266,2025/1/31 3:00
311.1892542402435,318.51,7.320745759756505,7.320745759756505,2.2984351385370028,2025/1/31 3:15
310.492268215757,333.12,22.627731784243,22.627731784243,6.792666842049773,2025/1/31 3:30
310.492268215757,344.06,33.567731784242994,33.567731784242994,9.756359874508297,2025/1/31 3:45
310.3935320142861,327.32,16.926467985713884,16.926467985713884,5.171229373612586,2025/1/31 4:00
309.8548546191945,316.52,6.665145380805484,6.665145380805484,2.1057580502980477,2025/1/31 4:15
311.1674839447962,309.94,-1.2274839447961767,1.2274839447961767,0.3960392155887529,2025/1/31 4:30
310.5020511639723,296.12,-14.382051163972278,14.382051163972278,4.856832082928348,2025/1/31 4:45
309.9865895809974,291.58,-18.406589580997437,18.406589580997437,6.312706489125154,2025/1/31 5:00
304.77191765847186,289.5,-15.271917658471864,15.271917658471864,5.275273802579132,2025/1/31 5:15
308.02929831377264,283.56,-24.46929831377264,24.46929831377264,8.629319478686702,2025/1/31 5:30
302.66949893126565,267.52,-35.14949893126567,35.14949893126567,13.139017244038776,2025/1/31 5:45
302.79106006162425,254.38,-48.411060061624255,48.411060061624255,19.03100088906566,2025/1/31 6:00
301.8100068078464,264.07,-37.74000680784639,37.74000680784639,14.29166766684292,2025/1/31 6:15
301.7607764555822,273.72,-28.040776455582147,28.040776455582147,10.244328677324235,2025/1/31 6:30
299.4666199348683,264.93,-34.53661993486827,34.53661993486827,13.036130273980008,2025/1/31 6:45
295.4207657656472,262.37,-33.05076576564716,33.05076576564716,12.597006428187123,2025/1/31 7:00
292.79399322161635,259.26,-33.53399322161636,33.53399322161636,12.934503286894786,2025/1/31 7:15
288.2853303933237,265.52,-22.765330393323723,22.765330393323723,8.573866523544423,2025/1/31 7:30
289.7969376929507,273.74,-16.05693769295067,16.05693769295067,5.865762290109156,2025/1/31 7:45
289.8215284542918,279.72,-10.10152845429178,10.10152845429178,3.6113000337080554,2025/1/31 8:00
290.2639825049078,280.29,-9.97398250490778,9.97398250490778,3.5584510702858547,2025/1/31 8:15
289.6925449070437,271.14,-18.55254490704374,18.55254490704374,6.8424226993571216,2025/1/31 8:30
292.17531694512155,255.17,-37.00531694512157,37.00531694512157,14.502220850847303,2025/1/31 8:45
295.6945706267052,242.68,-53.014570626705165,53.014570626705165,21.84546341959919,2025/1/31 9:00
292.406697603906,229.89,-62.51669760390598,62.51669760390598,27.19417878284344,2025/1/31 9:15
278.8200944365122,214.63,-64.1900944365122,64.1900944365122,29.907326299437308,2025/1/31 9:30
277.26704595118065,210.53,-66.73704595118065,66.73704595118065,31.699542084809263,2025/1/31 9:45
269.70933990715565,212.69,-57.01933990715565,57.01933990715565,26.808660448130546,2025/1/31 10:00
267.30881376547177,215.06,-52.248813765471766,52.248813765471766,24.294993846111534,2025/1/31 10:15
264.66919790488896,230.02,-34.64919790488895,34.64919790488895,15.063558779616509,2025/1/31 10:30
268.8552685848824,254.43,-14.42526858488236,14.42526858488236,5.669641388545648,2025/1/31 10:45
273.49258030264485,267.59,-5.902580302644878,5.902580302644878,2.2058299273674926,2025/1/31 11:00
276.6954042761722,277.51,0.8145957238277788,0.8145957238277788,0.293537430661052,2025/1/31 11:15
284.85211517391264,278.53,-6.322115173912664,6.322115173912664,2.2698148041181905,2025/1/31 11:30
289.32454031542613,286.98,-2.344540315426116,2.344540315426116,0.8169699335930375,2025/1/31 11:45
294.13291748572743,304.82,10.68708251427256,10.68708251427256,3.506030612908948,2025/1/31 12:00
291.3184757081244,311.67,20.35152429187559,20.35152429187559,6.529831004546175,2025/1/31 12:15
292.2089338234483,308.11,15.901066176551694,15.901066176551694,5.160840666173293,2025/1/31 12:30
297.2957997048199,306.57,9.274200295180094,9.274200295180094,3.025149328106817,2025/1/31 12:45
296.6404939252398,301.9,5.259506074760168,5.259506074760168,1.7421351688500917,2025/1/31 13:00
294.67005273123,299.07,4.399947268770006,4.399947268770006,1.4712098400938023,2025/1/31 13:15
296.3309486716903,287.03,-9.30094867169032,9.30094867169032,3.2404099472832395,2025/1/31 13:30
294.1299870728302,299.93,5.800012927169803,5.800012927169803,1.933788859789908,2025/1/31 13:45
289.5496087521297,293.46,3.91039124787028,3.91039124787028,1.3325125222752496,2025/1/31 14:00
286.5011950864841,303.43,16.928804913515933,16.928804913515933,5.579146726925602,2025/1/31 14:15
291.52875307091153,308.31,16.781246929088468,16.781246929088468,5.442978472668102,2025/1/31 14:30
280.69253155276976,316.57,35.87746844723023,35.87746844723023,11.33318648236374,2025/1/31 14:45
286.9076422531931,311.39,24.482357746806883,24.482357746806883,7.862281302160963,2025/1/31 15:00
289.42379970917045,313.04,23.616200290829568,23.616200290829568,7.544147805654876,2025/1/31 15:15
293.2305236472713,306.07,12.83947635272864,12.83947635272864,4.194947676258518,2025/1/31 15:30
294.1406058182299,324.0,29.859394181770085,29.859394181770085,9.215862401778049,2025/1/31 15:45
294.3814959572137,313.71,19.32850404278628,19.32850404278628,6.16126487608942,2025/1/31 16:00
301.8477839749527,320.58,18.732216025047308,18.732216025047308,5.843226659505105,2025/1/31 16:15
293.74722508271685,334.05,40.30277491728316,40.30277491728316,12.064892955327377,2025/1/31 16:30
294.2939113897558,343.16,48.86608861024422,48.86608861024422,14.240030484389198,2025/1/31 16:45
288.4093652591964,343.73,55.3206347408036,55.3206347408036,16.094211951469905,2025/1/31 17:00
302.88670521912815,346.42,43.53329478087187,43.53329478087187,12.56662282225602,2025/1/31 17:15
305.7876091268889,344.36,38.57239087311109,38.57239087311109,11.201182156202778,2025/1/31 17:30
305.5375681084386,328.72,23.182431891561407,23.182431891561407,7.052333868202225,2025/1/31 17:45
300.3680253921191,334.12,33.751974607880925,33.751974607880925,10.10175224705819,2025/1/31 18:00
300.7694559950708,324.2,23.43054400492917,23.43054400492917,7.227188156977776,2025/1/31 18:15
301.63264476151534,324.84,23.20735523848464,23.20735523848464,7.144241853982729,2025/1/31 18:30
300.6169830718661,303.09,2.473016928133859,2.473016928133859,0.8159348471190219,2025/1/31 18:45
296.41116602594707,292.05,-4.361166025947057,4.361166025947057,1.493294307805363,2025/1/31 19:00
305.3660288380323,292.41,-12.956028838032296,12.956028838032296,4.430774883905428,2025/1/31 19:15
303.28216498319114,292.55,-10.732164983191126,10.732164983191126,3.668489141407437,2025/1/31 19:30
300.2181764877731,281.73,-18.488176487773103,18.488176487773103,6.562374077225194,2025/1/31 19:45
296.64044501823497,276.27,-20.37044501823499,20.37044501823499,7.373382929101104,2025/1/31 20:00
293.9461565824758,270.97,-22.976156582475767,22.976156582475767,8.479225221414653,2025/1/31 20:15
288.68866758069186,271.63,-17.05866758069186,17.05866758069186,6.280111762576144,2025/1/31 20:30
277.00122593831395,268.03,-8.971225938313978,8.971225938313978,3.347097689926737,2025/1/31 20:45
267.6013650477885,259.82,-7.7813650477884835,7.7813650477884835,2.994906107222496,2025/1/31 21:00
260.6014084505748,257.74,-2.8614084505748,2.8614084505748,1.1101918408371574,2025/1/31 21:15
258.1645602775514,253.28,-4.884560277551401,4.884560277551401,1.92852190364398,2025/1/31 21:30
264.2992056041482,247.02,-17.27920560414819,17.27920560414819,6.995063397352924,2025/1/31 21:45
262.7125175621719,252.06,-10.652517562171909,10.652517562171909,4.226183274683679,2025/1/31 22:00
255.96712866812072,264.97,9.002871331879305,9.002871331879305,3.397694581226519,2025/1/31 22:15
260.634571048725,267.67,7.035428951275037,7.035428951275037,2.6283965148400674,2025/1/31 22:30
260.7062137141226,272.19,11.483786285877386,11.483786285877386,4.219033133426345,2025/1/31 22:45
264.60279768789405,284.43,19.827202312105957,19.827202312105957,6.970854801567691,2025/1/31 23:00
270.5699987494015,284.72,14.150001250598509,14.150001250598509,4.96979532544027,2025/1/31 23:15
285.9963411599732,293.66,7.663658840026869,7.663658840026869,2.609704706130988,2025/1/31 23:30
287.5386505836819,305.44,17.901349416318112,17.901349416318112,5.860839908431199,2025/1/31 23:45
300.65743979322536,310.6,9.942560206774658,9.942560206774658,3.2010818437770303,2025/2/1 0:00
307.44310060327257,315.77,8.326899396727413,8.326899396727413,2.6370140914984885,2025/2/1 0:15
308.0634789533513,320.48,12.416521046648713,12.416521046648713,3.874351300126322,2025/2/1 0:30
305.24069239784177,325.58,20.33930760215821,20.33930760215821,6.247099822517344,2025/2/1 0:45
305.21059358513975,331.62,26.409406414860257,26.409406414860257,7.96375562838559,2025/2/1 1:00
305.6494161794422,338.32,32.670583820557795,32.670583820557795,9.656710753295146,2025/2/1 1:15
305.4310659657467,336.96,31.52893403425327,31.52893403425327,9.356877384331646,2025/2/1 1:30
306.66933553320257,333.13,26.460664466797425,26.460664466797425,7.943044597241163,2025/2/1 1:45
312.3952872203458,320.29,7.894712779654242,7.894712779654242,2.464863960676817,2025/2/1 2:00
303.6971203923103,326.88,23.1828796076897,23.1828796076897,7.092168259814797,2025/2/1 2:15
300.19063868996733,334.69,34.49936131003267,34.49936131003267,10.307855421441442,2025/2/1 2:30
297.42623022544444,335.36,37.93376977455557,37.93376977455557,11.311357876474313,2025/2/1 2:45
295.16590658663074,334.76,39.59409341336925,39.59409341336925,11.827605870879864,2025/2/1 3:00
296.0345883488671,339.82,43.7854116511329,43.7854116511329,12.884883659325531,2025/2/1 3:15
292.0892011288671,332.24,40.150798871132906,40.150798871132906,12.084878061377564,2025/2/1 3:30
290.85970278482955,320.66,29.800297215170477,29.800297215170477,9.29342519028291,2025/2/1 3:45
294.5341708132221,315.44,20.905829186777908,20.905829186777908,6.627513690962237,2025/2/1 4:00
291.4156662750802,311.79,20.37433372491984,20.37433372491984,6.534633479237082,2025/2/1 4:15
292.8701223453452,312.4,19.5298776546548,19.5298776546548,6.251561349119253,2025/2/1 4:30
302.8848884323673,306.87,3.985111567632714,3.985111567632714,1.2986318531076402,2025/2/1 4:45
300.5556900021209,300.27,-0.2856900021209299,0.2856900021209299,0.095144370773249,2025/2/1 5:00
298.05815083223297,291.2,-6.85815083223298,6.85815083223298,2.355134214364912,2025/2/1 5:15
297.52562582473087,286.52,-11.005625824730885,11.005625824730885,3.841137032223595,2025/2/1 5:30
295.5480428104263,293.7,-1.848042810426307,1.848042810426307,0.6292280593890629,2025/2/1 5:45
293.58939505037745,289.93,-3.659395050377441,3.659395050377441,1.2621650227214083,2025/2/1 6:00
292.9772746587528,287.99,-4.987274658752767,4.987274658752767,1.7317527201468923,2025/2/1 6:15
296.8538748183943,284.41,-12.44387481839425,12.44387481839425,4.375329565904811,2025/2/1 6:30
295.88521586663813,287.33,-8.55521586663815,8.55521586663815,2.9774878594769687,2025/2/1 6:45
292.5075510414916,287.95,-4.5575510414915925,4.5575510414915925,1.5827577848550132,2025/2/1 7:00
292.7518407577252,293.6,0.8481592422748463,0.8481592422748463,0.2888825757065931,2025/2/1 7:15
290.28413149320164,296.62,6.335868506798363,6.335868506798363,2.136022016990165,2025/2/1 7:30
288.96553132521365,303.42,14.45446867478637,14.45446867478637,4.763848353695078,2025/2/1 7:45
287.3006757264564,311.96,24.65932427354357,24.65932427354357,7.904642990619205,2025/2/1 8:00
290.00101749954644,304.57,14.568982500453558,14.568982500453558,4.783459467593255,2025/2/1 8:15
290.13947028281245,308.41,18.27052971718757,18.27052971718757,5.924104185072354,2025/2/1 8:30
284.6682845602739,291.82,7.151715439726104,7.151715439726104,2.450728339292596,2025/2/1 8:45
284.05845297009205,291.38,7.321547029907947,7.321547029907947,2.512714335199888,2025/2/1 9:00
279.74329286409613,288.9,9.156707135903844,9.156707135903844,3.169507489062193,2025/2/1 9:15
276.6510775103273,283.7,7.048922489672634,7.048922489672634,2.48463958042656,2025/2/1 9:30
269.5488767718331,282.98,13.43112322816694,13.43112322816694,4.746315367927837,2025/2/1 9:45
262.396940071585,276.56,14.16305992841501,14.16305992841501,5.1211527076981085,2025/2/1 10:00
264.8917172787266,261.58,-3.3117172787266327,3.3117172787266327,1.2660437643265414,2025/2/1 10:15
263.0131085052118,261.14,-1.8731085052118035,1.8731085052118035,0.7172813453362511,2025/2/1 10:30
251.47500966770104,255.12,3.644990332298988,3.644990332298988,1.4287356272724834,2025/2/1 10:45
244.8026987628629,237.97,-6.8326987628628615,6.8326987628628615,2.871243754616124,2025/2/1 11:00
244.7546201690467,233.9,-10.854620169046685,10.854620169046685,4.640709777273211,2025/2/1 11:15
236.66571345368232,236.77,0.1042865463176951,0.1042865463176951,0.0440455067439503,2025/2/1 11:30
241.04090871091367,253.07,12.029091289086324,12.029091289086324,4.753266404189185,2025/2/1 11:45
251.51160807112788,255.79,4.278391928872111,4.278391928872111,1.6726189174207116,2025/2/1 12:00
257.0830946842165,264.27,7.186905315783463,7.186905315783463,2.719531280804005,2025/2/1 12:15
258.98829656790883,247.43,-11.558296567908826,11.558296567908826,4.671340002386192,2025/2/1 12:30
269.0087809468762,250.69,-18.31878094687619,18.31878094687619,7.307344109006694,2025/2/1 12:45
269.5075813940845,245.6,-23.90758139408453,23.90758139408453,9.734357245144462,2025/2/1 13:00
285.60540197861417,256.54,-29.065401978614148,29.065401978614148,11.329773906058632,2025/2/1 13:15
283.88812748741464,253.96,-29.928127487414628,29.928127487414628,11.784583197118776,2025/2/1 13:30
283.1064776142103,271.75,-11.356477614210291,11.356477614210291,4.179016601363795,2025/2/1 13:45
289.9054532677582,273.15,-16.75545326775824,16.75545326775824,6.134158252883804,2025/2/1 14:00
290.7626866651063,274.5,-16.262686665106287,16.262686665106287,5.924476016430004,2025/2/1 14:15
282.4810523020812,272.76,-9.721052302081205,9.721052302081205,3.563958169114841,2025/2/1 14:30
283.6733250765188,268.88,-14.793325076518784,14.793325076518784,5.501831700577686,2025/2/1 14:45
283.5934608364228,271.54,-12.0534608364228,12.0534608364228,4.438926433092127,2025/2/1 15:00
288.7688531227369,274.6,-14.168853122736891,14.168853122736891,5.159815412502451,2025/2/1 15:15
284.7076915570217,278.62,-6.087691557021685,6.087691557021685,2.1849442096832603,2025/2/1 15:30
288.0741063555056,277.89,-10.184106355505604,10.184106355505604,3.6647977097059776,2025/2/1 15:45
291.9927792746351,285.38,-6.612779274635102,6.612779274635102,2.3171838512274108,2025/2/1 16:00
291.51974378865106,283.17,-8.34974378865104,8.34974378865104,2.9486682164947173,2025/2/1 16:15
299.63585179144746,282.05,-17.585851791447453,17.585851791447453,6.235012157929877,2025/2/1 16:30
296.2707970172528,275.08,-21.190797017252805,21.190797017252805,7.703503350750729,2025/2/1 16:45
297.76699787601035,286.43,-11.336997876010344,11.336997876010344,3.958034380479135,2025/2/1 17:00
299.3787951770186,290.11,-9.268795177018603,9.268795177018603,3.194924400060463,2025/2/1 17:15
298.0309966596326,293.31,-4.72099665963259,4.72099665963259,1.6095587124990558,2025/2/1 17:30
298.89232281684247,315.58,16.68767718315752,16.68767718315752,5.2879387740516615,2025/2/1 17:45
299.9803692582718,331.03,31.04963074172815,31.04963074172815,9.3797029700386,2025/2/1 18:00
298.48900704152976,305.89,7.400992958470226,7.400992958470226,2.419494902895749,2025/2/1 18:15
301.956627173746,279.51,-22.44662717374598,22.44662717374598,8.030706298070893,2025/2/1 18:30
300.8199985687563,283.46,-17.35999856875634,17.35999856875634,6.124320386915338,2025/2/1 18:45
300.81649458544206,286.96,-13.856494585442078,13.856494585442078,4.8287198861992096,2025/2/1 19:00
298.92649595974007,293.88,-5.046495959740071,5.046495959740071,1.717196120776628,2025/2/1 19:15
297.77361820169926,298.82,1.0463817983007289,1.0463817983007289,0.3501712731076831,2025/2/1 19:30
297.3359949219255,301.94,4.604005078074522,4.604005078074522,1.524807934713187,2025/2/1 19:45
293.285883707818,301.94,8.654116292182039,8.654116292182039,2.8661708591704222,2025/2/1 20:00
289.8642048585306,308.6,18.7357951414694,18.7357951414694,6.071223312204577,2025/2/1 20:15
287.95174705966537,307.59,19.63825294033461,19.63825294033461,6.384555070167505,2025/2/1 20:30
290.46963256758323,293.97,3.5003674324167946,3.5003674324167946,1.1907226698015456,2025/2/1 20:45
286.4616674940923,278.78,-7.6816674940923235,7.6816674940923235,2.7554586032317845,2025/2/1 21:00
281.28138277929423,278.23,-3.051382779294215,3.051382779294215,1.096712352835107,2025/2/1 21:15
282.0219055674108,292.04,10.018094432589235,10.018094432589235,3.430384342071568,2025/2/1 21:30
290.43168014703275,304.39,13.958319852967236,13.958319852967236,4.585669651750272,2025/2/1 21:45
290.31940748619854,321.63,31.310592513801453,31.310592513801453,9.734972643656288,2025/2/1 22:00
291.51670055564017,330.11,38.59329944435984,38.59329944435984,11.691042211489547,2025/2/1 22:15
294.10199338341374,331.41,37.30800661658628,37.30800661658628,11.257356934484482,2025/2/1 22:30
298.58450619674414,318.68,20.095493803255863,20.095493803255863,6.305853459034003,2025/2/1 22:45
297.3754750904535,311.1,13.724524909546515,13.724524909546515,4.411611992781133,2025/2/1 23:00
303.1141283637735,302.22,-0.8941283637734614,0.8941283637734614,0.2958534722298873,2025/2/1 23:15
306.611501684584,300.68,-5.9315016845840205,5.9315016845840205,1.9726957844160065,2025/2/1 23:30
302.0078563361386,306.74,4.732143663861393,4.732143663861393,1.5427214135293248,2025/2/1 23:45
297.5318781114044,305.4,7.868121888595567,7.868121888595567,2.576333296854287,2025/2/2 0:00
302.7514830803969,312.33,9.578516919603032,9.578516919603032,3.0667937500720286,2025/2/2 0:15
299.7715092195754,314.16,14.388490780424604,14.388490780424604,4.579988152667438,2025/2/2 0:30
305.4344495024312,310.79,5.3555504975688,5.3555504975688,1.723205539935994,2025/2/2 0:45
298.842826140424,303.56,4.717173859576008,4.717173859576008,1.5539510671941144,2025/2/2 1:00
298.7135412081071,297.17,-1.543541208107058,1.543541208107058,0.519413537068526,2025/2/2 1:15
296.1947488967434,300.82,4.6252511032565735,4.6252511032565735,1.537547737269808,2025/2/2 1:30
299.2795388255244,293.26,-6.019538825524421,6.019538825524421,2.052628665867274,2025/2/2 1:45
298.7883327684341,281.43,-17.35833276843408,17.35833276843408,6.167904192313511,2025/2/2 2:00
285.8479523928225,290.95,5.1020476071774965,5.1020476071774965,1.7535822674603,2025/2/2 2:15
283.92938127982364,291.04,7.110618720176376,7.110618720176376,2.443175755969603,2025/2/2 2:30
282.88584738388977,294.82,11.934152616110223,11.934152616110223,4.047945395870761,2025/2/2 2:45
279.2910487457563,297.11,17.8189512542437,17.8189512542437,5.997425618201239,2025/2/2 3:00
278.4909076973573,287.04,8.549092302642748,8.549092302642748,2.9783627029820825,2025/2/2 3:15
276.96510470595376,289.77,12.80489529404622,12.80489529404622,4.418985848791041,2025/2/2 3:30
275.1824593722717,285.36,10.177540627728265,10.177540627728265,3.5665617562814327,2025/2/2 3:45
266.72855713265204,275.14,8.411442867347944,8.411442867347944,3.057150129877476,2025/2/2 4:00
258.7364207010769,281.72,22.98357929892313,22.98357929892313,8.158305870692521,2025/2/2 4:15
247.8435596263145,290.25,42.40644037368549,42.40644037368549,14.61031537421908,2025/2/2 4:30
235.28666223442804,293.72,58.43333776557199,58.43333776557199,19.894231841737746,2025/2/2 4:45
229.6750406279708,294.79,65.11495937202926,65.11495937202926,22.088591665934118,2025/2/2 5:00
217.110343643099,293.33,76.219656356901,76.219656356901,25.984269033810047,2025/2/2 5:15
216.751401858568,295.33,78.57859814143197,78.57859814143197,26.607049111639647,2025/2/2 5:30
216.9697342144972,286.36,69.39026578550283,69.39026578550283,24.231829091171463,2025/2/2 5:45
211.2014947640928,276.65,65.44850523590716,65.44850523590716,23.657511381125435,2025/2/2 6:00
209.9974537814637,287.88,77.8825462185363,77.8825462185363,27.05382319664765,2025/2/2 6:15
196.5421791409102,289.74,93.1978208590898,93.1978208590898,32.16601810556279,2025/2/2 6:30
186.08487725938863,280.53,94.44512274061132,94.44512274061132,33.66667477295749,2025/2/2 6:45
178.83129648284827,264.39,85.55870351715171,85.55870351715171,32.36079409853601,2025/2/2 7:00
166.97821750081428,262.54,95.56178249918574,95.56178249918574,36.39894206564689,2025/2/2 7:15
157.74901453968204,248.08,90.33098546031798,90.33098546031798,36.41203864087454,2025/2/2 7:30
147.93585254602849,226.38,78.44414745397151,78.44414745397151,34.65153611358639,2025/2/2 7:45
135.83963475219477,213.56,77.72036524780523,77.72036524780523,36.39275390886348,2025/2/2 8:00
132.89480131925154,199.77,66.87519868074847,66.87519868074847,33.47609685173699,2025/2/2 8:15
127.5584586521016,202.63,75.0715413478984,75.0715413478984,37.04858182295877,2025/2/2 8:30
125.452192907825,188.96,63.50780709217501,63.50780709217501,33.609127377297526,2025/2/2 8:45
120.23087160766836,183.85,63.61912839233163,63.61912839233163,34.60382289491272,2025/2/2 9:00
112.48055236193998,170.32,57.83944763806001,57.83944763806001,33.95928114022197,2025/2/2 9:15
107.15275025190122,151.58,44.42724974809879,44.42724974809879,29.30944039323755,2025/2/2 9:30
106.32030718147035,138.67,32.34969281852963,32.34969281852963,23.32854461563879,2025/2/2 9:45
92.14665258880834,146.21,54.06334741119167,54.06334741119167,36.97650462427652,2025/2/2 10:00
85.86805800299345,145.19,59.32194199700655,59.32194199700655,40.85814587572539,2025/2/2 10:15
87.98690337567913,133.96,45.97309662432088,45.97309662432088,34.318525398840364,2025/2/2 10:30
75.10965152352549,129.64,54.5303484764745,54.5303484764745,42.06290379237307,2025/2/2 10:45
75.86705035086658,141.41,65.54294964913342,65.54294964913342,46.34958606116051,2025/2/2 11:00
71.23741868656892,150.96,79.72258131343109,79.72258131343109,52.81040097600575,2025/2/2 11:15
72.0473351049555,150.19,78.1426648950445,78.1426648950445,52.02920626872128,2025/2/2 11:30
78.30966673502239,150.69,72.38033326497761,72.38033326497761,48.03260552454017,2025/2/2 11:45
77.94800898913559,161.3,83.35199101086442,83.35199101086442,51.67513391866878,2025/2/2 12:00
71.08176590923597,170.65,99.56823409076404,99.56823409076404,58.346460059013005,2025/2/2 12:15
67.01345138127142,169.14,102.12654861872856,102.12654861872856,60.379891580151465,2025/2/2 12:30
57.98478998764598,170.55,112.56521001235404,112.56521001235404,66.00129581488598,2025/2/2 12:45
58.81508116809497,173.21,114.39491883190504,114.39491883190504,66.04406144670574,2025/2/2 13:00
68.83229140554003,179.42,110.58770859445995,110.58770859445995,61.63622148835043,2025/2/2 13:15
76.16738118931733,185.25,109.08261881068267,109.08261881068267,58.88400475607223,2025/2/2 13:30
82.84337764012626,187.57,104.72662235987372,104.72662235987372,55.83335413969073,2025/2/2 13:45
81.75925668030924,187.82,106.06074331969076,106.06074331969076,56.469355403915614,2025/2/2 14:00
82.45186397406015,195.38,112.92813602593984,112.92813602593984,57.79923023128368,2025/2/2 14:15
95.64135967540498,201.26,105.618640324595,105.618640324595,52.478704325023614,2025/2/2 14:30
109.11501086799711,205.78,96.66498913200287,96.66498913200287,46.97491939544947,2025/2/2 14:45
122.01466624707405,208.44,86.42533375292597,86.42533375292597,41.46293118062009,2025/2/2 15:00
132.36638296095592,209.9,77.53361703904409,77.53361703904409,36.93835971367658,2025/2/2 15:15
138.98980678054798,215.35,76.36019321945201,76.36019321945201,35.45864556276599,2025/2/2 15:30
146.47611000138497,214.51,68.03388999861502,68.03388999861502,31.715952635580308,2025/2/2 15:45
156.5908464707354,221.96,65.3691535292646,65.3691535292646,29.45087111607278,2025/2/2 16:00
151.4970123487878,226.86,75.36298765121222,75.36298765121222,33.22004216308693,2025/2/2 16:15
167.82297770407396,241.32,73.49702229592603,73.49702229592603,30.456249915421672,2025/2/2 16:30
180.10667741464343,247.82,67.71332258535656,67.71332258535656,27.323590745431865,2025/2/2 16:45
184.88029720514828,263.31,78.42970279485172,78.42970279485172,29.78607071316013,2025/2/2 17:00
192.21589878273525,260.66,68.44410121726477,68.44410121726477,26.257999392786967,2025/2/2 17:15
196.17048608597443,268.72,72.5495139140256,72.5495139140256,26.998181718516896,2025/2/2 17:30
203.6429532558286,272.57,68.9270467441714,68.9270467441714,25.287833123288006,2025/2/2 17:45
209.0747627464081,275.47,66.39523725359192,66.39523725359192,24.10252922407805,2025/2/2 18:00
207.94830553806577,274.93,66.98169446193424,66.98169446193424,24.363181341399585,2025/2/2 18:15
218.6625155271765,277.2,58.53748447282348,58.53748447282348,21.11741864098209,2025/2/2 18:30
218.30393059560532,271.75,53.44606940439465,53.44606940439465,19.66736684613615,2025/2/2 18:45
229.47460997559492,261.83,32.35539002440504,32.35539002440504,12.35740366817885,2025/2/2 19:00
239.44819753832476,261.03,21.58180246167524,21.58180246167524,8.267939494183416,2025/2/2 19:15
255.54595152310773,247.11,-8.435951523107718,8.435951523107718,3.413844653435436,2025/2/2 19:30
265.076745334307,221.56,-43.51674533430702,43.51674533430702,19.64106577644312,2025/2/2 19:45
264.3441397305271,202.57,-61.77413973052711,61.77413973052711,30.495206462208923,2025/2/2 20:00
259.63755561854106,186.19,-73.44755561854106,73.44755561854106,39.44763715478899,2025/2/2 20:15
252.41605128311795,177.36,-75.05605128311794,75.05605128311794,42.318477268310566,2025/2/2 20:30
249.52848152224297,180.1,-69.42848152224298,69.42848152224298,38.54996197790363,2025/2/2 20:45
230.66207393994856,190.88,-39.78207393994856,39.78207393994856,20.84140503977773,2025/2/2 21:00
226.7314860645803,193.99,-32.7414860645803,32.7414860645803,16.87792466857231,2025/2/2 21:15
206.65827543560408,185.66,-20.99827543560409,20.99827543560409,11.310069716467078,2025/2/2 21:30
196.940059545787,168.42,-28.520059545787007,28.520059545787007,16.933891192120935,2025/2/2 21:45
179.64572143236109,138.62,-41.02572143236108,41.02572143236108,29.595816932860693,2025/2/2 22:00
172.58778151973374,104.25,-68.33778151973374,68.33778151973374,65.55182879584478,2025/2/2 22:15
157.28167799983063,69.37,-87.91167799983063,87.91167799983063,126.72866945322748,2025/2/2 22:30
146.93903900028548,50.16,-96.77903900028548,96.77903900028548,192.9406678630234,2025/2/2 22:45
129.81508745591324,31.16,-98.65508745591325,98.65508745591325,316.60811121821774,2025/2/2 23:00
116.27424776979296,23.96,-92.31424776979296,92.31424776979296,385.2848404399319,2025/2/2 23:15
122.44547353569598,28.24,-94.205473535696,94.205473535696,333.5887873065241,2025/2/2 23:30
118.4855084719638,40.01,-78.47550847196379,78.47550847196379,196.1397362453578,2025/2/2 23:45
102.63010387988209,52.06,-50.57010387988208,50.57010387988208,97.13811732574902,2025/2/3 0:00
103.22336946026368,68.7,-34.523369460263666,34.523369460263666,50.25235729288706,2025/2/3 0:15
103.34059966390686,90.26,-13.080599663906852,13.080599663906852,14.492133463208908,2025/2/3 0:30
107.64225542059832,107.61,-0.0322554205983323,0.0322554205983323,0.0299743709676631,2025/2/3 0:45
115.43590354638836,122.29,6.854096453611632,6.854096453611632,5.604788988147867,2025/2/3 1:00
110.53448605291442,127.63,17.09551394708558,17.09551394708558,13.3945890049927,2025/2/3 1:15
104.20266993360735,136.54,32.33733006639264,32.33733006639264,23.68341150312653,2025/2/3 1:30
108.92164576908954,144.7,35.77835423091045,35.77835423091045,24.725884057281085,2025/2/3 1:45
107.3762377603093,152.62,45.24376223969071,45.24376223969071,29.644713824964665,2025/2/3 2:00
109.4428239562274,152.53,43.08717604377259,43.08717604377259,28.248328882019496,2025/2/3 2:15
115.99583881461382,145.37,29.374161185386185,29.374161185386185,20.206480831922665,2025/2/3 2:30
119.841063495356,138.55,18.708936504644,18.708936504644,13.503382536723564,2025/2/3 2:45
110.36358526125554,140.7,30.33641473874445,30.33641473874445,21.56106235872274,2025/2/3 3:00
105.47158642967683,142.0,36.52841357032315,36.52841357032315,25.724234908660165,2025/2/3 3:15
95.23108862787969,139.87,44.63891137212033,44.63891137212033,31.914571653741632,2025/2/3 3:30
104.4563956565587,145.65,41.19360434344131,41.19360434344131,28.28259824470513,2025/2/3 3:45
97.75336331979732,152.14,54.386636680202656,54.386636680202656,35.74775646126391,2025/2/3 4:00
99.81014697382514,169.0,69.18985302617486,69.18985302617486,40.94074143558221,2025/2/3 4:15
98.1923598404853,180.87,82.67764015951471,82.67764015951471,45.71108539805883,2025/2/3 4:30
97.16398729705266,185.31,88.14601270294735,88.14601270294735,47.566786845232194,2025/2/3 4:45
101.64933107043016,188.79,87.14066892956983,87.14066892956983,46.15746010356676,2025/2/3 5:00
108.43551496129508,197.08,88.64448503870494,88.64448503870494,44.97893496989038,2025/2/3 5:15
109.25455042607908,200.55,91.29544957392092,91.29544957392092,45.52253780796581,2025/2/3 5:30
112.20622962215776,199.75,87.54377037784224,87.54377037784224,43.8266685245549,2025/2/3 5:45
116.9570563508452,199.2,82.24294364915478,82.24294364915478,41.286618297747744,2025/2/3 6:00
122.77888002514524,203.41,80.63111997485477,80.63111997485477,39.63970305039828,2025/2/3 6:15
120.58520917869808,204.29,83.70479082130191,83.70479082130191,40.97351354508833,2025/2/3 6:30
123.03569952832366,202.02,78.98430047167635,78.98430047167635,39.09726783072827,2025/2/3 6:45
122.94299004489504,200.69,77.74700995510496,77.74700995510496,38.73985248645484,2025/2/3 7:00
123.95594562664846,188.72,64.76405437335154,64.76405437335154,34.317536230032445,2025/2/3 7:15
124.1923209397539,186.55,62.35767906024611,62.35767906024611,33.42679124106817,2025/2/3 7:30
124.85185295572782,184.1,59.24814704427217,59.24814704427217,32.182589377642586,2025/2/3 7:45
118.8985955916689,185.7,66.8014044083311,66.8014044083311,35.972754124014614,2025/2/3 8:00
119.09501719067278,192.13,73.03498280932722,73.03498280932722,38.01331536422693,2025/2/3 8:15
120.30810507194072,196.02,75.7118949280593,75.7118949280593,38.6245765370986,2025/2/3 8:30
120.7139704516382,192.42,71.7060295483618,71.7060295483618,37.26537238765437,2025/2/3 8:45
123.17631398779102,182.19,59.01368601220898,59.01368601220898,32.391287124527466,2025/2/3 9:00
127.45979683414744,173.91,46.45020316585254,46.45020316585254,26.709334233698947,2025/2/3 9:15
131.16590284232575,165.35,34.184097157674245,34.184097157674245,20.67378116580198,2025/2/3 9:30
145.04712154278317,169.24,24.192878457216864,24.192878457216864,14.295012087687644,2025/2/3 9:45
153.21469548820096,180.61,27.39530451179905,27.39530451179905,15.168210238516078,2025/2/3 10:00
152.37879853453194,178.37,25.991201465468063,25.991201465468063,14.571509483351178,2025/2/3 10:15
158.94358057167904,170.71,11.766419428320972,11.766419428320972,6.892636300342147,2025/2/3 10:30
165.83404495035504,161.68,-4.154044950355029,4.154044950355029,2.5693004393570384,2025/2/3 10:45
163.97788698368691,158.78,-5.197886983686914,5.197886983686914,3.273640876485477,2025/2/3 11:00
159.998894408299,154.72,-5.27889440829901,5.27889440829901,3.411901763376162,2025/2/3 11:15
157.53160394754738,160.61,3.078396052452632,3.078396052452632,1.916690151578803,2025/2/3 11:30
160.00942596151495,158.92,-1.0894259615149622,1.0894259615149622,0.6855184756571084,2025/2/3 11:45
160.17171350613714,154.13,-6.041713506137143,6.041713506137143,3.91988159743932,2025/2/3 12:00
150.4388626271267,148.52,-1.918862627126685,1.918862627126685,1.2919893799659263,2025/2/3 12:15
138.5798179868868,138.95,0.3701820131131796,0.3701820131131796,0.2664138273572604,2025/2/3 12:30
134.3241764885663,134.54,0.2158235114336832,0.2158235114336832,0.1604158699520758,2025/2/3 12:45
136.61327311868246,129.78,-6.833273118682456,6.833273118682456,5.265274401816298,2025/2/3 13:00
134.41727050270683,124.74,-9.677270502706833,9.677270502706833,7.757952944283369,2025/2/3 13:15
134.15835127378546,119.26,-14.898351273785453,14.898351273785453,12.492328755469527,2025/2/3 13:30
125.63554188907752,114.58,-11.055541889077515,11.055541889077515,9.6487536123825,2025/2/3 13:45
121.07431552859708,98.31,-22.764315528597063,22.764315528597063,23.155645945045173,2025/2/3 14:00
115.16793869234763,92.43,-22.737938692347623,22.737938692347623,24.60017168919509,2025/2/3 14:15
105.8449922338668,90.26,-15.5849922338668,15.5849922338668,17.26677623958512,2025/2/3 14:30
106.2362252946724,84.48,-21.756225294672404,21.756225294672404,25.75310759309499,2025/2/3 14:45
102.88711411029522,82.1,-20.78711411029522,20.78711411029522,25.31926201007296,2025/2/3 15:00
101.34440366138917,86.23,-15.114403661389147,15.114403661389147,17.528010740312673,2025/2/3 15:15
94.17485859280286,96.33,2.155141407197135,2.155141407197135,2.237248424369249,2025/2/3 15:30
89.54502511754976,100.4,10.85497488245025,10.85497488245025,10.81172797055721,2025/2/3 15:45
86.47997898991171,91.36,4.880021010088285,4.880021010088285,5.341529126623187,2025/2/3 16:00
84.30264841300168,82.6,-1.7026484130016826,1.7026484130016826,2.0613176912828344,2025/2/3 16:15
83.50404774038903,82.77,-0.7340477403890304,0.7340477403890304,0.8868524107625271,2025/2/3 16:30
86.62485649979457,76.67,-9.954856499794571,9.954856499794571,12.98403091141462,2025/2/3 16:45
84.68010144768519,67.94,-16.74010144768519,16.74010144768519,24.639537014513618,2025/2/3 17:00
85.27443926044137,64.25,-21.02443926044137,21.02443926044137,32.72286266211462,2025/2/3 17:15
87.09376438092458,58.38,-28.71376438092458,28.71376438092458,49.18424868255463,2025/2/3 17:30
85.36855177987267,60.45,-24.918551779872672,24.918551779872672,41.22175645960537,2025/2/3 17:45
88.54309972094626,60.73,-27.813099720946266,27.813099720946266,45.79795771595664,2025/2/3 18:00
91.81923620359132,55.48,-36.33923620359133,36.33923620359133,65.49970476482667,2025/2/3 18:15
92.53137068044424,51.27,-41.26137068044424,41.26137068044424,80.47858529425346,2025/2/3 18:30
94.82494758257828,53.34,-41.484947582578286,41.484947582578286,77.77455489782622,2025/2/3 18:45
90.49699773627135,58.73,-31.76699773627137,31.76699773627137,54.08989909112427,2025/2/3 19:00
87.93225596133499,62.09,-25.842255961334985,25.842255961334985,41.62064094265319,2025/2/3 19:15
90.01630723002471,66.65,-23.366307230024702,23.366307230024702,35.058225401334795,2025/2/3 19:30
90.8617438895768,66.21,-24.65174388957682,24.65174388957682,37.23265955224224,2025/2/3 19:45
90.00614877877155,66.19,-23.81614877877155,23.81614877877155,35.98149082752012,2025/2/3 20:00
91.00088844686164,66.31,-24.690888446861635,24.690888446861635,37.23554282434685,2025/2/3 20:15
90.97751164110991,65.48,-25.49751164110991,25.49751164110991,38.9393885783002,2025/2/3 20:30
90.36469690414384,71.09,-19.27469690414384,19.27469690414384,27.11309172051867,2025/2/3 20:45
91.01894093029614,85.38,-5.638940930296144,5.638940930296144,6.604522054684399,2025/2/3 21:00
93.56663801092212,93.2,-0.3666380109221165,0.3666380109221165,0.3933884237357544,2025/2/3 21:15
94.58109755018585,93.36,-1.2210975501858456,1.2210975501858456,1.3079451051676712,2025/2/3 21:30
94.31971671458484,91.65,-2.669716714584837,2.669716714584837,2.9129478609731847,2025/2/3 21:45
92.95893887589752,97.09,4.131061124102473,4.131061124102473,4.254878076113109,2025/2/3 22:00
92.48668717318102,101.91,9.423312826818972,9.423312826818972,9.246700840751371,2025/2/3 22:15
93.36602857169548,103.44,10.073971428304532,10.073971428304532,9.738951496804711,2025/2/3 22:30
91.68916765133902,94.9,3.210832348660986,3.210832348660986,3.3833849827793494,2025/2/3 22:45
88.70426088114027,87.83,-0.8742608811402732,0.8742608811402732,0.9954012081740612,2025/2/3 23:00
85.41277788842491,77.83,-7.582777888424914,7.582777888424914,9.742744299646883,2025/2/3 23:15
81.4172955817064,68.03,-13.387295581706397,13.387295581706397,19.67851768585436,2025/2/3 23:30
76.66342450307576,67.16,-9.503424503075763,9.503424503075763,14.150423619805856,2025/2/3 23:45
74.16020141182793,67.02,-7.140201411827931,7.140201411827931,10.653836782777198,2025/2/4 0:00
75.53965082711323,63.53,-12.009650827113234,12.009650827113234,18.90390496945432,2025/2/4 0:15
70.99383792208538,63.3,-7.693837922085379,7.693837922085379,12.154562278156751,2025/2/4 0:30
67.91896323822233,65.05,-2.868963238222335,2.868963238222335,4.410396984193581,2025/2/4 0:45
64.85267630256375,70.43,5.577323697436256,5.577323697436256,7.918960240562738,2025/2/4 1:00
63.53483354371736,75.78,12.245166456282648,12.245166456282648,16.158836706606607,2025/2/4 1:15
61.450541108017546,73.77,12.31945889198245,12.31945889198245,16.699822274590957,2025/2/4 1:30
59.38159146840124,72.84,13.458408531598764,13.458408531598764,18.476672887946577,2025/2/4 1:45
56.79326551124265,78.49,21.696734488757343,21.696734488757343,27.64267357463333,2025/2/4 2:00
53.73546666089618,79.87,26.134533339103825,26.134533339103825,32.72133884946927,2025/2/4 2:15
50.54823699395001,82.1,31.55176300604998,31.55176300604998,38.43089282096413,2025/2/4 2:30
50.60575048844012,82.71,32.10424951155987,32.10424951155987,38.81543889677313,2025/2/4 2:45
46.93588743832936,81.75,34.81411256167064,34.81411256167064,42.58607041177744,2025/2/4 3:00
41.44034183690985,84.64,43.19965816309015,43.19965816309015,51.03929367088742,2025/2/4 3:15
44.30975168135252,79.19,34.88024831864748,34.88024831864748,44.046278972854445,2025/2/4 3:30
42.62624985312879,73.85,31.223750146871204,31.223750146871204,42.27995957593625,2025/2/4 3:45
43.52186389982637,68.42,24.89813610017363,24.89813610017363,36.39014337932949,2025/2/4 4:00
40.981419091629945,66.06,25.078580908370057,25.078580908370057,37.96333773589478,2025/2/4 4:15
38.86019942423967,64.21,25.349800575760327,25.349800575760327,39.47952122055887,2025/2/4 4:30
38.9101548598888,68.02,29.1098451401112,29.1098451401112,42.79600873282623,2025/2/4 4:45
34.50193829046065,68.46,33.958061709539344,33.958061709539344,49.60277784032974,2025/2/4 5:00
34.30010380332971,66.63,32.32989619667028,32.32989619667028,48.52153113705803,2025/2/4 5:15
31.43823222880656,63.3,31.861767771193435,31.861767771193435,50.33454624193223,2025/2/4 5:30
30.911415197089443,68.71,37.79858480291056,37.79858480291056,55.01176655924254,2025/2/4 5:45
28.802806812241798,78.29,49.48719318775821,49.48719318775821,63.210107533139606,2025/2/4 6:00
25.97509072321864,82.67,56.69490927678136,56.69490927678136,68.57978623044971,2025/2/4 6:15
23.36080593711704,76.62,53.25919406288297,53.25919406288297,69.51082493188913,2025/2/4 6:30
21.193078504253187,70.65,49.45692149574682,49.45692149574682,70.00271973910377,2025/2/4 6:45
20.633653668559397,66.75,46.11634633144061,46.11634633144061,69.08815929793487,2025/2/4 7:00
19.04698510266873,64.58,45.53301489733127,45.53301489733127,70.50637178268933,2025/2/4 7:15
13.726120931742178,63.24,49.51387906825782,49.51387906825782,78.29519144240912,2025/2/4 7:30
14.484291519144042,61.44,46.955708480855954,46.955708480855954,76.4253067721021,2025/2/4 7:45
12.243939515764046,58.88,46.63606048423596,46.63606048423596,79.20526576792926,2025/2/4 8:00
11.093976088848768,54.17,43.07602391115123,43.07602391115123,79.52007367744454,2025/2/4 8:15
9.825516370346245,54.1,44.27448362965376,44.27448362965376,81.83823221732332,2025/2/4 8:30
9.174995920782823,50.96,41.78500407921717,41.78500407921717,81.9956908931224,2025/2/4 8:45
8.637793547619744,49.72,41.082206452380255,41.082206452380255,82.62712480349482,2025/2/4 9:00
6.11080371214532,43.47,37.35919628785468,37.35919628785468,85.9424805331694,2025/2/4 9:15
6.11080371214532,38.46,32.34919628785468,32.34919628785468,84.11127479919544,2025/2/4 9:30
6.939916221258838,46.56,39.62008377874116,39.62008377874116,85.09468165518913,2025/2/4 9:45
6.466293962351933,46.84,40.37370603764807,40.37370603764807,86.19493176251467,2025/2/4 10:00
5.740872487839979,42.87,37.12912751216002,37.12912751216002,86.6086482670245,2025/2/4 10:15
5.7728338354824125,34.07,28.297166164517588,28.297166164517588,83.05596173887446,2025/2/4 10:30
5.49789449551433,33.78,28.28210550448567,28.28210550448567,83.72440942688556,2025/2/4 10:45
5.050186204602278,32.84,27.789813795397727,27.789813795397727,84.62184468731151,2025/2/4 11:00
4.37288986581719,32.04,27.66711013418281,27.66711013418281,86.3517794447455,2025/2/4 11:15
4.37288986581719,24.66,20.28711013418281,20.28711013418281,82.26727548297058,2025/2/4 11:30
4.853109257892981,22.28,17.42689074210702,17.42689074210702,78.21764246871096,2025/2/4 11:45
4.91730375584523,20.57,15.65269624415477,15.65269624415477,76.09477999065957,2025/2/4 12:00
4.5505263802353015,20.93,16.3794736197647,16.3794736197647,78.25835460910866,2025/2/4 12:15
7.028105784898587,20.51,13.481894215101416,13.481894215101416,65.73327262328465,2025/2/4 12:30
5.626131994981448,12.6,6.973868005018551,6.973868005018551,55.34815876954924,2025/2/4 12:45
7.876475882479338,9.1,1.223524117520662,1.223524117520662,13.445319972606775,2025/2/4 13:00
6.823514600857498,4.63,-2.1935146008574984,2.1935146008574984,47.376125287475645,2025/2/4 13:15
1.9150897147226256,2.11,0.1949102852773743,0.1949102852773743,9.237454278110752,2025/2/4 13:30
1.915670991629399,0.14,-1.775670991629399,1.775670991629399,1268.336421686473,2025/2/4 13:45
2.5915935301317323,0.0,-2.5915935301317323,2.5915935301317323,2591593530131.7324,2025/2/4 14:00
3.076298637751324,0.0,-3.076298637751324,3.076298637751324,3076298637751.324,2025/2/4 14:15
5.036075742065318,0.0,-5.036075742065318,5.036075742065318,5036075742065.317,2025/2/4 14:30
13.939682633364876,0.0,-13.939682633364876,13.939682633364876,13939682633364.877,2025/2/4 14:45
23.051931613908582,0.0,-23.051931613908582,23.051931613908582,23051931613908.586,2025/2/4 15:00
30.885813716762808,0.0,-30.885813716762808,30.885813716762808,30885813716762.805,2025/2/4 15:15
41.07610435003386,0.0,-41.07610435003386,41.07610435003386,41076104350033.86,2025/2/4 15:30
51.30769661542821,0.0,-51.30769661542821,51.30769661542821,51307696615428.21,2025/2/4 15:45
66.88056923313452,0.0,-66.88056923313452,66.88056923313452,66880569233134.52,2025/2/4 16:00
71.04321670182365,0.0,-71.04321670182365,71.04321670182365,71043216701823.64,2025/2/4 16:15
81.95965394512537,0.0,-81.95965394512537,81.95965394512537,81959653945125.36,2025/2/4 16:30
81.39725686984173,0.0,-81.39725686984173,81.39725686984173,81397256869841.72,2025/2/4 16:45
94.0262222916416,0.0,-94.0262222916416,94.0262222916416,94026222291641.6,2025/2/4 17:00
103.08240029781584,0.0,-103.08240029781584,103.08240029781584,103082400297815.84,2025/2/4 17:15
111.09434529078978,0.0,-111.09434529078978,111.09434529078978,111094345290789.77,2025/2/4 17:30
133.81377517144844,0.0,-133.81377517144844,133.81377517144844,133813775171448.44,2025/2/4 17:45
138.66210050261148,0.0,-138.66210050261148,138.66210050261148,138662100502611.48,2025/2/4 18:00
140.97303556413743,0.0,-140.97303556413743,140.97303556413743,140973035564137.44,2025/2/4 18:15
144.53119038967435,1.04,-143.49119038967436,143.49119038967436,13797.22984383434,2025/2/4 18:30
144.38576981627867,4.44,-139.94576981627867,139.94576981627867,3151.931752547899,2025/2/4 18:45
153.28617096683868,8.19,-145.09617096683868,145.09617096683868,1771.626019109488,2025/2/4 19:00
157.05660171760476,16.17,-140.88660171760478,140.88660171760478,871.2838696149257,2025/2/4 19:15
164.406338735893,25.58,-138.826338735893,138.826338735893,542.7143812953491,2025/2/4 19:30
177.35889769913254,29.39,-147.96889769913253,147.96889769913253,503.46681762037787,2025/2/4 19:45
191.5209878739567,34.78,-156.7409878739567,156.7409878739567,450.66413994682586,2025/2/4 20:00
193.38130737966563,42.43,-150.95130737966562,150.95130737966562,355.7655135029692,2025/2/4 20:15
201.88960484793768,53.6,-148.28960484793768,148.28960484793768,276.659710536681,2025/2/4 20:30
191.2185132967458,71.38,-119.83851329674582,119.83851329674582,167.88808251131678,2025/2/4 20:45
190.36130916334065,78.8,-111.56130916334062,111.56130916334062,141.57526543553178,2025/2/4 21:00
206.81812811772065,80.94,-125.87812811772062,125.87812811772062,155.52029666118742,2025/2/4 21:15
216.58941122227895,86.26,-130.32941122227896,130.32941122227896,151.08904616523054,2025/2/4 21:30
227.5362802618759,92.11,-135.4262802618759,135.4262802618759,147.02668576889465,2025/2/4 21:45
220.12951626556375,90.06,-130.06951626556378,130.06951626556378,144.42540113859576,2025/2/4 22:00
227.14864124814144,109.82,-117.32864124814142,117.32864124814142,106.83722568569895,2025/2/4 22:15
232.95839295656728,120.07,-112.88839295656727,112.88839295656727,94.0188164874434,2025/2/4 22:30
230.51381007173487,122.89,-107.62381007173488,107.62381007173488,87.57735378928089,2025/2/4 22:45
228.19523940897352,134.77,-93.42523940897352,93.42523940897352,69.32198516650901,2025/2/4 23:00
227.5520087192465,150.76,-76.79200871924647,76.79200871924647,50.93659373785855,2025/2/4 23:15
226.5456487927825,157.37,-69.17564879278251,69.17564879278251,43.95732909241822,2025/2/4 23:30
242.0395915204761,146.55,-95.4895915204761,95.4895915204761,65.15837019475329,2025/2/4 23:45
245.25161795085805,144.75,-100.50161795085803,100.50161795085803,69.4311695687659,2025/2/5 0:00
241.0674189761712,136.24,-104.82741897617116,104.82741897617116,76.9432024193293,2025/2/5 0:15
241.52198463359977,134.0,-107.52198463359976,107.52198463359976,80.24028703993996,2025/2/5 0:30
241.098058821735,132.22,-108.878058821735,108.878058821735,82.34613433796149,2025/2/5 0:45
240.8330202688504,140.79,-100.04302026885044,100.04302026885044,71.05832819715845,2025/2/5 1:00
235.26292837729144,135.16,-100.10292837729143,100.10292837729143,74.06253949187438,2025/2/5 1:15
239.55148413312023,137.89,-101.66148413312028,101.66148413312028,73.7265096330746,2025/2/5 1:30
243.4856930101897,150.56,-92.92569301018972,92.92569301018972,61.72004052213603,2025/2/5 1:45
237.8591284358519,159.85,-78.00912843585189,78.00912843585189,48.80145663797504,2025/2/5 2:00
224.84645876134664,168.49,-56.35645876134663,56.35645876134663,33.44795463310178,2025/2/5 2:15
222.36880055155603,169.62,-52.74880055155603,52.74880055155603,31.09821987473466,2025/2/5 2:30
220.01057049371025,172.79,-47.22057049371023,47.22057049371023,27.328300534569657,2025/2/5 2:45
218.1713106875728,185.71,-32.46131068757279,32.46131068757279,17.479570668006737,2025/2/5 3:00
222.7148686179732,203.2,-19.514868617973235,19.514868617973235,9.603773926163209,2025/2/5 3:15
227.12667346061107,213.54,-13.58667346061108,13.58667346061108,6.362589426151878,2025/2/5 3:30
227.54340213880664,207.07,-20.473402138806648,20.473402138806648,9.88718894035677,2025/2/5 3:45
230.04806195266525,203.02,-27.02806195266524,27.02806195266524,13.313004606763828,2025/2/5 4:00
228.8142433689912,207.88,-20.93424336899116,20.93424336899116,10.070349898490038,2025/2/5 4:15
224.41905895752308,200.99,-23.42905895752307,23.42905895752307,11.656828179268327,2025/2/5 4:30
221.360763799928,182.02,-39.34076379992797,39.34076379992797,21.61342918355475,2025/2/5 4:45
223.1578906088321,176.9,-46.2578906088321,46.2578906088321,26.149175019110203,2025/2/5 5:00
226.6778573051055,176.89,-49.78785730510552,49.78785730510552,28.146224944924743,2025/2/5 5:15
225.37835620696796,178.73,-46.64835620696795,46.64835620696795,26.09990276223457,2025/2/5 5:30
219.73821667796423,181.38,-38.358216677964265,38.358216677964265,21.147985818691765,2025/2/5 5:45
222.56972545281988,175.72,-46.84972545281988,46.84972545281988,26.66157833644049,2025/2/5 6:00
218.92678797026056,176.08,-42.84678797026055,42.84678797026055,24.333705117126428,2025/2/5 6:15
219.5332247500195,187.14,-32.39322475001953,32.39322475001953,17.309621005665395,2025/2/5 6:30
215.00469760189583,190.67,-24.33469760189587,24.33469760189587,12.762730163047731,2025/2/5 6:45
214.69392545462085,202.27,-12.423925454620845,12.423925454620845,6.14224821012246,2025/2/5 7:00
214.78139313198875,212.18,-2.601393131988744,2.601393131988744,1.226031262130039,2025/2/5 7:15
204.3131062504829,224.58,20.266893749517124,20.266893749517124,9.0243537935293,2025/2/5 7:30
198.5116033065829,231.53,33.01839669341709,33.01839669341709,14.260958274695646,2025/2/5 7:45
196.31996213788415,230.47,34.15003786211582,34.15003786211582,14.817563180501152,2025/2/5 8:00
186.54960147991,223.17,36.62039852008997,36.62039852008997,16.409194121106584,2025/2/5 8:15
186.96954827775863,214.11,27.14045172224135,27.14045172224135,12.675938406533405,2025/2/5 8:30
181.54276345581903,221.8,40.25723654418098,40.25723654418098,18.15024190449181,2025/2/5 8:45
179.42038501749863,207.48,28.05961498250136,28.05961498250136,13.52400953464808,2025/2/5 9:00
176.96241950601606,208.91,31.94758049398393,31.94758049398393,15.292508972269708,2025/2/5 9:15
172.80750901422385,209.56,36.75249098577618,36.75249098577618,17.537932327619128,2025/2/5 9:30
165.91787135784645,190.66,24.742128642153546,24.742128642153546,12.97709464079543,2025/2/5 9:45
168.99380901368514,179.8,10.806190986314874,10.806190986314874,6.010117344999368,2025/2/5 10:00
167.16453345111327,169.91,2.745466548886725,2.745466548886725,1.615835765337596,2025/2/5 10:15
166.11561890577778,154.8,-11.315618905777768,11.315618905777768,7.309831334477041,2025/2/5 10:30
171.31444044025676,162.84,-8.474440440256757,8.474440440256757,5.204151584531782,2025/2/5 10:45
173.72298547558916,168.51,-5.212985475589164,5.212985475589164,3.093576331129352,2025/2/5 11:00
169.61322351117246,160.94,-8.673223511172466,8.673223511172466,5.389103710182104,2025/2/5 11:15
170.78274132655102,157.89,-12.892741326551032,12.892741326551032,8.165647809578104,2025/2/5 11:30
176.06278863633963,151.25,-24.812788636339636,24.812788636339636,16.405149511618664,2025/2/5 11:45
186.8160052968556,152.6,-34.2160052968556,34.2160052968556,22.422021819680985,2025/2/5 12:00
187.0502757629788,157.41,-29.640275762978803,29.640275762978803,18.829982696753685,2025/2/5 12:15
183.2024333923474,154.44,-28.76243339234739,28.76243339234739,18.623694245227124,2025/2/5 12:30
178.53540924918522,172.99,-5.545409249185212,5.545409249185212,3.205624168554256,2025/2/5 12:45
187.37681998081771,175.56,-11.81681998081774,11.81681998081774,6.7309295857889095,2025/2/5 13:00
187.50955194115645,188.94,1.4304480588435524,1.4304480588435524,0.7570911711880997,2025/2/5 13:15
186.7587949222256,197.18,10.421205077774433,10.421205077774433,5.285122769940737,2025/2/5 13:30
187.44466912415825,228.19,40.74533087584175,40.74533087584175,17.85587925668254,2025/2/5 13:45
192.67675810028769,244.24,51.56324189971232,51.56324189971232,21.11171057144252,2025/2/5 14:00
178.3957058012787,255.79,77.3942941987213,77.3942941987213,30.256966339063705,2025/2/5 14:15
182.6212837266354,270.11,87.48871627336462,87.48871627336462,32.39003231029292,2025/2/5 14:30
185.3033891010754,295.19,109.8866108989246,109.8866108989246,37.22572272058247,2025/2/5 14:45
190.5319584522664,297.88,107.34804154773364,107.34804154773364,36.03734441644206,2025/2/5 15:00
190.4636466688098,288.74,98.27635333119022,98.27635333119022,34.03627946635596,2025/2/5 15:15
190.4636466688098,308.76,118.2963533311902,118.2963533311902,38.31336744758126,2025/2/5 15:30
189.73092346985695,318.69,128.95907653014302,128.95907653014302,40.46536650980657,2025/2/5 15:45
203.0207859726375,321.29,118.26921402736252,118.26921402736252,36.81073610362156,2025/2/5 16:00
209.10813976420505,318.79,109.681860235795,109.681860235795,34.40567779282932,2025/2/5 16:15
224.4775693153606,314.24,89.76243068463941,89.76243068463941,28.56492829831048,2025/2/5 16:30
226.0113610750514,307.24,81.2286389249486,81.2286389249486,26.438171763091447,2025/2/5 16:45
226.33619562759424,310.6,84.26380437240579,84.26380437240579,27.12936393186692,2025/2/5 17:00
231.67850015803137,307.99,76.31149984196864,76.31149984196864,24.77726544431438,2025/2/5 17:15
228.7750624764016,317.01,88.23493752359843,88.23493752359843,27.83348712140646,2025/2/5 17:30
227.82143886749867,308.83,81.00856113250131,81.00856113250131,26.230794007212737,2025/2/5 17:45
226.1976002959732,300.53,74.33239970402681,74.33239970402681,24.73377024057568,2025/2/5 18:00
222.34143434752696,290.06,67.71856565247305,67.71856565247305,23.346399245828348,2025/2/5 18:15
229.19828872733115,281.96,52.76171127266883,52.76171127266883,18.71248094504544,2025/2/5 18:30
223.08738659975705,271.08,47.99261340024296,47.99261340024296,17.704225099684688,2025/2/5 18:45
218.55798307326492,250.21,31.652016926735055,31.652016926735055,12.650180618969028,2025/2/5 19:00
215.8773091860733,240.22,24.342690813926737,24.342690813926737,10.133498798566569,2025/2/5 19:15
216.34991265033628,242.94,26.59008734966372,26.59008734966372,10.945125277703456,2025/2/5 19:30
218.05012520633176,243.65,25.59987479366825,25.59987479366825,10.506823227440076,2025/2/5 19:45
228.46359037016435,255.09,26.62640962983565,26.62640962983565,10.438045250627312,2025/2/5 20:00
223.3254133548801,250.5,27.17458664511986,27.17458664511986,10.848138381281045,2025/2/5 20:15
225.62781883861064,243.66,18.03218116138936,18.03218116138936,7.400550423287351,2025/2/5 20:30
210.94477706579883,224.15,13.205222934201174,13.205222934201174,5.891243780591249,2025/2/5 20:45
216.1868974891126,210.94,-5.246897489112598,5.246897489112598,2.487388588750408,2025/2/5 21:00
208.86794946545345,205.63,-3.237949465453454,3.237949465453454,1.574648380806244,2025/2/5 21:15
196.13370309582524,212.56,16.426296904174762,16.426296904174762,7.727840094169664,2025/2/5 21:30
191.7710677567995,222.52,30.7489322432005,30.7489322432005,13.818502715794844,2025/2/5 21:45
193.19928114329727,226.56,33.36071885670273,33.36071885670273,14.724893563156783,2025/2/5 22:00
194.725010312425,237.63,42.90498968757498,42.90498968757498,18.055375873230204,2025/2/5 22:15
195.66724858358305,241.65,45.98275141641699,45.98275141641699,19.02865773490501,2025/2/5 22:30
200.52807580805484,245.56,45.031924191945166,45.031924191945166,18.338460739504328,2025/2/5 22:45
198.15018522556144,255.69,57.53981477443858,57.53981477443858,22.503740769844764,2025/2/5 23:00
203.46520686480315,265.49,62.02479313519686,62.02479313519686,23.362383944846695,2025/2/5 23:15
195.94686640533288,271.11,75.16313359466713,75.16313359466713,27.72422027761403,2025/2/5 23:30
198.4797580539478,271.77,73.29024194605219,73.29024194605219,26.96774550024846,2025/2/5 23:45
198.1251589432921,273.83,75.70484105670792,75.70484105670792,27.6466570706936,2025/2/6 0:00
204.96011843143435,280.35,75.38988156856567,75.38988156856567,26.89134352364501,2025/2/6 0:15
205.1074399570258,284.96,79.85256004297418,79.85256004297418,28.02237508525624,2025/2/6 0:30
207.58594127458275,274.48,66.89405872541727,66.89405872541727,24.37119597981379,2025/2/6 0:45
210.3666698205491,269.24,58.8733301794509,58.8733301794509,21.86648721565482,2025/2/6 1:00
208.66879436243036,273.83,65.16120563756965,65.16120563756965,23.79622599333377,2025/2/6 1:15
204.2297427763319,271.94,67.7102572236681,67.7102572236681,24.89896934016445,2025/2/6 1:30
200.14077696413293,266.96,66.81922303586705,66.81922303586705,25.02967599484643,2025/2/6 1:45
196.1814317723844,264.66,68.47856822761565,68.47856822761565,25.874166185895024,2025/2/6 2:00
188.69684348132756,267.14,78.44315651867245,78.44315651867245,29.364062483582803,2025/2/6 2:15
191.55881982321915,257.35,65.79118017678087,65.79118017678087,25.56486503856821,2025/2/6 2:30
191.7514351814043,256.79,65.03856481859572,65.03856481859572,25.32753020700588,2025/2/6 2:45
192.14252619841676,254.44,62.29747380158327,62.29747380158327,24.484150998883344,2025/2/6 3:00
196.2651683022188,250.2,53.93483169778119,53.93483169778119,21.556687329240464,2025/2/6 3:15
192.05513444763952,252.4,60.34486555236049,60.34486555236049,23.908425337692783,2025/2/6 3:30
190.2376486051922,242.18,51.942351394807815,51.942351394807815,21.447828637701864,2025/2/6 3:45
191.8669884057109,242.67,50.80301159428908,50.80301159428908,20.93501940671205,2025/2/6 4:00
194.40987796253225,237.15,42.74012203746776,42.74012203746776,18.0224001844612,2025/2/6 4:15
197.8743598377547,247.43,49.55564016224531,49.55564016224531,20.028145399597975,2025/2/6 4:30
197.85356558016355,259.83,61.97643441983644,61.97643441983644,23.85268614856352,2025/2/6 4:45
199.3729815208773,252.97,53.59701847912271,53.59701847912271,21.187104589121844,2025/2/6 5:00
200.90424350516244,256.41,55.505756494837584,55.505756494837584,21.647266680244893,2025/2/6 5:15
201.8541731385759,257.86,56.00582686142411,56.00582686142411,21.7194705892354,2025/2/6 5:30
201.869188421162,254.0,52.13081157883804,52.13081157883804,20.523941566463588,2025/2/6 5:45
198.4936106147152,251.68,53.186389385284826,53.186389385284826,21.13254505136033,2025/2/6 6:00
203.3362891333049,244.59,41.25371086669514,41.25371086669514,16.866474862700144,2025/2/6 6:15
208.95536374125632,230.77,21.81463625874369,21.81463625874369,9.452977535526385,2025/2/6 6:30
209.91599540477708,221.68,11.764004595222929,11.764004595222929,5.306750539163489,2025/2/6 6:45
211.48539087079288,225.06,13.574609129207118,13.574609129207118,6.031551199325108,2025/2/6 7:00
214.06067312705517,227.4,13.339326872944866,13.339326872944866,5.866018853535181,2025/2/6 7:15
217.83770486345867,229.6,11.762295136541326,11.762295136541326,5.1229508434391136,2025/2/6 7:30
218.612797631294,244.98,26.367202368706018,26.367202368706018,10.763002028204449,2025/2/6 7:45
218.0446255673963,250.48,32.43537443260368,32.43537443260368,12.949287141724184,2025/2/6 8:00
225.05315985774752,240.88,15.82684014225248,15.82684014225248,6.570425166990165,2025/2/6 8:15
232.836794201519,236.03,3.1932057984809887,3.1932057984809887,1.3528813280005236,2025/2/6 8:30
232.03016094704128,222.58,-9.450160947041269,9.450160947041269,4.245736789934865,2025/2/6 8:45
235.98228299090815,209.91,-26.072282990908175,26.072282990908175,12.420696008239606,2025/2/6 9:00
233.15287301079115,203.14,-30.012873010791168,30.012873010791168,14.774477213141871,2025/2/6 9:15
241.97329587347295,197.49,-44.48329587347297,44.48329587347297,22.52432825634232,2025/2/6 9:30
241.0583608828748,187.55,-53.5083608828748,53.5083608828748,28.530184421672228,2025/2/6 9:45
240.2048514520793,184.03,-56.17485145207934,56.17485145207934,30.524833696706416,2025/2/6 10:00
239.95264649338708,183.45,-56.50264649338709,56.50264649338709,30.8000253438846,2025/2/6 10:15
244.1904451435783,183.69,-60.500445143578304,60.500445143578304,32.93616698979007,2025/2/6 10:30
250.83735803592404,181.66,-69.17735803592404,69.17735803592404,38.08067710882196,2025/2/6 10:45
254.07238167820236,174.23,-79.84238167820234,79.84238167820234,45.82585184994348,2025/2/6 11:00
251.8596227858811,182.11,-69.74962278588109,69.74962278588109,38.30081971656844,2025/2/6 11:15
252.48026438930663,190.56,-61.92026438930665,61.92026438930665,32.493841514102726,2025/2/6 11:30
251.71875121855567,184.44,-67.27875121855567,67.27875121855567,36.47731035486836,2025/2/6 11:45
250.33252039590144,181.26,-69.07252039590145,69.07252039590145,38.10687432189305,2025/2/6 12:00
261.8321112564939,176.32,-85.51211125649388,85.51211125649388,48.49824821713101,2025/2/6 12:15
274.60689540262774,184.5,-90.10689540262774,90.10689540262774,48.8384256924547,2025/2/6 12:30
291.4393722416951,196.3,-95.13937224169509,95.13937224169509,48.46631290965186,2025/2/6 12:45
291.1812228423908,204.12,-87.0612228423908,87.0612228423908,42.65198062039397,2025/2/6 13:00
280.47708507889143,216.3,-64.17708507889142,64.17708507889142,29.670404567203768,2025/2/6 13:15
271.79656539361577,234.91,-36.88656539361577,36.88656539361577,15.702424500276733,2025/2/6 13:30
274.79916310874,240.92,-33.879163108740016,33.879163108740016,14.062412049114211,2025/2/6 13:45
262.2653814616479,246.09,-16.175381461647902,16.175381461647902,6.572953578626247,2025/2/6 14:00
265.36507994957856,240.12,-25.245079949578557,25.245079949578557,10.513526549045494,2025/2/6 14:15
258.96566255808267,242.84,-16.125662558082666,16.125662558082666,6.640447437850447,2025/2/6 14:30
255.34137166529248,246.61,-8.731371665292471,8.731371665292471,3.540558641291484,2025/2/6 14:45
263.0331864736846,240.96,-22.07318647368461,22.07318647368461,9.160518954878592,2025/2/6 15:00
259.91168011912725,244.57,-15.34168011912726,15.34168011912726,6.27291986716318,2025/2/6 15:15
247.6717522945709,240.83,-6.841752294570881,6.841752294570881,2.84090532515386,2025/2/6 15:30
248.23862900105377,247.66,-0.5786290010537698,0.5786290010537698,0.2336384563730663,2025/2/6 15:45
242.78023701593523,246.76,3.979762984064763,3.979762984064763,1.6128071746081822,2025/2/6 16:00
242.57506439178127,260.73,18.154935608218693,18.154935608218693,6.963117250877049,2025/2/6 16:15
238.19120777977403,254.75,16.558792220225968,16.558792220225968,6.500016573197044,2025/2/6 16:30
228.3425533456103,255.42,27.07744665438969,27.07744665438969,10.6011458203661,2025/2/6 16:45
227.98372916557872,253.03,25.04627083442128,25.04627083442128,9.898538052567435,2025/2/6 17:00
228.45168891400888,249.35,20.89831108599114,20.89831108599114,8.381115334262185,2025/2/6 17:15
227.15389914547995,252.9,25.74610085452008,25.74610085452008,10.180348301506486,2025/2/6 17:30
227.14081137663007,262.55,35.40918862336994,35.40918862336994,13.486645828739844,2025/2/6 17:45
230.67305804676877,255.03,24.356941953231257,24.356941953231257,9.550618340282204,2025/2/6 18:00
226.81795526577608,245.8,18.982044734223933,18.982044734223933,7.722556848745407,2025/2/6 18:15
225.98238076436357,242.31,16.327619235636462,16.327619235636462,6.7383183672278175,2025/2/6 18:30
234.77276516420477,239.44,4.667234835795256,4.667234835795256,1.94922938347532,2025/2/6 18:45
236.9226268904402,229.32,-7.602626890440206,7.602626890440206,3.315291684300057,2025/2/6 19:00
239.3935660117004,232.47,-6.923566011700416,6.923566011700416,2.9782621463833774,2025/2/6 19:15
228.62685978843825,235.21,6.583140211561755,6.583140211561755,2.798835173487078,2025/2/6 19:30
229.62972908293665,226.13,-3.499729082936625,3.499729082936625,1.547662443256126,2025/2/6 19:45
231.76481827006137,227.0,-4.764818270061369,4.764818270061369,2.099038885488665,2025/2/6 20:00
223.15606820873245,219.16,-3.996068208732453,3.996068208732453,1.8233565471484896,2025/2/6 20:15
221.12810916151363,197.6,-23.52810916151364,23.52810916151364,11.906937834768083,2025/2/6 20:30
220.2455753554889,176.86,-43.385575355488896,43.385575355488896,24.53102756726471,2025/2/6 20:45
215.74066816364564,137.53,-78.21066816364564,78.21066816364564,56.86807835642316,2025/2/6 21:00
210.82783758170956,101.43,-109.39783758170952,109.39783758170952,107.8555038761724,2025/2/6 21:15
198.46863917648372,70.97,-127.49863917648376,127.49863917648376,179.65145720206297,2025/2/6 21:30
184.0003840362176,56.42,-127.58038403621758,127.58038403621758,226.1261680893149,2025/2/6 21:45
175.87921037630085,59.94,-115.93921037630084,115.93921037630084,193.4254427362486,2025/2/6 22:00
175.76849803313792,56.96,-118.80849803313792,118.80849803313792,208.58233502972143,2025/2/6 22:15
171.02162251932265,44.41,-126.61162251932264,126.61162251932264,285.0971009210484,2025/2/6 22:30
174.58107933509467,48.77,-125.81107933509466,125.81107933509466,257.96817579421094,2025/2/6 22:45
168.47863695353868,66.29,-102.18863695353868,102.18863695353868,154.15392510693093,2025/2/6 23:00
157.82124777510182,80.57,-77.25124777510183,77.25124777510183,95.88090824749403,2025/2/6 23:15
133.55264453641,90.29,-43.26264453641001,43.26264453641001,47.91521158086398,2025/2/6 23:30
115.50841679308262,100.26,-15.248416793082612,15.248416793082612,15.208873721391782,2025/2/6 23:45
110.26010725449228,104.72,-5.54010725449227,5.54010725449227,5.290400357607887,2025/2/7 0:00
105.89203979684532,115.81,9.917960203154678,9.917960203154678,8.563992922153625,2025/2/7 0:15
99.08943090547208,126.7,27.61056909452792,27.61056909452792,21.792082947518647,2025/2/7 0:30
93.93747275448212,127.48,33.54252724551789,33.54252724551789,26.311991877542813,2025/2/7 0:45
96.9248925309633,139.7,42.77510746903668,42.77510746903668,30.619260894063043,2025/2/7 1:00
92.99280601543823,148.17,55.17719398456174,55.17719398456174,37.23911317036141,2025/2/7 1:15
92.0638883488936,151.14,59.07611165110639,59.07611165110639,39.08701313422476,2025/2/7 1:30
99.96494645699124,158.02,58.05505354300877,58.05505354300877,36.73905426083536,2025/2/7 1:45
102.25492178110662,159.72,57.46507821889338,57.46507821889338,35.978636500662034,2025/2/7 2:00
108.96868217805483,159.22,50.251317821945165,50.251317821945165,31.560933187987445,2025/2/7 2:15
108.40446078432343,160.85,52.44553921567656,52.44553921567656,32.60524663701831,2025/2/7 2:30
107.78356038454288,156.47,48.68643961545713,48.68643961545713,31.115510714786232,2025/2/7 2:45
108.10561109871534,158.83,50.72438890128467,50.72438890128467,31.936277089499924,2025/2/7 3:00
106.0829435533768,155.76,49.67705644662318,49.67705644662318,31.89333362005091,2025/2/7 3:15
110.66032292114336,162.52,51.85967707885666,51.85967707885666,31.90972008295887,2025/2/7 3:30
108.37657583754168,165.65,57.273424162458326,57.273424162458326,34.57496176421597,2025/2/7 3:45
108.70361934187063,171.08,62.37638065812938,62.37638065812938,36.4603581120487,2025/2/7 4:00
98.59409944235732,163.69,65.09590055764268,65.09590055764268,39.767793119679226,2025/2/7 4:15
98.9820384567968,164.97,65.98796154320321,65.98796154320321,39.99997668858775,2025/2/7 4:30
102.48132463374478,156.45,53.96867536625521,53.96867536625521,34.49579761343606,2025/2/7 4:45
103.7776321090398,166.04,62.262367890960206,62.262367890960206,37.49841477410426,2025/2/7 5:00
99.050042146786,165.55,66.499957853214,66.499957853214,40.169107733720224,2025/2/7 5:15
97.46948109461438,164.54,67.07051890538561,67.07051890538561,40.76244007860998,2025/2/7 5:30
97.46948109461438,160.47,63.00051890538562,63.00051890538562,39.25999807150642,2025/2/7 5:45
95.997195787141,162.76,66.76280421285898,66.76280421285898,41.01917191743547,2025/2/7 6:00
94.6657414220214,147.33,52.6642585779786,52.6642585779786,35.745780613549755,2025/2/7 6:15
97.56570732710809,138.97,41.40429267289191,41.40429267289191,29.793691208794797,2025/2/7 6:30
98.39917371591578,134.34,35.940826284084224,35.940826284084224,26.753629807992755,2025/2/7 6:45
100.5998536886632,134.04,33.440146311336804,33.440146311336804,24.94788593801243,2025/2/7 7:00
101.55329820703898,131.68,30.12670179296103,30.12670179296103,22.878722503750115,2025/2/7 7:15
108.8430305602457,140.36,31.51696943975432,31.51696943975432,22.454381191031537,2025/2/7 7:30
105.29840975119431,138.68,33.38159024880569,33.38159024880569,24.070947684440167,2025/2/7 7:45
105.55381988890606,145.96,40.406180111093946,40.406180111093946,27.68305022681985,2025/2/7 8:00
104.06620212496844,138.07,34.00379787503155,34.00379787503155,24.62794080901494,2025/2/7 8:15
103.0106517543794,145.31,42.29934824562059,42.29934824562059,29.10972971274619,2025/2/7 8:30
104.55667053824682,144.2,39.64332946175317,39.64332946175317,27.49190670022585,2025/2/7 8:45
107.0966849633169,142.58,35.48331503668311,35.48331503668311,24.88660053069029,2025/2/7 9:00
106.89930027338028,125.31,18.41069972661971,18.41069972661971,14.69212331546167,2025/2/7 9:15
111.15010909581882,131.57,20.419890904181173,20.419890904181173,15.520172458893104,2025/2/7 9:30
108.64683399092397,126.69,18.04316600907605,18.04316600907605,14.241981221139635,2025/2/7 9:45
104.75965297933902,122.46,17.70034702066097,17.70034702066097,14.453982541765898,2025/2/7 10:00
100.21126317917248,126.68,26.46873682082752,26.46873682082752,20.894171787817037,2025/2/7 10:15
94.70224833975466,131.08,36.37775166024535,36.37775166024535,27.75232808988221,2025/2/7 10:30
87.69761071294485,125.81,38.11238928705515,38.11238928705515,30.293608844308768,2025/2/7 10:45
85.97540336268058,103.32,17.344596637319412,17.344596637319412,16.787259617985505,2025/2/7 11:00
85.73511149497743,96.79,11.054888505022577,11.054888505022577,11.42151927369682,2025/2/7 11:15
82.2981163438479,94.72,12.421883656152104,12.421883656152104,13.114319738322411,2025/2/7 11:30
77.92103841046618,86.2,8.278961589533822,8.278961589533822,9.604363792951528,2025/2/7 11:45
77.43176268866968,86.37,8.938237311330326,8.938237311330326,10.34877539807801,2025/2/7 12:00
72.52269278652793,82.56,10.037307213472076,10.037307213472076,12.157591101574512,2025/2/7 12:15
71.79893043503093,73.06,1.2610695649690769,1.2610695649690769,1.7260738639027524,2025/2/7 12:30
72.07973828518726,71.06,-1.019738285187259,1.019738285187259,1.4350383973906893,2025/2/7 12:45
68.57200834552245,70.68,2.1079916544775585,2.1079916544775585,2.982444332872914,2025/2/7 13:00
67.87268966905276,67.68,-0.1926896690527542,0.1926896690527542,0.2847069578198426,2025/2/7 13:15
62.88572937719167,71.31,8.42427062280833,8.42427062280833,11.813589430369536,2025/2/7 13:30
62.489120414870776,68.64,6.150879585129225,6.150879585129225,8.96107165664374,2025/2/7 13:45
62.20840831975345,60.32,-1.888408319753452,1.888408319753452,3.130650397464061,2025/2/7 14:00
58.25937546840496,56.04,-2.2193754684049622,2.2193754684049622,3.960341663813351,2025/2/7 14:15
58.558323999827415,53.35,-5.208323999827414,5.208323999827414,9.76255670068913,2025/2/7 14:30
57.11733582065829,46.05,-11.067335820658291,11.067335820658291,24.033302542093946,2025/2/7 14:45
53.57940652631212,39.08,-14.49940652631212,14.49940652631212,37.10185907439872,2025/2/7 15:00
50.78217480790329,43.35,-7.432174807903287,7.432174807903287,17.144578564904595,2025/2/7 15:15
50.7110396053493,38.7,-12.011039605349296,12.011039605349296,31.036278049917986,2025/2/7 15:30
49.60094399021055,36.78,-12.820943990210552,12.820943990210552,34.858466531200904,2025/2/7 15:45
40.07658142533094,34.06,-6.016581425330941,6.016581425330941,17.664654801272096,2025/2/7 16:00
39.37778170352879,31.77,-7.60778170352879,7.60778170352879,23.94643280926926,2025/2/7 16:15
42.08860766141006,29.69,-12.398607661410058,12.398607661410058,41.76021442023677,2025/2/7 16:30
41.15925275534129,29.52,-11.639252755341293,11.639252755341293,39.428362992214986,2025/2/7 16:45
41.16660070624511,26.7,-14.466600706245114,14.466600706245114,54.18202511681998,2025/2/7 17:00
40.70080313248148,27.9,-12.800803132481477,12.800803132481477,45.88101481159712,2025/2/7 17:15
39.53221809000844,27.1,-12.43221809000844,12.43221809000844,45.87534350539692,2025/2/7 17:30
37.33563533888399,29.08,-8.255635338883991,8.255635338883991,28.389392499503447,2025/2/7 17:45
38.62540046995748,29.19,-9.435400469957482,9.435400469957482,32.324085200154705,2025/2/7 18:00
39.6007472820218,32.69,-6.910747282021802,6.910747282021802,21.140248644847546,2025/2/7 18:15
39.73882567863427,37.7,-2.038825678634268,2.038825678634268,5.408025672755596,2025/2/7 18:30
38.22063549438237,39.88,1.6593645056176314,1.6593645056176314,4.1608939458712895,2025/2/7 18:45
41.52427953144231,40.41,-1.114279531442314,1.114279531442314,2.7574351186329045,2025/2/7 19:00
38.27241414824415,35.59,-2.682414148244142,2.682414148244142,7.536988334466437,2025/2/7 19:15
37.30956019737517,37.45,0.140439802624833,0.140439802624833,0.3750061485299278,2025/2/7 19:30
37.6104025803483,38.45,0.8395974196517031,0.8395974196517031,2.1836083736008307,2025/2/7 19:45
38.70013070152025,37.36,-1.340130701520252,1.340130701520252,3.58707361219664,2025/2/7 20:00
35.78759350692705,37.2,1.4124064930729503,1.4124064930729503,3.796791648035358,2025/2/7 20:15
37.119255098371816,40.18,3.060744901628184,3.060744901628184,7.617583129966565,2025/2/7 20:30
38.37080756605359,41.97,3.5991924339464134,3.5991924339464134,8.575631245980075,2025/2/7 20:45
38.12338120514856,44.62,6.496618794851443,6.496618794851443,14.559880759383423,2025/2/7 21:00
38.35399001607086,46.09,7.736009983929144,7.736009983929144,16.78457362532514,2025/2/7 21:15
38.80418831225202,45.59,6.78581168774798,6.78581168774798,14.88443011128119,2025/2/7 21:30
35.43946001178164,45.93,10.49053998821836,10.49053998821836,22.84027865925434,2025/2/7 21:45
37.57184198242465,43.18,5.608158017575349,5.608158017575349,12.987860161098569,2025/2/7 22:00
38.09172607509306,37.19,-0.901726075093066,0.901726075093066,2.424646612236196,2025/2/7 22:15
38.35573825446083,35.65,-2.705738254460833,2.705738254460833,7.589728623992268,2025/2/7 22:30
40.477624914441606,30.25,-10.227624914441606,10.227624914441606,33.81033029556296,2025/2/7 22:45
45.99762159449922,34.42,-11.57762159449922,11.57762159449922,33.63632072767456,2025/2/7 23:00
44.14364482613463,38.62,-5.523644826134635,5.523644826134635,14.302550041740894,2025/2/7 23:15
43.533239454340176,40.25,-3.283239454340176,3.283239454340176,8.157116656725513,2025/2/7 23:30
43.35060247410859,39.8,-3.5506024741085938,3.5506024741085938,8.921111743969027,2025/2/7 23:45
45.47271314720641,39.7,-5.77271314720641,5.77271314720641,14.540839161692364,2025/2/8 0:00
46.27212063544173,37.0,-9.27212063544173,9.27212063544173,25.059785501126136,2025/2/8 0:15
46.84563186402949,28.23,-18.61563186402949,18.61563186402949,65.94272711287124,2025/2/8 0:30
44.7870635022642,22.15,-22.6370635022642,22.6370635022642,102.19893228967042,2025/2/8 0:45
42.10974954310924,28.8,-13.309749543109238,13.309749543109238,46.2144081356355,2025/2/8 1:00
42.27144930102698,29.79,-12.481449301026984,12.481449301026984,41.89811782808018,2025/2/8 1:15
43.3824624843438,27.78,-15.602462484343796,15.602462484343796,56.164371793691984,2025/2/8 1:30
44.17425471301994,26.2,-17.974254713019942,17.974254713019942,68.60402562195168,2025/2/8 1:45
44.51283596083086,32.75,-11.762835960830865,11.762835960830865,35.917056368839525,2025/2/8 2:00
43.40475819881664,40.31,-3.094758198816642,3.094758198816642,7.677395680498547,2025/2/8 2:15
50.46286329360387,38.68,-11.782863293603867,11.782863293603867,30.462418028886773,2025/2/8 2:30
48.814261992571,35.0,-13.814261992570998,13.814261992570998,39.46931997866151,2025/2/8 2:45
47.09945147819697,41.72,-5.37945147819697,5.37945147819697,12.89417899852367,2025/2/8 3:00
41.39964347154999,47.43,6.030356528450014,6.030356528450014,12.714224179711785,2025/2/8 3:15
42.31115384835872,50.0,7.688846151641279,7.688846151641279,15.377692303251802,2025/2/8 3:30
36.53919370248361,60.01,23.47080629751639,23.47080629751639,39.11149191380983,2025/2/8 3:45
32.35179245067324,58.49,26.138207549326765,26.138207549326765,44.68833569718255,2025/2/8 4:00
32.64678555982439,65.44,32.79321444017561,32.79321444017561,50.1118802569155,2025/2/8 4:15
32.03553136067335,62.34,30.30446863932665,30.30446863932665,48.61159550734366,2025/2/8 4:30
32.894808688243714,70.1,37.20519131175628,37.20519131175628,53.07445265578203,2025/2/8 4:45
33.54795251245202,72.74,39.19204748754797,39.19204748754797,53.87963635894156,2025/2/8 5:00
33.33825403034907,77.85,44.51174596965093,44.51174596965093,57.17629540089114,2025/2/8 5:15
35.42153087035584,74.76,39.33846912964417,39.33846912964417,52.61967513321502,2025/2/8 5:30
35.42153087035584,73.67,38.24846912964416,38.24846912964416,51.91864955829,2025/2/8 5:45
37.34646581819536,78.25,40.90353418180464,40.90353418180464,52.27288713322986,2025/2/8 6:00
40.3798263662388,71.89,31.510173633761205,31.510173633761205,43.83109421855247,2025/2/8 6:15
39.49776004922777,77.65,38.15223995077224,38.15223995077224,49.13359942140772,2025/2/8 6:30
40.82755423390056,79.44,38.61244576609944,38.61244576609944,48.60579779210829,2025/2/8 6:45
40.82755423390056,79.87,39.04244576609944,39.04244576609944,48.88249125585396,2025/2/8 7:00
46.13325540775893,80.17,34.03674459224108,34.03674459224108,42.45571235150133,2025/2/8 7:15
43.73095172878531,78.23,34.4990482712147,34.4990482712147,44.099512042912686,2025/2/8 7:30
42.87498340202959,78.11,35.23501659797041,35.23501659797041,45.10948226593944,2025/2/8 7:45
43.030577432123614,76.36,33.329422567876385,33.329422567876385,43.64775087458452,2025/2/8 8:00
42.80139190529055,77.11,34.30860809470945,34.30860809470945,44.49307235723636,2025/2/8 8:15
41.59558484580706,77.45,35.85441515419294,35.85441515419294,46.29362834621904,2025/2/8 8:30
41.98214035628524,74.38,32.39785964371476,32.39785964371476,43.55721920364507,2025/2/8 8:45
41.70907320287181,66.39,24.680926797128187,24.680926797128187,37.1756692229116,2025/2/8 9:00
40.28807836694026,61.37,21.081921633059736,21.081921633059736,34.3521616963099,2025/2/8 9:15
36.7073602079269,55.27,18.5626397920731,18.5626397920731,33.58538048134524,2025/2/8 9:30
35.48566909768939,49.47,13.98433090231061,13.98433090231061,28.268305846537984,2025/2/8 9:45
37.25303876054455,49.51,12.25696123945545,12.25696123945545,24.756536536923235,2025/2/8 10:00
34.25752857118939,48.7,14.442471428810611,14.442471428810611,29.655998827065616,2025/2/8 10:15
33.68492438336941,42.53,8.845075616630588,8.845075616630588,20.797262206935788,2025/2/8 10:30
29.46611227631471,38.13,8.663887723685292,8.663887723685292,22.72197147564272,2025/2/8 10:45
22.85245473980273,33.06,10.207545260197271,10.207545260197271,30.87581748386689,2025/2/8 11:00
19.4034033172175,26.51,7.106596682782502,7.106596682782502,26.807230036800057,2025/2/8 11:15
19.388638784183502,20.99,1.601361215816496,1.601361215816496,7.629162533629668,2025/2/8 11:30
19.914098811939983,15.48,-4.434098811939986,4.434098811939986,28.64404917255389,2025/2/8 11:45
21.462027836304085,10.99,-10.472027836304084,10.472027836304084,95.28687749052592,2025/2/8 12:00
20.175144841584068,9.13,-11.045144841584069,11.045144841584069,120.97639475863188,2025/2/8 12:15
19.95502669161485,6.17,-13.785026691614853,13.785026691614853,223.42020569516092,2025/2/8 12:30
15.195454900672916,4.01,-11.185454900672916,11.185454900672916,278.93902494748073,2025/2/8 12:45
14.215758190630613,2.63,-11.58575819063061,11.58575819063061,440.5231251022847,2025/2/8 13:00
16.997437934908195,1.03,-15.967437934908196,15.967437934908196,1550.236692559025,2025/2/8 13:15
13.430542442657138,0.0,-13.430542442657138,13.430542442657138,13430542442657.14,2025/2/8 13:30
14.41144513286522,0.0,-14.41144513286522,14.41144513286522,14411445132865.22,2025/2/8 13:45
18.13123189746336,0.0,-18.13123189746336,18.13123189746336,18131231897463.36,2025/2/8 14:00
17.79015213330973,0.0,-17.79015213330973,17.79015213330973,17790152133309.73,2025/2/8 14:15
17.749396988893626,0.0,-17.749396988893626,17.749396988893626,17749396988893.625,2025/2/8 14:30
17.89257246321903,0.0,-17.89257246321903,17.89257246321903,17892572463219.027,2025/2/8 14:45
17.918666446884387,0.0,-17.918666446884387,17.918666446884387,17918666446884.387,2025/2/8 15:00
18.293486779031262,0.0,-18.293486779031262,18.293486779031262,18293486779031.266,2025/2/8 15:15
20.99636897358821,0.0,-20.99636897358821,20.99636897358821,20996368973588.21,2025/2/8 15:30
26.72772780289452,0.0,-26.72772780289452,26.72772780289452,26727727802894.52,2025/2/8 15:45
31.45500827159405,0.84,-30.61500827159405,30.61500827159405,3644.643841422548,2025/2/8 16:00
35.23264352321032,0.51,-34.72264352321032,34.72264352321032,6808.361473804305,2025/2/8 16:15
39.93197060769217,0.9,-39.03197060769217,39.03197060769217,4336.885622595032,2025/2/8 16:30
35.95658529060992,0.03,-35.92658529060992,35.92658529060992,119755.28390284878,2025/2/8 16:45
42.2043654172217,1.21,-40.9943654172217,40.9943654172217,3387.9640837879124,2025/2/8 17:00
44.50115381564934,5.26,-39.24115381564934,39.24115381564934,746.0295402072873,2025/2/8 17:15
42.36309882907352,9.08,-33.28309882907352,33.28309882907352,366.5539518580062,2025/2/8 17:30
45.976861911473854,12.25,-33.726861911473854,33.726861911473854,275.32132172406966,2025/2/8 17:45
43.937475398520746,15.89,-28.047475398520746,28.047475398520746,176.51022906446968,2025/2/8 18:00
44.68889974490681,25.81,-18.87889974490681,18.87889974490681,73.14567898037068,2025/2/8 18:15
45.85523860826464,32.38,-13.47523860826464,13.47523860826464,41.61593146455535,2025/2/8 18:30
48.48298885141102,34.63,-13.85298885141102,13.85298885141102,40.00285547609303,2025/2/8 18:45
52.89717272896032,40.71,-12.18717272896032,12.18717272896032,29.93655791925911,2025/2/8 19:00
52.71402036615886,48.41,-4.304020366158866,4.304020366158866,8.890767126936533,2025/2/8 19:15
59.87894518093293,57.83,-2.0489451809329324,2.0489451809329324,3.543048903561109,2025/2/8 19:30
55.328590016368025,54.59,-0.7385900163680219,0.7385900163680219,1.352976765646948,2025/2/8 19:45
58.39191604530032,54.15,-4.2419160453003215,4.2419160453003215,7.833639972839313,2025/2/8 20:00
63.98413584196841,54.09,-9.894135841968406,9.894135841968406,18.291987136162163,2025/2/8 20:15
63.47372569817314,49.24,-14.23372569817314,14.23372569817314,28.90683529273808,2025/2/8 20:30
64.23147279427022,41.15,-23.08147279427022,23.08147279427022,56.09106389845474,2025/2/8 20:45
69.79382990253717,37.42,-32.37382990253717,32.37382990253717,86.51477793279169,2025/2/8 21:00
68.93515824958696,32.76,-36.17515824958696,36.17515824958696,110.42478098130812,2025/2/8 21:15
62.43480555098796,36.4,-26.03480555098796,26.03480555098796,71.52419107394626,2025/2/8 21:30
59.17882407933561,41.8,-17.378824079335615,17.378824079335615,41.57613416099053,2025/2/8 21:45
58.99273320321432,38.24,-20.752733203214312,20.752733203214312,54.26969979905868,2025/2/8 22:00
55.05096040509051,39.77,-15.280960405090504,15.280960405090504,38.42333518997254,2025/2/8 22:15
52.80215308558806,39.73,-13.072153085588065,13.072153085588065,32.90247441619724,2025/2/8 22:30
50.42201683297941,31.92,-18.502016832979407,18.502016832979407,57.963711882585976,2025/2/8 22:45
50.45891336742045,28.5,-21.95891336742045,21.95891336742045,77.04881883278387,2025/2/8 23:00
49.99083346068113,29.52,-20.47083346068113,20.47083346068113,69.34564180424047,2025/2/8 23:15
50.32544453115662,31.32,-19.00544453115662,19.00544453115662,60.681495948582175,2025/2/8 23:30
50.1473309350058,32.86,-17.287330935005798,17.287330935005798,52.60904118975407,2025/2/8 23:45
46.85309718317143,31.82,-15.033097183171428,15.033097183171428,47.24417719397921,2025/2/9 0:00
48.82075667140337,33.64,-15.180756671403373,15.180756671403373,45.12710068774746,2025/2/9 0:15
47.97346575655493,34.89,-13.08346575655493,13.08346575655493,37.499185315326535,2025/2/9 0:30
43.79930797264383,38.9,-4.899307972643832,4.899307972643832,12.594622037612435,2025/2/9 0:45
37.79567904871965,33.56,-4.235679048719646,4.235679048719646,12.621212898411876,2025/2/9 1:00
37.2723851322592,35.25,-2.0223851322592026,2.0223851322592026,5.737262786534654,2025/2/9 1:15
36.23158951114095,36.35,0.1184104888590482,0.1184104888590482,0.3257510009868569,2025/2/9 1:30
37.3646348758813,32.07,-5.2946348758813,5.2946348758813,16.509619195088217,2025/2/9 1:45
35.49832291207831,26.78,-8.718322912078307,8.718322912078307,32.55535067978249,2025/2/9 2:00
36.25740333187418,30.09,-6.16740333187418,6.16740333187418,20.496521541554284,2025/2/9 2:15
36.4600285243299,31.2,-5.2600285243299005,5.2600285243299005,16.85906578305462,2025/2/9 2:30
35.2153860942996,36.49,1.274613905700399,1.274613905700399,3.49304989229078,2025/2/9 2:45
34.76488013459906,42.47,7.705119865400938,7.705119865400938,18.142500271680703,2025/2/9 3:00
33.98667127888446,43.41,9.42332872111554,9.42332872111554,21.70773720592912,2025/2/9 3:15
34.172087703440205,48.3,14.127912296559792,14.127912296559792,29.250336017661574,2025/2/9 3:30
34.982885524416965,46.78,11.797114475583037,11.797114475583037,25.21828660871701,2025/2/9 3:45
36.37180471236144,49.44,13.06819528763856,13.06819528763856,26.432433834166925,2025/2/9 4:00
35.84302986603144,44.83,8.986970133968555,8.986970133968555,20.04677701081532,2025/2/9 4:15
38.391149354738914,34.85,-3.541149354738913,3.541149354738913,10.161117230211625,2025/2/9 4:30
38.362562931071,36.31,-2.0525629310709945,2.0525629310709945,5.6528860673790735,2025/2/9 4:45
38.6305971013443,33.86,-4.7705971013443005,4.7705971013443005,14.08918222483819,2025/2/9 5:00
41.572480858921885,22.28,-19.292480858921884,19.292480858921884,86.59102719405428,2025/2/9 5:15
43.47705915613664,31.63,-11.84705915613664,11.84705915613664,37.455134859624366,2025/2/9 5:30
43.90835923329898,35.85,-8.05835923329898,8.05835923329898,22.47798949310042,2025/2/9 5:45
45.083862430081744,33.41,-11.673862430081748,11.673862430081748,34.94122247844001,2025/2/9 6:00
44.24143756333342,33.35,-10.89143756333342,10.89143756333342,32.65798369805325,2025/2/9 6:15
42.50385074501818,24.7,-17.803850745018178,17.803850745018178,72.08036738844574,2025/2/9 6:30
41.03862231359658,20.64,-20.398622313596583,20.398622313596583,98.8305344646209,2025/2/9 6:45
41.96808628472571,23.34,-18.628086284725708,18.628086284725708,79.81185211930547,2025/2/9 7:00
39.90346423766291,37.29,-2.6134642376629103,2.6134642376629103,7.008485485802901,2025/2/9 7:15
39.06330737684564,31.15,-7.913307376845644,7.913307376845644,25.403876009053743,2025/2/9 7:30
40.48415108754158,15.79,-24.694151087541584,24.694151087541584,156.3910771842001,2025/2/9 7:45
35.93896203242728,6.07,-29.86896203242728,29.86896203242728,492.07515703352885,2025/2/9 8:00
33.966417664138206,10.58,-23.386417664138207,23.386417664138207,221.04364521660835,2025/2/9 8:15
32.10706014771844,15.15,-16.957060147718444,16.957060147718444,111.92778975317832,2025/2/9 8:30
30.99298243563996,16.19,-14.802982435639954,14.802982435639954,91.4328748335301,2025/2/9 8:45
27.41078598664087,19.6,-7.810785986640869,7.810785986640869,39.850948911229686,2025/2/9 9:00
26.87431130208319,13.64,-13.234311302083189,13.234311302083189,97.025742683183,2025/2/9 9:15
24.548215581707137,13.86,-10.688215581707135,10.688215581707135,77.11555253701314,2025/2/9 9:30
17.427257856816812,3.87,-13.557257856816811,13.557257856816811,350.3167404771704,2025/2/9 9:45
15.59756145607139,1.64,-13.957561456071389,13.957561456071389,851.0708204402633,2025/2/9 10:00
14.464867098423971,1.19,-13.274867098423972,13.274867098423972,1115.5350501939863,2025/2/9 10:15
13.912358791897155,2.06,-11.852358791897156,11.852358791897156,575.357222879699,2025/2/9 10:30
11.386061295047634,0.48,-10.906061295047634,10.906061295047634,2272.0961026615705,2025/2/9 10:45
11.604525135399184,1.16,-10.444525135399184,10.444525135399184,900.3900978016203,2025/2/9 11:00
11.11080821474476,0.0,-11.11080821474476,11.11080821474476,11110808214744.758,2025/2/9 11:15
12.342775610871266,1.35,-10.992775610871266,10.992775610871266,814.279674819036,2025/2/9 11:30
14.05635434645481,2.72,-11.33635434645481,11.33635434645481,416.7777333102217,2025/2/9 11:45
15.732355543715158,6.64,-9.092355543715158,9.092355543715158,136.9330654153347,2025/2/9 12:00
23.50274506222263,14.43,-9.07274506222263,9.07274506222263,62.87418615495326,2025/2/9 12:15
26.73381302783121,16.45,-10.283813027831211,10.283813027831211,62.51558071591913,2025/2/9 12:30
34.58321955387806,17.19,-17.39321955387806,17.39321955387806,101.1821963570499,2025/2/9 12:45
43.230610367153744,22.09,-21.140610367153744,21.140610367153744,95.70217459057513,2025/2/9 13:00
42.67171580579295,33.16,-9.511715805792951,9.511715805792951,28.684305807491768,2025/2/9 13:15
59.79212801714856,36.93,-22.862128017148564,22.862128017148564,61.90665588163189,2025/2/9 13:30
66.76278268944117,44.39,-22.372782689441166,22.372782689441166,50.40050166566966,2025/2/9 13:45
81.20326066594049,64.97,-16.23326066594049,16.23326066594049,24.985779076366796,2025/2/9 14:00
86.49367578606568,83.97,-2.523675786065681,2.523675786065681,3.0054493105426645,2025/2/9 14:15
100.75156379679596,84.15,-16.601563796795958,16.601563796795958,19.728536894564737,2025/2/9 14:30
129.06287541287747,89.49,-39.57287541287748,39.57287541287748,44.220444086303786,2025/2/9 14:45
131.90844793147764,104.27,-27.638447931477643,27.638447931477643,26.50661545166504,2025/2/9 15:00
134.80128329970992,100.07,-34.73128329970993,34.73128329970993,34.70698840778977,2025/2/9 15:15
146.78480879174575,93.43,-53.35480879174577,53.35480879174577,57.106720316481486,2025/2/9 15:30
150.2576451405443,90.23,-60.02764514054429,60.02764514054429,66.52736910171535,2025/2/9 15:45
171.7926690578339,96.37,-75.4226690578339,75.4226690578339,78.2636391592359,2025/2/9 16:00
167.6502323803232,120.38,-47.27023238032319,47.27023238032319,39.26751319179591,2025/2/9 16:15
171.96650116317107,148.0,-23.966501163171078,23.966501163171078,16.193581866996542,2025/2/9 16:30
186.4277694609659,169.45,-16.977769460965902,16.977769460965902,10.01933871995036,2025/2/9 16:45
190.96683613754516,169.09,-21.876836137545126,21.876836137545126,12.93798340382766,2025/2/9 17:00
178.47774810471574,188.04,9.562251895284248,9.562251895284248,5.085222237438399,2025/2/9 17:15
170.7191655798483,187.76,17.040834420151697,17.040834420151697,9.075859831776002,2025/2/9 17:30
175.21797783315924,197.82,22.602022166840754,22.602022166840754,11.425549573768745,2025/2/9 17:45
189.9972040563109,196.16,6.162795943689076,6.162795943689076,3.141718976185734,2025/2/9 18:00
183.2511246029524,193.46,10.208875397047592,10.208875397047592,5.276995449727238,2025/2/9 18:15
185.4710927102347,190.37,4.8989072897653045,4.8989072897653045,2.5733609758694813,2025/2/9 18:30
182.12900433305177,193.71,11.58099566694824,11.58099566694824,5.97852236174811,2025/2/9 18:45
186.78716661976463,202.07,15.28283338023536,15.28283338023536,7.563138209644082,2025/2/9 19:00
193.3045692971572,214.18,20.875430702842834,20.875430702842834,9.74667602149271,2025/2/9 19:15
200.9167338348237,218.57,17.65326616517629,17.65326616517629,8.076710511583574,2025/2/9 19:30
210.45470841450603,213.78,3.3252915854939715,3.3252915854939715,1.5554736577287005,2025/2/9 19:45
207.00710881738823,209.93,2.922891182611778,2.922891182611778,1.392317049783445,2025/2/9 20:00
210.50171032699856,221.77,11.268289673001448,11.268289673001448,5.081070330971893,2025/2/9 20:15
207.8979008230792,214.51,6.612099176920822,6.612099176920822,3.082420016277908,2025/2/9 20:30
209.375414066935,234.99,25.614585933065,25.614585933065,10.900287643326994,2025/2/9 20:45
219.3392081070283,241.03,21.690791892971703,21.690791892971703,8.999208352886654,2025/2/9 21:00
212.5260391064183,226.52,13.993960893581717,13.993960893581717,6.177803678957945,2025/2/9 21:15
208.73218305974927,215.71,6.977816940250733,6.977816940250733,3.234813842773862,2025/2/9 21:30
203.4825164527641,207.95,4.467483547235929,4.467483547235929,2.148345057578158,2025/2/9 21:45
211.60441796753983,210.5,-1.1044179675398311,1.1044179675398311,0.5246641175958701,2025/2/9 22:00
208.75146871116905,204.49,-4.261468711169016,4.261468711169016,2.083949685151808,2025/2/9 22:15
216.73290915809437,190.31,-26.422909158094345,26.422909158094345,13.884141221207743,2025/2/9 22:30
218.2524486883856,204.21,-14.042448688385605,14.042448688385605,6.876474554810601,2025/2/9 22:45
220.5077958309729,211.77,-8.737795830972885,8.737795830972885,4.12607821266882,2025/2/9 23:00
214.56377421432404,232.14,17.576225785675945,17.576225785675945,7.571390447862658,2025/2/9 23:15
217.01443485624145,229.43,12.415565143758585,12.415565143758585,5.411482867869578,2025/2/9 23:30
220.6605067498705,234.3,13.639493250129505,13.639493250129505,5.821379961640496,2025/2/9 23:45
224.1880728552896,245.29,21.10192714471043,21.10192714471043,8.602848524074291,2025/2/10 0:00
223.24892754073403,241.6,18.351072459265964,18.351072459265964,7.595642574196345,2025/2/10 0:15
223.9660963119502,245.34,21.373903688049808,21.373903688049808,8.71195226544432,2025/2/10 0:30
206.8452881710758,255.53,48.68471182892421,48.68471182892421,19.05244465577629,2025/2/10 0:45
210.65520034030973,263.8,53.14479965969028,53.14479965969028,20.145867952869647,2025/2/10 1:00
212.64593724643197,270.15,57.50406275356804,57.50406275356804,21.285975477899967,2025/2/10 1:15
205.26810985703688,275.44,70.17189014296312,70.17189014296312,25.476288898830106,2025/2/10 1:30
208.7675061133965,274.31,65.5424938866035,65.5424938866035,23.89358531828209,2025/2/10 1:45
210.58805782190984,267.83,57.24194217809014,57.24194217809014,21.37249082554933,2025/2/10 2:00
206.78398953778944,262.35,55.566010462210585,55.566010462210585,21.18010690382672,2025/2/10 2:15
202.44571759139,248.62,46.17428240861,46.17428240861,18.572231682322997,2025/2/10 2:30
195.4683140336656,248.19,52.721685966334434,52.721685966334434,21.242469868372293,2025/2/10 2:45
188.1799255379456,251.83,63.65007446205442,63.65007446205442,25.275016662839672,2025/2/10 3:00
181.25191630726752,253.46,72.20808369273249,72.20808369273249,28.48894645810148,2025/2/10 3:15
178.04569748437913,247.5,69.45430251562087,69.45430251562087,28.06234445074457,2025/2/10 3:30
173.12318128110658,233.92,60.796818718893405,60.796818718893405,25.990432078859197,2025/2/10 3:45
172.76265521673352,232.05,59.28734478326649,59.28734478326649,25.549383660090903,2025/2/10 4:00
170.68413476766517,244.82,74.13586523233482,74.13586523233482,30.28178467131139,2025/2/10 4:15
169.36639680294843,246.92,77.55360319705156,77.55360319705156,31.40839267658357,2025/2/10 4:30
155.5902672176367,245.35,89.7597327823633,89.7597327823633,36.584362250795486,2025/2/10 4:45
154.0981805627445,255.64,101.5418194372555,101.5418194372555,39.72063035409787,2025/2/10 5:00
158.8645513719727,248.08,89.2154486280273,89.2154486280273,35.96237045630093,2025/2/10 5:15
154.79359792437077,228.31,73.51640207562923,73.51640207562923,32.20025494967239,2025/2/10 5:30
154.66487004358268,220.89,66.2251299564173,66.2251299564173,29.98104484421537,2025/2/10 5:45
146.16807533500136,218.62,72.45192466499864,72.45192466499864,33.14057481701834,2025/2/10 6:00
144.36908526551903,207.19,62.820914734480965,62.820914734480965,30.3204376342732,2025/2/10 6:15
149.134555702467,217.57,68.435444297533,68.435444297533,31.45444881992074,2025/2/10 6:30
147.95190647659263,226.76,78.80809352340734,78.80809352340734,34.75396609780058,2025/2/10 6:45
148.99546323899284,216.96,67.96453676100717,67.96453676100717,31.32583737139373,2025/2/10 7:00
150.24388253218495,210.01,59.76611746781504,59.76611746781504,28.458700760814526,2025/2/10 7:15
153.07115027611684,205.4,52.32884972388317,52.32884972388317,25.476557801293907,2025/2/10 7:30
144.8039905138344,204.1,59.29600948616559,59.29600948616559,29.052429929513245,2025/2/10 7:45
141.12027340181314,210.63,69.50972659818686,69.50972659818686,33.000867207023624,2025/2/10 8:00
134.3675930376385,211.68,77.31240696236151,77.31240696236151,36.523245919465694,2025/2/10 8:15
130.0456605809991,195.6,65.55433941900088,65.55433941900088,33.51448845550479,2025/2/10 8:30
129.07805328270604,174.62,45.54194671729397,45.54194671729397,26.080601716451664,2025/2/10 8:45
129.87591443341466,174.24,44.36408556658535,44.36408556658535,25.461481615335103,2025/2/10 9:00
131.48211596390763,178.49,47.00788403609238,47.00788403609238,26.336424469755197,2025/2/10 9:15
129.0534452510602,173.17,44.11655474893979,44.11655474893979,25.475864612181283,2025/2/10 9:30
125.4394449715289,174.78,49.3405550284711,49.3405550284711,28.23009213207625,2025/2/10 9:45
125.45861960718834,161.73,36.27138039281165,36.27138039281165,22.427119515729444,2025/2/10 10:00
122.2032894682855,145.74,23.536710531714505,23.536710531714505,16.149794518799474,2025/2/10 10:15
120.1875441559327,117.48,-2.7075441559326947,2.7075441559326947,2.304685185504248,2025/2/10 10:30
121.66661682677424,106.78,-14.886616826774244,14.886616826774244,13.941390547630924,2025/2/10 10:45
127.44695623565909,104.93,-22.516956235659062,22.516956235659062,21.45902624191137,2025/2/10 11:00
129.39658691910165,101.35,-28.046586919101657,28.046586919101657,27.673001400171664,2025/2/10 11:15
151.75986663941114,100.54,-51.21986663941114,51.21986663941114,50.94476490885238,2025/2/10 11:30
178.0295061357949,108.89,-69.13950613579489,69.13950613579489,63.49481691223381,2025/2/10 11:45
188.69937384567604,113.77,-74.92937384567604,74.92937384567604,65.86039715708023,2025/2/10 12:00
201.24080796801215,113.41,-87.83080796801218,87.83080796801218,77.44538221315118,2025/2/10 12:15
211.42927455873075,144.06,-67.36927455873072,67.36927455873072,46.76473313805634,2025/2/10 12:30
206.2744906127685,171.17,-35.10449061276853,35.10449061276853,20.50855325860141,2025/2/10 12:45
217.43014671176348,202.26,-15.170146711763492,15.170146711763492,7.500319742784532,2025/2/10 13:00
236.7587274345532,227.91,-8.848727434553183,8.848727434553183,3.882553391491949,2025/2/10 13:15
258.07290556572906,247.22,-10.85290556572906,10.85290556572906,4.389978790439556,2025/2/10 13:30
274.1062423340977,269.37,-4.73624233409771,4.73624233409771,1.7582664491576463,2025/2/10 13:45
277.0270297104789,298.08,21.052970289521056,21.052970289521056,7.062859061162774,2025/2/10 14:00
275.6910441466836,321.54,45.84895585331645,45.84895585331645,14.25917641764701,2025/2/10 14:15
276.4700530774577,330.45,53.9799469225423,53.9799469225423,16.33528428583022,2025/2/10 14:30
276.989417287887,343.1,66.110582712113,66.110582712113,19.268604696034316,2025/2/10 14:45
274.8785101899703,353.3,78.4214898100297,78.4214898100297,22.19685530993702,2025/2/10 15:00
281.45430451038874,361.14,79.68569548961125,79.68569548961125,22.06504277831013,2025/2/10 15:15
285.37341304285405,381.2,95.82658695714592,95.82658695714592,25.1381392857085,2025/2/10 15:30
283.09240599442126,372.22,89.12759400557877,89.12759400557877,23.94486970220698,2025/2/10 15:45
287.2397676850128,374.0,86.7602323149872,86.7602323149872,23.197923078867383,2025/2/10 16:00
285.14594314230226,374.46,89.31405685769772,89.31405685769772,23.85142788486724,2025/2/10 16:15
294.2064570054053,373.39,79.18354299459463,79.18354299459463,21.20665871999074,2025/2/10 16:30
290.97623559443224,371.63,80.65376440556776,80.65376440556776,21.7027054881323,2025/2/10 16:45
288.2763679655283,364.49,76.21363203447169,76.21363203447169,20.90966337470185,2025/2/10 17:00
286.66862643254336,376.56,89.89137356745664,89.89137356745664,23.87172656878924,2025/2/10 17:15
286.49577278421674,373.74,87.24422721578327,87.24422721578327,23.34356162459462,2025/2/10 17:30
285.83165684010123,369.9,84.06834315989875,84.06834315989875,22.72731634492458,2025/2/10 17:45
280.5970898581567,367.21,86.61291014184326,86.61291014184326,23.58675148874477,2025/2/10 18:00
276.5761962471801,370.38,93.80380375281987,93.80380375281987,25.32636852767281,2025/2/10 18:15
272.8364027220103,347.43,74.59359727798972,74.59359727798972,21.470108303246192,2025/2/10 18:30
271.32448790792114,341.1,69.77551209207888,69.77551209207888,20.45602817122792,2025/2/10 18:45
264.26217375974096,338.92,74.65782624025906,74.65782624025906,22.02815597788181,2025/2/10 19:00
261.87774485277083,332.51,70.63225514722916,70.63225514722916,21.242144641426695,2025/2/10 19:15
247.2601215829592,321.28,74.01987841704076,74.01987841704076,23.039055782189283,2025/2/10 19:30
243.32908409764684,307.63,64.30091590235315,64.30091590235315,20.90203032939969,2025/2/10 19:45
235.53206214530556,296.58,61.04793785469445,61.04793785469445,20.583969874797315,2025/2/10 20:00
241.6633212932659,286.32,44.65667870673408,44.65667870673408,15.596772389884917,2025/2/10 20:15
239.7724479682384,286.2,46.42755203176162,46.42755203176162,16.222065699421872,2025/2/10 20:30
238.7685425771734,280.44,41.67145742282659,41.67145742282659,14.859313016264348,2025/2/10 20:45
242.17567183870275,295.36,53.18432816129726,53.18432816129726,18.006611647237015,2025/2/10 21:00
246.81135773790328,320.52,73.7086422620967,73.7086422620967,22.996581262346723,2025/2/10 21:15
255.87246095757789,329.84,73.96753904242209,73.96753904242209,22.42527863279156,2025/2/10 21:30
265.20106321722074,338.39,73.18893678277925,73.18893678277925,21.628575543827427,2025/2/10 21:45
265.2396524885701,342.44,77.20034751142992,77.20034751142992,22.544196796930084,2025/2/10 22:00
276.992016255657,344.37,67.377983744343,67.377983744343,19.56557880893325,2025/2/10 22:15
279.21683125905184,343.13,63.91316874094815,63.91316874094815,18.62651727943623,2025/2/10 22:30
284.8118622350348,336.87,52.05813776496524,52.05813776496524,15.453479907664612,2025/2/10 22:45
286.9213856863487,323.53,36.60861431365129,36.60861431365129,11.31536930536271,2025/2/10 23:00
288.51691333192906,303.11,14.593086668070953,14.593086668070953,4.814452399480762,2025/2/10 23:15
290.50652161104165,305.67,15.163478388958367,15.163478388958367,4.960734906583377,2025/2/10 23:30
293.5385686703316,313.05,19.511431329668422,19.511431329668422,6.232688493742914,2025/2/10 23:45
301.3981268375261,322.66,21.261873162473933,21.261873162473933,6.589559648691298,2025/2/11 0:00
300.72678102967376,323.09,22.363218970326216,22.363218970326216,6.921668566133057,2025/2/11 0:15
300.7666447244626,316.98,16.213355275537424,16.213355275537424,5.114945824825639,2025/2/11 0:30
295.9356098751951,320.82,24.88439012480489,24.88439012480489,7.756495893272596,2025/2/11 0:45
296.89565120465,325.04,28.144348795350027,28.144348795350027,8.65873393900485,2025/2/11 1:00
294.39384542801685,328.11,33.71615457198317,33.71615457198317,10.275869242623784,2025/2/11 1:15
289.94421080442766,332.24,42.295789195572354,42.295789195572354,12.730492774969788,2025/2/11 1:30
293.31466977585967,343.38,50.065330224140325,50.065330224140325,14.58015324833297,2025/2/11 1:45
298.9681168144532,341.6,42.631883185546826,42.631883185546826,12.48005948054284,2025/2/11 2:00
299.0611660366686,335.54,36.4788339633314,36.4788339633314,10.871679669583514,2025/2/11 2:15
294.3835473459638,338.96,44.57645265403619,44.57645265403619,13.15094779738702,2025/2/11 2:30
301.4132654703279,341.4,39.986734529672106,39.986734529672106,11.712576019232689,2025/2/11 2:45
298.80098953869737,332.76,33.959010461302626,33.959010461302626,10.205256179015636,2025/2/11 3:00
288.0865502380596,323.28,35.19344976194037,35.19344976194037,10.88636778084926,2025/2/11 3:15
288.13584360563283,310.74,22.60415639436718,22.60415639436718,7.274298897586376,2025/2/11 3:30
283.4507903827651,301.2,17.749209617234897,17.749209617234897,5.892831878230082,2025/2/11 3:45
283.9619311822766,300.34,16.378068817723374,16.378068817723374,5.453176006432018,2025/2/11 4:00
277.4790621316166,293.35,15.870937868383407,15.870937868383407,5.410239600606101,2025/2/11 4:15
281.4693720172885,289.32,7.850627982711444,7.850627982711444,2.7134757302325214,2025/2/11 4:30
279.8762995167214,287.07,7.193700483278576,7.193700483278576,2.5059046515749017,2025/2/11 4:45
283.50470048789515,295.95,12.44529951210484,12.44529951210484,4.2052034168273815,2025/2/11 5:00
277.7416517128818,294.61,16.868348287118238,16.868348287118238,5.725653673369034,2025/2/11 5:15
276.5789771616987,286.61,10.03102283830134,10.03102283830134,3.4998858512605424,2025/2/11 5:30
275.83994689048507,291.96,16.120053109514913,16.120053109514913,5.521322478938688,2025/2/11 5:45
275.71983985701206,296.18,20.460160142987945,20.460160142987945,6.908015444317996,2025/2/11 6:00
274.8246365504495,298.38,23.555363449550494,23.555363449550494,7.894417671942692,2025/2/11 6:15
275.27057871179767,295.22,19.94942128820236,19.94942128820236,6.7574762171247205,2025/2/11 6:30
274.27975364021466,287.46,13.180246359785317,13.180246359785317,4.585071439428349,2025/2/11 6:45
269.8235920249035,280.13,10.306407975096477,10.306407975096477,3.679151813476885,2025/2/11 7:00
271.37763383491875,285.94,14.562366165081244,14.562366165081244,5.092804841951511,2025/2/11 7:15
277.04577710859905,292.43,15.384222891400952,15.384222891400952,5.260822381901888,2025/2/11 7:30
279.48882096435943,304.89,25.401179035640556,25.401179035640556,8.331260138289949,2025/2/11 7:45
281.8080025139785,313.56,31.75199748602148,31.75199748602148,10.126290817072125,2025/2/11 8:00
283.1226961460044,320.58,37.4573038539956,37.4573038539956,11.684229787879442,2025/2/11 8:15
283.6703650249604,315.31,31.6396349750396,31.6396349750396,10.034453387152189,2025/2/11 8:30
281.7703809370357,299.81,18.03961906296428,18.03961906296428,6.0170171318362495,2025/2/11 8:45
286.9199273104413,281.42,-5.499927310441308,5.499927310441308,1.954348415336278,2025/2/11 9:00
281.2721122832487,270.89,-10.382112283248716,10.382112283248716,3.832593408115797,2025/2/11 9:15
277.6475764341098,258.99,-18.657576434109785,18.657576434109785,7.203975610680946,2025/2/11 9:30
275.38436528297086,248.01,-27.37436528297087,27.37436528297087,11.037605452586522,2025/2/11 9:45
272.5947152137057,242.11,-30.48471521370567,30.48471521370567,12.591266454790418,2025/2/11 10:00
273.35594376750305,236.92,-36.43594376750306,36.43594376750306,15.379007161694954,2025/2/11 10:15
270.3016265821961,241.36,-28.94162658219608,28.94162658219608,11.99106172612864,2025/2/11 10:30
271.7018086472708,252.34,-19.36180864727081,19.36180864727081,7.6729050674737,2025/2/11 10:45
276.00809609739963,274.06,-1.9480960973996275,1.9480960973996275,0.7108283213161047,2025/2/11 11:00
273.22035886507354,300.1,26.879641134926487,26.879641134926487,8.956894746723602,2025/2/11 11:15
276.55147376714046,310.23,33.678526232859554,33.678526232859554,10.855986278841083,2025/2/11 11:30
277.4334427335249,331.18,53.74655726647512,53.74655726647512,16.228805261929736,2025/2/11 11:45
273.6682700285277,349.42,75.75172997147234,75.75172997147234,21.679277079574916,2025/2/11 12:00
282.65630188570145,353.86,71.20369811429856,71.20369811429856,20.12199686720128,2025/2/11 12:15
289.13840310563927,365.81,76.67159689436073,76.67159689436073,20.95940430670014,2025/2/11 12:30
297.4707976377285,352.77,55.2992023622715,55.2992023622715,15.67571005534933,2025/2/11 12:45
293.813789109396,355.98,62.16621089060402,62.16621089060402,17.46339987937147,2025/2/11 13:00
293.92658781459653,356.86,62.93341218540348,62.93341218540348,17.635322587397255,2025/2/11 13:15
295.47950485526013,365.42,69.94049514473988,69.94049514473988,19.139755663269867,2025/2/11 13:30
294.9657172209429,357.67,62.70428277905711,62.70428277905711,17.53132294546358,2025/2/11 13:45
297.5366258781713,362.54,65.0033741218287,65.0033741218287,17.92998679368091,2025/2/11 14:00
294.12857221904096,348.75,54.62142778095904,54.62142778095904,15.66205814507337,2025/2/11 14:15
294.14319336343806,356.32,62.176806636561935,62.176806636561935,17.44970999004953,2025/2/11 14:30
299.88509975177993,358.54,58.65490024822009,58.65490024822009,16.359374197635894,2025/2/11 14:45
302.975325649132,366.01,63.03467435086799,63.03467435086799,17.222118070776965,2025/2/11 15:00
305.60587126528446,362.07,56.46412873471553,56.46412873471553,15.594810046316992,2025/2/11 15:15
305.8765439064555,348.84,42.963456093544494,42.963456093544494,12.316092218074814,2025/2/11 15:30
304.72390792602823,347.25,42.52609207397177,42.52609207397177,12.24653479451678,2025/2/11 15:45
300.06015677616546,351.18,51.11984322383455,51.11984322383455,14.55659297904778,2025/2/11 16:00
300.5706922039868,354.26,53.689307796013225,53.689307796013225,15.155340088070366,2025/2/11 16:15
301.2421300491065,357.06,55.81786995089345,55.81786995089345,15.632630356488496,2025/2/11 16:30
300.7758306947793,358.35,57.57416930522072,57.57416930522072,16.066462761324026,2025/2/11 16:45
292.9864214839491,342.5,49.51357851605093,49.51357851605093,14.456519274755175,2025/2/11 17:00
295.81829303982187,341.28,45.461706960178105,45.461706960178105,13.32094085799484,2025/2/11 17:15
299.7338465639891,332.95,33.21615343601087,33.21615343601087,9.976318797417298,2025/2/11 17:30
299.7910935100325,331.72,31.92890648996752,31.92890648996752,9.625258196659198,2025/2/11 17:45
300.54221659948047,328.41,27.86778340051956,27.86778340051956,8.485668341558135,2025/2/11 18:00
297.7414287487992,317.16,19.41857125120083,19.41857125120083,6.122641963423732,2025/2/11 18:15
299.00772058970864,283.96,-15.04772058970866,15.04772058970866,5.299239537154304,2025/2/11 18:30
298.25808088661074,281.7,-16.558080886610753,16.558080886610753,5.877912987790158,2025/2/11 18:45
294.3689800443866,267.81,-26.5589800443866,26.5589800443866,9.917097959141438,2025/2/11 19:00
292.32489806300293,253.36,-38.96489806300292,38.96489806300292,15.3792619446588,2025/2/11 19:15
279.79992724450835,257.99,-21.809927244508344,21.809927244508344,8.45378783848207,2025/2/11 19:30
275.8171598857637,246.22,-29.59715988576372,29.59715988576372,12.02061566312716,2025/2/11 19:45
269.1478618095089,248.87,-20.27786180950892,20.27786180950892,8.147973564310995,2025/2/11 20:00
265.90235172980107,252.59,-13.312351729801064,13.312351729801064,5.27033996983087,2025/2/11 20:15
264.768284552986,265.65,0.8817154470140167,0.8817154470140167,0.3319086945280199,2025/2/11 20:30
262.51785518252603,274.95,12.432144817473954,12.432144817473954,4.521602043087628,2025/2/11 20:45
251.3570420450676,279.9,28.542957954932376,28.542957954932376,10.197555539450583,2025/2/11 21:00
249.98066112635695,277.65,27.669338873643,27.669338873643,9.965546145734931,2025/2/11 21:15
244.8531461871179,266.39,21.5368538128821,21.5368538128821,8.084708064444618,2025/2/11 21:30
247.65961801730708,259.66,12.000381982692945,12.000381982692945,4.621575130050189,2025/2/11 21:45
239.1335431797632,257.61,18.47645682023679,18.47645682023679,7.172259159283264,2025/2/11 22:00
242.7803779055513,266.13,23.34962209444868,23.34962209444868,8.77376548846049,2025/2/11 22:15
243.10032560295,264.87,21.769674397049982,21.769674397049982,8.219003434530812,2025/2/11 22:30
240.09423998245452,269.73,29.635760017545465,29.635760017545465,10.987194608510167,2025/2/11 22:45
251.61588986476644,277.37,25.75411013523356,25.75411013523356,9.285110190440308,2025/2/11 23:00
241.74097757227855,281.63,39.88902242772141,39.88902242772141,14.163626896178409,2025/2/11 23:15
249.97180383191036,282.61,32.63819616808968,32.63819616808968,11.548846880180506,2025/2/11 23:30
255.74182914107163,277.91,22.16817085892839,22.16817085892839,7.976744578791845,2025/2/11 23:45
266.76941744447424,272.57,5.80058255552575,5.80058255552575,2.128107479004888,2025/2/12 0:00
270.015232467362,257.89,-12.125232467362023,12.125232467362023,4.701707110534462,2025/2/12 0:15
269.9615085513103,243.72,-26.24150855131032,26.24150855131032,10.767072276095336,2025/2/12 0:30
270.39081708054533,235.82,-34.57081708054534,34.57081708054534,14.659832533513136,2025/2/12 0:45
267.8741731234519,230.69,-37.1841731234519,37.1841731234519,16.11867576550166,2025/2/12 1:00
278.0405456776123,230.72,-47.32054567761227,47.32054567761227,20.50994524860947,2025/2/12 1:15
278.9961496484077,232.16,-46.83614964840771,46.83614964840771,20.1740823778375,2025/2/12 1:30
277.0123211711611,233.44,-43.57232117116109,43.57232117116109,18.66531921313504,2025/2/12 1:45
274.6840785995736,233.58,-41.10407859957357,41.10407859957357,17.59743068736877,2025/2/12 2:00
274.25730126065827,246.3,-27.95730126065825,27.95730126065825,11.350914031931346,2025/2/12 2:15
280.6623841803855,250.14,-30.52238418038553,30.52238418038553,12.202120484677913,2025/2/12 2:30
280.75300334310225,248.75,-32.00300334310225,32.00300334310225,12.865528982146488,2025/2/12 2:45
279.97200563666354,249.91,-30.062005636663542,30.062005636663542,12.029132742447889,2025/2/12 3:00
283.70769969058426,254.5,-29.207699690584263,29.207699690584263,11.476502825372412,2025/2/12 3:15
284.7334383448682,254.91,-29.823438344868208,29.823438344868208,11.69959528651544,2025/2/12 3:30
283.6039250957354,246.0,-37.603925095735406,37.603925095735406,15.286148412894358,2025/2/12 3:45
282.9902976032358,236.32,-46.67029760323578,46.67029760323578,19.748771836161158,2025/2/12 4:00
278.0226191274137,233.18,-44.84261912741368,44.84261912741368,19.23090279071724,2025/2/12 4:15
269.87848233575045,232.77,-37.10848233575044,37.10848233575044,15.942124129284055,2025/2/12 4:30
264.5156231025937,241.68,-22.835623102593672,22.835623102593672,9.448702045094432,2025/2/12 4:45
245.62549970187015,250.18,4.554500298129824,4.554500298129824,1.8204893669070288,2025/2/12 5:00
242.4144196259334,243.26,0.8455803740665999,0.8455803740665999,0.3476035410944061,2025/2/12 5:15
237.94209367066688,241.99,4.047906329333131,4.047906329333131,1.6727576880579602,2025/2/12 5:30
241.61373330919483,241.7,0.0862666908051608,0.0862666908051608,0.0356916387278134,2025/2/12 5:45
234.7653284103636,236.42,1.654671589636422,1.654671589636422,0.6998864688417741,2025/2/12 6:00
222.52480020061455,218.23,-4.2948002006145884,4.2948002006145884,1.968015488527068,2025/2/12 6:15
212.25637768737784,210.04,-2.216377687377872,2.216377687377872,1.055216952664643,2025/2/12 6:30
206.9548909697239,193.02,-13.93489096972388,13.93489096972388,7.21940263688564,2025/2/12 6:45
191.24384400470163,175.12,-16.123844004701624,16.123844004701624,9.207311560468488,2025/2/12 7:00
179.674077696218,175.19,-4.484077696218009,4.484077696218009,2.559551170851903,2025/2/12 7:15
173.03377042797086,176.57,3.536229572029129,3.536229572029129,2.002735216643329,2025/2/12 7:30
162.99481333449063,160.86,-2.134813334490616,2.134813334490616,1.327125036982027,2025/2/12 7:45
153.06666810352647,139.04,-14.026668103526475,14.026668103526475,10.088225045682098,2025/2/12 8:00
142.447972170612,131.17,-11.277972170612005,11.277972170612005,8.597981375774497,2025/2/12 8:15
129.56630705780665,121.81,-7.7563070578066515,7.7563070578066515,6.3675454049751945,2025/2/12 8:30
124.34752073683276,106.04,-18.307520736832743,18.307520736832743,17.264730985303164,2025/2/12 8:45
108.24788967688868,96.45,-11.797889676888689,11.797889676888689,12.232130302619444,2025/2/12 9:00
101.48834796101436,90.3,-11.188347961014372,11.188347961014372,12.390197077521576,2025/2/12 9:15
99.48509861042687,76.57,-22.91509861042689,22.91509861042689,29.926993091807457,2025/2/12 9:30
89.77086691629927,66.77,-23.000866916299277,23.000866916299277,34.44790611991137,2025/2/12 9:45
85.90683144920266,65.17,-20.73683144920265,20.73683144920265,31.81959712930924,2025/2/12 10:00
75.37444054106538,64.33,-11.044440541065384,11.044440541065384,17.168413712184385,2025/2/12 10:15
65.24400996541442,67.45,2.2059900345855823,2.2059900345855823,3.2705560186542795,2025/2/12 10:30
63.00042452490311,79.17,16.16957547509689,16.16957547509689,20.42386696359286,2025/2/12 10:45
57.64057768468744,88.33,30.689422315312555,30.689422315312555,34.74405334006319,2025/2/12 11:00
56.81032044269244,92.51,35.69967955730757,35.69967955730757,38.59007626988323,2025/2/12 11:15
69.49857168294054,100.47,30.971428317059463,30.971428317059463,30.82654356228589,2025/2/12 11:30
83.0860066723009,107.49,24.403993327699094,24.403993327699094,22.703501095614843,2025/2/12 11:45
94.17537343432336,120.72,26.54462656567665,26.54462656567665,21.98859059447868,2025/2/12 12:00
100.0022656646392,134.8,34.797734335360815,34.797734335360815,25.81434297873517,2025/2/12 12:15
109.43087127003272,169.6,60.16912872996727,60.16912872996727,35.477080619063564,2025/2/12 12:30
115.1303811218794,191.76,76.62961887812058,76.62961887812058,39.961211346516805,2025/2/12 12:45
119.16646538992336,210.41,91.24353461007662,91.24353461007662,43.36463790220677,2025/2/12 13:00
116.3259323508486,224.61,108.28406764915142,108.28406764915142,48.20981596950412,2025/2/12 13:15
125.20368719942176,210.95,85.74631280057822,85.74631280057822,40.64769509387892,2025/2/12 13:30
142.48422956231593,198.85,56.36577043768406,56.36577043768406,28.345873994295054,2025/2/12 13:45
146.03185998226263,187.14,41.10814001773736,41.10814001773736,21.96651705552816,2025/2/12 14:00
154.66153986711905,187.09,32.42846013288096,32.42846013288096,17.333080406683216,2025/2/12 14:15
164.96994365033456,198.05,33.080056349665455,33.080056349665455,16.702881267179375,2025/2/12 14:30
165.2110371614743,207.9,42.6889628385257,42.6889628385257,20.533411658732643,2025/2/12 14:45
163.86289855072286,234.1,70.23710144927713,70.23710144927713,30.00303351099835,2025/2/12 15:00
167.8414566189717,229.1,61.25854338102829,61.25854338102829,26.738779302052183,2025/2/12 15:15
177.3654207965062,218.08,40.7145792034938,40.7145792034938,18.669561263515742,2025/2/12 15:30
179.60726576966653,223.72,44.11273423033347,44.11273423033347,19.71783221451536,2025/2/12 15:45
190.8077255170688,229.82,39.01227448293119,39.01227448293119,16.97514336564016,2025/2/12 16:00
193.8820810295313,217.68,23.79791897046869,23.79791897046869,10.932524334094888,2025/2/12 16:15
195.2222386383393,215.43,20.207761361660744,20.207761361660744,9.380198376108885,2025/2/12 16:30
196.59573949355715,212.93,16.33426050644286,16.33426050644286,7.671187952113459,2025/2/12 16:45
196.5444170017833,236.09,39.5455829982167,39.5455829982167,16.750215171417658,2025/2/12 17:00
206.93883740323696,238.56,31.621162596763043,31.621162596763043,13.25501450232637,2025/2/12 17:15
214.50376395211808,226.34,11.836236047881926,11.836236047881926,5.229405340583501,2025/2/12 17:30
223.27044000468436,206.05,-17.22044000468432,17.22044000468432,8.357408398289717,2025/2/12 17:45
219.83549577176387,226.08,6.2445042282361385,6.2445042282361385,2.762077241787587,2025/2/12 18:00
204.28927034256975,203.69,-0.5992703425697812,0.5992703425697812,0.2942070511902828,2025/2/12 18:15
198.06337844344569,185.19,-12.87337844344566,12.87337844344566,6.951443621922733,2025/2/12 18:30
184.36570525798655,151.76,-32.605705257986585,32.605705257986585,21.48504563650837,2025/2/12 18:45
181.3982375252965,142.57,-38.828237525296544,38.828237525296544,27.234507628020843,2025/2/12 19:00
177.7609482032199,133.37,-44.39094820321989,44.39094820321989,33.28405803642994,2025/2/12 19:15
178.72138665538998,136.33,-42.391386655389965,42.391386655389965,31.094686903366004,2025/2/12 19:30
193.01512080073584,130.65,-62.36512080073584,62.36512080073584,47.73449735988374,2025/2/12 19:45
191.39137990279912,105.52,-85.87137990279912,85.87137990279912,81.37924554844366,2025/2/12 20:00
192.9521411116139,89.04,-103.9121411116139,103.9121411116139,116.70276405154672,2025/2/12 20:15
180.2569349445958,84.22,-96.0369349445958,96.0369349445958,114.0310317554996,2025/2/12 20:30
168.69161851567753,63.04,-105.65161851567754,105.65161851567754,167.59457251825816,2025/2/12 20:45
158.65845997961875,54.47,-104.18845997961876,104.18845997961876,191.27677616931797,2025/2/12 21:00
163.14378528409392,55.35,-107.79378528409391,107.79378528409391,194.7493862401069,2025/2/12 21:15
169.74513928527026,57.19,-112.55513928527026,112.55513928527026,196.80912621974724,2025/2/12 21:30
171.66469913020373,57.14,-114.52469913020371,114.52469913020371,200.42824488975023,2025/2/12 21:45
153.89783483714714,49.49,-104.40783483714712,104.40783483714712,210.96753856725837,2025/2/12 22:00
144.50620503219213,46.98,-97.52620503219214,97.52620503219214,207.59090045122292,2025/2/12 22:15
135.10129192395792,44.69,-90.41129192395792,90.41129192395792,202.30765702339588,2025/2/12 22:30
125.51454193652008,48.86,-76.65454193652009,76.65454193652009,156.88608664830784,2025/2/12 22:45
109.71316998604048,51.52,-58.19316998604047,58.19316998604047,112.9525814944245,2025/2/12 23:00
107.43175091632745,54.91,-52.52175091632745,52.52175091632745,95.65061175784338,2025/2/12 23:15
90.8426653638356,60.36,-30.482665363835597,30.482665363835597,50.50143367094946,2025/2/12 23:30
91.69579276467158,65.56,-26.135792764671574,26.135792764671574,39.865455711762834,2025/2/12 23:45
86.81675347023659,71.81,-15.006753470236587,15.006753470236587,20.89786028438336,2025/2/13 0:00
88.62792678588985,72.75,-15.877926785889857,15.877926785889857,21.825328915282512,2025/2/13 0:15
91.70062419751558,75.19,-16.510624197515583,16.510624197515583,21.95853730215936,2025/2/13 0:30
88.6540897289748,74.77,-13.8840897289748,13.8840897289748,18.569064770571394,2025/2/13 0:45
86.93724412530133,71.52,-15.417244125301336,15.417244125301336,21.55654939216972,2025/2/13 1:00
86.32789794255955,65.92,-20.407897942559543,20.407897942559543,30.95858304388438,2025/2/13 1:15
77.63035727146134,63.92,-13.710357271461334,13.710357271461334,21.449244792615588,2025/2/13 1:30
73.31106422466908,64.52,-8.791064224669086,8.791064224669086,13.625332028294263,2025/2/13 1:45
75.51998093283471,61.1,-14.419980932834711,14.419980932834711,23.60062345795599,2025/2/13 2:00
70.12007810879346,60.3,-9.820078108793467,9.820078108793467,16.28536999797211,2025/2/13 2:15
59.67801450626967,45.76,-13.918014506269673,13.918014506269673,30.415241490907466,2025/2/13 2:30
62.52472617074728,44.65,-17.87472617074728,17.87472617074728,40.032981345368974,2025/2/13 2:45
57.379336446633225,43.35,-14.029336446633224,14.029336446633224,32.36294451349679,2025/2/13 3:00
57.42901029478021,48.47,-8.959010294780214,8.959010294780214,18.48361934136936,2025/2/13 3:15
58.185041627971536,40.76,-17.425041627971538,17.425041627971538,42.75034746793128,2025/2/13 3:30
57.395464735757926,29.45,-27.945464735757927,27.945464735757927,94.89122151328706,2025/2/13 3:45
54.8644527143705,27.46,-27.4044527143705,27.4044527143705,99.7977156382764,2025/2/13 4:00
49.05873043005657,20.26,-28.79873043005657,28.79873043005657,142.14575730461218,2025/2/13 4:15
49.7936661964189,16.69,-33.1036661964189,33.1036661964189,198.3443151361328,2025/2/13 4:30
48.60314439512351,15.25,-33.35314439512351,33.35314439512351,218.7091435731462,2025/2/13 4:45
50.40475778414433,15.13,-35.27475778414433,35.27475778414433,233.14446651626687,2025/2/13 5:00
50.09831071114719,14.73,-35.36831071114719,35.36831071114719,240.1107312349428,2025/2/13 5:15
50.666462803155625,11.09,-39.57646280315562,39.57646280315562,356.86621102613844,2025/2/13 5:30
48.95090953934652,8.21,-40.74090953934652,40.74090953934652,496.2351953574943,2025/2/13 5:45
49.15293770291883,9.86,-39.29293770291883,39.29293770291883,398.50849596876594,2025/2/13 6:00
47.81334944857864,8.7,-39.11334944857863,39.11334944857863,449.5787292888397,2025/2/13 6:15
46.31867820722411,5.82,-40.49867820722411,40.49867820722411,695.853577431757,2025/2/13 6:30
43.87716021395736,6.18,-37.69716021395736,37.69716021395736,609.9864112192132,2025/2/13 6:45
44.29849917943189,8.82,-35.47849917943189,35.47849917943189,402.2505575853701,2025/2/13 7:00
40.83448554694685,15.5,-25.334485546946844,25.334485546946844,163.44829385021546,2025/2/13 7:15
40.83448554694685,25.2,-15.634485546946843,15.634485546946843,62.04160931303494,2025/2/13 7:30
44.88276632647113,36.01,-8.87276632647113,8.87276632647113,24.63972875991805,2025/2/13 7:45
42.70172699000644,39.63,-3.0717269900064395,3.0717269900064395,7.751014357806429,2025/2/13 8:00
39.05636844787936,51.81,12.753631552120645,12.753631552120645,24.61615817814327,2025/2/13 8:15
41.23827207610839,63.09,21.851727923891616,21.851727923891616,34.63580270067678,2025/2/13 8:30
36.442730159021565,76.47,40.027269840978434,40.027269840978434,52.343755513176525,2025/2/13 8:45
34.56774733459351,85.61,51.04225266540649,51.04225266540649,59.6218346750927,2025/2/13 9:00
30.63014500351578,82.83,52.19985499648422,52.19985499648422,63.02046963228444,2025/2/13 9:15
29.269116235564688,71.06,41.790883764435314,41.790883764435314,58.81070048462777,2025/2/13 9:30
26.20313378841189,66.48,40.276866211588114,40.276866211588114,60.584937141286886,2025/2/13 9:45
25.391791782058384,52.31,26.91820821794162,26.91820821794162,51.45901016610621,2025/2/13 10:00
25.43354619680899,44.53,19.09645380319101,19.09645380319101,42.884468455306816,2025/2/13 10:15
26.833909199322143,37.6,10.766090800677858,10.766090800677858,28.633220214492617,2025/2/13 10:30
30.13674302424916,43.37,13.23325697575084,13.23325697575084,30.51246708720389,2025/2/13 10:45
35.77368167962911,50.06,14.286318320370896,14.286318320370896,28.538390571998317,2025/2/13 11:00
29.019296844514127,47.3,18.28070315548587,18.28070315548587,38.648421047457134,2025/2/13 11:15
38.88586369800246,50.66,11.774136301997537,11.774136301997537,23.24148500192321,2025/2/13 11:30
46.45171177661013,54.51,8.058288223389866,8.058288223389866,14.783137448862746,2025/2/13 11:45
59.637680491139285,52.61,-7.027680491139286,7.027680491139286,13.358069741733372,2025/2/13 12:00
66.29205080253138,61.03,-5.262050802531377,5.262050802531377,8.62207242753196,2025/2/13 12:15
76.01956672930962,69.21,-6.809566729309623,6.809566729309623,9.83899252896949,2025/2/13 12:30
68.71696759085422,65.79,-2.9269675908542183,2.9269675908542183,4.448955146450477,2025/2/13 12:45
69.42954089211496,68.05,-1.37954089211496,1.37954089211496,2.027245984001371,2025/2/13 13:00
84.49290270673463,71.07,-13.422902706734632,13.422902706734632,18.886875906452435,2025/2/13 13:15
98.38691265461394,86.09,-12.296912654613934,12.296912654613934,14.283787495179055,2025/2/13 13:30
108.9445960795122,144.17,35.22540392048778,35.22540392048778,24.433241257170945,2025/2/13 13:45
145.53912486824652,170.88,25.34087513175348,25.34087513175348,14.82963198252496,2025/2/13 14:00
150.55199648592227,184.98,34.42800351407772,34.42800351407772,18.611743709622186,2025/2/13 14:15
176.37404543186273,210.12,33.74595456813728,33.74595456813728,16.060324846811927,2025/2/13 14:30
205.15918317145332,223.84,18.680816828546654,18.680816828546654,8.34561152096958,2025/2/13 14:45
223.88709778774623,224.24,0.352902212253781,0.352902212253781,0.1573770122429645,2025/2/13 15:00
243.16700377610587,242.76,-0.4070037761058813,0.4070037761058813,0.1676568529023371,2025/2/13 15:15
252.48056808062816,242.16,-10.320568080628163,10.320568080628163,4.26187978221998,2025/2/13 15:30
259.1758271442629,234.13,-25.045827144262887,25.045827144262887,10.69740193236757,2025/2/13 15:45
266.5681359988696,232.27,-34.29813599886958,34.29813599886958,14.76649416577897,2025/2/13 16:00
271.7139623185405,246.81,-24.903962318540493,24.903962318540493,10.090337635642966,2025/2/13 16:15
276.4430586000993,252.28,-24.16305860009928,24.16305860009928,9.577873236122445,2025/2/13 16:30
275.8838499482685,268.75,-7.133849948268505,7.133849948268505,2.6544557947035723,2025/2/13 16:45
278.0908742740113,282.94,4.849125725988699,4.849125725988699,1.7138353452982913,2025/2/13 17:00
281.51350723214057,288.34,6.826492767859406,6.826492767859406,2.367515005846237,2025/2/13 17:15
279.03478972328367,282.16,3.125210276716359,3.125210276716359,1.1076021678179937,2025/2/13 17:30
276.27216094949694,277.98,1.7078390505030825,1.7078390505030825,0.6143747933313434,2025/2/13 17:45
279.6478951449623,280.49,0.8421048550376895,0.8421048550376895,0.3002263378506861,2025/2/13 18:00
277.67240564410434,276.57,-1.1024056441043513,1.1024056441043513,0.3985991409422398,2025/2/13 18:15
279.3533143932297,281.82,2.466685606770284,2.466685606770284,0.8752698909833968,2025/2/13 18:30
269.86926231965333,276.4,6.530737680346647,6.530737680346647,2.36278497841689,2025/2/13 18:45
266.47372472117064,266.08,-0.3937247211706562,0.3937247211706562,0.1479723095198843,2025/2/13 19:00
263.6968099538849,249.77,-13.926809953884884,13.926809953884884,5.57585376701738,2025/2/13 19:15
258.5771770115721,234.43,-24.14717701157207,24.14717701157207,10.300378369475652,2025/2/13 19:30
249.34004210516636,227.08,-22.26004210516632,22.26004210516632,9.802731242362391,2025/2/13 19:45
244.2493653274392,227.81,-16.439365327439162,16.439365327439162,7.216261501879613,2025/2/13 20:00
242.68944464777667,211.13,-31.559444647776672,31.559444647776672,14.94787318133933,2025/2/13 20:15
241.7732268913564,192.63,-49.14322689135639,49.14322689135639,25.511720340201883,2025/2/13 20:30
234.6261482095693,180.33,-54.29614820956931,54.29614820956931,30.10932635143304,2025/2/13 20:45
233.58074573762997,177.38,-56.20074573762994,56.20074573762994,31.68381200676416,2025/2/13 21:00
236.89436349119435,175.08,-61.81436349119434,61.81436349119434,35.306353376261725,2025/2/13 21:15
240.93551807243284,177.14,-63.795518072432856,63.795518072432856,36.01417978570444,2025/2/13 21:30
245.6818631247149,189.24,-56.44186312471493,56.44186312471493,29.825545933568534,2025/2/13 21:45
254.58179105863016,196.71,-57.87179105863015,57.87179105863015,29.419852096284245,2025/2/13 22:00
259.6722248040371,193.09,-66.58222480403711,66.58222480403711,34.482482160651834,2025/2/13 22:15
257.0162465157697,184.42,-72.59624651576976,72.59624651576976,39.3646277604004,2025/2/13 22:30
248.94770489673945,180.62,-68.32770489673945,68.32770489673945,37.82953432438358,2025/2/13 22:45
249.357867870228,186.57,-62.787867870227984,62.787867870227984,33.653785640882425,2025/2/13 23:00
244.8400703766603,197.4,-47.44007037666029,47.44007037666029,24.03245713102141,2025/2/13 23:15
243.2089029126952,206.99,-36.21890291269517,36.21890291269517,17.497899856359087,2025/2/13 23:30
236.4002034595217,195.39,-41.01020345952168,41.01020345952168,20.988895777419877,2025/2/13 23:45
252.32907342555148,194.12,-58.20907342555148,58.20907342555148,29.986128902494077,2025/2/14 0:00
254.20452627715608,191.01,-63.194526277156086,63.194526277156086,33.084407244187744,2025/2/14 0:15
247.8433842598251,194.01,-53.833384259825095,53.833384259825095,27.7477368485116,2025/2/14 0:30
246.5745564499124,207.55,-39.02455644991241,39.02455644991241,18.802484437433684,2025/2/14 0:45
243.66287840379428,230.21,-13.452878403794273,13.452878403794273,5.843741976364376,2025/2/14 1:00
243.4833349741144,231.04,-12.443334974114409,12.443334974114409,5.385792492256329,2025/2/14 1:15
241.89361719256692,231.05,-10.843617192566938,10.843617192566938,4.693190734716401,2025/2/14 1:30
240.04872830061143,223.89,-16.15872830061147,16.15872830061147,7.217262182591567,2025/2/14 1:45
237.14147612994356,206.06,-31.081476129943525,31.081476129943525,15.083701897470856,2025/2/14 2:00
242.81155808651476,190.78,-52.031558086514735,52.031558086514735,27.273067452818676,2025/2/14 2:15
247.33454619910364,179.88,-67.45454619910365,67.45454619910365,37.49974772018354,2025/2/14 2:30
242.77140837402945,181.59,-61.181408374029445,61.181408374029445,33.692058138661686,2025/2/14 2:45
243.25467944952013,189.58,-53.67467944952014,53.67467944952014,28.31241663123316,2025/2/14 3:00
222.90832442023893,180.37,-42.53832442023892,42.53832442023892,23.583924388875836,2025/2/14 3:15
221.84824776931256,165.9,-55.94824776931256,55.94824776931256,33.72407942693118,2025/2/14 3:30
223.03476086546672,149.42,-73.61476086546674,73.61476086546674,49.26700633477277,2025/2/14 3:45
224.13894475952625,134.81,-89.32894475952622,89.32894475952622,66.26284753316517,2025/2/14 4:00
216.76945708288653,126.13,-90.63945708288654,90.63945708288654,71.86193378483682,2025/2/14 4:15
217.58711674646204,122.82,-94.76711674646204,94.76711674646204,77.15935250479149,2025/2/14 4:30
213.6371853534143,126.63,-87.00718535341431,87.00718535341431,68.70977284478055,2025/2/14 4:45
215.68102607838068,134.21,-81.47102607838067,81.47102607838067,60.7041398392966,2025/2/14 5:00
212.2844878320747,135.31,-76.97448783207469,76.97448783207469,56.88750855961703,2025/2/14 5:15
216.06200127926223,138.07,-77.99200127926224,77.99200127926224,56.48728998276654,2025/2/14 5:30
206.7394991375872,145.26,-61.4794991375872,61.4794991375872,42.32376369099882,2025/2/14 5:45
208.36094567976764,147.07,-61.290945679767646,61.290945679767646,41.67467578685387,2025/2/14 6:00
197.22460851421337,152.47,-44.75460851421337,44.75460851421337,29.353058643788305,2025/2/14 6:15
191.63930984364603,151.96,-39.67930984364602,39.67930984364602,26.111680602540083,2025/2/14 6:30
179.94146562516687,149.36,-30.581465625166857,30.581465625166857,20.47500376616657,2025/2/14 6:45
178.28078724538642,153.45,-24.830787245386432,24.830787245386432,16.181679534291465,2025/2/14 7:00
178.37275483133837,164.73,-13.64275483133838,13.64275483133838,8.281888442499909,2025/2/14 7:15
178.37275483133837,170.7,-7.672754831338381,7.672754831338381,4.494876878344398,2025/2/14 7:30
174.42484030110344,186.24,11.815159698896563,11.815159698896563,6.344050525606863,2025/2/14 7:45
171.38452401139253,199.98,28.59547598860746,28.59547598860746,14.29916791108769,2025/2/14 8:00
171.2099240265246,203.19,31.980075973475408,31.980075973475408,15.73900092202356,2025/2/14 8:15
168.43366178232407,201.73,33.296338217675924,33.296338217675924,16.505397421136877,2025/2/14 8:30
168.05742882143952,207.37,39.31257117856049,39.31257117856049,18.9576945452773,2025/2/14 8:45
170.10183447754295,215.63,45.52816552245704,45.52816552245704,21.11402194612806,2025/2/14 9:00
167.77999852935508,229.42,61.6400014706449,61.6400014706449,26.867754106275843,2025/2/14 9:15
163.42887048901557,241.47,78.04112951098443,78.04112951098443,32.31918230461429,2025/2/14 9:30
163.54535318283416,233.41,69.86464681716583,69.86464681716583,29.932156641590296,2025/2/14 9:45
162.6676551618097,223.15,60.4823448381903,60.4823448381903,27.103896409663097,2025/2/14 10:00
163.19274849900722,212.98,49.78725150099277,49.78725150099277,23.376491455051838,2025/2/14 10:15
182.0639517648491,197.77,15.706048235150917,15.706048235150917,7.941572652648518,2025/2/14 10:30
185.9652881328276,184.77,-1.195288132827585,1.195288132827585,0.6469059548773817,2025/2/14 10:45
175.0282682100658,154.22,-20.80826821006579,20.80826821006579,13.492587349275256,2025/2/14 11:00
182.3774415550875,137.94,-44.4374415550875,44.4374415550875,32.21505114909039,2025/2/14 11:15
219.5455865355749,129.43,-90.11558653557488,90.11558653557488,69.62496062389343,2025/2/14 11:30
235.9021239855704,143.0,-92.9021239855704,92.9021239855704,64.96652026958422,2025/2/14 11:45
249.9957814074839,163.32,-86.6757814074839,86.6757814074839,53.07113728106223,2025/2/14 12:00
259.81294963781374,178.31,-81.50294963781374,81.50294963781374,45.708569142374536,2025/2/14 12:15
269.9132189919404,189.3,-80.61321899194036,80.61321899194036,42.58490173898456,2025/2/14 12:30
275.3471622565602,197.62,-77.72716225656018,77.72716225656018,39.33162749545636,2025/2/14 12:45
274.3996080498709,196.47,-77.92960804987095,77.92960804987095,39.66488932143905,2025/2/14 13:00
278.178282667861,221.71,-56.46828266786102,56.46828266786102,25.469434246464097,2025/2/14 13:15
281.8113576006962,240.99,-40.82135760069622,40.82135760069622,16.93902552001298,2025/2/14 13:30
277.9024910891373,242.55,-35.35249108913729,35.35249108913729,14.575341615799925,2025/2/14 13:45
279.9573144350034,238.51,-41.44731443500342,41.44731443500342,17.37760028300115,2025/2/14 14:00
281.5099273663831,289.53,8.020072633616849,8.020072633616849,2.770031649091313,2025/2/14 14:15
284.25001662634094,309.27,25.019983373659045,25.019983373659045,8.090013054499614,2025/2/14 14:30
289.33643801666767,316.08,26.743561983332317,26.743561983332317,8.461010498394032,2025/2/14 14:45
296.01734844471946,319.6,23.582651555280563,23.582651555280563,7.378802113664951,2025/2/14 15:00
290.89748394106,333.48,42.58251605894003,42.58251605894003,12.769136397663203,2025/2/14 15:15
288.0052202681868,334.03,46.02477973181317,46.02477973181317,13.778636569110375,2025/2/14 15:30
288.22328203847337,339.99,51.76671796152664,51.76671796152664,15.22595310494762,2025/2/14 15:45
289.9356258719772,349.11,59.174374128022805,59.174374128022805,16.950065632037425,2025/2/14 16:00
287.0113697702911,339.9,52.888630229708895,52.888630229708895,15.560055966370504,2025/2/14 16:15
285.7913419715502,345.75,59.95865802844981,59.95865802844981,17.341621989423707,2025/2/14 16:30
288.8940681815139,344.17,55.27593181848613,55.27593181848613,16.06064788286895,2025/2/14 16:45
289.0988455237487,349.81,60.711154476251295,60.711154476251295,17.355465674575896,2025/2/14 17:00
295.9591928489656,344.69,48.73080715103441,48.73080715103441,14.137574966207398,2025/2/14 17:15
295.5181422037989,329.99,34.47185779620111,34.47185779620111,10.446334069575036,2025/2/14 17:30
289.4171999340975,319.26,29.84280006590251,29.84280006590251,9.3474910937459,2025/2/14 17:45
287.94470738012353,326.78,38.83529261987644,38.83529261987644,11.8842317828094,2025/2/14 18:00
291.1848848055922,313.03,21.845115194407757,21.845115194407757,6.978601154649963,2025/2/14 18:15
290.83707048279456,304.74,13.90292951720545,13.90292951720545,4.562226657872577,2025/2/14 18:30
289.2769157294905,306.96,17.683084270509426,17.683084270509426,5.760712884578989,2025/2/14 18:45
291.82148269766594,302.31,10.48851730233406,10.48851730233406,3.469457610509276,2025/2/14 19:00
288.17155744663336,308.46,20.28844255336662,20.28844255336662,6.577333383051302,2025/2/14 19:15
281.47018657519266,307.78,26.30981342480732,26.30981342480732,8.548253110922987,2025/2/14 19:30
283.5846723969648,302.4,18.8153276030352,18.8153276030352,6.221999868726515,2025/2/14 19:45
283.9706740047708,291.43,7.459325995229221,7.459325995229221,2.5595600985576854,2025/2/14 20:00
282.9412868011693,276.55,-6.391286801169315,6.391286801169315,2.3110782141265607,2025/2/14 20:15
272.4731554463507,255.75,-16.723155446350688,16.723155446350688,6.5388682097142325,2025/2/14 20:30
265.4831504784325,250.07,-15.4131504784325,15.4131504784325,6.1635344017380485,2025/2/14 20:45
264.50551581299464,242.11,-22.39551581299463,22.39551581299463,9.250140767826764,2025/2/14 21:00
258.7700240246763,234.43,-24.340024024676268,24.340024024676268,10.382640457563404,2025/2/14 21:15
243.5653405901322,246.33,2.764659409867818,2.764659409867818,1.1223397109027302,2025/2/14 21:30
237.42232247092764,267.65,30.227677529072334,30.227677529072334,11.293733431369716,2025/2/14 21:45
241.98335368558992,267.71,25.72664631441006,25.72664631441006,9.609893658959493,2025/2/14 22:00
241.92032997640408,258.47,16.54967002359595,16.54967002359595,6.402936520133689,2025/2/14 22:15
240.15415195990647,255.82,15.665848040093522,15.665848040093522,6.123777671834649,2025/2/14 22:30
237.759909008388,256.16,18.400090991612014,18.400090991612014,7.183046139758289,2025/2/14 22:45
237.2781489534397,262.81,25.531851046560263,25.531851046560263,9.714946557037612,2025/2/14 23:00
237.07719694866643,267.99,30.912803051333583,30.912803051333583,11.53505841685214,2025/2/14 23:15
235.64722728261015,265.15,29.502772717389803,29.502772717389803,11.126823578117548,2025/2/14 23:30
228.4242963846815,257.98,29.55570361531852,29.55570361531852,11.456587183233996,2025/2/14 23:45
242.5688913376054,254.67,12.10110866239458,12.10110866239458,4.751682044367153,2025/2/15 0:00
249.47760337543195,227.76,-21.717603375431963,21.717603375431963,9.535301798130677,2025/2/15 0:15
253.04755436015225,214.22,-38.82755436015225,38.82755436015225,18.125083727072223,2025/2/15 0:30
254.4284769361623,198.91,-55.5184769361623,55.5184769361623,27.91135535475059,2025/2/15 0:45
255.2953604445807,185.32,-69.9753604445807,69.9753604445807,37.75920593813024,2025/2/15 1:00
253.50205130264467,182.6,-70.90205130264468,70.90205130264468,38.82916281632304,2025/2/15 1:15
251.86983064261503,187.32,-64.54983064261504,64.54983064261504,34.4596576140191,2025/2/15 1:30
256.5743707602574,191.5,-65.07437076025741,65.07437076025741,33.981394652858185,2025/2/15 1:45
259.8174087345173,184.16,-75.6574087345173,75.6574087345173,41.08243306607093,2025/2/15 2:00
259.7110441095457,172.22,-87.4910441095457,87.4910441095457,50.80190692689287,2025/2/15 2:15
261.55057283093817,174.47,-87.08057283093817,87.08057283093817,49.91148783795968,2025/2/15 2:30
259.27220781375775,171.43,-87.84220781375774,87.84220781375774,51.24086088415476,2025/2/15 2:45
260.0766618953188,163.47,-96.6066618953188,96.6066618953188,59.09748693659982,2025/2/15 3:00
264.4289350781132,158.93,-105.49893507811316,105.49893507811316,66.38075572770829,2025/2/15 3:15
275.64550927332533,163.66,-111.98550927332532,111.98550927332532,68.42570528733772,2025/2/15 3:30
281.9544199073335,180.95,-101.0044199073335,101.0044199073335,55.81896651410759,2025/2/15 3:45
287.249296936036,207.88,-79.369296936036,79.369296936036,38.18034295555023,2025/2/15 4:00
288.6499986877705,227.79,-60.85999868777051,60.85999868777051,26.717590187340885,2025/2/15 4:15
290.3229530337118,235.7,-54.62295303371184,54.62295303371184,23.17477854632527,2025/2/15 4:30
287.175779927292,251.2,-35.97577992729197,35.97577992729197,14.3215684423876,2025/2/15 4:45
285.5200256177304,252.13,-33.39002561773043,33.39002561773043,13.243178367396656,2025/2/15 5:00
286.89744219076084,251.66,-35.237442190760845,35.237442190760845,14.002003572576829,2025/2/15 5:15
286.4521938978469,256.55,-29.90219389784687,29.90219389784687,11.655503370818638,2025/2/15 5:30
291.63033906331503,248.46,-43.17033906331503,43.17033906331503,17.375166651894734,2025/2/15 5:45
287.76348029657686,238.58,-49.183480296576846,49.183480296576846,20.615089402530064,2025/2/15 6:00
291.39081396908364,227.78,-63.61081396908364,63.61081396908364,27.926426362742877,2025/2/15 6:15
286.1398026020331,223.17,-62.96980260203313,62.96980260203313,28.21606963391357,2025/2/15 6:30
285.2188557562588,218.14,-67.0788557562588,67.0788557562588,30.75036937573488,2025/2/15 6:45
286.11655946754723,210.95,-75.16655946754724,75.16655946754724,35.632405530937014,2025/2/15 7:00
282.9778111958389,204.58,-78.3978111958389,78.3978111958389,38.321346757161294,2025/2/15 7:15
269.4316777249826,197.88,-71.5516777249826,71.5516777249826,36.15912559376716,2025/2/15 7:30
255.0874355816912,187.77,-67.3174355816912,67.3174355816912,35.8510068603373,2025/2/15 7:45
246.2004079227024,173.21,-72.99040792270239,72.99040792270239,42.1398348378617,2025/2/15 8:00
218.82624324741545,165.98,-52.84624324741546,52.84624324741546,31.83892230834054,2025/2/15 8:15
207.58389724434772,166.17,-41.413897244347766,41.413897244347766,24.922607717592136,2025/2/15 8:30
200.52732549443405,153.12,-47.40732549443405,47.40732549443405,30.96089700522668,2025/2/15 8:45
186.81082133048528,132.78,-54.03082133048528,54.03082133048528,40.69198774698343,2025/2/15 9:00
173.79666760478926,105.34,-68.45666760478926,68.45666760478926,64.98639415675362,2025/2/15 9:15
169.81237479036972,91.11,-78.70237479036972,78.70237479036972,86.38170869309991,2025/2/15 9:30
149.97721998470746,80.0,-69.97721998470746,69.97721998470746,87.47152498077499,2025/2/15 9:45
129.7515244512852,75.61,-54.14152445128521,54.14152445128521,71.60630135063299,2025/2/15 10:00
122.7429497486974,82.32,-40.42294974869742,40.42294974869742,49.10465226998095,2025/2/15 10:15
120.80219031442552,82.64,-38.16219031442552,38.16219031442552,46.17883629523153,2025/2/15 10:30
101.74245423250028,95.56,-6.182454232500277,6.182454232500277,6.469709326594606,2025/2/15 10:45
88.81655406680765,111.93,23.113445933192352,23.113445933192352,20.64991149215733,2025/2/15 11:00
117.718501529519,129.53,11.811498470480998,11.811498470480998,9.118735791300765,2025/2/15 11:15
132.72028634536346,144.35,11.629713654636532,11.629713654636532,8.056608004591947,2025/2/15 11:30
129.61738468147263,168.1,38.482615318527365,38.482615318527365,22.892692039562448,2025/2/15 11:45
134.9676421365812,180.55,45.58235786341882,45.58235786341882,25.24639039789176,2025/2/15 12:00
159.69580772882065,189.18,29.484192271179356,29.484192271179356,15.58525862731989,2025/2/15 12:15
176.36386684673278,212.11,35.74613315326724,35.74613315326724,16.85263926889368,2025/2/15 12:30
175.57419749924466,235.67,60.095802500755326,60.095802500755326,25.49997984500778,2025/2/15 12:45
202.53862660155443,260.25,57.71137339844557,57.71137339844557,22.17535961514828,2025/2/15 13:00
213.82852483345783,272.58,58.75147516654212,58.75147516654212,21.553846638242195,2025/2/15 13:15
235.34817185491215,276.23,40.88182814508784,40.88182814508784,14.79992330488109,2025/2/15 13:30
260.06752346940624,292.6,32.53247653059378,32.53247653059378,11.118413031641374,2025/2/15 13:45
273.2253048733691,294.67,21.444695126630904,21.444695126630904,7.277529143320876,2025/2/15 14:00
278.8030920893485,311.41,32.6069079106515,32.6069079106515,10.470732446177395,2025/2/15 14:15
273.5226694148643,316.86,43.3373305851357,43.3373305851357,13.677122573099169,2025/2/15 14:30
269.411111572979,314.53,45.11888842702098,45.11888842702098,14.344860085526545,2025/2/15 14:45
270.97514397887136,314.36,43.384856021128655,43.384856021128655,13.801010313371563,2025/2/15 15:00
273.347033891759,314.0,40.652966108241,40.652966108241,12.94680449306626,2025/2/15 15:15
266.9956528450521,316.33,49.33434715494786,49.33434715494786,15.59584837193193,2025/2/15 15:30
271.38965944487256,304.27,32.88034055512742,32.88034055512742,10.806303794365734,2025/2/15 15:45
273.4893752956588,303.84,30.35062470434116,30.35062470434116,9.989015503005255,2025/2/15 16:00
278.6236844105506,302.62,23.99631558944941,23.99631558944941,7.929520715564562,2025/2/15 16:15
278.1246184949272,296.44,18.31538150507282,18.31538150507282,6.178444712274539,2025/2/15 16:30
275.0794311052407,298.72,23.64056889475933,23.64056889475933,7.913955843181378,2025/2/15 16:45
270.6242663857694,295.43,24.805733614230636,24.805733614230636,8.396484315818379,2025/2/15 17:00
272.37182238256884,292.57,20.19817761743116,20.19817761743116,6.903707699840808,2025/2/15 17:15
272.6218305334827,270.39,-2.2318305334827078,2.2318305334827078,0.8254116400317624,2025/2/15 17:30
257.90620031787887,255.96,-1.946200317878862,1.946200317878862,0.7603533043749421,2025/2/15 17:45
253.52527341326103,272.13,18.604726586738963,18.604726586738963,6.836705466774015,2025/2/15 18:00
249.1472509567144,256.57,7.42274904328562,7.42274904328562,2.8930697444294844,2025/2/15 18:15
265.9675263280163,234.28,-31.68752632801628,31.68752632801628,13.525493566673532,2025/2/15 18:30
267.3061609379415,225.15,-42.15616093794151,42.15616093794151,18.72358913520888,2025/2/15 18:45
264.8741230794024,206.8,-58.0741230794024,58.0741230794024,28.082264545151997,2025/2/15 19:00
243.4178305225276,198.21,-45.207830522527615,45.207830522527615,22.80804728444821,2025/2/15 19:15
235.1048549333568,173.23,-61.87485493335683,61.87485493335683,35.718325309311965,2025/2/15 19:30
231.7139395102515,154.62,-77.09393951025149,77.09393951025149,49.86026355594466,2025/2/15 19:45
218.02325960851996,169.57,-48.45325960851994,48.45325960851994,28.574193317503905,2025/2/15 20:00
207.2358835074947,189.09,-18.145883507494688,18.145883507494688,9.596426837741337,2025/2/15 20:15
198.38894392769865,190.23,-8.158943927698658,8.158943927698658,4.288989080425995,2025/2/15 20:30
194.0943797621553,236.3,42.20562023784467,42.20562023784467,17.86103268634228,2025/2/15 20:45
184.5815844195902,268.34,83.75841558040977,83.75841558040977,31.213540873659756,2025/2/15 21:00
177.94676343128344,265.11,87.16323656871657,87.16323656871657,32.87813985465795,2025/2/15 21:15
173.09972502162972,255.18,82.08027497837028,82.08027497837028,32.16563797254413,2025/2/15 21:30
176.79926709706086,243.88,67.08073290293913,67.08073290293913,27.505631008246528,2025/2/15 21:45
176.13049085803803,217.61,41.479509141961984,41.479509141961984,19.06139843846465,2025/2/15 22:00
183.4995948027165,194.29,10.79040519728349,10.79040519728349,5.553762518543383,2025/2/15 22:15
178.30824611039486,188.8,10.49175388960515,10.49175388960515,5.557073034745548,2025/2/15 22:30
175.46182439895907,192.98,17.518175601040923,17.518175601040923,9.07771561873347,2025/2/15 22:45
179.3244121193215,177.91,-1.4144121193214971,1.4144121193214971,0.7950155243216808,2025/2/15 23:00
174.1936513817166,168.29,-5.9036513817166,5.9036513817166,3.508022688046285,2025/2/15 23:15
165.22261675672215,175.82,10.597383243277848,10.597383243277848,6.027404870476522,2025/2/15 23:30
163.72572005395975,187.32,23.594279946040245,23.594279946040245,12.59570785075147,2025/2/15 23:45
175.99374447190743,189.94,13.946255528092564,13.946255528092564,7.342453157884186,2025/2/16 0:00
181.10462775211377,185.91,4.8053722478862255,4.8053722478862255,2.584784168621183,2025/2/16 0:15
175.61120354717573,176.43,0.818796452824273,0.818796452824273,0.4640913976216114,2025/2/16 0:30
174.73975185818767,173.13,-1.6097518581876784,1.6097518581876784,0.9297937146576266,2025/2/16 0:45
178.36412228177377,170.71,-7.654122281773738,7.654122281773738,4.483698835316767,2025/2/16 1:00
182.71208600902983,176.8,-5.912086009029821,5.912086009029821,3.3439400503543424,2025/2/16 1:15
176.42421026862408,178.38,1.955789731375916,1.955789731375916,1.0964176092470117,2025/2/16 1:30
174.36531957991824,189.72,15.354680420081763,15.354680420081763,8.093337771491498,2025/2/16 1:45
182.0752854192736,200.6,18.524714580726425,18.524714580726425,9.234653330367491,2025/2/16 2:00
185.4880567409466,199.97,14.481943259053397,14.481943259053397,7.242057938213808,2025/2/16 2:15
172.69233575256408,188.89,16.19766424743591,16.19766424743591,8.575183571087583,2025/2/16 2:30
163.64611429446077,179.12,15.473885705539232,15.473885705539232,8.6388374863391,2025/2/16 2:45
159.68245582858424,172.16,12.477544171415758,12.477544171415758,7.247644151608104,2025/2/16 3:00
162.53493523801058,156.27,-6.264935238010565,6.264935238010565,4.009045394513698,2025/2/16 3:15
149.94157388002975,142.88,-7.061573880029755,7.061573880029755,4.942310946265967,2025/2/16 3:30
146.77804309375108,114.16,-32.61804309375108,32.61804309375108,28.57221714586765,2025/2/16 3:45
141.88679497785543,89.48,-52.40679497785543,52.40679497785543,58.56816604581678,2025/2/16 4:00
137.63218950523586,74.04,-63.59218950523585,63.59218950523585,85.88896475574008,2025/2/16 4:15
123.79024782951689,67.85,-55.94024782951689,55.94024782951689,82.44693858428069,2025/2/16 4:30
117.53990927966424,65.86,-51.67990927966424,51.67990927966424,78.46934296930728,2025/2/16 4:45
102.85654490386575,64.62,-38.23654490386576,38.23654490386576,59.171378681223445,2025/2/16 5:00
102.24581968912848,65.47,-36.77581968912847,36.77581968912847,56.1720172431225,2025/2/16 5:15
92.12638261303016,62.33,-29.79638261303016,29.79638261303016,47.80423971279056,2025/2/16 5:30
87.89348789925019,57.84,-30.053487899250182,30.053487899250182,51.95969553803289,2025/2/16 5:45
80.2974095731496,51.05,-29.2474095731496,29.2474095731496,57.291693580983946,2025/2/16 6:00
76.3792624829065,48.05,-28.3292624829065,28.3292624829065,58.957882378454826,2025/2/16 6:15
75.82840379109176,52.79,-23.03840379109176,23.03840379109176,43.64160596902466,2025/2/16 6:30
71.95631472527437,58.52,-13.436314725274364,13.436314725274364,22.960209715057083,2025/2/16 6:45
67.01583067232971,55.37,-11.645830672329716,11.645830672329716,21.03274457704295,2025/2/16 7:00
62.98363292482868,51.89,-11.093632924828682,11.093632924828682,21.379134563128357,2025/2/16 7:15
59.566882272431535,50.32,-9.246882272431534,9.246882272431534,18.376157139135845,2025/2/16 7:30
59.36620310644293,49.18,-10.186203106442932,10.186203106442932,20.71208439695449,2025/2/16 7:45
57.04510812690686,43.11,-13.935108126906862,13.935108126906862,32.32453752464518,2025/2/16 8:00
54.99424015929028,43.98,-11.01424015929028,11.01424015929028,25.04374751993005,2025/2/16 8:15
53.888638598834326,48.01,-5.878638598834328,5.878638598834328,12.24461278654881,2025/2/16 8:30
53.80005825197557,47.08,-6.720058251975566,6.720058251975566,14.273700620138682,2025/2/16 8:45
48.7423563740136,44.26,-4.482356374013598,4.482356374013598,10.127330262095509,2025/2/16 9:00
50.00666683927405,41.31,-8.696666839274044,8.696666839274044,21.052207308770253,2025/2/16 9:15
48.826875444308605,44.26,-4.566875444308607,4.566875444308607,10.318290655893108,2025/2/16 9:30
47.78910724140544,40.09,-7.699107241405436,7.699107241405436,19.204557848306887,2025/2/16 9:45
48.47167474002828,33.54,-14.931674740028278,14.931674740028278,44.51900638039284,2025/2/16 10:00
50.88994737900385,29.08,-21.80994737900385,21.80994737900385,74.99981904721064,2025/2/16 10:15
55.79880315696378,19.7,-36.09880315696378,36.09880315696378,183.24265561817532,2025/2/16 10:30
54.710999682391126,16.22,-38.49099968239113,38.49099968239113,237.30579335483247,2025/2/16 10:45
52.07462714338595,13.68,-38.394627143385954,38.394627143385954,280.66247911626675,2025/2/16 11:00
50.50662631634055,13.61,-36.89662631634055,36.89662631634055,271.09938512909224,2025/2/16 11:15
52.726758054606165,11.61,-41.116758054606166,41.116758054606166,354.14950951121466,2025/2/16 11:30
58.1287119577017,9.6,-48.5287119577017,48.5287119577017,505.50741622079374,2025/2/16 11:45
62.741392001840914,8.33,-54.41139200184092,54.41139200184092,653.1979832075356,2025/2/16 12:00
74.96119510316537,8.48,-66.48119510316536,66.48119510316536,783.9763573394031,2025/2/16 12:15
83.64220257469228,8.09,-75.55220257469227,75.55220257469227,933.8961999228476,2025/2/16 12:30
104.28028502912616,6.65,-97.63028502912616,97.63028502912616,1468.1245868820756,2025/2/16 12:45
119.12001073114394,10.51,-108.61001073114392,108.61001073114392,1033.396867080024,2025/2/16 13:00
124.96191043451,14.18,-110.78191043451,110.78191043451,781.2546575016132,2025/2/16 13:15
144.66246719653324,15.95,-128.71246719653325,128.71246719653325,806.9747159606663,2025/2/16 13:30
146.98208219229105,20.37,-126.61208219229104,126.61208219229104,621.5615227867918,2025/2/16 13:45
173.1367325902185,29.01,-144.1267325902185,144.1267325902185,496.8174167174136,2025/2/16 14:00
199.1226546013072,39.87,-159.25265460130717,159.25265460130717,399.4297832979879,2025/2/16 14:15
207.95930776246405,44.89,-163.06930776246406,163.06930776246406,363.2642186725346,2025/2/16 14:30
223.35527127848204,42.59,-180.76527127848203,180.76527127848203,424.4312544683202,2025/2/16 14:45
243.60748427066,51.22,-192.38748427066,192.38748427066,375.6100825269121,2025/2/16 15:00
244.43881509815128,50.98,-193.4588150981513,193.4588150981513,379.4798256135186,2025/2/16 15:15
264.3106358892721,68.54,-195.77063588927209,195.77063588927209,285.62975764369185,2025/2/16 15:30
270.91548916420123,82.07,-188.84548916420124,188.84548916420124,230.1029476836495,2025/2/16 15:45
273.7173747521373,91.72,-181.9973747521373,181.9973747521373,198.42714211942743,2025/2/16 16:00
275.282152418748,99.43,-175.852152418748,175.852152418748,176.86025587707044,2025/2/16 16:15
276.72183271452326,104.97,-171.75183271452326,171.75183271452326,163.61992256297955,2025/2/16 16:30
281.14217086486826,117.9,-163.24217086486826,163.24217086486826,138.4581601906105,2025/2/16 16:45
284.1227865556733,134.62,-149.5027865556733,149.5027865556733,111.05540525595175,2025/2/16 17:00
281.8217648974408,159.89,-121.9317648974408,121.9317648974408,76.25978166074462,2025/2/16 17:15
282.7714004825465,177.89,-104.8814004825465,104.8814004825465,58.95857017397692,2025/2/16 17:30
281.0302898740012,206.08,-74.95028987400119,74.95028987400119,36.369511778903735,2025/2/16 17:45
280.6071667002897,215.82,-64.78716670028973,64.78716670028973,30.019074552988474,2025/2/16 18:00
273.6479020725082,237.48,-36.16790207250821,36.16790207250821,15.229872861922262,2025/2/16 18:15
271.6644832058592,242.54,-29.124483205859207,29.124483205859207,12.008115447285892,2025/2/16 18:30
259.3056125792741,251.28,-8.02561257927411,8.02561257927411,3.1938923031164106,2025/2/16 18:45
255.59325436903896,261.84,6.246745630961016,6.246745630961016,2.3857109803538923,2025/2/16 19:00
244.6347037246378,262.83,18.195296275362185,18.195296275362185,6.9228384413329,2025/2/16 19:15
228.89529858803667,261.34,32.44470141196331,32.44470141196331,12.414747613052308,2025/2/16 19:30
207.77868432808395,272.6,64.82131567191607,64.82131567191607,23.778912572227544,2025/2/16 19:45
208.4361509911051,271.82,63.38384900889488,63.38384900889488,23.318316904154063,2025/2/16 20:00
206.1478016697928,268.64,62.4921983302072,62.4921983302072,23.26243237424953,2025/2/16 20:15
196.78761340475396,274.19,77.40238659524607,77.40238659524607,28.22947102199856,2025/2/16 20:30
193.1371171273105,266.23,73.09288287268956,73.09288287268956,27.4547882930782,2025/2/16 20:45
176.93309539129126,273.92,96.98690460870876,96.98690460870876,35.40701832968507,2025/2/16 21:00
179.72422264448517,269.76,90.03577735551482,90.03577735551482,33.37625198527634,2025/2/16 21:15
184.7724856178882,258.07,73.29751438211179,73.29751438211179,28.402183276662683,2025/2/16 21:30
183.0152934718056,228.88,45.864706528194375,45.864706528194375,20.03875678441731,2025/2/16 21:45
189.2977484891716,191.39,2.0922515108284188,2.0922515108284188,1.0931874762669551,2025/2/16 22:00
192.8781531986299,165.29,-27.588153198629897,27.588153198629897,16.690757576751896,2025/2/16 22:15
188.6877363274924,147.92,-40.76773632749243,40.76773632749243,27.56066544582536,2025/2/16 22:30
193.0273398541545,114.26,-78.76733985415451,78.76733985415451,68.9369331822909,2025/2/16 22:45
193.33213925118304,80.35,-112.98213925118304,112.98213925118304,140.61249440079956,2025/2/16 23:00
195.6122861034204,81.29,-114.32228610342035,114.32228610342035,140.63511637751225,2025/2/16 23:15
183.94336746827275,106.29,-77.65336746827272,77.65336746827272,73.05801812795151,2025/2/16 23:30
178.94889465626895,119.51,-59.43889465626894,59.43889465626894,49.73549883375383,2025/2/16 23:45
167.1539531107009,153.11,-14.043953110700896,14.043953110700896,9.172459741814205,2025/2/17 0:00
160.5819491091548,163.22,2.638050890845193,2.638050890845193,1.616254681315756,2025/2/17 0:15
156.56328424914827,181.62,25.056715750851737,25.056715750851737,13.796231555356206,2025/2/17 0:30
157.70599366207728,191.14,33.43400633792271,33.43400633792271,17.49189407654349,2025/2/17 0:45
150.65725389901144,201.57,50.91274610098856,50.91274610098856,25.258096989117085,2025/2/17 1:00
149.0861793174535,197.62,48.53382068254649,48.53382068254649,24.55916439759232,2025/2/17 1:15
150.4584924822783,196.49,46.03150751772171,46.03150751772171,23.42689577978436,2025/2/17 1:30
154.82152503983124,194.48,39.658474960168746,39.658474960168746,20.392058288846336,2025/2/17 1:45
150.74389769066136,183.45,32.70610230933863,32.70610230933863,17.828346857084114,2025/2/17 2:00
143.08097934808544,175.37,32.28902065191457,32.28902065191457,18.411940840449425,2025/2/17 2:15
141.53636385225442,176.15,34.61363614774558,34.61363614774558,19.650091483239247,2025/2/17 2:30
138.37875543582837,160.11,21.731244564171647,21.731244564171647,13.572696623670025,2025/2/17 2:45
145.59560025306965,145.83,0.2343997469303644,0.2343997469303644,0.1607349289790878,2025/2/17 3:00
142.83779222445818,140.79,-2.047792224458192,2.047792224458192,1.4545011893293114,2025/2/17 3:15
135.9224206214533,145.6,9.677579378546682,9.677579378546682,6.646689133612663,2025/2/17 3:30
140.77123355237583,160.67,19.898766447624155,19.898766447624155,12.3848673975302,2025/2/17 3:45
130.89720823585637,183.43,52.53279176414364,52.53279176414364,28.63914941073707,2025/2/17 4:00
132.99137232442945,209.96,76.96862767557056,76.96862767557056,36.658710075983,2025/2/17 4:15
130.35482446646915,215.26,84.90517553353084,84.90517553353084,39.44308070867388,2025/2/17 4:30
130.81766054162495,218.58,87.76233945837504,87.76233945837504,40.151129773234,2025/2/17 4:45
127.4604103906052,199.17,71.7095896093948,71.7095896093948,36.00421228566491,2025/2/17 5:00
131.95420915149714,182.01,50.05579084850285,50.05579084850285,27.50167070406865,2025/2/17 5:15
126.54367976143638,170.66,44.11632023856362,44.11632023856362,25.850416171649933,2025/2/17 5:30
130.76693285438063,168.57,37.803067145619366,37.803067145619366,22.425738355340183,2025/2/17 5:45
133.80841937209678,147.95,14.14158062790321,14.14158062790321,9.55835121858307,2025/2/17 6:00
129.9087190053256,161.25,31.34128099467441,31.34128099467441,19.436453330018587,2025/2/17 6:15
129.32381127748707,162.02,32.69618872251294,32.69618872251294,20.180341144607308,2025/2/17 6:30
129.9033992171912,152.66,22.75660078280879,22.75660078280879,14.906721330272427,2025/2/17 6:45
134.0495637292911,142.07,8.020436270708927,8.020436270708927,5.645411607449344,2025/2/17 7:00
130.6195001297542,151.21,20.59049987024582,20.59049987024582,13.617154864249857,2025/2/17 7:15
116.21372560313226,140.3,24.08627439686775,24.08627439686775,17.167693796757366,2025/2/17 7:30
116.42247306358404,119.64,3.2175269364159504,3.2175269364159504,2.6893404684163,2025/2/17 7:45
117.87018415858904,125.4,7.529815841410951,7.529815841410951,6.00463783206136,2025/2/17 8:00
114.8898900459426,109.26,-5.629890045942602,5.629890045942602,5.152745786140811,2025/2/17 8:15
105.84551533578266,102.92,-2.925515335782663,2.925515335782663,2.842513929051516,2025/2/17 8:30
103.13605499824344,98.37,-4.766054998243448,4.766054998243448,4.845028970457052,2025/2/17 8:45
97.27077437562586,89.47,-7.800774375625863,7.800774375625863,8.71887154981239,2025/2/17 9:00
97.91962271112293,78.6,-19.31962271112293,19.31962271112293,24.579672660430475,2025/2/17 9:15
94.19983141095972,77.79,-16.40983141095971,16.40983141095971,21.095039736391072,2025/2/17 9:30
86.28908030666517,70.5,-15.78908030666517,15.78908030666517,22.39585859098266,2025/2/17 9:45
80.37863410944732,55.49,-24.88863410944732,24.88863410944732,44.85246730834828,2025/2/17 10:00
82.08422497601983,47.76,-34.32422497601983,34.32422497601983,71.86814274695972,2025/2/17 10:15
77.68597226754623,40.39,-37.29597226754623,37.29597226754623,92.33961937968284,2025/2/17 10:30
77.63877726088928,36.06,-41.57877726088928,41.57877726088928,115.3044294530615,2025/2/17 10:45
68.1334583750523,27.55,-40.5834583750523,40.5834583750523,147.3083788562795,2025/2/17 11:00
85.48040608421212,23.9,-61.58040608421212,61.58040608421212,257.6586028617342,2025/2/17 11:15
97.86389813321316,21.83,-76.03389813321317,76.03389813321317,348.30003725545066,2025/2/17 11:30
107.44978454552503,21.08,-86.36978454552504,86.36978454552504,409.72383560301387,2025/2/17 11:45
110.9403445093166,28.78,-82.16034450931659,82.16034450931659,285.4772220605668,2025/2/17 12:00
118.65932384845752,41.85,-76.80932384845752,76.80932384845752,183.53482401021265,2025/2/17 12:15
130.44708024042288,68.33,-62.11708024042288,62.11708024042288,90.90747876530362,2025/2/17 12:30
151.78532350990298,84.54,-67.24532350990297,67.24532350990297,79.5426112015891,2025/2/17 12:45
175.43914242080015,98.81,-76.62914242080015,76.62914242080015,77.5520113558573,2025/2/17 13:00
190.05653791888795,108.6,-81.45653791888796,81.45653791888796,75.00602018306903,2025/2/17 13:15
214.39339860329267,152.77,-61.62339860329266,61.62339860329266,40.33736898818637,2025/2/17 13:30
221.8348581117413,179.04,-42.79485811174135,42.79485811174135,23.902400643273825,2025/2/17 13:45
227.9773526482063,198.55,-29.42735264820629,29.42735264820629,14.82112951306546,2025/2/17 14:00
236.97307836018285,202.58,-34.39307836018281,34.39307836018281,16.977529055269937,2025/2/17 14:15
251.39449750898413,184.56,-66.83449750898413,66.83449750898413,36.21288334901816,2025/2/17 14:30
253.98049686063703,180.75,-73.23049686063703,73.23049686063703,40.5147977098736,2025/2/17 14:45
265.4193128320967,191.84,-73.57931283209669,73.57931283209669,38.3545208674199,2025/2/17 15:00
268.0887652351064,177.12,-90.9687652351064,90.9687652351064,51.35996230524788,2025/2/17 15:15
278.3255313599454,213.1,-65.22553135994539,65.22553135994539,30.607945265093758,2025/2/17 15:30
274.3858751659278,241.52,-32.865875165927804,32.865875165927804,13.607931088901209,2025/2/17 15:45
275.45787681039377,241.67,-33.78787681039378,33.78787681039378,13.980997562949396,2025/2/17 16:00
272.35944518434536,241.38,-30.97944518434537,30.97944518434537,12.834304906923744,2025/2/17 16:15
263.51918112349085,264.18,0.660818876509154,0.660818876509154,0.2501396307475599,2025/2/17 16:30
262.8063938625168,263.8,0.9936061374832548,0.9936061374832548,0.3766513030640175,2025/2/17 16:45
264.17150658340864,259.79,-4.381506583408623,4.381506583408623,1.6865570589348844,2025/2/17 17:00
262.35605143594086,269.68,7.323948564059151,7.323948564059151,2.715792258994525,2025/2/17 17:15
261.0448037512025,269.69,8.645196248797447,8.645196248797447,3.20560504608782,2025/2/17 17:30
260.8627709925146,267.93,7.067229007485423,7.067229007485423,2.637714704393978,2025/2/17 17:45
260.804012838019,264.57,3.765987161981002,3.765987161981002,1.423436958831152,2025/2/17 18:00
247.75623488610333,261.71,13.953765113896653,13.953765113896653,5.331766120473548,2025/2/17 18:15
233.7867393184877,261.08,27.29326068151232,27.29326068151232,10.45398371437945,2025/2/17 18:30
228.17382283439284,258.12,29.946177165607168,29.946177165607168,11.601649297069413,2025/2/17 18:45
214.7999035403111,243.22,28.42009645968889,28.42009645968889,11.684933993782256,2025/2/17 19:00
208.8504322371945,226.18,17.32956776280551,17.32956776280551,7.661847980722366,2025/2/17 19:15
206.92259370910355,210.86,3.9374062908964618,3.9374062908964618,1.8673083045122805,2025/2/17 19:30
205.600768708535,228.82,23.21923129146498,23.21923129146498,10.147378415984107,2025/2/17 19:45
202.2885814324556,233.71,31.421418567544407,31.421418567544407,13.444618787185386,2025/2/17 20:00
203.68668067230425,218.9,15.213319327695755,15.213319327695755,6.949894622059757,2025/2/17 20:15
201.36068003643896,208.64,7.279319963561022,7.279319963561022,3.48893786596891,2025/2/17 20:30
201.66543657145823,209.86,8.194563428541755,8.194563428541755,3.904776245372082,2025/2/17 20:45
199.40458146851108,205.99,6.585418531488926,6.585418531488926,3.1969603046195103,2025/2/17 21:00
193.20302439285928,192.4,-0.8030243928592711,0.8030243928592711,0.4173723455607347,2025/2/17 21:15
192.65559865738555,181.74,-10.915598657385544,10.915598657385544,6.006161911180554,2025/2/17 21:30
191.78382970648283,182.92,-8.863829706482846,8.863829706482846,4.845741147210804,2025/2/17 21:45
194.80192817961563,179.56,-15.241928179615629,15.241928179615629,8.488487513704133,2025/2/17 22:00
192.33453221839432,177.21,-15.124532218394307,15.124532218394307,8.534807414020525,2025/2/17 22:15
191.52954221303705,166.86,-24.669542213037005,24.669542213037005,14.784575220557484,2025/2/17 22:30
186.60883682248732,157.37,-29.238836822487343,29.238836822487343,18.57967644561782,2025/2/17 22:45
186.6262237891588,147.23,-39.3962237891588,39.3962237891588,26.75828553225025,2025/2/17 23:00
176.9317696407419,140.32,-36.6117696407419,36.6117696407419,26.0916260267359,2025/2/17 23:15
177.9063838249925,132.45,-45.456383824992514,45.456383824992514,34.319655586982414,2025/2/17 23:30
176.10117189475653,123.34,-52.76117189475653,52.76117189475653,42.77701629213049,2025/2/17 23:45
171.56572013066338,109.95,-61.61572013066338,61.61572013066338,56.0397636476647,2025/2/18 0:00
177.21478756534765,88.83,-88.38478756534765,88.38478756534765,99.49880396853332,2025/2/18 0:15
173.00976188388157,77.16,-95.84976188388156,95.84976188388156,124.22208642270265,2025/2/18 0:30
182.110630825629,77.39,-104.720630825629,104.720630825629,135.3154552597153,2025/2/18 0:45
172.75000292869626,80.62,-92.13000292869626,92.13000292869626,114.27685801114112,2025/2/18 1:00
170.36932159060947,74.14,-96.22932159060947,96.22932159060947,129.7940674271374,2025/2/18 1:15
151.1835284999268,59.94,-91.2435284999268,91.2435284999268,152.2247722718962,2025/2/18 1:30
142.75395694622932,57.32,-85.43395694622933,85.43395694622933,149.0473777845085,2025/2/18 1:45
130.84327757985224,53.61,-77.23327757985224,77.23327757985224,144.06505797371418,2025/2/18 2:00
126.30915023810616,52.78,-73.52915023810615,73.52915023810615,139.3125241340789,2025/2/18 2:15
126.38493521340996,54.85,-71.53493521340997,71.53493521340997,130.41920731682688,2025/2/18 2:30
107.46425477784238,48.63,-58.83425477784238,58.83425477784238,120.98345625688134,2025/2/18 2:45
103.01201582549962,39.96,-63.052015825499616,63.052015825499616,157.7878273907453,2025/2/18 3:00
97.1575074728812,37.07,-60.08750747288121,60.08750747288121,162.09200828896442,2025/2/18 3:15
88.81514873185863,43.83,-44.98514873185863,44.98514873185863,102.63552072041068,2025/2/18 3:30
84.31561914320952,47.82,-36.49561914320952,36.49561914320952,76.3187351382961,2025/2/18 3:45
80.96073767569548,48.86,-32.100737675695484,32.100737675695484,65.69942217689272,2025/2/18 4:00
74.07044238204745,40.93,-33.140442382047446,33.140442382047446,80.96858632290856,2025/2/18 4:15
73.66810753060511,30.59,-43.07810753060511,43.07810753060511,140.82415014862468,2025/2/18 4:30
69.27703926668458,23.0,-46.27703926668458,46.27703926668458,201.2045185499277,2025/2/18 4:45
65.4053887388767,16.08,-49.3253887388767,49.3253887388767,306.7499299662311,2025/2/18 5:00
64.8569072022931,10.28,-54.5769072022931,54.5769072022931,530.903766554107,2025/2/18 5:15
75.4155871173736,9.33,-66.0855871173736,66.0855871173736,708.3128308324254,2025/2/18 5:30
60.08348354696429,13.43,-46.65348354696429,46.65348354696429,347.3826027298355,2025/2/18 5:45
58.4499371114364,15.07,-43.3799371114364,43.3799371114364,287.8562515670109,2025/2/18 6:00
52.45867497039604,16.24,-36.21867497039604,36.21867497039604,223.0213975995876,2025/2/18 6:15
51.733662609648114,22.88,-28.853662609648115,28.853662609648115,126.1086652514074,2025/2/18 6:30
51.9896304230378,30.76,-21.229630423037797,21.229630423037797,69.01700397584128,2025/2/18 6:45
58.76499295911813,37.14,-21.62499295911813,21.62499295911813,58.2256137831446,2025/2/18 7:00
49.98202069434476,42.17,-7.81202069434476,7.81202069434476,18.52506685872951,2025/2/18 7:15
46.96655465077082,46.25,-0.7165546507708243,0.7165546507708243,1.5493073530146486,2025/2/18 7:30
47.92242111609505,42.92,-5.00242111609505,5.00242111609505,11.65522161249626,2025/2/18 7:45
46.16026173268087,44.87,-1.290261732680868,1.290261732680868,2.8755554550434423,2025/2/18 8:00
47.29935054239782,52.2,4.900649457602185,4.900649457602185,9.388217351710338,2025/2/18 8:15
56.50713264788819,56.52,0.0128673521118116,0.0128673521118116,0.0227660157674962,2025/2/18 8:30
66.88284940338474,55.56,-11.322849403384735,11.322849403384735,20.379498566170547,2025/2/18 8:45
64.32338590865213,60.43,-3.893385908652128,3.893385908652128,6.4428030922483615,2025/2/18 9:00
63.51864843166043,59.62,-3.898648431660433,3.898648431660433,6.53916207925846,2025/2/18 9:15
58.175728258902055,55.95,-2.225728258902052,2.225728258902052,3.9780665932047783,2025/2/18 9:30
55.92198803680496,48.13,-7.791988036804952,7.791988036804952,16.189461950527242,2025/2/18 9:45
54.58127763747062,46.2,-8.381277637470617,8.381277637470617,18.14129358755947,2025/2/18 10:00
53.28360376891885,41.53,-11.75360376891885,11.75360376891885,28.301477892825783,2025/2/18 10:15
56.199643620354,37.65,-18.549643620354,18.549643620354,49.26864175379742,2025/2/18 10:30
55.869311350539455,36.42,-19.449311350539453,19.449311350539453,53.402831824508645,2025/2/18 10:45
48.31584677194604,34.29,-14.025846771946036,14.025846771946036,40.9036068005399,2025/2/18 11:00
53.33938625578353,34.6,-18.73938625578353,18.73938625578353,54.160075883610894,2025/2/18 11:15
58.05188558592747,37.95,-20.10188558592747,20.10188558592747,52.96939548320025,2025/2/18 11:30
60.751424765024375,54.85,-5.901424765024373,5.901424765024373,10.75920649956903,2025/2/18 11:45
74.71334168067753,68.98,-5.733341680677526,5.733341680677526,8.311600000970158,2025/2/18 12:00
88.25394690628029,55.87,-32.38394690628029,32.38394690628029,57.96303366068074,2025/2/18 12:15
95.59402264370944,75.9,-19.69402264370943,19.69402264370943,25.947328911308936,2025/2/18 12:30
111.56364701992744,105.97,-5.593647019927431,5.593647019927431,5.278519411080638,2025/2/18 12:45
131.4284263497171,126.75,-4.678426349717114,4.678426349717114,3.691066153620057,2025/2/18 13:00
147.05510410472226,135.6,-11.455104104722269,11.455104104722269,8.447716891381873,2025/2/18 13:15
184.7670186383232,151.26,-33.50701863832319,33.50701863832319,22.151936161775115,2025/2/18 13:30
192.2610471754287,163.72,-28.5410471754287,28.5410471754287,17.43284093294116,2025/2/18 13:45
210.4749407021707,176.37,-34.104940702170694,34.104940702170694,19.33715524304097,2025/2/18 14:00
222.80274544740348,199.99,-22.812745447403472,22.812745447403472,11.406943070849575,2025/2/18 14:15
235.44426260548167,224.74,-10.70426260548166,10.70426260548166,4.762953904724079,2025/2/18 14:30
250.2475995424965,241.46,-8.787599542496508,8.787599542496508,3.639360367138602,2025/2/18 14:45
256.1054543377272,283.06,26.954545662272835,26.954545662272835,9.522555522597088,2025/2/18 15:00
268.4705460460091,294.15,25.6794539539909,25.6794539539909,8.730054038409714,2025/2/18 15:15
265.1307430511048,307.67,42.539256948895286,42.539256948895286,13.826260912302615,2025/2/18 15:30
266.9848053970126,316.69,49.705194602987376,49.705194602987376,15.69522075309346,2025/2/18 15:45
271.57693886323955,310.26,38.68306113676044,38.68306113676044,12.46794982812737,2025/2/18 16:00
274.93289774454337,315.86,40.927102255456646,40.927102255456646,12.957355238220632,2025/2/18 16:15
280.964055990992,314.49,33.525944009008015,33.525944009008015,10.660416550286929,2025/2/18 16:30
284.91761365810464,300.3,15.38238634189537,15.38238634189537,5.122339774189227,2025/2/18 16:45
284.98595545776635,315.76,30.77404454223364,30.77404454223364,9.7460237339194,2025/2/18 17:00
292.0906882836636,312.46,20.36931171633637,20.36931171633637,6.519014183040982,2025/2/18 17:15
298.07315269930393,314.89,16.816847300696054,16.816847300696054,5.340546635552325,2025/2/18 17:30
296.8347664114779,303.45,6.615233588522074,6.615233588522074,2.180007773445343,2025/2/18 17:45
295.3525545921353,303.97,8.61744540786475,8.61744540786475,2.83496575578574,2025/2/18 18:00
291.1745349572677,291.96,0.7854650427322554,0.7854650427322554,0.2690317313097638,2025/2/18 18:15
295.40627958768937,278.55,-16.856279587689357,16.856279587689357,6.051437654885409,2025/2/18 18:30
281.8953231630834,260.78,-21.115323163083417,21.115323163083417,8.096987178110025,2025/2/18 18:45
271.6131026487878,264.63,-6.983102648787792,6.983102648787792,2.6388174616578444,2025/2/18 19:00
263.71079311525966,277.98,14.269206884740356,14.269206884740356,5.133177525266286,2025/2/18 19:15
256.7483862747652,276.9,20.151613725234768,20.151613725234768,7.27757808783947,2025/2/18 19:30
250.2966175343498,263.58,13.283382465650192,13.283382465650192,5.039601815632883,2025/2/18 19:45
246.36144134979068,254.53,8.16855865020932,8.16855865020932,3.2092714612054025,2025/2/18 20:00
240.0539991356405,236.95,-3.103999135640521,3.103999135640521,1.3099806438654615,2025/2/18 20:15
234.8827581247391,219.62,-15.262758124739094,15.262758124739094,6.94962122062296,2025/2/18 20:30
234.6189399775939,211.02,-23.598939977593886,23.598939977593886,11.183271717175009,2025/2/18 20:45
233.00527294740527,212.39,-20.615272947405288,20.615272947405288,9.706329369271426,2025/2/18 21:00
226.9774884121992,204.45,-22.527488412199205,22.527488412199205,11.01858078365771,2025/2/18 21:15
223.80402856464065,195.11,-28.694028564640604,28.694028564640604,14.706590418033876,2025/2/18 21:30
223.60487613232388,192.57,-31.034876132323888,31.034876132323888,16.1161531558954,2025/2/18 21:45
224.80977999470613,191.62,-33.18977999470613,33.18977999470613,17.320624149195705,2025/2/18 22:00
230.05665612989245,192.85,-37.20665612989245,37.20665612989245,19.293054773073976,2025/2/18 22:15
233.27094494471768,190.83,-42.44094494471767,42.44094494471767,22.24018495241599,2025/2/18 22:30
224.55019501978984,197.43,-27.120195019789836,27.120195019789836,13.736612986768018,2025/2/18 22:45
222.87214836140825,197.54,-25.33214836140823,25.33214836140823,12.823807006882356,2025/2/18 23:00
220.71339711988296,189.99,-30.72339711988297,30.72339711988297,16.171060118883524,2025/2/18 23:15
212.8732070720634,183.91,-28.9632070720634,28.9632070720634,15.74857651680042,2025/2/18 23:30
209.7199958520349,183.31,-26.40999585203491,26.40999585203491,14.407285937494136,2025/2/18 23:45
211.579397684505,179.8,-31.779397684505,31.779397684505,17.674859668791616,2025/2/19 0:00
195.07539076477383,188.19,-6.885390764773831,6.885390764773831,3.658744229114285,2025/2/19 0:15
203.3853899022104,192.23,-11.155389902210374,11.155389902210374,5.803147220623509,2025/2/19 0:30
204.02007594366552,203.83,-0.190075943665505,0.190075943665505,0.0932521923492183,2025/2/19 0:45
207.0663585320825,206.83,-0.2363585320824768,0.2363585320824768,0.1142767161835142,2025/2/19 1:00
200.06103566597173,221.31,21.248964334028276,21.248964334028276,9.601447893912916,2025/2/19 1:15
201.73639380951155,232.43,30.693606190488453,30.693606190488453,13.205526907230242,2025/2/19 1:30
192.0472430424114,227.31,35.26275695758861,35.26275695758861,15.513068918029605,2025/2/19 1:45
189.8833358417532,211.32,21.4366641582468,21.4366641582468,10.144171946922514,2025/2/19 2:00
187.5098308442182,208.39,20.8801691557818,20.8801691557818,10.019755821187092,2025/2/19 2:15
188.31708559230503,198.65,10.332914407694943,10.332914407694943,5.201567786403092,2025/2/19 2:30
193.497961117444,187.14,-6.357961117443978,6.357961117443978,3.397435672459432,2025/2/19 2:45
186.5862234060592,186.83,0.2437765939408507,0.2437765939408507,0.1304804335174866,2025/2/19 3:00
175.2988004803298,188.85,13.551199519670206,13.551199519670206,7.1756417896018165,2025/2/19 3:15
175.66936877188945,189.27,13.600631228110558,13.600631228110558,7.185835699320216,2025/2/19 3:30
172.86785923039366,191.48,18.612140769606327,18.612140769606327,9.720148720282332,2025/2/19 3:45
169.83060745716764,181.23,11.399392542832343,11.399392542832343,6.290014094148903,2025/2/19 4:00
161.95206538204496,175.19,13.237934617955034,13.237934617955034,7.556330051913624,2025/2/19 4:15
160.9445333624689,168.26,7.315466637531102,7.315466637531102,4.347715819283701,2025/2/19 4:30
162.1038171334409,166.75,4.646182866559087,4.646182866559087,2.786316561652954,2025/2/19 4:45
166.2596811386259,166.52,0.2603188613741167,0.2603188613741167,0.1563288862442712,2025/2/19 5:00
165.90304819378284,173.63,7.7269518062171585,7.7269518062171585,4.450240054260616,2025/2/19 5:15
157.175149330118,175.89,18.714850669882,18.714850669882,10.640087935568458,2025/2/19 5:30
155.99222930222857,176.13,20.13777069777143,20.13777069777143,11.433469992482824,2025/2/19 5:45
153.49419616974217,173.88,20.385803830257828,20.385803830257828,11.724064774698704,2025/2/19 6:00
150.79135618686794,179.09,28.29864381313206,28.29864381313206,15.80135340505682,2025/2/19 6:15
144.56906235450373,188.56,43.990937645496274,43.990937645496274,23.32994147511293,2025/2/19 6:30
142.85597510499716,193.06,50.204024895002846,50.204024895002846,26.00436387391321,2025/2/19 6:45
138.77373125579567,192.56,53.786268744204335,53.786268744204335,27.932212683930413,2025/2/19 7:00
134.99535069229745,198.18,63.18464930770256,63.18464930770256,31.882454994283314,2025/2/19 7:15
128.9567651974834,193.79,64.83323480251659,64.83323480251659,33.45540781386198,2025/2/19 7:30
127.87369476249924,180.46,52.58630523750078,52.58630523750078,29.140144761981407,2025/2/19 7:45
129.52816581022554,177.2,47.67183418977445,47.67183418977445,26.90284096486882,2025/2/19 8:00
127.50147762543972,169.24,41.73852237456029,41.73852237456029,24.66232709438409,2025/2/19 8:15
124.6170779093456,161.6,36.9829220906544,36.9829220906544,22.885471590737325,2025/2/19 8:30
122.2882681446772,156.46,34.171731855322804,34.171731855322804,21.840554681900144,2025/2/19 8:45
118.98867043809352,153.03,34.041329561906494,34.041329561906494,22.244873267911032,2025/2/19 9:00
113.7462674539814,150.69,36.9437325460186,36.9437325460186,24.516379684115787,2025/2/19 9:15
119.68313494229966,164.57,44.886865057700334,44.886865057700334,27.27524157359972,2025/2/19 9:30
111.6927734798754,166.04,54.34722652012459,54.34722652012459,32.731405998609894,2025/2/19 9:45
96.38320570578485,159.12,62.73679429421517,62.73679429421517,39.42734684148802,2025/2/19 10:00
97.76442990417164,143.29,45.52557009582836,45.52557009582836,31.771631025051704,2025/2/19 10:15
96.46549653078604,121.09,24.624503469213963,24.624503469213963,20.33570358344506,2025/2/19 10:30
109.8302870679161,119.87,10.0397129320839,10.0397129320839,8.375500902707538,2025/2/19 10:45
121.21165676391138,112.39,-8.821656763911378,8.821656763911378,7.849147400928488,2025/2/19 11:00
123.54196913066686,106.61,-16.931969130666857,16.931969130666857,15.882158456665394,2025/2/19 11:15
124.03348672573662,102.18,-21.853486725736616,21.853486725736616,21.387244789308305,2025/2/19 11:30
136.8028218299658,111.05,-25.75282182996581,25.75282182996581,23.190294308818206,2025/2/19 11:45
157.04198561145915,138.41,-18.63198561145916,18.63198561145916,13.461444701571924,2025/2/19 12:00
170.79602864085186,162.04,-8.756028640851866,8.756028640851866,5.403621723553729,2025/2/19 12:15
178.0012575330272,177.99,-0.0112575330271909,0.0112575330271909,0.0063248120833668,2025/2/19 12:30
177.32896978401266,202.95,25.62103021598733,25.62103021598733,12.624306585846126,2025/2/19 12:45
183.9814765381813,239.52,55.5385234618187,55.5385234618187,23.187426295004805,2025/2/19 13:00
186.02296666151736,246.1,60.07703333848264,60.07703333848264,24.41163483886966,2025/2/19 13:15
191.5691056925448,248.36,56.7908943074552,56.7908943074552,22.866361051470584,2025/2/19 13:30
197.8273864938191,260.56,62.73261350618091,62.73261350618091,24.07607211627143,2025/2/19 13:45
213.2615522853532,252.27,39.00844771464685,39.00844771464685,15.462975270397347,2025/2/19 14:00
232.4678558902704,254.13,21.66214410972961,21.66214410972961,8.524040494912482,2025/2/19 14:15
243.0411083119809,274.12,31.078891688019095,31.078891688019095,11.337695785790078,2025/2/19 14:30
240.56211714879925,253.24,12.677882851200764,12.677882851200764,5.006271857208875,2025/2/19 14:45
241.06899665024912,258.6,17.531003349750904,17.531003349750904,6.779196964324874,2025/2/19 15:00
246.9071274050161,247.38,0.4728725949838974,0.4728725949838974,0.1911523142467888,2025/2/19 15:15
248.1316147809546,237.89,-10.24161478095462,10.24161478095462,4.3051892811594925,2025/2/19 15:30
249.895706761666,253.4,3.504293238334043,3.504293238334043,1.382909723098919,2025/2/19 15:45
256.09003826069426,244.97,-11.120038260694258,11.120038260694258,4.539346965216034,2025/2/19 16:00
263.95772099866696,240.55,-23.407720998666942,23.407720998666942,9.730917064501025,2025/2/19 16:15
266.5395208803372,234.27,-32.26952088033718,32.26952088033718,13.77449988488642,2025/2/19 16:30
263.18317478326964,239.66,-23.52317478326964,23.52317478326964,9.81522773231237,2025/2/19 16:45
264.5958716168198,241.03,-23.565871616819805,23.565871616819805,9.77715289250717,2025/2/19 17:00
262.6272861091906,248.2,-14.427286109190618,14.427286109190618,5.812766361476554,2025/2/19 17:15
261.62791290773777,243.72,-17.907912907737767,17.907912907737767,7.34774040199016,2025/2/19 17:30
261.12690054827925,251.88,-9.246900548279257,9.246900548279257,3.671153147639982,2025/2/19 17:45
260.9492581764474,241.78,-19.16925817644741,19.16925817644741,7.928388690726895,2025/2/19 18:00
258.9664090622996,239.09,-19.876409062299587,19.876409062299587,8.313358593956783,2025/2/19 18:15
240.78307894488407,202.35,-38.43307894488413,38.43307894488413,18.993367405418898,2025/2/19 18:30
232.68732506121128,196.55,-36.13732506121127,36.13732506121127,18.38581788918488,2025/2/19 18:45
225.1635937764929,184.55,-40.613593776492905,40.613593776492905,22.00682404577128,2025/2/19 19:00
218.48545026460997,184.57,-33.915450264609944,33.915450264609944,18.37538617575531,2025/2/19 19:15
215.09290966494785,194.23,-20.862909664947864,20.862909664947864,10.74134256548274,2025/2/19 19:30
213.4906163088016,195.28,-18.210616308801576,18.210616308801576,9.325387294547443,2025/2/19 19:45
217.4831388718865,194.59,-22.89313887188649,22.89313887188649,11.764807478223304,2025/2/19 20:00
206.31677913919447,182.2,-24.11677913919448,24.11677913919448,13.236432019309136,2025/2/19 20:15
203.66574251303615,198.63,-5.035742513036183,5.035742513036183,2.5352376343118608,2025/2/19 20:30
204.83392315500305,198.21,-6.623923155003041,6.623923155003041,3.3418713258663537,2025/2/19 20:45
205.22427999018413,199.8,-5.424279990184118,5.424279990184118,2.714854849940642,2025/2/19 21:00
209.5919668274706,198.63,-10.961966827470604,10.961966827470604,5.518787105404564,2025/2/19 21:15
206.355005686256,189.42,-16.935005686256005,16.935005686256005,8.940452796033718,2025/2/19 21:30
191.8874921443153,185.85,-6.0374921443153085,6.0374921443153085,3.2485833437245413,2025/2/19 21:45
197.429375627569,176.44,-20.98937562756899,20.98937562756899,11.896041502809508,2025/2/19 22:00
194.32685918291423,178.33,-15.99685918291425,15.99685918291425,8.970369081425043,2025/2/19 22:15
193.545115797387,179.38,-14.165115797387015,14.165115797387015,7.896708550216926,2025/2/19 22:30
196.3366888649717,181.49,-14.846688864971696,14.846688864971696,8.180444578193573,2025/2/19 22:45
200.20467044609944,193.96,-6.244670446099434,6.244670446099434,3.2195661198681247,2025/2/19 23:00
196.03483131711545,195.89,-0.1448313171154609,0.1448313171154609,0.0739350232862254,2025/2/19 23:15
200.7261935486056,195.43,-5.296193548605572,5.296193548605572,2.710020748402427,2025/2/19 23:30
192.97588282367855,187.88,-5.095882823678579,5.095882823678579,2.712307229974381,2025/2/19 23:45
198.3072906344468,189.21,-9.09729063444678,9.09729063444678,4.808039022483998,2025/2/20 0:00
198.05661351478608,185.47,-12.58661351478608,12.58661351478608,6.7863339164173695,2025/2/20 0:15
192.6673311559948,188.66,-4.007331155994763,4.007331155994763,2.1241021710975505,2025/2/20 0:30
184.1203956765545,192.99,8.869604323445515,8.869604323445515,4.595888037432467,2025/2/20 0:45
187.31095262136765,195.82,8.509047378632346,8.509047378632346,4.345341322963947,2025/2/20 1:00
189.6423437333456,216.54,26.897656266654423,26.897656266654423,12.421564730138543,2025/2/20 1:15
197.55590940960136,235.66,38.10409059039864,38.10409059039864,16.16909555732092,2025/2/20 1:30
190.55679972667585,240.76,50.20320027332414,50.20320027332414,20.85196887909258,2025/2/20 1:45
197.454995270392,222.58,25.12500472960801,25.12500472960801,11.28807832221975,2025/2/20 2:00
191.14372019742336,207.93,16.786279802576644,16.786279802576644,8.073043717870712,2025/2/20 2:15
192.26464408804628,201.17,8.905355911953706,8.905355911953706,4.42678128545473,2025/2/20 2:30
186.23088655440603,207.18,20.94911344559398,20.94911344559398,10.11155200578428,2025/2/20 2:45
175.04308181478152,195.64,20.59691818521847,20.59691818521847,10.527968812721298,2025/2/20 3:00
171.6724832292408,182.56,10.887516770759191,10.887516770759191,5.963801912112856,2025/2/20 3:15
172.24759283497983,171.9,-0.3475928349798209,0.3475928349798209,0.2022064194180446,2025/2/20 3:30
163.28025521021206,160.01,-3.2702552102120706,3.2702552102120706,2.0437817700206407,2025/2/20 3:45
158.62927826754995,148.35,-10.279278267549955,10.279278267549955,6.929071970032375,2025/2/20 4:00
157.54693500310188,150.43,-7.116935003101872,7.116935003101872,4.731060960644248,2025/2/20 4:15
154.48111777720197,146.48,-8.001117777201983,8.001117777201983,5.462259542051148,2025/2/20 4:30
145.7489266484729,138.31,-7.438926648472886,7.438926648472886,5.378444543754977,2025/2/20 4:45
131.52373457693716,141.12,9.596265423062846,9.596265423062846,6.800074704546518,2025/2/20 5:00
133.84662821291673,139.2,5.353371787083262,5.353371787083262,3.845813065430616,2025/2/20 5:15
135.60727611573836,133.77,-1.837276115738348,1.837276115738348,1.3734590085497305,2025/2/20 5:30
130.83560302873693,129.14,-1.69560302873694,1.69560302873694,1.3129959956137738,2025/2/20 5:45
119.22787885375234,120.08,0.8521211462476543,0.8521211462476543,0.7096278699591478,2025/2/20 6:00
115.83788185820669,116.09,0.252118141793332,0.252118141793332,0.2171747280498878,2025/2/20 6:15
115.32900196578436,115.68,0.3509980342156353,0.3509980342156353,0.3034215371847613,2025/2/20 6:30
118.77533241334405,113.71,-5.065332413344038,5.065332413344038,4.454605939090303,2025/2/20 6:45
105.33576718349995,107.44,2.10423281650003,2.10423281650003,1.958519002697386,2025/2/20 7:00
100.86702684485718,107.37,6.502973155142826,6.502973155142826,6.05660161603499,2025/2/20 7:15
102.4104382712481,95.32,-7.090438271248104,7.090438271248104,7.438563020604978,2025/2/20 7:30
103.05117639087167,91.19,-11.861176390871677,11.861176390871677,13.007102084503424,2025/2/20 7:45
104.9268361998714,91.75,-13.176836199871405,13.176836199871405,14.361674332269253,2025/2/20 8:00
100.5907041769062,87.06,-13.530704176906212,13.530704176906212,15.541815043522478,2025/2/20 8:15
101.60518969885077,91.92,-9.685189698850763,9.685189698850763,10.53654231814646,2025/2/20 8:30
96.75885037516204,88.02,-8.738850375162045,8.738850375162045,9.92825536827098,2025/2/20 8:45
96.95310346427928,75.86,-21.093103464279267,21.093103464279267,27.805303802071528,2025/2/20 9:00
88.95817884561812,66.74,-22.218178845618127,22.218178845618127,33.290648554966786,2025/2/20 9:15
90.45009630629067,60.27,-30.18009630629067,30.18009630629067,50.07482380328621,2025/2/20 9:30
85.84203185497837,53.24,-32.60203185497837,32.60203185497837,61.235972680159904,2025/2/20 9:45
88.84613125324196,47.69,-41.156131253241966,41.156131253241966,86.29928968998883,2025/2/20 10:00
93.6132420321633,43.87,-49.7432420321633,49.7432420321633,113.3878323046499,2025/2/20 10:15
107.48371285356734,38.03,-69.45371285356734,69.45371285356734,182.62874797103527,2025/2/20 10:30
107.6630220675685,29.5,-78.1630220675685,78.1630220675685,264.9593968383171,2025/2/20 10:45
93.69875568966997,27.38,-66.31875568966996,66.31875568966996,242.2160543806711,2025/2/20 11:00
99.80553588036334,33.26,-66.54553588036333,66.54553588036333,200.07677654889733,2025/2/20 11:15
99.631950857573,44.41,-55.221950857573006,55.221950857573006,124.3457573912377,2025/2/20 11:30
97.46837321597312,50.99,-46.47837321597313,46.47837321597313,91.15193805821136,2025/2/20 11:45
101.85472401854344,55.97,-45.88472401854344,45.88472401854344,81.98092552878587,2025/2/20 12:00
103.6313417422104,62.74,-40.89134174221041,40.89134174221041,65.17587144109854,2025/2/20 12:15
111.77067704000028,76.09,-35.68067704000026,35.68067704000026,46.89272840051697,2025/2/20 12:30
111.2195681889189,93.1,-18.119568188918905,18.119568188918905,19.46247925767932,2025/2/20 12:45
132.08550272540364,119.57,-12.51550272540365,12.51550272540365,10.46709268662138,2025/2/20 13:00
136.52794859962185,162.2,25.672051400378137,25.672051400378137,15.827405302319551,2025/2/20 13:15
138.19467603476258,170.06,31.865323965237422,31.865323965237422,18.737694910748377,2025/2/20 13:30
143.17782373045813,174.53,31.35217626954187,31.35217626954187,17.96377486364746,2025/2/20 13:45
150.64866614090357,181.79,31.14133385909642,31.14133385909642,17.130388832762687,2025/2/20 14:00
162.2001118521319,185.33,23.129888147868115,23.129888147868115,12.480379942726833,2025/2/20 14:15
180.2783051657459,200.98,20.701694834254084,20.701694834254084,10.300375576795595,2025/2/20 14:30
191.47100497576764,221.75,30.27899502423236,30.27899502423236,13.654563708779571,2025/2/20 14:45
189.5376078375917,225.57,36.032392162408286,36.032392162408286,15.97392922923807,2025/2/20 15:00
200.71710357490383,241.39,40.67289642509613,40.67289642509613,16.849453757437875,2025/2/20 15:15
203.1122647518987,243.12,40.00773524810131,40.00773524810131,16.455962178383043,2025/2/20 15:30
216.8510171194503,239.5,22.64898288054971,22.64898288054971,9.456777820684865,2025/2/20 15:45
215.260680607384,241.99,26.72931939261602,26.72931939261602,11.045629733710062,2025/2/20 16:00
224.7564152574057,242.28,17.523584742594295,17.523584742594295,7.232782211733145,2025/2/20 16:15
232.54549761963585,238.08,5.534502380364188,5.534502380364188,2.324639776697691,2025/2/20 16:30
238.5820275611136,251.53,12.947972438886438,12.947972438886438,5.147685142480536,2025/2/20 16:45
241.486087032874,253.16,11.673912967126029,11.673912967126029,4.61127862502821,2025/2/20 17:00
242.2729024422277,278.41,36.137097557772336,36.137097557772336,12.979813066254572,2025/2/20 17:15
233.198484134205,286.16,52.96151586579504,52.96151586579504,18.50765860559705,2025/2/20 17:30
232.21099075372973,277.49,45.27900924627028,45.27900924627028,16.317348101284356,2025/2/20 17:45
232.30715852107136,267.22,34.91284147892867,34.91284147892867,13.06520525369194,2025/2/20 18:00
224.98473537955945,248.9,23.915264620440556,23.915264620440556,9.608382732194032,2025/2/20 18:15
222.79964137149537,244.06,21.260358628504637,21.260358628504637,8.711119654386595,2025/2/20 18:30
220.8592640045404,238.69,17.830735995459634,17.830735995459634,7.470248437493051,2025/2/20 18:45
204.6159163902613,250.93,46.3140836097387,46.3140836097387,18.45697350245895,2025/2/20 19:00
194.90331468109864,245.81,50.90668531890134,50.90668531890134,20.709769870583223,2025/2/20 19:15
189.36592091748295,259.36,69.99407908251703,69.99407908251703,26.9872297511143,2025/2/20 19:30
191.49103489922751,256.16,64.66896510077251,64.66896510077251,25.24553603245911,2025/2/20 19:45
197.7099263363962,250.64,52.93007366360379,52.93007366360379,21.117967468713168,2025/2/20 20:00
190.4659147553697,236.84,46.374085244630265,46.374085244630265,19.58034337299894,2025/2/20 20:15
186.23098355422783,223.63,37.39901644577216,37.39901644577216,16.723613310269393,2025/2/20 20:30
179.2339764273445,203.38,24.14602357265551,24.14602357265551,11.872368754372916,2025/2/20 20:45
181.55319262944164,198.24,16.68680737055837,16.68680737055837,8.417477487162001,2025/2/20 21:00
175.88806117865147,186.46,10.57193882134854,10.57193882134854,5.669815950521757,2025/2/20 21:15
167.47466951580026,172.93,5.455330484199749,5.455330484199749,3.154646668707913,2025/2/20 21:30
158.58865702662976,155.55,-3.0386570266297497,3.0386570266297497,1.95349214183722,2025/2/20 21:45
155.40347599106477,133.92,-21.48347599106478,21.48347599106478,16.042022096063874,2025/2/20 22:00
145.52768701447204,120.51,-25.01768701447203,25.01768701447203,20.75984317853396,2025/2/20 22:15
148.7403791373546,122.68,-26.0603791373546,26.0603791373546,21.2425653222476,2025/2/20 22:30
154.2238670746191,117.01,-37.2138670746191,37.2138670746191,31.80400570428792,2025/2/20 22:45
153.716056327874,126.38,-27.33605632787399,27.33605632787399,21.63004931781323,2025/2/20 23:00
151.11720102614257,125.32,-25.797201026142574,25.797201026142574,20.58506305946536,2025/2/20 23:15
153.58934011181464,118.4,-35.18934011181463,35.18934011181463,29.72072644576428,2025/2/20 23:30
157.91072350685687,114.71,-43.20072350685688,43.20072350685688,37.66081728429885,2025/2/20 23:45
169.57706101711082,118.6,-50.97706101711083,50.97706101711083,42.98234487105215,2025/2/21 0:00
169.85352539646695,122.13,-47.72352539646696,47.72352539646696,39.07600540115277,2025/2/21 0:15
165.6584448529248,116.48,-49.178444852924784,49.178444852924784,42.22050553990604,2025/2/21 0:30
172.06852277743403,108.25,-63.818522777434055,63.818522777434055,58.95475545254051,2025/2/21 0:45
174.06175890455356,116.45,-57.611758904553554,57.611758904553554,49.47338677930793,2025/2/21 1:00
167.5326283989108,121.41,-46.12262839891079,46.12262839891079,37.98915113983429,2025/2/21 1:15
163.8772459725586,121.55,-42.3272459725586,42.3272459725586,34.82290906830422,2025/2/21 1:30
151.895819933126,122.1,-29.79581993312601,29.79581993312601,24.402800928011143,2025/2/21 1:45
147.07135926636408,120.81,-26.26135926636408,26.26135926636408,21.737736335023875,2025/2/21 2:00
138.94188746890742,119.27,-19.67188746890743,19.67188746890743,16.493575474881307,2025/2/21 2:15
137.27650197393024,123.04,-14.236501973930231,14.236501973930231,11.570629042521666,2025/2/21 2:30
138.23976055093073,120.24,-17.99976055093073,17.99976055093073,14.969860737621223,2025/2/21 2:45
115.12362089845509,118.14,3.016379101544928,3.016379101544928,2.5532242268007237,2025/2/21 3:00
100.52084399252864,122.44,21.91915600747137,21.91915600747137,17.90195688292508,2025/2/21 3:15
98.73902798101278,107.73,8.990972018987222,8.990972018987222,8.345838688368026,2025/2/21 3:30
88.4627034896593,81.69,-6.772703489659307,6.772703489659307,8.29073753170647,2025/2/21 3:45
78.4097340975432,69.64,-8.769734097543193,8.769734097543193,12.59295533821166,2025/2/21 4:00
81.73549805979867,62.25,-19.485498059798672,19.485498059798672,31.30200491528895,2025/2/21 4:15
79.09800057555992,57.51,-21.588000575559924,21.588000575559924,37.53782051038496,2025/2/21 4:30
77.53047747320798,61.78,-15.75047747320798,15.75047747320798,25.49446013788036,2025/2/21 4:45
71.08822084225241,62.75,-8.338220842252412,8.338220842252412,13.288001342213745,2025/2/21 5:00
60.99030375442474,67.52,6.529696245575259,6.529696245575259,9.670758657531971,2025/2/21 5:15
55.54890565198688,63.97,8.42109434801312,8.42109434801312,13.16413060497101,2025/2/21 5:30
51.68062438892205,57.22,5.539375611077951,5.539375611077951,9.68083818781592,2025/2/21 5:45
61.51589092299157,50.3,-11.215890922991576,11.215890922991576,22.2979938826427,2025/2/21 6:00
50.44343941789616,44.58,-5.86343941789616,5.86343941789616,13.152623189508764,2025/2/21 6:15
45.79191402126092,38.67,-7.12191402126092,7.12191402126092,18.41715547256918,2025/2/21 6:30
42.73193989841132,29.07,-13.66193989841132,13.66193989841132,46.99669727679506,2025/2/21 6:45
40.82894769965097,24.08,-16.74894769965097,16.74894769965097,69.55543064610222,2025/2/21 7:00
39.42557459346806,20.2,-19.225574593468064,19.225574593468064,95.17611184838064,2025/2/21 7:15
42.83750468250408,18.47,-24.36750468250408,24.36750468250408,131.93018236259962,2025/2/21 7:30
41.10731567557057,21.3,-19.807315675570567,19.807315675570567,92.99209237313416,2025/2/21 7:45
38.05044538898192,21.47,-16.58044538898192,16.58044538898192,77.22610800607684,2025/2/21 8:00
35.215648460516675,21.29,-13.925648460516676,13.925648460516676,65.40933987999657,2025/2/21 8:15
32.687363945035194,28.1,-4.587363945035193,4.587363945035193,16.325138594373197,2025/2/21 8:30
31.92919335763333,34.92,2.9908066423666675,2.9908066423666675,8.564738380177841,2025/2/21 8:45
33.136446649888434,41.17,8.033553350111568,8.033553350111568,19.513124484071056,2025/2/21 9:00
29.629588543741,42.44,12.810411456259,12.810411456259,30.184758379426995,2025/2/21 9:15
32.05061523250411,43.42,11.369384767495896,11.369384767495896,26.18467242623148,2025/2/21 9:30
32.9127874275609,42.42,9.5072125724391,9.5072125724391,22.4120994163524,2025/2/21 9:45
36.05911445241746,40.2,4.140885547582542,4.140885547582542,10.30071031734388,2025/2/21 10:00
38.810820172586965,37.35,-1.4608201725869634,1.4608201725869634,3.911165120704289,2025/2/21 10:15
41.53854897817384,35.73,-5.808548978173846,5.808548978173846,16.256784153813573,2025/2/21 10:30
39.08105197923319,34.61,-4.471051979233188,4.471051979233188,12.918381910489076,2025/2/21 10:45
42.36171824440104,27.48,-14.88171824440104,14.88171824440104,54.15472432440642,2025/2/21 11:00
42.73971515416211,28.1,-14.639715154162111,14.639715154162111,52.09863044167265,2025/2/21 11:15
51.39883010002294,30.48,-20.91883010002294,20.91883010002294,68.63133234893147,2025/2/21 11:30
56.5680108895145,33.3,-23.2680108895145,23.2680108895145,69.87390657490879,2025/2/21 11:45
67.48396936910913,46.17,-21.31396936910913,21.31396936910913,46.1641095279683,2025/2/21 12:00
67.79818456915635,53.74,-14.058184569156346,14.058184569156346,26.15962889678114,2025/2/21 12:15
84.69487959509763,77.6,-7.0948795950976375,7.0948795950976375,9.142886076144968,2025/2/21 12:30
101.31406906929422,99.16,-2.1540690692942235,2.1540690692942235,2.172316528128329,2025/2/21 12:45
110.99267220920568,104.3,-6.692672209205682,6.692672209205682,6.416751878426909,2025/2/21 13:00
128.40086902575936,115.06,-13.34086902575936,13.34086902575936,11.594706262600178,2025/2/21 13:15
121.1454730604168,136.15,15.004526939583217,15.004526939583217,11.020585339384644,2025/2/21 13:30
129.12458093520684,159.72,30.595419064793163,30.595419064793163,19.15565931929252,2025/2/21 13:45
130.70169015125057,161.08,30.378309848749467,30.378309848749467,18.859144430550412,2025/2/21 14:00
142.58343693103188,165.72,23.136563068968115,23.136563068968115,13.96123767134574,2025/2/21 14:15
147.24776916894228,173.18,25.932230831057723,25.932230831057723,14.974148764893608,2025/2/21 14:30
159.49437294042806,185.07,25.57562705957193,25.57562705957193,13.819434300296166,2025/2/21 14:45
167.89163167962823,189.34,21.44836832037177,21.44836832037177,11.327964677490463,2025/2/21 15:00
180.10195825948273,188.19,8.08804174051727,8.08804174051727,4.297806334296707,2025/2/21 15:15
196.38239010264516,195.0,-1.3823901026451324,1.3823901026451324,0.7089180013561147,2025/2/21 15:30
206.89961181369253,205.77,-1.1296118136925202,1.1296118136925202,0.5489681749973131,2025/2/21 15:45
222.0166632020064,225.67,3.653336797993603,3.653336797993603,1.6188845650693424,2025/2/21 16:00
224.70934567449763,226.62,1.910654325502378,1.910654325502378,0.8431093131680941,2025/2/21 16:15
225.9865447331087,218.72,-7.266544733108702,7.266544733108702,3.3223046512003385,2025/2/21 16:30
227.8515002208483,220.17,-7.681500220848306,7.681500220848306,3.4888950451218688,2025/2/21 16:45
227.6125037508448,215.2,-12.41250375084482,12.41250375084482,5.767892077527441,2025/2/21 17:00
228.94825643264716,207.39,-21.55825643264714,21.55825643264714,10.395031791618086,2025/2/21 17:15
231.06475729932444,199.05,-32.01475729932443,32.01475729932443,16.083776588449307,2025/2/21 17:30
230.46154604929052,176.87,-53.59154604929054,53.59154604929054,30.29996384308263,2025/2/21 17:45
222.1859171544801,168.57,-53.61591715448012,53.61591715448012,31.806322094351497,2025/2/21 18:00
214.3745348468918,152.06,-62.3145348468918,62.3145348468918,40.98022809867869,2025/2/21 18:15
209.38678626181397,145.99,-63.39678626181393,63.39678626181393,43.42543068824612,2025/2/21 18:30
215.20707915537344,199.65,-15.55707915537343,15.55707915537343,7.792175885482414,2025/2/21 18:45
207.96151681702875,203.43,-4.531516817028745,4.531516817028745,2.2275558260957173,2025/2/21 19:00
200.1071770994242,199.97,-0.1371770994242069,0.1371770994242069,0.0685988395379998,2025/2/21 19:15
203.3198221591144,191.1,-12.219822159114416,12.219822159114416,6.394464761438002,2025/2/21 19:30
201.748501029238,198.46,-3.288501029237949,3.288501029237949,1.6570094876732298,2025/2/21 19:45
212.5925550184181,214.13,1.5374449815818991,1.5374449815818991,0.7179960685476959,2025/2/21 20:00
218.5386268837605,224.62,6.081373116239519,6.081373116239519,2.7074050023314093,2025/2/21 20:15
212.1962292168906,227.43,15.233770783109406,15.233770783109406,6.698223973575478,2025/2/21 20:30
200.3444849303089,219.0,18.655515069691063,18.655515069691063,8.518500031818514,2025/2/21 20:45
199.4565104184,205.36,5.903489581600013,5.903489581600013,2.874702756913293,2025/2/21 21:00
197.3782463139076,227.21,29.831753686092384,29.831753686092384,13.129595390202567,2025/2/21 21:15
201.0332658560989,249.6,48.5667341439011,48.5667341439011,19.457826179439763,2025/2/21 21:30
200.29774955302497,246.85,46.55225044697502,46.55225044697502,18.85851749927331,2025/2/21 21:45
196.1377659354637,242.13,45.99223406453629,45.99223406453629,18.994851552685457,2025/2/21 22:00
196.414003112003,238.21,41.795996887997006,41.795996887997006,17.54586158766612,2025/2/21 22:15
187.92980638461663,225.57,37.64019361538334,37.64019361538334,16.68670196185958,2025/2/21 22:30
191.24873691527057,229.33,38.08126308472944,38.08126308472944,16.605443284660897,2025/2/21 22:45
190.55189067150064,252.49,61.938109328499394,61.938109328499394,24.530915809923112,2025/2/21 23:00
179.2112755250087,249.76,70.5487244749913,70.5487244749913,28.24660653225619,2025/2/21 23:15
179.89064622164452,242.2,62.30935377835547,62.30935377835547,25.726405358517653,2025/2/21 23:30
186.69616922928785,232.0,45.30383077071218,45.30383077071218,19.527513263229597,2025/2/21 23:45
187.4583653308406,234.27,46.81163466915942,46.81163466915942,19.981916023878192,2025/2/22 0:00
179.5360876957375,239.48,59.94391230426248,59.94391230426248,25.030863664705805,2025/2/22 0:15
179.47234543138936,244.6,65.12765456861064,65.12765456861064,26.62618747693541,2025/2/22 0:30
181.22335137533145,243.11,61.8866486246686,61.8866486246686,25.456233237893606,2025/2/22 0:45
178.46665597715335,235.36,56.89334402284666,56.89334402284666,24.17290279691642,2025/2/22 1:00
172.70320781700974,237.09,64.38679218299026,64.38679218299026,27.15711003541402,2025/2/22 1:15
173.34686943900326,243.42,70.07313056099673,70.07313056099673,28.78692406579901,2025/2/22 1:30
177.88634394796185,230.64,52.75365605203814,52.75365605203814,22.87272634929556,2025/2/22 1:45
181.2849063328635,221.43,40.14509366713651,40.14509366713651,18.12992533401905,2025/2/22 2:00
180.05539239784957,205.24,25.18460760215044,25.18460760215044,12.270808615346992,2025/2/22 2:15
176.05437933757725,204.6,28.54562066242275,28.54562066242275,13.951916257286804,2025/2/22 2:30
164.9735024486717,201.71,36.73649755132831,36.73649755132831,18.21253163021669,2025/2/22 2:45
159.28984576052298,185.31,26.020154239477023,26.020154239477023,14.041419372652843,2025/2/22 3:00
153.58928227707972,165.5,11.910717722920282,11.910717722920282,7.196808291790384,2025/2/22 3:15
142.65483330886062,164.17,21.51516669113937,21.51516669113937,13.10541919420495,2025/2/22 3:30
134.03948962381003,161.58,27.540510376189985,27.540510376189985,17.044504503139585,2025/2/22 3:45
127.31813850477393,150.89,23.57186149522606,23.57186149522606,15.6218844822125,2025/2/22 4:00
128.47249042793248,162.07,33.59750957206751,33.59750957206751,20.73024592586338,2025/2/22 4:15
121.59449011334632,167.92,46.32550988665368,46.32550988665368,27.58784533505604,2025/2/22 4:30
112.81972822683616,166.52,53.70027177316385,53.70027177316385,32.24854178064593,2025/2/22 4:45
106.57859638211994,163.66,57.081403617880056,57.081403617880056,34.87804204927605,2025/2/22 5:00
102.4987255706584,155.35,52.8512744293416,52.8512744293416,34.020775300487664,2025/2/22 5:15
103.93271666934724,132.51,28.57728333065276,28.57728333065276,21.56613337154268,2025/2/22 5:30
102.39968649674825,122.35,19.950313503251763,19.950313503251763,16.30593665977561,2025/2/22 5:45
107.86132662252274,125.66,17.798673377477257,17.798673377477257,14.164151979518616,2025/2/22 6:00
102.91284309806272,134.17,31.257156901937265,31.257156901937265,23.29668100314077,2025/2/22 6:15
106.74819465887444,138.36,31.61180534112557,31.61180534112557,22.84750313754172,2025/2/22 6:30
104.99035436305634,149.44,44.44964563694366,44.44964563694366,29.74414188765653,2025/2/22 6:45
109.55464127141924,150.23,40.67535872858076,40.67535872858076,27.075390220697397,2025/2/22 7:00
109.88517694756791,152.06,42.17482305243208,42.17482305243208,27.735645832174367,2025/2/22 7:15
112.38457539026524,146.45,34.06542460973475,34.06542460973475,23.26078839857391,2025/2/22 7:30
104.48539881994144,145.34,40.85460118005855,40.85460118005855,28.109674680081493,2025/2/22 7:45
94.76642178905712,150.06,55.29357821094287,55.29357821094287,36.8476464153712,2025/2/22 8:00
88.80490210372578,146.32,57.51509789627421,57.51509789627421,39.30774869890303,2025/2/22 8:15
75.67371258385948,138.03,62.35628741614052,62.35628741614052,45.1758946722418,2025/2/22 8:30
69.04768715444517,134.94,65.89231284555483,65.89231284555483,48.83082321439603,2025/2/22 8:45
69.44648572321367,127.33,57.88351427678633,57.88351427678633,45.45944732328663,2025/2/22 9:00
67.89094845925091,121.3,53.40905154074909,53.40905154074909,44.03054537568431,2025/2/22 9:15
73.91577402314425,115.55,41.63422597685575,41.63422597685575,36.031350910272366,2025/2/22 9:30
77.17549627939131,111.81,34.63450372060869,34.63450372060869,30.97621296894528,2025/2/22 9:45
83.8587886448747,104.2,20.341211355125296,20.341211355125296,19.52131607975602,2025/2/22 10:00
85.20842863806368,99.98,14.771571361936324,14.771571361936324,14.774526267174984,2025/2/22 10:15
80.46362777966004,95.47,15.006372220339957,15.006372220339957,15.718416487194132,2025/2/22 10:30
73.5055144472118,89.39,15.884485552788206,15.884485552788206,17.769868612563414,2025/2/22 10:45
63.20071305483421,93.52,30.319286945165786,30.319286945165786,32.42011007820078,2025/2/22 11:00
68.26785637558807,100.74,32.47214362441193,32.47214362441193,32.2336148743098,2025/2/22 11:15
72.72822665760295,114.16,41.43177334239705,41.43177334239705,36.29272367060333,2025/2/22 11:30
75.13310704899881,136.39,61.25689295100118,61.25689295100118,44.913038309961344,2025/2/22 11:45
76.4248267351068,156.93,80.5051732648932,80.5051732648932,51.30005305858785,2025/2/22 12:00
83.24569612308373,172.92,89.67430387691626,89.67430387691626,51.858838698163545,2025/2/22 12:15
90.50793352974316,209.21,118.70206647025684,118.70206647025684,56.73823740270547,2025/2/22 12:30
105.73012401541892,234.32,128.58987598458108,128.58987598458108,54.87789176533212,2025/2/22 12:45
130.07161346417584,264.56,134.48838653582416,134.48838653582416,50.834739392112695,2025/2/22 13:00
124.86582017809556,265.93,141.06417982190445,141.06417982190445,53.04560591954702,2025/2/22 13:15
121.6315787600761,286.3,164.66842123992393,164.66842123992393,57.516039552869856,2025/2/22 13:30
131.9139384192449,291.29,159.3760615807551,159.3760615807551,54.71388018150312,2025/2/22 13:45
147.2926375316205,306.36,159.0673624683795,159.0673624683795,51.92171382306032,2025/2/22 14:00
159.21030072968702,304.93,145.719699270313,145.719699270313,47.787918299368776,2025/2/22 14:15
182.0974769387203,304.11,122.01252306127972,122.01252306127972,40.12118084286594,2025/2/22 14:30
204.78338515612427,317.07,112.28661484387573,112.28661484387573,35.41382497361476,2025/2/22 14:45
205.132994786376,310.47,105.33700521362404,105.33700521362404,33.92823951222022,2025/2/22 15:00
208.33959790871165,309.17,100.83040209128836,100.83040209128836,32.6132555200232,2025/2/22 15:15
215.2891229942398,304.12,88.83087700576021,88.83087700576021,29.20915329663653,2025/2/22 15:30
217.43039074614128,299.81,82.37960925385875,82.37960925385875,27.47727202355868,2025/2/22 15:45
212.30907974736604,301.02,88.71092025263394,88.71092025263394,29.47010838236811,2025/2/22 16:00
217.75576159596304,279.14,61.38423840403695,61.38423840403695,21.990484489508837,2025/2/22 16:15
237.70209709777183,283.41,45.70790290222817,45.70790290222817,16.127837021351414,2025/2/22 16:30
243.88394346020223,256.12,12.236056539797744,12.236056539797744,4.77747014672535,2025/2/22 16:45
242.56899309966,274.44,31.871006900340035,31.871006900340035,11.613105560533604,2025/2/22 17:00
244.259218615445,267.35,23.09078138455501,23.09078138455501,8.636910934934122,2025/2/22 17:15
245.5317914856785,284.96,39.42820851432148,39.42820851432148,13.836401078855856,2025/2/22 17:30
261.07107806025215,271.39,10.318921939747838,10.318921939747838,3.802248402573432,2025/2/22 17:45
263.7627811271885,272.7,8.937218872811513,8.937218872811513,3.2773079841614363,2025/2/22 18:00
255.6393712926607,269.57,13.93062870733928,13.93062870733928,5.167722189907673,2025/2/22 18:15
249.5293805852748,262.56,13.030619414725235,13.030619414725235,4.9629111116393485,2025/2/22 18:30
241.2329193700835,247.15,5.917080629916541,5.917080629916541,2.394125280159477,2025/2/22 18:45
223.0311197396304,236.21,13.178880260369596,13.178880260369596,5.57930665948267,2025/2/22 19:00
214.015361542518,236.3,22.284638457482032,22.284638457482032,9.430655293048074,2025/2/22 19:15
210.627592475504,219.03,8.402407524496027,8.402407524496027,3.8361902590933625,2025/2/22 19:30
213.95499749055648,198.56,-15.394997490556475,15.394997490556475,7.753322668487472,2025/2/22 19:45
204.8697477936909,195.67,-9.199747793690875,9.199747793690875,4.701664942855918,2025/2/22 20:00
209.613483316366,184.96,-24.653483316365996,24.653483316365996,13.329089163252956,2025/2/22 20:15
211.0876976371885,172.12,-38.96769763718851,38.96769763718851,22.63984292189512,2025/2/22 20:30
205.89520996159607,176.01,-29.88520996159613,29.88520996159613,16.979268201567614,2025/2/22 20:45
205.2473244370464,170.13,-35.11732443704639,35.11732443704639,20.641465019118176,2025/2/22 21:00
206.2060548077928,171.74,-34.4660548077928,34.4660548077928,20.06874042609336,2025/2/22 21:15
206.847185734861,160.36,-46.48718573486099,46.48718573486099,28.989265237485657,2025/2/22 21:30
205.50382400366212,152.12,-53.38382400366214,53.38382400366214,35.09323166160074,2025/2/22 21:45
197.584926655049,158.6,-38.98492665504901,38.98492665504901,24.58065993381112,2025/2/22 22:00
190.327007811384,164.33,-25.997007811383952,25.997007811383952,15.820001102274771,2025/2/22 22:15
187.38579323320965,165.39,-21.995793233209668,21.995793233209668,13.299348952897011,2025/2/22 22:30
186.1891365021824,178.02,-8.169136502182369,8.169136502182369,4.588886924040995,2025/2/22 22:45
185.1800270902928,185.11,-0.0700270902927684,0.0700270902927684,0.0378299877330941,2025/2/22 23:00
181.69174328726368,187.2,5.508256712736312,5.508256712736312,2.9424448251780824,2025/2/22 23:15
174.8068665946803,185.09,10.283133405319717,10.283133405319717,5.555747693183944,2025/2/22 23:30
174.36723263505866,194.46,20.092767364941352,20.092767364941352,10.332596608521555,2025/2/22 23:45
168.9888951844081,204.13,35.14110481559189,35.14110481559189,17.21506139008214,2025/2/23 0:00
166.58386043862384,208.9,42.31613956137616,42.31613956137616,20.256648904430783,2025/2/23 0:15
164.73902253773286,217.37,52.63097746226714,52.63097746226714,24.21262246963377,2025/2/23 0:30
162.27912448059834,219.89,57.610875519401645,57.610875519401645,26.19986153048136,2025/2/23 0:45
145.90363859694037,207.15,61.24636140305964,61.24636140305964,29.5661894294135,2025/2/23 1:00
124.9089282265198,190.68,65.7710717734802,65.7710717734802,34.49290527241751,2025/2/23 1:15
114.52466316263684,171.83,57.30533683736319,57.30533683736319,33.350018528388425,2025/2/23 1:30
111.5988840549538,158.06,46.46111594504619,46.46111594504619,29.3946070764373,2025/2/23 1:45
97.73256030961112,145.76,48.02743969038886,48.02743969038886,32.94967047911356,2025/2/23 2:00
89.33452320418166,135.22,45.885476795818334,45.885476795818334,33.93394231310783,2025/2/23 2:15
87.05870711897089,129.27,42.21129288102912,42.21129288102912,32.65358774734778,2025/2/23 2:30
80.3511440701188,117.55,37.19885592988119,37.19885592988119,31.645134776562777,2025/2/23 2:45
76.32582189201237,101.24,24.914178107987624,24.914178107987624,24.60902618329022,2025/2/23 3:00
65.76760832579008,86.32,20.552391674209915,20.552391674209915,23.80953623052144,2025/2/23 3:15
57.328224585355215,63.59,6.261775414644788,6.261775414644788,9.847107115324642,2025/2/23 3:30
59.41741489693397,48.62,-10.797414896933972,10.797414896933972,22.207764082500542,2025/2/23 3:45
56.89276806081488,35.99,-20.90276806081488,20.90276806081488,58.07937777370602,2025/2/23 4:00
48.92874067389145,35.65,-13.278740673891448,13.278740673891448,37.24751942175092,2025/2/23 4:15
49.039139685733055,25.45,-23.589139685733056,23.589139685733056,92.68817165281088,2025/2/23 4:30
51.40197171069187,18.42,-32.981971710691866,32.981971710691866,179.055221012556,2025/2/23 4:45
45.5729987289588,15.73,-29.842998728958797,29.842998728958797,189.72027163870996,2025/2/23 5:00
46.37954518795099,16.61,-29.76954518795099,29.76954518795099,179.2266417084393,2025/2/23 5:15
46.99398140572941,20.41,-26.58398140572941,26.58398140572941,130.24978640665933,2025/2/23 5:30
46.40993464738342,23.02,-23.389934647383424,23.389934647383424,101.6070141063502,2025/2/23 5:45
43.87621369863189,24.38,-19.496213698631887,19.496213698631887,79.96806275041806,2025/2/23 6:00
43.47653898938229,25.82,-17.65653898938229,17.65653898938229,68.38318741020105,2025/2/23 6:15
41.471688196091925,26.94,-14.531688196091924,14.531688196091924,53.9409361397104,2025/2/23 6:30
45.91794425801965,27.85,-18.06794425801965,18.06794425801965,64.87592193161498,2025/2/23 6:45
43.6695856359747,24.32,-19.349585635974694,19.349585635974694,79.56244093706883,2025/2/23 7:00
43.38436023027924,23.61,-19.774360230279243,19.774360230279243,83.75417293602496,2025/2/23 7:15
44.84752274817139,23.44,-21.40752274817139,21.40752274817139,91.3290219627989,2025/2/23 7:30
44.84752274817139,22.69,-22.15752274817139,22.15752274817139,97.65325142385956,2025/2/23 7:45
44.22378698447094,24.64,-19.58378698447094,19.58378698447094,79.4796549691212,2025/2/23 8:00
42.616832674591365,27.62,-14.996832674591364,14.996832674591364,54.29700461454405,2025/2/23 8:15
41.39329104596859,26.5,-14.893291045968589,14.893291045968589,56.20109828646185,2025/2/23 8:30
39.31672660040794,28.05,-11.26672660040794,11.26672660040794,40.16658324551791,2025/2/23 8:45
38.40924510763429,29.29,-9.119245107634292,9.119245107634292,31.134329489939088,2025/2/23 9:00
35.32971876539406,36.63,1.30028123460594,1.30028123460594,3.5497713202358447,2025/2/23 9:15
33.09974368456862,36.15,3.050256315431376,3.050256315431376,8.437776806149207,2025/2/23 9:30
31.719763023549504,28.77,-2.9497630235495045,2.9497630235495045,10.252912838162151,2025/2/23 9:45
29.669995138245135,24.83,-4.83999513824514,4.83999513824514,19.492529755238213,2025/2/23 10:00
25.8212663428504,22.7,-3.1212663428503973,3.1212663428503973,13.750071994875098,2025/2/23 10:15
22.5803425776428,21.64,-0.9403425776427952,0.9403425776427952,4.345390839364371,2025/2/23 10:30
18.74811925333949,18.05,-0.6981192533394882,0.6981192533394882,3.867696694380169,2025/2/23 10:45
18.74811925333949,14.72,-4.028119253339488,4.028119253339488,27.364940579566056,2025/2/23 11:00
19.65853213410736,9.8,-9.85853213410736,9.85853213410736,100.5972666735384,2025/2/23 11:15
17.926912025920323,11.17,-6.756912025920324,6.756912025920324,60.49160273822589,2025/2/23 11:30
14.501330086511144,16.0,1.4986699134888557,1.4986699134888557,9.366686959246808,2025/2/23 11:45
14.918655461757035,13.34,-1.5786554617570374,1.5786554617570374,11.833998963607222,2025/2/23 12:00
12.039928033515398,10.18,-1.8599280335153985,1.8599280335153985,18.27041290272228,2025/2/23 12:15
11.622062099881678,9.83,-1.7920620998816776,1.7920620998816776,18.23054018172377,2025/2/23 12:30
10.443108280020311,8.74,-1.7031082800203112,1.7031082800203112,19.48636475973484,2025/2/23 12:45
11.499076615169509,7.51,-3.989076615169509,3.989076615169509,53.11686571393332,2025/2/23 13:00
11.817379680365914,7.81,-4.007379680365914,4.007379680365914,51.31087938943154,2025/2/23 13:15
12.396257619752443,11.23,-1.1662576197524448,1.1662576197524448,10.385196970098482,2025/2/23 13:30
11.969913222148334,10.5,-1.4699132221483335,1.4699132221483335,13.999173544136518,2025/2/23 13:45
13.432695020656109,16.45,3.01730497934389,3.01730497934389,18.342279509577804,2025/2/23 14:00
14.035849138419726,20.38,6.344150861580273,6.344150861580273,31.129297652351053,2025/2/23 14:15
16.39183369969698,24.31,7.918166300303017,7.918166300303017,32.57164253504914,2025/2/23 14:30
21.28524369728977,25.91,4.624756302710228,4.624756302710228,17.849310315292858,2025/2/23 14:45
21.55205857265141,29.33,7.777941427348583,7.777941427348583,26.51872290256415,2025/2/23 15:00
23.543544966370863,30.19,6.646455033629138,6.646455033629138,22.01541912423691,2025/2/23 15:15
27.10057407135827,31.8,4.69942592864173,4.69942592864173,14.778068957946392,2025/2/23 15:30
33.09600246278463,31.49,-1.606002462784634,1.606002462784634,5.100039576943583,2025/2/23 15:45
39.69235011255633,39.49,-0.2023501125563314,0.2023501125563314,0.5124084896323601,2025/2/23 16:00
43.0213978327771,55.73,12.7086021672229,12.7086021672229,22.803879718643632,2025/2/23 16:15
41.471614040996336,78.82,37.34838595900366,37.34838595900366,47.38440238385724,2025/2/23 16:30
35.91462257036611,86.55,50.63537742963389,50.63537742963389,58.50419113757987,2025/2/23 16:45
38.96118118520671,77.75,38.78881881479329,38.78881881479329,49.88915603182431,2025/2/23 17:00
42.665413720482384,69.9,27.23458627951762,27.23458627951762,38.96221213087075,2025/2/23 17:15
46.90663121608998,65.62,18.713368783910028,18.713368783910028,28.51778235885631,2025/2/23 17:30
51.39322498312461,78.58,27.186775016875387,27.186775016875387,34.597575740443865,2025/2/23 17:45
49.02422886094817,91.83,42.80577113905183,42.80577113905183,46.614146944359376,2025/2/23 18:00
53.8231090697296,110.01,56.18689093027041,56.18689093027041,51.07434863214192,2025/2/23 18:15
55.9490651318629,133.08,77.1309348681371,77.1309348681371,57.95832196278866,2025/2/23 18:30
74.98189108275453,142.94,67.95810891724547,67.95810891724547,47.54310124331742,2025/2/23 18:45
90.7375049548592,113.17,22.4324950451408,22.4324950451408,19.82194490158255,2025/2/23 19:00
86.1996325845497,74.47,-11.729632584549703,11.729632584549703,15.750815878251585,2025/2/23 19:15
81.95079158254916,85.25,3.299208417450842,3.299208417450842,3.870039199351287,2025/2/23 19:30
79.63252183744838,99.22,19.58747816255162,19.58747816255162,19.741461562721103,2025/2/23 19:45
82.83838196278195,101.79,18.95161803721805,18.95161803721805,18.618349579722405,2025/2/23 20:00
82.21793443757784,87.38,5.162065562422157,5.162065562422157,5.907605358681907,2025/2/23 20:15
86.39919267068205,88.61,2.2108073293179444,2.2108073293179444,2.4949862648859606,2025/2/23 20:30
80.58176048290004,94.01,13.428239517099968,13.428239517099968,14.283841630768729,2025/2/23 20:45
76.49907997576909,84.99,8.490920024230903,8.490920024230903,9.99049302767492,2025/2/23 21:00
74.87803517204333,81.71,6.831964827956668,6.831964827956668,8.361234644411097,2025/2/23 21:15
68.03214537286864,90.06,22.02785462713136,22.02785462713136,24.45908797147113,2025/2/23 21:30
66.58626354787572,84.67,18.083736452124285,18.083736452124285,21.35790297874445,2025/2/23 21:45
74.50847180232081,78.05,3.5415281976791846,3.5415281976791846,4.537512104644007,2025/2/23 22:00
71.34804546825764,73.79,2.4419545317423683,2.4419545317423683,3.3093298980065846,2025/2/23 22:15
68.99155577001585,65.08,-3.911555770015852,3.911555770015852,6.010380716056917,2025/2/23 22:30
62.24687026079919,61.32,-0.9268702607991912,0.9268702607991912,1.5115301056713628,2025/2/23 22:45
56.92216120751825,49.96,-6.96216120751825,6.96216120751825,13.93547079164194,2025/2/23 23:00
56.95068334657415,46.49,-10.460683346574143,10.460683346574143,22.500932128525797,2025/2/23 23:15
53.09318557830258,37.55,-15.543185578302584,15.543185578302584,41.39330380362501,2025/2/23 23:30
57.85648445113859,28.24,-29.616484451138597,29.616484451138597,104.87423672462366,2025/2/23 23:45
44.91329083824917,28.8,-16.113290838249167,16.113290838249167,55.94892652150423,2025/2/24 0:00
40.53636446189438,25.16,-15.37636446189438,15.37636446189438,61.11432615990964,2025/2/24 0:15
38.172443781046525,52.0,13.827556218953475,13.827556218953475,26.591454267167087,2025/2/24 0:30
35.80269287737359,64.28,28.477307122626414,28.477307122626414,44.30197125479482,2025/2/24 0:45
33.40669453054011,60.89,27.483305469459893,27.483305469459893,45.13599190247127,2025/2/24 1:00
33.559679503314875,53.85,20.290320496685126,20.290320496685126,37.6793323986025,2025/2/24 1:15
31.267375467175707,51.72,20.45262453282429,20.45262453282429,39.5449043557323,2025/2/24 1:30
30.90731598567,45.77,14.862684014330004,14.862684014330004,32.47254536661029,2025/2/24 1:45
30.52715198053588,44.46,13.93284801946412,13.93284801946412,31.33793976480608,2025/2/24 2:00
30.59955514624948,41.92,11.320444853750525,11.320444853750525,27.00487799075266,2025/2/24 2:15
29.517051956561176,35.92,6.402948043438826,6.402948043438826,17.825579185470488,2025/2/24 2:30
28.08979572650813,31.71,3.620204273491869,3.620204273491869,11.4166013039434,2025/2/24 2:45
29.71070977924251,26.0,-3.71070977924251,3.71070977924251,14.271960689339377,2025/2/24 3:00
30.452250626053655,29.51,-0.9422506260536564,0.9422506260536564,3.192987550154061,2025/2/24 3:15
32.94119509928402,38.46,5.518804900715978,5.518804900715978,14.349466720493051,2025/2/24 3:30
30.60842302075291,28.33,-2.2784230207529106,2.2784230207529106,8.042439183709384,2025/2/24 3:45
30.77421469428435,27.31,-3.464214694284351,3.464214694284351,12.684784673275969,2025/2/24 4:00
31.94024580788549,32.03,0.0897541921145155,0.0897541921145155,0.2802191449086334,2025/2/24 4:15
29.675584917546896,41.23,11.5544150824531,11.5544150824531,28.02429076503778,2025/2/24 4:30
29.202175476159194,51.86,22.657824523840805,22.657824523840805,43.69036738102027,2025/2/24 4:45
27.519647942005783,45.14,17.620352057994218,17.620352057994218,39.0348960078759,2025/2/24 5:00
27.67487337218943,40.69,13.015126627810568,13.015126627810568,31.98605708473477,2025/2/24 5:15
30.470318677045828,46.64,16.169681322954172,16.169681322954172,34.66912805085657,2025/2/24 5:30
31.00533990807785,54.78,23.77466009192215,23.77466009192215,43.40025573544861,2025/2/24 5:45
30.87664340727367,45.91,15.033356592726328,15.033356592726328,32.7452768300884,2025/2/24 6:00
31.314410340272048,35.12,3.80558965972795,3.80558965972795,10.835961445663765,2025/2/24 6:15
28.63639392151454,30.29,1.6536060784854598,1.6536060784854598,5.459247535424234,2025/2/24 6:30
26.60557974806147,40.28,13.674420251938532,13.674420251938532,33.94841174752876,2025/2/24 6:45
26.99579882360529,46.7,19.704201176394708,19.704201176394708,42.19315027056212,2025/2/24 7:00
25.017595991638903,50.3,25.28240400836109,25.28240400836109,50.26322864475314,2025/2/24 7:15
25.22201388141016,68.41,43.18798611858984,43.18798611858984,63.13110088952889,2025/2/24 7:30
25.056222207878708,76.6,51.54377779212129,51.54377779212129,67.28952714367364,2025/2/24 7:45
26.232804253293768,72.28,46.04719574670624,46.04719574670624,63.70669029695978,2025/2/24 8:00
25.66967180009489,69.14,43.47032819990511,43.47032819990511,62.87290743396332,2025/2/24 8:15
25.13473656516848,73.02,47.88526343483152,47.88526343483152,65.57828462717877,2025/2/24 8:30
21.39508956411374,60.1,38.70491043588626,38.70491043588626,64.40084931085168,2025/2/24 8:45
21.137794325377563,50.94,29.802205674622435,29.802205674622435,58.50452625552401,2025/2/24 9:00
23.14227053051961,44.1,20.957729469480388,20.957729469480388,47.52319607581149,2025/2/24 9:15
26.688216317522752,41.76,15.071783682477246,15.071783682477246,36.09143602117135,2025/2/24 9:30
26.564496605335822,39.1,12.53550339466418,12.53550339466418,32.060110983713855,2025/2/24 9:45
31.223894118866504,54.08,22.85610588113349,22.85610588113349,42.26350939550893,2025/2/24 10:00
36.8609830179184,40.34,3.4790169820816037,3.4790169820816037,8.624236445396576,2025/2/24 10:15
44.50993010450157,34.49,-10.019930104501569,10.019930104501569,29.051696446716484,2025/2/24 10:30
44.94852213008222,29.34,-15.608522130082218,15.608522130082218,53.198780265947576,2025/2/24 10:45
46.02952319545464,18.7,-27.329523195454644,27.329523195454644,146.1471828626123,2025/2/24 11:00
49.37910546113948,18.35,-31.02910546113948,31.02910546113948,169.0959425665961,2025/2/24 11:15
50.058609652789166,10.61,-39.448609652789166,39.448609652789166,371.8059345185425,2025/2/24 11:30
53.016995676106376,5.05,-47.96699567610638,47.96699567610638,949.8414985179512,2025/2/24 11:45
53.81871024513309,9.37,-44.44871024513309,44.44871024513309,474.3725746495061,2025/2/24 12:00
53.675545363986544,15.78,-37.89554536398654,37.89554536398654,240.1492101631584,2025/2/24 12:15
50.43140759860695,22.85,-27.581407598606944,27.581407598606944,120.70637898681068,2025/2/24 12:30
57.15580560606569,11.94,-45.21580560606569,45.21580560606569,378.69183924360976,2025/2/24 12:45
65.72996302854219,16.47,-49.25996302854219,49.25996302854219,299.0890287082156,2025/2/24 13:00
81.48747271523868,19.31,-62.17747271523868,62.17747271523868,321.99623363499063,2025/2/24 13:15
83.30918406964086,25.19,-58.11918406964087,58.11918406964087,230.72323965625304,2025/2/24 13:30
79.40284539122318,19.52,-59.88284539122319,59.88284539122319,306.77687187969474,2025/2/24 13:45
83.255120675939,12.5,-70.755120675939,70.755120675939,566.0409654029836,2025/2/24 14:00
85.90237183150434,16.0,-69.90237183150434,69.90237183150434,436.8898239441716,2025/2/24 14:15
98.76502074116432,14.88,-83.88502074116433,83.88502074116433,563.7434189556491,2025/2/24 14:30
100.89293119310592,21.87,-79.0229311931059,79.0229311931059,361.330275229742,2025/2/24 14:45
114.77369752318062,22.68,-92.09369752318062,92.09369752318062,406.0568673843676,2025/2/24 15:00
118.08743861530232,32.26,-85.82743861530233,85.82743861530233,266.04909676080683,2025/2/24 15:15
107.4643218230347,39.91,-67.5543218230347,67.5543218230347,169.26665452985577,2025/2/24 15:30
113.85282241461758,46.07,-67.78282241461758,67.78282241461758,147.13006818856186,2025/2/24 15:45
116.00704165112046,56.47,-59.53704165112046,59.53704165112046,105.4312761661325,2025/2/24 16:00
122.13495248498528,78.13,-44.004952484985296,44.004952484985296,56.322734525699445,2025/2/24 16:15
123.7149317995367,85.65,-38.06493179953669,38.06493179953669,44.44241891359282,2025/2/24 16:30
121.69424615692895,89.14,-32.55424615692897,32.55424615692897,36.52035691821006,2025/2/24 16:45
117.27960554640671,109.24,-8.039605546406733,8.039605546406733,7.359580324422716,2025/2/24 17:00
123.87093999059675,143.92,20.04906000940322,20.04906000940322,13.93069761630718,2025/2/24 17:15
130.37835057578178,181.48,51.10164942421821,51.10164942421821,28.15828158705645,2025/2/24 17:30
133.95416036092627,198.88,64.92583963907373,64.92583963907373,32.64573594078896,2025/2/24 17:45
138.4624228823962,196.21,57.74757711760381,57.74757711760381,29.431515782872623,2025/2/24 18:00
135.6878181646533,206.99,71.30218183534674,71.30218183534674,34.44716258529992,2025/2/24 18:15
142.08708155506085,192.48,50.39291844493914,50.39291844493914,26.18085954120582,2025/2/24 18:30
142.0928042823612,200.0,57.90719571763879,57.90719571763879,28.95359785880492,2025/2/24 18:45
142.93595876778895,215.51,72.57404123221104,72.57404123221104,33.67548662808101,2025/2/24 19:00
145.9021905829049,228.57,82.6678094170951,82.6678094170951,36.16739266616744,2025/2/24 19:15
149.63756185245572,246.5,96.86243814754428,96.86243814754428,39.29510675355172,2025/2/24 19:30
156.02277573729063,287.41,131.3872242627094,131.3872242627094,45.714214628114426,2025/2/24 19:45
164.14891098704751,294.93,130.7810890129525,130.7810890129525,44.34309463700137,2025/2/24 20:00
164.5584623524362,288.63,124.0715376475638,124.0715376475638,42.986362348862144,2025/2/24 20:15
167.20732374593754,273.94,106.73267625406244,106.73267625406244,38.96206331825345,2025/2/24 20:30
173.09854430569155,251.51,78.41145569430844,78.41145569430844,31.17627756124101,2025/2/24 20:45
177.95479534766685,212.65,34.69520465233316,34.69520465233316,16.31563820941305,2025/2/24 21:00
171.99477581105086,191.39,19.39522418894913,19.39522418894913,10.133875431808873,2025/2/24 21:15
177.95556462362245,206.43,28.47443537637756,28.47443537637756,13.79374866848993,2025/2/24 21:30
177.00148388888988,223.62,46.618516111110125,46.618516111110125,20.84720334097544,2025/2/24 21:45
174.32256869912368,210.14,35.81743130087631,35.81743130087631,17.044556629322962,2025/2/24 22:00
179.17445131988538,176.92,-2.2544513198853906,2.2544513198853906,1.2742772551911128,2025/2/24 22:15
181.47050732572637,158.19,-23.280507325726347,23.280507325726347,14.716800888622313,2025/2/24 22:30
179.352766946247,162.68,-16.67276694624698,16.67276694624698,10.248811744674658,2025/2/24 22:45
177.26185773457303,157.78,-19.481857734573023,19.481857734573023,12.3474824024342,2025/2/24 23:00
169.1355710298544,147.27,-21.86557102985438,21.86557102985438,14.847267623982844,2025/2/24 23:15
161.14981194336488,184.56,23.41018805663512,23.41018805663512,12.684323827818831,2025/2/24 23:30
157.5361126301984,214.32,56.78388736980159,56.78388736980159,26.49490825390776,2025/2/24 23:45
161.3590691092625,235.31,73.95093089073751,73.95093089073751,31.42702430440954,2025/2/25 0:00
157.70928692287495,243.15,85.44071307712505,85.44071307712505,35.139096474229866,2025/2/25 0:15
163.5106879148241,234.23,70.71931208517589,70.71931208517589,30.192252096292403,2025/2/25 0:30
152.889899140826,209.16,56.27010085917399,56.27010085917399,26.90289771426042,2025/2/25 0:45
151.946972193103,180.89,28.943027806896996,28.943027806896996,16.0003470655542,2025/2/25 1:00
145.4311052970401,158.75,13.31889470295991,13.31889470295991,8.389854930993083,2025/2/25 1:15
144.3472020669561,151.13,6.782797933043895,6.782797933043895,4.488055272308217,2025/2/25 1:30
135.04190367970745,183.36,48.31809632029257,48.31809632029257,26.351492321262118,2025/2/25 1:45
134.8818666366232,204.73,69.8481333633768,69.8481333633768,34.11719501946109,2025/2/25 2:00
137.66907533585,196.7,59.03092466414998,59.03092466414998,30.01063785669546,2025/2/25 2:15
139.14307372782548,168.19,29.04692627217452,29.04692627217452,17.27030517400395,2025/2/25 2:30
135.28602615290302,150.4,15.113973847096986,15.113973847096986,10.049184738754612,2025/2/25 2:45
145.30230304198165,159.58,14.277696958018367,14.277696958018367,8.947046596070575,2025/2/25 3:00
154.57637333119803,189.85,35.27362666880197,35.27362666880197,18.579734879527727,2025/2/25 3:15
145.36548202901125,215.15,69.78451797098876,69.78451797098876,32.435286065980165,2025/2/25 3:30
143.11179205680023,215.65,72.53820794319975,72.53820794319975,33.63700808864647,2025/2/25 3:45
140.13415176391683,202.87,62.73584823608317,62.73584823608317,30.924162387761744,2025/2/25 4:00
137.61068619915915,193.25,55.63931380084085,55.63931380084085,28.791365485543118,2025/2/25 4:15
132.78431090443195,166.31,33.525689095568055,33.525689095568055,20.158552760235644,2025/2/25 4:30
120.26126148916008,155.42,35.15873851083991,35.15873851083991,22.62175943303133,2025/2/25 4:45
117.13746258632266,128.02,10.882537413677356,10.882537413677356,8.500654127221415,2025/2/25 5:00
103.66160564270778,100.56,-3.1016056427077814,3.1016056427077814,3.084333375800216,2025/2/25 5:15
95.96063437274238,91.21,-4.750634372742383,4.750634372742383,5.208457814644419,2025/2/25 5:30
88.62074328986759,99.58,10.959256710132408,10.959256710132408,11.00547972496626,2025/2/25 5:45
90.95843989522136,101.84,10.881560104778655,10.881560104778655,10.684956897847576,2025/2/25 6:00
93.04701442615188,102.7,9.652985573848127,9.652985573848127,9.39920698523732,2025/2/25 6:15
91.72928028798871,113.03,21.300719712011272,21.300719712011272,18.845191287262168,2025/2/25 6:30
88.42172556385577,123.72,35.298274436144226,35.298274436144226,28.53077468163247,2025/2/25 6:45
74.39302311613238,114.48,40.08697688386762,40.08697688386762,35.01657659314518,2025/2/25 7:00
69.23930822674244,123.43,54.19069177325757,54.19069177325757,43.90398750159091,2025/2/25 7:15
70.04714032108636,139.16,69.11285967891364,69.11285967891364,49.66431422741016,2025/2/25 7:30
69.35216332709395,119.46,50.107836672906046,50.107836672906046,41.94528434025121,2025/2/25 7:45
66.81889771501423,98.51,31.69110228498577,31.69110228498577,32.170441868798704,2025/2/25 8:00
66.6709060429619,88.88,22.209093957038093,22.209093957038093,24.9877294745872,2025/2/25 8:15
61.45022935690877,75.92,14.469770643091238,14.469770643091238,19.05923425062194,2025/2/25 8:30
62.92998941130062,71.91,8.980010588699379,8.980010588699379,12.487846737153236,2025/2/25 8:45
59.37616258183375,62.82,3.4438374181662468,3.4438374181662468,5.48207166214703,2025/2/25 9:00
51.62938972129528,56.99,5.360610278704726,5.360610278704726,9.406229652036007,2025/2/25 9:15
42.588395344962905,56.52,13.931604655037098,13.931604655037098,24.64898205062358,2025/2/25 9:30
38.50530276844421,60.31,21.804697231555792,21.804697231555792,36.15436450260262,2025/2/25 9:45
30.98629648281517,42.74,11.753703517184828,11.753703517184828,27.500476174911853,2025/2/25 10:00
29.00333581201513,30.61,1.6066641879848689,1.6066641879848689,5.248821260959229,2025/2/25 10:15
33.517420955269294,25.66,-7.857420955269294,7.857420955269294,30.621281976768017,2025/2/25 10:30
38.8302829630276,26.69,-12.140282963027598,12.140282963027598,45.486260633128936,2025/2/25 10:45
39.47154728855167,32.48,-6.991547288551672,6.991547288551672,21.525699779957343,2025/2/25 11:00
38.13600354171447,48.09,9.953996458285538,9.953996458285538,20.69868259152597,2025/2/25 11:15
38.3374509519392,49.4,11.062549048060797,11.062549048060797,22.393823983883404,2025/2/25 11:30
44.99572994374688,37.68,-7.315729943746881,7.315729943746881,19.415419171251237,2025/2/25 11:45
52.33808938127187,37.93,-14.408089381271871,14.408089381271871,37.98599889595013,2025/2/25 12:00
48.5543406373212,32.82,-15.734340637321196,15.734340637321196,47.94131821228901,2025/2/25 12:15
42.59837873599498,33.43,-9.168378735994978,9.168378735994978,27.42560196221224,2025/2/25 12:30
42.6220501589076,32.39,-10.232050158907596,10.232050158907596,31.590151771769087,2025/2/25 12:45
45.966314706186616,32.14,-13.826314706186617,13.826314706186617,43.01902522135531,2025/2/25 13:00
51.59909333227834,43.86,-7.739093332278344,7.739093332278344,17.644991637621292,2025/2/25 13:15
56.78661844118584,44.48,-12.30661844118584,12.30661844118584,27.667757286776467,2025/2/25 13:30
72.63521926612258,48.47,-24.165219266122577,24.165219266122577,49.85603314642608,2025/2/25 13:45
80.30723825616167,45.74,-34.567238256161666,34.567238256161666,75.57332369061236,2025/2/25 14:00
86.21061332375825,50.76,-35.450613323758255,35.450613323758255,69.83966375825142,2025/2/25 14:15
89.99880006497116,65.63,-24.36880006497117,24.36880006497117,37.13058062613749,2025/2/25 14:30
86.42574164060206,83.87,-2.555741640602051,2.555741640602051,3.047265578393947,2025/2/25 14:45
92.25488907483022,97.74,5.485110925169778,5.485110925169778,5.611940786949218,2025/2/25 15:00
98.46497409994,125.14,26.675025900059996,26.675025900059996,21.316146635798848,2025/2/25 15:15
111.86752718655475,144.56,32.692472813445235,32.692472813445235,22.61515828266645,2025/2/25 15:30
107.89322492732718,155.86,47.96677507267283,47.96677507267283,30.775551823843227,2025/2/25 15:45
108.18404679179996,157.9,49.715953208200034,49.715953208200034,31.485720841145376,2025/2/25 16:00
110.11162888495988,165.33,55.21837111504014,55.21837111504014,33.39888170023997,2025/2/25 16:15
110.50337959287428,162.51,52.00662040712571,52.00662040712571,32.00210473638159,2025/2/25 16:30
107.38486585342903,157.62,50.23513414657096,50.23513414657096,31.871040570066672,2025/2/25 16:45
114.28853027701707,141.68,27.391469722982933,27.391469722982933,19.333335490516376,2025/2/25 17:00
115.08756696932105,140.28,25.19243303067896,25.19243303067896,17.95867766656758,2025/2/25 17:15
116.31556262903462,135.93,19.61443737096539,19.61443737096539,14.429807526632064,2025/2/25 17:30
113.7752042252944,146.41,32.634795774705594,32.634795774705594,22.290004627199856,2025/2/25 17:45
122.28978025851792,167.9,45.61021974148208,45.61021974148208,27.16511003064617,2025/2/25 18:00
121.82841820179304,175.99,54.16158179820697,54.16158179820697,30.775374622521845,2025/2/25 18:15
128.8915734981627,198.06,69.1684265018373,69.1684265018373,34.92296602130788,2025/2/25 18:30
131.73679370141423,191.14,59.40320629858576,59.40320629858576,31.078375169276285,2025/2/25 18:45
129.48725946512783,239.84,110.35274053487215,110.35274053487215,46.0109825445406,2025/2/25 19:00
134.27336166287623,292.55,158.27663833712376,158.27663833712376,54.10242294892144,2025/2/25 19:15
136.87867479828915,285.38,148.50132520171084,148.50132520171084,52.03634634580517,2025/2/25 19:30
149.50020967637826,314.48,164.97979032362176,164.97979032362176,52.46113912603959,2025/2/25 19:45
156.38821435025278,310.3,153.91178564974723,153.91178564974723,49.60096218166215,2025/2/25 20:00
152.81711250112954,303.38,150.56288749887045,150.56288749887045,49.62848160683658,2025/2/25 20:15
160.9933922248981,326.62,165.62660777510192,165.62660777510192,50.70926696927659,2025/2/25 20:30
162.89572192728792,341.6,178.7042780727121,178.7042780727121,52.313898733214224,2025/2/25 20:45
159.1792262439877,338.53,179.35077375601227,179.35077375601227,52.97928507250741,2025/2/25 21:00
162.52691056812742,322.66,160.1330894318726,160.1330894318726,49.62904897781657,2025/2/25 21:15
160.56726261061266,330.61,170.04273738938736,170.04273738938736,51.43302906425574,2025/2/25 21:30
147.93221003227632,345.82,197.88778996772368,197.88778996772368,57.22277195294271,2025/2/25 21:45
155.17380281239707,344.29,189.11619718760292,189.11619718760292,54.92933201299719,2025/2/25 22:00
149.7204861340232,331.22,181.49951386597684,181.49951386597684,54.797268844249146,2025/2/25 22:15
153.538322604458,315.77,162.231677395542,162.231677395542,51.37653272809026,2025/2/25 22:30
133.82545920641576,284.25,150.42454079358424,150.42454079358424,52.919803269492114,2025/2/25 22:45
117.67512695754417,263.26,145.58487304245585,145.58487304245585,55.30079504763372,2025/2/25 23:00
121.37798399357132,208.48,87.10201600642867,87.10201600642867,41.7795548764327,2025/2/25 23:15
109.24133463666897,181.67,72.42866536333102,72.42866536333102,39.86825858055329,2025/2/25 23:30
121.68781626062736,176.52,54.83218373937265,54.83218373937265,31.062873181136187,2025/2/25 23:45
114.23044133521802,164.3,50.069558664782,50.069558664782,30.474472711352117,2025/2/26 0:00
118.7525766124537,167.52,48.76742338754632,48.76742338754632,29.1114036458436,2025/2/26 0:15
118.00111964196064,156.99,38.98888035803938,38.98888035803938,24.835263620622044,2025/2/26 0:30
119.33571051484732,160.2,40.86428948515267,40.86428948515267,25.508295558756032,2025/2/26 0:45
110.49411315276396,166.54,56.04588684723602,56.04588684723602,33.6531084707592,2025/2/26 1:00
108.22576771670133,142.74,34.514232283298696,34.514232283298696,24.179790026113576,2025/2/26 1:15
101.51381529492092,106.55,5.03618470507908,5.03618470507908,4.726592871960913,2025/2/26 1:30
96.53120567996572,69.86,-26.671205679965723,26.671205679965723,38.17807855701052,2025/2/26 1:45
88.57924034741028,46.2,-42.379240347410274,42.379240347410274,91.72995746172845,2025/2/26 2:00
88.28383170340534,36.04,-52.24383170340534,52.24383170340534,144.96068730094444,2025/2/26 2:15
80.86520216560689,34.33,-46.53520216560689,46.53520216560689,135.5525842279969,2025/2/26 2:30
76.97877706014042,61.47,-15.508777060140416,15.508777060140416,25.22983090957408,2025/2/26 2:45
75.8439996351401,98.86,23.016000364859902,23.016000364859902,23.281408420834133,2025/2/26 3:00
74.86582413774252,99.73,24.864175862257483,24.864175862257483,24.93149088762915,2025/2/26 3:15
75.72306871267605,63.47,-12.253068712676054,12.253068712676054,19.30529181133882,2025/2/26 3:30
70.28546539344727,41.03,-29.255465393447267,29.255465393447267,71.30262099287341,2025/2/26 3:45
68.31614796654907,49.34,-18.976147966549064,18.976147966549064,38.459967504075,2025/2/26 4:00
72.8785716020967,58.58,-14.2985716020967,14.2985716020967,24.408623424500327,2025/2/26 4:15
66.00879098321688,58.24,-7.768790983216881,7.768790983216881,13.33927023214894,2025/2/26 4:30
65.00174490261266,49.76,-15.24174490261266,15.24174490261266,30.63051628332401,2025/2/26 4:45
70.82283833138607,68.31,-2.512838331386064,2.512838331386064,3.67858048804331,2025/2/26 5:00
71.82929920287191,84.44,12.61070079712809,12.61070079712809,14.934510655036895,2025/2/26 5:15
74.61362918607642,91.72,17.106370813923576,17.106370813923576,18.65064414948204,2025/2/26 5:30
77.77198551476386,85.48,7.708014485236148,7.708014485236148,9.017330937327014,2025/2/26 5:45
76.95876554254183,69.53,-7.428765542541825,7.428765542541825,10.684259373696449,2025/2/26 6:00
71.96773232309364,52.8,-19.167732323093645,19.167732323093645,36.30252333912375,2025/2/26 6:15
67.83210149202658,49.47,-18.362101492026586,18.362101492026586,37.11765007477151,2025/2/26 6:30
61.20910366827261,41.82,-19.38910366827261,19.38910366827261,46.36323210957974,2025/2/26 6:45
51.56766555993397,38.41,-13.157665559933974,13.157665559933974,34.25583327232418,2025/2/26 7:00
53.20313365900327,42.3,-10.903133659003274,10.903133659003274,25.77572969025413,2025/2/26 7:15
59.92331968721084,45.95,-13.973319687210832,13.973319687210832,30.409836098325183,2025/2/26 7:30
70.97533453252072,46.22,-24.75533453252072,24.75533453252072,53.55978912260312,2025/2/26 7:45
88.38130396830755,39.35,-49.03130396830755,49.03130396830755,124.60305963960086,2025/2/26 8:00
85.53762001900085,47.32,-38.21762001900085,38.21762001900085,80.76420122341523,2025/2/26 8:15
78.94038829255528,60.28,-18.66038829255528,18.66038829255528,30.956184957737765,2025/2/26 8:30
65.83922661018742,64.91,-0.9292266101874276,0.9292266101874276,1.4315615624495397,2025/2/26 8:45
67.80798871182546,58.74,-9.067988711825455,9.067988711825455,15.4375020630065,2025/2/26 9:00
76.40991191746355,53.93,-22.479911917463543,22.479911917463543,41.683500681294014,2025/2/26 9:15
80.96484433270649,52.79,-28.17484433270649,28.17484433270649,53.37155584893564,2025/2/26 9:30
82.93589050447136,53.23,-29.705890504471363,29.705890504471363,55.80667011913499,2025/2/26 9:45
75.03896077245011,51.54,-23.49896077245011,23.49896077245011,45.59363750951594,2025/2/26 10:00
68.95226072943113,56.39,-12.56226072943113,12.56226072943113,22.27746183615686,2025/2/26 10:15
64.09918097378807,68.81,4.7108190262119365,4.7108190262119365,6.846125601228151,2025/2/26 10:30
55.875437381196384,81.76,25.88456261880362,25.88456261880362,31.659200854662377,2025/2/26 10:45
68.4119235381956,84.0,15.588076461804404,15.588076461804404,18.55723388307839,2025/2/26 11:00
65.12899212310086,87.68,22.55100787689915,22.55100787689915,25.719671392419517,2025/2/26 11:15
86.38223926459109,91.09,4.707760735408911,4.707760735408911,5.168251987489014,2025/2/26 11:30
98.44393517960688,83.27,-15.173935179606872,15.173935179606872,18.222571369747385,2025/2/26 11:45
96.42605726410044,88.07,-8.356057264100457,8.356057264100457,9.487972367538289,2025/2/26 12:00
106.41985551153633,117.56,11.14014448846369,11.14014448846369,9.47613515520093,2025/2/26 12:15
113.7288076893783,151.96,38.23119231062171,38.23119231062171,25.158720920371515,2025/2/26 12:30
108.84784167695874,175.14,66.29215832304125,66.29215832304125,37.850952565378215,2025/2/26 12:45
120.96583466681348,180.87,59.904165333186526,59.904165333186526,33.12001179474397,2025/2/26 13:00
145.72761609511,204.88,59.15238390489,59.15238390489,28.87172193716377,2025/2/26 13:15
144.78046455924925,250.94,106.15953544075074,106.15953544075074,42.30474832259044,2025/2/26 13:30
151.02093093879134,282.84,131.81906906120864,131.81906906120864,46.60552576055793,2025/2/26 13:45
157.36148419351852,285.99,128.6285158064815,128.6285158064815,44.976578134353126,2025/2/26 14:00
163.44789011498307,306.24,142.79210988501694,142.79210988501694,46.6275175956669,2025/2/26 14:15
177.3160066068089,325.64,148.32399339319107,148.32399339319107,45.54845639145852,2025/2/26 14:30
176.16425106271635,348.61,172.44574893728367,172.44574893728367,49.46666731798692,2025/2/26 14:45
179.3081538388386,350.24,170.93184616116142,170.93184616116142,48.80420459145518,2025/2/26 15:00
189.93220092611023,335.81,145.87779907388975,145.87779907388975,43.4405762406856,2025/2/26 15:15
216.85518582533368,317.38,100.52481417466632,100.52481417466632,31.67332981745373,2025/2/26 15:30
232.3220230559508,348.14,115.81797694404918,115.81797694404918,33.267644322403605,2025/2/26 15:45
239.97708306772324,348.04,108.06291693227678,108.06291693227678,31.048993487026127,2025/2/26 16:00
252.5015126830125,345.53,93.02848731698744,93.02848731698744,26.923418318803154,2025/2/26 16:15
255.25427661640188,338.9,83.6457233835981,83.6457233835981,24.681535374320863,2025/2/26 16:30
267.2848143923388,349.72,82.43518560766125,82.43518560766125,23.57176758768091,2025/2/26 16:45
252.97761956471228,343.32,90.34238043528772,90.34238043528772,26.314336605866657,2025/2/26 17:00
252.33174606020745,333.69,81.35825393979255,81.35825393979255,24.381388096667017,2025/2/26 17:15
259.9304128866765,332.97,73.03958711332353,73.03958711332353,21.93578614088404,2025/2/26 17:30
254.7796173416936,324.69,69.91038265830642,69.91038265830642,21.531424638358093,2025/2/26 17:45
251.74108957882956,323.49,71.74891042117048,71.74891042117048,22.17963783150895,2025/2/26 18:00
258.1029658281108,297.34,39.23703417188915,39.23703417188915,13.196016066414192,2025/2/26 18:15
258.64920084727254,274.56,15.910799152727463,15.910799152727463,5.79501717392252,2025/2/26 18:30
257.10737528508207,276.32,19.21262471491792,19.21262471491792,6.9530344220146825,2025/2/26 18:45
255.57553159915608,286.41,30.834468400843942,30.834468400843942,10.76584909773862,2025/2/26 19:00
255.0342058678013,298.85,43.81579413219873,43.81579413219873,14.661467000898131,2025/2/26 19:15
259.1341482112904,313.58,54.4458517887096,54.4458517887096,17.36266719455713,2025/2/26 19:30
257.9484241353548,326.54,68.59157586464522,68.59157586464522,21.00556619851296,2025/2/26 19:45
258.78301010304705,344.8,86.01698989695296,86.01698989695296,24.94692282393504,2025/2/26 20:00
249.610248064898,290.69,41.079751935102,41.079751935102,14.131807745394704,2025/2/26 20:15
239.21979295589767,250.15,10.930207044102332,10.930207044102332,4.369461140954612,2025/2/26 20:30
226.4012363400041,223.29,-3.111236340004069,3.111236340004069,1.3933612521844578,2025/2/26 20:45
224.4882524143228,190.62,-33.86825241432277,33.86825241432277,17.76741811683192,2025/2/26 21:00
213.3822332944325,172.92,-40.46223329443251,40.46223329443251,23.399394687953453,2025/2/26 21:15
202.8618583071625,162.86,-40.00185830716245,40.00185830716245,24.56211366028361,2025/2/26 21:30
208.4411449324629,158.58,-49.86114493246288,49.86114493246288,31.44226569077528,2025/2/26 21:45
213.61887278655908,174.94,-38.67887278655908,38.67887278655908,22.10979352151422,2025/2/26 22:00
223.59743253329756,202.4,-21.19743253329753,21.19743253329753,10.473039789173448,2025/2/26 22:15
241.32862843179728,222.21,-19.118628431797248,19.118628431797248,8.603856006385241,2025/2/26 22:30
247.8898892958524,243.42,-4.469889295852397,4.469889295852397,1.8362867865625507,2025/2/26 22:45
246.73137820859205,247.53,0.7986217914079532,0.7986217914079532,0.3226363638377694,2025/2/26 23:00
249.41935140847283,250.57,1.1506485915271585,1.1506485915271585,0.4592124322651152,2025/2/26 23:15
263.14460330656186,270.3,7.155396693438149,7.155396693438149,2.6472055839569006,2025/2/26 23:30
259.60490625003035,275.34,15.735093749969622,15.735093749969622,5.71478671822616,2025/2/26 23:45
264.546056322441,277.78,13.233943677558957,13.233943677558957,4.7641816104666255,2025/2/27 0:00
271.73907625381577,296.88,25.140923746184228,25.140923746184228,8.468379057590864,2025/2/27 0:15
262.9598958504439,297.23,34.27010414955612,34.27010414955612,11.52982678381879,2025/2/27 0:30
247.35765258388707,298.88,51.52234741611292,51.52234741611292,17.238472770374628,2025/2/27 0:45
236.93043129553672,300.1,63.1695687044633,63.1695687044633,21.049506399347635,2025/2/27 1:00
228.7088244461189,305.19,76.48117555388109,76.48117555388109,25.060184001394557,2025/2/27 1:15
233.63135386617265,306.42,72.7886461338274,72.7886461338274,23.754534995693376,2025/2/27 1:30
237.69026381256407,282.13,44.439736187435926,44.439736187435926,15.751510363102176,2025/2/27 1:45
235.6225423583192,275.93,40.30745764168083,40.30745764168083,14.607856210512166,2025/2/27 2:00
242.5859735100471,273.31,30.724026489952905,30.724026489952905,11.241457132904635,2025/2/27 2:15
241.27314499895124,269.9,28.62685500104874,28.62685500104874,10.606467210462442,2025/2/27 2:30
255.37179714393812,260.37,4.998202856061852,4.998202856061852,1.919653898705662,2025/2/27 2:45
261.2677587634833,255.6,-5.667758763483306,5.667758763483306,2.217433006056764,2025/2/27 3:00
261.68452479798736,251.4,-10.28452479798736,10.28452479798736,4.090900874297243,2025/2/27 3:15
267.059020257735,259.98,-7.07902025773501,7.07902025773501,2.722909553708857,2025/2/27 3:30
280.7982090131928,263.09,-17.7082090131928,17.7082090131928,6.730855985855058,2025/2/27 3:45
291.61189950815407,261.95,-29.66189950815408,29.66189950815408,11.323496662776392,2025/2/27 4:00
289.9745037731482,262.24,-27.734503773148163,27.734503773148163,10.576000523618664,2025/2/27 4:15
283.50007817588863,265.82,-17.68007817588864,17.68007817588864,6.651146706749676,2025/2/27 4:30
288.67260928627434,269.5,-19.172609286274337,19.172609286274337,7.114140737019378,2025/2/27 4:45
291.9824704201766,266.97,-25.012470420176555,25.012470420176555,9.369019148281524,2025/2/27 5:00
288.46825308958853,276.42,-12.048253089588512,12.048253089588512,4.358676322112784,2025/2/27 5:15
285.67793449539346,286.17,0.4920655046065576,0.4920655046065576,0.1719486684859998,2025/2/27 5:30
284.2520660068218,294.14,9.887933993178194,9.887933993178194,3.361642072881904,2025/2/27 5:45
280.4832669796102,280.73,0.2467330203897972,0.2467330203897972,0.087889794603252,2025/2/27 6:00
279.3161629609585,283.97,4.653837039041548,4.653837039041548,1.6388481315068173,2025/2/27 6:15
273.2929920239417,291.89,18.597007976058308,18.597007976058308,6.371238472044927,2025/2/27 6:30
268.7650839176092,279.32,10.554916082390776,10.554916082390776,3.778789947868752,2025/2/27 6:45
263.5420411086238,278.57,15.027958891376215,15.027958891376215,5.39467957474632,2025/2/27 7:00
265.80558329100114,270.18,4.374416708998865,4.374416708998865,1.6190749533634043,2025/2/27 7:15
274.2552121830316,251.13,-23.12521218303158,23.12521218303158,9.2084626221568,2025/2/27 7:30
271.9759155225831,214.32,-57.655915522583086,57.655915522583086,26.90178962418635,2025/2/27 7:45
268.2184590018598,189.82,-78.3984590018598,78.3984590018598,41.30147455579945,2025/2/27 8:00
264.4322311761925,173.68,-90.75223117619248,90.75223117619248,52.25255134508304,2025/2/27 8:15
253.06099020317416,158.03,-95.03099020317418,95.03099020317418,60.13477833519841,2025/2/27 8:30
243.50698563149,143.28,-100.22698563149,100.22698563149,69.95183251774154,2025/2/27 8:45
231.623917686142,120.67,-110.95391768614196,110.95391768614196,91.94822050720975,2025/2/27 9:00
226.44579860732523,115.87,-110.57579860732524,110.57579860732524,95.43091275328366,2025/2/27 9:15
201.51709504332305,117.97,-83.54709504332305,83.54709504332305,70.82062816245845,2025/2/27 9:30
193.60811706671632,120.4,-73.20811706671631,73.20811706671631,60.80408394240491,2025/2/27 9:45
179.16750893587522,113.22,-65.94750893587522,65.94750893587522,58.24722569847816,2025/2/27 10:00
161.0957753995099,98.46,-62.63577539950991,62.63577539950991,63.61545338152174,2025/2/27 10:15
158.284018735432,106.25,-52.034018735432,52.034018735432,48.9731941038899,2025/2/27 10:30
158.36646404596073,133.74,-24.62646404596072,24.62646404596072,18.41368629126836,2025/2/27 10:45
154.65002440055696,152.03,-2.6200244005569573,2.6200244005569573,1.7233601266560772,2025/2/27 11:00
152.48275771302443,170.17,17.687242286975533,17.687242286975533,10.393866302500523,2025/2/27 11:15
148.55494191826918,167.05,18.495058081730832,18.495058081730832,11.07157023748564,2025/2/27 11:30
154.2563892211177,182.18,27.923610778882303,27.923610778882303,15.327484234749686,2025/2/27 11:45
148.07162858642553,207.59,59.51837141357447,59.51837141357447,28.67111682332762,2025/2/27 12:00
151.01770307383407,221.9,70.88229692616594,70.88229692616594,31.94335147640108,2025/2/27 12:15
151.81232797215705,212.13,60.31767202784295,60.31767202784295,28.434295963708344,2025/2/27 12:30
156.89819232906612,191.94,35.04180767093388,35.04180767093388,18.25664669736148,2025/2/27 12:45
153.28639825361782,187.82,34.533601746382175,34.533601746382175,18.38654123435406,2025/2/27 13:00
157.1038007140425,188.24,31.136199285957503,31.136199285957503,16.540692353347303,2025/2/27 13:15
168.42139869275582,189.42,20.99860130724417,20.99860130724417,11.085736092932684,2025/2/27 13:30
171.8350214797801,192.4,20.56497852021991,20.56497852021991,10.688658274537016,2025/2/27 13:45
181.70136518172615,181.88,0.1786348182738208,0.1786348182738208,0.0982157566932717,2025/2/27 14:00
190.46308549995763,184.16,-6.303085499957632,6.303085499957632,3.4226137597492454,2025/2/27 14:15
194.6336824654682,191.38,-3.2536824654682164,3.2536824654682164,1.7001162427978456,2025/2/27 14:30
214.059023371174,206.65,-7.409023371173987,7.409023371173987,3.5853004457635627,2025/2/27 14:45
215.8628855786137,218.18,2.317114421386293,2.317114421386293,1.0620196266317865,2025/2/27 15:00
220.9651995772808,238.42,17.454800422719188,17.454800422719188,7.321030292220396,2025/2/27 15:15
223.6018592704464,262.64,39.03814072955362,39.03814072955362,14.863745328030292,2025/2/27 15:30
220.0140708403223,286.25,66.23592915967771,66.23592915967771,23.1391892260802,2025/2/27 15:45
220.38029101514184,286.19,65.80970898485813,65.80970898485813,22.99511128440377,2025/2/27 16:00
217.8852393447721,285.01,67.1247606552279,67.1247606552279,23.551721222134084,2025/2/27 16:15
217.54799981670632,303.16,85.6120001832937,85.6120001832937,28.239873394664684,2025/2/27 16:30
217.5678595545481,333.82,116.25214044545186,116.25214044545186,34.82479792864928,2025/2/27 16:45
228.52021862974425,355.51,126.98978137025574,126.98978137025574,35.72045269337572,2025/2/27 17:00
244.38753906922116,358.9,114.51246093077884,114.51246093077884,31.90650903615128,2025/2/27 17:15
255.7851531365019,361.64,105.8548468634981,105.8548468634981,29.270779466726253,2025/2/27 17:30
273.3247058831224,378.09,104.7652941168776,104.7652941168776,27.70908887218649,2025/2/27 17:45
279.59432366669813,376.7,97.10567633330186,97.10567633330186,25.77798681531088,2025/2/27 18:00
283.77000751472764,368.64,84.86999248527235,84.86999248527235,23.022458898993417,2025/2/27 18:15
294.3562739365805,369.22,74.8637260634195,74.8637260634195,20.2761838642,2025/2/27 18:30
291.558418137505,345.33,53.771581862495,53.771581862495,15.571071688668644,2025/2/27 18:45
289.17733557531625,330.06,40.88266442468375,40.88266442468375,12.386434110365196,2025/2/27 19:00
291.66190061440096,340.14,48.47809938559902,48.47809938559902,14.25239589156958,2025/2/27 19:15
294.49336912751784,358.21,63.71663087248214,63.71663087248214,17.787507571665884,2025/2/27 19:30
294.67891302211694,361.79,67.11108697788308,67.11108697788308,18.549735199387637,2025/2/27 19:45
291.6279115878005,357.54,65.91208841219947,65.91208841219947,18.43488516310931,2025/2/27 20:00
294.38316223075134,348.75,54.36683776924866,54.36683776924866,15.5890574248697,2025/2/27 20:15
292.8413246775534,328.65,35.80867532244656,35.80867532244656,10.895686999067602,2025/2/27 20:30
295.34424327707274,307.03,11.685756722927238,11.685756722927238,3.806063486605033,2025/2/27 20:45
297.0211136276542,270.42,-26.60111362765417,26.60111362765417,9.83696236507815,2025/2/27 21:00
296.9093538126032,268.35,-28.55935381260315,28.55935381260315,10.642576416095586,2025/2/27 21:15
291.5917966372841,291.38,-0.2117966372841238,0.2117966372841238,0.0726874312869967,2025/2/27 21:30
294.047039642413,291.07,-2.97703964241299,2.97703964241299,1.0227916454502242,2025/2/27 21:45
279.4486366778891,294.26,14.811363322110878,14.811363322110878,5.033427350678259,2025/2/27 22:00
280.6940699382739,314.14,33.445930061726074,33.445930061726074,10.646823092161275,2025/2/27 22:15
275.7835447788949,337.4,61.61645522110507,61.61645522110507,18.26213847690777,2025/2/27 22:30
274.3570511662169,356.83,82.47294883378311,82.47294883378311,23.11267237445282,2025/2/27 22:45
278.3396059433364,356.09,77.7503940566636,77.7503940566636,21.834478378118387,2025/2/27 23:00
280.7931666707665,361.82,81.02683332923351,81.02683332923351,22.394238386272487,2025/2/27 23:15
280.23938392595784,361.02,80.78061607404214,80.78061607404214,22.375662310680784,2025/2/27 23:30
279.32808451800224,365.36,86.03191548199777,86.03191548199777,23.54716320395616,2025/2/27 23:45
294.7239298666336,358.56,63.836070133366434,63.836070133366434,17.8034555258112,2025/2/28 0:00
299.81038259187324,361.42,61.60961740812678,61.60961740812678,17.046543469677864,2025/2/28 0:15
306.8565459148671,364.61,57.75345408513289,57.75345408513289,15.839788838791325,2025/2/28 0:30
310.0801195767678,364.63,54.5498804232322,54.5498804232322,14.960337992819362,2025/2/28 0:45
312.1973440178257,356.45,44.2526559821743,44.2526559821743,12.414828442183165,2025/2/28 1:00
310.04289317044186,370.01,59.96710682955813,59.96710682955813,16.206888146142518,2025/2/28 1:15
312.7060492551302,371.22,58.51395074486982,58.51395074486982,15.762607280010252,2025/2/28 1:30
314.6398739687248,369.81,55.17012603127517,55.17012603127517,14.91850572760614,2025/2/28 1:45
314.5551992423283,370.59,56.03480075767169,56.03480075767169,15.12042978970198,2025/2/28 2:00
314.8488912670814,355.52,40.67110873291858,40.67110873291858,11.43989332046218,2025/2/28 2:15
314.768443023079,345.47,30.70155697692104,30.70155697692104,8.886895237477106,2025/2/28 2:30
311.8746342713734,342.19,30.315365728626603,30.315365728626603,8.859220236891126,2025/2/28 2:45
310.54882242292825,332.18,21.631177577071757,21.631177577071757,6.511884393119767,2025/2/28 3:00
317.19139556865883,332.38,15.188604431341162,15.188604431341162,4.569650529916539,2025/2/28 3:15
317.8817930565026,353.27,35.38820694349738,35.38820694349738,10.017325825427395,2025/2/28 3:30
318.3228571510121,359.46,41.13714284898788,41.13714284898788,11.444150350241038,2025/2/28 3:45
318.79509733921253,349.3,30.50490266078748,30.50490266078748,8.73315278006835,2025/2/28 4:00
320.67210427185324,339.82,19.14789572814675,19.14789572814675,5.634717123224388,2025/2/28 4:15
320.63845516264047,323.41,2.7715448373595564,2.7715448373595564,0.8569756152743265,2025/2/28 4:30
322.89881617732925,321.05,-1.8488161773292404,1.8488161773292404,0.5758654967539837,2025/2/28 4:45
322.1104767152019,334.98,12.869523284798106,12.869523284798106,3.8418781075868007,2025/2/28 5:00
322.07733470282926,357.95,35.87266529717073,35.87266529717073,10.021697247425816,2025/2/28 5:15
323.9136163078168,357.34,33.42638369218315,33.42638369218315,9.354223902214642,2025/2/28 5:30
322.5643569029192,343.89,21.325643097080786,21.325643097080786,6.2012978269430885,2025/2/28 5:45
320.2778881726387,321.43,1.1521118273612956,1.1521118273612956,0.3584331976980796,2025/2/28 6:00
319.6901900435268,298.59,-21.100190043526823,21.100190043526823,7.066609746984078,2025/2/28 6:15
317.67317410003045,300.58,-17.093174100030467,17.093174100030467,5.686730354655926,2025/2/28 6:30
315.87728069042805,331.98,16.102719309571967,16.102719309571967,4.8505088588370135,2025/2/28 6:45
308.8560952636223,338.06,29.20390473637769,29.20390473637769,8.638675009279138,2025/2/28 7:00
309.2888074437962,335.37,26.081192556203803,26.081192556203803,7.7768412667191535,2025/2/28 7:15
301.5175005251716,352.04,50.522499474828464,50.522499474828464,14.351351969893797,2025/2/28 7:30
301.54365987551057,363.09,61.54634012448941,61.54634012448941,16.95071197897834,2025/2/28 7:45
300.47437252218936,374.36,73.88562747781066,73.88562747781066,19.736517650868397,2025/2/28 8:00
287.8153875031782,358.03,70.21461249682176,70.21461249682176,19.61137683903644,2025/2/28 8:15
283.4418951804079,359.5,76.05810481959207,76.05810481959207,21.15663555481806,2025/2/28 8:30
274.4552562262795,350.68,76.22474377372049,76.22474377372049,21.73626775798413,2025/2/28 8:45
268.7293529062509,342.84,74.1106470937491,74.1106470937491,21.616686236649016,2025/2/28 9:00
265.6637903191005,347.01,81.3462096808995,81.3462096808995,23.442036160593663,2025/2/28 9:15
265.52950014363665,352.23,86.70049985636336,86.70049985636336,24.61474032772301,2025/2/28 9:30
263.55463626432913,347.4,83.84536373567084,83.84536373567084,24.135107580784894,2025/2/28 9:45
266.5172914225129,334.07,67.55270857748707,67.55270857748707,20.221123889444385,2025/2/28 10:00
269.1309227100582,331.94,62.8090772899418,62.8090772899418,18.921816379442934,2025/2/28 10:15
277.04423560865825,328.49,51.44576439134176,51.44576439134176,15.661287829561354,2025/2/28 10:30
276.2182307314744,324.04,47.82176926852566,47.82176926852566,14.757983356533424,2025/2/28 10:45
273.6844934204561,311.12,37.435506579543926,37.435506579543926,12.032497614917682,2025/2/28 11:00
280.7891953570137,280.36,-0.4291953570136684,0.4291953570136684,0.1530872296381492,2025/2/28 11:15
272.64415475297045,250.41,-22.23415475297045,22.23415475297045,8.879100176894523,2025/2/28 11:30
280.9164509005071,254.8,-26.11645090050706,26.11645090050706,10.249784497840194,2025/2/28 11:45
270.35742289094264,260.99,-9.367422890942636,9.367422890942636,3.589188432866794,2025/2/28 12:00
275.7676394243098,272.9,-2.8676394243098,2.8676394243098,1.0508022808020336,2025/2/28 12:15
279.19206582639424,286.13,6.937934173605754,6.937934173605754,2.424748951037406,2025/2/28 12:30
273.7464427803262,289.13,15.383557219673776,15.383557219673776,5.320636813775277,2025/2/28 12:45
270.66221316028407,299.91,29.24778683971596,29.24778683971596,9.752187936282953,2025/2/28 13:00
266.4962528535163,289.81,23.313747146483703,23.313747146483703,8.044493684302012,2025/2/28 13:15
264.2995255117886,303.82,39.52047448821139,39.52047448821139,13.00785810288934,2025/2/28 13:30
257.9692275275839,304.5,46.53077247241612,46.53077247241612,15.281041862857418,2025/2/28 13:45
253.0876056676535,309.93,56.84239433234652,56.84239433234652,18.34039761634181,2025/2/28 14:00
248.48894566923815,316.63,68.14105433076182,68.14105433076182,21.520719556182392,2025/2/28 14:15
254.59262881600284,308.72,54.127371183997184,54.127371183997184,17.532835962678043,2025/2/28 14:30
258.1880359915158,308.49,50.30196400848422,50.30196400848422,16.30586534684039,2025/2/28 14:45
271.7107736881684,316.45,44.73922631183166,44.73922631183166,14.137849995834262,2025/2/28 15:00
277.8618034073445,309.78,31.91819659265542,31.91819659265542,10.303504613804996,2025/2/28 15:15
271.6994817624853,316.5,44.80051823751472,44.80051823751472,14.154982065561,2025/2/28 15:30
268.4469289978644,314.92,46.47307100213561,46.47307100213561,14.757103709551902,2025/2/28 15:45
269.05664985215884,317.19,48.13335014784116,48.13335014784116,15.17492674668999,2025/2/28 16:00
268.84518482618626,326.12,57.27481517381375,57.27481517381375,17.562496986936154,2025/2/28 16:15
255.61728217275424,332.85,77.2327178272458,77.2327178272458,23.20346036569704,2025/2/28 16:30
260.8198329068665,349.93,89.1101670931335,89.1101670931335,25.465140769041817,2025/2/28 16:45
256.870767538143,357.23,100.359232461857,100.359232461857,28.093730219138624,2025/2/28 17:00
265.6033841958933,355.67,90.06661580410673,90.06661580410673,25.323084826969215,2025/2/28 17:15
269.85387661267765,364.27,94.41612338732232,94.41612338732232,25.919269604221164,2025/2/28 17:30
281.7241261373678,368.02,86.29587386263216,86.29587386263216,23.448691338136168,2025/2/28 17:45
292.5398613940016,354.53,61.99013860599837,61.99013860599837,17.48516024200516,2025/2/28 18:00
300.6274886529989,360.49,59.86251134700109,59.86251134700109,16.605872935999468,2025/2/28 18:15
298.45355636668745,358.11,59.65644363331256,59.65644363331256,16.65869247809218,2025/2/28 18:30
293.039749974396,344.22,51.18025002560404,51.18025002560404,14.868470752887449,2025/2/28 18:45
290.9736107044013,343.66,52.6863892955987,52.6863892955987,15.330963538259724,2025/2/28 19:00
290.55189316922326,349.82,59.26810683077673,59.26810683077673,16.94245807294031,2025/2/28 19:15
274.3953951022441,336.7,62.30460489775584,62.30460489775584,18.504486159114148,2025/2/28 19:30
269.6369254609552,335.63,65.99307453904481,65.99307453904481,19.66244809433756,2025/2/28 19:45
267.09154402911736,337.75,70.65845597088264,70.65845597088264,20.920342256361725,2025/2/28 20:00
268.80222245507326,333.11,64.30777754492675,64.30777754492675,19.30526779289347,2025/2/28 20:15
263.7358936082507,316.97,53.23410639174932,53.23410639174932,16.79468290113655,2025/2/28 20:30
260.0050753674918,325.05,65.04492463250818,65.04492463250818,20.010744387782857,2025/2/28 20:45
255.3657433660475,337.04,81.67425663395252,81.67425663395252,24.23280816340146,2025/2/28 21:00
259.7325992517894,348.31,88.57740074821061,88.57740074821061,25.430622361742465,2025/2/28 21:15
253.48003538320367,347.42,93.93996461679636,93.93996461679636,27.039308219667635,2025/2/28 21:30
250.9757274237968,349.86,98.88427257620322,98.88427257620322,28.26395488943433,2025/2/28 21:45
253.31789793266307,346.74,93.42210206733694,93.42210206733694,26.94298381130242,2025/2/28 22:00
254.87619013098637,350.67,95.79380986901369,95.79380986901369,27.31736671770792,2025/2/28 22:15
255.1956628152513,357.46,102.26433718474868,102.26433718474868,28.608609966071757,2025/2/28 22:30
257.10293751876753,344.92,87.81706248123248,87.81706248123248,25.460124806102,2025/2/28 22:45
263.78518872619964,332.19,68.40481127380036,68.40481127380036,20.592074196628367,2025/2/28 23:00
276.01777691396586,346.78,70.76222308603411,70.76222308603411,20.4055087046582,2025/2/28 23:15
283.5408132504311,343.59,60.04918674956889,60.04918674956889,17.476989071146257,2025/2/28 23:30
290.1892517713337,336.82,46.63074822866628,46.63074822866628,13.844411919913435,2025/2/28 23:45
295.1054994609871,333.41,38.304500539012906,38.304500539012906,11.488707758915874,2025/3/1 0:00
297.34874486043947,329.96,32.61125513956051,32.61125513956051,9.883396514592867,2025/3/1 0:15
298.4782821964252,321.15,22.67171780357478,22.67171780357478,7.059541586040082,2025/3/1 0:30
297.1829519536943,328.21,31.02704804630565,31.02704804630565,9.453413377501052,2025/3/1 0:45
296.7392549561663,353.59,56.85074504383368,56.85074504383368,16.078154089147773,2025/3/1 1:00
297.18227255963143,344.06,46.877727440368574,46.877727440368574,13.624869918140718,2025/3/1 1:15
295.0484139694941,347.72,52.67158603050592,52.67158603050592,15.147701032581034,2025/3/1 1:30
296.12903094993453,342.01,45.88096905006546,45.88096905006546,13.415095772068666,2025/3/1 1:45
294.4788293009648,338.5,44.02117069903522,44.02117069903522,13.004777163669784,2025/3/1 2:00
292.09186781872626,351.5,59.40813218127374,59.40813218127374,16.9013178325055,2025/3/1 2:15
294.8038501387767,320.86,26.05614986122333,26.05614986122333,8.120722390206074,2025/3/1 2:30
291.1719482852925,327.51,36.33805171470749,36.33805171470749,11.095249523585968,2025/3/1 2:45
289.07253109783835,347.87,58.79746890216165,58.79746890216165,16.9021384143918,2025/3/1 3:00
291.5096044061992,352.55,61.04039559380084,61.04039559380084,17.31396839988187,2025/3/1 3:15
294.2166694078846,358.63,64.41333059211541,64.41333059211541,17.960943198309526,2025/3/1 3:30
296.89939274079995,359.62,62.72060725920005,62.72060725920005,17.440800639336693,2025/3/1 3:45
296.85993778340065,363.05,66.19006221659936,66.19006221659936,18.231665670453413,2025/3/1 4:00
300.2498574984052,360.9,60.650142501594814,60.650142501594814,16.805248684283185,2025/3/1 4:15
303.2370671387381,361.09,57.85293286126188,57.85293286126188,16.02174883304602,2025/3/1 4:30
302.23660752128416,363.43,61.19339247871585,61.19339247871585,16.837738348154808,2025/3/1 4:45
300.2018428320592,368.13,67.92815716794081,67.92815716794081,18.452219913596384,2025/3/1 5:00
300.7012739425597,363.44,62.73872605744032,62.73872605744032,17.26247140034753,2025/3/1 5:15
302.5118771389738,353.78,51.2681228610262,51.2681228610262,14.491526615696678,2025/3/1 5:30
303.49035067491207,349.42,45.92964932508795,45.92964932508795,13.144539329481658,2025/3/1 5:45
303.49035067491207,360.31,56.81964932508794,56.81964932508794,15.76965649720301,2025/3/1 6:00
302.2080414069611,367.71,65.50195859303886,65.50195859303886,17.813483069000313,2025/3/1 6:15
303.51454178806097,374.9,71.38545821193901,71.38545821193901,19.04119984313683,2025/3/1 6:30
301.4642044424512,376.18,74.7157955575488,74.7157955575488,19.86171395542797,2025/3/1 6:45
301.4642044424512,371.93,70.4657955575488,70.4657955575488,18.94598326500413,2025/3/1 7:00
297.87513132424687,364.79,66.91486867575316,66.91486867575316,18.34339446688089,2025/3/1 7:15
298.4558184042817,360.03,61.5741815957183,61.5741815957183,17.102514122629003,2025/3/1 7:30
301.00787961453966,346.28,45.27212038546031,45.27212038546031,13.073847864574114,2025/3/1 7:45
302.14535958984794,331.33,29.18464041015204,29.18464041015204,8.808330187469664,2025/3/1 8:00
301.71240163352746,320.64,18.927598366472523,18.927598366472523,5.903068352815189,2025/3/1 8:15
302.7163731224816,320.44,17.72362687751837,17.72362687751837,5.531028235399089,2025/3/1 8:30
291.47884547003645,321.56,30.081154529963555,30.081154529963555,9.354756353387922,2025/3/1 8:45
284.80508822768985,301.85,17.044911772310172,17.044911772310172,5.646815230182052,2025/3/1 9:00
284.4129225760041,287.38,2.9670774239958746,2.9670774239958746,1.0324578690217978,2025/3/1 9:15
283.024142495724,304.14,21.115857504275997,21.115857504275997,6.9428084120040285,2025/3/1 9:30
275.4055766801588,313.04,37.63442331984129,37.63442331984129,12.022241029845793,2025/3/1 9:45
268.27985629326804,305.15,36.87014370673194,36.87014370673194,12.08262943035224,2025/3/1 10:00
275.9209211004696,303.77,27.84907889953041,27.84907889953041,9.167817394581837,2025/3/1 10:15
269.9146188025257,323.85,53.93538119747433,53.93538119747433,16.65443297744563,2025/3/1 10:30
262.18876498309027,327.82,65.63123501690973,65.63123501690973,20.02050973610204,2025/3/1 10:45
265.7316079881497,340.12,74.38839201185033,74.38839201185033,21.87121957304141,2025/3/1 11:00
268.86909621218376,338.25,69.38090378781624,69.38090378781624,20.511723218860524,2025/3/1 11:15
268.6100496017092,329.45,60.8399503982908,60.8399503982908,18.467127150788382,2025/3/1 11:30
284.7669133834964,332.73,47.96308661650363,47.96308661650363,14.415017166017256,2025/3/1 11:45
284.7163268248508,338.5,53.7836731751492,53.7836731751492,15.88882516252092,2025/3/1 12:00
284.59653512609884,355.76,71.16346487390115,71.16346487390115,20.00322264275949,2025/3/1 12:15
287.16747642767643,344.09,56.92252357232354,56.92252357232354,16.54291713572234,2025/3/1 12:30
290.8301304090928,345.87,55.03986959090725,55.03986959090725,15.9134558044616,2025/3/1 12:45
294.6157842294155,346.46,51.84421577058447,51.84421577058447,14.963983077575913,2025/3/1 13:00
292.0910804398924,353.49,61.39891956010763,61.39891956010763,17.369351200908163,2025/3/1 13:15
293.70532523824943,356.57,62.86467476175056,62.86467476175056,17.63038807575874,2025/3/1 13:30
290.11630917210766,357.58,67.46369082789232,67.46369082789232,18.86674054138192,2025/3/1 13:45
288.36681866839695,354.44,66.07318133160305,66.07318133160305,18.64157017593511,2025/3/1 14:00
291.7700358981111,358.02,66.2499641018889,66.2499641018889,18.50454279142797,2025/3/1 14:15
291.69387403795974,351.21,59.51612596204024,59.51612596204024,16.946022596743624,2025/3/1 14:30
289.0156665625696,361.24,72.2243334374304,72.2243334374304,19.993448521041525,2025/3/1 14:45
280.17085490491536,360.88,80.70914509508464,80.70914509508464,22.36453809993967,2025/3/1 15:00
281.7072446054077,336.77,55.06275539459227,55.06275539459227,16.35025548432934,2025/3/1 15:15
283.4050130529518,340.68,57.274986947048205,57.274986947048205,16.81196047523523,2025/3/1 15:30
281.0803483205964,340.45,59.3696516794036,59.3696516794036,17.43858178275405,2025/3/1 15:45
287.45732404897467,345.72,58.26267595102536,58.26267595102536,16.852561596381033,2025/3/1 16:00
278.7187509485999,343.71,64.99124905140008,64.99124905140008,18.908745468965456,2025/3/1 16:15
280.7542428228587,348.75,67.99575717714129,67.99575717714129,19.496991305267898,2025/3/1 16:30
279.6166543900309,347.88,68.26334560996912,68.26334560996912,19.622670348956397,2025/3/1 16:45
285.7750445134953,335.88,50.10495548650471,50.10495548650471,14.917516817461532,2025/3/1 17:00
284.0364451414952,344.74,60.70355485850479,60.70355485850479,17.60850346884237,2025/3/1 17:15
283.1723895993983,348.85,65.67761040060174,65.67761040060174,18.826891328818377,2025/3/1 17:30
280.74436140244904,353.17,72.42563859755097,72.42563859755097,20.50730203514751,2025/3/1 17:45
284.89206001572967,359.78,74.8879399842703,74.8879399842703,20.81492578360373,2025/3/1 18:00
285.08745216183354,347.55,62.46254783816647,62.46254783816647,17.972247975298085,2025/3/1 18:15
285.562394044123,353.93,68.36760595587702,68.36760595587702,19.316702725357477,2025/3/1 18:30
285.82646498302194,352.26,66.43353501697806,66.43353501697806,18.859233241628115,2025/3/1 18:45
275.91158706942747,354.09,78.1784129305725,78.1784129305725,22.07868421320863,2025/3/1 19:00
275.08562790269457,348.01,72.92437209730542,72.92437209730542,20.954677192403803,2025/3/1 19:15
275.05800650896504,338.21,63.15199349103494,63.15199349103494,18.6724205348796,2025/3/1 19:30
274.50054940908285,326.14,51.639450590917136,51.639450590917136,15.833522594867636,2025/3/1 19:45
273.01929266393347,335.13,62.110707336066525,62.110707336066525,18.533317618848805,2025/3/1 20:00
279.27225871169435,331.42,52.14774128830567,52.14774128830567,15.734639215584432,2025/3/1 20:15
277.27784274430616,330.65,53.37215725569382,53.37215725569382,16.141586951664202,2025/3/1 20:30
279.43698883244514,318.55,39.11301116755487,39.11301116755487,12.278452728784366,2025/3/1 20:45
280.8148621145327,330.2,49.38513788546732,49.38513788546732,14.956128978029184,2025/3/1 21:00
284.57058296513566,338.1,53.529417034864366,53.529417034864366,15.832421483244168,2025/3/1 21:15
278.96056961768915,343.83,64.86943038231084,64.86943038231084,18.866716220891718,2025/3/1 21:30
273.4950312323384,346.01,72.51496876766163,72.51496876766163,20.957477751406223,2025/3/1 21:45
271.87919173768034,341.78,69.90080826231963,69.90080826231963,20.45198907551617,2025/3/1 22:00
273.1823157457152,330.17,56.98768425428483,56.98768425428483,17.2601036600138,2025/3/1 22:15
272.1934723005015,321.06,48.86652769949848,48.86652769949848,15.220372422439189,2025/3/1 22:30
275.14457782560413,323.32,48.17542217439586,48.17542217439586,14.900229547934234,2025/3/1 22:45
274.67172542676803,339.75,65.07827457323197,65.07827457323197,19.15475336959906,2025/3/1 23:00
272.7783811477352,341.03,68.25161885226476,68.25161885226476,20.0133767856918,2025/3/1 23:15
277.4935137398353,345.26,67.7664862601647,67.7664862601647,19.627667919870557,2025/3/1 23:30
283.226534386694,344.96,61.73346561330595,61.73346561330595,17.8958330279708,2025/3/1 23:45
283.69581653361155,341.73,58.03418346638847,58.03418346638847,16.982466703646587,2025/3/2 0:00
285.92946931205734,333.05,47.12053068794268,47.12053068794268,14.14818516376776,2025/3/2 0:15
285.9999862480832,328.6,42.60001375191683,42.60001375191683,12.96409426412169,2025/3/2 0:30
291.481681326219,333.36,41.878318673781,41.878318673781,12.562490602882296,2025/3/2 0:45
286.260705426269,333.56,47.29929457373101,47.29929457373101,14.18014587292146,2025/3/2 1:00
285.5116231686848,329.3,43.78837683131525,43.78837683131525,13.297411731339798,2025/3/2 1:15
284.3691114304441,326.54,42.17088856955587,42.17088856955587,12.914463333601688,2025/3/2 1:30
278.840763919085,331.51,52.66923608091497,52.66923608091497,15.887676414255706,2025/3/2 1:45
271.33978990943467,324.44,53.10021009056533,53.10021009056533,16.366727311844706,2025/3/2 2:00
271.6129002134392,300.56,28.94709978656084,28.94709978656084,9.631055292304769,2025/3/2 2:15
274.15071276644835,287.98,13.829287233551668,13.829287233551668,4.802169328962728,2025/3/2 2:30
278.9737668839587,295.79,16.816233116041303,16.816233116041303,5.685193250629033,2025/3/2 2:45
275.48146444270577,300.83,25.348535557294213,25.348535557294213,8.426199367511813,2025/3/2 3:00
278.53766788829984,299.83,21.292332111700148,21.292332111700148,7.101468202545792,2025/3/2 3:15
286.1241922165317,310.14,24.01580778346829,24.01580778346829,7.743537687322031,2025/3/2 3:30
288.6602937996976,306.13,17.469706200302426,17.469706200302426,5.706629928558691,2025/3/2 3:45
290.903530996563,293.26,2.3564690034369846,2.3564690034369846,0.8035425913647212,2025/3/2 4:00
290.8058174946094,285.71,-5.095817494609435,5.095817494609435,1.7835628765558265,2025/3/2 4:15
292.3222896410122,271.6,-20.7222896410122,20.7222896410122,7.629708998897115,2025/3/2 4:30
290.9054059215012,245.96,-44.94540592150119,44.94540592150119,18.27346150653884,2025/3/2 4:45
291.706452491362,252.61,-39.09645249136196,39.09645249136196,15.477001105002367,2025/3/2 5:00
294.1934387507955,245.64,-48.55343875079552,48.55343875079552,19.76609621835848,2025/3/2 5:15
298.1993580281382,236.25,-61.94935802813819,61.94935802813819,26.221950488089725,2025/3/2 5:30
301.0699184337812,208.38,-92.6899184337812,92.6899184337812,44.48119706005218,2025/3/2 5:45
296.3636957970183,198.93,-97.43369579701827,97.43369579701827,48.97888493287554,2025/3/2 6:00
299.01664674150663,207.71,-91.30664674150664,91.30664674150664,43.95871491091554,2025/3/2 6:15
294.9970187592115,199.55,-95.44701875921152,95.44701875921152,47.8311294207786,2025/3/2 6:30
295.2888503092822,192.17,-103.11885030928224,103.11885030928224,53.66022288038123,2025/3/2 6:45
301.87108191207494,193.81,-108.06108191207494,108.06108191207494,55.75619519736814,2025/3/2 7:00
298.9070886573113,194.06,-104.8470886573113,104.8470886573113,54.02818131364386,2025/3/2 7:15
298.24304744887627,193.41,-104.83304744887629,104.83304744887629,54.202495966507456,2025/3/2 7:30
297.9235448769155,188.16,-109.76354487691552,109.76354487691552,58.33521730275149,2025/3/2 7:45
291.0240914358171,187.96,-103.06409143581712,103.06409143581712,54.83299182579394,2025/3/2 8:00
291.9801917011432,194.23,-97.75019170114322,97.75019170114322,50.32703068583273,2025/3/2 8:15
284.247873901031,192.85,-91.39787390103103,91.39787390103103,47.39324547626842,2025/3/2 8:30
277.59675849118776,179.64,-97.95675849118776,97.95675849118776,54.52948034465223,2025/3/2 8:45
276.64381243724745,152.98,-123.66381243724746,123.66381243724746,80.83658807502067,2025/3/2 9:00
277.1742111733205,139.99,-137.18421117332048,137.18421117332048,97.99572196101327,2025/3/2 9:15
270.4826994154232,148.04,-122.44269941542316,122.44269941542316,82.70919982122432,2025/3/2 9:30
263.6095997618829,143.89,-119.71959976188292,119.71959976188292,83.20216815748124,2025/3/2 9:45
259.57486271012164,142.65,-116.92486271012164,116.92486271012164,81.96625496672952,2025/3/2 10:00
257.61731679702785,140.18,-117.43731679702783,117.43731679702783,83.77608560204314,2025/3/2 10:15
269.60684323928245,157.04,-112.56684323928246,112.56684323928246,71.68036375395491,2025/3/2 10:30
268.9294782467676,182.22,-86.70947824676759,86.70947824676759,47.58505007503019,2025/3/2 10:45
271.2898113731848,199.49,-71.79981137318481,71.79981137318481,35.991684482003514,2025/3/2 11:00
265.6897538805631,208.73,-56.95975388056311,56.95975388056311,27.28872413191004,2025/3/2 11:15
271.0849920656968,228.86,-42.22499206569677,42.22499206569677,18.450140726067605,2025/3/2 11:30
280.9236342556036,247.66,-33.26363425560359,33.26363425560359,13.43116944827189,2025/3/2 11:45
288.33281332237715,267.43,-20.902813322377146,20.902813322377146,7.816181177268566,2025/3/2 12:00
288.69091187861585,289.79,1.0990881213841703,1.0990881213841703,0.3792705481154598,2025/3/2 12:15
292.3168396830615,289.53,-2.786839683061544,2.786839683061544,0.962539178344414,2025/3/2 12:30
294.349830126406,286.62,-7.729830126406,7.729830126406,2.696891398507886,2025/3/2 12:45
295.18597598258145,309.85,14.66402401741857,14.66402401741857,4.732620305765317,2025/3/2 13:00
296.4195929204768,330.93,34.51040707952325,34.51040707952325,10.428310240689214,2025/3/2 13:15
297.23796610040887,317.48,20.24203389959115,20.24203389959115,6.375845375955894,2025/3/2 13:30
297.23796610040887,315.89,18.65203389959112,18.65203389959112,5.904597771244805,2025/3/2 13:45
296.9937042871666,315.25,18.256295712833374,18.256295712833374,5.791053358549592,2025/3/2 14:00
299.86534288991675,311.75,11.884657110083252,11.884657110083252,3.8122396503863487,2025/3/2 14:15
301.80701305249664,318.64,16.832986947503343,16.832986947503343,5.282760151738031,2025/3/2 14:30
299.1746078129015,328.01,28.83539218709848,28.83539218709848,8.791010087219806,2025/3/2 14:45
298.58070887847424,320.41,21.829291121525785,21.829291121525785,6.812924416066593,2025/3/2 15:00
297.1240438430571,327.45,30.32595615694288,30.32595615694288,9.26124787202126,2025/3/2 15:15
297.4273249810788,342.11,44.6826750189212,44.6826750189212,13.060908777559304,2025/3/2 15:30
293.9450155471713,337.46,43.51498445282863,43.51498445282863,12.89485700610909,2025/3/2 15:45
288.382362935346,332.5,44.11763706465399,44.11763706465399,13.268462275079916,2025/3/2 16:00
284.9633732649489,323.56,38.59662673505108,38.59662673505108,11.928738637359114,2025/3/2 16:15
286.3401832232518,329.64,43.29981677674817,43.29981677674817,13.1354862203419,2025/3/2 16:30
281.2534186439426,328.43,47.1765813560574,47.1765813560574,14.364272860592225,2025/3/2 16:45
278.3756703320394,324.07,45.694329667960574,45.694329667960574,14.100141842178072,2025/3/2 17:00
270.63166493846904,341.4,70.76833506153093,70.76833506153093,20.728862056681372,2025/3/2 17:15
271.5364210193182,348.19,76.6535789806818,76.6535789806818,22.01487089826238,2025/3/2 17:30
275.174519874951,341.3,66.12548012504902,66.12548012504902,19.374591305311935,2025/3/2 17:45
273.63943475300624,353.39,79.75056524699374,79.75056524699374,22.567295409312997,2025/3/2 18:00
275.3218790821247,349.79,74.4681209178753,74.4681209178753,21.289379604292293,2025/3/2 18:15
274.6148967133292,342.91,68.2951032866709,68.2951032866709,19.91633469034177,2025/3/2 18:30
276.73266617506584,319.52,42.78733382493414,42.78733382493414,13.39112851305732,2025/3/2 18:45
276.9192118481778,289.06,12.14078815182222,12.14078815182222,4.20009276683665,2025/3/2 19:00
277.4385011549987,258.15,-19.2885011549987,19.2885011549987,7.471819157463192,2025/3/2 19:15
276.3855487473064,225.95,-50.43554874730637,50.43554874730637,22.321552886605023,2025/3/2 19:30
276.83385298648415,213.2,-63.63385298648416,63.63385298648416,29.84702297676094,2025/3/2 19:45
276.78012651573107,227.64,-49.14012651573108,49.14012651573108,21.58677144425826,2025/3/2 20:00
273.5381720648521,187.68,-85.85817206485211,85.85817206485211,45.7471078776675,2025/3/2 20:15
271.22468387711655,177.94,-93.28468387711656,93.28468387711656,52.42479705353722,2025/3/2 20:30
271.02368598069216,179.92,-91.10368598069218,91.10368598069218,50.63566361751977,2025/3/2 20:45
262.9905922829948,202.39,-60.6005922829948,60.6005922829948,29.9424834640866,2025/3/2 21:00
257.9532976137809,191.58,-66.37329761378086,66.37329761378086,34.64521224227279,2025/3/2 21:15
255.3356458252437,171.12,-84.21564582524371,84.21564582524371,49.21437928073545,2025/3/2 21:30
257.96953828003075,125.66,-132.30953828003075,132.30953828003075,105.29169049811034,2025/3/2 21:45
260.73045773537774,140.57,-120.16045773537776,120.16045773537776,85.48086912946738,2025/3/2 22:00
265.4207084230188,146.17,-119.25070842301878,119.25070842301878,81.58357284185347,2025/3/2 22:15
258.6251824501593,159.55,-99.07518245015928,99.07518245015928,62.09663581955323,2025/3/2 22:30
263.3219980087667,195.08,-68.24199800876667,68.24199800876667,34.9815450116525,2025/3/2 22:45
269.81221367804534,202.33,-67.48221367804533,67.48221367804533,33.352549635749504,2025/3/2 23:00
265.03934169669213,203.29,-61.74934169669214,61.74934169669214,30.37500206437197,2025/3/2 23:15
255.5201939646252,193.84,-61.680193964625175,61.680193964625175,31.82015784388844,2025/3/2 23:30
249.64294214843144,187.81,-61.83294214843141,61.83294214843141,32.92313622725015,2025/3/2 23:45
256.26191825316016,229.38,-26.881918253160165,26.881918253160165,11.719381922202654,2025/3/3 0:00
262.822831797693,243.8,-19.022831797693016,19.022831797693016,7.802638145071867,2025/3/3 0:15
264.00512669434914,251.34,-12.66512669434914,12.66512669434914,5.039041415749225,2025/3/3 0:30
263.5918008005046,256.33,-7.261800800504602,7.261800800504602,2.8329890377645106,2025/3/3 0:45
255.9923972618915,251.77,-4.222397261891501,4.222397261891501,1.6770851419509174,2025/3/3 1:00
255.54383699917915,241.45,-14.09383699917916,14.09383699917916,5.837165872509143,2025/3/3 1:15
260.080492579899,249.09,-10.990492579898984,10.990492579898984,4.412257649803112,2025/3/3 1:30
261.5997789436507,268.32,6.720221056349317,6.720221056349317,2.5045546572550736,2025/3/3 1:45
267.75353830713595,269.81,2.056461692864048,2.056461692864048,0.7621888339436217,2025/3/3 2:00
267.60618693876575,263.33,-4.276186938765761,4.276186938765761,1.6238890133156638,2025/3/3 2:15
266.9985276633743,241.23,-25.76852766337433,25.76852766337433,10.682140556051756,2025/3/3 2:30
267.3432861749062,226.83,-40.5132861749062,40.5132861749062,17.860638440633224,2025/3/3 2:45
261.58764936777146,200.62,-60.96764936777146,60.96764936777146,30.38961687156867,2025/3/3 3:00
257.34507501439043,200.81,-56.53507501439043,56.53507501439043,28.153515768319448,2025/3/3 3:15
261.171402555962,184.62,-76.551402555962,76.551402555962,41.46430644346254,2025/3/3 3:30
262.4664969933737,181.57,-80.89649699337372,80.89649699337372,44.553889405369375,2025/3/3 3:45
253.5971239009691,177.6,-75.99712390096911,75.99712390096911,42.7911733676387,2025/3/3 4:00
257.49553886867585,159.78,-97.71553886867584,97.71553886867584,61.15630170773232,2025/3/3 4:15
260.1846495311565,167.75,-92.43464953115648,92.43464953115648,55.1026226712974,2025/3/3 4:30
260.5997325649316,154.92,-105.67973256493158,105.67973256493158,68.21568071576516,2025/3/3 4:45
256.6839076237982,185.68,-71.00390762379817,71.00390762379817,38.23993301581211,2025/3/3 5:00
255.7862664525473,214.29,-41.4962664525473,41.4962664525473,19.36453705377196,2025/3/3 5:15
252.4590464044436,198.62,-53.839046404443565,53.839046404443565,27.10655845555154,2025/3/3 5:30
255.7995242153641,187.08,-68.71952421536409,68.71952421536409,36.732694149736666,2025/3/3 5:45
252.99652506420856,201.13,-51.86652506420859,51.86652506420859,25.78756280225864,2025/3/3 6:00
247.7398631383411,210.95,-36.789863138341104,36.789863138341104,17.440086815986568,2025/3/3 6:15
241.70332016788515,214.0,-27.703320167885156,27.703320167885156,12.945476713958977,2025/3/3 6:30
237.94507590184108,215.45,-22.49507590184109,22.49507590184109,10.440972801963635,2025/3/3 6:45
238.6746668551646,255.76,17.085333144835403,17.085333144835403,6.680220966855146,2025/3/3 7:00
232.9967534365317,295.05,62.05324656346835,62.05324656346835,21.03143418520499,2025/3/3 7:15
230.56293789195388,253.67,23.107062108046108,23.107062108046108,9.109103208119604,2025/3/3 7:30
226.92752380852053,226.23,-0.6975238085205433,0.6975238085205433,0.3083250711754564,2025/3/3 7:45
227.80327369396187,206.39,-21.413273693961884,21.413273693961884,10.37515077956854,2025/3/3 8:00
224.15003949221455,200.81,-23.34003949221457,23.34003949221457,11.62294681151484,2025/3/3 8:15
219.28864281924547,199.5,-19.788642819245467,19.788642819245467,9.919119207636868,2025/3/3 8:30
222.23892820845003,193.94,-28.29892820845004,28.29892820845004,14.591589258758097,2025/3/3 8:45
219.1333694184585,196.08,-23.053369418458487,23.053369418458487,11.75712434641306,2025/3/3 9:00
213.8660899182057,158.49,-55.37608991820568,55.37608991820568,34.939800566705,2025/3/3 9:15
205.20973893436707,145.13,-60.07973893436707,60.07973893436707,41.39718799305842,2025/3/3 9:30
191.66628015115208,156.13,-35.536280151152084,35.536280151152084,22.760699513949483,2025/3/3 9:45
177.6820764311247,156.6,-21.082076431124705,21.082076431124705,13.462373199943322,2025/3/3 10:00
174.90685263721562,162.24,-12.666852637215612,12.666852637215612,7.807478203407178,2025/3/3 10:15
176.96853053025117,154.61,-22.35853053025116,22.35853053025116,14.461244764398614,2025/3/3 10:30
184.41668609605208,146.24,-38.17668609605207,38.17668609605207,26.105501980324096,2025/3/3 10:45
200.6143776702834,148.03,-52.5843776702834,52.5843776702834,35.5227843479348,2025/3/3 11:00
209.8601118266569,150.19,-59.670111826656864,59.670111826656864,39.72975020082372,2025/3/3 11:15
217.3031115539617,167.88,-49.42311155396175,49.42311155396175,29.43954702998112,2025/3/3 11:30
221.43649313890347,184.71,-36.72649313890346,36.72649313890346,19.88332691185295,2025/3/3 11:45
227.54093771344023,196.89,-30.65093771344027,30.65093771344027,15.567544168533043,2025/3/3 12:00
221.7408751589003,209.21,-12.5308751589003,12.5308751589003,5.989615773096081,2025/3/3 12:15
221.5445144474461,211.44,-10.104514447446064,10.104514447446064,4.778903919523877,2025/3/3 12:30
227.16395337551805,234.32,7.156046624481945,7.156046624481945,3.0539632231473592,2025/3/3 12:45
241.1114692680458,238.99,-2.121469268045786,2.121469268045786,0.8876811866793164,2025/3/3 13:00
241.74438986805856,262.37,20.625610131941443,20.625610131941443,7.861268487987797,2025/3/3 13:15
237.3383874278206,277.03,39.691612572179366,39.691612572179366,14.327550291363767,2025/3/3 13:30
239.7700359229802,266.24,26.4699640770198,26.4699640770198,9.942143959213436,2025/3/3 13:45
260.8060296243294,290.17,29.36397037567059,29.36397037567059,10.119574861515824,2025/3/3 14:00
248.0184111138659,305.83,57.81158888613408,57.81158888613408,18.903177872058063,2025/3/3 14:15
239.3172661046104,298.51,59.19273389538961,59.19273389538961,19.829397305071783,2025/3/3 14:30
247.701015844936,313.32,65.618984155064,65.618984155064,20.94312018225554,2025/3/3 14:45
258.94128240399743,313.63,54.68871759600256,54.68871759600256,17.437336222933116,2025/3/3 15:00
261.9697940431375,313.49,51.520205956862526,51.520205956862526,16.434401721536922,2025/3/3 15:15
260.2884465670137,293.0,32.71155343298631,32.71155343298631,11.164352707500049,2025/3/3 15:30
270.9379370162379,300.43,29.49206298376208,29.49206298376208,9.81661717663092,2025/3/3 15:45
275.53880556926083,309.46,33.92119443073915,33.92119443073915,10.961414861606732,2025/3/3 16:00
272.25672855533736,312.15,39.893271444662616,39.893271444662616,12.780160642207225,2025/3/3 16:15
263.0628719142472,323.28,60.21712808575279,60.21712808575279,18.626926529860853,2025/3/3 16:30
267.70176915127524,327.71,60.008230848724736,60.008230848724736,18.311382273567,2025/3/3 16:45
266.6260795960221,335.01,68.38392040397787,68.38392040397787,20.412501239950288,2025/3/3 17:00
271.33335373840106,336.51,65.17664626159893,65.17664626159893,19.368412903503483,2025/3/3 17:15
273.0717964675701,347.45,74.3782035324299,74.3782035324299,21.406879704247658,2025/3/3 17:30
280.0427670919539,348.77,68.72723290804606,68.72723290804606,19.705603379885414,2025/3/3 17:45
280.3952106794655,329.04,48.64478932053453,48.64478932053453,14.783852820483752,2025/3/3 18:00
278.9612438531311,303.86,24.89875614686889,24.89875614686889,8.194153934990027,2025/3/3 18:15
282.65113360717584,321.81,39.158866392824166,39.158866392824166,12.168318695134396,2025/3/3 18:30
277.1641077437306,320.9,43.73589225626938,43.73589225626938,13.629134389609147,2025/3/3 18:45
279.70921059454764,317.07,37.36078940545235,37.36078940545235,11.783136028460772,2025/3/3 19:00
276.00711643288366,314.41,38.40288356711636,38.40288356711636,12.214269128559572,2025/3/3 19:15
255.2447806563295,296.71,41.46521934367047,41.46521934367047,13.974998936219372,2025/3/3 19:30
234.669917071514,288.54,53.870082928486,53.870082928486,18.66988387345509,2025/3/3 19:45
229.43739367007592,282.78,53.34260632992405,53.34260632992405,18.863641816926656,2025/3/3 20:00
213.634396766566,293.52,79.88560323343401,79.88560323343401,27.21640884212551,2025/3/3 20:15
199.3859271463436,301.49,102.10407285365642,102.10407285365642,33.86648739713508,2025/3/3 20:30
197.20997126223125,294.7,97.49002873776874,97.49002873776874,33.08110917466429,2025/3/3 20:45
192.2286757707259,300.1,107.87132422927412,107.87132422927412,35.94512636762352,2025/3/3 21:00
186.891826291552,309.3,122.408173708448,122.408173708448,39.5758725213089,2025/3/3 21:15
198.7898218722285,309.85,111.06017812777152,111.06017812777152,35.84320739962423,2025/3/3 21:30
197.90236245874155,305.91,108.00763754125848,108.00763754125848,35.306997986735695,2025/3/3 21:45
202.85932827212923,308.8,105.94067172787078,105.94067172787078,34.307212347097305,2025/3/3 22:00
183.3727128641264,303.04,119.6672871358736,119.6672871358736,39.48894110870978,2025/3/3 22:15
195.7390631964878,310.23,114.49093680351224,114.49093680351224,36.90517899734884,2025/3/3 22:30
211.025836507062,302.66,91.634163492938,91.634163492938,30.276271556501595,2025/3/3 22:45
216.8907342913313,303.57,86.67926570866865,86.67926570866865,28.5533042489838,2025/3/3 23:00
221.8798307494432,316.87,94.9901692505568,94.9901692505568,29.97764674804393,2025/3/3 23:15
230.150241417551,334.87,104.719758582449,104.719758582449,31.27176473927725,2025/3/3 23:30
233.5864595223397,353.37,119.78354047766028,119.78354047766028,33.897484358498566,2025/3/3 23:45
249.92043657489197,351.38,101.45956342510806,101.45956342510806,28.874598276816887,2025/3/4 0:00
256.31865445501444,345.4,89.08134554498554,89.08134554498554,25.79077751735952,2025/3/4 0:15
264.5493942968214,348.65,84.10060570317859,84.10060570317859,24.121785659875083,2025/3/4 0:30
265.701691320367,337.77,72.06830867963299,72.06830867963299,21.336503739115862,2025/3/4 0:45
265.1743270776048,323.46,58.28567292239518,58.28567292239518,18.01943761898756,2025/3/4 1:00
264.5401108983799,325.31,60.769889101620095,60.769889101620095,18.680608988841847,2025/3/4 1:15
267.30579397325283,323.7,56.39420602674716,56.39420602674716,17.42175039441759,2025/3/4 1:30
269.5256795117105,332.35,62.82432048828952,62.82432048828952,18.90306017399447,2025/3/4 1:45
271.8138800461587,309.31,37.49611995384129,37.49611995384129,12.122504915401754,2025/3/4 2:00
277.43228905705564,296.71,19.27771094294434,19.27771094294434,6.497155789470474,2025/3/4 2:15
277.72724153497944,281.38,3.652758465020554,3.652758465020554,1.2981585276207463,2025/3/4 2:30
282.26132427783864,269.96,-12.30132427783866,12.30132427783866,4.5567210986198345,2025/3/4 2:45
282.37412573400945,256.51,-25.864125734009463,25.864125734009463,10.083086715527418,2025/3/4 3:00
289.7230947303848,246.12,-43.60309473038478,43.60309473038478,17.7161932107781,2025/3/4 3:15
297.13732170430933,247.76,-49.37732170430934,49.37732170430934,19.929496974608256,2025/3/4 3:30
300.9376558555037,244.8,-56.13765585550374,56.13765585550374,22.932048960572224,2025/3/4 3:45
295.12237549141827,228.15,-66.97237549141826,66.97237549141826,29.354536704531636,2025/3/4 4:00
295.2906836115828,237.45,-57.84068361158279,57.84068361158279,24.35910027860957,2025/3/4 4:15
290.7139472081194,240.51,-50.203947208119416,50.203947208119416,20.873954184066587,2025/3/4 4:30
288.861449201313,245.85,-43.01144920131301,43.01144920131301,17.494996624484653,2025/3/4 4:45
279.51674490689385,276.08,-3.436744906893864,3.436744906893864,1.24483660782839,2025/3/4 5:00
280.72682672474923,300.31,19.58317327525077,19.58317327525077,6.520986072806184,2025/3/4 5:15
281.96368933144447,313.02,31.05631066855551,31.05631066855551,9.921510021259214,2025/3/4 5:30
283.37577068627985,300.55,17.17422931372016,17.17422931372016,5.714266948499234,2025/3/4 5:45
286.18615159765835,282.9,-3.2861515976583746,3.2861515976583746,1.1615947676412914,2025/3/4 6:00
282.4007951937142,260.32,-22.08079519371421,22.08079519371421,8.482173937348543,2025/3/4 6:15
285.84449497341967,267.0,-18.84449497341967,18.84449497341967,7.057863285922328,2025/3/4 6:30
285.46026478679687,274.54,-10.92026478679685,10.92026478679685,3.977658915565262,2025/3/4 6:45
288.016207007868,252.07,-35.946207007868,35.946207007868,14.260406636193812,2025/3/4 7:00
291.8612370422003,230.71,-61.15123704220028,61.15123704220028,26.50567250755224,2025/3/4 7:15
291.2653300981908,212.03,-79.23533009819081,79.23533009819081,37.36986751787646,2025/3/4 7:30
292.73447159572925,185.09,-107.64447159572924,107.64447159572924,58.157907826285104,2025/3/4 7:45
293.5450960108226,183.34,-110.2050960108226,110.2050960108226,60.10968474460701,2025/3/4 8:00
284.934946210995,186.95,-97.98494621099502,97.98494621099502,52.412380963328495,2025/3/4 8:15
284.845854131856,178.61,-106.23585413185594,106.23585413185594,59.47923079995323,2025/3/4 8:30
285.0255638381538,170.02,-115.0055638381538,115.0055638381538,67.64237374313971,2025/3/4 8:45
284.9724645863954,179.99,-104.9824645863954,104.9824645863954,58.32683181639928,2025/3/4 9:00
281.1578494739357,191.81,-89.3478494739357,89.3478494739357,46.581434478853616,2025/3/4 9:15
279.3650966218551,204.55,-74.8150966218551,74.8150966218551,36.575456671629695,2025/3/4 9:30
275.5420380337281,228.29,-47.2520380337281,47.2520380337281,20.698251361736126,2025/3/4 9:45
277.62609433221394,244.46,-33.16609433221393,33.16609433221393,13.567084321443328,2025/3/4 10:00
272.1018713402363,244.66,-27.441871340236304,27.441871340236304,11.216329330591469,2025/3/4 10:15
278.22137237348886,247.75,-30.47137237348886,30.47137237348886,12.299242128547554,2025/3/4 10:30
276.5366602088891,258.22,-18.31666020888906,18.31666020888906,7.093432038138784,2025/3/4 10:45
281.6648285689856,274.06,-7.604828568985567,7.604828568985567,2.774877241838573,2025/3/4 11:00
281.69890333813646,277.28,-4.418903338136488,4.418903338136488,1.593661042316393,2025/3/4 11:15
287.6386674415435,281.14,-6.498667441543489,6.498667441543489,2.311541382066294,2025/3/4 11:30
295.4911998567729,299.86,4.3688001432271335,4.3688001432271335,1.4569466228325474,2025/3/4 11:45
301.14609109517266,320.85,19.70390890482736,19.70390890482736,6.1411590789531605,2025/3/4 12:00
306.08490880704164,312.5,6.415091192958357,6.415091192958357,2.0528291817460174,2025/3/4 12:15
296.9421486408966,303.79,6.847851359103402,6.847851359103402,2.2541398199747023,2025/3/4 12:30
295.7377819040025,314.98,19.242218095997544,19.242218095997544,6.109028540222057,2025/3/4 12:45
296.24760973598404,297.65,1.402390264015935,1.402390264015935,0.4711541286798131,2025/3/4 13:00
296.54775498813007,304.85,8.302245011869957,8.302245011869957,2.7233869154886774,2025/3/4 13:15
297.1399172853052,334.59,37.45008271469476,37.45008271469476,11.192827853397764,2025/3/4 13:30
286.6559911001774,330.06,43.4040088998226,43.4040088998226,13.150338998912153,2025/3/4 13:45
288.0110330408739,336.77,48.7589669591261,48.7589669591261,14.478417602254243,2025/3/4 14:00
287.858689741822,344.14,56.281310258178,56.281310258178,16.354190230185868,2025/3/4 14:15
289.74387339737297,354.26,64.51612660262703,64.51612660262703,18.211518828715864,2025/3/4 14:30
287.91134587706705,347.98,60.06865412293297,60.06865412293297,17.262099581273553,2025/3/4 14:45
280.6993836109,346.33,65.6306163891,65.6306163891,18.9503122423934,2025/3/4 15:00
286.1181002008866,343.27,57.15189979911338,57.15189979911338,16.649255629416125,2025/3/4 15:15
286.24376269753435,348.52,62.27623730246563,62.27623730246563,17.86877002824738,2025/3/4 15:30
285.2994240100613,335.35,50.05057598993875,50.05057598993875,14.92487728937642,2025/3/4 15:45
283.967114854938,327.74,43.77288514506199,43.77288514506199,13.355978868935326,2025/3/4 16:00
283.8082465821417,333.64,49.831753417858295,49.831753417858295,14.935785103058194,2025/3/4 16:15
283.865231674019,337.41,53.54476832598101,53.54476832598101,15.869348367257976,2025/3/4 16:30
279.741218083779,336.22,56.47878191622101,56.47878191622101,16.798162487717626,2025/3/4 16:45
283.23414053240145,344.47,61.23585946759857,61.23585946759857,17.776833822272124,2025/3/4 17:00
285.95375561486685,346.54,60.58624438513317,60.58624438513317,17.48318935335479,2025/3/4 17:15
288.7043805782126,337.03,48.325619421787394,48.325619421787394,14.338669976492616,2025/3/4 17:30
289.2425112351387,334.17,44.92748876486132,44.92748876486132,13.444500932114757,2025/3/4 17:45
285.5279147094835,337.2,51.67208529051646,51.67208529051646,15.32386871011303,2025/3/4 18:00
284.5947084417029,328.88,44.285291558297104,44.285291558297104,13.465486365325846,2025/3/4 18:15
288.27373072064444,331.06,42.786269279355565,42.786269279355565,12.924022618057949,2025/3/4 18:30
287.6188867791254,324.28,36.6611132208746,36.6611132208746,11.305388312835603,2025/3/4 18:45
285.6623179862197,328.72,43.05768201378032,43.05768201378032,13.098589076955228,2025/3/4 19:00
289.6655999889585,323.79,34.12440001104153,34.12440001104153,10.539053093372551,2025/3/4 19:15
288.7336391123811,302.73,13.996360887618891,13.996360887618891,4.623380863348286,2025/3/4 19:30
284.14720318599205,295.59,11.44279681400792,11.44279681400792,3.871171830577506,2025/3/4 19:45
279.55257277123553,294.94,15.387427228764466,15.387427228764466,5.217138139539991,2025/3/4 20:00
273.7028358409911,307.41,33.707164159008926,33.707164159008926,10.964888636998785,2025/3/4 20:15
263.4390404770784,306.65,43.2109595229216,43.2109595229216,14.091296110519323,2025/3/4 20:30
248.00790026865164,307.63,59.62209973134836,59.62209973134836,19.381107086867008,2025/3/4 20:45
243.93949476000927,304.04,60.100505239990696,60.100505239990696,19.767302078664297,2025/3/4 21:00
246.33153588585247,284.32,37.98846411414752,37.98846411414752,13.361164924779882,2025/3/4 21:15
248.14810617823932,279.09,30.94189382176063,30.94189382176063,11.08670816645152,2025/3/4 21:30
255.26660726216232,287.53,32.26339273783765,32.26339273783765,11.220878773632814,2025/3/4 21:45
255.44373589214544,293.77,38.32626410785454,38.32626410785454,13.04635058305528,2025/3/4 22:00
261.88725996814594,291.04,29.15274003185408,29.15274003185408,10.016746849863956,2025/3/4 22:15
268.6363367026659,292.3,23.663663297334097,23.663663297334097,8.095676803737941,2025/3/4 22:30
279.24593638689873,294.83,15.58406361310125,15.58406361310125,5.285779470574896,2025/3/4 22:45
280.3905610238919,295.28,14.889438976108067,14.889438976108067,5.0424813655185,2025/3/4 23:00
284.6643717037249,297.51,12.845628296275097,12.845628296275097,4.317713117633282,2025/3/4 23:15
292.2969414685246,306.17,13.873058531475408,13.873058531475408,4.531161946458137,2025/3/4 23:30
289.9239033442922,322.86,32.936096655707786,32.936096655707786,10.201355589325894,2025/3/4 23:45
292.6151967742633,324.18,31.56480322573668,31.56480322573668,9.736813876774306,2025/3/5 0:00
293.7597769125362,320.12,26.360223087463797,26.360223087463797,8.234481784160803,2025/3/5 0:15
297.6153649732845,320.9,23.28463502671548,23.28463502671548,7.256040831009107,2025/3/5 0:30
303.2667692875754,320.78,17.51323071242456,17.51323071242456,5.459576878988435,2025/3/5 0:45
305.9266563495995,314.25,8.323343650400489,8.323343650400489,2.6486375975808563,2025/3/5 1:00
305.6595996333016,318.01,12.350400366698407,12.350400366698407,3.883651572810455,2025/3/5 1:15
298.20818415995126,324.17,25.96181584004876,25.96181584004876,8.008704025678117,2025/3/5 1:30
293.2102525708085,320.65,27.43974742919147,27.43974742919147,8.557538571396513,2025/3/5 1:45
293.2905732169744,314.24,20.94942678302561,20.94942678302561,6.666696404983117,2025/3/5 2:00
293.6068805922976,315.07,21.46311940770244,21.46311940770244,6.812174884214818,2025/3/5 2:15
288.2083582036911,309.07,20.861641796308906,20.861641796308906,6.749811303685946,2025/3/5 2:30
287.6390225522043,298.83,11.19097744779566,11.19097744779566,3.744931047013994,2025/3/5 2:45
286.19296682199933,296.17,9.97703317800068,9.97703317800068,3.36868459938458,2025/3/5 3:00
287.29463163325454,292.04,4.745368366745481,4.745368366745481,1.6249035634652294,2025/3/5 3:15
285.9414757993783,292.35,6.408524200621741,6.408524200621741,2.19207258444315,2025/3/5 3:30
286.4313196827085,293.53,7.098680317291496,7.098680317291496,2.4183832375869856,2025/3/5 3:45
286.50856372686394,282.94,-3.5685637268639425,3.5685637268639425,1.2612439834815443,2025/3/5 4:00
289.5049854511236,273.09,-16.414985451123584,16.414985451123584,6.01083359006832,2025/3/5 4:15
293.7546549093436,269.76,-23.99465490934364,23.99465490934364,8.894815728549357,2025/3/5 4:30
291.0052732709001,268.78,-22.22527327090012,22.22527327090012,8.268946078909089,2025/3/5 4:45
293.641924913915,255.36,-38.28192491391496,38.28192491391496,14.99135530776158,2025/3/5 5:00
291.8164802014757,241.86,-49.9564802014757,49.9564802014757,20.655122881607145,2025/3/5 5:15
286.26857705112377,235.1,-51.168577051123776,51.168577051123776,21.764601042578484,2025/3/5 5:30
286.26857705112377,219.33,-66.93857705112376,66.93857705112376,30.51957190128721,2025/3/5 5:45
286.26857705112377,210.84,-75.42857705112377,75.42857705112377,35.77526894853349,2025/3/5 6:00
287.6872311093487,210.74,-76.9472311093487,76.9472311093487,36.51287420960055,2025/3/5 6:15
290.0292471600124,211.16,-78.8692471600124,78.8692471600124,37.35046749383172,2025/3/5 6:30
288.66173336510445,206.73,-81.93173336510446,81.93173336510446,39.63224174772159,2025/3/5 6:45
290.03586084240163,202.43,-87.60586084240163,87.60586084240163,43.27711349224836,2025/3/5 7:00
291.72290756401827,212.64,-79.08290756401829,79.08290756401829,37.1909836173726,2025/3/5 7:15
290.2128031180655,227.72,-62.492803118065495,62.492803118065495,27.44282589058408,2025/3/5 7:30
292.0423771580855,236.39,-55.65237715808553,55.65237715808553,23.542610583384235,2025/3/5 7:45
283.6828395117789,227.31,-56.37283951177892,56.37283951177892,24.79998218809297,2025/3/5 8:00
277.6028377325355,213.8,-63.802837732535465,63.802837732535465,29.842300155521805,2025/3/5 8:15
277.2628052706302,196.35,-80.91280527063023,80.91280527063023,41.20845697508991,2025/3/5 8:30
275.6212666116785,180.94,-94.6812666116785,94.6812666116785,52.32743816272034,2025/3/5 8:45
276.3584913616621,165.48,-110.87849136166211,110.87849136166211,67.00416446796902,2025/3/5 9:00
274.5494330260952,148.83,-125.71943302609512,125.71943302609512,84.47183566889112,2025/3/5 9:15
273.2594299144556,158.07,-115.18942991445562,115.18942991445562,72.87241722931786,2025/3/5 9:30
269.2346800429822,179.26,-89.97468004298219,89.97468004298219,50.19227939469597,2025/3/5 9:45
260.9853560087308,196.36,-64.62535600873076,64.62535600873076,32.911670405733275,2025/3/5 10:00
264.399691356779,219.6,-44.79969135677899,44.79969135677899,20.400588049525773,2025/3/5 10:15
268.1598357530681,232.82,-35.33983575306809,35.33983575306809,15.17903777727554,2025/3/5 10:30
268.82440903979324,247.4,-21.424409039793236,21.424409039793236,8.659825804278324,2025/3/5 10:45
264.781228338569,264.1,-0.6812283385689852,0.6812283385689852,0.2579433315292416,2025/3/5 11:00
266.1733863864873,242.29,-23.88338638648733,23.88338638648733,9.857355394971924,2025/3/5 11:15
263.0832132392148,255.21,-7.873213239214778,7.873213239214778,3.084994020301592,2025/3/5 11:30
264.81662123604883,248.17,-16.646621236048844,16.646621236048844,6.707749218697723,2025/3/5 11:45
271.25217577683844,259.04,-12.21217577683842,12.21217577683842,4.714397690253901,2025/3/5 12:00
272.6838579353648,264.08,-8.603857935364829,8.603857935364829,3.258049808906987,2025/3/5 12:15
276.8217943614044,261.48,-15.341794361404313,15.341794361404313,5.867291709269712,2025/3/5 12:30
276.74322127574254,262.86,-13.883221275742528,13.883221275742528,5.281602859216787,2025/3/5 12:45
274.9464970050501,259.68,-15.266497005050098,15.266497005050098,5.878965266883942,2025/3/5 13:00
274.28977214531056,254.44,-19.849772145310567,19.849772145310567,7.801356762027497,2025/3/5 13:15
274.81395291143093,272.95,-1.8639529114309423,1.8639529114309423,0.6828917059645575,2025/3/5 13:30
278.2342131629463,289.12,10.885786837053727,10.885786837053727,3.765144866162826,2025/3/5 13:45
289.6868758272715,282.08,-7.6068758272714945,7.6068758272714945,2.6967086738757797,2025/3/5 14:00
291.2301643197592,273.81,-17.42016431975918,17.42016431975918,6.362135904369022,2025/3/5 14:15
290.8253790883106,265.77,-25.055379088310644,25.055379088310644,9.427467015954104,2025/3/5 14:30
285.1407536470865,270.54,-14.600753647086492,14.600753647086492,5.396892750455051,2025/3/5 14:45
293.95439732182194,260.67,-33.28439732182193,33.28439732182193,12.768787095488229,2025/3/5 15:00
289.38172751667463,277.0,-12.38172751667463,12.38172751667463,4.469937731649877,2025/3/5 15:15
295.3954941859566,251.33,-44.06549418595657,44.06549418595657,17.53292252653445,2025/3/5 15:30
292.12380412018217,269.41,-22.713804120182147,22.713804120182147,8.430943216723104,2025/3/5 15:45
298.3343449715155,262.34,-35.994344971515545,35.994344971515545,13.72049438572152,2025/3/5 16:00
293.7215774927837,258.3,-35.42157749278368,35.42157749278368,13.713347848536577,2025/3/5 16:15
294.70054839130324,263.91,-30.79054839130322,30.79054839130322,11.667063920007408,2025/3/5 16:30
295.36684148590325,281.25,-14.116841485903253,14.116841485903253,5.0193214172082605,2025/3/5 16:45
300.9506270973304,275.14,-25.810627097330386,25.810627097330386,9.380906846449443,2025/3/5 17:00
295.4149616260241,278.99,-16.42496162602407,16.42496162602407,5.887294034201291,2025/3/5 17:15
294.9664858640536,276.15,-18.816485864053615,18.816485864053615,6.813864155005181,2025/3/5 17:30
293.37040937458454,284.14,-9.230409374584552,9.230409374584552,3.2485427516651315,2025/3/5 17:45
292.5445325761831,267.92,-24.62453257618307,24.62453257618307,9.191002006634024,2025/3/5 18:00
278.9204388002186,268.04,-10.8804388002186,10.8804388002186,4.059259364354029,2025/3/5 18:15
272.8108309149493,268.7,-4.110830914949304,4.110830914949304,1.529896135075465,2025/3/5 18:30
267.6197751697651,255.44,-12.179775169765094,12.179775169765094,4.768155014782464,2025/3/5 18:45
259.3251239487538,230.17,-29.15512394875381,29.15512394875381,12.666778445818808,2025/3/5 19:00
240.0574067965545,202.65,-37.40740679655448,37.40740679655448,18.459120057506052,2025/3/5 19:15
231.5139038232705,182.2,-49.31390382327055,49.31390382327055,27.065808904085344,2025/3/5 19:30
224.9342418848041,152.55,-72.38424188480408,72.38424188480408,47.44951942625804,2025/3/5 19:45
219.5294628664698,157.67,-61.85946286646981,61.85946286646981,39.233502166823484,2025/3/5 20:00
208.326670611788,167.62,-40.70667061178799,40.70667061178799,24.28509164286105,2025/3/5 20:15
205.7617369747005,176.24,-29.521736974700502,29.521736974700502,16.75087209185415,2025/3/5 20:30
209.48002158940463,173.43,-36.05002158940465,36.05002158940465,20.78649690906064,2025/3/5 20:45
207.4325296495688,187.85,-19.582529649568784,19.582529649568784,10.424556640701816,2025/3/5 21:00
206.17382633181012,185.69,-20.48382633181015,20.48382633181015,11.031195181107826,2025/3/5 21:15
190.72155267207629,179.71,-11.011552672076276,11.011552672076276,6.12740118639483,2025/3/5 21:30
190.6549235384052,179.36,-11.294923538405158,11.294923538405158,6.297348092327643,2025/3/5 21:45
189.82049541648863,173.94,-15.880495416488628,15.880495416488628,9.12986973466684,2025/3/5 22:00
189.3801962247051,172.48,-16.9001962247051,16.9001962247051,9.798351243445792,2025/3/5 22:15
192.9828655083456,165.28,-27.70286550834558,27.70286550834558,16.761172258185397,2025/3/5 22:30
189.80806682244895,157.97,-31.83806682244898,31.83806682244898,20.15450200824766,2025/3/5 22:45
191.07120473484187,149.86,-41.21120473484186,41.21120473484186,27.499802972650716,2025/3/5 23:00
189.36124931105317,135.71,-53.651249311053135,53.651249311053135,39.53374792647086,2025/3/5 23:15
170.00302806063394,134.33,-35.673028060633925,35.673028060633925,26.5562629796824,2025/3/5 23:30
179.039251211665,127.84,-51.199251211665,51.199251211665,40.04947685515093,2025/3/5 23:45
171.5952805829831,150.55,-21.04528058298305,21.04528058298305,13.978930975070792,2025/3/6 0:00
168.1513877124584,164.63,-3.521387712458392,3.521387712458392,2.138970851276349,2025/3/6 0:15
150.7389884223882,163.91,13.171011577611807,13.171011577611807,8.035514353977044,2025/3/6 0:30
143.1816206907868,132.49,-10.691620690786806,10.691620690786806,8.069756729397492,2025/3/6 0:45
137.16163810605022,81.59,-55.571638106050216,55.571638106050216,68.11084459612955,2025/3/6 1:00
129.14782720114349,68.67,-60.47782720114349,60.47782720114349,88.07023037870309,2025/3/6 1:15
120.92477794044456,82.24,-38.684777940444576,38.684777940444576,47.03888368239,2025/3/6 1:30
122.0505630030137,108.52,-13.530563003013713,13.530563003013713,12.4682666817188,2025/3/6 1:45
128.6708055867795,125.65,-3.0208055867794883,3.0208055867794883,2.4041429262053997,2025/3/6 2:00
117.70787322628324,144.04,26.332126773716737,26.332126773716737,18.28112105921859,2025/3/6 2:15
116.10961399277228,146.43,30.320386007227725,30.320386007227725,20.706403064404167,2025/3/6 2:30
113.355403669977,149.22,35.86459633002299,35.86459633002299,24.03471138587251,2025/3/6 2:45
119.9250645435641,153.54,33.61493545643589,33.61493545643589,21.89327566524293,2025/3/6 3:00
122.22956721865422,164.92,42.69043278134576,42.69043278134576,25.88554012934749,2025/3/6 3:15
115.76365734788868,165.42,49.65634265211132,49.65634265211132,30.018342795358063,2025/3/6 3:30
118.85452947194872,169.61,50.75547052805129,50.75547052805129,29.92481016922432,2025/3/6 3:45
118.84153679021009,163.87,45.02846320978992,45.02846320978992,27.47816147541493,2025/3/6 4:00
123.42399998121616,172.29,48.86600001878382,48.86600001878382,28.362644389549867,2025/3/6 4:15
122.18770626001616,175.94,53.75229373998384,53.75229373998384,30.551491269724508,2025/3/6 4:30
128.3578545205666,163.24,34.882145479433404,34.882145479433404,21.36862624320757,2025/3/6 4:45
132.93359737032944,160.06,27.126402629670565,27.126402629670565,16.947646276179945,2025/3/6 5:00
130.62981411689375,164.92,34.29018588310623,34.29018588310623,20.792011813658405,2025/3/6 5:15
129.445248725614,170.34,40.89475127438601,40.89475127438601,24.00772060253728,2025/3/6 5:30
128.87579408670024,173.05,44.17420591329977,44.17420591329977,25.52684537028272,2025/3/6 5:45
128.83268846082615,177.09,48.257311539173855,48.257311539173855,27.25016180425016,2025/3/6 6:00
129.66759432551606,183.67,54.00240567448392,54.00240567448392,29.401865124655373,2025/3/6 6:15
124.6317518435148,184.64,60.00824815648518,60.00824815648518,32.50013440015852,2025/3/6 6:30
123.2246751317816,181.15,57.9253248682184,57.9253248682184,31.97644210222822,2025/3/6 6:45
123.78830194252252,203.32,79.53169805747748,79.53169805747748,39.11651488168325,2025/3/6 7:00
119.06610267636518,213.28,94.21389732363482,94.21389732363482,44.17380782238872,2025/3/6 7:15
115.79565578389744,217.37,101.57434421610256,101.57434421610256,46.72877775960613,2025/3/6 7:30
120.47120847391528,228.68,108.20879152608472,108.20879152608472,47.31886982947236,2025/3/6 7:45
124.714196556461,228.18,103.46580344353902,103.46580344353902,45.34394050464268,2025/3/6 8:00
123.62769006323376,220.95,97.32230993676625,97.32230993676625,44.047209747328445,2025/3/6 8:15
129.22797340272146,214.92,85.69202659727853,85.69202659727853,39.87159249824989,2025/3/6 8:30
127.48378017756173,208.79,81.30621982243828,81.30621982243828,38.941625471717686,2025/3/6 8:45
123.87460202652942,196.74,72.86539797347059,72.86539797347059,37.03639217923836,2025/3/6 9:00
131.11173680958998,193.64,62.52826319041,62.52826319041,32.29098491550182,2025/3/6 9:15
130.27169873681922,183.56,53.288301263180784,53.288301263180784,29.030453945931445,2025/3/6 9:30
134.39522037933847,173.46,39.06477962066154,39.06477962066154,22.52091526613572,2025/3/6 9:45
131.53015734570607,179.85,48.31984265429392,48.31984265429392,26.86674598513598,2025/3/6 10:00
132.37828086330256,183.05,50.67171913669745,50.67171913669745,27.681900648276297,2025/3/6 10:15
135.65671891616745,183.47,47.81328108383255,47.81328108383255,26.060544548867117,2025/3/6 10:30
137.14705384013925,195.14,57.992946159860736,57.992946159860736,29.718635933089587,2025/3/6 10:45
140.42297970134712,185.36,44.9370202986529,44.9370202986529,24.24310546969608,2025/3/6 11:00
138.99334079831152,192.43,53.436659201688485,53.436659201688485,27.769401445544204,2025/3/6 11:15
140.95512882831403,189.49,48.53487117168598,48.53487117168598,25.613420851580752,2025/3/6 11:30
144.58239892887755,192.34,47.75760107112245,47.75760107112245,24.82978115373694,2025/3/6 11:45
142.5372615179035,200.11,57.572738482096526,57.572738482096526,28.770545441041307,2025/3/6 12:00
137.21413721662609,199.15,61.93586278337392,61.93586278337392,31.10010684576592,2025/3/6 12:15
134.97049499309009,214.71,79.73950500690992,79.73950500690992,37.13823529731861,2025/3/6 12:30
128.55471642673916,190.43,61.875283573260845,61.875283573260845,32.4924032837412,2025/3/6 12:45
126.62342844281532,171.06,44.43657155718468,44.43657155718468,25.97718435470519,2025/3/6 13:00
116.87947139336076,170.53,53.65052860663923,53.65052860663923,31.46105002439909,2025/3/6 13:15
109.7090654417904,162.04,52.330934558209606,52.330934558209606,32.29507193173125,2025/3/6 13:30
114.1399908211292,158.45,44.3100091788708,44.3100091788708,27.964663413595986,2025/3/6 13:45
111.32755665050314,150.87,39.542443349496864,39.542443349496864,26.209613143415293,2025/3/6 14:00
106.28169061182966,146.53,40.24830938817034,40.24830938817034,27.467623959696223,2025/3/6 14:15
108.75312278984832,133.32,24.566877210151677,24.566877210151677,18.427000607660705,2025/3/6 14:30
105.36711747006022,129.41,24.04288252993977,24.04288252993977,18.578844393726296,2025/3/6 14:45
102.02928763139565,124.23,22.20071236860436,22.20071236860436,17.87065311807654,2025/3/6 15:00
100.71849519687414,127.14,26.421504803125856,26.421504803125856,20.78142583223617,2025/3/6 15:15
98.10010355667356,123.56,25.459896443326457,25.459896443326457,20.605290096557017,2025/3/6 15:30
95.20874191868045,115.3,20.09125808131957,20.09125808131957,17.42520215204002,2025/3/6 15:45
86.5453864103397,111.4,24.854613589660303,24.854613589660303,22.311143258202865,2025/3/6 16:00
85.67636382825758,104.3,18.62363617174242,18.62363617174242,17.85583525572825,2025/3/6 16:15
82.64141899591263,113.35,30.708581004087364,30.708581004087364,27.09182267671837,2025/3/6 16:30
77.47954219256941,128.23,50.75045780743058,50.75045780743058,39.5776790200351,2025/3/6 16:45
76.86206907891537,130.05,53.18793092108464,53.18793092108464,40.89806299195982,2025/3/6 17:00
78.28412308831932,115.72,37.43587691168068,37.43587691168068,32.35039484241992,2025/3/6 17:15
92.35251218334668,116.32,23.96748781665332,23.96748781665332,20.604786637407766,2025/3/6 17:30
96.88365214836332,117.2,20.31634785163668,20.31634785163668,17.33476779148408,2025/3/6 17:45
107.82912510379576,115.3,7.470874896204236,7.470874896204236,6.479509883952956,2025/3/6 18:00
121.59108169543074,121.69,0.0989183045692527,0.0989183045692527,0.0812871267722668,2025/3/6 18:15
111.64462686643778,111.11,-0.534626866437776,0.534626866437776,0.4811689914834802,2025/3/6 18:30
110.81621518954012,100.38,-10.436215189540135,10.436215189540135,10.396707700268715,2025/3/6 18:45
108.18815668413647,99.66,-8.528156684136476,8.528156684136476,8.55725133867943,2025/3/6 19:00
111.70511071708788,90.98,-20.725110717087876,20.725110717087876,22.77985350303923,2025/3/6 19:15
123.48907873471028,80.84,-42.64907873471027,42.64907873471027,52.757395762812365,2025/3/6 19:30
126.5346653020202,83.94,-42.5946653020202,42.5946653020202,50.74418072667317,2025/3/6 19:45
124.08417122933596,97.01,-27.07417122933596,27.07417122933596,27.908639551910163,2025/3/6 20:00
126.6443503659832,94.34,-32.30435036598321,32.30435036598321,34.24247441800824,2025/3/6 20:15
124.792203670561,86.44,-38.35220367056101,38.35220367056101,44.36858360772402,2025/3/6 20:30
118.33386228993702,80.83,-37.50386228993702,37.50386228993702,46.39844400580307,2025/3/6 20:45
111.308245898417,87.72,-23.58824589841701,23.58824589841701,26.89038520108313,2025/3/6 21:00
112.35047519874315,96.91,-15.440475198743158,15.440475198743158,15.932798677873516,2025/3/6 21:15
126.33754498927404,94.89,-31.44754498927404,31.44754498927404,33.141052786638106,2025/3/6 21:30
132.19442013334492,93.75,-38.44442013334492,38.44442013334492,41.00738147552418,2025/3/6 21:45
124.97202125038658,91.6,-33.37202125038658,33.37202125038658,36.43233760955257,2025/3/6 22:00
120.11395615330892,102.51,-17.60395615330893,17.60395615330893,17.172915962629748,2025/3/6 22:15
124.61272000250696,104.87,-19.74272000250696,19.74272000250696,18.82589873413572,2025/3/6 22:30
122.96036650725988,109.56,-13.400366507259877,13.400366507259877,12.231075672916798,2025/3/6 22:45
127.69103722192756,102.74,-24.951037221927564,24.951037221927564,24.28561146768861,2025/3/6 23:00
119.76054746888153,99.89,-19.87054746888153,19.87054746888153,19.89242914091664,2025/3/6 23:15
119.11364637204802,105.56,-13.55364637204802,13.55364637204802,12.839755941677891,2025/3/6 23:30
100.85310183434596,116.66,15.806898165654047,15.806898165654047,13.54954411592705,2025/3/6 23:45
99.97285483050555,109.84,9.867145169494435,9.867145169494435,8.983198442721642,2025/3/7 0:00
96.24817795618094,99.2,2.951822043819064,2.951822043819064,2.975627060298476,2025/3/7 0:15
92.73243088175089,104.04,11.30756911824912,11.30756911824912,10.86848242814134,2025/3/7 0:30
86.44221629138036,95.94,9.497783708619636,9.497783708619636,9.899712016478777,2025/3/7 0:45
92.27819224172372,104.86,12.58180775827627,12.58180775827627,11.998672285203387,2025/3/7 1:00
102.13277560707904,109.64,7.507224392920946,7.507224392920946,6.847158329910707,2025/3/7 1:15
100.4645656258198,102.56,2.0954343741802006,2.0954343741802006,2.0431302400333045,2025/3/7 1:30
97.9484452558653,78.97,-18.978445255865296,18.978445255865296,24.03247468132362,2025/3/7 1:45
100.0480159192788,85.41,-14.6380159192788,14.6380159192788,17.13852701002419,2025/3/7 2:00
99.31948771852002,87.11,-12.209487718520023,12.209487718520023,14.016172332115724,2025/3/7 2:15
102.25076879212384,95.07,-7.180768792123857,7.180768792123857,7.553138521212059,2025/3/7 2:30
99.87955179769187,104.18,4.300448202308132,4.300448202308132,4.12790190276829,2025/3/7 2:45
96.4708676599998,103.16,6.689132340000185,6.689132340000185,6.484230651409171,2025/3/7 3:00
99.01075721744247,93.11,-5.900757217442475,5.900757217442475,6.337404379160281,2025/3/7 3:15
103.08024205628536,99.56,-3.5202420562853547,3.5202420562853547,3.535799574409219,2025/3/7 3:30
102.28736552009704,86.54,-15.747365520097048,15.747365520097048,18.19663221640727,2025/3/7 3:45
97.94173845403525,87.94,-10.001738454035234,10.001738454035234,11.373366447605026,2025/3/7 4:00
101.8651656315916,94.03,-7.835165631591607,7.835165631591607,8.3326232389485,2025/3/7 4:15
102.5608105987364,100.87,-1.6908105987364053,1.6908105987364053,1.6762274201791705,2025/3/7 4:30
105.5138317540482,99.08,-6.433831754048214,6.433831754048214,6.493572622165644,2025/3/7 4:45
110.58735041446842,97.63,-12.957350414468422,12.957350414468422,13.271894309592492,2025/3/7 5:00
107.06268958187174,97.26,-9.802689581871732,9.802689581871732,10.078850073886132,2025/3/7 5:15
110.60336573788864,95.53,-15.07336573788865,15.07336573788865,15.778672393879276,2025/3/7 5:30
115.99255662553034,94.95,-21.042556625530334,21.042556625530334,22.16172367088802,2025/3/7 5:45
120.71639071791792,87.11,-33.60639071791793,33.60639071791793,38.57925693706733,2025/3/7 6:00
119.67670305147831,85.15,-34.52670305147832,34.52670305147832,40.54809518665622,2025/3/7 6:15
116.92625731943052,86.26,-30.666257319430528,30.666257319430528,35.55095909969276,2025/3/7 6:30
117.63802898581427,91.27,-26.36802898581429,26.36802898581429,28.89013803635959,2025/3/7 6:45
117.37342247674869,87.69,-29.68342247674869,29.68342247674869,33.850407659613225,2025/3/7 7:00
117.85701847614048,78.13,-39.72701847614047,39.72701847614047,50.84732942031182,2025/3/7 7:15
114.00359613789593,69.28,-44.72359613789591,44.72359613789591,64.55484430980276,2025/3/7 7:30
116.287051154781,66.55,-49.737051154781,49.737051154781,74.73636537145944,2025/3/7 7:45
115.95690625362585,62.84,-53.11690625362584,53.11690625362584,84.52722191842985,2025/3/7 8:00
114.62051541591596,62.52,-52.10051541591596,52.10051541591596,83.33415773485704,2025/3/7 8:15
113.43994017300078,60.5,-52.93994017300078,52.93994017300078,87.5040333436583,2025/3/7 8:30
103.57587582091476,61.09,-42.48587582091476,42.48587582091476,69.54636736101688,2025/3/7 8:45
101.23925745455394,60.73,-40.50925745455394,40.50925745455394,66.70386539517081,2025/3/7 9:00
93.13388236126696,53.49,-39.64388236126697,39.64388236126697,74.11456788407712,2025/3/7 9:15
92.19379533726502,48.42,-43.77379533726501,43.77379533726501,90.40436872609378,2025/3/7 9:30
85.76253153382814,32.76,-53.00253153382814,53.00253153382814,161.79038929690583,2025/3/7 9:45
79.85800190366835,25.64,-54.21800190366835,54.21800190366835,211.4586657701127,2025/3/7 10:00
73.33758357724031,24.33,-49.00758357724031,49.00758357724031,201.42862136062016,2025/3/7 10:15
69.50185488029507,23.02,-46.481854880295074,46.481854880295074,201.91943909684255,2025/3/7 10:30
63.14523982636243,23.31,-39.835239826362425,39.835239826362425,170.89334974771143,2025/3/7 10:45
53.226394378470765,22.15,-31.076394378470766,31.076394378470766,140.29974888636784,2025/3/7 11:00
43.21011586026334,17.24,-25.970115860263345,25.970115860263345,150.63872308650065,2025/3/7 11:15
28.914321094824004,14.06,-14.854321094824003,14.854321094824003,105.6495099197607,2025/3/7 11:30
24.72847235735941,10.4,-14.328472357359413,14.328472357359413,137.77377266559265,2025/3/7 11:45
23.034816737311157,8.79,-14.244816737311154,14.244816737311154,162.0570732326405,2025/3/7 12:00
23.39648166271472,7.32,-16.07648166271472,16.07648166271472,219.62406642752865,2025/3/7 12:15
19.70362384675097,7.38,-12.32362384675097,12.32362384675097,166.98677298894287,2025/3/7 12:30
18.689923673185884,7.74,-10.949923673185884,10.949923673185884,141.47188208067715,2025/3/7 12:45
16.15758055660937,7.15,-9.007580556609373,9.007580556609373,125.98014764312435,2025/3/7 13:00
13.06738098918664,7.7,-5.36738098918664,5.36738098918664,69.70624661190823,2025/3/7 13:15
9.935766702178292,2.32,-7.615766702178291,7.615766702178291,328.26580611422526,2025/3/7 13:30
20.04694884799012,0.12,-19.92694884799012,19.92694884799012,16605.790692820276,2025/3/7 13:45
28.207790883339023,0.0,-28.207790883339023,28.207790883339023,28207790883339.027,2025/3/7 14:00
37.665223563317525,0.0,-37.665223563317525,37.665223563317525,37665223563317.52,2025/3/7 14:15
47.17501433883931,0.0,-47.17501433883931,47.17501433883931,47175014338839.305,2025/3/7 14:30
60.60566285892464,0.0,-60.60566285892464,60.60566285892464,60605662858924.63,2025/3/7 14:45
74.53431970797322,0.0,-74.53431970797322,74.53431970797322,74534319707973.22,2025/3/7 15:00
71.45343843694978,0.0,-71.45343843694978,71.45343843694978,71453438436949.78,2025/3/7 15:15
83.65946207162442,0.0,-83.65946207162442,83.65946207162442,83659462071624.4,2025/3/7 15:30
92.9557257759185,0.0,-92.9557257759185,92.9557257759185,92955725775918.5,2025/3/7 15:45
93.60112057889714,0.0,-93.60112057889714,93.60112057889714,93601120578897.12,2025/3/7 16:00
103.35716810511369,0.53,-102.82716810511369,102.82716810511369,19401.35246900233,2025/3/7 16:15
111.5891555708505,2.46,-109.1291555708505,109.1291555708505,4436.144535220096,2025/3/7 16:30
114.94538617627543,3.21,-111.73538617627544,111.73538617627544,3480.853151800455,2025/3/7 16:45
110.9089270914138,4.35,-106.5589270914138,106.5589270914138,2449.63050779228,2025/3/7 17:00
127.56644304839332,7.22,-120.34644304839333,120.34644304839333,1666.848241644411,2025/3/7 17:15
130.15077057480568,8.98,-121.17077057480569,121.17077057480569,1349.340429548511,2025/3/7 17:30
136.53907650948207,14.5,-122.03907650948209,122.03907650948209,841.6488035078651,2025/3/7 17:45
154.62296600916903,24.1,-130.52296600916904,130.52296600916904,541.5890705752176,2025/3/7 18:00
146.65184418630153,28.93,-117.72184418630152,117.72184418630152,406.9196135011912,2025/3/7 18:15
153.95701324921333,35.6,-118.35701324921334,118.35701324921334,332.4635203620249,2025/3/7 18:30
145.0269627603267,40.42,-104.60696276032672,104.60696276032672,258.8000068284708,2025/3/7 18:45
142.8543953925725,40.64,-102.21439539257253,102.21439539257253,251.51179968582923,2025/3/7 19:00
138.81083661573106,46.02,-92.79083661573104,92.79083661573104,201.6315441450009,2025/3/7 19:15
135.93673478429378,47.59,-88.34673478429377,88.34673478429377,185.6413842910446,2025/3/7 19:30
137.60423222715417,49.48,-88.12423222715418,88.12423222715418,178.10071185726775,2025/3/7 19:45
147.80206973949237,49.75,-98.05206973949235,98.05206973949235,197.0895874156689,2025/3/7 20:00
147.16466359780048,58.81,-88.35466359780048,88.35466359780048,150.23748273703492,2025/3/7 20:15
158.44334406908763,65.44,-93.00334406908765,93.00334406908765,142.12002455523458,2025/3/7 20:30
162.13366712388236,57.91,-104.22366712388236,104.22366712388236,179.97524973873664,2025/3/7 20:45
164.1974343007772,51.13,-113.0674343007772,113.0674343007772,221.1371685909565,2025/3/7 21:00
164.27817309624763,42.23,-122.04817309624764,122.04817309624764,289.0082242385949,2025/3/7 21:15
172.4290651566203,43.64,-128.78906515662032,128.78906515662032,295.1170145653648,2025/3/7 21:30
171.96265015551924,48.06,-123.90265015551924,123.90265015551924,257.8082608307562,2025/3/7 21:45
178.99378566411616,46.78,-132.21378566411616,132.21378566411616,282.6288705939152,2025/3/7 22:00
193.0848741911457,51.46,-141.6248741911457,141.6248741911457,275.213513779383,2025/3/7 22:15
181.86083900461205,50.91,-130.95083900461205,130.95083900461205,257.2202691108914,2025/3/7 22:30
190.5780815674925,44.39,-146.18808156749253,146.18808156749253,329.3266086216788,2025/3/7 22:45
183.0026210849004,39.33,-143.67262108490036,143.67262108490036,365.3003332940124,2025/3/7 23:00
172.26967888838843,33.55,-138.71967888838844,138.71967888838844,413.47147209530544,2025/3/7 23:15
175.04834137591843,25.38,-149.66834137591846,149.66834137591846,589.7097768925482,2025/3/7 23:30
168.41062889201794,25.75,-142.66062889201794,142.66062889201794,554.0218597726755,2025/3/7 23:45
155.15395785525715,22.73,-132.42395785525716,132.42395785525716,582.5955031001961,2025/3/8 0:00
150.08122430183158,11.46,-138.62122430183155,138.62122430183155,1209.609287090942,2025/3/8 0:15
146.37583962130216,19.16,-127.21583962130217,127.21583962130217,663.9657600242078,2025/3/8 0:30
140.17415164733887,19.54,-120.63415164733888,120.63415164733888,617.3702745482166,2025/3/8 0:45
132.97713823239005,20.81,-112.16713823239004,112.16713823239004,539.0059501770834,2025/3/8 1:00
134.1738027536687,22.75,-111.4238027536687,111.4238027536687,489.7749571568305,2025/3/8 1:15
131.36578859543323,22.0,-109.36578859543324,109.36578859543324,497.11722088607326,2025/3/8 1:30
124.9132779193143,18.37,-106.54327791931428,106.54327791931428,579.985181920165,2025/3/8 1:45
136.76326778829076,19.62,-117.14326778829076,117.14326778829076,597.0604882145449,2025/3/8 2:00
123.02422308575356,22.19,-100.83422308575356,100.83422308575356,454.4129025926055,2025/3/8 2:15
123.14142206994488,21.75,-101.39142206994488,101.39142206994488,466.1674577907068,2025/3/8 2:30
124.90814464796784,19.81,-105.09814464796784,105.09814464796784,530.5307655095271,2025/3/8 2:45
118.04966247758163,23.65,-94.39966247758164,94.39966247758164,399.1529068802643,2025/3/8 3:00
105.82697062457248,24.83,-80.99697062457247,80.99697062457247,326.20608386728264,2025/3/8 3:15
103.77427790182294,21.0,-82.77427790182294,82.77427790182294,394.1632281020418,2025/3/8 3:30
95.60060117410173,21.9,-73.7006011741017,73.7006011741017,336.5324254509826,2025/3/8 3:45
83.29922574923803,21.1,-62.19922574923803,62.19922574923803,294.783060421532,2025/3/8 4:00
76.58281040413178,19.52,-57.06281040413178,57.06281040413178,292.3299713311448,2025/3/8 4:15
70.59958539615845,17.54,-53.05958539615845,53.05958539615845,302.5061881177648,2025/3/8 4:30
63.95939425728354,22.41,-41.54939425728354,41.54939425728354,185.40559686344548,2025/3/8 4:45
60.09640069064624,23.94,-36.15640069064624,36.15640069064624,151.02924265035594,2025/3/8 5:00
55.423887508646594,29.27,-26.153887508646594,26.153887508646594,89.3539033432089,2025/3/8 5:15
52.626138783277405,52.67,0.0438612167225969,0.0438612167225969,0.0832755206427067,2025/3/8 5:30
50.64240585278183,55.38,4.737594147218175,4.737594147218175,8.554702324322173,2025/3/8 5:45
49.38250624173056,46.75,-2.63250624173056,2.63250624173056,5.63102939406402,2025/3/8 6:00
51.394809724738906,48.99,-2.404809724738904,2.404809724738904,4.908776739608073,2025/3/8 6:15
43.32765400880506,59.16,15.832345991194934,15.832345991194934,26.761910059445864,2025/3/8 6:30
44.0381176467581,64.68,20.641882353241904,20.641882353241904,31.91385645208718,2025/3/8 6:45
42.03236177612837,56.48,14.447638223871628,14.447638223871628,25.580096005393145,2025/3/8 7:00
42.46958943312943,58.4,15.93041056687057,15.93041056687057,27.27810028569057,2025/3/8 7:15
44.36163292014928,57.95,13.58836707985072,13.58836707985072,23.44843326976233,2025/3/8 7:30
46.17610942149721,59.61,13.43389057850279,13.43389057850279,22.536303604227907,2025/3/8 7:45
45.13140906033003,62.94,17.80859093966997,17.80859093966997,28.294551858343937,2025/3/8 8:00
43.24004288273071,66.42,23.179957117269296,23.179957117269296,34.899062206013845,2025/3/8 8:15
46.521619154337245,65.94,19.418380845662757,19.418380845662757,29.448560578758425,2025/3/8 8:30
44.58434437913523,64.19,19.605655620864766,19.605655620864766,30.543161895675684,2025/3/8 8:45
44.47561823467745,68.38,23.904381765322547,23.904381765322547,34.958148238209404,2025/3/8 9:00
44.30369652244263,54.37,10.06630347755737,10.06630347755737,18.514444505313325,2025/3/8 9:15
48.01025849365583,41.46,-6.550258493655825,6.550258493655825,15.79898334211294,2025/3/8 9:30
48.30774573833504,34.26,-14.047745738335044,14.047745738335044,41.00334424487461,2025/3/8 9:45
43.45036165104434,37.21,-6.2403616510443385,6.2403616510443385,16.7706574873087,2025/3/8 10:00
45.18035396745427,35.6,-9.580353967454272,9.580353967454272,26.911106650076853,2025/3/8 10:15
47.64938731816601,38.83,-8.819387318166015,8.819387318166015,22.712818228543146,2025/3/8 10:30
57.07900610884003,46.45,-10.629006108840024,10.629006108840024,22.882682688519136,2025/3/8 10:45
68.26157603907717,48.07,-20.19157603907717,20.19157603907717,42.00452681305422,2025/3/8 11:00
70.83576033376698,54.37,-16.465760333766987,16.465760333766987,30.28464287978058,2025/3/8 11:15
67.60276007698371,72.22,4.617239923016285,4.617239923016285,6.393298148725965,2025/3/8 11:30
71.20652378380242,65.26,-5.946523783802419,5.946523783802419,9.112049929195996,2025/3/8 11:45
89.20294426085289,68.16,-21.04294426085289,21.04294426085289,30.87286423242667,2025/3/8 12:00
90.26388834380782,78.31,-11.95388834380782,11.95388834380782,15.26482996270279,2025/3/8 12:15
113.88885537528976,92.95,-20.93885537528976,20.93885537528976,22.527009548431668,2025/3/8 12:30
113.43127802545526,116.58,3.148721974544742,3.148721974544742,2.7009109405919034,2025/3/8 12:45
111.96622293546106,128.8,16.83377706453895,16.83377706453895,13.069702689849288,2025/3/8 13:00
114.94753111625953,128.14,13.19246888374046,13.19246888374046,10.295355770040713,2025/3/8 13:15
126.51032601680652,119.23,-7.2803260168065265,7.2803260168065265,6.106119279376348,2025/3/8 13:30
144.05118861298516,115.39,-28.66118861298516,28.66118861298516,24.83853766614119,2025/3/8 13:45
166.59760814411987,117.04,-49.55760814411987,49.55760814411987,42.34245398502864,2025/3/8 14:00
171.46656925224138,145.2,-26.2665692522414,26.2665692522414,18.08992372742652,2025/3/8 14:15
178.56914112634956,169.59,-8.97914112634956,8.97914112634956,5.294617092012658,2025/3/8 14:30
191.68642720205332,207.45,15.763572797946637,15.763572797946637,7.598733573361793,2025/3/8 14:45
197.55900248140048,233.95,36.390997518599534,36.390997518599534,15.55503206607565,2025/3/8 15:00
193.21116045363308,266.32,73.10883954636691,73.10883954636691,27.45150178219415,2025/3/8 15:15
185.1481000187466,289.08,103.9318999812534,103.9318999812534,35.952642860529075,2025/3/8 15:30
207.7581017199059,316.03,108.27189828009406,108.27189828009406,34.26000641713123,2025/3/8 15:45
204.9265827851887,315.08,110.15341721481128,110.15341721481128,34.96045995136991,2025/3/8 16:00
209.52327690697777,307.64,98.11672309302222,98.11672309302222,31.89335687589076,2025/3/8 16:15
216.4990675879924,303.85,87.35093241200761,87.35093241200761,28.748044236293847,2025/3/8 16:30
221.30756163964784,298.89,77.58243836035217,77.58243836035217,25.95685314340601,2025/3/8 16:45
217.1105741794489,308.91,91.79942582055116,91.79942582055116,29.717207542818763,2025/3/8 17:00
219.7272143358632,309.09,89.3627856641368,89.3627856641368,28.911574513607007,2025/3/8 17:15
209.26577389599944,296.18,86.91422610400056,86.91422610400056,29.345069249770823,2025/3/8 17:30
203.56303411412617,286.95,83.38696588587382,83.38696588587382,29.05975462130851,2025/3/8 17:45
203.1880447725269,256.03,52.84195522747305,52.84195522747305,20.638970131411327,2025/3/8 18:00
206.96871701947904,240.16,33.19128298052098,33.19128298052098,13.82048758348899,2025/3/8 18:15
208.3562714288417,233.45,25.093728571158323,25.093728571158323,10.749080561639571,2025/3/8 18:30
196.64467905137064,246.01,49.365320948629375,49.365320948629375,20.06638793081961,2025/3/8 18:45
194.7755796869698,244.38,49.60442031303021,49.60442031303021,20.298068709800276,2025/3/8 19:00
192.15711434469543,250.58,58.42288565530456,58.42288565530456,23.31506331522118,2025/3/8 19:15
191.87675684866664,244.87,52.99324315133339,52.99324315133339,21.641378344146585,2025/3/8 19:30
191.71979906497285,252.45,60.73020093502714,60.73020093502714,24.056328356111344,2025/3/8 19:45
203.1081557488253,270.59,67.48184425117464,67.48184425117464,24.938779796426218,2025/3/8 20:00
199.20778505269504,274.81,75.60221494730499,75.60221494730499,27.510721934164508,2025/3/8 20:15
200.6758713927981,282.3,81.62412860720195,81.62412860720195,28.913966917170757,2025/3/8 20:30
199.1216207658021,288.23,89.10837923419788,89.10837923419788,30.91571981895256,2025/3/8 20:45
197.61599564359173,273.14,75.52400435640826,75.52400435640826,27.65029082389273,2025/3/8 21:00
206.37912668037325,256.93,50.55087331962676,50.55087331962676,19.67495945183789,2025/3/8 21:15
209.43499250748755,265.56,56.12500749251245,56.12500749251245,21.13458634300773,2025/3/8 21:30
203.8504131975907,274.09,70.23958680240926,70.23958680240926,25.626468241228668,2025/3/8 21:45
202.5856888019564,278.99,76.40431119804362,76.40431119804362,27.386039355538276,2025/3/8 22:00
207.5278425422433,279.45,71.92215745775673,71.92215745775673,25.737039705754515,2025/3/8 22:15
205.40220600234375,283.15,77.7477939976562,77.7477939976562,27.45816492941153,2025/3/8 22:30
210.76503219926164,289.43,78.66496780073837,78.66496780073837,27.179272294064603,2025/3/8 22:45
208.8379222395808,303.34,94.50207776041916,94.50207776041916,31.153846429876708,2025/3/8 23:00
199.93525576649412,291.75,91.81474423350583,91.81474423350583,31.47034935166217,2025/3/8 23:15
200.9381303847733,299.6,98.66186961522672,98.66186961522672,32.931198135912474,2025/3/8 23:30
201.0378940906838,305.97,104.93210590931622,104.93210590931622,34.294900123960495,2025/3/8 23:45
197.2821086933844,299.39,102.1078913066156,102.1078913066156,34.105311235038414,2025/3/9 0:00
188.2425606188781,289.35,101.10743938112194,101.10743938112194,34.942954685013646,2025/3/9 0:15
186.93059154055797,265.23,78.29940845944208,78.29940845944208,29.521324306983583,2025/3/9 0:30
180.04060894357073,237.88,57.839391056429264,57.839391056429264,24.31452457390489,2025/3/9 0:45
168.1415536854018,212.83,44.688446314598224,44.688446314598224,20.997249595722984,2025/3/9 1:00
171.94827943397038,214.86,42.91172056602963,42.91172056602963,19.971944785446176,2025/3/9 1:15
165.86779485131905,218.85,52.98220514868095,52.98220514868095,24.20936949904352,2025/3/9 1:30
156.9522848879694,210.15,53.19771511203061,53.19771511203061,25.31416374589831,2025/3/9 1:45
147.68244396817803,222.21,74.52755603182197,74.52755603182197,33.5392448727728,2025/3/9 2:00
144.54228733817982,233.06,88.51771266182018,88.51771266182018,37.98065419281825,2025/3/9 2:15
140.3507748736586,216.71,76.35922512634141,76.35922512634141,35.23567215463346,2025/3/9 2:30
135.57106219275113,183.23,47.65893780724886,47.65893780724886,26.010444690947367,2025/3/9 2:45
120.34829644644952,183.21,62.86170355355048,62.86170355355048,34.311284074840984,2025/3/9 3:00
118.84570038356316,163.81,44.96429961643685,44.96429961643685,27.44905659996911,2025/3/9 3:15
100.19400667760894,177.72,77.52599332239106,77.52599332239106,43.622548572106375,2025/3/9 3:30
100.66036985953151,172.82,72.15963014046848,72.15963014046848,41.75421255666401,2025/3/9 3:45
98.1284296806122,161.55,63.42157031938783,63.42157031938783,39.25816794760048,2025/3/9 4:00
102.08079459937584,191.94,89.85920540062415,89.85920540062415,46.81629957308395,2025/3/9 4:15
95.64472925901995,185.17,89.52527074098003,89.52527074098003,48.34761070418086,2025/3/9 4:30
93.65176195150352,163.63,69.97823804849646,69.97823804849646,42.7661419351303,2025/3/9 4:45
89.57035829190887,140.88,51.30964170809112,51.30964170809112,36.42081325103258,2025/3/9 5:00
88.55011240485908,124.5,35.94988759514092,35.94988759514092,28.875411722981564,2025/3/9 5:15
93.33811504368968,118.08,24.741884956310315,24.741884956310315,20.953493357291126,2025/3/9 5:30
87.2000144258837,124.92,37.71998557411631,37.71998557411631,30.195313459883216,2025/3/9 5:45
93.90534042600208,164.96,71.05465957399792,71.05465957399792,43.07387219565644,2025/3/9 6:00
97.3465886538916,159.2,61.85341134610839,61.85341134610839,38.85264531788288,2025/3/9 6:15
90.72209869845716,181.77,91.04790130154286,91.04790130154286,50.08961946497925,2025/3/9 6:30
90.3878120997083,165.34,74.9521879002917,74.9521879002917,45.332156707539845,2025/3/9 6:45
87.1428628169654,148.76,61.617137183034586,61.617137183034586,41.420500929680806,2025/3/9 7:00
85.34720340013637,147.65,62.30279659986364,62.30279659986364,42.19627267173819,2025/3/9 7:15
86.48860446377073,134.61,48.12139553622929,48.12139553622929,35.748752348409134,2025/3/9 7:30
85.00034300280862,125.71,40.709656997191374,40.709656997191374,32.383785694979714,2025/3/9 7:45
81.3328859968095,127.24,45.9071140031905,45.9071140031905,36.07915278462309,2025/3/9 8:00
76.57521323059703,134.79,58.21478676940296,58.21478676940296,43.18924754756272,2025/3/9 8:15
68.67876201577141,132.6,63.92123798422858,63.92123798422858,48.206061828190336,2025/3/9 8:30
65.62760639206142,118.34,52.71239360793858,52.71239360793858,44.5431752644026,2025/3/9 8:45
68.91157941050652,108.89,39.97842058949348,39.97842058949348,36.7145014137724,2025/3/9 9:00
71.56580403739459,102.19,30.624195962605413,30.624195962605413,29.967898975022457,2025/3/9 9:15
66.78712920364664,94.8,28.012870796353354,28.012870796353354,29.54944176827405,2025/3/9 9:30
63.02416800751003,87.0,23.97583199248997,23.97583199248997,27.558427577543004,2025/3/9 9:45
64.99654407590914,89.61,24.613455924090857,24.613455924090857,27.467309367328856,2025/3/9 10:00
66.9395396302371,77.86,10.920460369762893,10.920460369762893,14.025764667029112,2025/3/9 10:15
87.73526174636167,63.93,-23.805261746361676,23.805261746361676,37.23644884455567,2025/3/9 10:30
87.83646188407457,61.44,-26.39646188407457,26.39646188407457,42.96299134770769,2025/3/9 10:45
84.88543618009344,63.31,-21.575436180093437,21.575436180093437,34.07903361247726,2025/3/9 11:00
82.52388277875083,68.22,-14.303882778750832,14.303882778750832,20.967286395089214,2025/3/9 11:15
95.11778334984946,67.88,-27.237783349849465,27.237783349849465,40.126374999719125,2025/3/9 11:30
99.51775922948543,68.04,-31.47775922948543,31.47775922948543,46.2636085088759,2025/3/9 11:45
116.5657730202508,65.3,-51.26577302025079,51.26577302025079,78.50807506917654,2025/3/9 12:00
121.64707398269812,68.86,-52.78707398269813,52.78707398269813,76.65854484841923,2025/3/9 12:15
143.5145699535551,69.44,-74.07456995355511,74.07456995355511,106.67420788227022,2025/3/9 12:30
149.66966399815024,68.88,-80.78966399815025,80.78966399815025,117.29045295881672,2025/3/9 12:45
160.44220149812463,95.85,-64.59220149812464,64.59220149812464,67.38883828696636,2025/3/9 13:00
165.64918247558222,128.08,-37.56918247558221,37.56918247558221,29.33259093968838,2025/3/9 13:15
156.21960788374702,137.48,-18.739607883747027,18.739607883747027,13.630788393754292,2025/3/9 13:30
160.3735731521911,167.39,7.016426847808873,7.016426847808873,4.191664285682945,2025/3/9 13:45
154.69797903734758,193.27,38.57202096265243,38.57202096265243,19.957583154463947,2025/3/9 14:00
160.461945173813,203.71,43.248054826187,43.248054826187,21.23020707189916,2025/3/9 14:15
160.01483441936466,220.13,60.115165580635335,60.115165580635335,27.30893816408851,2025/3/9 14:30
170.488455377661,229.61,59.121544622339,59.121544622339,25.748680206573432,2025/3/9 14:45
189.92495000294747,263.25,73.32504999705253,73.32504999705253,27.85377017930662,2025/3/9 15:00
199.4836725312016,282.22,82.73632746879846,82.73632746879846,29.316252380684976,2025/3/9 15:15
196.59854592153283,268.41,71.8114540784672,71.8114540784672,26.754388464826363,2025/3/9 15:30
199.31326394673124,272.31,72.99673605326876,72.99673605326876,26.80648380641253,2025/3/9 15:45
202.42483176327835,273.07,70.64516823672164,70.64516823672164,25.87071748514878,2025/3/9 16:00
204.39888029873,261.24,56.84111970127003,56.84111970127003,21.75819924255408,2025/3/9 16:15
203.2528716948549,257.14,53.8871283051451,53.8871283051451,20.95633830019606,2025/3/9 16:30
210.1387930707,241.37,31.23120692930001,31.23120692930001,12.93914195189422,2025/3/9 16:45
212.09548222718865,224.85,12.75451777281134,12.75451777281134,5.6724562031601815,2025/3/9 17:00
217.8344356337484,195.45,-22.38443563374841,22.38443563374841,11.452768295593224,2025/3/9 17:15
215.052252032044,196.62,-18.432252032044005,18.432252032044005,9.374556012630777,2025/3/9 17:30
209.52105441611377,191.35,-18.171054416113776,18.171054416113776,9.496239569429989,2025/3/9 17:45
201.2770287069841,184.54,-16.737028706984148,16.737028706984148,9.069593967148087,2025/3/9 18:00
195.50732336979829,181.67,-13.837323369798298,13.837323369798298,7.616735492811517,2025/3/9 18:15
185.68839458894527,175.85,-9.838394588945278,9.838394588945278,5.59476519132197,2025/3/9 18:30
183.3532928388422,168.22,-15.133292838842207,15.133292838842207,8.996131755340159,2025/3/9 18:45
180.6681886335866,178.14,-2.528188633586609,2.528188633586609,1.419214456935663,2025/3/9 19:00
173.1221022324072,192.44,19.3178977675928,19.3178977675928,10.038400419654312,2025/3/9 19:15
175.71686707183105,198.53,22.813132928168955,22.813132928168955,11.491025501514866,2025/3/9 19:30
187.8147277468622,208.41,20.595272253137807,20.595272253137807,9.88209407088332,2025/3/9 19:45
191.01761831982952,211.3,20.282381680170488,20.282381680170488,9.59885550409886,2025/3/9 20:00
174.0574508334234,219.75,45.69254916657661,45.69254916657661,20.7929689040072,2025/3/9 20:15
172.28515808705205,212.61,40.32484191294796,40.32484191294796,18.966578200897885,2025/3/9 20:30
171.07215284628165,211.66,40.58784715371834,40.58784715371834,19.17596482741149,2025/3/9 20:45
170.0144347219003,218.73,48.71556527809969,48.71556527809969,22.27200899651508,2025/3/9 21:00
167.19065272216406,230.45,63.25934727783593,63.25934727783593,27.450356813976345,2025/3/9 21:15
171.18041729122282,225.61,54.42958270877719,54.42958270877719,24.12551868656224,2025/3/9 21:30
167.47460399944163,230.62,63.14539600055835,63.14539600055835,27.38071112675872,2025/3/9 21:45
165.4017251587259,231.32,65.9182748412741,65.9182748412741,28.49657394139962,2025/3/9 22:00
166.78543244040665,231.59,64.80456755959335,64.80456755959335,27.98245501082317,2025/3/9 22:15
172.7116476168456,233.4,60.68835238315441,60.68835238315441,26.001864774262383,2025/3/9 22:30
160.6844533947637,226.09,65.40554660523631,65.40554660523631,28.92898695440196,2025/3/9 22:45
160.89315052854576,205.16,44.26684947145424,44.26684947145424,21.57674472189153,2025/3/9 23:00
155.27548717163702,203.5,48.224512828362975,48.224512828362975,23.697549301395224,2025/3/9 23:15
159.93154051808622,210.06,50.12845948191378,50.12845948191378,23.863876740878755,2025/3/9 23:30
170.50501854232243,206.38,35.87498145767756,35.87498145767756,17.382973862612744,2025/3/9 23:45
170.4933258033468,211.0,40.5066741966532,40.5066741966532,19.197475922575357,2025/3/10 0:00
160.3643874445199,214.92,54.55561255548008,54.55561255548008,25.384148778826862,2025/3/10 0:15
167.63462896200363,218.81,51.17537103799637,51.17537103799637,23.38804032629815,2025/3/10 0:30
169.22919592747832,202.87,33.64080407252169,33.64080407252169,16.582443965349785,2025/3/10 0:45
170.68064322229353,188.11,17.429356777706488,17.429356777706488,9.265513145339016,2025/3/10 1:00
168.3928712674435,200.21,31.81712873255651,31.81712873255651,15.891877894481103,2025/3/10 1:15
170.6938937518621,199.62,28.9261062481379,28.9261062481379,14.490585236010125,2025/3/10 1:30
166.8565214377268,180.81,13.953478562273204,13.953478562273204,7.717205111589783,2025/3/10 1:45
161.40147548270338,177.16,15.75852451729662,15.75852451729662,8.895080445522538,2025/3/10 2:00
152.49753544877697,189.99,37.49246455122304,37.49246455122304,19.73391470667051,2025/3/10 2:15
148.64850782785712,173.53,24.881492172142885,24.881492172142885,14.338438409570994,2025/3/10 2:30
137.12396009415716,163.83,26.706039905842857,26.706039905842857,16.301068122948518,2025/3/10 2:45
129.29812257094025,152.87,23.571877429059757,23.571877429059757,15.419557420713245,2025/3/10 3:00
120.02706295486264,154.16,34.13293704513735,34.13293704513735,22.141240947791395,2025/3/10 3:15
114.89578348401754,134.89,19.994216515982444,19.994216515982444,14.82260843351444,2025/3/10 3:30
111.08032364694202,110.78,-0.3003236469420187,0.3003236469420187,0.271099157737631,2025/3/10 3:45
109.46356041075867,104.49,-4.973560410758694,4.973560410758694,4.759843440285132,2025/3/10 4:00
110.10552381667512,104.44,-5.665523816675133,5.665523816675133,5.424668533770307,2025/3/10 4:15
109.27039066889772,104.77,-4.500390668897722,4.500390668897722,4.295495532016251,2025/3/10 4:30
108.32489280338255,103.97,-4.354892803382555,4.354892803382555,4.188605177818953,2025/3/10 4:45
109.86913820767538,101.53,-8.339138207675376,8.339138207675376,8.213472084770178,2025/3/10 5:00
104.96076338183516,109.52,4.559236618164846,4.559236618164846,4.16292605748784,2025/3/10 5:15
103.11624093135474,92.19,-10.92624093135474,10.92624093135474,11.851872145940872,2025/3/10 5:30
99.06644276790148,75.74,-23.326442767901497,23.326442767901497,30.79804960109678,2025/3/10 5:45
91.60906252346126,57.65,-33.95906252346126,33.95906252346126,58.90557246036836,2025/3/10 6:00
89.06294737035041,60.76,-28.302947370350417,28.302947370350417,46.581546034074776,2025/3/10 6:15
86.4372883737783,47.42,-39.0172883737783,39.0172883737783,82.28023697531846,2025/3/10 6:30
90.15980903858969,45.67,-44.48980903858968,44.48980903858968,97.415828855906,2025/3/10 6:45
89.71442519462911,46.01,-43.70442519462912,43.70442519462912,94.98897021198462,2025/3/10 7:00
85.1434537397134,59.87,-25.2734537397134,25.2734537397134,42.21388631981157,2025/3/10 7:15
76.22351570198715,88.59,12.36648429801285,12.36648429801285,13.959232755388744,2025/3/10 7:30
78.81425116170664,133.94,55.12574883829336,55.12574883829336,41.15704706454547,2025/3/10 7:45
71.52572090763337,189.43,117.90427909236664,117.90427909236664,62.24160855846719,2025/3/10 8:00
66.88364153432936,179.71,112.82635846567064,112.82635846567064,62.78245977720097,2025/3/10 8:15
64.08647069884594,223.9,159.81352930115406,159.81352930115406,71.37719039798245,2025/3/10 8:30
60.9704723643968,233.86,172.8895276356032,172.8895276356032,73.92864433230534,2025/3/10 8:45
59.99217925470164,177.46,117.46782074529835,117.46782074529835,66.19397089216285,2025/3/10 9:00
60.07955180571497,135.27,75.19044819428504,75.19044819428504,55.58545737726729,2025/3/10 9:15
59.32435808131499,120.51,61.185641918685015,61.185641918685015,50.772252857550605,2025/3/10 9:30
56.79615697569123,113.73,56.93384302430877,56.93384302430877,50.06053198299367,2025/3/10 9:45
52.96264405230562,104.56,51.59735594769438,51.59735594769438,49.347126958344525,2025/3/10 10:00
46.65923884358567,94.06,47.40076115641433,47.40076115641433,50.39417516092275,2025/3/10 10:15
49.66077452891116,86.93,37.26922547108885,37.26922547108885,42.87268546076841,2025/3/10 10:30
64.32266884705602,87.39,23.06733115294398,23.06733115294398,26.39584752593841,2025/3/10 10:45
79.47914394689283,74.74,-4.739143946892838,4.739143946892838,6.3408401751224215,2025/3/10 11:00
82.48526808002737,83.54,1.0547319199726388,1.0547319199726388,1.262547186942035,2025/3/10 11:15
88.11448980652295,93.97,5.855510193477045,5.855510193477045,6.231254861626916,2025/3/10 11:30
117.7527707462876,99.24,-18.5127707462876,18.5127707462876,18.65454529047657,2025/3/10 11:45
131.33689678412028,103.58,-27.756896784120286,27.756896784120286,26.797544684392243,2025/3/10 12:00
142.8709412747622,110.59,-32.2809412747622,32.2809412747622,29.189747060975684,2025/3/10 12:15
158.5374268502156,121.17,-37.36742685021561,37.36742685021561,30.838843649570656,2025/3/10 12:30
160.53857239343742,142.62,-17.918572393437415,17.918572393437415,12.563856677482017,2025/3/10 12:45
156.6571048346913,160.64,3.9828951653086895,3.9828951653086895,2.4793919106736872,2025/3/10 13:00
160.27358854157524,192.54,32.26641145842476,32.26641145842476,16.758289944119664,2025/3/10 13:15
159.6805930581088,223.46,63.77940694189121,63.77940694189121,28.541755545450044,2025/3/10 13:30
159.65351438093563,271.31,111.65648561906436,111.65648561906436,41.154578017405626,2025/3/10 13:45
187.49664281804127,320.52,133.02335718195872,133.02335718195872,41.50235778794372,2025/3/10 14:00
190.47765086223131,355.19,164.71234913776863,164.71234913776863,46.37302546178729,2025/3/10 14:15
200.57249520647653,368.94,168.36750479352347,168.36750479352347,45.635470481237554,2025/3/10 14:30
215.72336369766413,375.65,159.92663630233582,159.92663630233582,42.57330927786324,2025/3/10 14:45
220.0128644286298,387.62,167.6071355713702,167.6071355713702,43.24006386959573,2025/3/10 15:00
236.6943835424977,381.02,144.32561645750232,144.32561645750232,37.87875084181,2025/3/10 15:15
257.3133017411793,372.81,115.49669825882069,115.49669825882069,30.980042986719692,2025/3/10 15:30
262.0498755527205,354.6,92.55012444727949,92.55012444727949,26.09986589037038,2025/3/10 15:45
266.39679231952624,337.55,71.15320768047377,71.15320768047377,21.079309044720095,2025/3/10 16:00
270.25955149162303,318.25,47.99044850837697,47.99044850837697,15.079481070969958,2025/3/10 16:15
274.5086582483018,319.21,44.70134175169818,44.70134175169818,14.003741033076714,2025/3/10 16:30
273.72906910628666,341.3,67.57093089371335,67.57093089371335,19.79810456891109,2025/3/10 16:45
270.60074310332595,351.22,80.61925689667407,80.61925689667407,22.95406209687692,2025/3/10 17:00
275.2407217459647,369.54,94.2992782540353,94.2992782540353,25.51801652162412,2025/3/10 17:15
278.3701069234951,354.57,76.1998930765049,76.1998930765049,21.490789710489725,2025/3/10 17:30
276.96024592265206,356.11,79.14975407734795,79.14975407734795,22.226209339059764,2025/3/10 17:45
272.5768032358784,368.85,96.27319676412162,96.27319676412162,26.10090735098157,2025/3/10 18:00
273.53312383866444,365.83,92.29687616133556,92.29687616133556,25.229444321490945,2025/3/10 18:15
261.7012001857275,348.9,87.19879981427249,87.19879981427249,24.99249063177057,2025/3/10 18:30
254.5284507412973,341.85,87.3215492587027,87.3215492587027,25.54382017220335,2025/3/10 18:45
241.999887932517,323.46,81.46011206748298,81.46011206748298,25.18398320270136,2025/3/10 19:00
229.82462188215464,306.16,76.33537811784541,76.33537811784541,24.933165050241858,2025/3/10 19:15
214.9223724352688,292.16,77.23762756473121,77.23762756473121,26.43675642274944,2025/3/10 19:30
218.832016537968,262.83,43.99798346203198,43.99798346203198,16.740091870035858,2025/3/10 19:45
217.30469966160956,261.58,44.27530033839045,44.27530033839045,16.926103042424316,2025/3/10 20:00
204.50018063964933,272.73,68.22981936035069,68.22981936035069,25.017350258616823,2025/3/10 20:15
204.146208204942,294.84,90.693791795058,90.693791795058,30.760341810821885,2025/3/10 20:30
195.64633539328105,296.35,100.703664606719,100.703664606719,33.98132768911254,2025/3/10 20:45
206.13257302099083,277.55,71.41742697900918,71.41742697900918,25.731373438653737,2025/3/10 21:00
214.51318290613872,301.27,86.75681709386126,86.75681709386126,28.79703159751468,2025/3/10 21:15
218.27342516304637,311.97,93.69657483695369,93.69657483695369,30.03384134273284,2025/3/10 21:30
216.18994199022583,274.02,57.83005800977412,57.83005800977412,21.104320126178024,2025/3/10 21:45
212.1443247831507,298.19,86.04567521684933,86.04567521684933,28.85598954251332,2025/3/10 22:00
218.09993101718624,323.71,105.61006898281371,105.61006898281371,32.624901604146025,2025/3/10 22:15
218.6571336910551,309.19,90.5328663089449,90.5328663089449,29.280657947836485,2025/3/10 22:30
204.4866080238448,316.81,112.3233919761552,112.3233919761552,35.45449700960189,2025/3/10 22:45
193.77404165055415,333.55,139.77595834944583,139.77595834944583,41.90554889803745,2025/3/10 23:00
193.98029949881447,327.82,133.83970050118552,133.83970050118552,40.82719190444289,2025/3/10 23:15
207.79238525398895,327.13,119.337614746011,119.337614746011,36.48018058446934,2025/3/10 23:30
215.71036783767187,341.81,126.09963216232812,126.09963216232812,36.89173288151056,2025/3/10 23:45
230.73336247455745,342.77,112.03663752544256,112.03663752544256,32.68566021688301,2025/3/11 0:00
238.16085145419035,351.23,113.06914854580968,113.06914854580968,32.192337939748164,2025/3/11 0:15
241.43204733683157,365.98,124.54795266316847,124.54795266316847,34.03135490003127,2025/3/11 0:30
241.5471740246365,372.33,130.78282597536352,130.78282597536352,35.12551391919222,2025/3/11 0:45
247.8712785814917,370.99,123.1187214185083,123.1187214185083,33.18653371208796,2025/3/11 1:00
249.64302148921303,378.03,128.38697851078695,128.38697851078695,33.96211372397773,2025/3/11 1:15
251.1652038666836,387.03,135.8647961333164,135.8647961333164,35.104461187319146,2025/3/11 1:30
247.61386174891263,390.0,142.38613825108737,142.38613825108737,36.50926621821817,2025/3/11 1:45
251.30040538153864,386.65,135.34959461846134,135.34959461846134,35.00571437176422,2025/3/11 2:00
253.2125244491332,371.73,118.51747555086683,118.51747555086683,31.882677091123924,2025/3/11 2:15
249.50883988100512,342.78,93.27116011899486,93.27116011899486,27.210210665431955,2025/3/11 2:30
250.081377089737,324.18,74.098622910263,74.098622910263,22.857246872182166,2025/3/11 2:45
258.3656959551114,309.96,51.59430404488859,51.59430404488859,16.645471688241045,2025/3/11 3:00
269.51470963674313,325.52,56.00529036325685,56.00529036325685,17.204869244052485,2025/3/11 3:15
266.0553240180421,339.79,73.73467598195793,73.73467598195793,21.700072392341223,2025/3/11 3:30
262.70234765445616,343.27,80.56765234554382,80.56765234554382,23.470636043208074,2025/3/11 3:45
268.1120639938865,324.75,56.63793600611348,56.63793600611348,17.44047298109193,2025/3/11 4:00
267.49186366280964,334.27,66.77813633719035,66.77813633719035,19.977304675014324,2025/3/11 4:15
269.90280737633924,341.5,71.59719262366076,71.59719262366076,20.965502964462605,2025/3/11 4:30
268.136007939054,347.24,79.10399206094604,79.10399206094604,22.780783337439026,2025/3/11 4:45
265.6592395362714,357.2,91.5407604637286,91.5407604637286,25.62731255982726,2025/3/11 5:00
267.67231811698963,364.57,96.89768188301036,96.89768188301036,26.578621906076688,2025/3/11 5:15
261.9864413452977,369.47,107.48355865470234,107.48355865470234,29.091281742678227,2025/3/11 5:30
265.0063910980492,372.08,107.07360890195082,107.07360890195082,28.77703958877716,2025/3/11 5:45
262.623798480536,364.97,102.34620151946405,102.34620151946405,28.04236006231636,2025/3/11 6:00
262.533907725705,363.19,100.65609227429502,100.65609227429502,27.71444485648484,2025/3/11 6:15
261.0988219172308,369.56,108.4611780827692,108.4611780827692,29.34873311038528,2025/3/11 6:30
257.5591397975537,368.07,110.51086020244628,110.51086020244628,30.02441388931895,2025/3/11 6:45
253.36648251952104,376.25,122.88351748047896,122.88351748047896,32.66007109114852,2025/3/11 7:00
248.59421015160063,385.43,136.83578984839934,136.83578984839934,35.50211188759667,2025/3/11 7:15
247.3168762799945,399.32,152.00312372000548,152.00312372000548,38.06549226684549,2025/3/11 7:30
246.9275754424244,394.91,147.98242455757563,147.98242455757563,37.47244297625742,2025/3/11 7:45
248.83049152927745,380.13,131.29950847072257,131.29950847072257,34.540685678764646,2025/3/11 8:00
248.5717112726749,370.0,121.42828872732514,121.42828872732514,32.81845641278171,2025/3/11 8:15
238.4635536724469,336.34,97.87644632755308,97.87644632755308,29.10044785857287,2025/3/11 8:30
239.50370870868815,322.98,83.47629129131184,83.47629129131184,25.84565338141247,2025/3/11 8:45
227.3216407196537,296.33,69.00835928034633,69.00835928034633,23.28767228438668,2025/3/11 9:00
226.5410115901939,271.98,45.43898840980612,45.43898840980612,16.706738881457976,2025/3/11 9:15
225.9112437044597,263.84,37.92875629554027,37.92875629554027,14.37566566689126,2025/3/11 9:30
223.31512533291715,258.54,35.22487466708287,35.22487466708287,13.624535726413416,2025/3/11 9:45
215.89009372417243,271.01,55.11990627582756,55.11990627582756,20.338698304788466,2025/3/11 10:00
224.7056251571871,290.29,65.58437484281293,65.58437484281293,22.592708960966736,2025/3/11 10:15
222.5971114258801,295.26,72.66288857411993,72.66288857411993,24.60979766107679,2025/3/11 10:30
218.5198221583786,288.47,69.95017784162144,69.95017784162144,24.248683690365443,2025/3/11 10:45
230.15312708681816,294.29,64.13687291318186,64.13687291318186,21.79376564380715,2025/3/11 11:00
222.41910686644405,307.03,84.61089313355595,84.61089313355595,27.557858558944854,2025/3/11 11:15
230.34014202625025,320.88,90.53985797374976,90.53985797374976,28.2161113106836,2025/3/11 11:30
228.28665941642643,334.36,106.07334058357358,106.07334058357358,31.7242913576809,2025/3/11 11:45
249.63305105161723,332.89,83.25694894838276,83.25694894838276,25.01034844794309,2025/3/11 12:00
241.32622855503055,329.38,88.05377144496941,88.05377144496941,26.73318703167851,2025/3/11 12:15
247.52620197729647,333.23,85.70379802270355,85.70379802270355,25.719112331626157,2025/3/11 12:30
249.18645765719685,351.49,102.30354234280318,102.30354234280318,29.105676503676943,2025/3/11 12:45
237.10169808479185,351.31,114.20830191520815,114.20830191520815,32.50926586637888,2025/3/11 13:00
236.13927130736712,348.82,112.68072869263288,112.68072869263288,32.30340252640347,2025/3/11 13:15
244.13461109156407,344.61,100.47538890843596,100.47538890843596,29.156260383740108,2025/3/11 13:30
263.2341317315394,334.58,71.3458682684606,71.3458682684606,21.324008688038525,2025/3/11 13:45
266.0542738363104,339.84,73.78572616368962,73.78572616368962,21.711901531211133,2025/3/11 14:00
261.47397345796435,340.06,78.58602654203565,78.58602654203565,23.10945907840162,2025/3/11 14:15
250.06499007082743,327.36,77.29500992917255,77.29500992917255,23.6116232677019,2025/3/11 14:30
257.1566817425563,330.39,73.23331825744367,73.23331825744367,22.16571877400088,2025/3/11 14:45
265.0995536955621,331.66,66.5604463044379,66.5604463044379,20.06887966725497,2025/3/11 15:00
266.9402175411265,326.21,59.269782458873465,59.269782458873465,18.169210771851045,2025/3/11 15:15
273.23578567462124,336.41,63.174214325378784,63.174214325378784,18.77893473004964,2025/3/11 15:30
278.1352581553006,339.13,60.99474184469938,60.99474184469938,17.985652064011262,2025/3/11 15:45
277.2772502485946,344.39,67.11274975140537,67.11274975140537,19.487426972730304,2025/3/11 16:00
272.9107147409999,350.76,77.84928525900011,77.84928525900011,22.194459248197607,2025/3/11 16:15
262.06512703732085,354.82,92.75487296267914,92.75487296267914,26.14138801720676,2025/3/11 16:30
266.6965428154663,350.38,83.68345718453372,83.68345718453372,23.88362839902673,2025/3/11 16:45
268.7372321547261,360.83,92.0927678452739,92.0927678452739,25.52248090381852,2025/3/11 17:00
263.9302098166396,366.83,102.89979018336038,102.89979018336038,28.051083658188357,2025/3/11 17:15
276.89479887921465,370.29,93.39520112078536,93.39520112078536,25.22217751512602,2025/3/11 17:30
275.9633561462488,376.46,100.4966438537512,100.4966438537512,26.695171825353164,2025/3/11 17:45
280.92872289210555,359.93,79.00127710789445,79.00127710789445,21.949067070783904,2025/3/11 18:00
282.90655954381066,360.08,77.17344045618933,77.17344045618933,21.43230405914461,2025/3/11 18:15
281.99008134473866,365.1,83.10991865526137,83.10991865526137,22.763604123593154,2025/3/11 18:30
279.6088338967633,356.11,76.5011661032367,76.5011661032367,21.482453765189188,2025/3/11 18:45
281.7887984750253,345.87,64.08120152497469,64.08120152497469,18.52753968975516,2025/3/11 19:00
269.21529346806045,337.67,68.45470653193956,68.45470653193956,20.27266459321802,2025/3/11 19:15
269.8976690145683,338.27,68.37233098543169,68.37233098543169,20.212354328025388,2025/3/11 19:30
246.7287067226596,339.74,93.0112932773404,93.0112932773404,27.37719823315271,2025/3/11 19:45
228.05703307758225,344.03,115.97296692241773,115.97296692241773,33.71013194267478,2025/3/11 20:00
229.47208125656465,346.44,116.96791874343536,116.96791874343536,33.76282148233506,2025/3/11 20:15
229.02079436717352,318.13,89.10920563282647,89.10920563282647,28.01031202112296,2025/3/11 20:30
219.21030840240323,315.71,96.49969159759677,96.49969159759677,30.565928097800576,2025/3/11 20:45
207.6026400443012,314.07,106.4673599556988,106.4673599556988,33.89924537703853,2025/3/11 21:00
205.1956165028093,296.08,90.8843834971907,90.8843834971907,30.695887428114027,2025/3/11 21:15
202.38726551945243,289.84,87.45273448054755,87.45273448054755,30.17276237942223,2025/3/11 21:30
206.7717368464265,286.13,79.35826315357346,79.35826315357346,27.73503762399809,2025/3/11 21:45
202.9561729364802,283.65,80.69382706351979,80.69382706351979,28.448379010573365,2025/3/11 22:00
208.8549820872826,290.57,81.7150179127174,81.7150179127174,28.122317483804,2025/3/11 22:15
214.185994636286,288.88,74.69400536371401,74.69400536371401,25.85641282320969,2025/3/11 22:30
219.54302197929184,283.91,64.36697802070819,64.36697802070819,22.671613546787896,2025/3/11 22:45
217.50131761120943,287.98,70.47868238879056,70.47868238879056,24.473464264451035,2025/3/11 23:00
219.65783216862903,301.85,82.192167831371,82.192167831371,27.229474186299075,2025/3/11 23:15
225.5715840286456,317.76,92.18841597135436,92.18841597135436,29.011963737199576,2025/3/11 23:30
236.42912745048963,316.71,80.28087254951035,80.28087254951035,25.348385762838245,2025/3/11 23:45
233.2953220493923,301.81,68.5146779506077,68.5146779506077,22.701261704577387,2025/3/12 0:00
235.98943766764287,291.61,55.62056233235714,55.62056233235714,19.07361281586299,2025/3/12 0:15
243.0416173881032,299.96,56.91838261189682,56.91838261189682,18.97532424719224,2025/3/12 0:30
242.70009571335584,300.15,57.44990428664411,57.44990428664411,19.140397896593363,2025/3/12 0:45
250.8439655994127,308.45,57.60603440058728,57.60603440058728,18.675971600119503,2025/3/12 1:00
249.55288570698343,311.4,61.84711429301652,61.84711429301652,19.860987248874974,2025/3/12 1:15
250.4172660618273,319.35,68.93273393817276,68.93273393817276,21.585324546156624,2025/3/12 1:30
249.4634890995684,324.53,75.06651090043158,75.06651090043158,23.13083872073721,2025/3/12 1:45
258.6079885684876,337.86,79.25201143151241,79.25201143151241,23.45705660080772,2025/3/12 2:00
253.89961004066325,335.43,81.53038995933676,81.53038995933676,24.306230796086357,2025/3/12 2:15
248.6593905139335,332.66,84.00060948606654,84.00060948606654,25.251190250117624,2025/3/12 2:30
248.11062776358796,326.42,78.30937223641209,78.30937223641209,23.99037198590408,2025/3/12 2:45
236.5834157661112,322.37,85.78658423388879,85.78658423388879,26.611218238006696,2025/3/12 3:00
233.9220448259696,325.64,91.71795517403038,91.71795517403038,28.165445023339338,2025/3/12 3:15
222.1103767722851,321.07,98.9596232277149,98.9596232277149,30.82182179203416,2025/3/12 3:30
210.45340848270263,311.72,101.2665915172974,101.2665915172974,32.48639532826412,2025/3/12 3:45
206.1717755435876,305.22,99.04822445641248,99.04822445641248,32.4514201088985,2025/3/12 4:00
206.6135742521208,310.26,103.6464257478792,103.6464257478792,33.40631268866299,2025/3/12 4:15
203.846741238968,308.97,105.12325876103203,105.12325876103203,34.02377537010002,2025/3/12 4:30
205.0174868965278,307.08,102.06251310347218,102.06251310347218,33.2364573086619,2025/3/12 4:45
202.5859506563028,301.8,99.2140493436972,99.2140493436972,32.87410515031953,2025/3/12 5:00
184.9787674838833,291.85,106.87123251611672,106.87123251611672,36.61854806101768,2025/3/12 5:15
181.3110515117238,278.86,97.5489484882762,97.5489484882762,34.98133417781009,2025/3/12 5:30
172.37701296432974,263.42,91.04298703567028,91.04298703567028,34.56191140977744,2025/3/12 5:45
165.59827186509574,249.41,83.81172813490426,83.81172813490426,33.60399668612752,2025/3/12 6:00
165.96160805651857,236.82,70.85839194348142,70.85839194348142,29.92078031562009,2025/3/12 6:15
158.58549841910582,225.58,66.9945015808942,66.9945015808942,29.698777188077173,2025/3/12 6:30
149.4982875497826,211.67,62.1717124502174,62.1717124502174,29.37200002371051,2025/3/12 6:45
138.89896983379754,201.66,62.76103016620246,62.76103016620246,31.122200816310297,2025/3/12 7:00
136.7052195664452,186.32,49.61478043355479,49.61478043355479,26.62880014680558,2025/3/12 7:15
136.90921520472563,166.82,29.910784795274367,29.910784795274367,17.929975299877977,2025/3/12 7:30
131.77639494169054,161.71,29.933605058309467,29.933605058309467,18.510670371832884,2025/3/12 7:45
132.32945855531267,164.14,31.81054144468732,31.81054144468732,19.380127601235493,2025/3/12 8:00
132.61290224242885,167.16,34.54709775757115,34.54709775757115,20.66708408563681,2025/3/12 8:15
134.6849910473535,174.7,40.0150089526465,40.0150089526465,22.9049850902253,2025/3/12 8:30
137.28290467725793,173.41,36.12709532274207,36.12709532274207,20.833340247229824,2025/3/12 8:45
139.57034286438525,163.22,23.649657135614746,23.649657135614746,14.489435813993545,2025/3/12 9:00
126.45613408259568,155.42,28.96386591740432,28.96386591740432,18.635867917504623,2025/3/12 9:15
124.03840265707542,144.23,20.191597342924567,20.191597342924567,13.999582155522823,2025/3/12 9:30
116.44554037398264,141.05,24.604459626017373,24.604459626017373,17.443785626373575,2025/3/12 9:45
113.57024399758126,147.13,33.55975600241874,33.55975600241874,22.809594238018036,2025/3/12 10:00
106.37065338381906,156.47,50.09934661618094,50.09934661618094,32.01849978663573,2025/3/12 10:15
103.43469984651198,158.18,54.74530015348803,54.74530015348803,34.60949560845456,2025/3/12 10:30
108.22692027501182,152.33,44.10307972498819,44.10307972498819,28.952327003846413,2025/3/12 10:45
119.48637719173952,152.19,32.70362280826048,32.70362280826048,21.488680470621585,2025/3/12 11:00
121.87503626341544,151.68,29.80496373658457,29.80496373658457,19.649896978220543,2025/3/12 11:15
139.38820788699903,150.94,11.551792113000973,11.551792113000973,7.653234472633708,2025/3/12 11:30
179.18611845240375,163.45,-15.736118452403758,15.736118452403758,9.627481463685612,2025/3/12 11:45
195.31999108483816,187.82,-7.499991084838172,7.499991084838172,3.9931802176734,2025/3/12 12:00
198.68030995397936,233.4,34.719690046020645,34.719690046020645,14.875616986292105,2025/3/12 12:15
217.57090985002023,269.16,51.5890901499798,51.5890901499798,19.16670015974165,2025/3/12 12:30
229.16344144218715,286.36,57.196558557812864,57.196558557812864,19.973655034848758,2025/3/12 12:45
250.74415952397317,316.3,65.55584047602687,65.55584047602687,20.72584270502881,2025/3/12 13:00
269.5588019119113,322.35,52.79119808808872,52.79119808808872,16.376980948680732,2025/3/12 13:15
271.5039004842962,334.62,63.11609951570381,63.11609951570381,18.86202244805599,2025/3/12 13:30
279.41352066530106,346.62,67.20647933469894,67.20647933469894,19.38909449387789,2025/3/12 13:45
282.29368397326294,366.32,84.02631602673705,84.02631602673705,22.937954800915623,2025/3/12 14:00
286.9094768979432,371.99,85.08052310205682,85.08052310205682,22.871723192030416,2025/3/12 14:15
291.7123482599665,364.18,72.46765174003349,72.46765174003349,19.898855439621503,2025/3/12 14:30
290.78790525177766,343.04,52.25209474822236,52.25209474822236,15.232070530610752,2025/3/12 14:45
286.7420605266284,336.13,49.3879394733716,49.3879394733716,14.693106676987153,2025/3/12 15:00
282.1348964409083,338.73,56.59510355909174,56.59510355909174,16.708028092898484,2025/3/12 15:15
279.6832127308828,340.27,60.58678726911722,60.58678726911722,17.805503649777947,2025/3/12 15:30
275.2402656981941,343.62,68.37973430180585,68.37973430180585,19.8998120894552,2025/3/12 15:45
267.91228927775074,354.36,86.44771072224927,86.44771072224927,24.395448335654383,2025/3/12 16:00
265.74886333464684,326.91,61.16113666535318,61.16113666535318,18.708860746179216,2025/3/12 16:15
271.320583569125,335.28,63.95941643087497,63.95941643087497,19.07641864437363,2025/3/12 16:30
284.19176213577134,334.37,50.17823786422866,50.17823786422866,15.006800210609104,2025/3/12 16:45
281.3860647672888,328.03,46.64393523271116,46.64393523271116,14.21941140526688,2025/3/12 17:00
286.75927657109384,331.47,44.71072342890619,44.71072342890619,13.48861840555486,2025/3/12 17:15
289.7506756758229,334.08,44.32932432417709,44.32932432417709,13.269074570211876,2025/3/12 17:30
279.1217511049954,330.63,51.50824889500461,51.50824889500461,15.578818889692114,2025/3/12 17:45
278.1050612250886,329.75,51.6449387749114,51.6449387749114,15.661846482151851,2025/3/12 18:00
274.2113193152931,336.59,62.37868068470687,62.37868068470687,18.532541277128956,2025/3/12 18:15
280.9826343059284,317.38,36.3973656940716,36.3973656940716,11.468071615747723,2025/3/12 18:30
280.8085892365806,302.86,22.051410763419423,22.051410763419423,7.281057506244518,2025/3/12 18:45
277.8027249457785,292.58,14.777275054221434,14.777275054221434,5.0506784654509485,2025/3/12 19:00
265.7650368554402,276.08,10.314963144559783,10.314963144559783,3.736222524107523,2025/3/12 19:15
242.96506670858085,273.67,30.704933291419167,30.704933291419167,11.21969280206378,2025/3/12 19:30
232.32909183864876,276.24,43.91090816135127,43.91090816135127,15.89592678878344,2025/3/12 19:45
227.54931353544623,271.23,43.68068646455376,43.68068646455376,16.104666321770324,2025/3/12 20:00
224.53110301127936,271.24,46.70889698872065,46.70889698872065,17.2205047149032,2025/3/12 20:15
222.50368714959475,278.96,56.45631285040525,56.45631285040525,20.238139106103034,2025/3/12 20:30
220.166183246976,292.62,72.453816753024,72.453816753024,24.760377538445507,2025/3/12 20:45
211.3122199588922,309.07,97.7577800411078,97.7577800411078,31.629656725361947,2025/3/12 21:00
191.5254758685873,317.43,125.9045241314127,125.9045241314127,39.663712985972666,2025/3/12 21:15
187.92073802405608,301.24,113.31926197594392,113.31926197594392,37.61760124017604,2025/3/12 21:30
186.25718536270787,267.18,80.92281463729213,80.92281463729213,30.28775156720632,2025/3/12 21:45
188.12690143607995,233.22,45.09309856392005,45.09309856392005,19.3350049583658,2025/3/12 22:00
188.640195533612,211.43,22.78980446638801,22.78980446638801,10.77888874160584,2025/3/12 22:15
187.81531718401143,205.13,17.314682815988533,17.314682815988533,8.44083401549266,2025/3/12 22:30
184.69115962982505,213.44,28.74884037017497,28.74884037017497,13.46928428137252,2025/3/12 22:45
187.0326251383182,215.91,28.8773748616818,28.8773748616818,13.374727831813454,2025/3/12 23:00
178.88298718863726,217.45,38.56701281136273,38.56701281136273,17.73603716318464,2025/3/12 23:15
176.11151990222766,213.73,37.618480097772334,37.618480097772334,17.600935805808607,2025/3/12 23:30
186.90572259468584,198.29,11.384277405314153,11.384277405314153,5.741226186549201,2025/3/12 23:45
179.61455600816095,180.99,1.3754439918390349,1.3754439918390349,0.75995579415342,2025/3/13 0:00
176.43572942525108,158.16,-18.27572942525109,18.27572942525109,11.555215873317865,2025/3/13 0:15
167.98184850219317,154.25,-13.731848502193143,13.731848502193143,8.902332902550564,2025/3/13 0:30
168.69131059400027,173.36,4.668689405999743,4.668689405999743,2.6930603403305544,2025/3/13 0:45
173.84185168385915,175.49,1.648148316140862,1.648148316140862,0.939169363576228,2025/3/13 1:00
174.70173223317053,173.36,-1.341732233170518,1.341732233170518,0.7739572180259252,2025/3/13 1:15
176.3938230795109,170.08,-6.3138230795108825,6.3138230795108825,3.7122666271796634,2025/3/13 1:30
179.1701592923632,183.27,4.099840707636815,4.099840707636815,2.237049548553816,2025/3/13 1:45
179.457530274976,185.97,6.512469725024005,6.512469725024005,3.5018926305428315,2025/3/13 2:00
181.9046730421728,187.67,5.76532695782717,5.76532695782717,3.072055713659135,2025/3/13 2:15
177.350398966194,188.84,11.489601033805997,11.489601033805997,6.084304720292264,2025/3/13 2:30
176.92834661353623,187.51,10.581653386463756,10.581653386463756,5.643247499577683,2025/3/13 2:45
177.34782855605144,193.49,16.14217144394857,16.14217144394857,8.342638608682737,2025/3/13 3:00
181.17314554864225,204.99,23.816854451357784,23.816854451357784,11.618544539414687,2025/3/13 3:15
180.9493271225857,213.6,32.65067287741431,32.65067287741431,15.285895541853476,2025/3/13 3:30
178.03020331634042,207.17,29.13979668365957,29.13979668365957,14.065644969660426,2025/3/13 3:45
172.8643934179544,211.42,38.555606582045584,38.555606582045584,18.236499187412427,2025/3/13 4:00
173.9351078368574,197.01,23.07489216314258,23.07489216314258,11.712548684397174,2025/3/13 4:15
168.83548726021166,165.66,-3.175487260211668,3.175487260211668,1.916870252450653,2025/3/13 4:30
161.0859397018708,164.45,3.364060298129175,3.364060298129175,2.0456432338869743,2025/3/13 4:45
162.91457003574627,177.84,14.925429964253738,14.925429964253738,8.392616938959371,2025/3/13 5:00
159.67579960398967,193.32,33.64420039601032,33.64420039601032,17.403372851227456,2025/3/13 5:15
152.8966453547936,199.76,46.86335464520639,46.86335464520639,23.459829117532504,2025/3/13 5:30
147.0733504041061,186.97,39.89664959589393,39.89664959589393,21.338530029348345,2025/3/13 5:45
140.2008854880905,160.83,20.629114511909503,20.629114511909503,12.826658280107369,2025/3/13 6:00
137.154485669159,188.45,51.295514330841,51.295514330841,27.219694524178184,2025/3/13 6:15
134.67774388098798,219.84,85.16225611901203,85.16225611901203,38.73828971932919,2025/3/13 6:30
136.4271526675617,243.48,107.05284733243828,107.05284733243828,43.96781966995003,2025/3/13 6:45
137.23184680574684,224.62,87.38815319425316,87.38815319425316,38.90488522580993,2025/3/13 7:00
131.47627501590432,205.83,74.35372498409569,74.35372498409569,36.12385220038846,2025/3/13 7:15
128.69256363580354,194.56,65.86743636419646,65.86743636419646,33.85456227598819,2025/3/13 7:30
125.24365042130556,186.25,61.00634957869445,61.00634957869445,32.75508702210024,2025/3/13 7:45
123.11389532831508,179.48,56.36610467168492,56.36610467168492,31.40522881193087,2025/3/13 8:00
120.36725484708798,160.43,40.06274515291203,40.06274515291203,24.972103193222623,2025/3/13 8:15
117.3404582843608,159.29,41.94954171563919,41.94954171563919,26.33532658397442,2025/3/13 8:30
116.47152640194255,171.85,55.37847359805743,55.37847359805743,32.22489007740774,2025/3/13 8:45
109.98219217230906,158.77,48.78780782769096,48.78780782769096,30.728606051307068,2025/3/13 9:00
109.53207887443035,145.34,35.807921125569635,35.807921125569635,24.63734768511421,2025/3/13 9:15
102.75638217421049,136.76,34.003617825789505,34.003617825789505,24.86371587142779,2025/3/13 9:30
99.1529011118491,116.71,17.55709888815089,17.55709888815089,15.04335437249237,2025/3/13 9:45
89.93134698000408,96.41,6.478653019995917,6.478653019995917,6.719897334290216,2025/3/13 10:00
89.76236941497166,75.26,-14.502369414971652,14.502369414971652,19.269690957948956,2025/3/13 10:15
93.9229423268348,70.52,-23.402942326834804,23.402942326834804,33.18624833636078,2025/3/13 10:30
93.7748942469628,74.31,-19.464894246962785,19.464894246962785,26.194178773969305,2025/3/13 10:45
103.13817109113523,89.21,-13.92817109113524,13.92817109113524,15.612791269050138,2025/3/13 11:00
106.8263751140305,101.7,-5.126375114030495,5.126375114030495,5.040683494616966,2025/3/13 11:15
111.20570187463844,130.93,19.72429812536156,19.72429812536156,15.06476600118116,2025/3/13 11:30
128.128932446017,147.18,19.051067553983017,19.051067553983017,12.944060031233914,2025/3/13 11:45
156.28075426101216,192.77,36.48924573898785,36.48924573898785,18.928902702167825,2025/3/13 12:00
161.60948812186754,207.0,45.39051187813246,45.39051187813246,21.92778351599543,2025/3/13 12:15
195.7206690165801,241.6,45.87933098341989,45.87933098341989,18.98978931432157,2025/3/13 12:30
211.093686653522,287.3,76.206313346478,76.206313346478,26.52499594377009,2025/3/13 12:45
228.8507100293916,315.46,86.60928997060839,86.60928997060839,27.45491979033188,2025/3/13 13:00
250.9507614577343,321.67,70.71923854226571,70.71923854226571,21.985027681239696,2025/3/13 13:15
250.61528170679247,330.12,79.50471829320753,79.50471829320753,24.08358121082741,2025/3/13 13:30
248.9481109154852,334.18,85.23188908451479,85.23188908451479,25.50478457253255,2025/3/13 13:45
261.2453252339406,334.55,73.3046747660594,73.3046747660594,21.91142572591167,2025/3/13 14:00
260.77722271896414,333.21,72.43277728103584,72.43277728103584,21.73787619849768,2025/3/13 14:15
269.89619998892715,325.63,55.73380001107285,55.73380001107285,17.11568344779527,2025/3/13 14:30
272.9787547228611,330.56,57.58124527713892,57.58124527713892,17.41930217725118,2025/3/13 14:45
284.9316182630191,329.4,44.46838173698086,44.46838173698086,13.499812306304603,2025/3/13 15:00
273.59115272438595,317.98,44.38884727561407,44.38884727561407,13.959634969369178,2025/3/13 15:15
266.9643624837038,336.43,69.46563751629623,69.46563751629623,20.647872519179497,2025/3/13 15:30
271.51996874217275,348.47,76.95003125782728,76.95003125782728,22.08225421350624,2025/3/13 15:45
270.5287497871461,343.36,72.83125021285389,72.83125021285389,21.21133801631893,2025/3/13 16:00
266.7698852336481,340.15,73.38011476635182,73.38011476635182,21.572869253661693,2025/3/13 16:15
271.6547706687963,341.13,69.4752293312037,69.4752293312037,20.36620330407274,2025/3/13 16:30
275.62783121275453,348.34,72.71216878724545,72.71216878724545,20.873907328249576,2025/3/13 16:45
276.25797205355855,348.17,71.91202794644147,71.91202794644147,20.654286109205508,2025/3/13 17:00
273.2058869428806,351.42,78.21411305711939,78.21411305711939,22.256591274570923,2025/3/13 17:15
273.52726349312854,326.52,52.99273650687144,52.99273650687144,16.22955301569742,2025/3/13 17:30
269.0499193845158,313.87,44.82008061548419,44.82008061548419,14.27982305268739,2025/3/13 17:45
279.38826053149126,310.39,31.00173946850873,31.00173946850873,9.987995576049082,2025/3/13 18:00
276.2238097488301,296.56,20.336190251169853,20.336190251169853,6.857361158336592,2025/3/13 18:15
271.5657958878888,257.7,-13.865795887888794,13.865795887888794,5.380595998402566,2025/3/13 18:30
269.0536267840497,230.29,-38.76362678404976,38.76362678404976,16.832527154471723,2025/3/13 18:45
260.209799427058,221.19,-39.01979942705799,39.01979942705799,17.640851497373458,2025/3/13 19:00
251.771539075139,229.12,-22.651539075139,22.651539075139,9.886321174550067,2025/3/13 19:15
248.6687417352496,242.06,-6.608741735249566,6.608741735249566,2.730208103464776,2025/3/13 19:30
243.82082669463043,247.52,3.699173305369584,3.699173305369584,1.4944947096671335,2025/3/13 19:45
233.7676155952097,256.96,23.19238440479029,23.19238440479029,9.025678862383742,2025/3/13 20:00
224.75379937272595,270.85,46.09620062727407,46.09620062727407,17.019088287707977,2025/3/13 20:15
221.94176895301356,287.25,65.30823104698646,65.30823104698646,22.735676604687114,2025/3/13 20:30
207.6688362809124,290.38,82.71116371908764,82.71116371908764,28.483767380349597,2025/3/13 20:45
195.119445553329,285.18,90.060554446671,90.060554446671,31.58024912218228,2025/3/13 21:00
196.81158202033043,285.5,88.68841797966957,88.68841797966957,31.06424447623065,2025/3/13 21:15
196.8330421766188,273.78,76.94695782338121,76.94695782338121,28.105397700107066,2025/3/13 21:30
193.90571573104185,273.15,79.24428426895815,79.24428426895815,29.01127009662425,2025/3/13 21:45
193.38453582232503,279.68,86.29546417767494,86.29546417767494,30.855071573814392,2025/3/13 22:00
192.8667605932712,278.75,85.88323940672882,85.88323940672882,30.810130728860276,2025/3/13 22:15
191.5924344395838,274.83,83.23756556041619,83.23756556041619,30.286928486841287,2025/3/13 22:30
188.09337765751252,261.71,73.61662234248743,73.61662234248743,28.129082703167363,2025/3/13 22:45
183.02393739791728,254.01,70.98606260208271,70.98606260208271,27.94616849811219,2025/3/13 23:00
187.42496271207975,237.81,50.38503728792023,50.38503728792023,21.187097804086893,2025/3/13 23:15
182.09703166825676,234.41,52.312968331743264,52.312968331743264,22.316867169370312,2025/3/13 23:30
190.3090334853769,222.98,32.6709665146231,32.6709665146231,14.651971708049356,2025/3/13 23:45
193.69754585865564,244.71,51.01245414134437,51.01245414134437,20.846084811132982,2025/3/14 0:00
202.10865364345065,273.92,71.8113463565494,71.8113463565494,26.216174925716697,2025/3/14 0:15
206.45368240495,270.9,64.44631759505,64.44631759505,23.789707491704032,2025/3/14 0:30
212.93377618328503,262.22,49.286223816714994,49.286223816714994,18.795753114444437,2025/3/14 0:45
215.96240756974396,263.89,47.927592430256055,47.927592430256055,18.16195855479097,2025/3/14 1:00
217.52726029973363,276.88,59.35273970026637,59.35273970026637,21.4362683112702,2025/3/14 1:15
211.6399805549637,273.35,61.71001944503632,61.71001944503632,22.57545982989345,2025/3/14 1:30
212.75175024840323,259.94,47.18824975159674,47.18824975159674,18.15351610047649,2025/3/14 1:45
217.5823560723309,248.56,30.977643927669103,30.977643927669103,12.46284354991014,2025/3/14 2:00
217.6033877433,246.63,29.02661225670002,29.02661225670002,11.769294999265398,2025/3/14 2:15
208.54264017701448,243.42,34.87735982298551,34.87735982298551,14.328058426986768,2025/3/14 2:30
209.7099557488112,262.01,52.30004425118878,52.30004425118878,19.961087077275227,2025/3/14 2:45
203.54687086073343,270.46,66.91312913926652,66.91312913926652,24.74048995756925,2025/3/14 3:00
202.63291589444864,272.92,70.2870841055514,70.2870841055514,25.75373153507462,2025/3/14 3:15
207.66379345856868,288.0,80.33620654143132,80.33620654143132,27.894516160209527,2025/3/14 3:30
197.5264753184454,291.75,94.2235246815546,94.2235246815546,32.2959810390822,2025/3/14 3:45
200.9409371881634,287.1,86.15906281183663,86.15906281183663,30.01012288812491,2025/3/14 4:00
198.57633637210049,292.98,94.40366362789956,94.40366362789956,32.22187986479191,2025/3/14 4:15
203.77779773274668,298.19,94.41220226725332,94.41220226725332,31.661760041323205,2025/3/14 4:30
202.1936970350924,303.14,100.94630296490764,100.94630296490764,33.300225296851075,2025/3/14 4:45
198.58404337338592,311.64,113.05595662661406,113.05595662661406,36.27774246777621,2025/3/14 5:00
203.97531648367823,309.75,105.77468351632176,105.77468351632176,34.14840468645283,2025/3/14 5:15
207.8196730104366,308.26,100.4403269895634,100.4403269895634,32.58299065384118,2025/3/14 5:30
202.2655773302104,314.83,112.56442266978956,112.56442266978956,35.75403318290945,2025/3/14 5:45
205.8610550595663,307.01,101.1489449404337,101.1489449404337,32.94646589374963,2025/3/14 6:00
201.01909490110432,326.44,125.42090509889567,125.42090509889567,38.420813962399606,2025/3/14 6:15
200.76595864575984,322.31,121.54404135424016,121.54404135424016,37.71029175458486,2025/3/14 6:30
192.8104603970837,327.34,134.5295396029163,134.5295396029163,41.097800330810536,2025/3/14 6:45
184.70657456724305,336.53,151.82342543275695,151.82342543275695,45.11438071872102,2025/3/14 7:00
176.3902686161021,338.94,162.5497313838979,162.5497313838979,47.95826145744083,2025/3/14 7:15
175.93208901775924,337.82,161.88791098224075,161.88791098224075,47.9213518981093,2025/3/14 7:30
171.39857791127508,327.58,156.1814220887249,156.1814220887249,47.67733747135882,2025/3/14 7:45
167.39781105179688,305.59,138.1921889482031,138.1921889482031,45.22143687560388,2025/3/14 8:00
167.37408131717032,275.97,108.5959186828297,108.5959186828297,39.350624590640415,2025/3/14 8:15
165.80117082094876,234.84,69.03882917905125,69.03882917905125,29.398241006226307,2025/3/14 8:30
165.1961551238073,209.49,44.29384487619271,44.29384487619271,21.143655962657675,2025/3/14 8:45
156.9515536309299,180.34,23.388446369070092,23.388446369070092,12.969084157179289,2025/3/14 9:00
141.51454746239995,153.63,12.11545253760005,12.11545253760005,7.886124153871096,2025/3/14 9:15
134.74316312742795,143.28,8.536836872572053,8.536836872572053,5.9581496877206135,2025/3/14 9:30
132.50873377685397,121.68,-10.828733776853966,10.828733776853966,8.89935385999759,2025/3/14 9:45
119.76523506855398,140.7,20.93476493144601,20.93476493144601,14.87900848005056,2025/3/14 10:00
131.75054012865385,143.68,11.929459871346154,11.929459871346154,8.302797794639373,2025/3/14 10:15
136.5761967829853,116.61,-19.966196782985307,19.966196782985307,17.12219945370739,2025/3/14 10:30
140.44212231716529,96.01,-44.43212231716528,44.43212231716528,46.27864005532653,2025/3/14 10:45
138.57087372416134,111.57,-27.00087372416135,27.00087372416135,24.20083689534566,2025/3/14 11:00
151.12447167385568,140.55,-10.574471673855667,10.574471673855667,7.523636907753928,2025/3/14 11:15
161.968448678369,178.86,16.891551321631,16.891551321631,9.444007224433388,2025/3/14 11:30
169.6709616844967,226.98,57.3090383155033,57.3090383155033,25.24849692284697,2025/3/14 11:45
209.7993110183667,262.06,52.26068898163331,52.26068898163331,19.94226092559466,2025/3/14 12:00
235.9938743251561,288.96,52.96612567484388,52.96612567484388,18.32991613885159,2025/3/14 12:15
254.9412203826268,326.44,71.4987796173732,71.4987796173732,21.90257922354837,2025/3/14 12:30
261.41158095721835,339.34,77.92841904278163,77.92841904278163,22.96470178663248,2025/3/14 12:45
263.5359543587238,341.68,78.1440456412762,78.1440456412762,22.870535483860134,2025/3/14 13:00
270.4352684917513,329.03,58.594731508248685,58.594731508248685,17.808324927280456,2025/3/14 13:15
270.8948352402352,333.58,62.6851647597648,62.6851647597648,18.791643611651185,2025/3/14 13:30
264.2783648328361,343.25,78.97163516716392,78.97163516716392,23.007031366974772,2025/3/14 13:45
269.79580966068227,339.15,69.35419033931771,69.35419033931771,20.449414813297143,2025/3/14 14:00
280.6341819621533,336.82,56.18581803784667,56.18581803784667,16.681259437631375,2025/3/14 14:15
277.5961878183423,330.35,52.753812181657736,52.753812181657736,15.969066802373774,2025/3/14 14:30
281.1656453206298,324.05,42.88435467937023,42.88435467937023,13.23386967423453,2025/3/14 14:45
270.9480991949048,319.3,48.35190080509523,48.35190080509523,15.143094520851893,2025/3/14 15:00
274.70060755271265,331.22,56.51939244728737,56.51939244728737,17.064003516475548,2025/3/14 15:15
277.0842853214032,343.85,66.76571467859685,66.76571467859685,19.41710474875016,2025/3/14 15:30
262.8353928792863,332.67,69.83460712071371,69.83460712071371,20.992156527697936,2025/3/14 15:45
259.1658051846379,319.02,59.854194815362064,59.854194815362064,18.76189418072325,2025/3/14 16:00
266.31462336991626,322.13,55.81537663008373,55.81537663008373,17.326972535953313,2025/3/14 16:15
267.33870036076456,311.04,43.70129963923546,43.70129963923546,14.050057754379312,2025/3/14 16:30
283.1993250414057,314.11,30.910674958594317,30.910674958594317,9.840716614747851,2025/3/14 16:45
282.6350627640005,310.8,28.164937235999503,28.164937235999503,9.062077617757543,2025/3/14 17:00
278.86312113124006,303.99,25.126878868759945,25.126878868759945,8.265692578292603,2025/3/14 17:15
274.53888962871684,307.63,33.09111037128315,33.09111037128315,10.756789120460422,2025/3/14 17:30
272.3028647570852,295.13,22.82713524291478,22.82713524291478,7.734603477419119,2025/3/14 17:45
272.7241481977601,282.33,9.605851802239895,9.605851802239895,3.402348954144616,2025/3/14 18:00
266.9332599658589,266.13,-0.8032599658589561,0.8032599658589561,0.3018299199108158,2025/3/14 18:15
272.55366977911075,257.57,-14.983669779110755,14.983669779110755,5.817319477852599,2025/3/14 18:30
282.92274674222773,259.13,-23.79274674222773,23.79274674222773,9.181780088071068,2025/3/14 18:45
280.10458416428577,259.21,-20.89458416428579,20.89458416428579,8.060871171744042,2025/3/14 19:00
274.2309884264597,240.26,-33.97098842645971,33.97098842645971,14.139260978292508,2025/3/14 19:15
274.6698249607382,229.12,-45.54982496073819,45.54982496073819,19.88033561483865,2025/3/14 19:30
275.1151651406602,214.36,-60.75516514066021,60.75516514066021,28.34258496950544,2025/3/14 19:45
266.34597484559043,202.74,-63.60597484559042,63.60597484559042,31.37317492628936,2025/3/14 20:00
256.80103128209686,196.59,-60.211031282096855,60.211031282096855,30.62771823697351,2025/3/14 20:15
240.16536807043215,195.49,-44.67536807043217,44.67536807043217,22.85301962781181,2025/3/14 20:30
235.5243708166566,162.99,-72.5343708166566,72.5343708166566,44.50234420308737,2025/3/14 20:45
240.34384628874565,154.5,-85.84384628874565,85.84384628874565,55.56236005740459,2025/3/14 21:00
240.53477302714032,137.93,-102.60477302714033,102.60477302714033,74.38901836226052,2025/3/14 21:15
236.83485168388407,119.51,-117.32485168388406,117.32485168388406,98.1715770092761,2025/3/14 21:30
218.2124738674471,122.24,-95.9724738674471,95.9724738674471,78.51151330772954,2025/3/14 21:45
207.43596128430008,132.43,-75.00596128430007,75.00596128430007,56.63819473249523,2025/3/14 22:00
199.9560113016556,134.57,-65.3860113016556,65.3860113016556,48.58884692101287,2025/3/14 22:15
205.08435681532467,124.53,-80.55435681532467,80.55435681532467,64.68670747230385,2025/3/14 22:30
204.1633435567804,122.21,-81.95334355678041,81.95334355678041,67.05944158146907,2025/3/14 22:45
213.97934373705692,140.33,-73.64934373705694,73.64934373705694,52.48296425354839,2025/3/14 23:00
207.59617531470465,151.16,-56.43617531470463,56.43617531470463,37.33538986151581,2025/3/14 23:15
204.62158356001893,165.82,-38.80158356001894,38.80158356001894,23.399821227834728,2025/3/14 23:30
214.6369419598187,189.68,-24.956941959818693,24.956941959818693,13.15739242925218,2025/3/14 23:45
218.01583340062325,207.04,-10.97583340062326,10.97583340062326,5.301310568304656,2025/3/15 0:00
215.71707659353748,220.42,4.702923406462503,4.702923406462503,2.133619184493408,2025/3/15 0:15
205.54932469946743,244.51,38.96067530053256,38.96067530053256,15.934184818828117,2025/3/15 0:30
197.73622078481537,242.48,44.74377921518462,44.74377921518462,18.452564836343686,2025/3/15 0:45
188.3223363848441,215.0,26.677663615155865,26.677663615155865,12.408215634950444,2025/3/15 1:00
175.63474430937347,201.38,25.74525569062652,25.74525569062652,12.784415379190456,2025/3/15 1:15
175.73907589602254,174.13,-1.6090758960225455,1.6090758960225455,0.9240658680420502,2025/3/15 1:30
169.53528772185882,192.02,22.48471227814119,22.48471227814119,11.70956789820304,2025/3/15 1:45
168.0619055736195,238.55,70.48809442638051,70.48809442638051,29.548561905827277,2025/3/15 2:00
170.0270943564193,258.9,88.87290564358068,88.87290564358068,34.327116895923666,2025/3/15 2:15
171.26082651280416,249.25,77.98917348719584,77.98917348719584,31.2895380088925,2025/3/15 2:30
166.07129264246836,207.48,41.408707357531625,41.408707357531625,19.957927201422628,2025/3/15 2:45
161.02133944550832,179.77,18.748660554491693,18.748660554491693,10.429248792613484,2025/3/15 3:00
155.58894645050614,165.63,10.041053549493853,10.041053549493853,6.062339883769723,2025/3/15 3:15
146.9269041319661,149.42,2.4930958680338904,2.4930958680338904,1.668515505308675,2025/3/15 3:30
130.65393354862042,139.12,8.46606645137959,8.46606645137959,6.08544167004996,2025/3/15 3:45
127.32944582077174,117.0,-10.329445820771738,10.329445820771738,8.82858617159223,2025/3/15 4:00
119.58549457606416,141.67,22.08450542393584,22.08450542393584,15.588695859335251,2025/3/15 4:15
114.32281344798176,140.99,26.66718655201824,26.66718655201824,18.91423969926897,2025/3/15 4:30
107.08174987454876,137.64,30.558250125451224,30.558250125451224,22.201576667704902,2025/3/15 4:45
100.24722173048474,144.6,44.352778269515255,44.352778269515255,30.672737392451303,2025/3/15 5:00
92.01609647908477,143.96,51.943903520915256,51.943903520915256,36.08217805006889,2025/3/15 5:15
90.6882772792032,145.43,54.741722720796815,54.741722720796815,37.6412863375914,2025/3/15 5:30
88.27051821086667,139.31,51.03948178913333,51.03948178913333,36.63734246579334,2025/3/15 5:45
82.92942724964028,128.79,45.86057275035971,45.86057275035971,35.60879940237915,2025/3/15 6:00
74.55255057265194,123.34,48.78744942734807,48.78744942734807,39.55525330574713,2025/3/15 6:15
72.65035475122167,122.91,50.25964524877833,50.25964524877833,40.891420753996776,2025/3/15 6:30
66.40571664467316,110.91,44.504283355326834,44.504283355326834,40.12648395571789,2025/3/15 6:45
69.94950685601023,142.47,72.52049314398977,72.52049314398977,50.90229040776225,2025/3/15 7:00
63.83372819800562,133.41,69.57627180199438,69.57627180199438,52.152216327068615,2025/3/15 7:15
71.41080806589508,161.41,89.99919193410491,89.99919193410491,55.75812646927029,2025/3/15 7:30
67.16648676135702,162.95,95.78351323864295,95.78351323864295,58.780922515240384,2025/3/15 7:45
68.96915826142993,161.0,92.03084173857007,92.03084173857007,57.16201350218194,2025/3/15 8:00
68.9856561938384,151.61,82.62434380616162,82.62434380616162,54.497951194582896,2025/3/15 8:15
68.71667138821944,164.53,95.81332861178056,95.81332861178056,58.23456428111733,2025/3/15 8:30
69.53571998749673,168.55,99.01428001250328,99.01428001250328,58.74475230640434,2025/3/15 8:45
71.07982313385384,157.6,86.52017686614616,86.52017686614616,54.89858938203761,2025/3/15 9:00
67.80659694245712,142.92,75.11340305754287,75.11340305754287,52.55625738699296,2025/3/15 9:15
69.68236209350356,112.54,42.85763790649645,42.85763790649645,38.08213782340356,2025/3/15 9:30
76.20745754694248,76.3,0.0925424530575185,0.0925424530575185,0.1212876186859727,2025/3/15 9:45
63.09871760378645,57.79,-5.308717603786448,5.308717603786448,9.186221844224368,2025/3/15 10:00
54.2996617275574,45.07,-9.2296617275574,9.2296617275574,20.47850394394701,2025/3/15 10:15
39.58504234817404,35.85,-3.7350423481740407,3.7350423481740407,10.418528167820424,2025/3/15 10:30
38.52337593579512,35.55,-2.9733759357951257,2.9733759357951257,8.363926682944477,2025/3/15 10:45
34.722130647934485,21.59,-13.132130647934485,13.132130647934485,60.82506089797898,2025/3/15 11:00
26.086129427776918,26.06,-0.0261294277769152,0.0261294277769152,0.1002664151067345,2025/3/15 11:15
22.81155084834506,37.11,14.29844915165494,14.29844915165494,38.52990878904988,2025/3/15 11:30
23.534258146488977,40.43,16.895741853511023,16.895741853511023,41.79011094105672,2025/3/15 11:45
28.0619064941692,72.23,44.16809350583081,44.16809350583081,61.14923647482993,2025/3/15 12:00
30.11197178745393,91.23,61.11802821254607,61.11802821254607,66.99334452754475,2025/3/15 12:15
33.959736933692795,105.86,71.9002630663072,71.9002630663072,67.9201427037968,2025/3/15 12:30
48.39799146709441,135.65,87.25200853290559,87.25200853290559,64.32142169763455,2025/3/15 12:45
50.59451656990948,162.11,111.51548343009054,111.51548343009054,68.79000890137668,2025/3/15 13:00
71.99256745743895,175.86,103.86743254256106,103.86743254256106,59.06256826026498,2025/3/15 13:15
90.55162525552952,196.72,106.16837474447048,106.16837474447048,53.969283623635874,2025/3/15 13:30
114.6656750816048,238.62,123.9543249183952,123.9543249183952,51.946326761521775,2025/3/15 13:45
132.36472081076877,248.0,115.63527918923124,115.63527918923124,46.62712870531637,2025/3/15 14:00
150.3151001040907,257.8,107.48489989590932,107.48489989590932,41.69313417217518,2025/3/15 14:15
162.3619603439781,285.72,123.35803965602192,123.35803965602192,43.17445039058475,2025/3/15 14:30
177.67612929798148,287.87,110.19387070201851,110.19387070201851,38.27903939346936,2025/3/15 14:45
182.5782709796888,283.52,100.9417290203112,100.9417290203112,35.60303647724169,2025/3/15 15:00
193.21220098007865,288.1,94.88779901992136,94.88779901992136,32.935716424813755,2025/3/15 15:15
197.9281396641164,280.64,82.71186033588361,82.71186033588361,29.47258421317494,2025/3/15 15:30
211.6749216066328,294.32,82.64507839336719,82.64507839336719,28.08000760850065,2025/3/15 15:45
248.69755245045303,280.14,31.442447549546955,31.442447549546955,11.223833636587326,2025/3/15 16:00
251.70238226682068,269.35,17.647617733179345,17.647617733179345,6.55192787569066,2025/3/15 16:15
261.378706610266,258.01,-3.368706610266031,3.368706610266031,1.3056496299619107,2025/3/15 16:30
265.1478777729459,250.29,-14.857877772945898,14.857877772945898,5.936265041727581,2025/3/15 16:45
268.0693272494698,227.88,-40.18932724946978,40.18932724946978,17.63618011648769,2025/3/15 17:00
259.94412378790577,245.6,-14.344123787905772,14.344123787905772,5.840441281718213,2025/3/15 17:15
260.7259576584472,242.93,-17.795957658447207,17.795957658447207,7.325549606240432,2025/3/15 17:30
245.3786885857263,224.47,-20.90868858572631,20.90868858572631,9.314691756456096,2025/3/15 17:45
209.67927558121897,208.43,-1.249275581218967,1.249275581218967,0.5993741693702287,2025/3/15 18:00
184.2111204991336,171.38,-12.83112049913359,12.83112049913359,7.486941591274422,2025/3/15 18:15
163.36344798646294,147.82,-15.543447986462953,15.543447986462953,10.515118378062803,2025/3/15 18:30
161.6744441030131,101.31,-60.364444103013085,60.364444103013085,59.58389507743904,2025/3/15 18:45
162.47711677510736,78.21,-84.26711677510737,84.26711677510737,107.74468325661633,2025/3/15 19:00
155.25686046659848,61.6,-93.65686046659847,93.65686046659847,152.0403579000754,2025/3/15 19:15
148.79053040236371,112.66,-36.13053040236372,36.13053040236372,32.07041576631603,2025/3/15 19:30
141.98775944534185,137.05,-4.93775944534184,4.93775944534184,3.6028890516878778,2025/3/15 19:45
138.17187028057958,171.65,33.47812971942042,33.47812971942042,19.503716702243477,2025/3/15 20:00
136.95967004041066,209.21,72.25032995958935,72.25032995958935,34.53483579157536,2025/3/15 20:15
137.11767451674731,231.87,94.75232548325268,94.75232548325268,40.86441776996241,2025/3/15 20:30
131.42478561528023,239.85,108.42521438471977,108.42521438471977,45.20542605156329,2025/3/15 20:45
130.43729013929533,241.37,110.93270986070468,110.93270986070468,45.95960967007446,2025/3/15 21:00
123.32064859235368,254.36,131.03935140764634,131.03935140764634,51.51727921355356,2025/3/15 21:15
131.19645606696642,243.24,112.0435439330336,112.0435439330336,46.062960011917255,2025/3/15 21:30
122.67325438789588,249.7,127.02674561210412,127.02674561210412,50.871744338026936,2025/3/15 21:45
127.17742403001296,244.46,117.28257596998704,117.28257596998704,47.97618259426453,2025/3/15 22:00
126.03237359773122,239.06,113.02762640226878,113.02762640226878,47.2800244299429,2025/3/15 22:15
132.14326357291046,239.57,107.42673642708954,107.42673642708954,44.84148116502262,2025/3/15 22:30
133.38013409376794,225.68,92.29986590623209,92.29986590623209,40.898558093845786,2025/3/15 22:45
144.71002828822043,209.37,64.65997171177958,64.65997171177958,30.88311205604848,2025/3/15 23:00
147.65863057554785,206.91,59.25136942445215,59.25136942445215,28.636300528936985,2025/3/15 23:15
149.18451744179254,213.02,63.835482558207474,63.835482558207474,29.96689632812765,2025/3/15 23:30
151.5385695380726,205.92,54.38143046192738,54.38143046192738,26.40900857706924,2025/3/15 23:45
157.58128368648138,197.64,40.0587163135186,40.0587163135186,20.26852677266664,2025/3/16 0:00
153.69595078537589,179.77,26.074049214624125,26.074049214624125,14.504115934032164,2025/3/16 0:15
154.09949880969032,175.95,21.85050119030967,21.85050119030967,12.418585501731888,2025/3/16 0:30
162.2117235558538,173.39,11.178276444146178,11.178276444146178,6.446898001118711,2025/3/16 0:45
159.7644575810133,169.57,9.805542418986704,9.805542418986704,5.782592686784763,2025/3/16 1:00
161.17240234668003,170.24,9.06759765331998,9.06759765331998,5.326361403497799,2025/3/16 1:15
166.66980491034315,176.88,10.21019508965682,10.21019508965682,5.772385283610951,2025/3/16 1:30
164.076656351267,178.14,14.063343648732996,14.063343648732996,7.894545665614181,2025/3/16 1:45
168.51897119721383,183.56,15.041028802786172,15.041028802786172,8.19406668270755,2025/3/16 2:00
171.17432518433947,195.14,23.96567481566052,23.96567481566052,12.281272325329631,2025/3/16 2:15
167.04460863485318,204.89,37.84539136514681,37.84539136514681,18.471077829629724,2025/3/16 2:30
162.0490424614985,205.43,43.38095753850152,43.38095753850152,21.117148195726237,2025/3/16 2:45
164.9805486117945,201.44,36.45945138820551,36.45945138820551,18.09940994250765,2025/3/16 3:00
167.22186000921292,194.79,27.568139990787078,27.568139990787078,14.15274910969399,2025/3/16 3:15
151.29798384833222,188.72,37.422016151667776,37.422016151667776,19.82938541312418,2025/3/16 3:30
149.2523917721465,175.04,25.787608227853497,25.787608227853497,14.732408722485586,2025/3/16 3:45
148.83325421231555,166.75,17.916745787684448,17.916745787684448,10.744675135036704,2025/3/16 4:00
151.3818640979695,154.51,3.1281359020304933,3.1281359020304933,2.024552392743816,2025/3/16 4:15
143.60477014114142,157.06,13.455229858858589,13.455229858858589,8.566936112854972,2025/3/16 4:30
140.5583275807894,153.11,12.551672419210604,12.551672419210604,8.197813610608325,2025/3/16 4:45
133.51225914114696,142.24,8.727740858853053,8.727740858853053,6.135925800651657,2025/3/16 5:00
128.0132967458388,135.11,7.096703254161213,7.096703254161213,5.252537380028096,2025/3/16 5:15
133.45130586831928,126.03,-7.42130586831928,7.42130586831928,5.888523262963891,2025/3/16 5:30
133.33756495873004,117.18,-16.157564958730035,16.157564958730035,13.788671239730538,2025/3/16 5:45
131.55753662762345,115.32,-16.237536627623456,16.237536627623456,14.080416777323428,2025/3/16 6:00
130.96283026212208,112.11,-18.852830262122083,18.852830262122083,16.81636808679446,2025/3/16 6:15
132.83596458049138,127.39,-5.445964580491378,5.445964580491378,4.275033032802498,2025/3/16 6:30
131.6425778614671,139.81,8.167422138532913,8.167422138532913,5.841801114746493,2025/3/16 6:45
129.08291928147625,144.21,15.127080718523755,15.127080718523755,10.489619803420892,2025/3/16 7:00
123.07719723641864,151.84,28.762802763581377,28.762802763581377,18.9428363827466,2025/3/16 7:15
120.17201479008182,153.58,33.407985209918195,33.407985209918195,21.752822769824483,2025/3/16 7:30
119.18346381386176,162.61,43.42653618613825,43.42653618613825,26.705944398322085,2025/3/16 7:45
122.67869791893668,158.39,35.711302081063295,35.711302081063295,22.54643732624582,2025/3/16 8:00
119.30578972417844,150.21,30.90421027582157,30.90421027582157,20.57400324598961,2025/3/16 8:15
120.6613642351914,133.84,13.17863576480859,13.17863576480859,9.84655989599428,2025/3/16 8:30
120.06710510934532,141.63,21.56289489065466,21.56289489065466,15.224807520044791,2025/3/16 8:45
119.55770921240295,149.36,29.802290787597045,29.802290787597045,19.953328058099284,2025/3/16 9:00
110.10944384596458,158.14,48.03055615403541,48.03055615403541,30.372174120402835,2025/3/16 9:15
103.34135857457936,148.5,45.15864142542063,45.15864142542063,30.40985954571732,2025/3/16 9:30
99.45063060729596,133.79,34.33936939270404,34.33936939270404,25.666618874862383,2025/3/16 9:45
94.3596042428395,132.19,37.8303957571605,37.8303957571605,28.61819786453733,2025/3/16 10:00
90.41132713870952,110.65,20.238672861290496,20.238672861290496,18.290712030069773,2025/3/16 10:15
92.03210023992534,104.16,12.127899760074657,12.127899760074657,11.643528955513643,2025/3/16 10:30
82.03430959178417,95.83,13.795690408215831,13.795690408215831,14.396003765210724,2025/3/16 10:45
80.56099225791024,94.52,13.959007742089751,13.959007742089751,14.768311195593508,2025/3/16 11:00
67.35429248051075,109.91,42.555707519489246,42.555707519489246,38.71868576057732,2025/3/16 11:15
65.32154656467856,114.6,49.27845343532144,49.27845343532144,43.00039566778223,2025/3/16 11:30
66.31762546073303,85.74,19.42237453926697,19.42237453926697,22.652641170100672,2025/3/16 11:45
62.83872764157158,117.13,54.291272358428415,54.291272358428415,46.35129544811924,2025/3/16 12:00
54.17663074461201,127.18,73.003369255388,73.003369255388,57.40161130313774,2025/3/16 12:15
47.250108975585775,116.93,69.67989102441423,69.67989102441423,59.59111521795487,2025/3/16 12:30
43.60495146879417,116.8,73.19504853120583,73.19504853120583,62.66699360543079,2025/3/16 12:45
33.747284928413926,109.91,76.16271507158606,76.16271507158606,69.29552822447162,2025/3/16 13:00
35.99171324389726,97.83,61.83828675610274,61.83828675610274,63.20994250847341,2025/3/16 13:15
33.73878200053769,84.04,50.30121799946232,50.30121799946232,59.85390052284919,2025/3/16 13:30
32.39537152026232,77.36,44.96462847973768,44.96462847973768,58.12387342254337,2025/3/16 13:45
28.84959847403461,74.15,45.3004015259654,45.3004015259654,61.09292181511032,2025/3/16 14:00
30.394878001231348,71.64,41.24512199876865,41.24512199876865,57.57275544208693,2025/3/16 14:15
31.590155666259903,80.24,48.64984433374009,48.64984433374009,60.6304141745756,2025/3/16 14:30
30.16151637223804,79.55,49.38848362776196,49.38848362776196,62.08483171301052,2025/3/16 14:45
31.8188299561716,67.1,35.2811700438284,35.2811700438284,52.57998516211001,2025/3/16 15:00
33.24655970830017,64.33,31.08344029169983,31.08344029169983,48.31873199386214,2025/3/16 15:15
26.986951879852104,75.59,48.6030481201479,48.6030481201479,64.29825125027597,2025/3/16 15:30
35.101707752698864,88.18,53.07829224730114,53.07829224730114,60.1931189013846,2025/3/16 15:45
35.42222090166501,86.16,50.73777909833499,50.73777909833499,58.88785874915983,2025/3/16 16:00
33.782008935913105,87.53,53.7479910640869,53.7479910640869,61.40522228267508,2025/3/16 16:15
30.098877904864157,73.55,43.45112209513584,43.45112209513584,59.07698449364618,2025/3/16 16:30
31.49496549091085,76.13,44.635034509089145,44.635034509089145,58.63002037177265,2025/3/16 16:45
30.3330818306838,69.92,39.586918169316206,39.586918169316206,56.61744589424998,2025/3/16 17:00
31.995708578069607,65.39,33.39429142193039,33.39429142193039,51.06941645798948,2025/3/16 17:15
30.46132073847657,65.56,35.09867926152344,35.09867926152344,53.53672858674481,2025/3/16 17:30
31.1225259547258,59.23,28.107474045274195,28.107474045274195,47.45479325549002,2025/3/16 17:45
33.22430589312682,58.9,25.67569410687318,25.67569410687318,43.59201036813173,2025/3/16 18:00
36.12499298888922,65.7,29.575007011110785,29.575007011110785,45.01523137148519,2025/3/16 18:15
39.72126844868797,74.96,35.23873155131202,35.23873155131202,47.01004742698108,2025/3/16 18:30
40.20162354254526,75.62,35.41837645745474,35.41837645745474,46.83731348506731,2025/3/16 18:45
41.00067396426908,72.9,31.89932603573093,31.89932603573093,43.7576488829728,2025/3/16 19:00
42.11605240121813,61.24,19.123947598781868,19.123947598781868,31.22787001755493,2025/3/16 19:15
47.967717314030175,57.03,9.062282685969826,9.062282685969826,15.890378197359173,2025/3/16 19:30
48.16241414368808,56.58,8.417585856311923,8.417585856311923,14.87731681918884,2025/3/16 19:45
52.6658404704308,60.27,7.604159529569202,7.604159529569202,12.616823510132049,2025/3/16 20:00
55.44278626290355,68.93,13.487213737096454,13.487213737096454,19.56653668515434,2025/3/16 20:15
62.11846012521464,71.98,9.861539874785365,9.861539874785365,13.700388822967025,2025/3/16 20:30
63.41593946892336,72.11,8.694060531076644,8.694060531076644,12.056664167334056,2025/3/16 20:45
67.72813475547834,76.19,8.461865244521661,8.461865244521661,11.106267547592276,2025/3/16 21:00
74.44392880572566,76.49,2.046071194274333,2.046071194274333,2.674952535327047,2025/3/16 21:15
69.13031438500668,75.36,6.229685614993315,6.229685614993315,8.266567960436635,2025/3/16 21:30
67.71393550289122,70.83,3.1160644971087805,3.1160644971087805,4.39935690682533,2025/3/16 21:45
65.20860613997196,58.36,-6.848606139971963,6.848606139971963,11.73510304996612,2025/3/16 22:00
66.52085483202937,51.17,-15.35085483202937,15.35085483202937,29.999716302519776,2025/3/16 22:15
69.0279434475641,44.79,-24.2379434475641,24.2379434475641,54.11463149700823,2025/3/16 22:30
68.53490348165924,43.79,-24.744903481659243,24.744903481659243,56.50811482439537,2025/3/16 22:45
74.86299044541062,45.93,-28.932990445410617,28.932990445410617,62.993665241340345,2025/3/16 23:00
70.23678081021258,52.68,-17.55678081021258,17.55678081021258,33.327222494645504,2025/3/16 23:15
70.54450162988879,65.43,-5.114501629888778,5.114501629888778,7.81675321699673,2025/3/16 23:30
60.68020897604208,64.93,4.2497910239579255,4.2497910239579255,6.54518870160385,2025/3/16 23:45
57.50425640529701,74.75,17.245743594702986,17.245743594702986,23.071228889203898,2025/3/17 0:00
49.770426815117176,76.51,26.73957318488283,26.73957318488283,34.949121925039705,2025/3/17 0:15
47.77617733613775,75.43,27.653822663862258,27.653822663862258,36.66157054729629,2025/3/17 0:30
44.45698706564845,77.19,32.73301293435155,32.73301293435155,42.40576879687673,2025/3/17 0:45
43.7986578659803,74.4,30.601342134019703,30.601342134019703,41.130836201584096,2025/3/17 1:00
44.26038638671584,69.49,25.22961361328416,25.22961361328416,36.306826325007705,2025/3/17 1:15
45.659455202310525,70.75,25.090544797689475,25.090544797689475,35.46366755852157,2025/3/17 1:30
44.71523837873174,74.75,30.03476162126826,30.03476162126826,40.18028310532185,2025/3/17 1:45
42.2130816586167,83.02,40.806918341383295,40.806918341383295,49.15311773227432,2025/3/17 2:00
38.20354464602266,83.71,45.50645535397733,45.50645535397733,54.3620300488866,2025/3/17 2:15
37.17435438336226,89.0,51.825645616637736,51.825645616637736,58.23106249053877,2025/3/17 2:30
35.076714972920904,79.29,44.2132850270791,44.2132850270791,55.76148950311936,2025/3/17 2:45
38.29746419245489,68.71,30.412535807545105,30.412535807545105,44.26216825425825,2025/3/17 3:00
37.97548401911378,63.72,25.74451598088622,25.74451598088622,40.402567452677054,2025/3/17 3:15
41.196268761540765,55.5,14.303731238459235,14.303731238459235,25.772488717898128,2025/3/17 3:30
43.12275090827542,52.52,9.397249091724582,9.397249091724582,17.892705810561097,2025/3/17 3:45
42.71753169450841,51.13,8.412468305491593,8.412468305491593,16.4530966271761,2025/3/17 4:00
44.620110364373375,52.39,7.769889635626626,7.769889635626626,14.830863973299858,2025/3/17 4:15
46.85748298830316,53.16,6.302517011696835,6.302517011696835,11.85575058631486,2025/3/17 4:30
46.451100753912144,52.48,6.028899246087853,6.028899246087853,11.487993990236976,2025/3/17 4:45
49.479783483307926,55.22,5.740216516692072,5.740216516692072,10.395176596670913,2025/3/17 5:00
49.555797808928695,51.55,1.9942021910713024,1.9942021910713024,3.8684814569688335,2025/3/17 5:15
49.45352062410124,52.67,3.216479375898764,3.216479375898764,6.106852811643549,2025/3/17 5:30
48.92123407172189,47.82,-1.1012340717218905,1.1012340717218905,2.302873424758652,2025/3/17 5:45
47.53451560368732,58.07,10.535484396312684,10.535484396312684,18.142731868941866,2025/3/17 6:00
45.277354259296736,64.75,19.472645740703264,19.472645740703264,30.073584155479832,2025/3/17 6:15
44.70083264805599,62.43,17.729167351944014,17.729167351944014,28.39847405400547,2025/3/17 6:30
41.44398727461255,59.0,17.556012725387454,17.556012725387454,29.755953771792708,2025/3/17 6:45
41.93233963392209,52.76,10.827660366077907,10.827660366077907,20.522479844687997,2025/3/17 7:00
42.63956860763352,45.57,2.9304313923664798,2.9304313923664798,6.43061530032927,2025/3/17 7:15
45.69551373510685,40.39,-5.3055137351068495,5.3055137351068495,13.135711153982951,2025/3/17 7:30
43.963579831926445,49.11,5.146420168073554,5.146420168073554,10.479373178707135,2025/3/17 7:45
41.36195523004155,46.87,5.508044769958445,5.508044769958445,11.751749029116052,2025/3/17 8:00
37.65414308112767,43.65,5.995856918872327,5.995856918872327,13.736212872528272,2025/3/17 8:15
33.63574984472898,40.89,7.254250155271023,7.254250155271023,17.74089057288648,2025/3/17 8:30
33.05010560419955,35.73,2.6798943958004457,2.6798943958004457,7.500404130402869,2025/3/17 8:45
32.316581120623425,43.98,11.663418879376572,11.663418879376572,26.51982464608925,2025/3/17 9:00
30.353248900241454,50.75,20.396751099758543,20.396751099758543,40.19064256102139,2025/3/17 9:15
27.871864362054342,49.5,21.62813563794565,21.62813563794565,43.69320330889285,2025/3/17 9:30
21.644436905036645,46.78,25.13556309496336,25.13556309496336,53.731430301217664,2025/3/17 9:45
21.145666186298,38.98,17.834333813702,17.834333813702,45.7525238934229,2025/3/17 10:00
24.01116428385431,34.61,10.59883571614569,10.59883571614569,30.62362241004064,2025/3/17 10:15
28.4862841048966,30.5,2.013715895103399,2.013715895103399,6.602347197038677,2025/3/17 10:30
30.36989667888319,27.42,-2.9498966788831886,2.9498966788831886,10.758193577215282,2025/3/17 10:45
41.81005790061645,23.46,-18.35005790061645,18.35005790061645,78.21849062463015,2025/3/17 11:00
46.755464944297024,18.27,-28.485464944297025,28.485464944297025,155.9138748995135,2025/3/17 11:15
49.60607384254659,14.43,-35.17607384254659,35.17607384254659,243.7704354975941,2025/3/17 11:30
49.13296244705971,11.54,-37.59296244705971,37.59296244705971,325.7622395730845,2025/3/17 11:45
53.8015970305949,10.91,-42.891597030594895,42.891597030594895,393.1402110925917,2025/3/17 12:00
60.57948879967265,13.52,-47.05948879967265,47.05948879967265,348.07314200683857,2025/3/17 12:15
57.34709919421985,11.72,-45.62709919421985,45.62709919421985,389.3097200838784,2025/3/17 12:30
60.40218223653149,8.65,-51.75218223653149,51.75218223653149,598.2911241148346,2025/3/17 12:45
72.07305343176202,6.11,-65.96305343176202,65.96305343176202,1079.5917091764718,2025/3/17 13:00
99.50766596290744,8.24,-91.26766596290746,91.26766596290746,1107.6173053616485,2025/3/17 13:15
115.6412188530438,7.2,-108.4412188530438,108.4412188530438,1506.1280396046898,2025/3/17 13:30
116.05493522553292,6.85,-109.20493522553294,109.20493522553294,1594.2326310064043,2025/3/17 13:45
141.06887742795095,7.87,-133.19887742795095,133.19887742795095,1692.4889126589385,2025/3/17 14:00
143.32939069274244,7.8,-135.52939069274242,135.52939069274242,1737.5562909103187,2025/3/17 14:15
150.20137717069997,8.2,-142.00137717069998,142.00137717069998,1731.7241118166862,2025/3/17 14:30
157.30854331357156,8.11,-149.19854331357158,149.19854331357158,1839.6861074196288,2025/3/17 14:45
163.99453123439304,6.77,-157.22453123439303,157.22453123439303,2322.371214653924,2025/3/17 15:00
178.49469455949398,7.97,-170.52469455949398,170.52469455949398,2139.582114897797,2025/3/17 15:15
202.741822751188,8.54,-194.201822751188,194.201822751188,2274.026027504848,2025/3/17 15:30
231.53085988662784,12.97,-218.56085988662784,218.56085988662784,1685.126136352681,2025/3/17 15:45
254.37368307609896,22.49,-231.88368307609895,231.88368307609895,1031.0523925080834,2025/3/17 16:00
264.54932640727014,33.4,-231.1493264072701,231.1493264072701,692.0638515167008,2025/3/17 16:15
264.73996790030856,40.27,-224.46996790030852,224.46996790030852,557.4123861429131,2025/3/17 16:30
261.64232259529297,44.43,-217.21232259529296,217.21232259529296,488.8866139878552,2025/3/17 16:45
261.49661612570867,43.4,-218.09661612570864,218.09661612570864,502.5267652654519,2025/3/17 17:00
244.18228852495716,42.23,-201.95228852495717,201.95228852495717,478.2199586182309,2025/3/17 17:15
235.350804972864,43.1,-192.250804972864,192.250804972864,446.0575521401808,2025/3/17 17:30
231.0403255567613,51.8,-179.24032555676132,179.24032555676132,346.02379451045425,2025/3/17 17:45
230.5765184366508,59.84,-170.73651843665078,170.73651843665078,285.32172198590484,2025/3/17 18:00
221.19953841941023,63.16,-158.03953841941023,158.03953841941023,250.2209284660545,2025/3/17 18:15
213.3628109105233,63.25,-150.1128109105233,150.1128109105233,237.33250736804104,2025/3/17 18:30
207.7644428367393,64.68,-143.08444283673933,143.08444283673933,221.2189901615926,2025/3/17 18:45
209.02480947210876,60.49,-148.53480947210872,148.53480947210872,245.5526689896895,2025/3/17 19:00
208.3006568750176,61.53,-146.7706568750176,146.7706568750176,238.535115999966,2025/3/17 19:15
204.2282676224613,72.88,-131.3482676224613,131.3482676224613,180.2253946518676,2025/3/17 19:30
199.34412400582332,84.53,-114.81412400582334,114.81412400582334,135.82648054618184,2025/3/17 19:45
187.31719552269337,104.88,-82.43719552269337,82.43719552269337,78.60144500630699,2025/3/17 20:00
198.14627995615356,117.82,-80.32627995615354,80.32627995615354,68.17711759980085,2025/3/17 20:15
191.58727280902588,137.21,-54.37727280902587,54.37727280902587,39.63069223014812,2025/3/17 20:30
182.50965772992132,142.07,-40.43965772992135,40.43965772992135,28.464600358902576,2025/3/17 20:45
178.50239661365742,148.78,-29.722396613657423,29.722396613657423,19.97741404331056,2025/3/17 21:00
175.96541678443822,152.96,-23.00541678443821,23.00541678443821,15.040152186469124,2025/3/17 21:15
163.3948412026189,156.83,-6.564841202618879,6.564841202618879,4.185960085834785,2025/3/17 21:30
153.89225483321357,171.1,17.207745166786424,17.207745166786424,10.057127508343877,2025/3/17 21:45
139.3823006968036,181.14,41.757699303196375,41.757699303196375,23.052721267071508,2025/3/17 22:00
134.11596833320485,194.77,60.65403166679516,60.65403166679516,31.141362461756955,2025/3/17 22:15
132.28231998030665,205.93,73.64768001969335,73.64768001969335,35.76345361028388,2025/3/17 22:30
108.19893617241004,207.98,99.78106382758996,99.78106382758996,47.97627840539571,2025/3/17 22:45
99.6026352708352,209.6,109.9973647291648,109.9973647291648,52.47965874480549,2025/3/17 23:00
86.51906210287488,214.18,127.66093789712512,127.66093789712512,59.60450924319055,2025/3/17 23:15
87.2376023446547,209.02,121.7823976553453,121.7823976553453,58.26351433130181,2025/3/17 23:30
102.27907712657124,211.96,109.68092287342876,109.68092287342876,51.746047779475845,2025/3/17 23:45
95.3314560434624,212.26,116.92854395653758,116.92854395653758,55.08741352891855,2025/3/18 0:00
91.25810230794342,219.79,128.5318976920566,128.5318976920566,58.47941111606448,2025/3/18 0:15
88.98313333765611,216.06,127.07686666234387,127.07686666234387,58.8155450626146,2025/3/18 0:30
101.587994732628,211.67,110.08200526737198,110.08200526737198,52.00642758412622,2025/3/18 0:45
119.91389685948744,198.56,78.64610314051257,78.64610314051257,39.60823083222852,2025/3/18 1:00
122.87533080900268,195.0,72.12466919099731,72.12466919099731,36.98700984151812,2025/3/18 1:15
119.62312135435351,213.61,93.98687864564648,93.98687864564648,43.9992877887751,2025/3/18 1:30
114.08289088065852,229.26,115.17710911934148,115.17710911934148,50.23864133267524,2025/3/18 1:45
114.47027184476951,229.84,115.36972815523048,115.36972815523048,50.19567009884279,2025/3/18 2:00
112.5089944502716,244.64,132.1310055497284,132.1310055497284,54.01038487151505,2025/3/18 2:15
116.18172669236114,228.14,111.95827330763883,111.95827330763883,49.07437245007004,2025/3/18 2:30
123.4911164019536,230.77,107.27888359804642,107.27888359804642,46.48736126792908,2025/3/18 2:45
121.00014918295864,230.47,109.46985081704136,109.46985081704136,47.49852510825438,2025/3/18 3:00
122.84165408036256,229.68,106.83834591963743,106.83834591963743,46.516172901249966,2025/3/18 3:15
128.13555424490352,219.22,91.08444575509648,91.08444575509648,41.54933206598619,2025/3/18 3:30
137.99865295479225,206.92,68.92134704520774,68.92134704520774,33.30820947476051,2025/3/18 3:45
132.4808970328241,196.04,63.5591029671759,63.5591029671759,32.42149712668001,2025/3/18 4:00
127.7350463282722,191.12,63.3849536717278,63.3849536717278,33.16500296760916,2025/3/18 4:15
131.58164137447878,196.38,64.79835862552122,64.79835862552122,32.99641441363083,2025/3/18 4:30
131.70785652218945,188.21,56.50214347781056,56.50214347781056,30.02079776727089,2025/3/18 4:45
132.20948231415093,181.27,49.06051768584908,49.06051768584908,27.06488535655211,2025/3/18 5:00
134.8298624721682,165.2,30.370137527831787,30.370137527831787,18.383860488991168,2025/3/18 5:15
134.97492026984517,173.03,38.05507973015483,38.05507973015483,21.99334203902956,2025/3/18 5:30
130.97266782040074,164.72,33.747332179599255,33.747332179599255,20.48769559226492,2025/3/18 5:45
130.6510920426883,168.17,37.51890795731168,37.51890795731168,22.31010760378746,2025/3/18 6:00
130.8199808459924,176.77,45.950019154007606,45.950019154007606,25.994240625661373,2025/3/18 6:15
128.96864704624983,177.67,48.70135295375016,48.70135295375016,27.411129033445576,2025/3/18 6:30
123.17153056559992,177.34,54.168469434400095,54.168469434400095,30.544981072724458,2025/3/18 6:45
119.38060646956362,198.63,79.24939353043638,79.24939353043638,39.89799805185344,2025/3/18 7:00
117.25907184895505,193.44,76.18092815104495,76.18092815104495,39.38220024348924,2025/3/18 7:15
119.5273840427046,164.54,45.01261595729538,45.01261595729538,27.356640304648128,2025/3/18 7:30
114.05293206390596,151.26,37.20706793609404,37.20706793609404,24.598088018028196,2025/3/18 7:45
113.31185523372912,138.93,25.618144766270888,25.618144766270888,18.439606108293702,2025/3/18 8:00
108.04207741520806,131.47,23.427922584791943,23.427922584791943,17.81997610464298,2025/3/18 8:15
112.56304088606444,145.56,32.99695911393556,32.99695911393556,22.668974384386438,2025/3/18 8:30
109.86408795060764,166.13,56.26591204939234,56.26591204939234,33.868604134929555,2025/3/18 8:45
112.29124795106272,174.39,62.09875204893727,62.09875204893727,35.609124404439285,2025/3/18 9:00
104.26035721237132,172.36,68.0996427876287,68.0996427876287,39.51011997423369,2025/3/18 9:15
104.35173404671498,174.49,70.13826595328503,70.13826595328503,40.19615218823132,2025/3/18 9:30
99.15210727627564,162.74,63.587892723724366,63.587892723724366,39.07330264451597,2025/3/18 9:45
96.1167058024422,149.42,53.30329419755779,53.30329419755779,35.673466870246365,2025/3/18 10:00
98.56920211269724,123.73,25.160797887302763,25.160797887302763,20.335244392857373,2025/3/18 10:15
94.25179086106569,112.03,17.77820913893433,17.77820913893433,15.869150351618726,2025/3/18 10:30
93.01368880204852,115.31,22.29631119795148,22.29631119795148,19.33597363449149,2025/3/18 10:45
88.51640129083106,108.87,20.35359870916895,20.35359870916895,18.69532351350257,2025/3/18 11:00
85.85308931421685,109.57,23.716910685783148,23.716910685783148,21.64544189628685,2025/3/18 11:15
83.31116340871647,106.27,22.95883659128353,22.95883659128353,21.6042501094024,2025/3/18 11:30
82.80254306947059,116.02,33.21745693052941,33.21745693052941,28.630802387951025,2025/3/18 11:45
73.71128315416645,135.68,61.96871684583356,61.96871684583356,45.67269814695452,2025/3/18 12:00
70.60383705640199,123.88,53.27616294359801,53.27616294359801,43.00626650270827,2025/3/18 12:15
72.93489678876274,99.53,26.59510321123726,26.59510321123726,26.72069045635541,2025/3/18 12:30
69.68200795203867,87.02,17.337992047961322,17.337992047961322,19.924146228385887,2025/3/18 12:45
68.34960666687353,101.17,32.820393333126475,32.820393333126475,32.44083555707624,2025/3/18 13:00
68.76932673369836,119.36,50.59067326630164,50.59067326630164,42.384947441571086,2025/3/18 13:15
74.35320404698356,113.68,39.32679595301644,39.32679595301644,34.59429622887214,2025/3/18 13:30
72.284721309035,91.05,18.76527869096499,18.76527869096499,20.60986127506247,2025/3/18 13:45
68.47237505861006,112.48,44.00762494138995,44.00762494138995,39.12484436464334,2025/3/18 14:00
67.4029567551272,115.12,47.7170432448728,47.7170432448728,41.44982908689311,2025/3/18 14:15
65.816828673575,105.7,39.883171326425,39.883171326425,37.73242320377225,2025/3/18 14:30
67.95022181085416,95.1,27.149778189145835,27.149778189145835,28.54866265942933,2025/3/18 14:45
70.78032450298971,93.31,22.529675497010288,22.529675497010288,24.144974276054164,2025/3/18 15:00
68.08778859958522,92.46,24.37221140041477,24.37221140041477,26.35973545358902,2025/3/18 15:15
71.47694957283716,93.02,21.54305042716284,21.54305042716284,23.159589794817972,2025/3/18 15:30
67.25356414591482,87.95,20.69643585408518,20.69643585408518,23.5320475884726,2025/3/18 15:45
66.15678512651783,94.05,27.893214873482165,27.893214873482165,29.65785738804094,2025/3/18 16:00
64.11244921809299,116.63,52.517550781907005,52.517550781907005,45.02919556020061,2025/3/18 16:15
60.85683537510022,125.9,65.04316462489979,65.04316462489979,51.66256125881503,2025/3/18 16:30
66.05339758626351,117.08,51.02660241373648,51.02660241373648,43.58268057199599,2025/3/18 16:45
71.8172308832087,115.48,43.66276911679131,43.66276911679131,37.80981045787452,2025/3/18 17:00
75.6729654207155,100.28,24.6070345792845,24.6070345792845,24.538327262923776,2025/3/18 17:15
85.06515901858374,95.23,10.164840981416262,10.164840981416262,10.673990319653036,2025/3/18 17:30
94.72271532939196,98.5,3.7772846706080543,3.7772846706080543,3.834806772187025,2025/3/18 17:45
91.688230119768,118.98,27.291769880232,27.291769880232,22.93811554900744,2025/3/18 18:00
100.65138154927809,92.17,-8.481381549278069,8.481381549278069,9.20188949687411,2025/3/18 18:15
114.67046790061212,104.42,-10.250467900612122,10.250467900612122,9.81657527351303,2025/3/18 18:30
118.78209239092315,131.16,12.377907609076829,12.377907609076829,9.43725801240271,2025/3/18 18:45
113.37934693152468,128.34,14.960653068475338,14.960653068475338,11.65704618081945,2025/3/18 19:00
113.88678110910436,121.01,7.123218890895657,7.123218890895657,5.886471275836518,2025/3/18 19:15
113.84892424098572,108.86,-4.988924240985725,4.988924240985725,4.582880985652344,2025/3/18 19:30
114.93047479420952,130.56,15.629525205790472,15.629525205790472,11.971143693151426,2025/3/18 19:45
113.82249399441912,128.67,14.847506005580854,14.847506005580854,11.539213496206822,2025/3/18 20:00
114.26999086049214,97.93,-16.339990860492136,16.339990860492136,16.68537818898749,2025/3/18 20:15
107.714985773328,88.51,-19.204985773328005,19.204985773328005,21.698097134003284,2025/3/18 20:30
103.071289934004,87.25,-15.821289934003984,15.821289934003984,18.13328359196086,2025/3/18 20:45
113.59136161034364,123.31,9.718638389656377,9.718638389656377,7.881468161259018,2025/3/18 21:00
112.74378588752268,115.84,3.096214112477327,3.096214112477327,2.6728367683655505,2025/3/18 21:15
119.73199465008771,100.26,-19.47199465008771,19.47199465008771,19.42149875330968,2025/3/18 21:30
117.07214654829028,97.87,-19.202146548290276,19.202146548290276,19.6200536919083,2025/3/18 21:45
110.70748386540178,107.21,-3.49748386540179,3.49748386540179,3.262273916051233,2025/3/18 22:00
109.53661810650364,99.94,-9.59661810650364,9.59661810650364,9.602379534214569,2025/3/18 22:15
111.24526438586612,111.89,0.6447356141338929,0.6447356141338929,0.5762227313730599,2025/3/18 22:30
109.57608526076218,129.74,20.163914739237825,20.163914739237825,15.541787219995594,2025/3/18 22:45
108.78742028174878,158.65,49.862579718251226,49.862579718251226,31.429297017472297,2025/3/18 23:00
102.31322183121884,132.3,29.986778168781186,29.986778168781186,22.665743135871896,2025/3/18 23:15
105.90829017501986,119.68,13.77170982498015,13.77170982498015,11.507110482092784,2025/3/18 23:30
104.53514767861532,140.37,35.83485232138469,35.83485232138469,25.528853972614638,2025/3/18 23:45
104.05733011061236,118.24,14.18266988938764,14.18266988938764,11.994815535669524,2025/3/19 0:00
102.10070734538442,107.55,5.449292654615576,5.449292654615576,5.066752816932133,2025/3/19 0:15
101.60430068121224,85.86,-15.744300681212252,15.744300681212252,18.33717759281844,2025/3/19 0:30
100.36672673475064,99.86,-0.5067267347506288,0.5067267347506288,0.5074371467555792,2025/3/19 0:45
96.10632609854623,135.24,39.13367390145376,39.13367390145376,28.93646399099736,2025/3/19 1:00
99.96562519321044,128.32,28.354374806789565,28.354374806789565,22.096613783328767,2025/3/19 1:15
95.92160470262964,120.38,24.45839529737036,24.45839529737036,20.317656834482506,2025/3/19 1:30
94.61188114004575,106.82,12.20811885995424,12.20811885995424,11.4286826998154,2025/3/19 1:45
93.2979947461886,86.3,-6.997994746188596,6.997994746188596,8.108916275991294,2025/3/19 2:00
90.60823815351264,55.35,-35.25823815351263,35.25823815351263,63.70052060243708,2025/3/19 2:15
89.269605780046,49.3,-39.96960578004601,39.96960578004601,81.07425107497959,2025/3/19 2:30
91.81002310633652,103.19,11.379976893663482,11.379976893663482,11.028178014974758,2025/3/19 2:45
92.60062827137828,104.83,12.229371728621729,12.229371728621729,11.665908355060632,2025/3/19 3:00
89.21019777462173,96.3,7.089802225378264,7.089802225378264,7.36220376466345,2025/3/19 3:15
91.2219203880496,96.99,5.768079611950398,5.768079611950398,5.947086928492062,2025/3/19 3:30
83.41479599154638,101.95,18.53520400845362,18.53520400845362,18.18068073412009,2025/3/19 3:45
83.05825088022932,114.87,31.81174911977068,31.81174911977068,27.693696456640534,2025/3/19 4:00
81.6582275603867,83.0,1.341772439613294,1.341772439613294,1.6165933007369606,2025/3/19 4:15
80.65311749959018,70.07,-10.583117499590188,10.583117499590188,15.103635649457804,2025/3/19 4:30
74.9980853402251,52.48,-22.518085340225102,22.518085340225102,42.90793700492035,2025/3/19 4:45
73.54191263199048,59.19,-14.351912631990489,14.351912631990489,24.247191471475315,2025/3/19 5:00
75.07609778407799,59.75,-15.326097784077987,15.326097784077987,25.65037286033864,2025/3/19 5:15
72.29304637900455,49.02,-23.273046379004548,23.273046379004548,47.47663479999402,2025/3/19 5:30
69.78182152946277,47.83,-21.951821529462777,21.951821529462777,45.89550811084441,2025/3/19 5:45
68.26418319139552,68.43,0.1658168086044895,0.1658168086044895,0.2423159558735163,2025/3/19 6:00
65.09692808511303,54.86,-10.236928085113036,10.236928085113036,18.66009494184173,2025/3/19 6:15
64.82874069909934,37.37,-27.458740699099344,27.458740699099344,73.47803237630684,2025/3/19 6:30
66.69252026227112,52.42,-14.272520262271115,14.272520262271115,27.2272420111482,2025/3/19 6:45
66.50053215874163,43.13,-23.370532158741632,23.370532158741632,54.18625587453616,2025/3/19 7:00
61.75683763662598,34.82,-26.93683763662598,26.93683763662598,77.36024594069104,2025/3/19 7:15
59.2550043628795,49.7,-9.555004362879494,9.555004362879494,19.225360891066934,2025/3/19 7:30
56.98374053433228,73.3,16.31625946566772,16.31625946566772,22.259562708929685,2025/3/19 7:45
56.819411999771575,60.05,3.230588000228422,3.230588000228422,5.379830141920138,2025/3/19 8:00
56.17797688313505,86.86,30.682023116864947,30.682023116864947,35.323535708991045,2025/3/19 8:15
54.857456953401886,54.24,-0.6174569534018843,0.6174569534018843,1.138379338865682,2025/3/19 8:30
55.5773474365072,31.8,-23.777347436507203,23.777347436507203,74.77153281896992,2025/3/19 8:45
53.95105203414585,42.61,-11.341052034145854,11.341052034145854,26.615940000279835,2025/3/19 9:00
49.45432810213918,40.23,-9.224328102139182,9.224328102139182,22.928978628178605,2025/3/19 9:15
50.64396492729184,44.55,-6.093964927291843,6.093964927291843,13.678933619030673,2025/3/19 9:30
46.52864021612223,42.39,-4.138640216122226,4.138640216122226,9.763246558415812,2025/3/19 9:45
43.60531612552785,36.26,-7.345316125527852,7.345316125527852,20.25735280062767,2025/3/19 10:00
45.20988734765942,17.14,-28.069887347659417,28.069887347659417,163.76830424443202,2025/3/19 10:15
45.66126475380835,23.17,-22.491264753808345,22.491264753808345,97.070629062198,2025/3/19 10:30
42.85916146460232,38.66,-4.199161464602319,4.199161464602319,10.86177305895359,2025/3/19 10:45
42.92087849657887,18.29,-24.630878496578877,24.630878496578877,134.66855383512416,2025/3/19 11:00
37.71974553147845,19.09,-18.62974553147845,18.62974553147845,97.58902845144507,2025/3/19 11:15
31.53761537437991,19.55,-11.98761537437991,11.98761537437991,61.31772569983936,2025/3/19 11:30
29.284206357716936,20.89,-8.394206357716936,8.394206357716936,40.18289304775851,2025/3/19 11:45
25.49466036923584,26.58,1.0853396307641603,1.0853396307641603,4.083294321896453,2025/3/19 12:00
20.29239895851213,28.26,7.967601041487871,7.967601041487871,28.19391734416022,2025/3/19 12:15
15.482980424738,16.89,1.4070195752619998,1.4070195752619998,8.330488900258553,2025/3/19 12:30
13.500166598348404,22.6,9.099833401651598,9.099833401651598,40.26474956465192,2025/3/19 12:45
11.896702725244465,27.02,15.123297274755537,15.123297274755537,55.97075231198952,2025/3/19 13:00
9.758758581054972,17.24,7.481241418945025,7.481241418945025,43.39467180337373,2025/3/19 13:15
6.917316690174974,16.06,9.142683309825024,9.142683309825024,56.92828960005042,2025/3/19 13:30
4.273374205457353,15.61,11.336625794542648,11.336625794542648,72.62412424388228,2025/3/19 13:45
4.162351452260255,9.79,5.627648547739744,5.627648547739744,57.48364195793933,2025/3/19 14:00
1.9811853312349168,3.11,1.1288146687650826,1.1288146687650826,36.29629159899635,2025/3/19 14:15
0.4435495825695035,2.82,2.376450417430497,2.376450417430497,84.27129139525621,2025/3/19 14:30
1.9891639943977268,7.4,5.410836005602274,5.410836005602274,73.11940548012372,2025/3/19 14:45
-1.235247802198672,7.74,8.975247802198673,8.975247802198673,115.95927392871724,2025/3/19 15:00
-0.5379724815787251,4.79,5.327972481578725,5.327972481578725,111.23115827698318,2025/3/19 15:15
-1.07097336788281,5.77,6.8409733678828095,6.8409733678828095,118.56106356610483,2025/3/19 15:30
0.1982446331816803,1.98,1.7817553668183197,1.7817553668183197,89.98764478425919,2025/3/19 15:45
-0.7566617772860501,1.13,1.88666177728605,1.88666177728605,166.96121921407865,2025/3/19 16:00
-1.2251746853817982,0.76,1.9851746853817984,1.9851746853817984,261.2071954106041,2025/3/19 16:15
-1.521426630866346,0.0,1.521426630866346,1.521426630866346,1521426630866.346,2025/3/19 16:30
1.860001650899004,0.0,-1.860001650899004,1.860001650899004,1860001650899.004,2025/3/19 16:45
0.924670971555302,0.0,-0.924670971555302,0.924670971555302,924670971555.302,2025/3/19 17:00
-1.1361010041756685,0.0,1.1361010041756685,1.1361010041756685,1136101004175.6685,2025/3/19 17:15
-1.9098071753356904,0.0,1.9098071753356904,1.9098071753356904,1909807175335.6904,2025/3/19 17:30
5.080824085941679,0.0,-5.080824085941679,5.080824085941679,5080824085941.68,2025/3/19 17:45
8.56394901183839,0.11,-8.453949011838391,8.453949011838391,7685.408185593622,2025/3/19 18:00
14.852740698869663,0.0,-14.852740698869663,14.852740698869663,14852740698869.662,2025/3/19 18:15
14.960714394250385,0.06,-14.900714394250384,14.900714394250384,24834.523949026432,2025/3/19 18:30
21.63575153055116,0.12,-21.51575153055116,21.51575153055116,17929.792927184473,2025/3/19 18:45
22.276770159624284,0.67,-21.606770159624283,21.606770159624283,3224.8910681193115,2025/3/19 19:00
20.89609926599099,0.0,-20.89609926599099,20.89609926599099,20896099265990.992,2025/3/19 19:15
22.11339886768029,1.13,-20.98339886768029,20.98339886768029,1856.93795272773,2025/3/19 19:30
22.71332104679129,0.06,-22.65332104679129,22.65332104679129,37755.53501505959,2025/3/19 19:45
23.807928960937023,0.03,-23.77792896093702,23.77792896093702,79259.7629389242,2025/3/19 20:00
23.438688314668827,1.5,-21.938688314668827,21.938688314668827,1462.5792208804166,2025/3/19 20:15
25.49137288690803,0.18,-25.311372886908032,25.311372886908032,14061.873818247866,2025/3/19 20:30
28.695136876856434,5.34,-23.355136876856434,23.355136876856434,437.3621137906193,2025/3/19 20:45
36.57594933457099,4.54,-32.035949334570994,32.035949334570994,705.6376505256686,2025/3/19 21:00
40.324343287839575,6.09,-34.23434328783958,34.23434328783958,562.1402838633405,2025/3/19 21:15
39.9041070430331,7.35,-32.5541070430331,32.5541070430331,442.9130209876216,2025/3/19 21:30
43.0733652077247,4.69,-38.3833652077247,38.3833652077247,818.4086398061042,2025/3/19 21:45
41.2945491391197,4.53,-36.7645491391197,36.7645491391197,811.5794511767797,2025/3/19 22:00
37.05124011504165,7.5,-29.551240115041644,29.551240115041644,394.0165348619684,2025/3/19 22:15
33.84360692937202,6.77,-27.073606929372023,27.073606929372023,399.9055676362204,2025/3/19 22:30
35.57027724784377,17.53,-18.04027724784377,18.04027724784377,102.9108799072496,2025/3/19 22:45
41.802151862737965,17.95,-23.85215186273797,23.85215186273797,132.88106887245175,2025/3/19 23:00
38.89184476293672,14.85,-24.04184476293672,24.04184476293672,161.89794453047017,2025/3/19 23:15
40.74684600793975,8.07,-32.67684600793975,32.67684600793975,404.9175465617699,2025/3/19 23:30
42.072212845185135,1.7,-40.37221284518513,40.37221284518513,2374.836049577076,2025/3/19 23:45
45.50346439044765,0.13,-45.37346439044765,45.37346439044765,34902.66488888075,2025/3/20 0:00
60.1631259288427,0.49,-59.6731259288427,59.6731259288427,12178.188962584594,2025/3/20 0:15
55.12072592560587,0.13,-54.990725925605865,54.990725925605865,42300.55837177331,2025/3/20 0:30
56.4022861128376,1.72,-54.6822861128376,54.6822861128376,3179.2026807940924,2025/3/20 0:45
61.25258360843935,6.6,-54.65258360843934,54.65258360843934,828.0694486001709,2025/3/20 1:00
67.16812768085543,8.87,-58.29812768085544,58.29812768085544,657.2505939142975,2025/3/20 1:15
68.83708279740237,13.2,-55.63708279740237,55.63708279740237,421.4930514922794,2025/3/20 1:30
68.5698287045812,11.31,-57.2598287045812,57.2598287045812,506.2761158627314,2025/3/20 1:45
75.00776051258833,10.77,-64.23776051258834,64.23776051258834,596.4508868337223,2025/3/20 2:00
80.05097307223454,9.67,-70.38097307223454,70.38097307223454,727.8280565822824,2025/3/20 2:15
77.1742062970738,4.2,-72.97420629707379,72.97420629707379,1737.481102269912,2025/3/20 2:30
75.51306318673092,1.08,-74.43306318673092,74.43306318673092,6891.950294429533,2025/3/20 2:45
75.56861673171043,0.88,-74.68861673171044,74.68861673171044,8487.34280945717,2025/3/20 3:00
73.35407495261178,4.15,-69.20407495261178,69.20407495261178,1667.5680711070893,2025/3/20 3:15
73.04740914530278,4.8,-68.24740914530278,68.24740914530278,1421.8210238308534,2025/3/20 3:30
67.98695786947108,6.58,-61.406957869471086,61.406957869471086,933.2364417710918,2025/3/20 3:45
68.71879703980221,12.6,-56.11879703980221,56.11879703980221,445.3872780901335,2025/3/20 4:00
62.34011454913836,18.24,-44.10011454913837,44.10011454913837,241.7769437987752,2025/3/20 4:15
62.21832684175378,24.52,-37.69832684175378,37.69832684175378,153.74521550407846,2025/3/20 4:30
64.15243376648897,35.04,-29.11243376648897,29.11243376648897,83.08342969864694,2025/3/20 4:45
63.22947200511068,43.46,-19.76947200511068,19.76947200511068,45.48889094584719,2025/3/20 5:00
60.41898960183136,44.33,-16.088989601831358,16.088989601831358,36.29368283734506,2025/3/20 5:15
59.36961700205359,38.73,-20.63961700205359,20.63961700205359,53.29103279628272,2025/3/20 5:30
59.69807176339273,34.71,-24.98807176339273,24.98807176339273,71.99098750596583,2025/3/20 5:45
57.56134168531744,21.52,-36.04134168531744,36.04134168531744,167.47835355552957,2025/3/20 6:00
55.66531399178523,21.39,-34.27531399178523,34.27531399178523,160.23989710904624,2025/3/20 6:15
53.32530258026569,10.95,-42.375302580265696,42.375302580265696,386.9890646564266,2025/3/20 6:30
52.43573816869742,9.09,-43.34573816869742,43.34573816869742,476.85080493091937,2025/3/20 6:45
50.17249809265583,5.53,-44.64249809265583,44.64249809265583,807.278446507207,2025/3/20 7:00
49.83199304565221,9.13,-40.7019930456522,40.7019930456522,445.8049621599824,2025/3/20 7:15
44.42016255273416,8.24,-36.18016255273415,36.18016255273415,439.0796426249402,2025/3/20 7:30
38.36398734828125,15.39,-22.97398734828125,22.97398734828125,149.2786702282779,2025/3/20 7:45
35.92590390032293,42.36,6.43409609967707,6.43409609967707,15.189084276822191,2025/3/20 8:00
31.919721786634383,60.36,28.440278213365616,28.440278213365616,47.11775714598823,2025/3/20 8:15
31.040441225014057,67.12,36.07955877498595,36.07955877498595,53.75381223917192,2025/3/20 8:30
26.43862459154799,55.97,29.53137540845201,29.53137540845201,52.76286476397936,2025/3/20 8:45
24.701194362641623,36.2,11.498805637358377,11.498805637358377,31.764656456703342,2025/3/20 9:00
19.22512133096135,26.45,7.224878669038649,7.224878669038649,27.315231262802776,2025/3/20 9:15
16.84760097157965,11.59,-5.257600971579649,5.257600971579649,45.36325255853568,2025/3/20 9:30
14.272092166319528,6.73,-7.542092166319527,7.542092166319527,112.06674838346896,2025/3/20 9:45
11.903873387896938,9.19,-2.713873387896939,2.713873387896939,29.53072239246364,2025/3/20 10:00
8.050154808430568,21.09,13.039845191569432,13.039845191569432,61.82951726651306,2025/3/20 10:15
5.703207816269179,25.08,19.37679218373082,19.37679218373082,77.25993693641772,2025/3/20 10:30
4.588765638808791,33.74,29.15123436119121,29.15123436119121,86.39962762627388,2025/3/20 10:45
4.013930698202113,30.52,26.506069301797886,26.506069301797886,86.84819561504273,2025/3/20 11:00
2.29599227476537,26.82,24.52400772523463,24.52400772523463,91.43925326302458,2025/3/20 11:15
-2.379780559272385,28.0,30.379780559272383,30.379780559272383,108.49921628272816,2025/3/20 11:30
-2.8926633084413957,25.93,28.822663308441395,28.822663308441395,111.15566258515328,2025/3/20 11:45
-1.817212049074816,13.84,15.657212049074817,15.657212049074817,113.13014486243992,2025/3/20 12:00
-2.552005525295725,6.46,9.012005525295724,9.012005525295724,139.50472949158237,2025/3/20 12:15
-2.3638970585503065,1.56,3.9238970585503066,3.9238970585503066,251.5318627114599,2025/3/20 12:30
-1.3720428089493986,0.03,1.4020428089493986,1.4020428089493986,4673.476014253075,2025/3/20 12:45
-0.6068860932132373,0.0,0.6068860932132373,0.6068860932132373,606886093213.2373,2025/3/20 13:00
0.8361896656152332,0.0,-0.8361896656152332,0.8361896656152332,836189665615.2333,2025/3/20 13:15
4.1379163555185,0.0,-4.1379163555185,4.1379163555185,4137916355518.5,2025/3/20 13:30
6.288866347430501,0.0,-6.288866347430501,6.288866347430501,6288866347430.501,2025/3/20 13:45
11.622996311078534,0.0,-11.622996311078534,11.622996311078534,11622996311078.531,2025/3/20 14:00
12.75241886929848,0.0,-12.75241886929848,12.75241886929848,12752418869298.48,2025/3/20 14:15
18.19098296668275,0.0,-18.19098296668275,18.19098296668275,18190982966682.75,2025/3/20 14:30
20.89083155831045,0.0,-20.89083155831045,20.89083155831045,20890831558310.453,2025/3/20 14:45
24.620166063239765,0.0,-24.620166063239765,24.620166063239765,24620166063239.77,2025/3/20 15:00
35.5134281088896,0.0,-35.5134281088896,35.5134281088896,35513428108889.6,2025/3/20 15:15
44.57501686366656,0.0,-44.57501686366656,44.57501686366656,44575016863666.56,2025/3/20 15:30
47.07458870824251,0.0,-47.07458870824251,47.07458870824251,47074588708242.51,2025/3/20 15:45
62.15309755958754,0.0,-62.15309755958754,62.15309755958754,62153097559587.54,2025/3/20 16:00
66.91059907336424,0.0,-66.91059907336424,66.91059907336424,66910599073364.24,2025/3/20 16:15
71.16532277668526,0.0,-71.16532277668526,71.16532277668526,71165322776685.25,2025/3/20 16:30
74.30645184072375,0.0,-74.30645184072375,74.30645184072375,74306451840723.75,2025/3/20 16:45
79.50239667173578,0.0,-79.50239667173578,79.50239667173578,79502396671735.78,2025/3/20 17:00
89.89022013310567,0.0,-89.89022013310567,89.89022013310567,89890220133105.66,2025/3/20 17:15
100.68246217743608,0.0,-100.68246217743608,100.68246217743608,100682462177436.06,2025/3/20 17:30
96.66923353882474,0.0,-96.66923353882474,96.66923353882474,96669233538824.77,2025/3/20 17:45
88.0030089597957,0.0,-88.0030089597957,88.0030089597957,88003008959795.69,2025/3/20 18:00
90.09228481342724,0.0,-90.09228481342724,90.09228481342724,90092284813427.22,2025/3/20 18:15
93.8564732087102,0.0,-93.8564732087102,93.8564732087102,93856473208710.2,2025/3/20 18:30
92.91219145653297,0.0,-92.91219145653297,92.91219145653297,92912191456532.95,2025/3/20 18:45
101.72847090056828,0.0,-101.72847090056828,101.72847090056828,101728470900568.28,2025/3/20 19:00
100.61326359998252,3.87,-96.74326359998253,96.74326359998253,2499.8259327514907,2025/3/20 19:15
106.54167991649544,7.02,-99.52167991649544,99.52167991649544,1417.6877480780306,2025/3/20 19:30
117.46677501957758,4.63,-112.8367750195776,112.8367750195776,2437.079374020313,2025/3/20 19:45
116.7948344900014,3.83,-112.9648344900014,112.9648344900014,2949.473485301617,2025/3/20 20:00
114.5969679443838,5.85,-108.7469679443838,108.7469679443838,1858.922528932049,2025/3/20 20:15
110.80138354497404,7.7,-103.10138354497404,103.10138354497404,1338.9790070601955,2025/3/20 20:30
109.2496651137335,7.56,-101.6896651137335,101.6896651137335,1345.101390375508,2025/3/20 20:45
112.43988542360472,10.29,-102.1498854236047,102.1498854236047,992.710256779514,2025/3/20 21:00
106.4425127616279,8.89,-97.5525127616279,97.5525127616279,1097.328602480659,2025/3/20 21:15
101.28235738387428,9.69,-91.59235738387429,91.59235738387429,945.2255663872968,2025/3/20 21:30
111.09983862531725,12.33,-98.76983862531723,98.76983862531723,801.0530302069438,2025/3/20 21:45
112.7729807517561,10.71,-102.0629807517561,102.0629807517561,952.9690079440068,2025/3/20 22:00
109.9987547776527,10.19,-99.80875477765272,99.80875477765272,979.4774757279022,2025/3/20 22:15
109.0146870169817,7.65,-101.36468701698168,101.36468701698168,1325.0285884399564,2025/3/20 22:30
104.06268293855348,6.61,-97.45268293855348,97.45268293855348,1474.3219808937845,2025/3/20 22:45
100.5226526978459,10.0,-90.5226526978459,90.5226526978459,905.2265269694068,2025/3/20 23:00
84.49323875545949,7.54,-76.95323875545948,76.95323875545948,1020.5999834806216,2025/3/20 23:15
79.42360217821134,5.58,-73.84360217821134,73.84360217821134,1323.3620461807882,2025/3/20 23:30
80.7119273907293,5.6,-75.1119273907293,75.1119273907293,1341.2844176676433,2025/3/20 23:45
80.98386739771414,11.86,-69.12386739771414,69.12386739771414,582.8319342085271,2025/3/21 0:00
72.59706594271901,21.59,-51.00706594271901,51.00706594271901,236.25320028940604,2025/3/21 0:15
72.9973008241226,19.74,-53.25730082412261,53.25730082412261,269.7938238290416,2025/3/21 0:30
69.24260604393025,19.53,-49.71260604393025,49.71260604393025,254.54483381298363,2025/3/21 0:45
69.47327405682718,21.31,-48.16327405682718,48.16327405682718,226.01254836509236,2025/3/21 1:00
69.10715117951362,31.63,-37.477151179513626,37.477151179513626,118.48609288458786,2025/3/21 1:15
70.63153004917572,34.52,-36.11153004917572,36.11153004917572,104.61045784783056,2025/3/21 1:30
72.61125531713809,39.03,-33.58125531713809,33.58125531713809,86.0395985576532,2025/3/21 1:45
70.27634610623353,34.33,-35.946346106233534,35.946346106233534,104.70826130535632,2025/3/21 2:00
76.0855978684051,33.65,-42.435597868405104,42.435597868405104,126.10876038121545,2025/3/21 2:15
76.19747805219883,29.34,-46.85747805219883,46.85747805219883,159.70510583517083,2025/3/21 2:30
73.29592486146763,28.03,-45.26592486146762,45.26592486146762,161.4909912997008,2025/3/21 2:45
64.17213267801881,14.9,-49.272132678018814,49.272132678018814,330.685454212672,2025/3/21 3:00
60.41103343688611,15.48,-44.93103343688611,44.93103343688611,290.2521539831774,2025/3/21 3:15
59.58387897637329,8.78,-50.80387897637329,50.80387897637329,578.6318789953834,2025/3/21 3:30
55.69844391529853,8.21,-47.48844391529853,47.48844391529853,578.4219721646786,2025/3/21 3:45
46.70473198597191,9.29,-37.41473198597191,37.41473198597191,402.7420019975153,2025/3/21 4:00
42.802231431556365,10.72,-32.082231431556366,32.082231431556366,299.2745469333684,2025/3/21 4:15
39.11339010828084,13.45,-25.66339010828084,25.66339010828084,190.80587440959133,2025/3/21 4:30
36.382756243480046,6.81,-29.572756243480047,29.572756243480047,434.2548640682201,2025/3/21 4:45
35.31578297621756,5.7,-29.615782976217563,29.615782976217563,519.5751399245262,2025/3/21 5:00
31.743350979210103,13.86,-17.883350979210103,17.883350979210103,129.0285063425763,2025/3/21 5:15
28.30488204441434,7.93,-20.374882044414345,20.374882044414345,256.9341998002195,2025/3/21 5:30
26.44841877506722,0.39,-26.05841877506722,26.05841877506722,6681.645838047582,2025/3/21 5:45
24.64655516660548,0.03,-24.61655516660548,24.61655516660548,82055.18361516764,2025/3/21 6:00
22.43208825131712,5.13,-17.30208825131712,17.30208825131712,337.27267545769683,2025/3/21 6:15
21.550021934306088,4.93,-16.620021934306088,16.620021934306088,337.1201203644821,2025/3/21 6:30
22.728283430103232,1.17,-21.55828343010323,21.55828343010323,1842.5883272017643,2025/3/21 6:45
22.657001974951584,0.0,-22.657001974951584,22.657001974951584,22657001974951.586,2025/3/21 7:00
20.9831889210666,1.17,-19.8131889210666,19.8131889210666,1693.4349503737749,2025/3/21 7:15
21.85542310772001,1.57,-20.28542310772001,20.28542310772001,1292.065166014519,2025/3/21 7:30
22.07128383078784,3.52,-18.55128383078784,18.55128383078784,527.0251088142278,2025/3/21 7:45
19.56078269900568,7.13,-12.43078269900568,12.43078269900568,174.3447783847312,2025/3/21 8:00
18.09616375720288,3.54,-14.55616375720288,14.55616375720288,411.1910665760364,2025/3/21 8:15
18.95737457872069,1.76,-17.19737457872069,17.19737457872069,977.1235555536116,2025/3/21 8:30
20.11374720493884,0.0,-20.11374720493884,20.11374720493884,20113747204938.832,2025/3/21 8:45
18.615789229110845,0.0,-18.615789229110845,18.615789229110845,18615789229110.848,2025/3/21 9:00
18.435478958092546,0.0,-18.435478958092546,18.435478958092546,18435478958092.543,2025/3/21 9:15
17.35949519912447,0.0,-17.35949519912447,17.35949519912447,17359495199124.469,2025/3/21 9:30
14.81198520992676,1.2,-13.61198520992676,13.61198520992676,1134.3321007327024,2025/3/21 9:45
13.933461362302568,3.84,-10.093461362302568,10.093461362302568,262.8505563031176,2025/3/21 10:00
10.524554633930231,0.41,-10.114554633930233,10.114554633930233,2466.9645442593337,2025/3/21 10:15
10.83950473123644,0.0,-10.83950473123644,10.83950473123644,10839504731236.44,2025/3/21 10:30
9.945163047056589,1.44,-8.50516304705659,8.50516304705659,590.6363226712467,2025/3/21 10:45
5.911459774745394,4.88,-1.031459774745394,1.031459774745394,21.136470793529867,2025/3/21 11:00
7.39652163279822,6.57,-0.8265216327982197,0.8265216327982197,12.58023794194276,2025/3/21 11:15
11.616584344004176,9.0,-2.616584344004176,2.616584344004176,29.07315937750114,2025/3/21 11:30
12.980892821854672,13.29,0.3091071781453269,0.3091071781453269,2.3258628904665244,2025/3/21 11:45
16.223609605712063,15.18,-1.0436096057120636,1.0436096057120636,6.874898588308226,2025/3/21 12:00
21.337595147932568,12.42,-8.917595147932568,8.917595147932568,71.80028299404805,2025/3/21 12:15
29.95853177458984,18.43,-11.52853177458984,11.52853177458984,62.55307528229673,2025/3/21 12:30
43.89640391736715,26.51,-17.38640391736715,17.38640391736715,65.58432258506815,2025/3/21 12:45
56.23628183348547,28.44,-27.79628183348547,27.79628183348547,97.73657466029442,2025/3/21 13:00
64.8804573523055,49.28,-15.600457352305495,15.600457352305495,31.65677222458165,2025/3/21 13:15
73.18427050077386,76.0,2.815729499226137,2.815729499226137,3.7049072358189896,2025/3/21 13:30
74.55513133067159,69.17,-5.385131330671584,5.385131330671584,7.785356846412893,2025/3/21 13:45
82.62689979248809,54.52,-28.10689979248809,28.10689979248809,51.55337452757984,2025/3/21 14:00
104.78242111043876,47.3,-57.48242111043877,57.48242111043877,121.52731735796456,2025/3/21 14:15
117.29518843499535,48.24,-69.05518843499536,69.05518843499536,143.14922975715632,2025/3/21 14:30
125.70364749491586,52.65,-73.05364749491585,73.05364749491585,138.75336656177984,2025/3/21 14:45
125.59088643192057,66.44,-59.15088643192056,59.15088643192056,89.0290283441173,2025/3/21 15:00
122.84886830526465,79.24,-43.60886830526465,43.60886830526465,55.03390750278852,2025/3/21 15:15
122.15152374030906,75.78,-46.37152374030906,46.37152374030906,61.19229841679581,2025/3/21 15:30
119.59432009620834,99.71,-19.88432009620834,19.88432009620834,19.94215233796851,2025/3/21 15:45
123.64334494177729,83.1,-40.54334494177729,40.54334494177729,48.78862207187546,2025/3/21 16:00
134.57306931014963,84.88,-49.69306931014964,49.69306931014964,58.54508636909884,2025/3/21 16:15
149.19932207273905,78.2,-70.99932207273905,70.99932207273905,90.79197195990824,2025/3/21 16:30
156.47921627736642,63.18,-93.2992162773664,93.2992162773664,147.6720738797384,2025/3/21 16:45
159.3654154493194,76.16,-83.20541544931939,83.20541544931939,109.25080810032844,2025/3/21 17:00
162.86856403335838,91.31,-71.55856403335838,71.55856403335838,78.36881396701348,2025/3/21 17:15
167.42088514066458,94.39,-73.03088514066458,73.03088514066458,77.37142190972264,2025/3/21 17:30
169.70104303538787,85.93,-83.77104303538786,83.77104303538786,97.48753989909272,2025/3/21 17:45
165.48014550871406,74.51,-90.97014550871404,90.97014550871404,122.0911897847161,2025/3/21 18:00
164.92200845916202,68.21,-96.71200845916202,96.71200845916202,141.78567432784084,2025/3/21 18:15
168.6401728594685,89.38,-79.2601728594685,79.2601728594685,88.67774989861246,2025/3/21 18:30
169.10729764015585,103.78,-65.32729764015585,65.32729764015585,62.94786822132675,2025/3/21 18:45
171.0576907838178,126.78,-44.2776907838178,44.2776907838178,34.924823145435305,2025/3/21 19:00
171.62074066606186,168.4,-3.2207406660618574,3.2207406660618574,1.9125538397030557,2025/3/21 19:15
163.6743994269659,182.37,18.695600573034117,18.695600573034117,10.251467112476757,2025/3/21 19:30
166.78178262595503,166.98,0.1982173740449582,0.1982173740449582,0.1187072547879024,2025/3/21 19:45
161.24687194757936,152.7,-8.546871947579376,8.546871947579376,5.597165650015573,2025/3/21 20:00
155.82418653618748,152.88,-2.9441865361874875,2.9441865361874875,1.9258153690381752,2025/3/21 20:15
157.83100659409567,171.26,13.428993405904322,13.428993405904322,7.841290088693496,2025/3/21 20:30
156.9106106648234,193.91,36.9993893351766,36.9993893351766,19.08070204484427,2025/3/21 20:45
162.6601106217991,196.37,33.7098893782009,33.7098893782009,17.166516972136137,2025/3/21 21:00
164.44292830064214,183.65,19.20707169935787,19.20707169935787,10.45851984718073,2025/3/21 21:15
163.4177933376681,210.9,47.48220666233192,47.48220666233192,22.51408566254595,2025/3/21 21:30
176.48973315699678,224.28,47.79026684300322,47.79026684300322,21.308305173435844,2025/3/21 21:45
177.54456006603965,230.43,52.88543993396036,52.88543993396036,22.95076159091152,2025/3/21 22:00
176.3998877744212,230.42,54.0201122255788,54.0201122255788,23.444194178263764,2025/3/21 22:15
187.7213646464319,237.92,50.19863535356808,50.19863535356808,21.09895567987012,2025/3/21 22:30
177.4642754937935,248.54,71.07572450620648,71.07572450620648,28.59729802292504,2025/3/21 22:45
168.17690980175936,265.96,97.7830901982406,97.7830901982406,36.76608896007064,2025/3/21 23:00
167.61564493253056,279.14,111.52435506746944,111.52435506746944,39.952839101321736,2025/3/21 23:15
169.47055753954368,275.57,106.09944246045632,106.09944246045632,38.50181168502298,2025/3/21 23:30
172.82876005232478,274.66,101.83123994767524,101.83123994767524,37.075380451335526,2025/3/21 23:45
191.6921948623141,271.36,79.66780513768592,79.66780513768592,29.358713567827444,2025/3/22 0:00
190.7671350020988,267.34,76.57286499790118,76.57286499790118,28.64250205650952,2025/3/22 0:15
184.02222880810115,269.58,85.55777119189884,85.55777119189884,31.737432744219568,2025/3/22 0:30
196.5549161429156,279.36,82.80508385708441,82.80508385708441,29.640995080560845,2025/3/22 0:45
189.44424355928612,288.17,98.72575644071388,98.72575644071388,34.25955388856564,2025/3/22 1:00
190.7272887980215,263.89,73.16271120197848,73.16271120197848,27.72470014094917,2025/3/22 1:15
183.56914932653655,271.44,87.87085067346342,87.87085067346342,32.3721082646003,2025/3/22 1:30
184.7325592391525,275.44,90.70744076084752,90.70744076084752,32.93183298025508,2025/3/22 1:45
179.99877666197432,244.88,64.88122333802568,64.88122333802568,26.495109171022207,2025/3/22 2:00
171.21583456076763,242.8,71.58416543923238,71.58416543923238,29.48276995024831,2025/3/22 2:15
163.9160423816898,257.51,93.59395761831018,93.59395761831018,36.345756521406486,2025/3/22 2:30
155.65078692500512,261.01,105.35921307499488,105.35921307499488,40.36596799929295,2025/3/22 2:45
148.42676001323332,256.71,108.28323998676666,108.28323998676666,42.18115382599996,2025/3/22 3:00
147.08547186233605,263.27,116.18452813766392,116.18452813766392,44.131320749656176,2025/3/22 3:15
150.01466363512708,266.07,116.05533636487291,116.05533636487291,43.61834718864559,2025/3/22 3:30
149.22603436529195,256.98,107.75396563470808,107.75396563470808,41.93087619062423,2025/3/22 3:45
154.34141445158687,256.27,101.92858554841312,101.92858554841312,39.77390468973089,2025/3/22 4:00
153.36783893499154,233.79,80.42216106500845,80.42216106500845,34.399316080659595,2025/3/22 4:15
152.23479611020525,221.82,69.58520388979474,69.58520388979474,31.370121670617333,2025/3/22 4:30
147.4502342234829,214.1,66.64976577651709,66.64976577651709,31.130203538760377,2025/3/22 4:45
147.85191427017736,220.26,72.40808572982263,72.40808572982263,32.873915250063455,2025/3/22 5:00
144.04427955731992,221.19,77.14572044268007,77.14572044268007,34.8775805608957,2025/3/22 5:15
141.48337067069937,235.74,94.25662932930064,94.25662932930064,39.98329911311642,2025/3/22 5:30
143.11623862646385,224.06,80.94376137353615,80.94376137353615,36.12593116732126,2025/3/22 5:45
140.472604968292,203.12,62.647395031708015,62.647395031708015,30.84255367845469,2025/3/22 6:00
143.45108472705016,196.6,53.14891527294984,53.14891527294984,27.03403625275829,2025/3/22 6:15
140.60529005670583,190.23,49.624709943294135,49.624709943294135,26.08668976673924,2025/3/22 6:30
142.02411195840097,190.61,48.58588804159905,48.58588804159905,25.489684718311505,2025/3/22 6:45
139.8092447771769,181.42,41.61075522282309,41.61075522282309,22.936145531253533,2025/3/22 7:00
139.2523379294176,176.32,37.0676620705824,37.0676620705824,21.022948089020748,2025/3/22 7:15
136.37011460198005,175.25,38.87988539801995,38.87988539801995,22.18538396462069,2025/3/22 7:30
134.79373267926138,169.33,34.53626732073863,34.53626732073863,20.395834949931043,2025/3/22 7:45
143.207004566077,159.14,15.932995433922995,15.932995433922995,10.011936303828696,2025/3/22 8:00
143.07717289550862,172.26,29.182827104491366,29.182827104491366,16.94115122749009,2025/3/22 8:15
137.6081309584551,175.39,37.781869041544894,37.781869041544894,21.54163238583919,2025/3/22 8:30
135.78472128104508,154.27,18.48527871895493,18.48527871895493,11.982419601311303,2025/3/22 8:45
131.43372386930207,125.05,-6.383723869302074,6.383723869302074,5.10493712058934,2025/3/22 9:00
127.456290770027,92.18,-35.27629077002699,35.27629077002699,38.26892034062564,2025/3/22 9:15
125.47459824034208,84.72,-40.75459824034209,40.75459824034209,48.10504985870395,2025/3/22 9:30
114.86319508367517,84.62,-30.243195083675147,30.243195083675147,35.74000837111724,2025/3/22 9:45
105.23259728187188,91.65,-13.582597281871884,13.582597281871884,14.820073411737113,2025/3/22 10:00
95.35610608101943,98.74,3.383893918980561,3.383893918980561,3.427075064793533,2025/3/22 10:15
96.38362046756708,101.79,5.406379532432936,5.406379532432936,5.311307134716205,2025/3/22 10:30
83.83647513461898,113.99,30.153524865381016,30.153524865381016,26.4527808275766,2025/3/22 10:45
80.09074563471252,109.28,29.18925436528748,29.18925436528748,26.71051826982135,2025/3/22 11:00
89.34404491345607,99.08,9.735955086543925,9.735955086543925,9.826357576235464,2025/3/22 11:15
94.3630564271496,107.66,13.296943572850395,13.296943572850395,12.35086714920866,2025/3/22 11:30
110.0311146936798,109.43,-0.6011146936798042,0.6011146936798042,0.5493143504333864,2025/3/22 11:45
120.21244813761516,120.23,0.0175518623848489,0.0175518623848489,0.0145985713921935,2025/3/22 12:00
137.18789022989034,124.16,-13.027890229890346,13.027890229890346,10.492823960921276,2025/3/22 12:15
146.43274101746675,134.81,-11.622741017466751,11.622741017466751,8.62157185480167,2025/3/22 12:30
138.76288266461532,157.28,18.517117335384683,18.517117335384683,11.77334520306009,2025/3/22 12:45
143.06513158051754,178.4,35.33486841948246,35.33486841948246,19.8065405938692,2025/3/22 13:00
142.02071820718106,176.74,34.71928179281895,34.71928179281895,19.64426943125456,2025/3/22 13:15
136.9730470020663,177.68,40.70695299793371,40.70695299793371,22.910261705262723,2025/3/22 13:30
140.6278363975545,172.83,32.20216360244552,32.20216360244552,18.632276573758546,2025/3/22 13:45
146.23245437290387,192.85,46.61754562709612,46.61754562709612,24.17295599018509,2025/3/22 14:00
148.27610393083634,209.62,61.34389606916366,61.34389606916366,29.264333588939223,2025/3/22 14:15
156.2333763392199,179.17,22.9366236607801,22.9366236607801,12.801598292553052,2025/3/22 14:30
175.3441377279003,154.94,-20.40413772790029,20.40413772790029,13.169057524130064,2025/3/22 14:45
185.10335373412272,166.22,-18.88335373412272,18.88335373412272,11.360458268626736,2025/3/22 15:00
204.01256012185183,200.06,-3.95256012185186,3.95256012185186,1.9756873547185267,2025/3/22 15:15
203.8584668802476,236.41,32.551533119752406,32.551533119752406,13.7691016114964,2025/3/22 15:30
202.01416536577133,244.57,42.55583463422866,42.55583463422866,17.400267667420888,2025/3/22 15:45
219.72961721387847,225.72,5.990382786121529,5.990382786121529,2.6538998698027982,2025/3/22 16:00
228.53909390868088,218.82,-9.71909390868089,9.71909390868089,4.441593048476578,2025/3/22 16:15
227.54382902828957,214.51,-13.033829028289546,13.033829028289546,6.076093901581964,2025/3/22 16:30
227.331794025626,210.17,-17.161794025625994,17.161794025625994,8.165672562981316,2025/3/22 16:45
233.7748980109268,222.45,-11.32489801092683,11.32489801092683,5.090985844424249,2025/3/22 17:00
236.90294870644803,246.92,10.017051293551958,10.017051293551958,4.056800297079176,2025/3/22 17:15
228.19293223637152,250.23,22.03706776362847,22.03706776362847,8.806724918522825,2025/3/22 17:30
221.9837987204146,251.02,29.036201279585413,29.036201279585413,11.567285985010695,2025/3/22 17:45
208.31764032657844,249.03,40.71235967342156,40.71235967342156,16.34837556656034,2025/3/22 18:00
206.28800527476608,249.33,43.041994725233934,43.041994725233934,17.26306289865506,2025/3/22 18:15
204.7011171006272,267.22,62.51888289937284,62.51888289937284,23.396034316050237,2025/3/22 18:30
197.01823981451253,271.27,74.25176018548746,74.25176018548746,27.371902600899507,2025/3/22 18:45
201.58774977047344,271.69,70.10225022952656,70.10225022952656,25.80229313905582,2025/3/22 19:00
191.37697232966943,265.11,73.73302767033059,73.73302767033059,27.81223932341397,2025/3/22 19:15
190.76014590792556,267.79,77.02985409207449,77.02985409207449,28.76502262670216,2025/3/22 19:30
204.2859446355282,269.14,64.85405536447178,64.85405536447178,24.0967731903276,2025/3/22 19:45
200.5107412460985,265.09,64.57925875390146,64.57925875390146,24.361257970454226,2025/3/22 20:00
201.45030201638968,258.22,56.76969798361037,56.76969798361037,21.985011998911155,2025/3/22 20:15
194.49814837522723,252.09,57.59185162477277,57.59185162477277,22.84575017840848,2025/3/22 20:30
178.5377646782958,248.53,69.99223532170421,69.99223532170421,28.162489567326297,2025/3/22 20:45
182.64374370825095,250.97,68.32625629174902,68.32625629174902,27.224870021007213,2025/3/22 21:00
176.44351252249209,243.7,67.2564874775079,67.2564874775079,27.59806626076336,2025/3/22 21:15
170.8785918299138,226.55,55.67140817008621,55.67140817008621,24.57356352684248,2025/3/22 21:30
187.62240918450053,201.36,13.73759081549946,13.73759081549946,6.822403066891456,2025/3/22 21:45
197.94453508373684,170.94,-27.00453508373684,27.00453508373684,15.797668821645631,2025/3/22 22:00
198.49038755813632,161.77,-36.72038755813631,36.72038755813631,22.699133064297214,2025/3/22 22:15
194.62756648527915,176.54,-18.087566485279154,18.087566485279154,10.245591075829225,2025/3/22 22:30
198.83677939094096,211.26,12.42322060905903,12.42322060905903,5.880536120918844,2025/3/22 22:45
213.5105414620108,208.72,-4.790541462010765,4.790541462010765,2.295200010544495,2025/3/22 23:00
215.59268166165376,206.99,-8.602681661653747,8.602681661653747,4.156085637784237,2025/3/22 23:15
209.07812182777528,217.4,8.321878172224729,8.321878172224729,3.827910842787903,2025/3/22 23:30
207.7315685124659,218.88,11.148431487534085,11.148431487534085,5.093398888673698,2025/3/22 23:45
196.25036984785385,217.0,20.74963015214618,20.74963015214618,9.56204154476342,2025/3/23 0:00
194.8751152576394,230.78,35.90488474236059,35.90488474236059,15.558057345673385,2025/3/23 0:15
200.37065913149345,219.66,19.289340868506542,19.289340868506542,8.781453550258474,2025/3/23 0:30
197.19532993998868,199.19,1.994670060011316,1.994670060011316,1.0013906621870148,2025/3/23 0:45
195.5084900988764,186.23,-9.278490098876432,9.278490098876432,4.9822746597602166,2025/3/23 1:00
194.14896045324028,176.62,-17.528960453240273,17.528960453240273,9.92467469891878,2025/3/23 1:15
192.92152873274824,169.29,-23.63152873274825,23.63152873274825,13.959199440447923,2025/3/23 1:30
199.8834738186841,176.96,-22.9234738186841,22.9234738186841,12.954042619050153,2025/3/23 1:45
202.19362277223823,187.24,-14.95362277223822,14.95362277223822,7.986339869808925,2025/3/23 2:00
201.4319827225195,200.71,-0.721982722519499,0.721982722519499,0.359714375227512,2025/3/23 2:15
203.141685668344,205.5,2.358314331656004,2.358314331656004,1.147598214917205,2025/3/23 2:30
202.30028009119624,210.22,7.919719908803756,7.919719908803756,3.7673484486728137,2025/3/23 2:45
203.4663578555804,218.5,15.033642144419588,15.033642144419588,6.880385420783848,2025/3/23 3:00
197.2584123032152,213.8,16.54158769678483,16.54158769678483,7.736944666406497,2025/3/23 3:15
197.1872048274776,218.31,21.122795172522444,21.122795172522444,9.675596707669264,2025/3/23 3:30
188.6310397310113,218.62,29.988960268988706,29.988960268988706,13.717391029629033,2025/3/23 3:45
190.57138643049183,213.21,22.638613569508152,22.638613569508152,10.6179886353818,2025/3/23 4:00
187.68604242301524,217.78,30.093957576984764,30.093957576984764,13.818512984190903,2025/3/23 4:15
187.9897436007263,225.77,37.780256399273696,37.780256399273696,16.73395774427823,2025/3/23 4:30
182.07529091408423,226.47,44.394709085915736,44.394709085915736,19.602909474056663,2025/3/23 4:45
179.7160072665796,214.12,34.40399273342041,34.40399273342041,16.06762223678514,2025/3/23 5:00
179.14861895991052,215.06,35.91138104008948,35.91138104008948,16.698307932703795,2025/3/23 5:15
172.44466029082125,225.23,52.78533970917874,52.78533970917874,23.43619398355251,2025/3/23 5:30
173.26498494394068,235.51,62.24501505605932,62.24501505605932,26.42988198209541,2025/3/23 5:45
173.9063866958846,222.61,48.70361330411541,48.70361330411541,21.878448094916457,2025/3/23 6:00
166.63043918386,210.29,43.65956081613999,43.65956081613999,20.76159627948035,2025/3/23 6:15
162.4381796059049,197.13,34.69182039409509,34.69182039409509,17.59844792475904,2025/3/23 6:30
157.7934608097455,191.91,34.116539190254485,34.116539190254485,17.777363967608103,2025/3/23 6:45
151.7416561695644,180.05,28.308343830435604,28.308343830435604,15.72249032514295,2025/3/23 7:00
152.19384418426824,181.05,28.856155815731768,28.856155815731768,15.938224697992723,2025/3/23 7:15
148.81873298734627,181.04,32.221267012653726,32.221267012653726,17.797871748031334,2025/3/23 7:30
145.56803159993177,168.16,22.591968400068225,22.591968400068225,13.434805185570168,2025/3/23 7:45
143.19537745324928,170.44,27.24462254675072,27.24462254675072,15.984875936830989,2025/3/23 8:00
135.02191043977132,178.9,43.87808956022869,43.87808956022869,24.526601207492547,2025/3/23 8:15
135.50856505970748,179.32,43.811434940292514,43.811434940292514,24.431984686743306,2025/3/23 8:30
132.1979011486478,161.28,29.08209885135221,29.08209885135221,18.032055339368917,2025/3/23 8:45
134.0142509314643,150.48,16.4657490685357,16.4657490685357,10.942151161964889,2025/3/23 9:00
128.01159073524371,141.64,13.628409264756272,13.628409264756272,9.621864773190238,2025/3/23 9:15
123.61681324503157,130.99,7.373186754968458,7.373186754968458,5.628816516499603,2025/3/23 9:30
111.85860633525154,127.72,15.861393664748462,15.861393664748462,12.418880100795525,2025/3/23 9:45
96.98151061257444,130.46,33.478489387425554,33.478489387425554,25.66188056676368,2025/3/23 10:00
81.3147437935686,141.67,60.35525620643139,60.35525620643139,42.60270784667806,2025/3/23 10:15
66.0247642506949,144.7,78.67523574930509,78.67523574930509,54.37127556962732,2025/3/23 10:30
75.2595782625791,146.69,71.4304217374209,71.4304217374209,48.69481337335348,2025/3/23 10:45
77.39479855191635,152.02,74.62520144808366,74.62520144808366,49.08906818052531,2025/3/23 11:00
74.68154886734361,168.76,94.07845113265638,94.07845113265638,55.74688974437109,2025/3/23 11:15
83.90633026213438,175.85,91.94366973786562,91.94366973786562,52.2852827624756,2025/3/23 11:30
83.03012313393768,172.19,89.15987686606232,89.15987686606232,51.779938943034175,2025/3/23 11:45
74.8558412433371,164.38,89.5241587566629,89.5241587566629,54.46170991398495,2025/3/23 12:00
83.54077912589736,160.42,76.87922087410263,76.87922087410263,47.92371329887465,2025/3/23 12:15
91.48119179871016,141.25,49.76880820128984,49.76880820128984,35.23455447876433,2025/3/23 12:30
96.31927958110128,149.64,53.3207204188987,53.3207204188987,35.63266534273127,2025/3/23 12:45
112.16655744278364,155.27,43.10344255721638,43.10344255721638,27.760315938164887,2025/3/23 13:00
108.91251738770843,166.06,57.147482612291554,57.147482612291554,34.41375563787615,2025/3/23 13:15
104.54151403574186,172.24,67.69848596425815,67.69848596425815,39.30474103821345,2025/3/23 13:30
106.18030042387,172.83,66.64969957613,66.64969957613,38.56373290290542,2025/3/23 13:45
112.71892060613855,197.48,84.76107939386144,84.76107939386144,42.92134869040841,2025/3/23 14:00
114.30293105688004,169.95,55.64706894311996,55.64706894311996,32.74320031955706,2025/3/23 14:15
112.87256573578216,179.27,66.39743426421784,66.39743426421784,37.03767181579784,2025/3/23 14:30
119.6369328776379,184.12,64.4830671223621,64.4830671223621,35.02230454178095,2025/3/23 14:45
128.15891748594123,200.38,72.22108251405876,72.22108251405876,36.042061340464485,2025/3/23 15:00
141.56279715652082,200.86,59.2972028434792,59.2972028434792,29.521658291073223,2025/3/23 15:15
147.38145650759475,232.07,84.68854349240524,84.68854349240524,36.49267181986847,2025/3/23 15:30
156.34017486726555,221.94,65.59982513273445,65.59982513273445,29.557459283006622,2025/3/23 15:45
161.6084271380455,221.63,60.021572861954496,60.021572861954496,27.0818810007343,2025/3/23 16:00
162.52899399082162,217.4,54.87100600917839,54.87100600917839,25.239653178083326,2025/3/23 16:15
155.88761331756967,202.49,46.602386682430335,46.602386682430335,23.014660814068503,2025/3/23 16:30
166.02462795295762,197.14,31.11537204704237,31.11537204704237,15.78338847875956,2025/3/23 16:45
169.4073208150883,196.14,26.73267918491169,26.73267918491169,13.62938675685636,2025/3/23 17:00
189.95841629048192,202.64,12.681583709518064,12.681583709518064,6.258183828223356,2025/3/23 17:15
190.59365373106064,205.01,14.41634626893935,14.41634626893935,7.032021008210487,2025/3/23 17:30
189.3466709188257,185.98,-3.366670918825747,3.366670918825747,1.8102327770856743,2025/3/23 17:45
184.4832724390741,192.99,8.506727560925896,8.506727560925896,4.407859247070568,2025/3/23 18:00
187.9586556572431,167.75,-20.2086556572431,20.2086556572431,12.046888618319556,2025/3/23 18:15
186.21065509158123,141.7,-44.51065509158124,44.51065509158124,31.411894912879205,2025/3/23 18:30
182.23602933222247,132.25,-49.98602933222247,49.98602933222247,37.79661953284285,2025/3/23 18:45
173.7658933591741,120.81,-52.9558933591741,52.9558933591741,43.83403142052004,2025/3/23 19:00
169.60639649315644,88.38,-81.22639649315644,81.22639649315644,91.90585708651793,2025/3/23 19:15
182.4652678911033,58.89,-123.57526789110332,123.57526789110332,209.840835270663,2025/3/23 19:30
173.6284576243039,46.27,-127.3584576243039,127.3584576243039,275.25061081484466,2025/3/23 19:45
170.23937304682696,33.37,-136.86937304682695,136.86937304682695,410.15694649810246,2025/3/23 20:00
149.28242816881027,21.24,-128.04242816881026,128.04242816881026,602.8362908107695,2025/3/23 20:15
151.6889335382199,22.2,-129.48893353821992,129.48893353821992,583.2834844037687,2025/3/23 20:30
145.49493584688082,24.83,-120.66493584688082,120.66493584688082,485.9643006298626,2025/3/23 20:45
142.46112081733784,19.11,-123.35112081733784,123.35112081733784,645.4794391245023,2025/3/23 21:00
141.96988532949482,21.85,-120.11988532949482,120.11988532949482,549.7477589425404,2025/3/23 21:15
149.77524864581983,19.56,-130.21524864581983,130.21524864581983,665.7221300877001,2025/3/23 21:30
143.9711932712385,7.37,-136.6011932712385,136.6011932712385,1853.4761637637043,2025/3/23 21:45
146.19247165799175,7.75,-138.44247165799175,138.44247165799175,1786.3544729832952,2025/3/23 22:00
143.3429286057497,9.2,-134.14292860574972,134.14292860574972,1458.0753109162138,2025/3/23 22:15
143.72105771491954,17.54,-126.18105771491956,126.18105771491956,719.3902948358049,2025/3/23 22:30
137.1790011602778,10.78,-126.3990011602778,126.3990011602778,1172.5324782848356,2025/3/23 22:45
137.98984422010878,56.96,-81.02984422010877,81.02984422010877,142.25745122887378,2025/3/23 23:00
132.80548279197797,125.72,-7.085482791977967,7.085482791977967,5.6359233152818415,2025/3/23 23:15
128.13711699263857,24.35,-103.78711699263856,103.78711699263856,426.2304599269501,2025/3/23 23:30
128.12862890184488,14.31,-113.81862890184487,113.81862890184487,795.3782592665933,2025/3/23 23:45
122.23581736654532,11.8,-110.43581736654534,110.43581736654534,935.8967573356732,2025/3/24 0:00
121.69016259777392,12.55,-109.14016259777394,109.14016259777394,869.6427298558111,2025/3/24 0:15
129.81913592982886,15.25,-114.56913592982886,114.56913592982886,751.2730224857546,2025/3/24 0:30
121.14172383883847,25.8,-95.34172383883848,95.34172383883848,369.5415652653836,2025/3/24 0:45
124.4502101985544,45.58,-78.87021019855439,78.87021019855439,173.0368806458564,2025/3/24 1:00
91.7396432230636,46.34,-45.39964322306359,45.39964322306359,97.97074497834618,2025/3/24 1:15
84.22576194418559,54.61,-29.615761944185596,29.615761944185596,54.23138975303308,2025/3/24 1:30
80.07676986962855,55.08,-24.99676986962855,24.99676986962855,45.38266134637467,2025/3/24 1:45
67.08331178665684,49.58,-17.503311786656838,17.503311786656838,35.30317020294783,2025/3/24 2:00
62.61378560062359,56.44,-6.173785600623596,6.173785600623596,10.938670447577351,2025/3/24 2:15
63.644244499096246,70.41,6.765755500903751,6.765755500903751,9.60908322808428,2025/3/24 2:30
64.86485408087336,83.05,18.18514591912664,18.18514591912664,21.896623623244725,2025/3/24 2:45
66.11703904697626,85.23,19.112960953023745,19.112960953023745,22.425156579844323,2025/3/24 3:00
68.97485780633515,86.28,17.30514219366485,17.30514219366485,20.056956645392667,2025/3/24 3:15
57.87437320119414,79.14,21.26562679880586,21.26562679880586,26.870895626458164,2025/3/24 3:30
54.24925422970401,75.2,20.950745770295995,20.950745770295995,27.860034268973585,2025/3/24 3:45
50.80158579662892,71.58,20.77841420337108,20.77841420337108,29.02824001584528,2025/3/24 4:00
42.05835257118866,66.33,24.27164742881133,24.27164742881133,36.59226206659844,2025/3/24 4:15
29.42371443114114,59.55,30.126285568858854,30.126285568858854,50.589900199510105,2025/3/24 4:30
31.18105760413214,67.62,36.43894239586787,36.43894239586787,53.88781779919252,2025/3/24 4:45
27.472162247244675,72.34,44.86783775275533,44.86783775275533,62.023552326089714,2025/3/24 5:00
20.26222555013846,64.76,44.497774449861545,44.497774449861545,68.71181971864242,2025/3/24 5:15
20.618331087443067,55.09,34.471668912556936,34.471668912556936,62.57336887365105,2025/3/24 5:30
19.450756316996884,49.09,29.63924368300312,29.63924368300312,60.37735523109134,2025/3/24 5:45
14.511139047180812,49.61,35.09886095281919,35.09886095281919,70.74956854010973,2025/3/24 6:00
13.994989921336494,46.94,32.9450100786635,32.9450100786635,70.18536446227805,2025/3/24 6:15
12.636616581726477,35.18,22.543383418273525,22.543383418273525,64.08011204721275,2025/3/24 6:30
12.196411329168344,29.51,17.313588670831656,17.313588670831656,58.67024286944421,2025/3/24 6:45
17.26085087304265,30.93,13.66914912695735,13.66914912695735,44.19382194281655,2025/3/24 7:00
16.68234525652865,34.78,18.097654743471352,18.097654743471352,52.034659986829546,2025/3/24 7:15
10.603452796534937,32.57,21.966547203465066,21.966547203465066,67.44411176971944,2025/3/24 7:30
11.694070959695663,32.56,20.865929040304337,20.865929040304337,64.08454864938652,2025/3/24 7:45
11.378120950922757,28.34,16.961879049077247,16.961879049077247,59.85137279116936,2025/3/24 8:00
10.65969123818387,28.15,17.49030876181613,17.49030876181613,62.13253556573357,2025/3/24 8:15
8.946800064795276,27.94,18.993199935204725,18.993199935204725,67.97852517944433,2025/3/24 8:30
14.96909740198288,28.66,13.69090259801712,13.69090259801712,47.77007187009544,2025/3/24 8:45
17.358870480820702,23.84,6.481129519179298,6.481129519179298,27.185945969597785,2025/3/24 9:00
17.047179596625682,17.47,0.4228204033743168,0.4228204033743168,2.4202656174693566,2025/3/24 9:15
17.605750745522343,13.56,-4.045750745522343,4.045750745522343,29.835919952009636,2025/3/24 9:30
17.732639236620052,14.19,-3.5426392366200528,3.5426392366200528,24.965745148661643,2025/3/24 9:45
13.962035879420124,16.68,2.7179641205798752,2.7179641205798752,16.294748924242093,2025/3/24 10:00
14.186209764608348,17.03,2.843790235391653,2.843790235391653,16.698709544186464,2025/3/24 10:15
14.712421503226684,17.02,2.3075784967733157,2.3075784967733157,13.558040521502686,2025/3/24 10:30
17.501535038963855,21.43,3.928464961036145,3.928464961036145,18.33161437712465,2025/3/24 10:45
24.19413709529455,29.17,4.975862904705451,4.975862904705451,17.058151884430554,2025/3/24 11:00
21.39247684643544,40.53,19.137523153564565,19.137523153564565,47.21816716880667,2025/3/24 11:15
20.26106783988336,48.23,27.96893216011664,27.96893216011664,57.990736388261766,2025/3/24 11:30
21.136157412803968,49.75,28.613842587196032,28.613842587196032,57.51526148168546,2025/3/24 11:45
30.097442925986925,45.22,15.122557074013072,15.122557074013072,33.44218724895982,2025/3/24 12:00
44.39001467176975,49.44,5.04998532823025,5.04998532823025,10.214371618568032,2025/3/24 12:15
71.82664152666091,51.96,-19.866641526660903,19.866641526660903,38.2344910058173,2025/3/24 12:30
92.08028471653512,57.74,-34.34028471653513,34.34028471653513,59.473995006019486,2025/3/24 12:45
103.7740716929282,54.46,-49.3140716929282,49.3140716929282,90.55099466183924,2025/3/24 13:00
116.08960433662357,65.07,-51.01960433662357,51.01960433662357,78.40726039118667,2025/3/24 13:15
130.79941328723402,86.18,-44.61941328723401,44.61941328723401,51.774673111142064,2025/3/24 13:30
140.71118299791536,119.73,-20.981182997915354,20.981182997915354,17.52374759700813,2025/3/24 13:45
153.72289970809825,144.0,-9.722899708098224,9.722899708098224,6.752013686174635,2025/3/24 14:00
158.36899198308367,158.47,0.1010080169163245,0.1010080169163245,0.0637395197300819,2025/3/24 14:15
162.361876351221,163.85,1.4881236487789806,1.4881236487789806,0.9082231606823756,2025/3/24 14:30
171.51111577705174,193.71,22.198884222948266,22.198884222948266,11.459854536645915,2025/3/24 14:45
183.09225101006257,217.7,34.60774898993742,34.60774898993742,15.89699080841595,2025/3/24 15:00
205.60365218826223,245.55,39.94634781173775,39.94634781173775,16.26811150955874,2025/3/24 15:15
210.35175198191465,263.36,53.00824801808537,53.00824801808537,20.12767619154968,2025/3/24 15:30
218.1098821579205,265.88,47.77011784207946,47.77011784207946,17.966796239680114,2025/3/24 15:45
220.8645423747208,264.63,43.7654576252792,43.7654576252792,16.538358321151293,2025/3/24 16:00
221.12334503101283,274.38,53.25665496898717,53.25665496898717,19.409816666290457,2025/3/24 16:15
224.7999358979416,261.3,36.50006410205842,36.50006410205842,13.968642978203002,2025/3/24 16:30
219.25681591229932,266.61,47.35318408770067,47.35318408770067,17.761218291768092,2025/3/24 16:45
205.00685768545435,265.64,60.63314231454564,60.63314231454564,22.8253057952578,2025/3/24 17:00
218.3740060375553,274.29,55.9159939624447,55.9159939624447,20.38572093857753,2025/3/24 17:15
222.21029596174267,269.92,47.70970403825734,47.70970403825734,17.67549793947824,2025/3/24 17:30
220.4269991969649,263.95,43.52300080303508,43.52300080303508,16.489108089796776,2025/3/24 17:45
219.414514926872,261.39,41.97548507312803,41.97548507312803,16.058565772643167,2025/3/24 18:00
224.9104893011951,261.54,36.62951069880492,36.62951069880492,14.00531876530967,2025/3/24 18:15
229.6699912276797,242.77,13.100008772320308,13.100008772320308,5.396057491582532,2025/3/24 18:30
230.48164829852604,227.36,-3.1216482985260257,3.1216482985260257,1.3729980201111245,2025/3/24 18:45
229.66501775816076,203.8,-25.86501775816072,25.86501775816072,12.691372795950944,2025/3/24 19:00
225.21331479497636,187.28,-37.933314794976326,37.933314794976326,20.254866934513068,2025/3/24 19:15
222.61476635642447,161.44,-61.17476635642447,61.17476635642447,37.89319026039803,2025/3/24 19:30
218.185024973869,146.44,-71.745024973869,71.745024973869,48.992778594523365,2025/3/24 19:45
208.6418507069983,146.77,-61.87185070699829,61.87185070699829,42.15565218161486,2025/3/24 20:00
206.55738408598936,150.26,-56.29738408598939,56.29738408598939,37.466647202150895,2025/3/24 20:15
215.0654616716405,138.61,-76.4554616716405,76.4554616716405,55.158691055180256,2025/3/24 20:30
208.07484262790183,130.64,-77.43484262790184,77.43484262790184,59.27345577758925,2025/3/24 20:45
200.9332608187929,121.94,-78.99326081879289,78.99326081879289,64.78043367125481,2025/3/24 21:00
202.187261859071,127.17,-75.01726185907101,75.01726185907101,58.98974747111113,2025/3/24 21:15
201.5786205646204,146.19,-55.38862056462037,55.38862056462037,37.88810490771085,2025/3/24 21:30
194.74299175088237,157.69,-37.05299175088234,37.05299175088234,23.497363022930337,2025/3/24 21:45
189.58329526176223,154.19,-35.39329526176226,35.39329526176226,22.954338972526955,2025/3/24 22:00
199.665326627412,161.36,-38.30532662741197,38.30532662741197,23.739047240572777,2025/3/24 22:15
191.8122071790488,166.34,-25.47220717904881,25.47220717904881,15.313338450783634,2025/3/24 22:30
196.40194390851516,166.25,-30.151943908515136,30.151943908515136,18.13650761413353,2025/3/24 22:45
193.94150296043392,178.43,-15.511502960433916,15.511502960433916,8.693326772642058,2025/3/24 23:00
196.17247560099915,185.15,-11.022475600999144,11.022475600999144,5.953267945445958,2025/3/24 23:15
198.01468822939177,184.76,-13.254688229391776,13.254688229391776,7.174003155111822,2025/3/24 23:30
197.1173376374912,196.4,-0.7173376374911697,0.7173376374911697,0.3652431962784137,2025/3/24 23:45
205.696023334334,193.62,-12.076023334333996,12.076023334333996,6.236971043449933,2025/3/25 0:00
202.64075333534743,193.16,-9.480753335347458,9.480753335347458,4.908238421693182,2025/3/25 0:15
201.98929392199457,188.12,-13.869293921994569,13.869293921994569,7.372578100142036,2025/3/25 0:30
197.07632105192096,183.62,-13.456321051920952,13.456321051920952,7.328352604244431,2025/3/25 0:45
199.0023541222328,184.18,-14.822354122232753,14.822354122232753,8.047754437085842,2025/3/25 1:00
197.9629819390426,173.5,-24.462981939042606,24.462981939042606,14.099701405780122,2025/3/25 1:15
195.00715319715908,160.96,-34.04715319715908,34.04715319715908,21.1525554157169,2025/3/25 1:30
195.988506740303,162.68,-33.30850674030299,33.30850674030299,20.47486276142274,2025/3/25 1:45
196.7678774517545,172.38,-24.38787745175449,24.38787745175449,14.147741879417769,2025/3/25 2:00
200.3244332467471,189.66,-10.664433246747109,10.664433246747109,5.622921673911994,2025/3/25 2:15
200.50529555550864,212.3,11.794704444491371,11.794704444491371,5.555678023780413,2025/3/25 2:30
202.41033930176116,229.2,26.789660698238865,26.789660698238865,11.688333637969972,2025/3/25 2:45
204.64539241854436,218.31,13.66460758145567,13.66460758145567,6.259267821652426,2025/3/25 3:00
200.93723831138192,210.48,9.542761688618072,9.542761688618072,4.533809240124258,2025/3/25 3:15
192.86661463984677,203.83,10.963385360153268,10.963385360153268,5.378690752169891,2025/3/25 3:30
190.35456615220517,192.04,1.6854338477948545,1.6854338477948545,0.8776472858748058,2025/3/25 3:45
182.03203298786784,183.27,1.237967012132145,1.237967012132145,0.6754880843190211,2025/3/25 4:00
178.1707899568311,175.79,-2.3807899568311086,2.3807899568311086,1.3543375373057367,2025/3/25 4:15
170.17157336566848,165.38,-4.791573365668484,4.791573365668484,2.897311262344653,2025/3/25 4:30
170.9980170059592,166.51,-4.488017005959222,4.488017005959222,2.6953438267710808,2025/3/25 4:45
170.9980170059592,147.6,-23.39801700595922,23.39801700595922,15.85231504467708,2025/3/25 5:00
168.60947588173835,133.66,-34.94947588173835,34.94947588173835,26.148044202986835,2025/3/25 5:15
169.1649138921554,128.67,-40.49491389215541,40.49491389215541,31.47191566963857,2025/3/25 5:30
163.59068972450527,133.78,-29.810689724505263,29.810689724505263,22.28336801052697,2025/3/25 5:45
162.75749719737877,146.96,-15.79749719737876,15.79749719737876,10.749521772841597,2025/3/25 6:00
162.54065881761508,145.52,-17.02065881761507,17.02065881761507,11.696439539309631,2025/3/25 6:15
162.0286183002331,140.76,-21.2686183002331,21.2686183002331,15.109845339739977,2025/3/25 6:30
167.1302386070372,143.84,-23.2902386070372,23.2902386070372,16.19176766339058,2025/3/25 6:45
169.77465004458256,154.25,-15.524650044582556,15.524650044582556,10.064602946238246,2025/3/25 7:00
160.83757559318008,170.02,9.182424406819932,9.182424406819932,5.400790734510371,2025/3/25 7:15
153.19354628031266,176.9,23.706453719687342,23.706453719687342,13.401047891279788,2025/3/25 7:30
150.79708199211112,177.69,26.89291800788888,26.89291800788888,15.134739156887695,2025/3/25 7:45
136.09781770947637,170.62,34.52218229052363,34.52218229052363,20.233373748976323,2025/3/25 8:00
135.04750981506692,156.08,21.032490184933096,21.032490184933096,13.47545501340314,2025/3/25 8:15
132.70042862514055,138.42,5.719571374859413,5.719571374859413,4.132041160854849,2025/3/25 8:30
122.47926883732616,123.21,0.7307311626738198,0.7307311626738198,0.5930778042961016,2025/3/25 8:45
115.56359824048766,105.54,-10.023598240487658,10.023598240487658,9.497440061093576,2025/3/25 9:00
113.75875106957272,91.85,-21.90875106957272,21.90875106957272,23.852750211811504,2025/3/25 9:15
107.51943282687132,87.21,-20.30943282687132,20.30943282687132,23.287963337745705,2025/3/25 9:30
103.54008588201678,90.6,-12.940085882016788,12.940085882016788,14.282655498899013,2025/3/25 9:45
100.50908077678822,101.56,1.0509192232117783,1.0509192232117783,1.0347767065879712,2025/3/25 10:00
109.77507611119866,112.49,2.714923888801337,2.714923888801337,2.413480210506644,2025/3/25 10:15
103.5134215117568,109.86,6.34657848824321,6.34657848824321,5.77696931388807,2025/3/25 10:30
111.77917851968202,113.88,2.1008214803179754,2.1008214803179754,1.8447677206850464,2025/3/25 10:45
124.84079196181328,108.21,-16.630791961813273,16.630791961813273,15.36899728472221,2025/3/25 11:00
135.802970533476,110.54,-25.26297053347598,25.26297053347598,22.854143779132556,2025/3/25 11:15
144.85909739997368,114.36,-30.49909739997368,30.49909739997368,26.669375131118407,2025/3/25 11:30
154.567371098633,107.86,-46.70737109863301,46.70737109863301,43.30370025828824,2025/3/25 11:45
161.81187788489396,116.11,-45.70187788489396,45.70187788489396,39.36084565055086,2025/3/25 12:00
168.34243501975854,144.9,-23.44243501975853,23.44243501975853,16.178354050891897,2025/3/25 12:15
175.31463383960786,131.86,-43.45463383960785,43.45463383960785,32.95512956133391,2025/3/25 12:30
164.56795731097648,137.43,-27.137957310976475,27.137957310976475,19.746749116609717,2025/3/25 12:45
172.25962224849965,169.26,-2.999622248499662,2.999622248499662,1.7721979490121058,2025/3/25 13:00
187.0637862053517,220.76,33.69621379464829,33.69621379464829,15.26373156125794,2025/3/25 13:15
201.32431064066563,233.68,32.35568935933438,32.35568935933438,13.846152584440487,2025/3/25 13:30
218.79801518449472,251.57,32.77198481550528,32.77198481550528,13.02698446376446,2025/3/25 13:45
217.2748455400951,253.57,36.29515445990489,36.29515445990489,14.313662680873362,2025/3/25 14:00
223.6738146380829,271.31,47.63618536191714,47.63618536191714,17.55784355972857,2025/3/25 14:15
222.6180678696365,281.2,58.58193213036347,58.58193213036347,20.83283503923992,2025/3/25 14:30
229.5201833840028,290.48,60.959816615997255,60.959816615997255,20.985891151189847,2025/3/25 14:45
227.9901682514389,297.19,69.19983174856114,69.19983174856114,23.28471070646316,2025/3/25 15:00
227.38097552825337,311.11,83.72902447174664,83.72902447174664,26.91299684089863,2025/3/25 15:15
228.79276106948623,308.32,79.52723893051373,79.52723893051373,25.793733436198732,2025/3/25 15:30
236.89679654963416,311.19,74.29320345036584,74.29320345036584,23.873904511822992,2025/3/25 15:45
241.37936156923976,297.88,56.50063843076023,56.50063843076023,18.967583735309944,2025/3/25 16:00
250.50471694180624,294.48,43.97528305819378,43.97528305819378,14.933198539180538,2025/3/25 16:15
252.03067701083788,298.06,46.029322989162125,46.029322989162125,15.442972216717,2025/3/25 16:30
257.2597606373001,300.17,42.91023936269994,42.91023936269994,14.295312443843702,2025/3/25 16:45
264.657644515096,307.15,42.49235548490395,42.49235548490395,13.834398660227942,2025/3/25 17:00
267.34013027431,295.82,28.47986972568998,28.47986972568998,9.627432129565396,2025/3/25 17:15
271.69614717883223,277.66,5.963852821167791,5.963852821167791,2.1478977242547157,2025/3/25 17:30
275.1044776514034,294.84,19.73552234859659,19.73552234859659,6.6936380235347634,2025/3/25 17:45
269.99009807213366,290.49,20.499901927866347,20.499901927866347,7.057007789548448,2025/3/25 18:00
268.27710649854475,281.38,13.102893501455242,13.102893501455242,4.656654169255308,2025/3/25 18:15
270.1249201338289,278.47,8.345079866171147,8.345079866171147,2.9967608238475063,2025/3/25 18:30
270.1461701408034,263.25,-6.896170140803406,6.896170140803406,2.619627783779976,2025/3/25 18:45
265.0562128386184,254.24,-10.816212838618412,10.816212838618412,4.254331670317085,2025/3/25 19:00
263.3987172954618,218.24,-45.15871729546177,45.15871729546177,20.692227499743897,2025/3/25 19:15
261.18474749863265,201.86,-59.32474749863263,59.32474749863263,29.389055532846157,2025/3/25 19:30
253.48146897988732,198.27,-55.21146897988734,55.21146897988734,27.84660764606824,2025/3/25 19:45
251.37152842073883,204.37,-47.00152842073885,47.00152842073885,22.998252395515905,2025/3/25 20:00
248.0357112824272,217.94,-30.09571128242717,30.09571128242717,13.809172837667877,2025/3/25 20:15
239.1571435818912,207.0,-32.15714358189118,32.15714358189118,15.534851971920602,2025/3/25 20:30
230.02654391994164,203.08,-26.946543919941632,26.946543919941632,13.268930431321827,2025/3/25 20:45
228.7847662516806,223.99,-4.794766251680585,4.794766251680585,2.1406162112944527,2025/3/25 21:00
225.5406891916495,232.92,7.379310808350482,7.379310808350482,3.1681739688937465,2025/3/25 21:15
225.3955148017514,252.52,27.124485198248607,27.124485198248607,10.741519562109088,2025/3/25 21:30
212.68758577329424,250.45,37.76241422670577,37.76241422670577,15.07782560458802,2025/3/25 21:45
204.25251636692465,232.79,28.53748363307534,28.53748363307534,12.258895843061593,2025/3/25 22:00
207.76333465013303,209.97,2.206665349866938,2.206665349866938,1.0509431584825868,2025/3/25 22:15
215.99550952646345,198.61,-17.385509526463437,17.385509526463437,8.753592229220423,2025/3/25 22:30
218.2620340467281,198.35,-19.91203404672811,19.91203404672811,10.038837432174477,2025/3/25 22:45
222.8273990474068,210.61,-12.217399047406758,12.217399047406758,5.800958666445542,2025/3/25 23:00
227.29150076762224,214.75,-12.54150076762224,12.54150076762224,5.840046923220675,2025/3/25 23:15
235.52924932399787,259.83,24.30075067600211,24.30075067600211,9.35255770157132,2025/3/25 23:30
238.65061492035636,261.42,22.769385079643683,22.769385079643683,8.70988642018016,2025/3/25 23:45
237.91646474259045,252.54,14.623535257409545,14.623535257409545,5.790581791955236,2025/3/26 0:00
239.27474837887667,232.45,-6.824748378876677,6.824748378876677,2.9360070461921883,2025/3/26 0:15
238.05647517052117,228.11,-9.946475170521126,9.946475170521126,4.360385415157935,2025/3/26 0:30
243.53601356194775,211.48,-32.05601356194779,32.05601356194779,15.157940969326951,2025/3/26 0:45
241.74377918404664,222.23,-19.51377918404665,19.51377918404665,8.78089330155149,2025/3/26 1:00
243.0745744053904,247.92,4.845425594609623,4.845425594609623,1.954431104633619,2025/3/26 1:15
245.06298770557672,257.28,12.217012294423256,12.217012294423256,4.748527788564408,2025/3/26 1:30
240.13006244568805,253.2,13.069937554311934,13.069937554311934,5.161902667577714,2025/3/26 1:45
240.25132217768424,249.81,9.558677822315758,9.558677822315758,3.826379177099368,2025/3/26 2:00
240.2336140727712,243.02,2.786385927228821,2.786385927228821,1.1465665077885254,2025/3/26 2:15
246.90550756296048,241.52,-5.38550756296047,5.38550756296047,2.229839169823716,2025/3/26 2:30
246.7177172721945,242.88,-3.83771727219451,3.83771727219451,1.5800878096973527,2025/3/26 2:45
246.7177172721945,254.54,7.8222827278054865,7.8222827278054865,3.0731054953258483,2025/3/26 3:00
243.76316717236625,269.83,26.06683282763373,26.06683282763373,9.66046504377722,2025/3/26 3:15
245.11910812864087,259.11,13.99089187135914,13.99089187135914,5.399595488925066,2025/3/26 3:30
246.70773843770024,277.31,30.60226156229976,30.60226156229976,11.035397772272448,2025/3/26 3:45
241.96710780369017,271.11,29.142892196309845,29.142892196309845,10.749471504665667,2025/3/26 4:00
241.93155535022044,275.04,33.108444649779585,33.108444649779585,12.037683482318045,2025/3/26 4:15
242.88920847963723,272.15,29.260791520362744,29.260791520362744,10.751714686882968,2025/3/26 4:30
245.005781246661,275.47,30.464218753339026,30.464218753339026,11.058996897421848,2025/3/26 4:45
245.75165212964848,266.7,20.948347870351512,20.948347870351512,7.854648620301334,2025/3/26 5:00
246.15303445554545,262.7,16.546965544454537,16.546965544454537,6.298806830775881,2025/3/26 5:15
250.4244311947276,238.79,-11.634431194727595,11.634431194727595,4.872243894100559,2025/3/26 5:30
255.6365712385728,227.15,-28.486571238572765,28.486571238572765,12.540863411208552,2025/3/26 5:45
256.8538258309692,234.37,-22.48382583096918,22.48382583096918,9.593303678354562,2025/3/26 6:00
257.865063247925,242.67,-15.195063247924992,15.195063247924992,6.2616158766715015,2025/3/26 6:15
257.865063247925,212.2,-45.66506324792499,45.66506324792499,21.51982245424292,2025/3/26 6:30
264.6805730613805,171.67,-93.01057306138054,93.01057306138054,54.17986431020352,2025/3/26 6:45
265.94393410109706,151.51,-114.43393410109708,114.43393410109708,75.52896449146694,2025/3/26 7:00
263.82171944749007,116.9,-146.92171944749006,146.92171944749006,125.68153930484549,2025/3/26 7:15
263.0925152829621,179.72,-83.37251528296215,83.37251528296215,46.3902266208078,2025/3/26 7:30
262.3245705466769,179.65,-82.6745705466769,82.6745705466769,46.01979991462894,2025/3/26 7:45
260.83527727814675,226.12,-34.71527727814674,34.71527727814674,15.352590340585262,2025/3/26 8:00
260.2253079807901,275.57,15.344692019209845,15.344692019209845,5.568346343652894,2025/3/26 8:15
258.9130404904524,261.21,2.296959509547605,2.296959509547605,0.8793535888927401,2025/3/26 8:30
258.0200412811296,245.1,-12.920041281129585,12.920041281129585,5.271334672021344,2025/3/26 8:45
255.15225544681613,220.61,-34.542255446816114,34.542255446816114,15.657610918272272,2025/3/26 9:00
249.05945869293404,207.41,-41.64945869293405,41.64945869293405,20.080738003429907,2025/3/26 9:15
253.34355685515584,213.62,-39.72355685515584,39.72355685515584,18.59542966723024,2025/3/26 9:30
252.05282294940903,219.12,-32.93282294940906,32.93282294940906,15.02958331023824,2025/3/26 9:45
246.52291052802863,182.99,-63.53291052802862,63.53291052802862,34.7193346783944,2025/3/26 10:00
248.10473927184287,182.69,-65.41473927184288,65.41473927184288,35.80641484033449,2025/3/26 10:15
260.8229067821339,183.28,-77.54290678213388,77.54290678213388,42.30843888154276,2025/3/26 10:30
260.2626412092698,183.05,-77.2126412092698,77.2126412092698,42.18117520307437,2025/3/26 10:45
272.9945569012261,182.77,-90.22455690122608,90.22455690122608,49.36508010131679,2025/3/26 11:00
278.9092955012029,182.67,-96.23929550120292,96.23929550120292,52.68478431113497,2025/3/26 11:15
282.4794284460156,182.83,-99.64942844601556,99.64942844601556,54.50387159982555,2025/3/26 11:30
282.6283087692101,182.09,-100.53830876921016,100.53830876921016,55.21352560225984,2025/3/26 11:45
277.1838685299897,183.01,-94.17386852998976,94.17386852998976,51.4583184142606,2025/3/26 12:00
277.7795894855127,182.92,-94.85958948551271,94.85958948551271,51.85851163648637,2025/3/26 12:15
278.55700827340894,187.76,-90.79700827340896,90.79700827340896,48.358014632169045,2025/3/26 12:30
287.77099758773693,209.23,-78.54099758773694,78.54099758773694,37.53811479601367,2025/3/26 12:45
281.5275078472087,208.93,-72.5975078472087,72.5975078472087,34.74728753514285,2025/3/26 13:00
283.1008438136437,208.19,-74.91084381364368,74.91084381364368,35.98196061943787,2025/3/26 13:15
282.77478231792605,208.98,-73.79478231792606,73.79478231792606,35.31188741405434,2025/3/26 13:30
285.76639773206153,208.89,-76.87639773206155,76.87639773206155,36.802335072059336,2025/3/26 13:45
287.62077498342785,209.35,-78.27077498342786,78.27077498342786,37.38752089008382,2025/3/26 14:00
289.4294536092199,210.76,-78.66945360921989,78.66945360921989,37.32655798499837,2025/3/26 14:15
286.67789273998983,241.28,-45.39789273998983,45.39789273998983,18.815439630293028,2025/3/26 14:30
279.855633104978,241.9,-37.95563310497798,37.95563310497798,15.690629642398632,2025/3/26 14:45
284.25113351766186,241.97,-42.28113351766186,42.28113351766186,17.47370893815117,2025/3/26 15:00
277.2360007653881,241.42,-35.81600076538811,35.81600076538811,14.835556608969132,2025/3/26 15:15
274.4996501513285,241.21,-33.28965015132852,33.28965015132852,13.80110698201348,2025/3/26 15:30
275.92905969464664,242.23,-33.69905969464665,33.69905969464665,13.912009121344482,2025/3/26 15:45
275.5431265679037,241.21,-34.33312656790369,34.33312656790369,14.233707793163408,2025/3/26 16:00
273.3967034272185,241.7,-31.69670342721849,31.69670342721849,13.11406844319627,2025/3/26 16:15
280.7845979214318,242.19,-38.59459792143178,38.59459792143178,15.9356694832222,2025/3/26 16:30
286.22898011896143,241.47,-44.75898011896143,44.75898011896143,18.5360417935739,2025/3/26 16:45
286.56587308688023,241.08,-45.48587308688022,45.48587308688022,18.867543175237,2025/3/26 17:00
285.6887128005039,205.89,-79.79871280050389,79.79871280050389,38.75793520834676,2025/3/26 17:15
276.56045749460577,237.63,-38.930457494605776,38.930457494605776,16.382804147030843,2025/3/26 17:30
274.5208417077686,237.9,-36.62084170776862,36.62084170776862,15.393376085646585,2025/3/26 17:45
277.1564830885348,238.9,-38.25648308853479,38.25648308853479,16.013596939522305,2025/3/26 18:00
282.7671388824503,239.68,-43.08713888245029,43.08713888245029,17.976943792737114,2025/3/26 18:15
279.61253794053,275.79,-3.822537940529969,3.822537940529969,1.3860321043288673,2025/3/26 18:30
280.596864307593,258.7,-21.896864307593034,21.896864307593034,8.46419184676636,2025/3/26 18:45
279.885799709086,269.61,-10.27579970908596,10.27579970908596,3.8113570376032593,2025/3/26 19:00
282.6038365541052,297.37,14.76616344589479,14.76616344589479,4.965586120284436,2025/3/26 19:15
281.4827051979167,337.51,56.0272948020833,56.0272948020833,16.600188083928387,2025/3/26 19:30
278.54213339948484,339.3,60.75786660051517,60.75786660051517,17.90682776318811,2025/3/26 19:45
279.6934434595112,337.31,57.61655654048883,57.61655654048883,17.08118838471191,2025/3/26 20:00
283.7268654908473,325.03,41.3031345091527,41.3031345091527,12.707483773540904,2025/3/26 20:15
278.575668029811,325.9,47.32433197018895,47.32433197018895,14.521120579986018,2025/3/26 20:30
278.95199511583473,327.21,48.258004884165246,48.258004884165246,14.748328255294918,2025/3/26 20:45
277.2665498362688,328.1,50.83345016373124,50.83345016373124,15.493279537859111,2025/3/26 21:00
278.93572987516654,314.99,36.054270124833465,36.054270124833465,11.44616340989302,2025/3/26 21:15
283.41408787322825,313.67,30.25591212677176,30.25591212677176,9.645778087404636,2025/3/26 21:30
276.67964794965945,310.04,33.360352050340566,33.360352050340566,10.760015498106632,2025/3/26 21:45
272.9114877467974,306.78,33.8685122532026,33.8685122532026,11.040000082531964,2025/3/26 22:00
277.3437290107206,312.5,35.15627098927939,35.15627098927939,11.250006716565805,2025/3/26 22:15
275.32076162046684,317.46,42.13923837953314,42.13923837953314,13.273873363422124,2025/3/26 22:30
279.22966519329026,315.34,36.11033480670972,36.11033480670972,11.451238284612884,2025/3/26 22:45
274.3340751337844,317.4,43.0659248662156,43.0659248662156,13.56834431827411,2025/3/26 23:00
286.3027117032706,315.22,28.917288296729453,28.917288296729453,9.173684505018803,2025/3/26 23:15
291.3021545449398,317.26,25.95784545506018,25.95784545506018,8.181884087200403,2025/3/26 23:30
292.9485739027312,314.5,21.5514260972688,21.5514260972688,6.852599712960875,2025/3/26 23:45
293.17984002813955,318.25,25.07015997186045,25.07015997186045,7.877505097204264,2025/3/27 0:00
298.1191809572602,322.2,24.08081904273979,24.08081904273979,7.473873073473718,2025/3/27 0:15
298.4871209077348,321.13,22.64287909226522,22.64287909226522,7.05100086951022,2025/3/27 0:30
302.09994758339576,319.74,17.64005241660425,17.64005241660425,5.516998941827338,2025/3/27 0:45
298.90303544049885,321.13,22.22696455950114,22.22696455950114,6.921484931178719,2025/3/27 1:00
300.7722272565905,320.34,19.56777274340948,19.56777274340948,6.1084387661245465,2025/3/27 1:15
303.5490919564224,320.58,17.030908043577654,17.030908043577654,5.31252980334779,2025/3/27 1:30
301.6375633289388,319.17,17.532436671061248,17.532436671061248,5.493134276735205,2025/3/27 1:45
302.92868949115694,318.6,15.671310508843078,15.671310508843078,4.918804302836835,2025/3/27 2:00
302.7785115663769,317.01,14.2314884336231,14.2314884336231,4.489286910071799,2025/3/27 2:15
297.40278394868943,320.55,23.14721605131058,23.14721605131058,7.221093761130357,2025/3/27 2:30
293.8108827741684,321.06,27.24911722583164,27.24911722583164,8.487235166580438,2025/3/27 2:45
295.8962034270892,319.03,23.1337965729108,23.1337965729108,7.251291907627354,2025/3/27 3:00
290.190505864732,318.48,28.289494135268058,28.289494135268058,8.882659550131617,2025/3/27 3:15
290.829341606237,321.47,30.640658393763037,30.640658393763037,9.531420783822284,2025/3/27 3:30
288.3014062722772,321.24,32.93859372772283,32.93859372772283,10.253577925449068,2025/3/27 3:45
291.5985320179903,318.47,26.871467982009733,26.871467982009733,8.43767638458922,2025/3/27 4:00
291.58107436098504,319.1,27.51892563901498,27.51892563901498,8.623919034473944,2025/3/27 4:15
292.32192291526644,319.23,26.908077084733577,26.908077084733577,8.42905650619464,2025/3/27 4:30
292.9032483593081,319.46,26.556751640691857,26.556751640691857,8.313013097315327,2025/3/27 4:45
291.28732137400226,318.84,27.552678625997714,27.552678625997714,8.6415376445832,2025/3/27 5:00
288.68677121091616,317.43,28.743228789083844,28.743228789083844,9.054981819322304,2025/3/27 5:15
293.0048594038386,320.01,27.005140596161368,27.005140596161368,8.438842722462713,2025/3/27 5:30
293.74338028883494,320.76,27.01661971116505,27.01661971116505,8.422689771529065,2025/3/27 5:45
293.74338028883494,320.3,26.55661971116507,26.55661971116507,8.291170687217226,2025/3/27 6:00
293.85630235843405,321.13,27.273697641565946,27.273697641565946,8.493039467367563,2025/3/27 6:15
294.80546891043565,319.87,25.064531089564355,25.064531089564355,7.83584927925611,2025/3/27 6:30
294.80546891043565,317.57,22.764531089564343,22.764531089564343,7.168350628068512,2025/3/27 6:45
298.7882745131934,343.63,44.84172548680658,44.84172548680658,13.049421030408734,2025/3/27 7:00
301.1158341574998,317.28,16.164165842500154,16.164165842500154,5.094605976580642,2025/3/27 7:15
301.1158341574998,316.45,15.33416584250017,15.33416584250017,4.845683628533836,2025/3/27 7:30
301.1158341574998,320.41,19.29416584250021,19.29416584250021,6.021711507909923,2025/3/27 7:45
300.10797112254323,321.25,21.142028877456767,21.142028877456767,6.581176304264649,2025/3/27 8:00
301.9322773593432,319.3,17.367722640656837,17.367722640656837,5.439311819809395,2025/3/27 8:15
302.17136536689424,307.78,5.608634633105737,5.608634633105737,1.8222869039911351,2025/3/27 8:30
299.2148294668033,301.58,2.365170533196704,2.365170533196704,0.7842597430850586,2025/3/27 8:45
296.44430318869496,300.1,3.655696811305063,3.655696811305063,1.21815955058442,2025/3/27 9:00
297.3389834041674,299.05,1.711016595832632,1.711016595832632,0.5721506757505634,2025/3/27 9:15
298.22100674779847,297.46,-0.7610067477984899,0.7610067477984899,0.2558349854764453,2025/3/27 9:30
288.9777316275708,293.48,4.502268372429228,4.502268372429228,1.534097169288433,2025/3/27 9:45
285.53264060558496,298.01,12.477359394415032,12.477359394415032,4.186892854068939,2025/3/27 10:00
285.3382911935663,294.39,9.05170880643368,9.05170880643368,3.074733790696221,2025/3/27 10:15
287.7156222654397,287.22,-0.4956222654396924,0.4956222654396924,0.1725584100826961,2025/3/27 10:30
280.04793197401995,291.81,11.762068025980057,11.762068025980057,4.030728222465312,2025/3/27 10:45
279.031557145691,296.99,17.958442854309,17.958442854309,6.046817352201405,2025/3/27 11:00
275.39233024610223,311.39,35.99766975389775,35.99766975389775,11.560316565684897,2025/3/27 11:15
265.06721550250387,307.81,42.74278449749613,42.74278449749613,13.88609353090616,2025/3/27 11:30
261.09372308740086,311.41,50.316276912599164,50.316276912599164,16.157566202942427,2025/3/27 11:45
256.7348530979446,313.35,56.615146902055415,56.615146902055415,18.067702856881237,2025/3/27 12:00
251.8933222586775,312.5,60.6066777413225,60.6066777413225,19.394136877216997,2025/3/27 12:15
251.67576639739227,322.64,70.96423360260772,70.96423360260772,21.994865361575048,2025/3/27 12:30
249.7468586774444,330.17,80.42314132255561,80.42314132255561,24.35810077309605,2025/3/27 12:45
248.20930614657837,328.0,79.79069385342166,79.79069385342166,24.32643105286504,2025/3/27 13:00
246.9472713703858,327.41,80.46272862961422,80.46272862961422,24.575525680214295,2025/3/27 13:15
250.25235694947867,323.77,73.51764305052131,73.51764305052131,22.70674956002675,2025/3/27 13:30
252.4863539194838,327.82,75.33364608051619,75.33364608051619,22.98018610227967,2025/3/27 13:45
249.4222151801292,327.9,78.47778481987078,78.47778481987078,23.933450692237525,2025/3/27 14:00
257.22698986856886,326.14,68.91301013143112,68.91301013143112,21.12988597884651,2025/3/27 14:15
252.02889575348277,327.57,75.54110424651725,75.54110424651725,23.061056948589368,2025/3/27 14:30
236.81630152683655,331.43,94.61369847316342,94.61369847316342,28.547113560370175,2025/3/27 14:45
234.18657960518047,332.54,98.35342039481957,98.35342039481957,29.57641799326095,2025/3/27 15:00
243.74913165092477,335.33,91.58086834907525,91.58086834907525,27.31066959384724,2025/3/27 15:15
226.43718189088585,330.89,104.45281810911416,104.45281810911416,31.567233252465357,2025/3/27 15:30
226.43718189088585,334.49,108.05281810911418,108.05281810911418,32.30375141531343,2025/3/27 15:45
233.4270837638285,336.61,103.18291623617152,103.18291623617152,30.65355046972486,2025/3/27 16:00
240.54467531553152,332.94,92.39532468446848,92.39532468446848,27.75134399124188,2025/3/27 16:15
243.77789752241867,330.66,86.88210247758136,86.88210247758136,26.27535912343648,2025/3/27 16:30
247.32596934758828,334.08,86.7540306524117,86.7540306524117,25.96804078435876,2025/3/27 16:45
267.1208479625203,332.25,65.12915203747968,65.12915203747968,19.602453585390545,2025/3/27 17:00
267.8460846662134,339.72,71.87391533378661,71.87391533378661,21.156810118263703,2025/3/27 17:15
264.16790643464816,342.1,77.93209356535186,77.93209356535186,22.78050089603305,2025/3/27 17:30
262.62047348884823,346.95,84.32952651115176,84.32952651115176,24.30595950745856,2025/3/27 17:45
267.7440328581788,350.02,82.27596714182118,82.27596714182118,23.50607597902911,2025/3/27 18:00
264.18221013182244,343.51,79.32778986817755,79.32778986817755,23.09329855554553,2025/3/27 18:15
259.7071409415222,342.25,82.5428590584778,82.5428590584778,24.117709001739573,2025/3/27 18:30
267.30952739721243,343.13,75.82047260278756,75.82047260278756,22.096719203440525,2025/3/27 18:45
261.3113888716037,341.18,79.86861112839631,79.86861112839631,23.409523163248988,2025/3/27 19:00
256.2195490414698,343.06,86.8404509585302,86.8404509585302,25.31348771599863,2025/3/27 19:15
256.1419472614353,336.66,80.51805273856473,80.51805273856473,23.916726887227718,2025/3/27 19:30
245.23096358655533,343.13,97.89903641344466,97.89903641344466,28.531179556849047,2025/3/27 19:45
242.4098801709741,331.8,89.3901198290259,89.3901198290259,26.94096438487009,2025/3/27 20:00
233.5463783710722,342.43,108.8836216289278,108.8836216289278,31.797337157636896,2025/3/27 20:15
230.24185550347212,344.89,114.64814449652783,114.64814449652783,33.24194511191818,2025/3/27 20:30
225.37130008573328,327.12,101.74869991426672,101.74869991426672,31.104395914109688,2025/3/27 20:45
218.99948905165851,328.58,109.58051094834144,109.58051094834144,33.349720295912135,2025/3/27 21:00
213.2411408536422,329.71,116.46885914635776,116.46885914635776,35.324636543120455,2025/3/27 21:15
229.74743494843065,327.43,97.68256505156936,97.68256505156936,29.83311396376005,2025/3/27 21:30
230.4668825096232,328.8,98.3331174903768,98.3331174903768,29.906665903390174,2025/3/27 21:45
227.6414163837196,328.94,101.2985836162804,101.2985836162804,30.795459237626808,2025/3/27 22:00
225.65470157725215,326.46,100.8052984227478,100.8052984227478,30.878300074348136,2025/3/27 22:15
229.45732352072892,326.79,97.33267647927109,97.33267647927109,29.784472131718008,2025/3/27 22:30
234.4007030932837,326.02,91.61929690671629,91.61929690671629,28.10235473488994,2025/3/27 22:45
235.0791405102532,327.94,92.86085948974682,92.86085948974682,28.3164174817706,2025/3/27 23:00
233.7907657422321,328.97,95.17923425776792,95.17923425776792,28.93249665858254,2025/3/27 23:15
234.9661791139619,325.43,90.46382088603808,90.46382088603808,27.79824259779685,2025/3/27 23:30
234.6303495269428,325.58,90.94965047305718,90.94965047305718,27.93465522238137,2025/3/27 23:45
246.0194454832252,323.24,77.2205545167748,77.2205545167748,23.88954167700498,2025/3/28 0:00
245.92756537406933,313.85,67.92243462593069,67.92243462593069,21.641686992483365,2025/3/28 0:15
250.55129503248537,311.17,60.618704967514645,60.618704967514645,19.48089628418394,2025/3/28 0:30
247.8192513037962,310.51,62.6907486962038,62.6907486962038,20.18960700015575,2025/3/28 0:45
254.16828875322545,317.16,62.99171124677457,62.99171124677457,19.861177716847877,2025/3/28 1:00
256.23683514438744,318.04,61.80316485561258,61.80316485561258,19.4325131604808,2025/3/28 1:15
253.8281428758044,319.91,66.08185712419561,66.08185712419561,20.6563899609812,2025/3/28 1:30
254.1333849148053,323.22,69.08661508519472,69.08661508519472,21.37448644427119,2025/3/28 1:45
246.88876996467016,314.23,67.34123003532986,67.34123003532986,21.43055406400039,2025/3/28 2:00
248.2871327363675,291.42,43.132867263632505,43.132867263632505,14.800928990329322,2025/3/28 2:15
239.55361136297935,273.91,34.35638863702064,34.35638863702064,12.542947916106788,2025/3/28 2:30
238.64556095182508,273.22,34.57443904817495,34.57443904817495,12.654431977220662,2025/3/28 2:45
232.4668176782472,258.4,25.93318232175281,25.93318232175281,10.036061270024296,2025/3/28 3:00
226.37835319679488,246.44,20.06164680320512,20.06164680320512,8.14058058886422,2025/3/28 3:15
225.90513267183968,248.42,22.514867328160307,22.514867328160307,9.063226522885133,2025/3/28 3:30
223.75027326022624,257.81,34.059726739773765,34.059726739773765,13.211173631651432,2025/3/28 3:45
217.55186903056813,259.59,42.03813096943185,42.03813096943185,16.194048680386633,2025/3/28 4:00
217.41599631452812,265.14,47.72400368547184,47.72400368547184,17.999548798919005,2025/3/28 4:15
220.94955777286168,262.05,41.10044222713833,41.10044222713833,15.684198522084584,2025/3/28 4:30
206.86273621156863,258.6,51.73726378843139,51.73726378843139,20.00667586558832,2025/3/28 4:45
208.5183635874736,242.11,33.59163641252644,33.59163641252644,13.87453488600742,2025/3/28 5:00
191.56339288474575,230.1,38.53660711525421,38.53660711525421,16.74776493491415,2025/3/28 5:15
187.24679043151815,200.43,13.183209568481828,13.183209568481828,6.577463238275334,2025/3/28 5:30
180.1484341802424,179.41,-0.7384341802423648,0.7384341802423648,0.4115903128264608,2025/3/28 5:45
174.56797901046855,174.19,-0.3779790104685503,0.3779790104685503,0.2169923706690013,2025/3/28 6:00
163.03381722198864,166.31,3.2761827780113606,3.2761827780113606,1.9699253069625344,2025/3/28 6:15
150.8398787080103,150.32,-0.5198787080103102,0.5198787080103102,0.3458479962812429,2025/3/28 6:30
135.4162085456216,136.43,1.0137914543784063,1.0137914543784063,0.7430854316335581,2025/3/28 6:45
131.1143202388188,123.45,-7.664320238818803,7.664320238818803,6.208440857685374,2025/3/28 7:00
122.8513437844911,112.3,-10.55134378449111,10.55134378449111,9.395675676297165,2025/3/28 7:15
111.1802775095345,108.95,-2.2302775095345027,2.2302775095345027,2.047065176257417,2025/3/28 7:30
99.94551780755536,94.41,-5.535517807555365,5.535517807555365,5.863274872947254,2025/3/28 7:45
91.83086966617051,87.73,-4.100869666170524,4.100869666170524,4.674421140049983,2025/3/28 8:00
85.31793404548932,87.1,1.7820659545106707,1.7820659545106707,2.045999947771096,2025/3/28 8:15
79.35181064567772,87.45,8.098189354322287,8.098189354322287,9.260365185034908,2025/3/28 8:30
77.29315710875083,94.03,16.736842891249168,16.736842891249168,17.799471329609027,2025/3/28 8:45
87.11587446790887,98.18,11.06412553209114,11.06412553209114,11.269225434996812,2025/3/28 9:00
70.7783992043618,83.49,12.71160079563819,12.71160079563819,15.22529739564375,2025/3/28 9:15
69.00766418480323,65.03,-3.9776641848032313,3.9776641848032313,6.1166602872476,2025/3/28 9:30
64.22945620204197,62.95,-1.2794562020419704,1.2794562020419704,2.032495952406573,2025/3/28 9:45
57.19731021981861,67.93,10.732689780181405,10.732689780181405,15.79963165047196,2025/3/28 10:00
59.07702612850058,76.35,17.272973871499417,17.272973871499417,22.623410440703072,2025/3/28 10:15
57.41588392629115,81.18,23.764116073708852,23.764116073708852,29.27336298802609,2025/3/28 10:30
52.47881014164317,87.26,34.78118985835683,34.78118985835683,39.859259521335055,2025/3/28 10:45
57.516672459293936,90.88,33.36332754070606,33.36332754070606,36.71140794527877,2025/3/28 11:00
65.10682197491302,95.13,30.023178025086978,30.023178025086978,31.56015770530371,2025/3/28 11:15
60.23185181490354,101.21,40.97814818509645,40.97814818509645,40.48824047530478,2025/3/28 11:30
56.09415144841876,113.67,57.575848551581245,57.575848551581245,50.65175380622028,2025/3/28 11:45
55.19490878847367,108.77,53.57509121152633,53.57509121152633,49.255393225592606,2025/3/28 12:00
51.13848914530135,107.11,55.97151085469865,55.97151085469865,52.256102002284,2025/3/28 12:15
44.61803986914384,109.27,64.65196013085617,64.65196013085617,59.16716402562186,2025/3/28 12:30
40.81440811960011,118.1,77.28559188039989,77.28559188039989,65.44080599520275,2025/3/28 12:45
49.59020315501237,127.23,77.63979684498764,77.63979684498764,61.02318387560059,2025/3/28 13:00
58.229313071869655,140.1,81.87068692813034,81.87068692813034,58.43732114780293,2025/3/28 13:15
59.82788247957584,151.24,91.41211752042418,91.41211752042418,60.44175979923547,2025/3/28 13:30
71.55583765545488,161.37,89.81416234454512,89.81416234454512,55.65728595432204,2025/3/28 13:45
83.71771358534527,181.56,97.84228641465474,97.84228641465474,53.88978101707471,2025/3/28 14:00
90.966250972952,178.34,87.37374902704799,87.37374902704799,48.99279411629416,2025/3/28 14:15
102.45799792930438,199.27,96.81200207069564,96.81200207069564,48.58333019051892,2025/3/28 14:30
108.48424434841704,206.49,98.00575565158296,98.00575565158296,47.46271279555208,2025/3/28 14:45
120.26523749194952,211.47,91.20476250805046,91.20476250805046,43.1289367324005,2025/3/28 15:00
114.07387021563328,232.87,118.79612978436673,118.79612978436673,51.01392613231233,2025/3/28 15:15
116.5165349022023,244.58,128.06346509779772,128.06346509779772,52.36056304593399,2025/3/28 15:30
108.63027721258612,248.57,139.93972278741387,139.93972278741387,56.29791317832304,2025/3/28 15:45
105.7300519189039,266.41,160.67994808109614,160.67994808109614,60.31303182351857,2025/3/28 16:00
109.85294470348582,234.47,124.61705529651418,124.61705529651418,53.14840077470936,2025/3/28 16:15
108.78566241046592,245.73,136.9443375895341,136.9443375895341,55.72959654477613,2025/3/28 16:30
114.0855318526006,269.14,155.0544681473994,155.0544681473994,57.611082762629785,2025/3/28 16:45
115.43703981088731,274.56,159.1229601891127,159.1229601891127,57.95562361198089,2025/3/28 17:00
108.2642767502314,274.94,166.67572324976862,166.67572324976862,60.62258065385466,2025/3/28 17:15
115.49999484580596,269.71,154.210005154194,154.210005154194,57.17622822814757,2025/3/28 17:30
119.90791908193052,284.52,164.61208091806947,164.61208091806947,57.856066680026586,2025/3/28 17:45
120.37219613196604,282.7,162.32780386803393,162.32780386803393,57.42051781675859,2025/3/28 18:00
131.11840183174655,288.74,157.62159816825346,157.62159816825346,54.589457009142784,2025/3/28 18:15
149.9960964041184,278.77,128.7739035958816,128.7739035958816,46.19360174905313,2025/3/28 18:30
174.08793418948076,283.21,109.12206581051922,109.12206581051922,38.53044236096208,2025/3/28 18:45
187.92064264820056,271.4,83.4793573517994,83.4793573517994,30.758790475964865,2025/3/28 19:00
210.78773024680552,271.29,60.5022697531945,60.5022697531945,22.30169551150879,2025/3/28 19:15
220.98218907872348,274.19,53.20781092127652,53.20781092127652,19.40545275949419,2025/3/28 19:30
234.36977969313548,285.36,50.99022030686453,50.99022030686453,17.868734337975418,2025/3/28 19:45
255.3348287697154,288.83,33.49517123028457,33.49517123028457,11.59684632146002,2025/3/28 20:00
253.72945950789224,279.55,25.820540492107767,25.820540492107767,9.236465924556798,2025/3/28 20:15
251.310837283796,266.94,15.629162716204007,15.629162716204007,5.854934710496049,2025/3/28 20:30
222.55302213050436,265.0,42.44697786949567,42.44697786949567,16.01772749791685,2025/3/28 20:45
210.4141184982694,257.41,46.99588150173062,46.99588150173062,18.257208928057324,2025/3/28 21:00
208.8919263909392,254.04,45.14807360906079,45.14807360906079,17.772033384129674,2025/3/28 21:15
200.4609153070405,232.22,31.759084692959505,31.759084692959505,13.676291746165631,2025/3/28 21:30
186.89816914032173,222.84,35.94183085967828,35.94183085967828,16.12898530769258,2025/3/28 21:45
184.05286293168248,201.92,17.867137068317504,17.867137068317504,8.848621765208328,2025/3/28 22:00
170.80327145252096,192.96,22.156728547479048,22.156728547479048,11.482550034964536,2025/3/28 22:15
158.05045471269224,187.36,29.30954528730777,29.30954528730777,15.643437920202883,2025/3/28 22:30
155.0494918096319,186.52,31.47050819036812,31.47050819036812,16.8724577473468,2025/3/28 22:45
140.26040333934682,189.26,48.99959666065317,48.99959666065317,25.89009651306525,2025/3/28 23:00
128.96415848661346,191.36,62.39584151338656,62.39584151338656,32.606522529971755,2025/3/28 23:15
142.5433400911797,200.53,57.98665990882032,57.98665990882032,28.9167006975472,2025/3/28 23:30
127.78836346554613,193.87,66.08163653445389,66.08163653445389,34.08554007036664,2025/3/28 23:45
121.06887116419898,174.0,52.93112883580102,52.93112883580102,30.420188986075058,2025/3/29 0:00
112.83719669758824,166.27,53.43280330241178,53.43280330241178,32.1361660566426,2025/3/29 0:15
118.28950645770384,154.99,36.70049354229617,36.70049354229617,23.67926546375411,2025/3/29 0:30
114.36644836095188,148.5,34.13355163904811,34.13355163904811,22.98555665927618,2025/3/29 0:45
105.66658377140354,151.97,46.30341622859646,46.30341622859646,30.4687874110456,2025/3/29 1:00
110.2980161217888,141.29,30.9919838782112,30.9919838782112,21.93501583848062,2025/3/29 1:15
110.5371300515091,119.55,9.012869948490902,9.012869948490902,7.538996192792441,2025/3/29 1:30
110.06394116232596,99.41,-10.653941162325964,10.653941162325964,10.717172479946932,2025/3/29 1:45
104.08865398267118,77.66,-26.42865398267118,26.42865398267118,34.031230984595865,2025/3/29 2:00
107.33861734371526,74.29,-33.04861734371525,33.04861734371525,44.48595684973854,2025/3/29 2:15
104.10179042821154,75.61,-28.491790428211544,28.491790428211544,37.68256900962024,2025/3/29 2:30
102.318173219867,76.54,-25.778173219867,25.778173219867,33.6793483405191,2025/3/29 2:45
100.56794216485798,86.01,-14.557942164857977,14.557942164857977,16.92587160195448,2025/3/29 3:00
97.88233855824376,93.37,-4.512338558243769,4.512338558243769,4.832749874947988,2025/3/29 3:15
95.37143331113674,104.45,9.078566688863262,9.078566688863262,8.691782373245161,2025/3/29 3:30
98.65449311875592,115.92,17.265506881244093,17.265506881244093,14.894329607685645,2025/3/29 3:45
102.48957111698604,129.4,26.910428883013964,26.910428883013964,20.796312892575862,2025/3/29 4:00
103.70915637514427,145.04,41.3308436248557,41.3308436248557,28.496169073929405,2025/3/29 4:15
99.36065981641678,175.48,76.1193401835832,76.1193401835832,43.37778674694543,2025/3/29 4:30
96.13665063717846,179.82,83.68334936282153,83.68334936282153,46.53728693291903,2025/3/29 4:45
92.79646453280064,172.48,79.68353546719935,79.68353546719935,46.19871026620661,2025/3/29 5:00
87.23050507296465,171.56,84.32949492703536,84.32949492703536,49.15452024188984,2025/3/29 5:15
87.46381208412716,158.44,70.97618791587284,70.97618791587284,44.79688709658423,2025/3/29 5:30
82.29715121247582,130.91,48.61284878752417,48.61284878752417,37.13455716712783,2025/3/29 5:45
81.43021000193872,104.54,23.109789998061288,23.109789998061288,22.10616988524888,2025/3/29 6:00
84.44455783017145,84.12,-0.3245578301714431,0.3245578301714431,0.3858271875547518,2025/3/29 6:15
85.10517434771279,56.76,-28.345174347712792,28.345174347712792,49.93864402336655,2025/3/29 6:30
84.82595808539676,54.73,-30.095958085396767,30.095958085396767,54.98987408248086,2025/3/29 6:45
87.8867806762737,53.04,-34.8467806762737,34.8467806762737,65.69905859013575,2025/3/29 7:00
86.23561511443334,52.65,-33.585615114433345,33.585615114433345,63.79034209756801,2025/3/29 7:15
85.45319460250612,55.21,-30.243194602506115,30.243194602506115,54.77847238263238,2025/3/29 7:30
85.04016230752639,59.82,-25.220162307526387,25.220162307526387,42.16008409810135,2025/3/29 7:45
84.76411307871146,61.47,-23.29411307871146,23.29411307871146,37.89509204274209,2025/3/29 8:00
83.04061416627785,63.67,-19.370614166277846,19.370614166277846,30.423455577583518,2025/3/29 8:15
80.60372326436256,62.48,-18.12372326436256,18.12372326436256,29.007239539586354,2025/3/29 8:30
80.41941956084362,64.01,-16.409419560843617,16.409419560843617,25.63571248370252,2025/3/29 8:45
79.84590833225589,62.15,-17.69590833225589,17.69590833225589,28.472901580414185,2025/3/29 9:00
72.22889128849386,54.85,-17.378891288493854,17.378891288493854,31.68439615034124,2025/3/29 9:15
69.26881952708528,47.45,-21.81881952708528,21.81881952708528,45.98275980408703,2025/3/29 9:30
60.249862084293234,46.48,-13.769862084293235,13.769862084293235,29.625348718295207,2025/3/29 9:45
58.769113215710185,48.56,-10.209113215710182,10.209113215710182,21.02370925800897,2025/3/29 10:00
54.72178355599495,36.33,-18.391783555994955,18.391783555994955,50.624232193626014,2025/3/29 10:15
48.970781892104206,26.66,-22.31078189210421,22.31078189210421,83.68635368349783,2025/3/29 10:30
48.85509407716942,19.18,-29.67509407716942,29.67509407716942,154.71894722114027,2025/3/29 10:45
44.21381891614487,18.89,-25.323818916144862,25.323818916144862,134.05939076765912,2025/3/29 11:00
43.732220838632514,17.09,-26.642220838632515,26.642220838632515,155.8936269074115,2025/3/29 11:15
41.44458331394059,18.4,-23.044583313940592,23.044583313940592,125.2423006185617,2025/3/29 11:30
43.57132125012965,20.44,-23.13132125012965,23.13132125012965,113.1669337084955,2025/3/29 11:45
40.5949333117637,18.89,-21.704933311763696,21.704933311763696,114.90171154922602,2025/3/29 12:00
40.68873169607851,22.5,-18.188731696078516,18.188731696078516,80.83880753776744,2025/3/29 12:15
39.63372120248571,32.57,-7.063721202485709,7.063721202485709,21.68781456083519,2025/3/29 12:30
32.985402632959826,40.63,7.644597367040177,7.644597367040177,18.81515473054728,2025/3/29 12:45
33.36366971807439,40.51,7.146330281925607,7.146330281925607,17.640904176519296,2025/3/29 13:00
32.46633700930485,40.02,7.553662990695152,7.553662990695152,18.87472011663237,2025/3/29 13:15
34.7331512312617,29.75,-4.983151231261701,4.983151231261701,16.750088172251935,2025/3/29 13:30
33.339763580698786,26.81,-6.529763580698788,6.529763580698788,24.35570153179572,2025/3/29 13:45
32.47288956558923,30.11,-2.362889565589228,2.362889565589228,7.847524296185256,2025/3/29 14:00
44.52934093501453,34.01,-10.519340935014526,10.519340935014526,30.93014094379181,2025/3/29 14:15
48.949778137691695,38.76,-10.189778137691697,10.189778137691697,26.28941727983851,2025/3/29 14:30
54.61734472618833,36.4,-18.21734472618833,18.21734472618833,50.04765034653374,2025/3/29 14:45
67.79745105253663,34.89,-32.90745105253663,32.90745105253663,94.31771582815222,2025/3/29 15:00
75.12016676687018,31.07,-44.05016676687018,44.05016676687018,141.7771701536157,2025/3/29 15:15
89.16217160051643,34.9,-54.26217160051643,54.26217160051643,155.4790017202319,2025/3/29 15:30
87.58191371369165,44.58,-43.00191371369165,43.00191371369165,96.46010254283354,2025/3/29 15:45
86.28326596497105,47.29,-38.99326596497105,38.99326596497105,82.45562690820172,2025/3/29 16:00
77.51447194234618,56.03,-21.484471942346172,21.484471942346172,38.34458672551817,2025/3/29 16:15
80.39302551698515,62.98,-17.41302551698515,17.41302551698515,27.648500344486347,2025/3/29 16:30
88.85707610043286,84.71,-4.147076100432869,4.147076100432869,4.895615748350813,2025/3/29 16:45
99.81717637907524,88.68,-11.137176379075228,11.137176379075228,12.558836692673284,2025/3/29 17:00
100.98052754718351,81.85,-19.13052754718352,19.13052754718352,23.372666520659923,2025/3/29 17:15
112.93258817196228,85.69,-27.24258817196228,27.24258817196228,31.79202727498015,2025/3/29 17:30
139.1118795049246,81.77,-57.34187950492459,57.34187950492459,70.12581570851715,2025/3/29 17:45
139.55157600014786,80.03,-59.52157600014786,59.52157600014786,74.37407972019679,2025/3/29 18:00
142.16892511126989,78.06,-64.10892511126988,64.10892511126988,82.12775443400942,2025/3/29 18:15
130.56557424670578,69.32,-61.245574246705786,61.245574246705786,88.351953616009,2025/3/29 18:30
121.80230221723887,72.25,-49.55230221723888,49.55230221723888,68.584501338644,2025/3/29 18:45
123.63122786772684,74.18,-49.45122786772683,49.45122786772683,66.66382834680529,2025/3/29 19:00
132.58097503464097,80.67,-51.91097503464097,51.91097503464097,64.34978930776822,2025/3/29 19:15
146.7694092232187,85.85,-60.91940922321871,60.91940922321871,70.96029030069627,2025/3/29 19:30
146.63006169490038,88.09,-58.54006169490037,58.54006169490037,66.45483221118619,2025/3/29 19:45
152.90699769492346,89.85,-63.05699769492347,63.05699769492347,70.18029793528468,2025/3/29 20:00
170.4308409449712,90.74,-79.69084094497121,79.69084094497121,87.82327633335176,2025/3/29 20:15
192.8341918489557,102.08,-90.7541918489557,90.7541918489557,88.90496850398392,2025/3/29 20:30
183.53354595104256,105.41,-78.12354595104259,78.12354595104259,74.11397965180578,2025/3/29 20:45
174.05842590791835,105.27,-68.78842590791835,68.78842590791835,65.34475720324214,2025/3/29 21:00
175.59004620847696,108.78,-66.81004620847696,66.81004620847696,61.41758246774732,2025/3/29 21:15
170.09075585571796,110.52,-59.57075585571796,59.57075585571796,53.90043056068048,2025/3/29 21:30
166.2861970456245,113.2,-53.0861970456245,53.0861970456245,46.89593378584594,2025/3/29 21:45
165.7244781442721,110.52,-55.2044781442721,55.2044781442721,49.94976306932877,2025/3/29 22:00
167.73778517033531,109.58,-58.15778517033532,58.15778517033532,53.07335751987794,2025/3/29 22:15
146.5594988658193,105.29,-41.2694988658193,41.2694988658193,39.19602893511264,2025/3/29 22:30
136.27650632726125,102.43,-33.84650632726124,33.84650632726124,33.043548108198955,2025/3/29 22:45
130.49455881402014,97.38,-33.11455881402014,33.11455881402014,34.005502992386674,2025/3/29 23:00
117.76562027637694,99.78,-17.985620276376935,17.985620276376935,18.02527588330217,2025/3/29 23:15
110.93434954864566,105.27,-5.66434954864566,5.66434954864566,5.380782320357442,2025/3/29 23:30
100.36704438415408,108.26,7.892955615845935,7.892955615845935,7.290740454312436,2025/3/29 23:45
93.45800304318192,109.66,16.201996956818064,16.201996956818064,14.774755568852168,2025/3/30 0:00
85.12409227751117,98.74,13.615907722488828,13.615907722488828,13.789657405787969,2025/3/30 0:15
83.44706464327513,98.81,15.362935356724876,15.362935356724876,15.547956033508074,2025/3/30 0:30
73.98352015568916,97.47,23.48647984431084,23.48647984431084,24.0961114643344,2025/3/30 0:45
69.75351628330635,97.14,27.386483716693647,27.386483716693647,28.192797731794784,2025/3/30 1:00
65.84933316660782,92.53,26.68066683339218,26.68066683339218,28.834612377999942,2025/3/30 1:15
60.9739076029688,85.69,24.7160923970312,24.7160923970312,28.843613486990726,2025/3/30 1:30
51.47819710436234,81.3,29.821802895637653,29.821802895637653,36.68118437343293,2025/3/30 1:45
47.34995797958687,88.56,41.210042020413134,41.210042020413134,46.53347111604178,2025/3/30 2:00
42.428899939819104,93.65,51.2211000601809,51.2211000601809,54.694180523359535,2025/3/30 2:15
43.99490149293749,89.57,45.575098507062506,45.575098507062506,50.88210171598932,2025/3/30 2:30
45.79078360368431,92.54,46.749216396315695,46.749216396315695,50.517847845542654,2025/3/30 2:45
42.08288478299755,91.78,49.69711521700245,49.69711521700245,54.14808805507551,2025/3/30 3:00
39.455262530759775,96.98,57.52473746924023,57.52473746924023,59.31608318125481,2025/3/30 3:15
41.9594971973061,90.35,48.390502802693895,48.390502802693895,53.55894056739384,2025/3/30 3:30
39.85388269945624,88.59,48.73611730054376,48.73611730054376,55.01311355738655,2025/3/30 3:45
40.37215387722775,85.86,45.48784612277225,45.48784612277225,52.97908935793066,2025/3/30 4:00
42.756691593561634,89.86,47.103308406438366,47.103308406438366,52.41854930601596,2025/3/30 4:15
36.74233150911811,91.33,54.58766849088189,54.58766849088189,59.76970162139727,2025/3/30 4:30
34.8618296502342,94.9,60.03817034976581,60.03817034976581,63.2646684401502,2025/3/30 4:45
34.2354355750831,94.08,59.844564424916896,59.844564424916896,63.6102938189342,2025/3/30 5:00
35.24224346888499,92.29,57.04775653111501,57.04775653111501,61.8135838455447,2025/3/30 5:15
34.19818972605313,87.07,52.87181027394686,52.87181027394686,60.72333785906299,2025/3/30 5:30
33.75647929946812,79.78,46.02352070053188,46.02352070053188,57.68804299382576,2025/3/30 5:45
32.95619325054808,79.83,46.87380674945192,46.87380674945192,58.717032130017785,2025/3/30 6:00
32.77869522629601,83.42,50.64130477370399,50.64130477370399,60.70643104009024,2025/3/30 6:15
32.51249553723683,82.19,49.67750446276317,49.67750446276317,60.44227334554414,2025/3/30 6:30
33.06923380247851,74.61,41.54076619752149,41.54076619752149,55.677209754008594,2025/3/30 6:45
32.07945998609036,66.61,34.53054001390964,34.53054001390964,51.83987391361328,2025/3/30 7:00
31.295696075503184,67.28,35.984303924496814,35.984303924496814,53.48439941207391,2025/3/30 7:15
32.948284008838826,70.61,37.66171599116117,37.66171599116117,53.337651878073686,2025/3/30 7:30
31.89238457213274,70.0,38.10761542786726,38.10761542786726,54.43945061116116,2025/3/30 7:45
32.13694200248529,67.58,35.44305799751471,35.44305799751471,52.44607575830462,2025/3/30 8:00
31.41897438209493,71.49,40.071025617905065,40.071025617905065,56.05123180563577,2025/3/30 8:15
30.588541995086743,71.09,40.50145800491326,40.50145800491326,56.97208890822378,2025/3/30 8:30
30.588541995086743,62.88,32.29145800491326,32.29145800491326,51.354099880505565,2025/3/30 8:45
30.588541995086743,57.63,27.04145800491326,27.04145800491326,46.92253688160044,2025/3/30 9:00
30.30788561874928,57.84,27.532114381250725,27.532114381250725,47.60047437967344,2025/3/30 9:15
32.819275674031736,57.72,24.900724325968262,24.900724325968262,43.140548035213314,2025/3/30 9:30
30.91123652100054,55.12,24.208763478999455,24.208763478999455,43.920107908119626,2025/3/30 9:45
31.999034575751875,58.32,26.32096542424813,26.32096542424813,45.13197089198044,2025/3/30 10:00
30.925109516101895,60.53,29.604890483898103,29.604890483898103,48.90945065892812,2025/3/30 10:15
31.44957074045046,61.06,29.61042925954954,29.61042925954954,48.493988305766536,2025/3/30 10:30
25.67734663944764,63.25,37.57265336055236,37.57265336055236,59.4034045225185,2025/3/30 10:45
21.65084405702052,59.7,38.04915594297948,38.04915594297948,63.73392955262269,2025/3/30 11:00
20.788442979834056,60.35,39.56155702016595,39.56155702016595,65.55353275907272,2025/3/30 11:15
19.180690211429557,59.12,39.93930978857044,39.93930978857044,67.55634267338107,2025/3/30 11:30
18.872343828202588,55.82,36.94765617179741,36.94765617179741,66.19071331374278,2025/3/30 11:45
24.305969050753312,52.62,28.31403094924669,28.31403094924669,53.80849667273447,2025/3/30 12:00
29.229019938307168,47.71,18.480980061692836,18.480980061692836,38.736072231511415,2025/3/30 12:15
33.09382216396791,42.38,9.286177836032095,9.286177836032095,21.91169852763139,2025/3/30 12:30
36.525248196969066,39.19,2.6647518030309314,2.6647518030309314,6.799570816596407,2025/3/30 12:45
42.28235196160484,37.41,-4.872351961604842,4.872351961604842,13.02419663617166,2025/3/30 13:00
44.56506437796724,34.89,-9.67506437796724,9.67506437796724,27.730193115332497,2025/3/30 13:15
46.18498587760929,29.18,-17.004985877609293,17.004985877609293,58.27616818900281,2025/3/30 13:30
45.710078670242645,26.65,-19.06007867024265,19.06007867024265,71.519995010023,2025/3/30 13:45
55.35708339255484,23.03,-32.32708339255484,32.32708339255484,140.36944590714054,2025/3/30 14:00
63.55020531262095,22.21,-41.34020531262095,41.34020531262095,186.13329721942736,2025/3/30 14:15
63.47344740178461,18.76,-44.713447401784606,44.713447401784606,238.34460235365813,2025/3/30 14:30
61.870581153631385,15.31,-46.56058115363138,46.56058115363138,304.1187534508639,2025/3/30 14:45
75.48343655813514,13.31,-62.17343655813514,62.17343655813514,467.11823108691226,2025/3/30 15:00
80.73914149155748,13.04,-67.69914149155747,67.69914149155747,519.1651954834226,2025/3/30 15:15
79.65066392301307,13.01,-66.64066392301307,66.64066392301307,512.2264713489689,2025/3/30 15:30
90.13548785138096,13.41,-76.72548785138096,76.72548785138096,572.1512889694915,2025/3/30 15:45
97.34685901952568,13.35,-83.99685901952569,83.99685901952569,629.1899551977266,2025/3/30 16:00
108.846700217477,15.45,-93.396700217477,93.396700217477,604.5093865169741,2025/3/30 16:15
103.19212056964336,16.42,-86.77212056964335,86.77212056964335,528.4538402503953,2025/3/30 16:30
113.86081977868304,19.03,-94.83081977868304,94.83081977868304,498.3227523814226,2025/3/30 16:45
112.96268749888456,20.62,-92.34268749888454,92.34268749888454,447.8306862193828,2025/3/30 17:00
103.8259896066563,22.58,-81.2459896066563,81.2459896066563,359.8139486549889,2025/3/30 17:15
108.30839772316816,19.53,-88.77839772316815,88.77839772316815,454.5744891075964,2025/3/30 17:30
118.37244422681049,20.31,-98.06244422681048,98.06244422681048,482.8283812226866,2025/3/30 17:45
116.67426559941607,23.48,-93.19426559941608,93.19426559941608,396.9091379856012,2025/3/30 18:00
119.61862685248472,29.69,-89.92862685248471,89.92862685248471,302.89197323065616,2025/3/30 18:15
121.06250110157384,34.51,-86.55250110157385,86.55250110157385,250.8041179406637,2025/3/30 18:30
123.85362853044344,39.74,-84.11362853044344,84.11362853044344,211.65986041829836,2025/3/30 18:45
127.42476151469364,49.03,-78.39476151469363,78.39476151469363,159.89141650934883,2025/3/30 19:00
121.66778717196615,51.73,-69.93778717196616,69.93778717196616,135.1977327891571,2025/3/30 19:15
123.10296496318747,55.48,-67.62296496318748,67.62296496318748,121.88710339413412,2025/3/30 19:30
135.80428024557244,55.11,-80.69428024557244,80.69428024557244,146.42402512325535,2025/3/30 19:45
147.40398513646142,54.06,-93.3439851364614,93.3439851364614,172.66737909043422,2025/3/30 20:00
155.52101481130788,53.37,-102.15101481130787,102.15101481130787,191.40156419545903,2025/3/30 20:15
158.338772054765,58.2,-100.138772054765,100.138772054765,172.05974579826963,2025/3/30 20:30
161.0939490873919,58.56,-102.5339490873919,102.5339490873919,175.09212617352597,2025/3/30 20:45
161.44574886381008,59.28,-102.16574886381008,102.16574886381008,172.34438067415272,2025/3/30 21:00
162.763633698377,63.7,-99.063633698377,99.063633698377,155.515908474445,2025/3/30 21:15
154.70450192439745,64.66,-90.04450192439745,90.04450192439745,139.2584316799539,2025/3/30 21:30
150.53262260910984,64.76,-85.77262260910983,85.77262260910983,132.44691570255927,2025/3/30 21:45
147.29574774948054,64.88,-82.41574774948054,82.41574774948054,127.0279712536275,2025/3/30 22:00
132.70391475739825,62.48,-70.22391475739826,70.22391475739826,112.39422976518225,2025/3/30 22:15
120.8000889259033,61.0,-59.800088925903296,59.800088925903296,98.03293266525452,2025/3/30 22:30
111.45764031192756,61.37,-50.08764031192755,50.08764031192755,81.61583886564435,2025/3/30 22:45
103.617688197699,60.38,-43.23768819769901,43.23768819769901,71.6092881709629,2025/3/30 23:00
89.01739492755846,63.16,-25.85739492755846,25.85739492755846,40.93951065154769,2025/3/30 23:15
82.24352462290686,68.34,-13.903524622906858,13.903524622906858,20.34463655675521,2025/3/30 23:30
78.06657423402618,74.63,-3.436574234026182,3.436574234026182,4.604816071313919,2025/3/30 23:45
76.41782469246797,79.0,2.582175307532026,2.582175307532026,3.2685763386439963,2025/3/31 0:00
71.1735842870165,86.37,15.196415712983509,15.196415712983509,17.594553332136055,2025/3/31 0:15
69.91906711374571,91.46,21.54093288625428,21.54093288625428,23.55229924145061,2025/3/31 0:30
67.40744851629788,96.7,29.292551483702127,29.292551483702127,30.292193881770253,2025/3/31 0:45
64.67844553555271,102.82,38.14155446444728,38.14155446444728,37.09546242405192,2025/3/31 1:00
59.0422775379656,101.89,42.8477224620344,42.8477224620344,42.05292223181111,2025/3/31 1:15
54.01673338488649,104.03,50.01326661511351,50.01326661511351,48.07581141503935,2025/3/31 1:30
46.29172685996901,103.33,57.03827314003099,57.03827314003099,55.20010949383121,2025/3/31 1:45
50.79181925585055,99.91,49.11818074414945,49.11818074414945,49.16242692833579,2025/3/31 2:00
52.43579099958128,98.25,45.81420900041872,45.81420900041872,46.63023816831765,2025/3/31 2:15
50.85927444472295,96.33,45.47072555527705,45.47072555527705,47.20307853755824,2025/3/31 2:30
42.78327592454932,97.15,54.36672407545068,54.36672407545068,55.96163054595442,2025/3/31 2:45
44.63770871002203,100.64,56.00229128997797,56.00229128997797,55.64615589221217,2025/3/31 3:00
42.78448977553844,107.28,64.49551022446155,64.49551022446155,60.11885740529589,2025/3/31 3:15
37.76860112326796,105.91,68.14139887673204,68.14139887673204,64.33896598684515,2025/3/31 3:30
37.81892648095006,99.94,62.121073519049936,62.121073519049936,62.15836854011184,2025/3/31 3:45
40.703693253092645,95.9,55.19630674690736,55.19630674690736,57.55610713957226,2025/3/31 4:00
40.93799351845061,89.21,48.27200648154939,48.27200648154939,54.11053299125129,2025/3/31 4:15
43.57372180025573,79.92,36.34627819974427,36.34627819974427,45.47832607569919,2025/3/31 4:30
47.51494308250245,80.36,32.84505691749755,32.84505691749755,40.87239536766635,2025/3/31 4:45
48.43955727615894,75.67,27.23044272384106,27.23044272384106,35.9857839616824,2025/3/31 5:00
50.94540535728044,72.79,21.844594642719564,21.844594642719564,30.010433634688216,2025/3/31 5:15
51.86627051288488,73.34,21.47372948711513,21.47372948711513,29.279696600880623,2025/3/31 5:30
50.61627816712775,72.12,21.50372183287225,21.50372183287225,29.816586013369985,2025/3/31 5:45
50.15979841785539,74.02,23.860201582144605,23.860201582144605,32.23480354243768,2025/3/31 6:00
48.89741923002121,75.72,26.822580769978792,26.822580769978792,35.42337661112436,2025/3/31 6:15
46.19974074488071,72.45,26.250259255119296,26.250259255119296,36.23224189797524,2025/3/31 6:30
48.294265624912335,65.9,17.60573437508767,17.60573437508767,26.71583364956139,2025/3/31 6:45
44.873269818723806,62.49,17.616730181276196,17.616730181276196,28.19127889461995,2025/3/31 7:00
43.74260044525332,58.87,15.127399554746674,15.127399554746674,25.69627918247151,2025/3/31 7:15
42.729915883281045,53.22,10.490084116718954,10.490084116718954,19.710793154263893,2025/3/31 7:30
43.170121135839175,50.33,7.159878864160824,7.159878864160824,14.225867006053244,2025/3/31 7:45
42.29999230911413,49.28,6.980007690885877,6.980007690885877,14.163976645437728,2025/3/31 8:00
40.3152900676544,49.97,9.654709932345604,9.654709932345604,19.321012472135845,2025/3/31 8:15
39.21191998181437,50.71,11.498080018185632,11.498080018185632,22.67418658679345,2025/3/31 8:30
39.21191998181437,47.26,8.04808001818563,8.04808001818563,17.029369484063903,2025/3/31 8:45
44.13865935686943,43.72,-0.4186593568694334,0.4186593568694334,0.9575923075674196,2025/3/31 9:00
43.05761581978238,39.06,-3.997615819782375,3.997615819782375,10.234551509913311,2025/3/31 9:15
44.16716770364447,37.08,-7.087167703644475,7.087167703644475,19.11318150923776,2025/3/31 9:30
42.284395620894365,32.9,-9.384395620894368,9.384395620894368,28.523998847616543,2025/3/31 9:45
42.284395620894365,28.11,-14.174395620894366,14.174395620894366,50.42474429329044,2025/3/31 10:00
38.84591254843996,23.9,-14.945912548439964,14.945912548439964,62.5351989471859,2025/3/31 10:15
40.11428823895808,21.78,-18.334288238958077,18.334288238958077,84.17946849804359,2025/3/31 10:30
39.19602290231503,20.95,-18.24602290231503,18.24602290231503,87.09318807746033,2025/3/31 10:45
37.71293562663048,17.28,-20.432935626630474,20.432935626630474,118.24615524601984,2025/3/31 11:00
34.475861935806,14.16,-20.315861935806,20.315861935806,143.47360124055456,2025/3/31 11:15
34.055472726501186,12.87,-21.18547272650119,21.18547272650119,164.6112876949229,2025/3/31 11:30
32.40650082315076,11.62,-20.78650082315076,20.78650082315076,178.88554925104884,2025/3/31 11:45
23.390771248975337,8.29,-15.100771248975338,15.100771248975338,182.15646862235445,2025/3/31 12:00
20.712579996235338,8.33,-12.382579996235338,12.382579996235338,148.6504201210887,2025/3/31 12:15
14.775180540369956,7.59,-7.185180540369958,7.185180540369958,94.66641028030686,2025/3/31 12:30
15.360502814824295,8.6,-6.760502814824298,6.760502814824298,78.61049784588009,2025/3/31 12:45
26.189827865469265,8.46,-17.729827865469264,17.729827865469264,209.5724333955046,2025/3/31 13:00
30.026615720783337,6.26,-23.76661572078333,23.76661572078333,379.6583980895156,2025/3/31 13:15
32.21946046808637,5.36,-26.859460468086368,26.859460468086368,501.1093370818145,2025/3/31 13:30
36.71508068614392,4.58,-32.135080686143915,32.135080686143915,701.6393162760322,2025/3/31 13:45
64.5263679393452,4.82,-59.706367939345206,59.706367939345206,1238.721326516732,2025/3/31 14:00
75.92161972855548,4.48,-71.44161972855548,71.44161972855548,1594.6790117625178,2025/3/31 14:15
78.3140823353385,4.96,-73.3540823353385,73.3540823353385,1478.9129502794274,2025/3/31 14:30
78.21396618537848,5.35,-72.86396618537849,72.86396618537849,1361.943293159188,2025/3/31 14:45
80.03959494049057,9.26,-70.77959494049057,70.77959494049057,764.3584766709095,2025/3/31 15:00
78.71678655813477,11.37,-67.34678655813477,67.34678655813477,592.3200224937771,2025/3/31 15:15
88.15241505713276,12.59,-75.56241505713275,75.56241505713275,600.1780385745241,2025/3/31 15:30
98.93571083429605,16.45,-82.48571083429604,82.48571083429604,501.4328926066543,2025/3/31 15:45
100.66931246326452,18.96,-81.70931246326452,81.70931246326452,430.9562893609366,2025/3/31 16:00
109.4554411638445,17.32,-92.13544116384448,92.13544116384448,531.9598219590794,2025/3/31 16:15
113.90904711639932,19.28,-94.6290471163993,94.6290471163993,490.8145597298159,2025/3/31 16:30
124.31062190948204,22.17,-102.14062190948204,102.14062190948204,460.715479968522,2025/3/31 16:45
117.7572585805665,26.28,-91.4772585805665,91.4772585805665,348.0869808988524,2025/3/31 17:00
136.27870146289737,32.11,-104.16870146289736,104.16870146289736,324.4120257320864,2025/3/31 17:15
145.9456966377583,41.44,-104.50569663775828,104.50569663775828,252.1855613839433,2025/3/31 17:30
168.22042212992645,50.92,-117.30042212992645,117.30042212992645,230.36218014472917,2025/3/31 17:45
174.4063547517884,63.36,-111.0463547517884,111.0463547517884,175.26255484787427,2025/3/31 18:00
171.8640370515835,78.01,-93.85403705158348,93.85403705158348,120.31026413467912,2025/3/31 18:15
183.43537382515356,98.56,-84.87537382515353,84.87537382515353,86.11543610497911,2025/3/31 18:30
192.21129755856225,119.13,-73.08129755856223,73.08129755856223,61.3458386288096,2025/3/31 18:45
190.03113091584785,123.12,-66.91113091584785,66.91113091584785,54.346272673646446,2025/3/31 19:00
182.8019112238103,137.7,-45.10191122381031,45.10191122381031,32.7537481654158,2025/3/31 19:15
191.3677045625212,155.97,-35.39770456252117,35.39770456252117,22.695200719688707,2025/3/31 19:30
194.35993237520069,171.29,-23.069932375200693,23.069932375200693,13.468347466394553,2025/3/31 19:45
195.34223152123988,192.39,-2.952231521239895,2.952231521239895,1.5345036234930929,2025/3/31 20:00
182.7089565346861,209.47,26.76104346531386,26.76104346531386,12.775597204994074,2025/3/31 20:15
174.24419305814,204.34,30.09580694185999,30.09580694185999,14.728299374496068,2025/3/31 20:30
176.8412990982102,207.5,30.65870090178981,30.65870090178981,14.775277543024115,2025/3/31 20:45
167.73574540883314,213.71,45.97425459116687,45.97425459116687,21.51244892197153,2025/3/31 21:00
166.66741307101202,214.88,48.21258692898797,48.21258692898797,22.436982003427747,2025/3/31 21:15
157.73338861480664,210.21,52.476611385193365,52.476611385193365,24.963898665700206,2025/3/31 21:30
150.86517582869382,213.02,62.15482417130619,62.15482417130619,29.17792891337762,2025/3/31 21:45
140.7819261211857,217.55,76.7680738788143,76.7680738788143,35.28755406976742,2025/3/31 22:00
136.05132616277947,223.5,87.44867383722053,87.44867383722053,39.12692341708341,2025/3/31 22:15
136.54876703615346,220.89,84.34123296384652,84.34123296384652,38.18245867346116,2025/3/31 22:30
122.17598550521627,217.94,95.76401449478372,95.76401449478372,43.94054074274562,2025/3/31 22:45
106.77203586497012,212.76,105.98796413502988,105.98796413502988,49.81573798410419,2025/3/31 23:00
100.94156463240904,214.78,113.83843536759096,113.83843536759096,53.00234443036501,2025/3/31 23:15
100.30330722960623,211.75,111.44669277039377,111.44669277039377,52.63125986792969,2025/3/31 23:30
110.4976933430226,205.51,95.0123066569774,95.0123066569774,46.2324493489033,2025/3/31 23:45
122.00805679178546,205.24,83.23194320821455,83.23194320821455,40.55347067246833,2025/4/1 0:00
116.33642666680242,204.46,88.12357333319758,88.12357333319758,43.100642342342994,2025/4/1 0:15
120.4037697883432,199.26,78.8562302116568,78.8562302116568,39.57454090716512,2025/4/1 0:30
123.59749889445382,186.19,62.59250110554618,62.59250110554618,33.61754181508812,2025/4/1 0:45
122.77023812339148,182.82,60.049761876608514,60.049761876608514,32.84638544829651,2025/4/1 1:00
116.509533051507,174.15,57.640466948493,57.640466948493,33.09817223569331,2025/4/1 1:15
126.62773601015827,176.01,49.3822639898417,49.3822639898417,28.05651041975664,2025/4/1 1:30
116.444814382773,167.95,51.505185617226985,51.505185617226985,30.6669756577531,2025/4/1 1:45
120.73355286682742,158.67,37.93644713317256,37.93644713317256,23.90902321368164,2025/4/1 2:00
116.97504775016448,150.64,33.66495224983551,33.66495224983551,22.347950245494665,2025/4/1 2:15
115.36763058514178,142.19,26.822369414858212,26.822369414858212,18.86375231369249,2025/4/1 2:30
121.35743464236631,135.85,14.492565357633666,14.492565357633666,10.668064304470372,2025/4/1 2:45
125.90833002863803,135.71,9.801669971361974,9.801669971361974,7.222511216089273,2025/4/1 3:00
123.49948884311044,133.13,9.630511156889568,9.630511156889568,7.233915088171212,2025/4/1 3:15
121.36122506500544,130.63,9.268774934994568,9.268774934994568,7.09544127305173,2025/4/1 3:30
117.94760722440564,121.55,3.6023927755943674,3.6023927755943674,2.963712690737477,2025/4/1 3:45
118.49213349916056,115.11,-3.382133499160574,3.382133499160574,2.9381752229672795,2025/4/1 4:00
122.234531079421,110.86,-11.374531079421004,11.374531079421004,10.260266173020696,2025/4/1 4:15
120.90359464060622,114.54,-6.363594640606209,6.363594640606209,5.555783691811291,2025/4/1 4:30
121.78450416742986,112.66,-9.124504167429862,9.124504167429862,8.099151577686635,2025/4/1 4:45
121.23031380887282,103.68,-17.550313808872815,17.550313808872815,16.927386003911927,2025/4/1 5:00
120.92846648090692,95.21,-25.71846648090693,25.71846648090693,27.012358450666856,2025/4/1 5:15
123.76149420199638,92.16,-31.60149420199639,31.60149420199639,34.28981575733735,2025/4/1 5:30
124.904081213378,95.98,-28.92408121337799,28.92408121337799,30.135529499216343,2025/4/1 5:45
125.76814224128196,95.55,-30.218142241281967,30.218142241281967,31.62547591967592,2025/4/1 6:00
122.20914114054968,94.63,-27.57914114054969,27.57914114054969,29.14418381118097,2025/4/1 6:15
113.88323779567452,90.65,-23.23323779567453,23.23323779567453,25.62960595217749,2025/4/1 6:30
116.49826009381216,89.91,-26.588260093812167,26.588260093812167,29.572083298612604,2025/4/1 6:45
111.28235511064632,85.38,-25.90235511064633,25.90235511064633,30.33773144836729,2025/4/1 7:00
111.80223920331474,82.03,-29.77223920331474,29.77223920331474,36.29433037093557,2025/4/1 7:15
115.05693335293763,81.44,-33.61693335293764,33.61693335293764,41.27815981446016,2025/4/1 7:30
110.6657105748439,77.94,-32.7257105748439,32.7257105748439,41.98833791994087,2025/4/1 7:45
106.04710194414938,71.46,-34.58710194414938,34.58710194414938,48.40064643730896,2025/4/1 8:00
103.02851182503191,61.12,-41.90851182503192,41.90851182503192,68.5675913366547,2025/4/1 8:15
98.83200952413864,51.96,-46.87200952413864,46.87200952413864,90.2078705235728,2025/4/1 8:30
98.26410904373142,45.33,-52.93410904373143,52.93410904373143,116.7750034052827,2025/4/1 8:45
92.88363552690524,47.87,-45.01363552690524,45.01363552690524,94.03308027326344,2025/4/1 9:00
88.22407340989237,43.48,-44.74407340989237,44.74407340989237,102.90725255241368,2025/4/1 9:15
80.4976663043678,35.57,-44.9276663043678,44.9276663043678,126.30774895766513,2025/4/1 9:30
77.97847900729364,33.27,-44.70847900729364,44.70847900729364,134.38076046636385,2025/4/1 9:45
66.80007027088365,28.12,-38.68007027088365,38.68007027088365,137.55359271246832,2025/4/1 10:00
62.34904855555792,21.66,-40.68904855555792,40.68904855555792,187.85340976625147,2025/4/1 10:15
59.31509514675403,17.46,-41.85509514675403,41.85509514675403,239.71990347373605,2025/4/1 10:30
58.04020910219155,17.25,-40.79020910219155,40.79020910219155,236.4649803011889,2025/4/1 10:45
55.29995028112478,13.79,-41.50995028112478,41.50995028112478,301.0148678812456,2025/4/1 11:00
48.43789908218145,10.84,-37.597899082181456,37.597899082181456,346.844087470799,2025/4/1 11:15
46.94024992727469,9.27,-37.670249927274696,37.670249927274696,406.3673131269507,2025/4/1 11:30
39.2821763289237,6.41,-32.8721763289237,32.8721763289237,512.8264637817609,2025/4/1 11:45
37.38488827749197,4.62,-32.76488827749197,32.76488827749197,709.1967159476791,2025/4/1 12:00
35.738849118488936,3.19,-32.54884911848894,32.54884911848894,1020.3400977262884,2025/4/1 12:15
26.46488269379396,1.76,-24.704882693793955,24.704882693793955,1403.6865166130833,2025/4/1 12:30
24.656666275663,0.9,-23.756666275663,23.756666275663,2639.629585891486,2025/4/1 12:45
18.997920576192293,0.15,-18.84792057619229,18.84792057619229,12565.280375751345,2025/4/1 13:00
20.58522039131653,0.0,-20.58522039131653,20.58522039131653,20585220391316.527,2025/4/1 13:15
18.07932755867707,0.0,-18.07932755867707,18.07932755867707,18079327558677.07,2025/4/1 13:30
16.61255322014288,0.0,-16.61255322014288,16.61255322014288,16612553220142.877,2025/4/1 13:45
11.255323155075978,0.0,-11.255323155075978,11.255323155075978,11255323155075.977,2025/4/1 14:00
19.4862997426586,0.0,-19.4862997426586,19.4862997426586,19486299742658.6,2025/4/1 14:15
18.568956220077688,0.0,-18.568956220077688,18.568956220077688,18568956220077.688,2025/4/1 14:30
11.60000615122754,0.0,-11.60000615122754,11.60000615122754,11600006151227.54,2025/4/1 14:45
12.445566355605532,0.0,-12.445566355605532,12.445566355605532,12445566355605.531,2025/4/1 15:00
8.596938373691815,0.0,-8.596938373691815,8.596938373691815,8596938373691.815,2025/4/1 15:15
9.269855025895058,0.0,-9.269855025895058,9.269855025895058,9269855025895.06,2025/4/1 15:30
8.975426112656983,0.0,-8.975426112656983,8.975426112656983,8975426112656.982,2025/4/1 15:45
8.333631274835552,0.0,-8.333631274835552,8.333631274835552,8333631274835.552,2025/4/1 16:00
9.90422053499671,0.0,-9.90422053499671,9.90422053499671,9904220534996.71,2025/4/1 16:15
12.80005883294175,0.0,-12.80005883294175,12.80005883294175,12800058832941.75,2025/4/1 16:30
16.194665461410786,0.0,-16.194665461410786,16.194665461410786,16194665461410.783,2025/4/1 16:45
19.67055153443725,0.0,-19.67055153443725,19.67055153443725,19670551534437.254,2025/4/1 17:00
21.7401684898072,0.06,-21.6801684898072,21.6801684898072,36133.61408945598,2025/4/1 17:15
24.83048047126249,1.5,-23.33048047126249,23.33048047126249,1555.3653646471416,2025/4/1 17:30
33.18294989866432,6.58,-26.60294989866432,26.60294989866432,404.3001504294836,2025/4/1 17:45
40.29561221038816,11.91,-28.385612210388164,28.385612210388164,238.3342754840456,2025/4/1 18:00
41.58170282232789,10.44,-31.141702822327886,31.141702822327886,298.2921726248045,2025/4/1 18:15
43.20291499030871,12.95,-30.252914990308707,30.252914990308707,233.61324316660307,2025/4/1 18:30
52.00559866526033,16.02,-35.985598665260326,35.985598665260326,224.6292051500356,2025/4/1 18:45
63.80926191662198,17.85,-45.959261916621976,45.959261916621976,257.47485667431096,2025/4/1 19:00
66.01105212313388,17.48,-48.53105212313388,48.53105212313388,277.6375979568435,2025/4/1 19:15
70.61850683388468,18.13,-52.488506833884685,52.488506833884685,289.51189648976936,2025/4/1 19:30
77.09255382267979,24.85,-52.24255382267979,52.24255382267979,210.23160491939456,2025/4/1 19:45
88.0093827754371,41.75,-46.2593827754371,46.2593827754371,110.80091682712887,2025/4/1 20:00
94.58377963528804,57.21,-37.37377963528804,37.37377963528804,65.32735471984392,2025/4/1 20:15
98.04009306605462,52.41,-45.63009306605463,45.63009306605463,87.06371506576525,2025/4/1 20:30
97.7461663464631,47.98,-49.7661663464631,49.7661663464631,103.72273102617628,2025/4/1 20:45
100.07162165168953,47.9,-52.17162165168953,52.17162165168953,108.91779050434364,2025/4/1 21:00
98.52365145392824,45.38,-53.14365145392825,53.14365145392825,117.10809046674996,2025/4/1 21:15
95.32128009271366,42.26,-53.06128009271367,53.06128009271367,125.55911048885022,2025/4/1 21:30
95.20725972662436,42.24,-52.96725972662436,52.96725972662436,125.39597473129488,2025/4/1 21:45
98.58489683393024,44.15,-54.43489683393023,54.43489683393023,123.29534956694664,2025/4/1 22:00
98.94263484411698,48.35,-50.59263484411698,50.59263484411698,104.6383347342551,2025/4/1 22:15
107.6299398262817,51.37,-56.2599398262817,56.2599398262817,109.51905747746191,2025/4/1 22:30
103.44838066751753,56.95,-46.49838066751751,46.49838066751751,81.64772724747297,2025/4/1 22:45
102.95320225165948,57.82,-45.13320225165949,45.13320225165949,78.05811527426744,2025/4/1 23:00
103.22629804279924,58.66,-44.56629804279923,44.56629804279923,75.97391415397759,2025/4/1 23:15
93.10581440431932,71.03,-22.07581440431932,22.07581440431932,31.07956413387053,2025/4/1 23:30
84.70167122048295,72.76,-11.941671220482943,11.941671220482943,16.412412342587317,2025/4/1 23:45
87.8129819512104,81.16,-6.652981951210407,6.652981951210407,8.197365637262456,2025/4/2 0:00
94.81885776779008,94.23,-0.5888577677900884,0.5888577677900884,0.6249153855348226,2025/4/2 0:15
78.41935743051366,93.07,14.650642569486337,14.650642569486337,15.741530643032768,2025/4/2 0:30
74.93503751206228,100.16,25.22496248793772,25.22496248793772,25.184667020679445,2025/4/2 0:45
70.87039485048197,104.37,33.49960514951803,33.49960514951803,32.09696766262905,2025/4/2 1:00
79.33094005231696,104.78,25.44905994768304,25.44905994768304,24.28808928007134,2025/4/2 1:15
78.38458279671295,101.9,23.515417203287058,23.515417203287058,23.076955057177603,2025/4/2 1:30
83.98876184428673,105.2,21.211238155713275,21.211238155713275,20.16277391225581,2025/4/2 1:45
74.40686126085747,113.45,39.043138739142535,39.043138739142535,34.41440170921826,2025/4/2 2:00
68.97912423074939,130.47,61.49087576925061,61.49087576925061,47.130279580902496,2025/4/2 2:15
67.43427456213418,136.39,68.95572543786581,68.95572543786581,50.5577574879502,2025/4/2 2:30
63.308224179502254,132.61,69.30177582049777,69.30177582049777,52.25984150550147,2025/4/2 2:45
61.12208377134678,131.71,70.58791622865323,70.58791622865323,53.593437270214594,2025/4/2 3:00
61.855501437803056,118.26,56.40449856219695,56.40449856219695,47.695331102781374,2025/4/2 3:15
61.73977954056431,109.4,47.6602204594357,47.6602204594357,43.56510096836575,2025/4/2 3:30
57.20274973413517,91.29,34.08725026586484,34.08725026586484,37.33952269232938,2025/4/2 3:45
65.4519258188144,101.67,36.2180741811856,36.2180741811856,35.62316728744957,2025/4/2 4:00
68.60726557096744,106.88,38.27273442903255,38.27273442903255,35.809070386411626,2025/4/2 4:15
64.72722913646497,112.77,48.04277086353503,48.04277086353503,42.60243935753518,2025/4/2 4:30
66.88295467530212,121.96,55.07704532469788,55.07704532469788,45.15992565156832,2025/4/2 4:45
66.4590608967783,111.12,44.66093910322171,44.66093910322171,40.191629862474365,2025/4/2 5:00
68.02507746254899,112.94,44.914922537451005,44.914922537451005,39.76883525536677,2025/4/2 5:15
69.61744106710516,115.78,46.16255893289484,46.16255893289484,39.87092669965017,2025/4/2 5:30
66.35195135134911,103.8,37.44804864865088,37.44804864865088,36.07711815858845,2025/4/2 5:45
63.73918734792539,97.69,33.95081265207461,33.95081265207461,34.753621304166096,2025/4/2 6:00
64.73289647301917,98.68,33.94710352698084,33.94710352698084,34.40119935847835,2025/4/2 6:15
64.45112790985188,98.36,33.90887209014812,33.90887209014812,34.47424978661412,2025/4/2 6:30
63.48313197167328,92.76,29.27686802832673,29.27686802832673,31.56195345870544,2025/4/2 6:45
65.66840891910175,93.17,27.50159108089825,27.50159108089825,29.51764632485643,2025/4/2 7:00
67.35415218339035,89.71,22.35584781660964,22.35584781660964,24.920129101086523,2025/4/2 7:15
68.51830286299342,80.26,11.741697137006582,11.741697137006582,14.62957530151003,2025/4/2 7:30
68.97067708753873,83.15,14.179322912461274,14.179322912461274,17.052703442506576,2025/4/2 7:45
70.13918559140248,89.12,18.980814408597524,18.980814408597524,21.298041302262373,2025/4/2 8:00
70.85796662872197,76.64,5.7820333712780325,5.7820333712780325,7.5444067996744355,2025/4/2 8:15
68.23265573961665,77.9,9.66734426038336,9.66734426038336,12.409941284173232,2025/4/2 8:30
65.98362924112512,78.03,12.046370758874886,12.046370758874886,15.438127334178454,2025/4/2 8:45
70.37106512375995,72.39,2.0189348762400527,2.0189348762400527,2.7889692999547777,2025/4/2 9:00
67.06453006096694,71.29,4.2254699390330615,4.2254699390330615,5.927156598438959,2025/4/2 9:15
68.24218885271337,61.94,-6.302188852713371,6.302188852713371,10.174667182278329,2025/4/2 9:30
63.09964916276802,55.54,-7.559649162768025,7.559649162768025,13.611179623252456,2025/4/2 9:45
54.68783580267191,56.12,1.4321641973280848,1.4321641973280848,2.5519675647283195,2025/4/2 10:00
50.36732389178961,48.79,-1.5773238917896109,1.5773238917896109,3.232883565866731,2025/4/2 10:15
48.85326105671254,39.67,-9.18326105671254,9.18326105671254,23.149132988881743,2025/4/2 10:30
45.76623057509515,45.87,0.103769424904847,0.103769424904847,0.2262250379433635,2025/4/2 10:45
44.30929130731299,43.06,-1.249291307312987,1.249291307312987,2.901280323525512,2025/4/2 11:00
39.11631769440714,39.15,0.0336823055928618,0.0336823055928618,0.086033986188444,2025/4/2 11:15
38.25955446071134,32.21,-6.049554460711342,6.049554460711342,18.78160341723862,2025/4/2 11:30
34.649545425132665,28.54,-6.109545425132666,6.109545425132666,21.40695664019362,2025/4/2 11:45
32.9375442572916,19.77,-13.1675442572916,13.1675442572916,66.60366341540211,2025/4/2 12:00
29.572494092624787,12.48,-17.092494092624786,17.092494092624786,136.9590872795499,2025/4/2 12:15
26.47004490652896,9.14,-17.33004490652896,17.33004490652896,189.606618231284,2025/4/2 12:30
25.029093481547697,6.79,-18.239093481547695,18.239093481547695,268.6169879422545,2025/4/2 12:45
25.5245992618702,3.91,-21.6145992618702,21.6145992618702,552.8030501615702,2025/4/2 13:00
20.30690410042505,0.45,-19.85690410042505,19.85690410042505,4412.645354669425,2025/4/2 13:15
19.708660974034384,0.0,-19.708660974034384,19.708660974034384,19708660974034.383,2025/4/2 13:30
18.239064761731942,0.0,-18.239064761731942,18.239064761731942,18239064761731.945,2025/4/2 13:45
16.39994943170418,0.0,-16.39994943170418,16.39994943170418,16399949431704.178,2025/4/2 14:00
12.98868946316244,0.0,-12.98868946316244,12.98868946316244,12988689463162.44,2025/4/2 14:15
12.40527876366973,0.0,-12.40527876366973,12.40527876366973,12405278763669.729,2025/4/2 14:30
12.951561963476257,0.0,-12.951561963476257,12.951561963476257,12951561963476.256,2025/4/2 14:45
12.13596931871934,0.0,-12.13596931871934,12.13596931871934,12135969318719.34,2025/4/2 15:00
15.863251991754122,0.0,-15.863251991754122,15.863251991754122,15863251991754.123,2025/4/2 15:15
22.58433226236757,0.0,-22.58433226236757,22.58433226236757,22584332262367.57,2025/4/2 15:30
25.737710330750044,0.0,-25.737710330750044,25.737710330750044,25737710330750.043,2025/4/2 15:45
35.2127337064116,0.0,-35.2127337064116,35.2127337064116,35212733706411.59,2025/4/2 16:00
39.721315879983024,0.0,-39.721315879983024,39.721315879983024,39721315879983.02,2025/4/2 16:15
46.00764353449083,0.0,-46.00764353449083,46.00764353449083,46007643534490.84,2025/4/2 16:30
50.2234736582045,0.0,-50.2234736582045,50.2234736582045,50223473658204.51,2025/4/2 16:45
50.89150841597898,0.0,-50.89150841597898,50.89150841597898,50891508415978.98,2025/4/2 17:00
62.01782016446997,0.07,-61.94782016446997,61.94782016446997,88496.88582281869,2025/4/2 17:15
65.54502537096741,0.29,-65.2550253709674,65.2550253709674,22501.732878781266,2025/4/2 17:30
67.71817720406388,6.86,-60.85817720406388,60.85817720406388,887.1454402795441,2025/4/2 17:45
74.7306914462069,12.14,-62.5906914462069,62.5906914462069,515.5740646267819,2025/4/2 18:00
74.36032375527364,14.71,-59.65032375527364,59.65032375527364,405.5086591085528,2025/4/2 18:15
72.98878390792515,15.68,-57.308783907925154,57.308783907925154,365.4896932880081,2025/4/2 18:30
83.0767116121927,17.53,-65.5467116121927,65.5467116121927,373.9116463880136,2025/4/2 18:45
92.1406303304578,18.8,-73.3406303304578,73.3406303304578,390.1097357982324,2025/4/2 19:00
95.87269276647494,21.62,-74.25269276647494,74.25269276647494,343.4444623780365,2025/4/2 19:15
96.64129219840405,25.06,-71.58129219840403,71.58129219840403,285.6396336716616,2025/4/2 19:30
119.36590883918326,32.25,-87.11590883918326,87.11590883918326,270.1268491129089,2025/4/2 19:45
142.35870426814787,32.92,-109.43870426814787,109.43870426814787,332.4383483226471,2025/4/2 20:00
144.39845557130744,29.96,-114.43845557130744,114.43845557130744,381.9708129870676,2025/4/2 20:15
145.49878889917852,29.07,-116.42878889917851,116.42878889917851,400.51182971715866,2025/4/2 20:30
146.26830309316966,29.02,-117.24830309316968,117.24830309316968,404.0258549027072,2025/4/2 20:45
144.2658213068209,26.33,-117.9358213068209,117.9358213068209,447.9142472706913,2025/4/2 21:00
148.42667026350276,25.43,-122.99667026350276,122.99667026350276,483.6675983602795,2025/4/2 21:15
148.8686628584745,22.12,-126.74866285847446,126.74866285847446,573.0048049633882,2025/4/2 21:30
147.71967816927202,20.47,-127.24967816927202,127.24967816927202,621.639854267955,2025/4/2 21:45
162.40118692405346,21.65,-140.75118692405346,140.75118692405346,650.1209557662972,2025/4/2 22:00
160.3091451303177,21.86,-138.44914513031767,138.44914513031767,633.3446712245395,2025/4/2 22:15
161.71922271311422,22.14,-139.57922271311423,139.57922271311423,630.4391269759883,2025/4/2 22:30
151.55347463866866,20.23,-131.32347463866867,131.32347463866867,649.1521237667797,2025/4/2 22:45
136.04071940178798,17.95,-118.09071940178798,118.09071940178798,657.8870161622847,2025/4/2 23:00
122.25841350105377,15.13,-107.12841350105376,107.12841350105376,708.0529643116041,2025/4/2 23:15
109.93555100549428,15.77,-94.1655510054943,94.1655510054943,597.1182688959872,2025/4/2 23:30
101.50211109889048,16.35,-85.15211109889049,85.15211109889049,520.8080189502732,2025/4/2 23:45
96.46218103122048,15.84,-80.62218103122046,80.62218103122046,508.9784155979261,2025/4/3 0:00
94.39545004001042,15.99,-78.40545004001042,78.40545004001042,490.3405255754852,2025/4/3 0:15
82.1371650158267,15.97,-66.1671650158267,66.1671650158267,414.3216344108477,2025/4/3 0:30
72.67344416569068,17.43,-55.24344416569068,55.24344416569068,316.9446022109796,2025/4/3 0:45
70.77272212779572,16.33,-54.44272212779572,54.44272212779572,333.39082747986737,2025/4/3 1:00
69.07967741957006,16.7,-52.37967741957006,52.37967741957006,313.6507629895594,2025/4/3 1:15
63.23098170487633,15.66,-47.57098170487633,47.57098170487633,303.77382953111464,2025/4/3 1:30
49.69880065718019,12.8,-36.89880065718019,36.89880065718019,288.2718801319681,2025/4/3 1:45
45.53900287967329,14.4,-31.13900287967329,31.13900287967329,216.24307555178507,2025/4/3 2:00
41.64736460100915,17.94,-23.70736460100915,23.70736460100915,132.14807469831104,2025/4/3 2:15
40.39901746224656,18.84,-21.559017462246555,21.559017462246555,114.43215213445926,2025/4/3 2:30
38.965823656599646,17.72,-21.245823656599647,21.245823656599647,119.897424697967,2025/4/3 2:45
38.88227150351001,15.62,-23.26227150351001,23.26227150351001,148.92619400359212,2025/4/3 3:00
33.591821769038376,18.11,-15.481821769038376,15.481821769038376,85.48769612895025,2025/4/3 3:15
30.50676707198468,22.91,-7.596767071984679,7.596767071984679,33.15917534679843,2025/4/3 3:30
38.02969929112752,22.2,-15.829699291127522,15.829699291127522,71.3049517615145,2025/4/3 3:45
34.36078241145004,23.63,-10.73078241145004,10.73078241145004,45.41169027255451,2025/4/3 4:00
34.294638150232075,25.34,-8.954638150232075,8.954638150232075,35.33795639383085,2025/4/3 4:15
24.888240875312977,27.26,2.371759124687024,2.371759124687024,8.700510361989448,2025/4/3 4:30
22.15550715704548,30.88,8.724492842954522,8.724492842954522,28.252891330719788,2025/4/3 4:45
22.77315874052207,35.09,12.316841259477933,12.316841259477933,35.10071604286928,2025/4/3 5:00
22.93613947489456,27.37,4.433860525105441,4.433860525105441,16.19970962765525,2025/4/3 5:15
23.0064813777347,23.53,0.5235186222652999,0.5235186222652999,2.224898522155015,2025/4/3 5:30
23.6212132259274,23.45,-0.1712132259274028,0.1712132259274028,0.7301203664250436,2025/4/3 5:45
28.302696212946845,23.82,-4.482696212946845,4.482696212946845,18.81904371506308,2025/4/3 6:00
24.569932285223317,22.17,-2.399932285223312,2.399932285223312,10.825134349176754,2025/4/3 6:15
26.703128663217267,19.68,-7.023128663217268,7.023128663217268,35.68662938608527,2025/4/3 6:30
26.80288322857123,23.32,-3.482883228571229,3.482883228571229,14.93517679483831,2025/4/3 6:45
25.256715833815665,25.9,0.6432841661843334,0.6432841661843334,2.483722649350771,2025/4/3 7:00
24.53211295512983,22.49,-2.0421129551298307,2.0421129551298307,9.08009317528124,2025/4/3 7:15
25.352895958760342,16.09,-9.262895958760346,9.262895958760346,57.56927258360955,2025/4/3 7:30
24.985788803414497,11.83,-13.155788803414495,13.155788803414495,111.20700594508276,2025/4/3 7:45
23.332654586922065,9.16,-14.172654586922064,14.172654586922064,154.72330334898842,2025/4/3 8:00
23.68951969862086,8.26,-15.42951969862086,15.42951969862086,186.7980593030758,2025/4/3 8:15
20.00507828712732,7.69,-12.31507828712732,12.31507828712732,160.14406094885794,2025/4/3 8:30
22.693039064914064,7.78,-14.913039064914065,14.913039064914065,191.6843067445036,2025/4/3 8:45
20.38504899606688,7.04,-13.345048996066884,13.345048996066884,189.5603550550756,2025/4/3 9:00
19.389410962135496,3.27,-16.119410962135497,16.119410962135497,492.9483474508425,2025/4/3 9:15
19.16966678017249,2.55,-16.619666780172494,16.619666780172494,651.7516384125781,2025/4/3 9:30
20.31778438107897,0.61,-19.707784381078973,19.707784381078973,3230.7843242374083,2025/4/3 9:45
19.504249034043635,1.65,-17.854249034043637,17.854249034043637,1082.075698967367,2025/4/3 10:00
18.598430266101083,1.98,-16.618430266101083,16.618430266101083,839.3146598617054,2025/4/3 10:15
19.52391576482367,1.39,-18.13391576482367,18.13391576482367,1304.5982563682787,2025/4/3 10:30
16.9124802689482,5.19,-11.7224802689482,11.7224802689482,225.86667184436087,2025/4/3 10:45
22.263693508898267,9.42,-12.843693508898268,12.843693508898268,136.34494170660213,2025/4/3 11:00
22.162145811712936,15.32,-6.842145811712936,6.842145811712936,44.66152618582424,2025/4/3 11:15
35.55445299888304,24.23,-11.324452998883036,11.324452998883036,46.73732149746719,2025/4/3 11:30
44.62257468132813,29.2,-15.422574681328133,15.422574681328133,52.81703657970999,2025/4/3 11:45
46.74600364845608,27.02,-19.72600364845608,19.72600364845608,73.00519484967832,2025/4/3 12:00
56.76426024299244,35.76,-21.004260242992444,21.004260242992444,58.73674564578777,2025/4/3 12:15
71.12986529472309,46.32,-24.80986529472309,24.80986529472309,53.56188535118637,2025/4/3 12:30
71.5247686583788,62.56,-8.964768658378802,8.964768658378802,14.329873175135024,2025/4/3 12:45
85.2472612907633,73.03,-12.217261290763304,12.217261290763304,16.72909939853016,2025/4/3 13:00
108.96759921862764,88.23,-20.737599218627626,20.737599218627626,23.50402268911268,2025/4/3 13:15
126.4490854146591,104.41,-22.039085414659095,22.039085414659095,21.108213211989263,2025/4/3 13:30
136.88072458856738,123.07,-13.810724588567382,13.810724588567382,11.22184495698071,2025/4/3 13:45
150.71189642913828,127.7,-23.011896429138275,23.011896429138275,18.020279114424632,2025/4/3 14:00
168.77562690625774,132.09,-36.68562690625774,36.68562690625774,27.773205319274712,2025/4/3 14:15
169.44759836835075,150.69,-18.75759836835076,18.75759836835076,12.44780567279734,2025/4/3 14:30
175.961001229979,167.38,-8.581001229978995,8.581001229978995,5.126658639009361,2025/4/3 14:45
181.35315556929007,197.93,16.57684443070994,16.57684443070994,8.375104547416544,2025/4/3 15:00
172.21223993034192,220.34,48.12776006965808,48.12776006965808,21.842497989305727,2025/4/3 15:15
185.2188722677641,223.41,38.19112773223589,38.19112773223589,17.09463664662226,2025/4/3 15:30
185.3985353857052,236.83,51.43146461429481,51.43146461429481,21.71661724201879,2025/4/3 15:45
205.88802047173303,258.32,52.431979528266936,52.431979528266936,20.29729774243057,2025/4/3 16:00
207.1291569941381,272.24,65.11084300586191,65.11084300586191,23.91670695189465,2025/4/3 16:15
206.39985118596,282.33,75.93014881404002,75.93014881404002,26.89411285163218,2025/4/3 16:30
225.99352254994105,279.82,53.826477450058974,53.826477450058974,19.236108015881545,2025/4/3 16:45
241.6212004960756,288.23,46.608799503924445,46.608799503924445,16.170696840685657,2025/4/3 17:00
258.3793932932079,285.7,27.32060670679209,27.32060670679209,9.56269048189798,2025/4/3 17:15
260.8965818150674,284.42,23.52341818493261,23.52341818493261,8.270662465693109,2025/4/3 17:30
264.9325863276606,275.8,10.86741367233941,10.86741367233941,3.9403240291281616,2025/4/3 17:45
269.93395536024,277.54,7.60604463976,7.60604463976,2.7405219571078976,2025/4/3 18:00
266.32014889945293,291.46,25.139851100547048,25.139851100547048,8.625489295456813,2025/4/3 18:15
258.6064549317309,302.13,43.52354506826907,43.52354506826907,14.405568817480775,2025/4/3 18:30
254.21895828715245,315.13,60.91104171284755,60.91104171284755,19.32886164847149,2025/4/3 18:45
253.7618500110725,323.85,70.08814998892751,70.08814998892751,21.64216457894268,2025/4/3 19:00
262.2134672469976,326.47,64.25653275300243,64.25653275300243,19.682216667069792,2025/4/3 19:15
264.7067837512881,325.35,60.64321624871189,60.64321624871189,18.639377977160983,2025/4/3 19:30
264.02936287577387,323.54,59.51063712422615,59.51063712422615,18.393594957101985,2025/4/3 19:45
277.5080037197415,329.77,52.26199628025847,52.26199628025847,15.84801415539395,2025/4/3 20:00
275.6955534214119,337.47,61.77444657858814,61.77444657858814,18.30516685292613,2025/4/3 20:15
275.2580178974453,338.87,63.61198210255469,63.61198210255469,18.77179511391859,2025/4/3 20:30
275.0431062586908,338.16,63.11689374130924,63.11689374130924,18.664801792432744,2025/4/3 20:45
276.76510817942795,336.53,59.76489182057202,59.76489182057202,17.759157228346435,2025/4/3 21:00
264.28560454973683,341.08,76.79439545026315,76.79439545026315,22.515068444423783,2025/4/3 21:15
253.13322329923213,278.86,25.72677670076789,25.72677670076789,9.225696299490304,2025/4/3 21:30
251.3628601406805,336.61,85.24713985931947,85.24713985931947,25.32519528810616,2025/4/3 21:45
240.7930925838669,339.07,98.2769074161331,98.2769074161331,28.98425322679804,2025/4/3 22:00
241.9635078021045,339.07,97.10649219789552,97.10649219789552,28.63906927710116,2025/4/3 22:15
234.8896049788221,340.92,106.03039502117792,106.03039502117792,31.101253966076158,2025/4/3 22:30
237.13952065246343,340.82,103.68047934753652,103.68047934753652,30.42089060134561,2025/4/3 22:45
239.70588435822228,337.97,98.26411564177776,98.26411564177776,29.074804166567645,2025/4/3 23:00
244.79892413355023,306.35,61.55107586644979,61.55107586644979,20.09174991559644,2025/4/3 23:15
250.19543127866305,291.06,40.86456872133698,40.86456872133698,14.039912293452533,2025/4/3 23:30
255.67408040212968,335.21,79.5359195978703,79.5359195978703,23.727191789578647,2025/4/3 23:45
255.16081695863576,329.25,74.08918304136424,74.08918304136424,22.502409427894225,2025/4/4 0:00
254.76644569942655,309.55,54.78355430057343,54.78355430057343,17.697804652093595,2025/4/4 0:15
254.09052808718147,310.11,56.01947191281855,56.01947191281855,18.06438744729305,2025/4/4 0:30
258.3166733445512,327.62,69.30332665544881,69.30332665544881,21.153570189679407,2025/4/4 0:45
258.2127899930101,342.58,84.36721000698986,84.36721000698986,24.62700975158073,2025/4/4 1:00
251.74027724555356,343.82,92.07972275444646,92.07972275444646,26.78137477587682,2025/4/4 1:15
248.0361554769116,354.98,106.94384452308844,106.94384452308844,30.12672390643369,2025/4/4 1:30
246.53710427112117,346.36,99.82289572887888,99.82289572887888,28.82056118744949,2025/4/4 1:45
243.63018933171043,338.44,94.80981066828954,94.80981066828954,28.013772210217923,2025/4/4 2:00
241.9968915723481,332.11,90.11310842765197,90.11310842765197,27.133512519233037,2025/4/4 2:15
234.70491825876115,329.6,94.8950817412389,94.8950817412389,28.790983537988502,2025/4/4 2:30
228.8307541508765,326.05,97.2192458491235,97.2192458491235,29.81728135227532,2025/4/4 2:45
219.59276952607016,322.88,103.28723047392984,103.28723047392984,31.989355325166574,2025/4/4 3:00
225.1414600067999,319.33,94.1885399932001,94.1885399932001,29.495675318063007,2025/4/4 3:15
229.3612620237644,326.18,96.81873797623564,96.81873797623564,29.682610207923837,2025/4/4 3:30
234.23003598206407,327.66,93.42996401793596,93.42996401793596,28.51430263624105,2025/4/4 3:45
231.29785675212148,334.21,102.9121432478785,102.9121432478785,30.79265828306984,2025/4/4 4:00
229.16732430161545,342.0,112.83267569838458,112.83267569838458,32.9920104381145,2025/4/4 4:15
233.6729213241333,337.65,103.97707867586664,103.97707867586664,30.794336939385715,2025/4/4 4:30
230.6388072031876,333.96,103.3211927968124,103.3211927968124,30.93819403425005,2025/4/4 4:45
229.066539670404,333.58,104.51346032959604,104.51346032959604,31.3308532674515,2025/4/4 5:00
227.6721869573713,324.82,97.14781304262868,97.14781304262868,29.908199323501872,2025/4/4 5:15
227.8186571025857,315.05,87.23134289741435,87.23134289741435,27.68809487300005,2025/4/4 5:30
228.28185673712636,317.54,89.25814326287369,89.25814326287369,28.10925970361075,2025/4/4 5:45
230.29493531784448,317.62,87.32506468215553,87.32506468215553,27.49356611111644,2025/4/4 6:00
226.37692182594043,297.57,71.19307817405956,71.19307817405956,23.92481707633016,2025/4/4 6:15
231.88378591163976,301.32,69.43621408836023,69.43621408836023,23.044011047503385,2025/4/4 6:30
233.08776249519929,278.96,45.87223750480072,45.87223750480072,16.444019753650803,2025/4/4 6:45
229.3809618468586,253.73,24.34903815314138,24.34903815314138,9.596436429721273,2025/4/4 7:00
224.897874270148,223.56,-1.337874270147978,1.337874270147978,0.5984408079027462,2025/4/4 7:15
224.1445357707996,286.09,61.94546422920038,61.94546422920038,21.65243952224081,2025/4/4 7:30
226.88005432495373,280.07,53.18994567504626,53.18994567504626,18.99166125433901,2025/4/4 7:45
222.57352516341345,277.4,54.82647483658653,54.82647483658653,19.764410539497757,2025/4/4 8:00
224.71234273568615,274.75,50.03765726431382,50.03765726431382,18.21206815806938,2025/4/4 8:15
219.86148495185904,271.08,51.218515048140944,51.218515048140944,18.89424341453521,2025/4/4 8:30
222.7682381564055,267.53,44.761761843594485,44.761761843594485,16.731492484423338,2025/4/4 8:45
224.16760066319264,246.74,22.572399336807397,22.572399336807397,9.14825295322941,2025/4/4 9:00
219.34912642251683,242.91,23.560873577483164,23.560873577483164,9.69942512760836,2025/4/4 9:15
217.543930861444,243.91,26.366069138555986,26.366069138555986,10.809753244452946,2025/4/4 9:30
211.8954504026025,245.63,33.73454959739746,33.73454959739746,13.733888204772922,2025/4/4 9:45
194.9427398388148,245.0,50.057260161185184,50.057260161185184,20.431534759659083,2025/4/4 10:00
189.8902783915952,253.34,63.44972160840479,63.44972160840479,25.04528365373796,2025/4/4 10:15
183.8851958862241,249.67,65.78480411377589,65.78480411377589,26.34870193205013,2025/4/4 10:30
190.4777429484708,245.8,55.32225705152922,55.32225705152922,22.507020769530804,2025/4/4 10:45
195.89029594146564,247.05,51.15970405853437,51.15970405853437,20.708238841737973,2025/4/4 11:00
198.9292346030166,233.93,35.00076539698341,35.00076539698341,14.962067882258989,2025/4/4 11:15
219.50358744845164,238.2,18.69641255154835,18.69641255154835,7.849039694181571,2025/4/4 11:30
234.18343867034565,239.78,5.5965613296543495,5.5965613296543495,2.3340400907715475,2025/4/4 11:45
252.66630009754883,181.79,-70.87630009754884,70.87630009754884,38.98800819490063,2025/4/4 12:00
265.00794753530164,133.4,-131.60794753530163,131.60794753530163,98.65663233523462,2025/4/4 12:15
270.14380476086177,129.72,-140.42380476086177,140.42380476086177,108.25146836320808,2025/4/4 12:30
269.2277558680322,126.52,-142.70775586803222,142.70775586803222,112.7946220897245,2025/4/4 12:45
272.01837984491686,128.71,-143.30837984491686,143.30837984491686,111.34207120255266,2025/4/4 13:00
273.28403233170206,132.49,-140.79403233170206,140.79403233170206,106.26766724401524,2025/4/4 13:15
275.4779449668918,132.86,-142.6179449668918,142.6179449668918,107.34453181302456,2025/4/4 13:30
258.92431956896905,126.75,-132.17431956896905,132.17431956896905,104.2795420661655,2025/4/4 13:45
257.5108320254529,142.32,-115.19083202545288,115.19083202545288,80.9379089554328,2025/4/4 14:00
261.59087067751545,204.55,-57.04087067751544,57.04087067751544,27.8860281972562,2025/4/4 14:15
260.3236921804215,257.59,-2.733692180421542,2.733692180421542,1.0612571064173617,2025/4/4 14:30
268.137078712954,245.56,-22.577078712954005,22.577078712954005,9.19411903931618,2025/4/4 14:45
267.26315381432244,227.98,-39.283153814322446,39.283153814322446,17.23096491547733,2025/4/4 15:00
262.78296321958896,249.79,-12.992963219588972,12.992963219588972,5.20155459369221,2025/4/4 15:15
279.17272550327675,255.02,-24.15272550327674,24.15272550327674,9.470914243301417,2025/4/4 15:30
281.6611129229458,249.16,-32.501112922945794,32.501112922945794,13.044273929576477,2025/4/4 15:45
273.47254941340515,176.69,-96.78254941340516,96.78254941340516,54.77534066067711,2025/4/4 16:00
272.6407180360425,177.16,-95.48071803604248,95.48071803604248,53.89518967937943,2025/4/4 16:15
264.84584711601053,177.57,-87.27584711601054,87.27584711601054,49.15010819167731,2025/4/4 16:30
266.3899046617822,176.13,-90.25990466178224,90.25990466178224,51.24618444429171,2025/4/4 16:45
265.45739509872783,178.11,-87.34739509872782,87.34739509872782,49.04126388112895,2025/4/4 17:00
262.1667710005417,176.71,-85.45677100054169,85.45677100054169,48.359895308977045,2025/4/4 17:15
263.8585008217517,176.89,-86.96850082175172,86.96850082175172,49.165300933745584,2025/4/4 17:30
260.25839929231773,176.75,-83.50839929231773,83.50839929231773,47.246619118682034,2025/4/4 17:45
261.46501626294594,180.34,-81.12501626294593,81.12501626294593,44.98448278967559,2025/4/4 18:00
263.82286951331645,198.75,-65.07286951331645,65.07286951331645,32.74106642177797,2025/4/4 18:15
273.2870293288095,198.69,-74.59702932880953,74.59702932880953,37.5444306853752,2025/4/4 18:30
274.50135102610113,235.52,-38.98135102610112,38.98135102610112,16.55118504843944,2025/4/4 18:45
282.92737772436936,248.48,-34.447377724369375,34.447377724369375,13.863239586427689,2025/4/4 19:00
272.6898266435991,249.14,-23.54982664359909,23.54982664359909,9.452447075375146,2025/4/4 19:15
268.0027853749183,264.39,-3.612785374918303,3.612785374918303,1.3664606735946658,2025/4/4 19:30
248.5426214475211,262.45,13.907378552478889,13.907378552478889,5.299058316812189,2025/4/4 19:45
220.4813747326808,250.72,30.23862526731924,30.23862526731924,12.060715247011478,2025/4/4 20:00
212.5973065209475,230.68,18.08269347905249,18.08269347905249,7.83886486866857,2025/4/4 20:15
205.79125941098783,218.55,12.758740589012175,12.758740589012175,5.837904639215895,2025/4/4 20:30
212.63895253164,210.13,-2.508952531639977,2.508952531639977,1.1940001578255286,2025/4/4 20:45
209.07760990875707,223.35,14.272390091242926,14.272390091242926,6.390145552378122,2025/4/4 21:00
209.7792561191575,211.85,2.0707438808424854,2.0707438808424854,0.9774575788725552,2025/4/4 21:15
200.8983779657576,217.23,16.331622034242372,16.331622034242372,7.518124584189502,2025/4/4 21:30
213.21870361444604,229.0,15.781296385553958,15.781296385553958,6.891395801548937,2025/4/4 21:45
213.64785553073983,231.12,17.472144469260172,17.472144469260172,7.559771750282369,2025/4/4 22:00
218.9469427181197,246.01,27.063057281880333,27.063057281880333,11.000795610694416,2025/4/4 22:15
217.2742290491205,251.76,34.48577095087953,34.48577095087953,13.697875337967044,2025/4/4 22:30
215.305494838927,252.59,37.28450516107301,37.28450516107301,14.760879354312625,2025/4/4 22:45
213.71679510582803,249.69,35.97320489417197,35.97320489417197,14.40714681971948,2025/4/4 23:00
209.80570669909895,234.0,24.194293300901023,24.194293300901023,10.339441581577216,2025/4/4 23:15
215.5054667026201,225.95,10.444533297379849,10.444533297379849,4.622497586800278,2025/4/4 23:30
223.3587119755201,223.71,0.3512880244799135,0.3512880244799135,0.1570283065038471,2025/4/4 23:45
224.0262880130653,215.42,-8.606288013065324,8.606288013065324,3.995120236311081,2025/4/5 0:00
214.1945798919945,214.18,-0.0145798919944581,0.0145798919944581,0.0068073078692928,2025/4/5 0:15
212.21191190636029,222.48,10.268088093639705,10.268088093639705,4.615285910479634,2025/4/5 0:30
199.87039127730247,235.83,35.95960872269754,35.95960872269754,15.24810614539384,2025/4/5 0:45
185.7489542080565,239.14,53.3910457919435,53.3910457919435,22.32627155303219,2025/4/5 1:00
178.14361675703356,227.36,49.21638324296646,49.21638324296646,21.64689621874772,2025/4/5 1:15
170.00659911914764,200.82,30.81340088085236,30.81340088085236,15.343790897737785,2025/4/5 1:30
157.2251041267911,174.42,17.19489587320888,17.19489587320888,9.858328100675967,2025/4/5 1:45
137.98375097668708,147.26,9.276249023312914,9.276249023312914,6.29923198649098,2025/4/5 2:00
130.65709024297138,102.25,-28.40709024297138,28.40709024297138,27.781995347622097,2025/4/5 2:15
126.5999040805102,57.18,-69.41990408051021,69.41990408051021,121.40591829378944,2025/4/5 2:30
122.76912464743944,23.66,-99.10912464743944,99.10912464743944,418.888946098988,2025/4/5 2:45
109.31454022667394,9.41,-99.90454022667394,99.90454022667394,1061.6848057982174,2025/4/5 3:00
106.66629743925076,12.12,-94.54629743925076,94.54629743925076,780.0849623636195,2025/4/5 3:15
100.6804127118277,33.8,-66.8804127118277,66.8804127118277,197.87104352553203,2025/4/5 3:30
107.80406192188984,57.39,-50.41406192188984,50.41406192188984,87.84468012162745,2025/4/5 3:45
109.85181084797868,74.62,-35.23181084797868,35.23181084797868,47.214970313497,2025/4/5 4:00
107.56119335515768,77.09,-30.471193355157663,30.471193355157663,39.526778252844906,2025/4/5 4:15
103.9812920584628,89.23,-14.751292058462807,14.751292058462807,16.531762925525356,2025/4/5 4:30
105.19191443342132,97.62,-7.571914433421313,7.571914433421313,7.756519599890961,2025/4/5 4:45
95.28555469809868,106.26,10.974445301901326,10.974445301901326,10.327917656588555,2025/4/5 5:00
95.7717739578761,99.19,3.418226042123891,3.418226042123891,3.446139774292212,2025/4/5 5:15
91.80550289245676,97.68,5.874497107543249,5.874497107543249,6.014022427863671,2025/4/5 5:30
90.83593499462005,93.81,2.9740650053799698,2.9740650053799698,3.170307009249333,2025/4/5 5:45
88.17598565147449,102.74,14.564014348525504,14.564014348525504,14.175602830943475,2025/4/5 6:00
85.5663897339189,106.75,21.183610266081104,21.183610266081104,19.844131396778696,2025/4/5 6:15
84.16647268723115,105.96,21.793527312768845,21.793527312768845,20.56769282063824,2025/4/5 6:30
86.6999337775064,113.03,26.3300662224936,26.3300662224936,23.29475911038689,2025/4/5 6:45
81.8067672321518,114.83,33.0232327678482,33.0232327678482,28.758366949246227,2025/4/5 7:00
79.8841019933872,121.7,41.8158980066128,41.8158980066128,34.35981758962895,2025/4/5 7:15
83.15400831728606,121.89,38.73599168271394,38.73599168271394,31.779466471968306,2025/4/5 7:30
82.37752699246532,119.69,37.31247300753468,37.31247300753468,31.17426101387209,2025/4/5 7:45
81.62081252404037,100.98,19.35918747595963,19.35918747595963,19.171308651159094,2025/4/5 8:00
77.04711913368958,90.54,13.49288086631043,13.49288086631043,14.902673808587949,2025/4/5 8:15
73.18266439614044,80.33,7.14733560385956,7.14733560385956,8.89746745157558,2025/4/5 8:30
68.74041996742928,71.63,2.88958003257072,2.88958003257072,4.034036063893182,2025/4/5 8:45
66.41415880524669,67.59,1.1758411947533176,1.1758411947533176,1.7396673986559814,2025/4/5 9:00
68.734044360799,61.55,-7.184044360799007,7.184044360799007,11.6718836081029,2025/4/5 9:15
62.83258224245555,53.85,-8.98258224245555,8.98258224245555,16.680746968317305,2025/4/5 9:30
59.92262082445457,50.35,-9.572620824454567,9.572620824454567,19.01215655300011,2025/4/5 9:45
59.9466666138997,54.64,-5.306666613899701,5.306666613899701,9.712054564220333,2025/4/5 10:00
58.34178193125859,55.42,-2.921781931258586,2.921781931258586,5.272071330301902,2025/4/5 10:15
56.33763321065313,59.02,2.6823667893468723,2.6823667893468723,4.544843763711161,2025/4/5 10:30
53.26936348362456,62.22,8.95063651637544,8.95063651637544,14.385465310769934,2025/4/5 10:45
47.157086333730525,59.22,12.062913666269472,12.062913666269472,20.369661712680013,2025/4/5 11:00
44.43900604874516,51.96,7.520993951254837,7.520993951254837,14.47458420177129,2025/4/5 11:15
41.114738435229896,47.91,6.795261564770101,6.795261564770101,14.18338878053834,2025/4/5 11:30
37.201247417640246,40.65,3.448752582359752,3.448752582359752,8.484016192746047,2025/4/5 11:45
33.82427146968771,32.68,-1.144271469687709,1.144271469687709,3.5014426856921896,2025/4/5 12:00
30.722037553100822,38.68,7.957962446899174,7.957962446899174,20.57384293401913,2025/4/5 12:15
30.416796451904474,43.22,12.803203548095524,12.803203548095524,29.623330745177928,2025/4/5 12:30
28.14781580067918,43.15,15.00218419932082,15.00218419932082,34.767518422447395,2025/4/5 12:45
26.683440647748814,46.63,19.94655935225119,19.94655935225119,42.77623708386963,2025/4/5 13:00
28.604715728187905,49.82,21.21528427181209,21.21528427181209,42.58387047725714,2025/4/5 13:15
27.128822230804367,51.31,24.181177769195635,24.181177769195635,47.12761210124441,2025/4/5 13:30
24.986757876757224,44.63,19.64324212324278,19.64324212324278,44.01353825498266,2025/4/5 13:45
22.90428489322186,46.73,23.825715106778137,23.825715106778137,50.98590863840607,2025/4/5 14:00
21.94126663959771,41.71,19.76873336040229,19.76873336040229,47.395668569539424,2025/4/5 14:15
20.176249337857417,41.68,21.503750662142583,21.503750662142583,51.59249199158107,2025/4/5 14:30
17.63041112418822,42.6,24.96958887581178,24.96958887581178,58.61405839378677,2025/4/5 14:45
27.46578213259183,43.12,15.654217867408168,15.654217867408168,36.30384477590878,2025/4/5 15:00
23.94745284642897,43.72,19.772547153571036,19.772547153571036,45.22540520019626,2025/4/5 15:15
23.175635367348512,50.08,26.90436463265149,26.90436463265149,53.722772828669655,2025/4/5 15:30
24.04998243696773,55.16,31.11001756303226,31.11001756303226,56.39959674216074,2025/4/5 15:45
25.61953130459659,57.53,31.910468695403413,31.910468695403413,55.46752771657908,2025/4/5 16:00
24.79861964323136,58.88,34.08138035676864,34.08138035676864,57.88277913843538,2025/4/5 16:15
25.34510886512068,63.47,38.12489113487932,38.12489113487932,60.06757702035489,2025/4/5 16:30
26.269185201734008,62.4,36.13081479826599,36.13081479826599,57.90194679200014,2025/4/5 16:45
35.514600698318695,63.02,27.505399301681308,27.505399301681308,43.64550825394741,2025/4/5 17:00
28.614301477511862,59.03,30.41569852248813,30.41569852248813,51.52583181845944,2025/4/5 17:15
29.460705196339287,56.92,27.459294803660715,27.459294803660715,48.24190935279773,2025/4/5 17:30
31.566513578836663,62.66,31.09348642116333,31.09348642116333,49.62254455970909,2025/4/5 17:45
36.1424784099593,58.61,22.467521590040697,22.467521590040697,38.33393890121543,2025/4/5 18:00
35.971649098202754,55.85,19.878350901797248,19.878350901797248,35.59239194585793,2025/4/5 18:15
42.302558153811255,56.18,13.877441846188743,13.877441846188743,24.70174767918128,2025/4/5 18:30
47.05693681450921,55.5,8.443063185490793,8.443063185490793,15.21272646031636,2025/4/5 18:45
41.08392840994564,59.21,18.12607159005437,18.12607159005437,30.613193024867,2025/4/5 19:00
45.88294849427444,64.21,18.32705150572556,18.32705150572556,28.54236334791624,2025/4/5 19:15
52.465183123782765,56.83,4.364816876217233,4.364816876217233,7.680480162255064,2025/4/5 19:30
54.27629453799276,67.63,13.353705462007234,13.353705462007234,19.74523948245969,2025/4/5 19:45
64.77921755952032,54.83,-9.94921755952032,9.94921755952032,18.145572787711423,2025/4/5 20:00
69.74665936950188,55.71,-14.036659369501884,14.036659369501884,25.19594214589246,2025/4/5 20:15
64.43186145857858,61.06,-3.3718614585785787,3.3718614585785787,5.522210053345981,2025/4/5 20:30
67.15636692907489,74.49,7.333633070925103,7.333633070925103,9.845124272943025,2025/4/5 20:45
68.25658300837517,60.52,-7.73658300837517,7.73658300837517,12.783514554465278,2025/4/5 21:00
73.46838182723249,64.21,-9.258381827232498,9.258381827232498,14.418909558040928,2025/4/5 21:15
72.23140570759735,73.1,0.8685942924026477,0.8685942924026477,1.188227486185307,2025/4/5 21:30
67.85993734695462,82.46,14.60006265304537,14.60006265304537,17.705630188003475,2025/4/5 21:45
70.85643980901862,91.34,20.48356019098138,20.48356019098138,22.42561877705162,2025/4/5 22:00
71.96083583278791,82.3,10.33916416721209,10.33916416721209,12.562775415795294,2025/4/5 22:15
72.81932674007868,68.28,-4.539326740078678,4.539326740078678,6.6481059462097685,2025/4/5 22:30
70.18632088009069,80.37,10.183679119909314,10.183679119909314,12.67099554547299,2025/4/5 22:45
67.98617571543019,66.38,-1.6061757154301972,1.6061757154301972,2.4196681461701983,2025/4/5 23:00
63.633553275938,45.35,-18.283553275938,18.283553275938,40.31654526107537,2025/4/5 23:15
63.79151974801385,48.01,-15.78151974801385,15.78151974801385,32.87131795038737,2025/4/5 23:30
74.31687248087393,56.45,-17.866872480873923,17.866872480873923,31.65079270299782,2025/4/5 23:45
72.70698571121416,44.55,-28.15698571121416,28.15698571121416,63.20311046274065,2025/4/6 0:00
71.18188664062906,49.94,-21.241886640629065,21.241886640629065,42.53481505924415,2025/4/6 0:15
68.28390412007428,33.74,-34.54390412007428,34.54390412007428,102.38264410187284,2025/4/6 0:30
63.852637909721736,15.96,-47.892637909721735,47.892637909721735,300.07918489612564,2025/4/6 0:45
62.55862105275048,8.96,-53.59862105275048,53.59862105275048,598.1988956713424,2025/4/6 1:00
56.96382862705493,7.9,-49.06382862705493,49.06382862705493,621.0611218535932,2025/4/6 1:15
59.64521258177314,10.48,-49.16521258177315,49.16521258177315,469.1337078368703,2025/4/6 1:30
57.324402566049535,11.28,-46.044402566049534,46.044402566049534,408.1950582060402,2025/4/6 1:45
56.15851595204482,8.97,-47.18851595204482,47.18851595204482,526.0704119455826,2025/4/6 2:00
62.96001589121781,5.45,-57.51001589121781,57.51001589121781,1055.2296493607812,2025/4/6 2:15
65.63834911513747,2.45,-63.18834911513747,63.18834911513747,2579.116290308504,2025/4/6 2:30
70.58588670878225,9.26,-61.32588670878226,61.32588670878226,662.2665951200863,2025/4/6 2:45
63.50947922878946,21.29,-42.21947922878946,42.21947922878946,198.3066192042797,2025/4/6 3:00
57.64031498042776,28.16,-29.48031498042776,29.48031498042776,104.6886185380791,2025/4/6 3:15
51.805191025248206,41.62,-10.185191025248209,10.185191025248209,24.471866951522674,2025/4/6 3:30
47.96435078066569,66.13,18.165649219334306,18.165649219334306,27.469604142305812,2025/4/6 3:45
54.01204411735693,96.16,42.14795588264307,42.14795588264307,43.83106892949172,2025/4/6 4:00
58.64496814804383,131.87,73.22503185195617,73.22503185195617,55.52819583825029,2025/4/6 4:15
69.01817911036565,142.81,73.79182088963435,73.79182088963435,51.67132616034079,2025/4/6 4:30
74.38830121291676,130.81,56.42169878708325,56.42169878708325,43.13255774561587,2025/4/6 4:45
75.337828775452,119.75,44.412171224548,44.412171224548,37.087408120677175,2025/4/6 5:00
76.02505610500934,98.31,22.28494389499066,22.28494389499066,22.66803366388769,2025/4/6 5:15
75.0185576004001,98.41,23.391442399599896,23.391442399599896,23.76937546954184,2025/4/6 5:30
75.02656013402196,97.61,22.58343986597804,22.58343986597804,23.13639982169337,2025/4/6 5:45
80.71639248767349,99.13,18.413607512326507,18.413607512326507,18.57521185545035,2025/4/6 6:00
86.48243799730088,115.32,28.83756200269912,28.83756200269912,25.006557407799264,2025/4/6 6:15
86.63105208371546,118.37,31.738947916284545,31.738947916284545,26.813337768233275,2025/4/6 6:30
85.67469196321679,110.9,25.22530803678322,25.22530803678322,22.745994622867872,2025/4/6 6:45
86.87323831656684,108.82,21.946761683433152,21.946761683433152,20.167948615523787,2025/4/6 7:00
90.74876096751244,102.8,12.051239032487544,12.051239032487544,11.722995167778036,2025/4/6 7:15
96.14937513173712,78.24,-17.90937513173712,17.90937513173712,22.89030563869406,2025/4/6 7:30
91.67994112824591,72.79,-18.88994112824591,18.88994112824591,25.95128606706959,2025/4/6 7:45
91.68164658639706,72.11,-19.571646586397065,19.571646586397065,27.14137648921082,2025/4/6 8:00
89.62443328080322,65.74,-23.884433280803226,23.884433280803226,36.33165999508198,2025/4/6 8:15
91.724044998073,59.92,-31.804044998073,31.804044998073,53.07751167893845,2025/4/6 8:30
93.12575447298433,66.74,-26.38575447298433,26.38575447298433,39.53514305205993,2025/4/6 8:45
95.44538369490664,60.4,-35.04538369490664,35.04538369490664,58.02215843517983,2025/4/6 9:00
88.23527478188275,59.72,-28.515274781882752,28.515274781882752,47.74828329175318,2025/4/6 9:15
77.50962854241122,62.7,-14.809628542411218,14.809628542411218,23.619822236662834,2025/4/6 9:30
63.53339231394775,56.71,-6.82339231394775,6.82339231394775,12.032079551993858,2025/4/6 9:45
64.91551698008206,47.97,-16.94551698008206,16.94551698008206,35.32523864925315,2025/4/6 10:00
71.33312714017579,52.15,-19.18312714017579,19.18312714017579,36.78451992356473,2025/4/6 10:15
68.50311516443593,44.85,-23.653115164435924,23.653115164435924,52.73827238435492,2025/4/6 10:30
68.06885162483677,50.15,-17.91885162483677,17.91885162483677,35.7305117144587,2025/4/6 10:45
62.41977311957371,64.07,1.6502268804262812,1.6502268804262812,2.575662369944913,2025/4/6 11:00
60.02730556039712,67.82,7.792694439602876,7.792694439602876,11.490260158642563,2025/4/6 11:15
56.124283733440144,70.01,13.88571626655986,13.88571626655986,19.833904108755927,2025/4/6 11:30
52.349438278966055,70.4,18.05056172103395,18.05056172103395,25.640002444614076,2025/4/6 11:45
53.56357816619585,76.11,22.546421833804143,22.546421833804143,29.62346844537449,2025/4/6 12:00
53.656147156198834,92.13,38.47385284380116,38.47385284380116,41.76039600972474,2025/4/6 12:15
57.17590304533847,92.21,35.03409695466153,35.03409695466153,37.99381515521477,2025/4/6 12:30
66.74719704487316,95.56,28.81280295512684,28.81280295512684,30.151530928313825,2025/4/6 12:45
77.5569272266864,102.2,24.643072773313605,24.643072773313605,24.11259566858072,2025/4/6 13:00
88.66923853599643,106.01,17.340761464003577,17.340761464003577,16.357665752275462,2025/4/6 13:15
96.71723614844946,118.95,22.232763851550544,22.232763851550544,18.69084813075397,2025/4/6 13:30
102.34294553007425,124.68,22.33705446992577,22.33705446992577,17.91550727454913,2025/4/6 13:45
127.02233209527752,124.27,-2.752332095277524,2.752332095277524,2.214800108855966,2025/4/6 14:00
123.53105781164363,125.65,2.118942188356357,2.118942188356357,1.6863845510184403,2025/4/6 14:15
124.52253043078088,119.84,-4.682530430780872,4.682530430780872,3.907318450247801,2025/4/6 14:30
129.34196859270867,137.75,8.408031407291332,8.408031407291332,6.103834052475666,2025/4/6 14:45
131.1428755995568,164.64,33.4971244004432,33.4971244004432,20.34567808577676,2025/4/6 15:00
134.19323930887623,157.69,23.496760691123768,23.496760691123768,14.900602886111274,2025/4/6 15:15
138.12118869608256,165.66,27.53881130391744,27.53881130391744,16.623693893456974,2025/4/6 15:30
138.81066253429242,185.19,46.37933746570758,46.37933746570758,25.04419108250043,2025/4/6 15:45
155.29851779084893,198.56,43.26148220915107,43.26148220915107,21.787611910318937,2025/4/6 16:00
156.45432683869063,205.32,48.86567316130936,48.86567316130936,23.7997628878266,2025/4/6 16:15
163.24888157852342,205.8,42.55111842147659,42.55111842147659,20.675956473010647,2025/4/6 16:30
175.9012842775642,194.83,18.92871572243581,18.92871572243581,9.715503630049836,2025/4/6 16:45
179.33504162992782,199.81,20.474958370072187,20.474958370072187,10.24721403836742,2025/4/6 17:00
180.5989242802015,198.03,17.431075719798514,17.431075719798514,8.802239923137762,2025/4/6 17:15
178.7070716038983,165.15,-13.557071603898294,13.557071603898294,8.20894435597341,2025/4/6 17:30
178.00426056824716,170.85,-7.154260568247167,7.154260568247167,4.1874513129897455,2025/4/6 17:45
191.0575996669797,209.09,18.032400333020263,18.032400333020263,8.624228960261917,2025/4/6 18:00
192.04255797257335,232.98,40.93744202742661,40.93744202742661,17.571225868061227,2025/4/6 18:15
180.55383646116115,233.62,53.06616353883888,53.06616353883888,22.71473484240055,2025/4/6 18:30
178.58038672977955,233.96,55.37961327022046,55.37961327022046,23.67054764498068,2025/4/6 18:45
179.78182908359642,233.87,54.088170916403584,54.088170916403584,23.127451539906986,2025/4/6 19:00
190.08475206807145,233.96,43.87524793192858,43.87524793192858,18.75331164810644,2025/4/6 19:15
184.09792996885335,233.4,49.30207003114663,49.30207003114663,21.123423320962083,2025/4/6 19:30
196.99161389640773,210.26,13.268386103592263,13.268386103592263,6.310466138868998,2025/4/6 19:45
198.50035861835687,207.19,8.689641381643128,8.689641381643128,4.1940447809445125,2025/4/6 20:00
198.3238489726936,219.42,21.096151027306405,21.096151027306405,9.614506894219668,2025/4/6 20:15
197.38464389920568,219.58,22.195356100794328,22.195356100794328,10.1080955008581,2025/4/6 20:30
194.011327861194,219.96,25.94867213880599,25.94867213880599,11.796995880521091,2025/4/6 20:45
193.28165610418557,219.99,26.708343895814465,26.708343895814465,12.140708166644997,2025/4/6 21:00
200.0572761711012,219.6,19.5427238288988,19.5427238288988,8.899236716252233,2025/4/6 21:15
192.79443316280432,220.12,27.32556683719568,27.32556683719568,12.413940958197015,2025/4/6 21:30
194.9099592019845,238.22,43.310040798015535,43.310040798015535,18.18069045336133,2025/4/6 21:45
193.772419851888,239.97,46.197580148112,46.197580148112,19.25139815314112,2025/4/6 22:00
196.1232067262677,296.15,100.02679327373224,100.02679327373224,33.7757194913721,2025/4/6 22:15
194.17207990448205,304.07,109.89792009551796,109.89792009551796,36.14230936806716,2025/4/6 22:30
191.74735295431964,296.99,105.24264704568036,105.24264704568036,35.43642784122191,2025/4/6 22:45
190.57730039762788,270.32,79.74269960237211,79.74269960237211,29.499370968608545,2025/4/6 23:00
185.7231646339512,253.81,68.08683536604883,68.08683536604883,26.825907318869238,2025/4/6 23:15
185.7084551937089,247.6,61.89154480629111,61.89154480629111,24.996585139849,2025/4/6 23:30
176.61168164389196,257.3,80.68831835610806,80.68831835610806,31.359626255762414,2025/4/6 23:45
187.96414043016028,250.16,62.19585956983971,62.19585956983971,24.86243187152816,2025/4/7 0:00
192.13626495601395,241.47,49.33373504398605,49.33373504398605,20.43058559819672,2025/4/7 0:15
188.17484516327264,233.72,45.54515483672736,45.54515483672736,19.48705923186201,2025/4/7 0:30
185.91742864293715,220.5,34.582571357062875,34.582571357062875,15.683705830860406,2025/4/7 0:45
183.32392743238165,212.32,28.99607256761834,28.99607256761834,13.65677871496076,2025/4/7 1:00
173.25085945786876,216.04,42.78914054213124,42.78914054213124,19.806119488109346,2025/4/7 1:15
166.1838571024926,214.62,48.43614289750741,48.43614289750741,22.568326762410237,2025/4/7 1:30
161.24973854110502,219.85,58.60026145889498,58.60026145889498,26.65465611047001,2025/4/7 1:45
150.77461204233242,202.44,51.665387957667576,51.665387957667576,25.52133370758845,2025/4/7 2:00
147.86565849568046,191.1,43.23434150431953,43.23434150431953,22.62393589968441,2025/4/7 2:15
146.13811666384834,161.08,14.941883336151676,14.941883336151676,9.27606365541495,2025/4/7 2:30
145.1656755836671,140.09,-5.075675583667106,5.075675583667106,3.623153389723381,2025/4/7 2:45
142.11068784457905,135.95,-6.1606878445790585,6.1606878445790585,4.531583556141617,2025/4/7 3:00
135.47301618869406,159.23,23.75698381130593,23.75698381130593,14.919916982535334,2025/4/7 3:15
126.48945008422896,172.6,46.110549915771045,46.110549915771045,26.71526646335129,2025/4/7 3:30
129.7506186556398,180.11,50.3593813443602,50.3593813443602,27.960347201339317,2025/4/7 3:45
128.7240849978129,176.41,47.6859150021871,47.6859150021871,27.031299247298943,2025/4/7 4:00
132.39811511295747,165.09,32.691884887042534,32.691884887042534,19.80246222486082,2025/4/7 4:15
134.78086917794025,162.02,27.239130822059764,27.239130822059764,16.81220270463088,2025/4/7 4:30
132.44851301695022,154.89,22.44148698304977,22.44148698304977,14.488660974262563,2025/4/7 4:45
132.0365842576112,144.15,12.11341574238881,12.11341574238881,8.403340785556994,2025/4/7 5:00
133.97379553959658,143.65,9.676204460403426,9.676204460403426,6.735958552312351,2025/4/7 5:15
125.48855380713788,141.96,16.471446192862118,16.471446192862118,11.602878411419072,2025/4/7 5:30
117.83194289123736,147.84,30.008057108762657,30.008057108762657,20.29765767636794,2025/4/7 5:45
122.14121199851634,144.4,22.258788001483666,22.258788001483666,15.4146731312107,2025/4/7 6:00
120.7075488705903,151.11,30.402451129409712,30.402451129409712,20.119417066633307,2025/4/7 6:15
118.70505979722292,159.9,41.19494020277709,41.19494020277709,25.76293946388451,2025/4/7 6:30
114.71247188100531,164.15,49.43752811899469,49.43752811899469,30.117287918954965,2025/4/7 6:45
110.37188895370258,163.16,52.788111046297416,52.788111046297416,32.353586078858214,2025/4/7 7:00
96.8542041219618,153.24,56.38579587803821,56.38579587803821,36.79574254633347,2025/4/7 7:15
86.92531758131118,153.67,66.74468241868881,66.74468241868881,43.43377524477477,2025/4/7 7:30
81.53058927872395,144.1,62.56941072127604,62.56941072127604,43.42082631591438,2025/4/7 7:45
77.87931191219934,145.77,67.89068808780067,67.89068808780067,46.57384104256987,2025/4/7 8:00
89.20342405476403,141.22,52.01657594523597,52.01657594523597,36.833717564933536,2025/4/7 8:15
85.39128941741824,144.4,59.00871058258177,59.00871058258177,40.864758021150216,2025/4/7 8:30
86.91866555853835,125.72,38.80133444146165,38.80133444146165,30.863294974093847,2025/4/7 8:45
80.22255674256051,99.26,19.03744325743949,19.03744325743949,19.17937059985927,2025/4/7 9:00
81.19028165736206,94.02,12.829718342637932,12.829718342637932,13.645733187220047,2025/4/7 9:15
70.27726147649018,94.57,24.29273852350981,24.29273852350981,25.68757377972309,2025/4/7 9:30
65.1439249039613,93.26,28.1160750960387,28.1160750960387,30.14805393095491,2025/4/7 9:45
58.09139494718109,89.86,31.768605052818916,31.768605052818916,35.353444305345604,2025/4/7 10:00
57.57506405176624,80.99,23.414935948233754,23.414935948233754,28.910897577731625,2025/4/7 10:15
60.6302610115575,77.12,16.489738988442504,16.489738988442504,21.381922962164317,2025/4/7 10:30
62.85080915277381,69.35,6.499190847226181,6.499190847226181,9.371580169022078,2025/4/7 10:45
59.90191224731094,65.26,5.358087752689066,5.358087752689066,8.210370445419638,2025/4/7 11:00
51.01772087465593,71.27,20.252279125344067,20.252279125344067,28.41627490573264,2025/4/7 11:15
50.279174721672746,84.28,34.000825278327255,34.000825278327255,40.34269729269923,2025/4/7 11:30
52.12869755160378,99.19,47.06130244839622,47.06130244839622,47.44561190477747,2025/4/7 11:45
53.34887382360338,109.38,56.03112617639662,56.03112617639662,51.22611645304936,2025/4/7 12:00
65.59699383020772,130.64,65.04300616979226,65.04300616979226,49.78797165473246,2025/4/7 12:15
69.11423432801682,130.53,61.41576567198318,61.41576567198318,47.05107306514682,2025/4/7 12:30
78.64186364945817,127.3,48.658136350541824,48.658136350541824,38.22320216064698,2025/4/7 12:45
84.25988945058819,129.11,44.85011054941182,44.85011054941182,34.737906087349614,2025/4/7 13:00
91.89015677831024,115.41,23.51984322168977,23.51984322168977,20.37938066170123,2025/4/7 13:15
95.6689159381559,110.59,14.921084061844098,14.921084061844098,13.492254328447968,2025/4/7 13:30
101.06010519765302,112.53,11.469894802346984,11.469894802346984,10.19274398145987,2025/4/7 13:45
111.697687704017,147.3,35.602312295983026,35.602312295983026,24.169933670033167,2025/4/7 14:00
121.66030064224444,175.15,53.48969935775556,53.48969935775556,30.53936589079361,2025/4/7 14:15
135.18536422082417,172.62,37.43463577917584,37.43463577917584,21.686152113981088,2025/4/7 14:30
134.58507987850723,166.48,31.89492012149276,31.89492012149276,19.15840949151466,2025/4/7 14:45
138.25131720315002,177.61,39.35868279684999,39.35868279684999,22.16017273623548,2025/4/7 15:00
133.68032902332345,183.63,49.94967097667654,49.94967097667654,27.201258496242087,2025/4/7 15:15
135.0762151433669,202.28,67.20378485663309,67.20378485663309,33.223148535000924,2025/4/7 15:30
151.51030859079927,227.5,75.98969140920073,75.98969140920073,33.40206215787575,2025/4/7 15:45
154.4774132519069,227.37,72.8925867480931,72.8925867480931,32.05901690990942,2025/4/7 16:00
174.5805463861108,235.93,61.34945361388921,61.34945361388921,26.003244018930705,2025/4/7 16:15
181.02088434430544,223.3,42.27911565569457,42.27911565569457,18.933773244816678,2025/4/7 16:30
182.2744886440632,242.54,60.26551135593681,60.26551135593681,24.84765867729528,2025/4/7 16:45
176.59542148161245,249.19,72.59457851838755,72.59457851838755,29.13221979949373,2025/4/7 17:00
174.14362339482287,251.92,77.77637660517712,77.77637660517712,30.873442602868472,2025/4/7 17:15
177.66594121062786,222.89,45.22405878937212,45.22405878937212,20.289855439612293,2025/4/7 17:30
173.41557713207814,204.38,30.96442286792185,30.96442286792185,15.15041729518872,2025/4/7 17:45
169.2463670826281,205.75,36.5036329173719,36.5036329173719,17.74174139361077,2025/4/7 18:00
162.97558274479707,220.22,57.24441725520293,57.24441725520293,25.994195465978088,2025/4/7 18:15
169.36553081093396,210.51,41.14446918906603,41.14446918906603,19.545137612962087,2025/4/7 18:30
172.7195379448653,210.2,37.48046205513469,37.48046205513469,17.830857305003267,2025/4/7 18:45
172.0729587966652,243.09,71.0170412033348,71.0170412033348,29.21429972574174,2025/4/7 19:00
183.2082613587208,240.55,57.34173864127922,57.34173864127922,23.83776289389124,2025/4/7 19:15
187.7297696453108,239.13,51.40023035468917,51.40023035468917,21.494680865917147,2025/4/7 19:30
201.14949113579985,260.71,59.56050886420013,59.56050886420013,22.84550223013206,2025/4/7 19:45
202.08294947499152,271.63,69.54705052500847,69.54705052500847,25.603596997747992,2025/4/7 20:00
207.52625039764743,272.72,65.1937496023526,65.1937496023526,23.90501232118242,2025/4/7 20:15
196.80172886455355,293.75,96.94827113544645,96.94827113544645,33.00366676950245,2025/4/7 20:30
199.25451465948848,302.97,103.71548534051156,103.71548534051156,34.23292251393779,2025/4/7 20:45
202.73010286190643,182.27,-20.46010286190642,20.46010286190642,11.22516204635716,2025/4/7 21:00
210.16156783108383,144.06,-66.10156783108383,66.10156783108383,45.88474790437175,2025/4/7 21:15
212.32457460307432,122.98,-89.34457460307432,89.34457460307432,72.64967848674718,2025/4/7 21:30
215.2760220913808,239.93,24.653977908619225,24.653977908619225,10.275487812532385,2025/4/7 21:45
207.10011797071127,240.86,33.75988202928875,33.75988202928875,14.016392107147194,2025/4/7 22:00
212.72094138115312,214.88,2.1590586188468706,2.1590586188468706,1.0047741152484484,2025/4/7 22:15
214.2329190120612,219.89,5.65708098793877,5.65708098793877,2.572686792458137,2025/4/7 22:30
211.85300987359489,219.95,8.096990126405103,8.096990126405103,3.681286713526448,2025/4/7 22:45
206.13542360169595,219.69,13.55457639830405,13.55457639830405,6.16986499080426,2025/4/7 23:00
210.2685300115251,213.1,2.8314699884749075,2.8314699884749075,1.328704828002618,2025/4/7 23:15
211.05087769788867,161.29,-49.760877697888674,49.760877697888674,30.851805876283606,2025/4/7 23:30
208.39657812588743,157.39,-51.00657812588747,51.00657812588747,32.407762961976665,2025/4/7 23:45
211.91603127793,166.87,-45.046031277929984,45.046031277929984,26.99468525073589,2025/4/8 0:00
215.97280762155444,184.25,-31.72280762155444,31.72280762155444,17.21726329527122,2025/4/8 0:15
213.81532686314375,185.88,-27.935326863143786,27.935326863143786,15.0286888654663,2025/4/8 0:30
216.6229398481377,218.45,1.8270601518622984,1.8270601518622984,0.8363745259150661,2025/4/8 0:45
216.4036160123039,229.61,13.206383987696114,13.206383987696114,5.751658894512592,2025/4/8 1:00
215.19994228404568,236.54,21.34005771595432,21.34005771595432,9.021754340046206,2025/4/8 1:15
211.59898759815923,229.8,18.201012401840785,18.201012401840785,7.920370932042152,2025/4/8 1:30
205.76050345721148,210.3,4.539496542788527,4.539496542788527,2.158581332756238,2025/4/8 1:45
205.9004299673535,220.5,14.599570032646511,14.599570032646511,6.621120196208567,2025/4/8 2:00
206.0904992552865,206.44,0.349500744713481,0.349500744713481,0.1692989462862389,2025/4/8 2:15
201.26141170702735,196.47,-4.791411707027379,4.791411707027379,2.4387497872575663,2025/4/8 2:30
194.64789972292152,206.21,11.562100277078486,11.562100277078486,5.606954210306425,2025/4/8 2:45
189.3127481751307,194.88,5.567251824869288,5.567251824869288,2.856758941331297,2025/4/8 3:00
186.81602410279316,198.39,11.57397589720685,11.57397589720685,5.833951256213023,2025/4/8 3:15
181.1537391230605,201.11,19.956260876939552,19.956260876939552,9.92305746950904,2025/4/8 3:30
177.27046366720455,201.73,24.45953633279544,24.45953633279544,12.124887886176234,2025/4/8 3:45
168.04532311416256,225.24,57.19467688583745,57.19467688583745,25.392770771537943,2025/4/8 4:00
171.2009489548399,215.05,43.84905104516011,43.84905104516011,20.39016556388734,2025/4/8 4:15
168.61566512130383,201.58,32.96433487869618,32.96433487869618,16.35297890598265,2025/4/8 4:30
167.53261741969746,213.71,46.17738258030255,46.17738258030255,21.607497347003388,2025/4/8 4:45
166.67036695405292,207.0,40.32963304594708,40.32963304594708,19.48291451494087,2025/4/8 5:00
168.765709226045,181.76,12.994290773954988,12.994290773954988,7.149147652920246,2025/4/8 5:15
165.01609082627718,194.58,29.563909173722838,29.563909173722838,15.193703964285971,2025/4/8 5:30
164.5123970255562,171.25,6.737602974443803,6.737602974443803,3.934366700402843,2025/4/8 5:45
165.53676318515488,168.26,2.7232368148451087,2.7232368148451087,1.618469520292102,2025/4/8 6:00
162.48314760868823,152.03,-10.453147608688226,10.453147608688226,6.875713746419359,2025/4/8 6:15
160.66380671910176,146.59,-14.073806719101754,14.073806719101754,9.600795906332053,2025/4/8 6:30
157.38260084498813,173.82,16.43739915501186,16.43739915501186,9.456563775746408,2025/4/8 6:45
155.7327221164331,199.19,43.45727788356689,43.45727788356689,21.81699778279285,2025/4/8 7:00
153.29631093599062,215.69,62.39368906400938,62.39368906400938,28.92748345494944,2025/4/8 7:15
151.76232444267654,219.25,67.48767555732346,67.48767555732346,30.781151907545123,2025/4/8 7:30
153.3370433037778,224.32,70.9829566962222,70.9829566962222,31.64361478967126,2025/4/8 7:45
150.60070210462553,191.89,41.28929789537446,41.28929789537446,21.51717019925632,2025/4/8 8:00
140.87293902633994,174.18,33.30706097366007,33.30706097366007,19.122207471374985,2025/4/8 8:15
139.154788611779,148.35,9.195211388220995,9.195211388220995,6.198322472675969,2025/4/8 8:30
140.59429993484716,129.13,-11.464299934847162,11.464299934847162,8.878107283232623,2025/4/8 8:45
135.0212187930465,123.43,-11.591218793046494,11.591218793046494,9.390925053096574,2025/4/8 9:00
123.08485488328996,117.75,-5.334854883289964,5.334854883289964,4.530662321261515,2025/4/8 9:15
116.82262823892464,110.71,-6.112628238924657,6.112628238924657,5.521297298273992,2025/4/8 9:30
100.85714687425504,118.0,17.14285312574495,17.14285312574495,14.527841631974932,2025/4/8 9:45
92.786992992517,105.43,12.643007007482993,12.643007007482993,11.99184957552025,2025/4/8 10:00
88.1497423158329,89.09,0.9402576841671078,0.9402576841671078,1.0554020475542174,2025/4/8 10:15
87.97601779266667,86.68,-1.2960177926666605,1.2960177926666605,1.495175118441584,2025/4/8 10:30
93.99199576577846,90.29,-3.701995765778449,3.701995765778449,4.100117140075699,2025/4/8 10:45
90.92268897088744,90.64,-0.2826889708874347,0.2826889708874347,0.3118810358419272,2025/4/8 11:00
92.9941615545329,87.36,-5.634161554532895,5.634161554532895,6.449360753807744,2025/4/8 11:15
96.09329089052024,68.58,-27.513290890520253,27.513290890520253,40.11853439848372,2025/4/8 11:30
109.51110591223396,66.55,-42.961105912233975,42.961105912233975,64.55462946982632,2025/4/8 11:45
107.60538460450692,74.16,-33.44538460450691,33.44538460450691,45.09895442888594,2025/4/8 12:00
101.38652566451148,72.47,-28.916525664511468,28.916525664511468,39.90137389881546,2025/4/8 12:15
98.51935362807411,69.97,-28.549353628074115,28.549353628074115,40.80227758758513,2025/4/8 12:30
101.98076925284502,73.16,-28.820769252845025,28.820769252845025,39.394162455994575,2025/4/8 12:45
113.6072561015922,129.2,15.59274389840779,15.59274389840779,12.068687227860469,2025/4/8 13:00
107.22768454955144,112.12,4.892315450448564,4.892315450448564,4.363463655408669,2025/4/8 13:15
106.54284110245956,111.79,5.247158897540444,5.247158897540444,4.6937641090757225,2025/4/8 13:30
111.33282578368984,120.55,9.21717421631017,9.21717421631017,7.645934646455847,2025/4/8 13:45
124.56547583174452,120.62,-3.945475831744517,3.945475831744517,3.2709963784954783,2025/4/8 14:00
134.49993188776915,121.12,-13.379931887769146,13.379931887769146,11.046839405348496,2025/4/8 14:15
150.22343699465776,98.99,-51.233436994657765,51.233436994657765,51.75617435559755,2025/4/8 14:30
150.3055045044388,96.58,-53.7255045044388,53.7255045044388,55.627981470680446,2025/4/8 14:45
151.41449144422037,95.65,-55.76449144422034,55.76449144422034,58.30056606812549,2025/4/8 15:00
158.1187119740883,92.29,-65.8287119740883,65.8287119740883,71.32810919278035,2025/4/8 15:15
157.18900383999997,111.57,-45.619003839999976,45.619003839999976,40.8882350452264,2025/4/8 15:30
155.64651833935127,108.85,-46.79651833935128,46.79651833935128,42.99174858916701,2025/4/8 15:45
166.326500682429,83.87,-82.45650068242901,82.45650068242901,98.31465444417633,2025/4/8 16:00
162.0557444579209,83.19,-78.8657444579209,78.8657444579209,94.80195270804916,2025/4/8 16:15
169.26582970567912,95.52,-73.74582970567913,73.74582970567913,77.20459558794171,2025/4/8 16:30
170.31844412256066,107.81,-62.50844412256066,62.50844412256066,57.980191190522845,2025/4/8 16:45
161.95106562378197,133.82,-28.13106562378198,28.13106562378198,21.02157048554847,2025/4/8 17:00
161.55212205699786,163.04,1.4878779430021325,1.4878779430021325,0.9125846068456944,2025/4/8 17:15
164.01678697639423,157.04,-6.976786976394237,6.976786976394237,4.442681467390344,2025/4/8 17:30
174.4466547619907,159.6,-14.846654761990692,14.846654761990692,9.302415264399368,2025/4/8 17:45
180.10485542920483,174.69,-5.4148554292048345,5.4148554292048345,3.0996939888956065,2025/4/8 18:00
178.40453538252856,213.26,34.855464617471426,34.855464617471426,16.344117329764178,2025/4/8 18:15
190.41335925357905,232.66,42.24664074642095,42.24664074642095,18.158102272158,2025/4/8 18:30
184.72984779106983,232.54,47.81015220893013,47.81015220893013,20.55996912742306,2025/4/8 18:45
200.26547880039251,171.67,-28.59547880039256,28.59547880039256,16.657237024742763,2025/4/8 19:00
205.90999100209208,186.65,-19.25999100209208,19.25999100209208,10.318773641618945,2025/4/8 19:15
206.77173617794253,218.51,11.738263822057462,11.738263822057462,5.371957266052855,2025/4/8 19:30
211.52877667072477,213.96,2.4312233292752694,2.4312233292752694,1.1362980600458652,2025/4/8 19:45
207.4951237814897,210.82,3.3248762185102976,3.3248762185102976,1.5771161267947635,2025/4/8 20:00
209.17737159640765,224.96,15.782628403592357,15.782628403592357,7.015748756928049,2025/4/8 20:15
203.8307769583737,231.65,27.819223041626344,27.819223041626344,12.009161684271245,2025/4/8 20:30
205.3416454414248,220.91,15.568354558575209,15.568354558575209,7.04737429657696,2025/4/8 20:45
201.0306660969981,216.76,15.7293339030019,15.7293339030019,7.256566664972618,2025/4/8 21:00
195.2884079970194,207.53,12.24159200298061,12.24159200298061,5.898709585589897,2025/4/8 21:15
203.0590625500585,107.04,-96.0190625500585,96.0190625500585,89.7039074644701,2025/4/8 21:30
206.8299038809273,150.21,-56.619903880927296,56.619903880927296,37.693831223546766,2025/4/8 21:45
202.9989083791035,150.15,-52.84890837910351,52.84890837910351,35.19740817786767,2025/4/8 22:00
196.4671330036701,149.8,-46.6671330036701,46.6671330036701,31.15295928146792,2025/4/8 22:15
204.233970036984,150.0,-54.233970036983976,54.233970036983976,36.15598002463189,2025/4/8 22:30
212.28157272110408,150.29,-61.99157272110409,61.99157272110409,41.24796907383249,2025/4/8 22:45
210.2686004285464,160.66,-49.60860042854637,49.60860042854637,30.878003503370778,2025/4/8 23:00
214.82059759623613,231.17,16.34940240376386,16.34940240376386,7.072458538632517,2025/4/8 23:15
215.8591634400329,199.87,-15.989163440032854,15.989163440032854,7.999781578038152,2025/4/8 23:30
206.0073321505029,194.25,-11.75733215050289,11.75733215050289,6.052680643756416,2025/4/8 23:45
202.81365577550557,157.58,-45.233655775505525,45.233655775505525,28.705201025178845,2025/4/9 0:00
197.2230020547485,185.31,-11.913002054748516,11.913002054748516,6.428688173731634,2025/4/9 0:15
194.5692358928821,202.66,8.090764107117877,8.090764107117877,3.992284667479466,2025/4/9 0:30
197.5119556060528,198.77,1.2580443939471877,1.2580443939471877,0.6329146218979498,2025/4/9 0:45
205.35013301350045,180.37,-24.98013301350045,24.98013301350045,13.849383496971004,2025/4/9 1:00
195.775374304624,170.36,-25.415374304623956,25.415374304623956,14.918627790918665,2025/4/9 1:15
190.56198448932423,173.37,-17.191984489324255,17.191984489324255,9.916354899529528,2025/4/9 1:30
179.6338451015502,178.23,-1.4038451015502176,1.4038451015502176,0.7876592613754306,2025/4/9 1:45
184.97343219810256,177.97,-7.003432198102559,7.003432198102559,3.9351757027019296,2025/4/9 2:00
186.6250982394216,166.8,-19.82509823942158,19.82509823942158,11.885550503243222,2025/4/9 2:15
184.1562378115281,159.6,-24.556237811528064,24.556237811528064,15.386113916987895,2025/4/9 2:30
172.21239013479325,153.87,-18.34239013479325,18.34239013479325,11.920705878196742,2025/4/9 2:45
167.80853616725767,155.1,-12.708536167257677,12.708536167257677,8.19376928900676,2025/4/9 3:00
161.2826065196299,145.94,-15.342606519629868,15.342606519629868,10.512954994942683,2025/4/9 3:15
162.6105463309137,156.98,-5.630546330913745,5.630546330913745,3.586792158816511,2025/4/9 3:30
162.45108432428017,171.93,9.478915675719833,9.478915675719833,5.513241246852975,2025/4/9 3:45
164.03781309892426,180.63,16.592186901075735,16.592186901075735,9.18573155127418,2025/4/9 4:00
164.7181536861298,200.97,36.2518463138702,36.2518463138702,18.03843673874318,2025/4/9 4:15
166.08433476662964,200.74,34.65566523337037,34.65566523337037,17.26395597955221,2025/4/9 4:30
165.4249742769765,201.72,36.295025723023485,36.295025723023485,17.992774996532567,2025/4/9 4:45
159.7642729939623,208.33,48.56572700603775,48.56572700603775,23.311921953638187,2025/4/9 5:00
161.78150438124416,202.16,40.37849561875584,40.37849561875584,19.973533645991225,2025/4/9 5:15
165.7148381456405,190.28,24.565161854359506,24.565161854359506,12.910007281031424,2025/4/9 5:30
167.15439675427984,190.09,22.93560324572016,22.93560324572016,12.065654819142562,2025/4/9 5:45
164.10122815059788,195.07,30.96877184940212,30.96877184940212,15.875722483921797,2025/4/9 6:00
164.8818819380292,199.5,34.61811806197079,34.61811806197079,17.352440131304984,2025/4/9 6:15
165.89493022269306,175.83,9.93506977730695,9.93506977730695,5.650383766877836,2025/4/9 6:30
171.17412320422463,161.98,-9.194123204224638,9.194123204224638,5.676085445251861,2025/4/9 6:45
166.90013316953352,165.23,-1.6701331695335284,1.6701331695335284,1.0107929368350286,2025/4/9 7:00
167.24997556918944,171.78,4.530024430810556,4.530024430810556,2.6371081795365696,2025/4/9 7:15
153.14990680948733,184.23,31.080093190512656,31.080093190512656,16.870267160883564,2025/4/9 7:30
170.53396280124164,197.63,27.096037198758356,27.096037198758356,13.71048788075932,2025/4/9 7:45
172.37062727467836,207.85,35.47937272532164,35.47937272532164,17.069700613569676,2025/4/9 8:00
166.8898692975583,217.03,50.140130702441695,50.140130702441695,23.10285707156549,2025/4/9 8:15
163.66726189908016,219.0,55.33273810091984,55.33273810091984,25.266090457029488,2025/4/9 8:30
158.2998788114258,200.38,42.0801211885742,42.0801211885742,21.00016028972612,2025/4/9 8:45
151.94848010634894,194.27,42.32151989365107,42.32151989365107,21.784897253116423,2025/4/9 9:00
158.33725991093928,185.18,26.84274008906073,26.84274008906073,14.495485521679573,2025/4/9 9:15
153.3856273586282,176.35,22.9643726413718,22.9643726413718,13.022042892746684,2025/4/9 9:30
157.80579939955018,174.39,16.584200600449805,16.584200600449805,9.509834623797406,2025/4/9 9:45
154.75109502780865,180.7,25.948904972191343,25.948904972191343,14.360213044923622,2025/4/9 10:00
154.92735579027814,193.35,38.42264420972185,38.42264420972185,19.87206837843392,2025/4/9 10:15
160.22412326238896,216.62,56.39587673761105,56.39587673761105,26.034473611663287,2025/4/9 10:30
168.7082277679869,224.38,55.6717722320131,55.6717722320131,24.81137901416717,2025/4/9 10:45
179.61341152607278,210.66,31.046588473927216,31.046588473927216,14.737771040497712,2025/4/9 11:00
177.91945832333516,189.4,11.480541676664842,11.480541676664842,6.061532036250676,2025/4/9 11:15
171.91825405320395,157.85,-14.068254053203958,14.068254053203958,8.9124194191923,2025/4/9 11:30
171.85413340165954,144.69,-27.16413340165954,27.16413340165954,18.774022670288733,2025/4/9 11:45
170.5596768385827,147.71,-22.849676838582692,22.849676838582692,15.469282268341496,2025/4/9 12:00
185.95167404683653,145.42,-40.53167404683654,40.53167404683654,27.87214554174713,2025/4/9 12:15
181.5329688443798,126.12,-55.412968844379805,55.412968844379805,43.93670222354572,2025/4/9 12:30
183.1767135633099,122.75,-60.4267135633099,60.4267135633099,49.22746522465228,2025/4/9 12:45
185.7200554025767,113.72,-72.00005540257669,72.00005540257669,63.31345005497131,2025/4/9 13:00
182.96348071530164,114.16,-68.80348071530165,68.80348071530165,60.26934190192833,2025/4/9 13:15
185.33905744491872,110.18,-75.15905744491872,75.15905744491872,68.21479165442956,2025/4/9 13:30
183.22320795847344,127.84,-55.38320795847344,55.38320795847344,43.322284072614295,2025/4/9 13:45
181.43103704966168,125.27,-56.16103704966169,56.16103704966169,44.83199253581612,2025/4/9 14:00
184.8932412668538,128.65,-56.2432412668538,56.2432412668538,43.71802663568604,2025/4/9 14:15
187.4785359412416,130.67,-56.80853594124159,56.80853594124159,43.47481131185285,2025/4/9 14:30
198.07301647974265,139.33,-58.74301647974264,58.74301647974264,42.161068312424085,2025/4/9 14:45
208.38750906238784,160.9,-47.48750906238786,47.48750906238786,29.5136787211674,2025/4/9 15:00
201.63805969769453,183.98,-17.65805969769454,17.65805969769454,9.597814815569595,2025/4/9 15:15
204.12339446615644,194.75,-9.37339446615644,9.37339446615644,4.813039520488641,2025/4/9 15:30
201.6610949245648,212.03,10.368905075435237,10.368905075435237,4.890300936391241,2025/4/9 15:45
199.7560102458802,227.51,27.7539897541198,27.7539897541198,12.199019715224653,2025/4/9 16:00
191.12948868697,219.95,28.820511313029986,28.820511313029986,13.10321041737526,2025/4/9 16:15
199.08803473069324,200.01,0.921965269306753,0.921965269306753,0.4609595866738124,2025/4/9 16:30
215.73315130969544,94.9,-120.8331513096954,120.8331513096954,127.32681908279038,2025/4/9 16:45
214.4369330197538,69.71,-144.7269330197538,144.7269330197538,207.61287192590189,2025/4/9 17:00
216.63074603201176,91.62,-125.01074603201177,125.01074603201177,136.44482212603722,2025/4/9 17:15
222.99181084277083,137.06,-85.93181084277083,85.93181084277083,62.696491202909776,2025/4/9 17:30
232.8184806724649,150.06,-82.75848067246488,82.75848067246488,55.1502603441355,2025/4/9 17:45
235.74255279246205,153.59,-82.15255279246205,82.15255279246205,53.48821719669807,2025/4/9 18:00
243.36833619944693,291.84,48.471663800553046,48.471663800553046,16.608985677267146,2025/4/9 18:15
242.3429006450648,291.79,49.44709935493526,49.44709935493526,16.94612541722414,2025/4/9 18:30
246.79362397119075,306.59,59.79637602880925,59.79637602880925,19.50369419380598,2025/4/9 18:45
244.54142383839812,318.7,74.15857616160184,74.15857616160184,23.26908571119504,2025/4/9 19:00
244.5232783984411,297.95,53.42672160155888,53.42672160155888,17.93143869828527,2025/4/9 19:15
227.14086048600356,278.64,51.49913951399645,51.49913951399645,18.482321100336627,2025/4/9 19:30
224.88459732040025,271.77,46.88540267959976,46.88540267959976,17.2518683738391,2025/4/9 19:45
218.2959965785052,268.57,50.274003421494825,50.274003421494825,18.71914339705705,2025/4/9 20:00
224.9192659300315,270.62,45.70073406996852,45.70073406996852,16.887419285326892,2025/4/9 20:15
236.69001296014383,281.27,44.57998703985615,44.57998703985615,15.849534980566824,2025/4/9 20:30
232.83360619566756,286.01,53.17639380433246,53.17639380433246,18.59249459959927,2025/4/9 20:45
233.31420441549133,297.6,64.28579558450869,64.28579558450869,21.601409806615283,2025/4/9 21:00
229.13444580652697,297.42,68.28555419347305,68.28555419347305,22.959301389768708,2025/4/9 21:15
219.657753843972,235.17,15.512246156028027,15.512246156028027,6.596184103423665,2025/4/9 21:30
216.24347864654465,199.44,-16.803478646544647,16.803478646544647,8.425330247962407,2025/4/9 21:45
211.49112798993067,200.34,-11.151127989930671,11.151127989930671,5.566101622204805,2025/4/9 22:00
221.85048083978552,199.45,-22.40048083978553,22.40048083978553,11.23112601643234,2025/4/9 22:15
224.02224349223448,199.17,-24.852243492234493,24.852243492234493,12.477905052077128,2025/4/9 22:30
218.9098531639756,208.25,-10.659853163975583,10.659853163975583,5.11877702951763,2025/4/9 22:45
224.6935923411996,235.28,10.586407658800397,10.586407658800397,4.499493224581731,2025/4/9 23:00
224.36841561632176,257.49,33.121584383678254,33.121584383678254,12.863250760676296,2025/4/9 23:15
224.36183332085915,284.22,59.85816667914088,59.85816667914088,21.0605047776792,2025/4/9 23:30
237.67426292005172,293.06,55.38573707994826,55.38573707994826,18.899111813256454,2025/4/9 23:45
239.25618454771936,286.77,47.5138154522806,47.5138154522806,16.56861437816509,2025/4/10 0:00
239.51872138905296,257.73,18.211278610947065,18.211278610947065,7.06602980287122,2025/4/10 0:15
228.0738536008044,265.66,37.58614639919563,37.58614639919563,14.14821440908736,2025/4/10 0:30
227.5606732578154,271.47,43.90932674218462,43.90932674218462,16.17465161607855,2025/4/10 0:45
227.39543541264527,267.12,39.724564587354735,39.724564587354735,14.871430288761555,2025/4/10 1:00
224.6447013506447,265.76,41.11529864935528,41.11529864935528,15.470837842165794,2025/4/10 1:15
219.1823184959902,257.01,37.8276815040098,37.8276815040098,14.71836952025022,2025/4/10 1:30
210.24234907163785,243.35,33.107650928362176,33.107650928362176,13.6049520971229,2025/4/10 1:45
213.47358714695608,223.32,9.846412853043915,9.846412853043915,4.409104806125519,2025/4/10 2:00
205.3890816118765,202.1,-3.289081611876469,3.289081611876469,1.6274525541191698,2025/4/10 2:15
202.4135152151044,180.34,-22.07351521510438,22.07351521510438,12.239944113947066,2025/4/10 2:30
186.74031999365832,143.97,-42.77031999365832,42.77031999365832,29.70780023173481,2025/4/10 2:45
179.37687299157344,115.79,-63.58687299157343,63.58687299157343,54.915686148647126,2025/4/10 3:00
171.76511558242058,94.03,-77.73511558242058,77.73511558242058,82.67054725336371,2025/4/10 3:15
166.1840894501553,86.44,-79.74408945015531,79.74408945015531,92.2536897848948,2025/4/10 3:30
154.66260167774055,77.82,-76.84260167774056,76.84260167774056,98.7440268281185,2025/4/10 3:45
154.4622866935217,82.4,-72.06228669352168,72.06228669352168,87.45423142407066,2025/4/10 4:00
153.4778579786119,88.6,-64.87785797861187,64.87785797861187,73.22557333920841,2025/4/10 4:15
139.21868068354914,92.64,-46.57868068354914,46.57868068354914,50.27923217130705,2025/4/10 4:30
129.4642535737798,91.91,-37.55425357377979,37.55425357377979,40.85981239662597,2025/4/10 4:45
108.29507036587844,98.16,-10.135070365878434,10.135070365878434,10.325051309971586,2025/4/10 5:00
103.86757192361488,99.02,-4.847571923614893,4.847571923614893,4.895548296919812,2025/4/10 5:15
94.49053382029214,93.66,-0.8305338202921462,0.8305338202921462,0.8867540255084982,2025/4/10 5:30
86.0698725492211,84.36,-1.709872549221103,1.709872549221103,2.026875947391034,2025/4/10 5:45
82.43495609394338,78.71,-3.724956093943391,3.724956093943391,4.7325067894024375,2025/4/10 6:00
85.12555173354498,83.22,-1.905551733544982,1.905551733544982,2.2897761758503874,2025/4/10 6:15
73.57105238049967,84.32,10.748947619500328,10.748947619500328,12.747803154041248,2025/4/10 6:30
72.54004563097608,88.86,16.319954369023918,16.319954369023918,18.365917588347457,2025/4/10 6:45
66.57883307279027,85.46,18.88116692720972,18.88116692720972,22.09357234634639,2025/4/10 7:00
70.29638035024904,79.66,9.36361964975096,9.36361964975096,11.754481106878238,2025/4/10 7:15
65.18168135356741,76.86,11.678318646432588,11.678318646432588,15.194273544649224,2025/4/10 7:30
60.4118631831961,75.11,14.698136816803904,14.698136816803904,19.56881482729907,2025/4/10 7:45
54.34376345247385,81.27,26.926236547526145,26.926236547526145,33.13182791619664,2025/4/10 8:00
47.693514534940505,90.54,42.8464854650595,42.8464854650595,47.32326647339538,2025/4/10 8:15
39.12056150046921,98.64,59.51943849953079,59.51943849953079,60.34006336118254,2025/4/10 8:30
31.781909535790504,110.36,78.5780904642095,78.5780904642095,71.20160426253923,2025/4/10 8:45
27.46768217722612,110.67,83.20231782277388,83.20231782277388,75.18055283518451,2025/4/10 9:00
25.464471459838062,98.74,73.27552854016193,73.27552854016193,74.21058187167078,2025/4/10 9:15
34.8728862381906,88.71,53.83711376180939,53.83711376180939,60.68888937182809,2025/4/10 9:30
37.0833535309588,81.18,44.0966464690412,44.0966464690412,54.3195940736473,2025/4/10 9:45
37.76714229501215,94.46,56.69285770498784,56.69285770498784,60.0178463952232,2025/4/10 10:00
49.63937834908694,93.14,43.50062165091306,43.50062165091306,46.704554059336864,2025/4/10 10:15
55.69010607636569,89.16,33.46989392363431,33.46989392363431,37.53913629833644,2025/4/10 10:30
62.97110305671893,90.76,27.788896943281078,27.788896943281078,30.618000157834345,2025/4/10 10:45
64.21034563388844,85.86,21.64965436611156,21.64965436611156,25.21506448414436,2025/4/10 11:00
58.96345751689197,70.47,11.506542483108037,11.506542483108037,16.32828506185853,2025/4/10 11:15
60.14966978775056,68.88,8.730330212249434,8.730330212249434,12.674695430076596,2025/4/10 11:30
57.69160559267197,54.42,-3.271605592671968,3.271605592671968,6.011770659070113,2025/4/10 11:45
59.4795825121053,47.22,-12.259582512105304,12.259582512105304,25.96269062278556,2025/4/10 12:00
65.00340188214484,50.39,-14.613401882144842,14.613401882144842,29.00059909131939,2025/4/10 12:15
74.12691531856211,68.84,-5.286915318562109,5.286915318562109,7.680004820677554,2025/4/10 12:30
84.5898456940055,82.18,-2.4098456940054973,2.4098456940054973,2.9323992382606043,2025/4/10 12:45
83.16448967964,96.28,13.115510320360002,13.115510320360002,13.622258330230972,2025/4/10 13:00
89.35875888604268,107.31,17.951241113957323,17.951241113957323,16.728395409505726,2025/4/10 13:15
91.21119517695084,101.26,10.048804823049151,10.048804823049151,9.923765379260546,2025/4/10 13:30
93.59861275935876,113.8,20.20138724064124,20.20138724064124,17.751658383676176,2025/4/10 13:45
103.702214705191,111.22,7.517785294808988,7.517785294808988,6.759382570403011,2025/4/10 14:00
104.79700364415362,103.07,-1.7270036441536265,1.7270036441536265,1.6755638344348025,2025/4/10 14:15
116.60240552380128,103.11,-13.49240552380128,13.49240552380128,13.085448088243812,2025/4/10 14:30
135.77158767584837,108.95,-26.821587675848363,26.821587675848363,24.61825394752065,2025/4/10 14:45
136.5741290516974,109.37,-27.204129051697407,27.204129051697407,24.873483635066776,2025/4/10 15:00
142.87905811525638,129.31,-13.569058115256382,13.569058115256382,10.493432924944624,2025/4/10 15:15
144.56649433207826,154.07,9.50350566792173,9.50350566792173,6.168303802113041,2025/4/10 15:30
151.84932424141377,150.76,-1.0893242414137774,1.0893242414137774,0.7225552145217929,2025/4/10 15:45
161.5199420302517,152.11,-9.4099420302517,9.4099420302517,6.186274426563351,2025/4/10 16:00
173.89895844780642,138.92,-34.978958447806434,34.978958447806434,25.17920993937609,2025/4/10 16:15
189.42867024634876,128.9,-60.528670246348725,60.528670246348725,46.95785123840324,2025/4/10 16:30
205.4156236797526,158.0,-47.4156236797526,47.4156236797526,30.00988840488772,2025/4/10 16:45
210.06006651211655,175.07,-34.990066512116584,34.990066512116584,19.98632918952225,2025/4/10 17:00
203.15603741616465,161.01,-42.14603741616466,42.14603741616466,26.17603715057356,2025/4/10 17:15
204.93476684782672,161.93,-43.00476684782672,43.00476684782672,26.557627893410828,2025/4/10 17:30
208.8588425836422,186.5,-22.3588425836422,22.3588425836422,11.988655540820488,2025/4/10 17:45
213.686262811612,158.04,-55.64626281161199,55.64626281161199,35.21023969348063,2025/4/10 18:00
224.17672415105528,252.05,27.87327584894473,27.87327584894473,11.058629577041726,2025/4/10 18:15
223.9451743636432,301.7,77.75482563635683,77.75482563635683,25.77223256093174,2025/4/10 18:30
208.47801693045457,300.08,91.6019830695454,91.6019830695454,30.5258541287373,2025/4/10 18:45
202.9124667640636,293.97,91.0575332359364,91.0575332359364,30.97511080583237,2025/4/10 19:00
202.0312242239256,290.89,88.8587757760744,88.8587757760744,30.54720883359478,2025/4/10 19:15
192.582361947427,286.98,94.39763805257304,94.39763805257304,32.89345531135972,2025/4/10 19:30
186.13898748278464,289.24,103.10101251721537,103.10101251721537,35.645489046183,2025/4/10 19:45
187.59717755123563,273.32,85.72282244876436,85.72282244876436,31.36353814164093,2025/4/10 20:00
184.3892163020479,261.46,77.07078369795207,77.07078369795207,29.477083950861548,2025/4/10 20:15
192.7887132398088,263.12,70.3312867601912,70.3312867601912,26.729738051141865,2025/4/10 20:30
209.0478760613444,250.62,41.57212393865564,41.57212393865564,16.58771204957268,2025/4/10 20:45
209.55064807165243,257.03,47.47935192834754,47.47935192834754,18.472299703664586,2025/4/10 21:00
208.11420085985384,236.54,28.425799140146157,28.425799140146157,12.017332857078776,2025/4/10 21:15
192.6926509417385,142.34,-50.35265094173846,50.35265094173846,35.37491284368631,2025/4/10 21:30
209.75044536973076,174.51,-35.240445369730736,35.240445369730736,20.193940387204485,2025/4/10 21:45
215.8495824060316,185.66,-30.189582406031604,30.189582406031604,16.260682110317433,2025/4/10 22:00
216.83455761620155,238.59,21.755442383798453,21.755442383798453,9.118337895045617,2025/4/10 22:15
222.4413286659733,242.94,20.49867133402671,20.49867133402671,8.437750610857938,2025/4/10 22:30
225.55630037385848,260.12,34.56369962614153,34.56369962614153,13.287597887947197,2025/4/10 22:45
229.34335173211107,251.39,22.046648267888912,22.046648267888912,8.769898670543833,2025/4/10 23:00
218.0661331855274,256.04,37.973866814472615,37.973866814472615,14.831224345593572,2025/4/10 23:15
218.35577463016324,214.45,-3.9057746301632505,3.9057746301632505,1.8212984985597716,2025/4/10 23:30
216.5142820713531,193.26,-23.25428207135312,23.25428207135312,12.032641038673852,2025/4/10 23:45
221.8706646863919,193.66,-28.210664686391908,28.210664686391908,14.567109721355646,2025/4/11 0:00
218.62887813310616,193.62,-25.00887813310618,25.00887813310618,12.916474606493782,2025/4/11 0:15
225.21820308656524,193.56,-31.65820308656524,31.65820308656524,16.35575691596863,2025/4/11 0:30
223.36331595082223,192.98,-30.383315950822265,30.383315950822265,15.74428228355608,2025/4/11 0:45
226.37990106288532,228.24,1.8600989371146568,1.8600989371146568,0.8149749987354722,2025/4/11 1:00
232.74740554040437,228.11,-4.63740554040433,4.63740554040433,2.0329689800544903,2025/4/11 1:15
237.87397580152515,233.29,-4.583975801525156,4.583975801525156,1.96492597261914,2025/4/11 1:30
237.29814844278692,250.16,12.861851557213043,12.861851557213043,5.141450094822475,2025/4/11 1:45
237.01200492330076,255.03,18.017995076699265,18.017995076699265,7.06504923996871,2025/4/11 2:00
234.80837411866963,264.92,30.111625881330383,30.111625881330383,11.366309029638764,2025/4/11 2:15
237.7709665374468,270.27,32.49903346255317,32.49903346255317,12.024654405794632,2025/4/11 2:30
239.34005341338232,260.54,21.1999465866177,21.1999465866177,8.13692584117969,2025/4/11 2:45
237.26277931073224,253.15,15.887220689267764,15.887220689267764,6.2758130315076,2025/4/11 3:00
239.98269717199707,225.77,-14.212697171997064,14.212697171997064,6.295210688749952,2025/4/11 3:15
252.4226641096754,231.75,-20.672664109675395,20.672664109675395,8.920243413016818,2025/4/11 3:30
250.71594738964765,250.82,0.1040526103523404,0.1040526103523404,0.0414849734280755,2025/4/11 3:45
252.4808113241276,284.75,32.26918867587244,32.26918867587244,11.332463099512244,2025/4/11 4:00
254.58090484978155,293.27,38.68909515021844,38.68909515021844,13.192312595971371,2025/4/11 4:15
256.53383071610614,312.09,55.55616928389384,55.55616928389384,17.80132951516423,2025/4/11 4:30
256.6434256374152,315.79,59.14657436258483,59.14657436258483,18.729717331950376,2025/4/11 4:45
255.8715625608449,315.15,59.27843743915511,59.27843743915511,18.80959461816161,2025/4/11 5:00
255.0076277067323,275.15,20.14237229326767,20.14237229326767,7.320506012451518,2025/4/11 5:15
256.76062197931066,259.0,2.239378020689344,2.239378020689344,0.8646247184125403,2025/4/11 5:30
256.23535913998666,258.14,1.9046408600133304,1.9046408600133304,0.737832517243586,2025/4/11 5:45
258.4329533287785,257.31,-1.1229533287785216,1.1229533287785216,0.4364203990432105,2025/4/11 6:00
258.5041138515573,266.42,7.915886148442723,7.915886148442723,2.9712056709104995,2025/4/11 6:15
257.9482996246176,281.7,23.75170037538237,23.75170037538237,8.431558528709244,2025/4/11 6:30
255.19320014179416,296.02,40.82679985820582,40.82679985820582,13.79190590439566,2025/4/11 6:45
256.39170979803305,300.23,43.83829020196697,43.83829020196697,14.601568864521322,2025/4/11 7:00
256.7869464197885,257.51,0.7230535802115128,0.7230535802115128,0.280786602544069,2025/4/11 7:15
257.25846365218024,259.31,2.051536347819763,2.051536347819763,0.7911520372600253,2025/4/11 7:30
256.3323853433556,268.57,12.237614656644382,12.237614656644382,4.556582885891881,2025/4/11 7:45
255.09762412247488,272.51,17.412375877525108,17.412375877525108,6.389628225576573,2025/4/11 8:00
254.4353301442784,281.8,27.364669855721644,27.364669855721644,9.710670637229216,2025/4/11 8:15
253.28117481698573,291.62,38.33882518301428,38.33882518301428,13.14684355771248,2025/4/11 8:30
256.06165782975165,275.32,19.25834217024834,19.25834217024834,6.994894003429226,2025/4/11 8:45
256.63519795645743,271.31,14.67480204354257,14.67480204354257,5.408868837690156,2025/4/11 9:00
256.3952197304385,268.09,11.694780269561477,11.694780269561477,4.36225904343956,2025/4/11 9:15
251.47985932444664,241.97,-9.509859324446666,9.509859324446666,3.9301811482591793,2025/4/11 9:30
245.13320240777676,198.81,-46.32320240777673,46.32320240777673,23.300237617702045,2025/4/11 9:45
247.8601944989926,212.75,-35.1101944989926,35.1101944989926,16.503029141704392,2025/4/11 10:00
249.64213272312296,260.54,10.897867276877063,10.897867276877063,4.182800060210671,2025/4/11 10:15
257.88032549013724,267.92,10.039674509862778,10.039674509862778,3.747265791974855,2025/4/11 10:30
274.4571191640397,274.77,0.3128808359602999,0.3128808359602999,0.1138700862394679,2025/4/11 10:45
275.57696572485384,278.74,3.163034275146174,3.163034275146174,1.1347615251291667,2025/4/11 11:00
285.0711427537519,279.37,-5.701142753751867,5.701142753751867,2.0407140185953487,2025/4/11 11:15
276.688483006216,289.1,12.411516993784062,12.411516993784062,4.293157036935236,2025/4/11 11:30
284.7391797377241,289.01,4.27082026227589,4.27082026227589,1.477741345377119,2025/4/11 11:45
289.8223622370238,303.7,13.877637762976178,13.877637762976178,4.56952181856161,2025/4/11 12:00
286.39339637315453,307.17,20.776603626845485,20.776603626845485,6.763877861392298,2025/4/11 12:15
280.67771957378807,316.18,35.50228042621194,35.50228042621194,11.22850288639405,2025/4/11 12:30
277.7023575878807,321.88,44.17764241211927,44.17764241211927,13.724879586213977,2025/4/11 12:45
281.9022013860543,329.83,47.9277986139457,47.9277986139457,14.53106103566418,2025/4/11 13:00
281.9996012705737,335.2,53.2003987294263,53.2003987294263,15.871240671065165,2025/4/11 13:15
272.73829835614185,331.06,58.32170164385815,58.32170164385815,17.616656087670073,2025/4/11 13:30
271.5384846393618,335.14,63.60151536063819,63.60151536063819,18.97759603766164,2025/4/11 13:45
268.2232450562828,335.53,67.30675494371718,67.30675494371718,20.059832188983737,2025/4/11 14:00
269.1627013390324,335.26,66.09729866096762,66.09729866096762,19.7152355368812,2025/4/11 14:15
273.41695178396293,335.6,62.18304821603709,62.18304821603709,18.52891782360505,2025/4/11 14:30
272.47870239550883,334.26,61.78129760449116,61.78129760449116,18.483006523207287,2025/4/11 14:45
285.2045095839133,343.51,58.30549041608669,58.30549041608669,16.973447764568633,2025/4/11 15:00
285.3559354142834,339.78,54.424064585716565,54.424064585716565,16.01744204653027,2025/4/11 15:15
281.41313600242586,341.18,59.76686399757415,59.76686399757415,17.517692712807502,2025/4/11 15:30
274.211417467744,326.36,52.148582532256,52.148582532256,15.978852350851827,2025/4/11 15:45
275.5770785593335,321.25,45.67292144066653,45.67292144066653,14.217251810319787,2025/4/11 16:00
287.7530152259509,315.37,27.616984774049115,27.616984774049115,8.757010741047138,2025/4/11 16:15
290.6817185242045,317.71,27.02828147579549,27.02828147579549,8.50721773812187,2025/4/11 16:30
287.97739239376887,259.25,-28.727392393768863,28.727392393768863,11.080961386213223,2025/4/11 16:45
288.1111715848294,163.87,-124.24117158482936,124.24117158482936,75.81691071260973,2025/4/11 17:00
286.8846997277112,211.88,-75.00469972771117,75.00469972771117,35.39961285995648,2025/4/11 17:15
290.0520340644629,233.95,-56.102034064462885,56.102034064462885,23.980352239555,2025/4/11 17:30
283.8142059161024,296.06,12.245794083897636,12.245794083897636,4.13625416601145,2025/4/11 17:45
281.7299546263605,277.35,-4.3799546263604725,4.3799546263604725,1.5792156576019083,2025/4/11 18:00
282.1625763731691,265.75,-16.412576373169088,16.412576373169088,6.175945954153495,2025/4/11 18:15
279.7954271136175,267.1,-12.695427113617484,12.695427113617484,4.753061442760289,2025/4/11 18:30
273.74199362599336,245.12,-28.621993625993355,28.621993625993355,11.676727164646572,2025/4/11 18:45
275.1769056915596,233.27,-41.906905691559615,41.906905691559615,17.964978647722234,2025/4/11 19:00
267.6991287547608,227.24,-40.4591287547608,40.4591287547608,17.804580511680598,2025/4/11 19:15
271.5155620765369,215.46,-56.05556207653692,56.05556207653692,26.01669083658725,2025/4/11 19:30
267.77983159701824,239.11,-28.66983159701823,28.66983159701823,11.990226923594262,2025/4/11 19:45
275.3007221721939,255.26,-20.04072217219391,20.04072217219391,7.851101689330902,2025/4/11 20:00
277.0253912184849,259.92,-17.105391218484897,17.105391218484897,6.5810215522000295,2025/4/11 20:15
275.0924477418268,266.89,-8.202447741826802,8.202447741826802,3.0733439776026565,2025/4/11 20:30
271.2225464566557,286.39,15.167453543344266,15.167453543344266,5.29608350268479,2025/4/11 20:45
271.09144067682496,270.2,-0.8914406768249705,0.8914406768249705,0.3299188293207404,2025/4/11 21:00
275.2970462128229,244.2,-31.09704621282293,31.09704621282293,12.734253158398936,2025/4/11 21:15
280.6648163290777,229.54,-51.12481632907773,51.12481632907773,22.272726465563935,2025/4/11 21:30
279.6479520992132,230.06,-49.58795209921317,49.58795209921317,21.55435629800557,2025/4/11 21:45
276.82590008452945,210.86,-65.96590008452944,65.96590008452944,31.284217056102698,2025/4/11 22:00
279.7187245968893,195.58,-84.13872459688926,84.13872459688926,43.020106655509885,2025/4/11 22:15
281.0158599985794,175.32,-105.6958599985794,105.6958599985794,60.28739447782291,2025/4/11 22:30
280.1553461734885,157.66,-122.49534617348851,122.49534617348851,77.69589380528404,2025/4/11 22:45
275.262164548343,165.94,-109.32216454834298,109.32216454834298,65.88053787409733,2025/4/11 23:00
277.9313230055634,177.42,-100.5113230055634,100.5113230055634,56.651630597174375,2025/4/11 23:15
284.7212725951813,173.26,-111.4612725951813,111.4612725951813,64.33179764233925,2025/4/11 23:30
274.7602191861304,162.39,-112.37021918613044,112.37021918613044,69.1977456654112,2025/4/11 23:45
263.8670462456445,162.59,-101.27704624564448,101.27704624564448,62.28983716439029,2025/4/12 0:00
253.37329348520072,177.76,-75.61329348520073,75.61329348520073,42.53673125852734,2025/4/12 0:15
249.73952394678747,208.82,-40.91952394678748,40.91952394678748,19.595596181767977,2025/4/12 0:30
248.04237747149256,229.33,-18.712377471492545,18.712377471492545,8.159585519332136,2025/4/12 0:45
251.9435763886508,226.78,-25.163576388650768,25.163576388650768,11.096029803615696,2025/4/12 1:00
253.90888663437804,217.85,-36.05888663437804,36.05888663437804,16.552162788322924,2025/4/12 1:15
262.6500248841988,202.81,-59.84002488419878,59.84002488419878,29.505460718982928,2025/4/12 1:30
256.67316067290454,218.75,-37.923160672904544,37.923160672904544,17.336302021891296,2025/4/12 1:45
259.8896707850906,231.73,-28.159670785090583,28.159670785090583,12.151931465532488,2025/4/12 2:00
260.3965760348417,234.76,-25.63657603484171,25.63657603484171,10.920333972921618,2025/4/12 2:15
265.5319993049385,246.63,-18.90199930493856,18.90199930493856,7.664111951072819,2025/4/12 2:30
263.7941727161976,265.71,1.9158272838024004,1.9158272838024004,0.7210218974828496,2025/4/12 2:45
259.248502248987,278.59,19.34149775101298,19.34149775101298,6.942638914177121,2025/4/12 3:00
255.7219820545092,259.34,3.618017945490777,3.618017945490777,1.3950867376761713,2025/4/12 3:15
254.57364092118416,217.77,-36.80364092118416,36.80364092118416,16.90023461503754,2025/4/12 3:30
241.11391388716828,184.02,-57.09391388716827,57.09391388716827,31.025928642070017,2025/4/12 3:45
238.48925680228928,196.94,-41.54925680228928,41.54925680228928,21.097418910464192,2025/4/12 4:00
231.77648573965337,214.84,-16.936485739653364,16.936485739653364,7.883301870994917,2025/4/12 4:15
230.92055197488543,204.33,-26.59055197488541,26.59055197488541,13.013532998028875,2025/4/12 4:30
224.00677592355197,189.8,-34.20677592355193,34.20677592355193,18.02253736750996,2025/4/12 4:45
222.74150763926656,175.96,-46.78150763926655,46.78150763926655,26.586444441486684,2025/4/12 5:00
222.9237500793377,163.27,-59.653750079337726,59.653750079337726,36.53687148851669,2025/4/12 5:15
210.9297448299893,165.62,-45.30974482998931,45.30974482998931,27.357652958556912,2025/4/12 5:30
202.2384145874869,167.02,-35.21841458748685,35.21841458748685,21.08634569959631,2025/4/12 5:45
196.2588656636304,151.76,-44.49886566363037,44.49886566363037,29.32186720058056,2025/4/12 6:00
176.75105577806005,145.93,-30.82105577806004,30.82105577806004,21.120438414334902,2025/4/12 6:15
165.00219665232987,147.08,-17.92219665232986,17.92219665232986,12.185339034755014,2025/4/12 6:30
160.37812307013587,133.14,-27.238123070135885,27.238123070135885,20.458256774910197,2025/4/12 6:45
154.0606176211076,122.42,-31.64061762110761,31.64061762110761,25.845954599805392,2025/4/12 7:00
136.65230966774368,105.99,-30.662309667743685,30.662309667743685,28.92943642580881,2025/4/12 7:15
132.1872996532354,95.56,-36.62729965323538,36.62729965323538,38.32911223649754,2025/4/12 7:30
132.18723482531144,103.54,-28.64723482531143,28.64723482531143,27.66779488630844,2025/4/12 7:45
136.20199548070303,94.11,-42.09199548070304,42.09199548070304,44.72637921651079,2025/4/12 8:00
123.02475949370648,84.21,-38.81475949370648,38.81475949370648,46.09281497881532,2025/4/12 8:15
115.2007026881828,85.46,-29.740702688182807,29.740702688182807,34.80072863111164,2025/4/12 8:30
97.7710430105195,79.04,-18.7310430105195,18.7310430105195,23.69818194647748,2025/4/12 8:45
90.99242142897371,49.37,-41.62242142897372,41.62242142897372,84.30711247496335,2025/4/12 9:00
77.82360208777418,25.67,-52.153602087774175,52.153602087774175,203.16946664421891,2025/4/12 9:15
90.38675152902816,16.25,-74.13675152902817,74.13675152902817,456.22616325275055,2025/4/12 9:30
89.32438173582563,4.75,-84.57438173582563,84.57438173582563,1780.5132996641078,2025/4/12 9:45
89.32416426313759,0.83,-88.49416426313759,88.49416426313759,10661.94750029827,2025/4/12 10:00
90.61135774324777,3.99,-86.62135774324777,86.62135774324777,2170.961346894156,2025/4/12 10:15
73.45166147850306,8.3,-65.15166147850306,65.15166147850306,784.959776839977,2025/4/12 10:30
72.60324162679925,7.64,-64.96324162679925,64.96324162679925,850.3042097637297,2025/4/12 10:45
69.85291738761661,10.73,-59.12291738761661,59.12291738761661,551.0057538403132,2025/4/12 11:00
79.94356921148452,5.57,-74.37356921148452,74.37356921148452,1335.2525890511538,2025/4/12 11:15
92.34456654806893,5.81,-86.53456654806892,86.53456654806892,1489.4073415934513,2025/4/12 11:30
98.47552113827824,9.24,-89.23552113827824,89.23552113827824,965.7523932609575,2025/4/12 11:45
104.67703187622052,18.87,-85.80703187622052,85.80703187622052,454.7272489441749,2025/4/12 12:00
115.52241578013296,44.09,-71.43241578013294,71.43241578013294,162.0150051711747,2025/4/12 12:15
136.88113922200668,55.39,-81.49113922200668,81.49113922200668,147.12247557656536,2025/4/12 12:30
143.6779143656921,31.72,-111.95791436569208,111.95791436569208,352.9568548718132,2025/4/12 12:45
146.79764691201834,29.55,-117.24764691201834,117.24764691201834,396.7771469090408,2025/4/12 13:00
149.23325133585968,37.74,-111.49325133585968,111.49325133585968,295.4246193311188,2025/4/12 13:15
148.6667299829233,50.83,-97.8367299829233,97.8367299829233,192.4783198558545,2025/4/12 13:30
165.59102150375858,98.38,-67.21102150375859,67.21102150375859,68.31776936744285,2025/4/12 13:45
159.66711210261917,174.05,14.38288789738084,14.38288789738084,8.263652914319206,2025/4/12 14:00
161.36711503736288,223.08,61.71288496263713,61.71288496263713,27.66401513475411,2025/4/12 14:15
163.3244943652608,286.25,122.9255056347392,122.9255056347392,42.943408081989965,2025/4/12 14:30
173.20767656281333,247.76,74.55232343718666,74.55232343718666,30.090540618807143,2025/4/12 14:45
174.50232209598275,210.08,35.577677904017264,35.577677904017264,16.935299840061084,2025/4/12 15:00
192.46664148457344,177.92,-14.546641484573428,14.546641484573428,8.175945079004752,2025/4/12 15:15
194.6566434498144,102.38,-92.2766434498144,92.2766434498144,90.13151343008818,2025/4/12 15:30
210.1282037440473,139.65,-70.4782037440473,70.4782037440473,50.46774346150866,2025/4/12 15:45
220.7747760340829,144.45,-76.32477603408287,76.32477603408287,52.83819732366219,2025/4/12 16:00
220.0267577261041,227.88,7.853242273895859,7.853242273895859,3.4462183052011643,2025/4/12 16:15
223.7659158608732,365.93,142.1640841391268,142.1640841391268,38.85007628209984,2025/4/12 16:30
229.70575145192063,372.38,142.67424854807933,142.67424854807933,38.31415450562356,2025/4/12 16:45
231.73306059693957,369.4,137.66693940306044,137.66693940306044,37.267715052253166,2025/4/12 17:00
232.49458945853425,373.74,141.2454105414658,141.2454105414658,37.79242536025793,2025/4/12 17:15
232.2477691992796,378.45,146.2022308007204,146.2022308007204,38.63184854027792,2025/4/12 17:30
228.6010422967392,376.28,147.6789577032608,147.6789577032608,39.24709198023322,2025/4/12 17:45
228.77173715193493,379.13,150.35826284806507,150.35826284806507,39.65876159840303,2025/4/12 18:00
231.860576247003,389.08,157.219423752997,157.219423752997,40.40799417933499,2025/4/12 18:15
229.16202884464576,396.66,167.49797115535426,167.49797115535426,42.227088981826256,2025/4/12 18:30
228.76223495898023,378.15,149.38776504101972,149.38776504101972,39.5048962160466,2025/4/12 18:45
229.1366751797117,322.34,93.20332482028826,93.20332482028826,28.914600986616417,2025/4/12 19:00
231.96167460628507,321.8,89.83832539371494,89.83832539371494,27.91744107945526,2025/4/12 19:15
229.52491682844584,322.09,92.56508317155414,92.56508317155414,28.738887631260024,2025/4/12 19:30
223.5112311675506,322.98,99.46876883244944,99.46876883244944,30.797191415077908,2025/4/12 19:45
228.9202079507425,323.05,94.12979204925747,94.12979204925747,29.13783997809266,2025/4/12 20:00
225.84312114642947,322.86,97.01687885357056,97.01687885357056,30.049209828885736,2025/4/12 20:15
225.0340656637205,322.57,97.5359343362795,97.5359343362795,30.23713746977377,2025/4/12 20:30
226.29319284376436,322.76,96.46680715623566,96.46680715623566,29.88809243902769,2025/4/12 20:45
222.961879894846,322.96,99.99812010515396,99.99812010515396,30.963004739015048,2025/4/12 21:00
221.84135825026328,312.83,90.9886417497367,90.9886417497367,29.085650912542796,2025/4/12 21:15
221.06191149967253,190.82,-30.24191149967254,30.24191149967254,15.848397180409126,2025/4/12 21:30
216.0032000166392,179.1,-36.9032000166392,36.9032000166392,20.604801795990284,2025/4/12 21:45
215.8031689966956,179.47,-36.333168996695576,36.333168996695576,20.244703291176982,2025/4/12 22:00
217.27654866216335,178.99,-38.28654866216337,38.28654866216337,21.390328321214582,2025/4/12 22:15
217.87984225602992,179.17,-38.70984225602993,38.70984225602993,21.605091397001917,2025/4/12 22:30
214.2964108460974,178.92,-35.3764108460974,35.3764108460974,19.772194749652154,2025/4/12 22:45
206.58148143139957,178.74,-27.84148143139953,27.84148143139953,15.576525361633632,2025/4/12 23:00
204.96301867517488,179.39,-25.573018675174893,25.573018675174893,14.255543048754468,2025/4/12 23:15
200.19411060075237,182.23,-17.96411060075235,17.96411060075235,9.857932613039836,2025/4/12 23:30
202.7037783298387,187.63,-15.073778329838715,15.073778329838715,8.033778356249366,2025/4/12 23:45
213.56547595080383,168.69,-44.87547595080386,44.87547595080386,26.602333244873595,2025/4/13 0:00
204.791035057672,148.39,-56.40103505767203,56.40103505767203,38.00864954352317,2025/4/13 0:15
197.69372252824144,136.44,-61.25372252824144,61.25372252824144,44.89425573746449,2025/4/13 0:30
187.5585576845836,142.62,-44.9385576845836,44.9385576845836,31.50929581023145,2025/4/13 0:45
169.27678168081843,143.51,-25.76678168081844,25.76678168081844,17.95469422395686,2025/4/13 1:00
168.45367468149783,136.14,-32.313674681497844,32.313674681497844,23.73562118515801,2025/4/13 1:15
155.15075497049833,110.5,-44.650754970498326,44.650754970498326,40.40792305018816,2025/4/13 1:30
150.38664153664334,105.44,-44.94664153664334,44.94664153664334,42.62769493228444,2025/4/13 1:45
143.5885850231619,84.86,-58.7285850231619,58.7285850231619,69.20644004606727,2025/4/13 2:00
141.88738249323544,95.23,-46.65738249323543,46.65738249323543,48.994416143217926,2025/4/13 2:15
139.87045779489134,98.16,-41.71045779489134,41.71045779489134,42.492316416920175,2025/4/13 2:30
136.8529354672005,96.31,-40.54293546720049,40.54293546720049,42.096288513299136,2025/4/13 2:45
139.2897155922198,89.25,-50.03971559221981,50.03971559221981,56.06690822651399,2025/4/13 3:00
132.8815244737782,87.4,-45.481524473778194,45.481524473778194,52.0383575214258,2025/4/13 3:15
133.3108338300627,90.25,-43.06083383006271,43.06083383006271,47.71283526871467,2025/4/13 3:30
129.62837941731507,94.28,-35.34837941731507,35.34837941731507,37.4929777442486,2025/4/13 3:45
121.6643306537288,89.9,-31.764330653728805,31.764330653728805,35.33295957029307,2025/4/13 4:00
115.74033378488916,91.31,-24.43033378488916,24.43033378488916,26.75537595538539,2025/4/13 4:15
111.66020097171422,83.07,-28.590200971714225,28.590200971714225,34.41699888248442,2025/4/13 4:30
106.6175174350068,79.87,-26.747517435006785,26.747517435006785,33.48881611991148,2025/4/13 4:45
108.60781819355714,58.99,-49.617818193557135,49.617818193557135,84.1122532522004,2025/4/13 5:00
101.22952774432224,49.89,-51.339527744322254,51.339527744322254,102.90544747287902,2025/4/13 5:15
99.4665974693572,47.87,-51.596597469357214,51.596597469357214,107.78482863849892,2025/4/13 5:30
94.78692989354184,34.31,-60.47692989354184,60.47692989354184,176.26619030418408,2025/4/13 5:45
90.62782809333804,28.7,-61.92782809333805,61.92782809333805,215.77640450565252,2025/4/13 6:00
76.96925434800683,23.31,-53.659254348006826,53.659254348006826,230.19843135039312,2025/4/13 6:15
66.72342508761538,19.49,-47.23342508761539,47.23342508761539,242.34697325486428,2025/4/13 6:30
60.408979000489246,14.36,-46.04897900048925,46.04897900048925,320.67534122680064,2025/4/13 6:45
54.1486196417489,13.73,-40.4186196417489,40.4186196417489,294.381789085612,2025/4/13 7:00
49.34343254536427,6.15,-43.193432545364274,43.193432545364274,702.3322364985681,2025/4/13 7:15
40.27803543224267,4.43,-35.84803543224267,35.84803543224267,809.210732086534,2025/4/13 7:30
38.90213009719268,8.83,-30.072130097192684,30.072130097192684,340.56772476616214,2025/4/13 7:45
36.14345017213319,11.64,-24.503450172133185,24.503450172133185,210.51074030861403,2025/4/13 8:00
32.875847473767514,4.82,-28.055847473767518,28.055847473767518,582.0715243399469,2025/4/13 8:15
31.64382952194605,1.25,-30.39382952194605,30.39382952194605,2431.506361561163,2025/4/13 8:30
33.563631589723386,0.0,-33.563631589723386,33.563631589723386,33563631589723.383,2025/4/13 8:45
30.65333028937243,0.0,-30.65333028937243,30.65333028937243,30653330289372.43,2025/4/13 9:00
28.31560225498153,0.0,-28.31560225498153,28.31560225498153,28315602254981.53,2025/4/13 9:15
25.59053861650924,0.0,-25.59053861650924,25.59053861650924,25590538616509.24,2025/4/13 9:30
23.989281155047998,0.0,-23.989281155047998,23.989281155047998,23989281155047.992,2025/4/13 9:45
23.75174400428476,0.0,-23.75174400428476,23.75174400428476,23751744004284.76,2025/4/13 10:00
23.39027702928115,0.0,-23.39027702928115,23.39027702928115,23390277029281.15,2025/4/13 10:15
22.030661488890352,0.0,-22.030661488890352,22.030661488890352,22030661488890.35,2025/4/13 10:30
15.243496294517064,0.0,-15.243496294517064,15.243496294517064,15243496294517.062,2025/4/13 10:45
11.9255578345676,0.0,-11.9255578345676,11.9255578345676,11925557834567.598,2025/4/13 11:00
9.85567298258032,0.0,-9.85567298258032,9.85567298258032,9855672982580.318,2025/4/13 11:15
9.299901859921537,0.0,-9.299901859921537,9.299901859921537,9299901859921.535,2025/4/13 11:30
6.053414648004144,0.0,-6.053414648004144,6.053414648004144,6053414648004.144,2025/4/13 11:45
4.243410304344945,0.0,-4.243410304344945,4.243410304344945,4243410304344.945,2025/4/13 12:00
3.668575363738269,0.87,-2.7985753637382684,2.7985753637382684,321.675329128344,2025/4/13 12:15
1.2572729172652142,1.64,0.3827270827347857,0.3827270827347857,23.337017238502973,2025/4/13 12:30
0.7743191522949666,0.0,-0.7743191522949666,0.7743191522949666,774319152294.9666,2025/4/13 12:45
0.238287880588183,0.0,-0.238287880588183,0.238287880588183,238287880588.183,2025/4/13 13:00
0.238287880588183,0.0,-0.238287880588183,0.238287880588183,238287880588.183,2025/4/13 13:15
-0.2399923461733075,0.0,0.2399923461733075,0.2399923461733075,239992346173.3076,2025/4/13 13:30
0.4894329931345438,0.0,-0.4894329931345438,0.4894329931345438,489432993134.5438,2025/4/13 13:45
1.2427972989882503,0.0,-1.2427972989882503,1.2427972989882503,1242797298988.2502,2025/4/13 14:00
1.5048292799355132,0.0,-1.5048292799355132,1.5048292799355132,1504829279935.5132,2025/4/13 14:15
1.693148688656165,0.0,-1.693148688656165,1.693148688656165,1693148688656.165,2025/4/13 14:30
2.323805528929479,0.0,-2.323805528929479,2.323805528929479,2323805528929.479,2025/4/13 14:45
0.4331060300367033,0.25,-0.1831060300367033,0.1831060300367033,73.24241198538436,2025/4/13 15:00
2.2665747306030872,2.35,0.0834252693969128,0.0834252693969128,3.5500114635473548,2025/4/13 15:15
4.38087511493123,2.99,-1.3908751149312302,1.3908751149312302,46.517562370726175,2025/4/13 15:30
4.514914218018372,3.13,-1.3849142180183716,1.3849142180183716,44.24646063815096,2025/4/13 15:45
5.665369969844448,3.75,-1.9153699698444475,1.9153699698444475,51.076532527823225,2025/4/13 16:00
11.72331815418847,8.71,-3.01331815418847,3.01331815418847,34.596075248609345,2025/4/13 16:15
15.653863001089944,13.79,-1.8638630010899464,1.8638630010899464,13.51604786857455,2025/4/13 16:30
21.302199262561334,12.83,-8.472199262561338,8.472199262561338,66.03428887369684,2025/4/13 16:45
26.817559831410843,10.64,-16.177559831410843,16.177559831410843,152.0447352561917,2025/4/13 17:00
26.66115020855153,8.54,-18.12115020855153,18.12115020855153,212.19145443020304,2025/4/13 17:15
28.3440739040022,7.31,-21.0340739040022,21.0340739040022,287.7438290521814,2025/4/13 17:30
34.8782074353709,10.79,-24.088207435370904,24.088207435370904,223.2456666834816,2025/4/13 17:45
43.723389668223305,16.67,-27.053389668223303,27.053389668223303,162.28788043227965,2025/4/13 18:00
51.40224743834055,16.8,-34.602247438340555,34.602247438340555,205.96575856032496,2025/4/13 18:15
65.60950582226022,20.05,-45.55950582226022,45.55950582226022,227.22945547148623,2025/4/13 18:30
74.71816847873198,26.65,-48.068168478731984,48.068168478731984,180.3683620208316,2025/4/13 18:45
85.35282037515306,37.56,-47.792820375153056,47.792820375153056,127.24393071093132,2025/4/13 19:00
100.51900922922444,48.38,-52.13900922922444,52.13900922922444,107.76975863810804,2025/4/13 19:15
110.78395362274506,55.35,-55.43395362274506,55.43395362274506,100.15167772835574,2025/4/13 19:30
116.46382909587344,57.83,-58.63382909587345,58.63382909587345,101.3899863319593,2025/4/13 19:45
120.8537348968719,68.52,-52.3337348968719,52.3337348968719,76.37731304260876,2025/4/13 20:00
120.30955099267231,93.31,-26.99955099267233,26.99955099267233,28.935324180305848,2025/4/13 20:15
116.6029087685894,124.21,7.607091231410607,7.607091231410607,6.124379060787765,2025/4/13 20:30
115.47997619482136,129.69,14.210023805178636,14.210023805178636,10.956915571877309,2025/4/13 20:45
124.1026226015479,122.52,-1.5826226015479108,1.5826226015479108,1.2917259235607403,2025/4/13 21:00
126.7232664839554,127.95,1.2267335160446038,1.2267335160446038,0.9587600750634192,2025/4/13 21:15
123.07126078434943,130.36,7.288739215650565,7.288739215650565,5.591239042378778,2025/4/13 21:30
132.17563894774406,120.31,-11.86563894774406,11.86563894774406,9.862554191450585,2025/4/13 21:45
142.91424155047915,109.54,-33.37424155047914,33.37424155047914,30.467629679065794,2025/4/13 22:00
141.42349611950075,108.39,-33.033496119500754,33.033496119500754,30.47651639401262,2025/4/13 22:15
140.4321558095276,110.06,-30.37215580952761,30.37215580952761,27.595998373160107,2025/4/13 22:30
142.64441673846673,108.83,-33.81441673846673,33.81441673846673,31.07085981662745,2025/4/13 22:45
144.20170620190737,97.1,-47.101706201907376,47.101706201907376,48.50845128924704,2025/4/13 23:00
146.24314422014535,74.12,-72.12314422014535,72.12314422014535,97.3059150297464,2025/4/13 23:15
132.10348458260697,67.81,-64.29348458260696,64.29348458260696,94.81416396182296,2025/4/13 23:30
125.64181698413324,70.64,-55.00181698413324,55.00181698413324,77.86214182340795,2025/4/13 23:45
127.23900567772267,63.15,-64.08900567772267,64.08900567772267,101.48694485767408,2025/4/14 0:00
121.2991417741358,41.56,-79.7391417741358,79.7391417741358,191.8651149517419,2025/4/14 0:15
115.24844219666464,26.04,-89.20844219666463,89.20844219666463,342.5823433038482,2025/4/14 0:30
103.1589073473652,25.89,-77.26890734736519,77.26890734736519,298.4507815645684,2025/4/14 0:45
89.1917744879067,38.52,-50.671774487906696,50.671774487906696,131.54666274084929,2025/4/14 1:00
78.7214765558988,41.35,-37.3714765558988,37.3714765558988,90.3784197238414,2025/4/14 1:15
67.92709527596165,27.37,-40.55709527596164,40.55709527596164,148.1808376902209,2025/4/14 1:30
67.63874290368346,9.44,-58.19874290368347,58.19874290368347,616.5121070240143,2025/4/14 1:45
68.61885896391138,2.7,-65.91885896391138,65.91885896391138,2441.439220795183,2025/4/14 2:00
61.623994552321086,0.0,-61.623994552321086,61.623994552321086,61623994552321.08,2025/4/14 2:15
59.51812310402463,0.0,-59.51812310402463,59.51812310402463,59518123104024.63,2025/4/14 2:30
57.392872190556496,0.0,-57.392872190556496,57.392872190556496,57392872190556.49,2025/4/14 2:45
45.45697451229302,0.0,-45.45697451229302,45.45697451229302,45456974512293.02,2025/4/14 3:00
42.35213187552465,0.2,-42.152131875524645,42.152131875524645,21076.06592722429,2025/4/14 3:15
36.86086394561551,5.24,-31.62086394561551,31.62086394561551,603.4516020040469,2025/4/14 3:30
27.08687755505188,10.07,-17.01687755505188,17.01687755505188,168.9858744278341,2025/4/14 3:45
22.745948291812137,10.84,-11.905948291812138,11.905948291812138,109.833471325667,2025/4/14 4:00
17.978638738392533,9.39,-8.588638738392532,8.588638738392532,91.46580125986226,2025/4/14 4:15
14.718529640518444,12.98,-1.7385296405184434,1.7385296405184434,13.39391094379853,2025/4/14 4:30
15.266737954319858,17.8,2.533262045680143,2.533262045680143,14.231809245314109,2025/4/14 4:45
13.989015355817877,21.24,7.250984644182122,7.250984644182122,34.13834578224098,2025/4/14 5:00
12.784339576581118,16.73,3.9456604234188815,3.9456604234188815,23.584342040617443,2025/4/14 5:15
12.125616903167046,18.65,6.524383096832953,6.524383096832953,34.98328738229475,2025/4/14 5:30
11.41051527010598,20.73,9.319484729894022,9.319484729894022,44.95651099782473,2025/4/14 5:45
11.41051527010598,19.68,8.269484729894021,8.269484729894021,42.019739480955295,2025/4/14 6:00
10.319897106945252,16.44,6.120102893054749,6.120102893054749,37.22690324219904,2025/4/14 6:15
10.046829953531835,15.0,4.9531700464681645,4.9531700464681645,33.02113364290096,2025/4/14 6:30
10.046829953531835,16.27,6.223170046468164,6.223170046468164,38.24935492581386,2025/4/14 6:45
9.803328227380408,17.87,8.066671772619593,8.066671772619593,45.140860506852,2025/4/14 7:00
10.53028737446054,16.21,5.679712625539462,5.679712625539462,35.0383258821988,2025/4/14 7:15
9.352658114033703,11.98,2.627341885966296,2.627341885966296,21.93106749536197,2025/4/14 7:30
9.062949211374306,7.63,-1.4329492113743063,1.4329492113743063,18.78046148565565,2025/4/14 7:45
9.124636621988964,10.83,1.705363378011036,1.705363378011036,15.746660923317538,2025/4/14 8:00
8.895451095155892,14.4,5.504548904844109,5.504548904844109,38.22603406115197,2025/4/14 8:15
9.185983474772764,15.55,6.364016525227237,6.364016525227237,40.92615128737177,2025/4/14 8:30
8.2150126454689,13.68,5.4649873545311,5.4649873545311,39.94873797142655,2025/4/14 8:45
8.713985770337212,6.14,-2.573985770337212,2.573985770337212,41.921592350086165,2025/4/14 9:00
7.300100742585934,1.35,-5.950100742585933,5.950100742585933,440.7482031218655,2025/4/14 9:15
7.3982749624089745,0.0,-7.3982749624089745,7.3982749624089745,7398274962408.974,2025/4/14 9:30
7.940596334109977,0.0,-7.940596334109977,7.940596334109977,7940596334109.977,2025/4/14 9:45
7.981450765385762,0.0,-7.981450765385762,7.981450765385762,7981450765385.762,2025/4/14 10:00
7.22139402022187,0.0,-7.22139402022187,7.22139402022187,7221394020221.869,2025/4/14 10:15
7.603956920377657,0.0,-7.603956920377657,7.603956920377657,7603956920377.656,2025/4/14 10:30
7.603956920377657,0.0,-7.603956920377657,7.603956920377657,7603956920377.656,2025/4/14 10:45
5.556255971126149,0.0,-5.556255971126149,5.556255971126149,5556255971126.149,2025/4/14 11:00
5.351147394253288,0.0,-5.351147394253288,5.351147394253288,5351147394253.287,2025/4/14 11:15
6.173126199397539,0.0,-6.173126199397539,6.173126199397539,6173126199397.539,2025/4/14 11:30
6.173126199397539,0.0,-6.173126199397539,6.173126199397539,6173126199397.539,2025/4/14 11:45
5.427040086437872,0.0,-5.427040086437872,5.427040086437872,5427040086437.871,2025/4/14 12:00
5.22767753428577,0.0,-5.22767753428577,5.22767753428577,5227677534285.77,2025/4/14 12:15
5.379993801260585,0.0,-5.379993801260585,5.379993801260585,5379993801260.584,2025/4/14 12:30
6.202958865692385,0.0,-6.202958865692385,6.202958865692385,6202958865692.385,2025/4/14 12:45
6.1944609000270985,0.23,-5.964460900027098,5.964460900027098,2593.2438684495014,2025/4/14 13:00
6.700587238882841,0.86,-5.840587238882841,5.840587238882841,679.138050953919,2025/4/14 13:15
7.812754878616921,1.09,-6.722754878616922,6.722754878616922,616.7665025688216,2025/4/14 13:30
8.057588204048862,3.27,-4.787588204048863,4.787588204048863,146.4094251957937,2025/4/14 13:45
13.240560615785167,4.75,-8.490560615785167,8.490560615785167,178.7486445390825,2025/4/14 14:00
16.91809095403019,3.66,-13.258090954030193,13.258090954030193,362.2429222313647,2025/4/14 14:15
18.244798305424847,2.98,-15.264798305424849,15.264798305424849,512.2415538561277,2025/4/14 14:30
17.35431938176865,5.85,-11.504319381768653,11.504319381768653,196.65503216362387,2025/4/14 14:45
17.530161487148856,7.68,-9.850161487148856,9.850161487148856,128.25731102891405,2025/4/14 15:00
15.450809344090173,6.57,-8.880809344090173,8.880809344090173,135.17213613325725,2025/4/14 15:15
19.052096614137017,3.97,-15.082096614137017,15.082096614137017,379.9016779283908,2025/4/14 15:30
22.64289828925013,2.92,-19.72289828925013,19.72289828925013,675.441722211462,2025/4/14 15:45
32.77784720701837,3.1,-29.677847207018367,29.677847207018367,957.349909872936,2025/4/14 16:00
39.91528553522601,5.77,-34.14528553522601,34.14528553522601,591.7727129052728,2025/4/14 16:15
46.80830417937671,8.3,-38.50830417937671,38.50830417937671,463.9554720350934,2025/4/14 16:30
51.31311131285596,10.63,-40.68311131285596,40.68311131285596,382.7197677560981,2025/4/14 16:45
63.865644407130205,10.32,-53.545644407130204,53.545644407130204,518.8531434749162,2025/4/14 17:00
66.38183485284415,10.67,-55.71183485284415,55.71183485284415,522.1352844641239,2025/4/14 17:15
70.59401398447658,10.64,-59.954013984476575,59.954013984476575,563.4775750367771,2025/4/14 17:30
74.48250379866111,14.19,-60.29250379866112,60.29250379866112,424.89431852174926,2025/4/14 17:45
75.4588085491111,18.1,-57.358808549111096,57.358808549111096,316.89949474471933,2025/4/14 18:00
78.25797421186552,53.39,-24.86797421186552,24.86797421186552,46.57796256193845,2025/4/14 18:15
77.54088076843507,74.84,-2.70088076843507,2.70088076843507,3.608873287588804,2025/4/14 18:30
89.34532941258912,90.11,0.7646705874108761,0.7646705874108761,0.8485968121296499,2025/4/14 18:45
84.82273683847328,86.54,1.7172631615267306,1.7172631615267306,1.9843577091804323,2025/4/14 19:00
92.81445000351536,86.41,-6.40445000351535,6.40445000351535,7.411700038777848,2025/4/14 19:15
89.46520310737739,103.29,13.824796892622617,13.824796892622617,13.384448535782,2025/4/14 19:30
91.31996747087678,117.43,26.11003252912323,26.11003252912323,22.234550395215017,2025/4/14 19:45
86.860847999165,115.77,28.909152000834997,28.909152000834997,24.971194610702277,2025/4/14 20:00
87.8775772554234,109.57,21.69242274457659,21.69242274457659,19.797775617921687,2025/4/14 20:15
90.34064156000392,98.62,8.279358439996074,8.279358439996074,8.395212370703385,2025/4/14 20:30
88.85279928871255,88.65,-0.2027992887125407,0.2027992887125407,0.2287640030595735,2025/4/14 20:45
103.63079209604756,94.88,-8.750792096047562,8.750792096047562,9.22301021926469,2025/4/14 21:00
103.78042404799702,89.45,-14.330424047997012,14.330424047997012,16.020597035193955,2025/4/14 21:15
98.69084409920806,102.08,3.389155900791934,3.389155900791934,3.3200978651926074,2025/4/14 21:30
89.57210281798818,99.17,9.59789718201182,9.59789718201182,9.678226461633702,2025/4/14 21:45
90.66721359169529,86.99,-3.677213591695292,3.677213591695292,4.227168170699006,2025/4/14 22:00
86.5915467217243,84.81,-1.7815467217242968,1.7815467217242968,2.100632851930428,2025/4/14 22:15
83.9416936618615,77.56,-6.3816936618615046,6.3816936618615046,8.228073313374518,2025/4/14 22:30
79.85056950669458,81.98,2.1294304933054207,2.1294304933054207,2.5974999918307184,2025/4/14 22:45
90.57315690077284,84.41,-6.163156900772833,6.163156900772833,7.3014535016769715,2025/4/14 23:00
88.55810306210094,74.28,-14.27810306210094,14.27810306210094,19.222001968338336,2025/4/14 23:15
89.615896710114,70.65,-18.965896710113995,18.965896710113995,26.844864416259234,2025/4/14 23:30
86.48570486841295,68.6,-17.885704868412958,17.885704868412958,26.072456076365725,2025/4/14 23:45
90.92020921806817,62.78,-28.140209218068165,28.140209218068165,44.82352535524584,2025/4/15 0:00
86.98569336295299,53.83,-33.15569336295299,33.15569336295299,61.59333710364368,2025/4/15 0:15
83.92832519246282,43.65,-40.27832519246282,40.27832519246282,92.2756590890505,2025/4/15 0:30
80.72611812366785,35.48,-45.24611812366785,45.24611812366785,127.52569933354094,2025/4/15 0:45
80.19756391122488,32.1,-48.09756391122488,48.09756391122488,149.83664769805307,2025/4/15 1:00
74.68798230801707,24.36,-50.32798230801707,50.32798230801707,206.60091259363904,2025/4/15 1:15
68.18462592079307,22.83,-45.35462592079307,45.35462592079307,198.66240000260365,2025/4/15 1:30
63.9177507882201,18.1,-45.8177507882201,45.8177507882201,253.13674468490035,2025/4/15 1:45
50.512596480094615,16.03,-34.482596480094614,34.482596480094614,215.1128913280069,2025/4/15 2:00
46.80463730874481,12.89,-33.91463730874481,33.91463730874481,263.1081249688262,2025/4/15 2:15
44.35005147107624,11.56,-32.79005147107623,32.79005147107623,283.65096428021263,2025/4/15 2:30
43.07411800810449,8.35,-34.72411800810449,34.72411800810449,415.8577006908818,2025/4/15 2:45
41.66419027545235,6.08,-35.58419027545235,35.58419027545235,585.266287415577,2025/4/15 3:00
43.57103008322623,3.78,-39.79103008322623,39.79103008322623,1052.672753496655,2025/4/15 3:15
45.97959478856273,8.2,-37.77959478856273,37.77959478856273,460.7267657085611,2025/4/15 3:30
42.24954863746672,12.16,-30.08954863746672,30.08954863746672,247.44694602976372,2025/4/15 3:45
41.17218486283844,12.53,-28.642184862838437,28.642184862838437,228.58886562338267,2025/4/15 4:00
39.31397911423531,13.4,-25.91397911423531,25.91397911423531,193.38790383613372,2025/4/15 4:15
32.6834274469988,20.14,-12.543427446998798,12.543427446998798,62.281169051323324,2025/4/15 4:30
33.11472752416115,22.2,-10.914727524161147,10.914727524161147,49.165439297801726,2025/4/15 4:45
24.54364757857043,22.53,-2.013647578570428,2.013647578570428,8.937627956331514,2025/4/15 5:00
21.24675180661036,21.22,-0.0267518066103633,0.0267518066103633,0.1260688341669995,2025/4/15 5:15
19.777440451783832,20.41,0.6325595482161681,0.6325595482161681,3.0992628525873047,2025/4/15 5:30
20.881709830036435,22.87,1.988290169963566,1.988290169963566,8.693879186510154,2025/4/15 5:45
20.476354982873534,25.69,5.213645017126463,5.213645017126463,20.29445316117621,2025/4/15 6:00
20.44890400044561,26.5,6.051095999554391,6.051095999554391,22.834324526534186,2025/4/15 6:15
17.105136810133068,23.02,5.914863189866932,5.914863189866932,25.69445347454925,2025/4/15 6:30
15.013023625873789,27.21,12.196976374126214,12.196976374126214,44.82534499846155,2025/4/15 6:45
14.551038067032447,36.07,21.518961932967557,21.518961932967557,59.65889085918462,2025/4/15 7:00
14.90079133372616,35.71,20.80920866627384,20.80920866627384,58.272776998643415,2025/4/15 7:15
13.389019116604338,34.77,21.380980883395665,21.380980883395665,61.49261111111352,2025/4/15 7:30
13.389019116604338,30.82,17.430980883395662,17.430980883395662,56.55736821330015,2025/4/15 7:45
18.3747707393918,24.33,5.955229260608199,5.955229260608199,24.47689790622163,2025/4/15 8:00
16.66125829055796,24.82,8.15874170944204,8.15874170944204,32.871642664823405,2025/4/15 8:15
14.939053800806718,33.11,18.17094619919328,18.17094619919328,54.880538203377824,2025/4/15 8:30
13.688285780804057,38.55,24.86171421919594,24.86171421919594,64.49212508205304,2025/4/15 8:45
11.69738168856004,35.18,23.48261831143996,23.48261831143996,66.7499099243127,2025/4/15 9:00
14.7975546285704,37.64,22.8424453714296,22.8424453714296,60.68662425974737,2025/4/15 9:15
12.055576135765303,38.09,26.034423864234697,26.034423864234697,68.34976073553779,2025/4/15 9:30
10.374337082848408,31.17,20.7956629171516,20.7956629171516,66.71691664127327,2025/4/15 9:45
9.431076604172707,26.36,16.92892339582729,16.92892339582729,64.22201591715884,2025/4/15 10:00
7.430750461637299,29.01,21.579249538362703,21.579249538362703,74.3855551130242,2025/4/15 10:15
8.455965179819541,25.95,17.49403482018046,17.49403482018046,67.41439237037783,2025/4/15 10:30
10.284293971791186,24.68,14.395706028208814,14.395706028208814,58.32944095684962,2025/4/15 10:45
12.286196349014824,32.77,20.48380365098518,20.48380365098518,62.50779264852814,2025/4/15 11:00
13.340789529017764,46.96,33.61921047098224,33.61921047098224,71.59116369444345,2025/4/15 11:15
10.950421688145918,47.21,36.259578311854085,36.259578311854085,76.80486827319906,2025/4/15 11:30
11.338094091290138,48.28,36.94190590870986,36.94190590870986,76.51596087123725,2025/4/15 11:45
14.325537524777776,57.45,43.124462475222224,43.124462475222224,75.06433851200549,2025/4/15 12:00
17.18841108032722,65.54,48.35158891967279,48.35158891967279,73.7741667982896,2025/4/15 12:15
24.54637024137489,57.56,33.01362975862511,33.01362975862511,57.355159413773016,2025/4/15 12:30
25.632153416032608,53.75,28.117846583967392,28.117846583967392,52.31227271426061,2025/4/15 12:45
33.33814753002012,47.26,13.921852469979882,13.921852469979882,29.45800353353877,2025/4/15 13:00
40.902896966771166,52.3,11.39710303322883,11.39710303322883,21.791784002307917,2025/4/15 13:15
45.28329015711456,55.01,9.726709842885434,9.726709842885434,17.681712130281316,2025/4/15 13:30
49.12200290085729,61.78,12.657997099142712,12.657997099142712,20.4888266415057,2025/4/15 13:45
54.51064248114172,73.93,19.41935751885829,19.41935751885829,26.26722239798732,2025/4/15 14:00
64.29163380563404,73.84,9.548366194365968,9.548366194365968,12.93115681792123,2025/4/15 14:15
78.21829840334637,76.68,-1.53829840334636,1.53829840334636,2.006127286573232,2025/4/15 14:30
94.95006535986388,77.38,-17.570065359863875,17.570065359863875,22.706210079918804,2025/4/15 14:45
112.22296069286728,70.77,-41.45296069286729,41.45296069286729,58.57419908550053,2025/4/15 15:00
101.47609603158476,75.62,-25.85609603158474,25.85609603158474,34.19213968731889,2025/4/15 15:15
110.23906053195374,81.83,-28.40906053195374,28.40906053195374,34.717170392177714,2025/4/15 15:30
113.80824827258029,98.17,-15.638248272580284,15.638248272580284,15.929762934261335,2025/4/15 15:45
122.57380920490428,90.89,-31.68380920490428,31.68380920490428,34.8595106225871,2025/4/15 16:00
111.1647118209388,95.73,-15.434711820938787,15.434711820938787,16.12317123255266,2025/4/15 16:15
117.1853729124821,110.42,-6.765372912482093,6.765372912482093,6.126945220499878,2025/4/15 16:30
118.16192656452468,120.1,1.9380734354753173,1.9380734354753173,1.613716432534308,2025/4/15 16:45
124.84739727111445,121.89,-2.9573972711144307,2.9573972711144307,2.426283756757736,2025/4/15 17:00
126.91679268065124,174.9,47.983207319348764,47.983207319348764,27.434652555358102,2025/4/15 17:15
132.20246291543066,176.45,44.24753708456933,44.24753708456933,25.07652994306844,2025/4/15 17:30
141.80305233250644,156.9,15.096947667493566,15.096947667493566,9.622018908530238,2025/4/15 17:45
145.5104958821649,155.76,10.249504117835102,10.249504117835102,6.580318514271008,2025/4/15 18:00
138.33103500005447,167.76,29.42896499994552,29.42896499994552,17.542301502102994,2025/4/15 18:15
148.63483984604443,184.6,35.965160153955566,35.965160153955566,19.48275197938033,2025/4/15 18:30
170.6759665147984,185.01,14.334033485201587,14.334033485201587,7.747707413217578,2025/4/15 18:45
180.57887547279572,178.76,-1.818875472795753,1.818875472795753,1.0174957892116443,2025/4/15 19:00
184.7815908880131,199.18,14.398409111986894,14.398409111986894,7.228842811517053,2025/4/15 19:15
184.90985259530285,178.19,-6.719852595302854,6.719852595302854,3.7711726782081394,2025/4/15 19:30
195.16093691897385,165.41,-29.75093691897385,29.75093691897385,17.98617793298825,2025/4/15 19:45
198.97636087012245,153.32,-45.656360870122455,45.656360870122455,29.778476956752336,2025/4/15 20:00
202.586468552248,159.14,-43.44646855224804,43.44646855224804,27.30078456215957,2025/4/15 20:15
207.0686726983175,160.98,-46.08867269831751,46.08867269831751,28.630061310901283,2025/4/15 20:30
209.2918172218883,161.69,-47.6018172218883,47.6018172218883,29.440173926562476,2025/4/15 20:45
209.988789549808,169.97,-40.01878954980802,40.01878954980802,23.544619373880376,2025/4/15 21:00
208.1927095790992,174.55,-33.64270957909915,33.64270957909915,19.273967103454524,2025/4/15 21:15
209.14053478758365,103.78,-105.36053478758365,105.36053478758365,101.52296664818088,2025/4/15 21:30
202.5888807703045,134.7,-67.88888077030455,67.88888077030455,50.40005996306917,2025/4/15 21:45
203.01249361742188,159.77,-43.24249361742187,43.24249361742187,27.06546511697741,2025/4/15 22:00
204.54740916744805,185.24,-19.307409167448043,19.307409167448043,10.42291576734918,2025/4/15 22:15
204.6506029836472,198.48,-6.170602983647228,6.170602983647228,3.108929354919448,2025/4/15 22:30
207.1923922637268,197.91,-9.282392263726791,9.282392263726791,4.690208813967006,2025/4/15 22:45
211.85570618777717,198.46,-13.395706187777137,13.395706187777137,6.749826759936706,2025/4/15 23:00
215.57747039089855,225.34,9.76252960910142,9.76252960910142,4.332355378138408,2025/4/15 23:15
218.0909213718234,213.22,-4.870921371823414,4.870921371823414,2.284458011359689,2025/4/15 23:30
223.9640710011504,213.32,-10.644071001150394,10.644071001150394,4.989720139295615,2025/4/15 23:45
220.1524017731432,213.05,-7.102401773143157,7.102401773143157,3.333678372748098,2025/4/16 0:00
229.80424003267456,213.17,-16.63424003267457,16.63424003267457,7.803274397272959,2025/4/16 0:15
242.3991324549173,220.84,-21.55913245491726,21.55913245491726,9.762331305428138,2025/4/16 0:30
240.6779137558856,239.57,-1.1079137558855905,1.1079137558855905,0.4624593045394365,2025/4/16 0:45
241.15537398901864,238.81,-2.34537398901864,2.34537398901864,0.9821087848154004,2025/4/16 1:00
234.6345175207344,240.71,6.075482479265588,6.075482479265588,2.5239842462976463,2025/4/16 1:15
231.5379213980024,240.87,9.33207860199758,9.33207860199758,3.874321668117119,2025/4/16 1:30
232.00548126058797,240.9,8.894518739412064,8.894518739412064,3.6922037108378474,2025/4/16 1:45
232.49061866309907,240.65,8.159381336900935,8.159381336900935,3.390559458507187,2025/4/16 2:00
233.28006260132912,240.1,6.819937398670874,6.819937398670874,2.8404570590037626,2025/4/16 2:15
231.0764961627853,239.63,8.553503837214691,8.553503837214691,3.569462854071328,2025/4/16 2:30
233.74082453411592,237.67,3.929175465884072,3.929175465884072,1.6532063221619973,2025/4/16 2:45
230.67491787465164,234.65,3.975082125348365,3.975082125348365,1.694047357914627,2025/4/16 3:00
230.1403348027043,228.93,-1.2103348027042955,1.2103348027042955,0.5286920904659794,2025/4/16 3:15
224.78076219933885,225.36,0.5792378006611614,0.5792378006611614,0.2570277780710438,2025/4/16 3:30
222.94117297760263,204.61,-18.331172977602648,18.331172977602648,8.959079701673275,2025/4/16 3:45
224.6276303664519,199.79,-24.83763036645192,24.83763036645192,12.431868645297309,2025/4/16 4:00
225.08323201971203,172.07,-53.01323201971204,53.01323201971204,30.809107932632784,2025/4/16 4:15
229.9958937280357,171.87,-58.12589372803569,58.12589372803569,33.81968565078366,2025/4/16 4:30
230.46018710081432,181.58,-48.88018710081431,48.88018710081431,26.919367276565364,2025/4/16 4:45
229.9131397473253,185.91,-44.00313974732532,44.00313974732532,23.669054783121755,2025/4/16 5:00
229.2460444519974,205.28,-23.96604445199739,23.96604445199739,11.674807312931469,2025/4/16 5:15
226.08671346314225,190.15,-35.93671346314224,35.93671346314224,18.89913934426681,2025/4/16 5:30
221.8684175654541,172.64,-49.22841756545412,49.22841756545412,28.51507041556164,2025/4/16 5:45
223.98426410626797,166.06,-57.92426410626794,57.92426410626794,34.88152722283095,2025/4/16 6:00
222.2086532981461,169.12,-53.088653298146085,53.088653298146085,31.39111476946233,2025/4/16 6:15
221.1925160375635,151.64,-69.55251603756352,69.55251603756352,45.86686628694122,2025/4/16 6:30
215.12781964605136,161.37,-53.75781964605136,53.75781964605136,33.31339136519678,2025/4/16 6:45
212.211709105059,158.15,-54.06170910505898,54.06170910505898,34.18381859312349,2025/4/16 7:00
211.76389874346447,150.72,-61.04389874346447,61.04389874346447,40.50152517477705,2025/4/16 7:15
210.65423158386852,154.97,-55.68423158386855,55.68423158386855,35.93226533124645,2025/4/16 7:30
207.1726351391436,149.66,-57.51263513914361,57.51263513914361,38.428862180345575,2025/4/16 7:45
206.28705051349905,136.4,-69.88705051349905,69.88705051349905,51.23684055238109,2025/4/16 8:00
202.35675843883624,162.95,-39.40675843883625,39.40675843883625,24.1833436261504,2025/4/16 8:15
196.73851004986133,191.81,-4.92851004986133,4.92851004986133,2.5694750272972007,2025/4/16 8:30
197.06266077069748,194.49,-2.572660770697468,2.572660770697468,1.3227727753078022,2025/4/16 8:45
191.95759493496251,179.35,-12.607594934962547,12.607594934962547,7.029604089743809,2025/4/16 9:00
189.247483719327,189.28,0.0325162806730077,0.0325162806730077,0.0171789310402528,2025/4/16 9:15
186.4881675160919,198.41,11.921832483908103,11.921832483908103,6.008685290006601,2025/4/16 9:30
193.6191186062272,208.57,14.95088139377279,14.95088139377279,7.168279903037648,2025/4/16 9:45
194.2443760821436,222.08,27.835623917856424,27.835623917856424,12.534052556666015,2025/4/16 10:00
197.70496065935336,204.28,6.57503934064664,6.57503934064664,3.218640758098405,2025/4/16 10:15
200.4525188336201,203.71,3.257481166379904,3.257481166379904,1.599077692002506,2025/4/16 10:30
189.44567009052395,218.13,28.684329909476048,28.684329909476048,13.150107692414112,2025/4/16 10:45
197.37714291485517,214.34,16.96285708514486,16.96285708514486,7.913995094306685,2025/4/16 11:00
189.27991995346605,201.25,11.970080046533951,11.970080046533951,5.947865861628822,2025/4/16 11:15
194.59696970842623,207.83,13.233030291573783,13.233030291573783,6.3672377864444085,2025/4/16 11:30
211.7463750739056,223.52,11.773624926094412,11.773624926094412,5.267369777241028,2025/4/16 11:45
222.5311879797096,233.08,10.548812020290429,10.548812020290429,4.525833199024327,2025/4/16 12:00
237.06054352383669,248.25,11.189456476163317,11.189456476163317,4.507333927959238,2025/4/16 12:15
239.1199871901878,247.0,7.8800128098122,7.8800128098122,3.19028858696721,2025/4/16 12:30
240.4513533725018,252.98,12.528646627498176,12.528646627498176,4.95242573622153,2025/4/16 12:45
242.13187071620203,258.11,15.978129283797983,15.978129283797983,6.190434033470921,2025/4/16 13:00
239.16125031978163,273.33,34.168749680218355,34.168749680218355,12.50091452830127,2025/4/16 13:15
248.13886610511628,301.08,52.941133894883706,52.941133894883706,17.58374315625951,2025/4/16 13:30
256.8725539604722,315.93,59.05744603952781,59.05744603952781,18.69320610246229,2025/4/16 13:45
267.46741964901094,319.31,51.84258035098907,51.84258035098907,16.23581483541788,2025/4/16 14:00
279.2360548232237,316.62,37.38394517677631,37.38394517677631,11.807196379497348,2025/4/16 14:15
274.6262850019099,285.14,10.513714998090109,10.513714998090109,3.687211544534762,2025/4/16 14:30
277.70344228471345,283.7,5.996557715286542,5.996557715286542,2.113696762525354,2025/4/16 14:45
278.7579191214764,268.04,-10.71791912147637,10.71791912147637,3.9986267428265823,2025/4/16 15:00
280.658916226406,193.42,-87.23891622640602,87.23891622640602,45.10335861149877,2025/4/16 15:15
282.70284224638016,139.47,-143.23284224638016,143.23284224638016,102.69795816037676,2025/4/16 15:30
287.8363822830441,130.28,-157.5563822830441,157.5563822830441,120.9367380126828,2025/4/16 15:45
287.0031653316077,100.93,-186.0731653316077,186.0731653316077,184.358630071756,2025/4/16 16:00
288.2319978108169,98.0,-190.23199781081692,190.23199781081692,194.11428348022736,2025/4/16 16:15
284.99318234624,100.55,-184.44318234624,184.44318234624,183.4342937305386,2025/4/16 16:30
285.0452180732386,148.7,-136.34521807323858,136.34521807323858,91.69147146815529,2025/4/16 16:45
282.3338368526599,148.12,-134.21383685265988,134.21383685265988,90.61155607113778,2025/4/16 17:00
281.3929693798735,148.75,-132.64296937987348,132.64296937987348,89.17174412086341,2025/4/16 17:15
280.7960402891219,188.68,-92.11604028912188,92.11604028912188,48.82130606798445,2025/4/16 17:30
280.5697840716357,199.69,-80.8797840716357,80.8797840716357,40.502671176120586,2025/4/16 17:45
284.57161813801304,200.66,-83.91161813801304,83.91161813801304,41.81781029501207,2025/4/16 18:00
283.8461669120667,219.45,-64.39616691206669,64.39616691206669,29.344345824578426,2025/4/16 18:15
284.65040914920894,278.95,-5.700409149208952,5.700409149208952,2.043523624021118,2025/4/16 18:30
285.5987769990269,253.35,-32.24877699902689,32.24877699902689,12.728942963889544,2025/4/16 18:45
286.57350347236667,224.99,-61.58350347236666,61.58350347236666,27.37166250603995,2025/4/16 19:00
285.1063484482152,225.18,-59.92634844821521,59.92634844821521,26.612642529615684,2025/4/16 19:15
286.227110322321,202.92,-83.307110322321,83.307110322321,41.05416436146262,2025/4/16 19:30
283.6575435072155,175.66,-107.99754350721552,107.99754350721552,61.48101076349427,2025/4/16 19:45
284.4687286483817,160.06,-124.40872864838173,124.40872864838173,77.72630803967513,2025/4/16 20:00
281.21207071886414,213.45,-67.76207071886415,67.76207071886415,31.746109495822168,2025/4/16 20:15
283.76584853206066,208.17,-75.59584853206067,75.59584853206067,36.314477846002966,2025/4/16 20:30
280.15886480141074,131.24,-148.9188648014107,148.9188648014107,113.47063761147308,2025/4/16 20:45
271.5848307133005,111.11,-160.4748307133005,160.4748307133005,144.42879192975974,2025/4/16 21:00
262.17355793102115,119.61,-142.56355793102114,142.56355793102114,119.19033352637902,2025/4/16 21:15
251.0566420223313,100.01,-151.0466420223313,151.0466420223313,151.03153886829344,2025/4/16 21:30
246.24409090356465,99.86,-146.38409090356464,146.38409090356464,146.5893159457421,2025/4/16 21:45
239.17617309064644,145.01,-94.16617309064644,94.16617309064644,64.93770987558204,2025/4/16 22:00
244.9257921050297,121.93,-122.9957921050297,122.9957921050297,100.87410161972346,2025/4/16 22:15
242.70863724983687,121.72,-120.98863724983688,120.98863724983688,99.39914332052044,2025/4/16 22:30
237.8194304690388,121.92,-115.89943046903882,115.89943046903882,95.06186882295256,2025/4/16 22:45
248.04496441002925,121.55,-126.49496441002924,126.49496441002924,104.06825537632676,2025/4/16 23:00
250.9562117631361,121.66,-129.29621176313614,129.29621176313614,106.27668236316774,2025/4/16 23:15
263.7337425603504,121.36,-142.37374256035037,142.37374256035037,117.3152130522685,2025/4/16 23:30
269.2593818193848,121.12,-148.13938181938482,148.13938181938482,122.30794403836072,2025/4/16 23:45
